ts,topic,type,ticker,price,qty,agent,rule,label,buy_agent,sell_agent,previous_delta,current_delta,agent_name
2026-04-12T21:29:17.565Z,market,trade,TESTE,99999.41580390713,70,,,,JPM,JPM,,,
2026-04-12T21:29:17.716Z,market,trade,TESTE,100004.98197847808,150,,,,MS,ITAU,,,
2026-04-12T21:29:17.883Z,market,trade,TESTE,100001.43408824646,198,,,,CITI,MS,,,
2026-04-12T21:29:18.049Z,market,trade,TESTE,99992.08547109734,43,,,,CS,XP,,,
2026-04-12T21:29:18.215Z,market,trade,TESTE,99998.93018874133,98,,,,ITAU,BTG,,,
2026-04-12T21:29:18.371Z,market,trade,TESTE,99998.3854548776,179,,,,JPM,XP,,,
2026-04-12T21:29:18.533Z,market,trade,TESTE,99989.14450607335,196,,,,CITI,CITI,,,
2026-04-12T21:29:18.700Z,market,trade,TESTE,100000.38936604004,169,,,,ITAU,UBS,,,
2026-04-12T21:29:18.866Z,market,flow_inversion,,,,,,,,,0,136,BTG
2026-04-12T21:29:18.866Z,market,trade,TESTE,99985.95464564823,136,,,,BTG,GOLDM,,,
2026-04-12T21:29:19.017Z,market,trade,TESTE,99994.19475920018,157,,,,CITI,JPM,,,
2026-04-12T21:29:19.181Z,market,trade,TESTE,99981.44985597565,21,,,,ITAU,MS,,,
2026-04-12T21:29:19.340Z,market,flow_inversion,,,,,,,,,0,42,GOLDM
2026-04-12T21:29:19.340Z,market,trade,TESTE,99994.3724049288,42,,,,GOLDM,UBS,,,
2026-04-12T21:29:19.500Z,market,trade,TESTE,99993.63812916886,168,,,,MS,ITAU,,,
2026-04-12T21:29:19.651Z,market,trade,TESTE,99981.91417494889,115,,,,JPM,ITAU,,,
2026-04-12T21:29:19.816Z,market,trade,TESTE,99993.01414702987,136,,,,CITI,CS,,,
2026-04-12T21:29:19.982Z,market,trade,TESTE,99997.72193589577,85,,,,BTG,ITAU,,,
2026-04-12T21:29:20.133Z,market,trade,TESTE,99998.88985548593,64,,,,JPM,CITI,,,
2026-04-12T21:29:20.299Z,market,trade,TESTE,99993.01370817122,52,,,,JPM,GOLDM,,,
2026-04-12T21:29:20.453Z,market,trade,TESTE,99991.62601210216,181,,,,BTG,BARCL,,,
2026-04-12T21:29:20.616Z,market,trade,TESTE,100004.51768122523,16,,,,CITI,ITAU,,,
2026-04-12T21:29:20.766Z,market,trade,TESTE,100005.52736718766,118,,,,CITI,UBS,,,
2026-04-12T21:29:20.919Z,market,trade,TESTE,100008.49882001129,92,,,,XP,BARCL,,,
2026-04-12T21:29:21.083Z,market,trade,TESTE,100004.43852085146,79,,,,ITAU,BTG,,,
2026-04-12T21:29:21.249Z,market,flow_inversion,,,,,,,,,0,114,UBS
2026-04-12T21:29:21.249Z,market,trade,TESTE,99996.55660774212,114,,,,UBS,UBS,,,
2026-04-12T21:29:21.405Z,market,trade,TESTE,99998.24076171304,127,,,,JPM,ITAU,,,
2026-04-12T21:29:21.564Z,market,trade,TESTE,99998.90771533597,175,,,,ITAU,XP,,,
2026-04-12T21:29:21.716Z,market,trade,TESTE,100007.89269617909,11,,,,BARCL,ITAU,,,
2026-04-12T21:29:21.866Z,market,trade,TESTE,100001.69034892577,102,,,,BARCL,BARCL,,,
2026-04-12T21:29:22.020Z,market,trade,TESTE,100012.09819574052,16,,,,ITAU,ITAU,,,
2026-04-12T21:29:22.185Z,market,trade,TESTE,100008.27829124115,120,,,,GOLDM,XP,,,
2026-04-12T21:29:22.336Z,market,trade,TESTE,100009.4731590364,98,,,,MS,JPM,,,
2026-04-12T21:29:22.492Z,market,trade,TESTE,100002.94635457611,185,,,,ITAU,BARCL,,,
2026-04-12T21:29:22.649Z,market,trade,TESTE,100005.03747262032,137,,,,BARCL,JPM,,,
2026-04-12T21:29:22.800Z,market,trade,TESTE,100011.74743995437,196,,,,XP,XP,,,
2026-04-12T21:29:22.952Z,market,trade,TESTE,100009.10110150962,13,,,,XP,CS,,,
2026-04-12T21:29:23.118Z,market,trade,TESTE,100004.14524452762,170,,,,BARCL,CITI,,,
2026-04-12T21:29:23.268Z,market,trade,TESTE,99996.45854463457,178,,,,XP,BTG,,,
2026-04-12T21:29:23.420Z,market,trade,TESTE,99996.7216087295,32,,,,CS,BARCL,,,
2026-04-12T21:29:23.571Z,market,trade,TESTE,99995.31712126073,104,,,,BARCL,CS,,,
2026-04-12T21:29:23.722Z,market,trade,TESTE,100001.11354609916,97,,,,XP,MS,,,
2026-04-12T21:29:23.885Z,market,trade,TESTE,99999.58691124327,69,,,,JPM,BTG,,,
2026-04-12T21:29:24.049Z,market,trade,TESTE,99988.88128634689,133,,,,CITI,XP,,,
2026-04-12T21:29:24.214Z,market,trade,TESTE,99994.8075807274,159,,,,UBS,GOLDM,,,
2026-04-12T21:29:24.366Z,market,trade,TESTE,99989.09262112202,53,,,,JPM,BTG,,,
2026-04-12T21:29:24.517Z,market,trade,TESTE,99999.96159642424,195,,,,UBS,ITAU,,,
2026-04-12T21:29:24.668Z,market,trade,TESTE,99999.64089826946,197,,,,XP,CITI,,,
2026-04-12T21:29:24.819Z,market,trade,TESTE,99989.62963378709,157,,,,JPM,ITAU,,,
2026-04-12T21:29:24.971Z,market,trade,TESTE,99999.42244327035,164,,,,UBS,JPM,,,
2026-04-12T21:29:25.122Z,market,trade,TESTE,100000.48219969125,122,,,,BTG,CS,,,
2026-04-12T21:29:25.275Z,market,trade,TESTE,99991.6203720105,195,,,,BTG,MS,,,
2026-04-12T21:29:25.427Z,market,trade,TESTE,100001.00616096612,7,,,,MS,CS,,,
2026-04-12T21:29:25.582Z,market,trade,TESTE,100000.31065725483,10,,,,BARCL,CITI,,,
2026-04-12T21:29:25.736Z,market,trade,TESTE,99991.39327808279,114,,,,XP,UBS,,,
2026-04-12T21:29:25.887Z,market,trade,TESTE,99994.04962005495,44,,,,CITI,MS,,,
2026-04-12T21:29:26.038Z,market,trade,TESTE,99997.42512970624,5,,,,ITAU,MS,,,
2026-04-12T21:29:26.189Z,market,trade,TESTE,99994.0444096744,156,,,,CS,BARCL,,,
2026-04-12T21:29:26.342Z,market,trade,TESTE,99997.87181349214,18,,,,CITI,BARCL,,,
2026-04-12T21:29:26.493Z,market,trade,TESTE,100006.44830887808,75,,,,BTG,ITAU,,,
2026-04-12T21:29:26.648Z,market,trade,TESTE,99993.247267645,117,,,,BARCL,MS,,,
2026-04-12T21:29:26.803Z,market,trade,TESTE,99990.03282474725,154,,,,CITI,ITAU,,,
2026-04-12T21:29:26.965Z,market,trade,TESTE,99997.38868671774,62,,,,GOLDM,ITAU,,,
2026-04-12T21:29:27.117Z,market,trade,TESTE,99997.04398584984,140,,,,CITI,ITAU,,,
2026-04-12T21:29:27.270Z,market,trade,TESTE,99998.24330526416,141,,,,BARCL,ITAU,,,
2026-04-12T21:29:27.430Z,market,trade,TESTE,99990.19595156859,177,,,,ITAU,UBS,,,
2026-04-12T21:29:27.580Z,market,trade,TESTE,99994.33105566642,123,,,,JPM,UBS,,,
2026-04-12T21:29:27.731Z,market,trade,TESTE,99992.99967747649,143,,,,BARCL,CS,,,
2026-04-12T21:29:27.882Z,market,trade,TESTE,99993.72145274645,193,,,,ITAU,UBS,,,
2026-04-12T21:29:28.034Z,market,trade,TESTE,100004.77537602594,28,,,,BARCL,BTG,,,
2026-04-12T21:29:28.184Z,market,trade,TESTE,99997.95985127633,79,,,,GOLDM,UBS,,,
2026-04-12T21:29:28.335Z,market,trade,TESTE,99995.25858566095,13,,,,ITAU,JPM,,,
2026-04-12T21:29:28.502Z,market,trade,TESTE,100007.49360408739,105,,,,MS,CITI,,,
2026-04-12T21:29:28.666Z,market,trade,TESTE,99995.99766682394,154,,,,GOLDM,UBS,,,
2026-04-12T21:29:28.820Z,market,trade,TESTE,100001.01744552956,130,,,,BARCL,UBS,,,
2026-04-12T21:29:28.970Z,market,trade,TESTE,100003.05522794236,110,,,,ITAU,GOLDM,,,
2026-04-12T21:29:29.136Z,market,trade,TESTE,99999.29535955504,169,,,,MS,BTG,,,
2026-04-12T21:29:29.299Z,market,trade,TESTE,99999.96685412903,190,,,,ITAU,GOLDM,,,
2026-04-12T21:29:29.452Z,market,trade,TESTE,99997.01357438257,20,,,,MS,MS,,,
2026-04-12T21:29:29.602Z,market,trade,TESTE,99983.0754783697,190,,,,XP,UBS,,,
2026-04-12T21:29:29.753Z,market,trade,TESTE,99987.63777062374,36,,,,CS,CITI,,,
2026-04-12T21:29:29.904Z,market,trade,TESTE,99989.47624152216,55,,,,CITI,GOLDM,,,
2026-04-12T21:29:30.056Z,market,trade,TESTE,100001.93990230339,45,,,,JPM,UBS,,,
2026-04-12T21:29:30.207Z,market,trade,TESTE,100000.09780151534,197,,,,UBS,BARCL,,,
2026-04-12T21:29:30.363Z,market,trade,TESTE,99986.62837712154,197,,,,ITAU,BTG,,,
2026-04-12T21:29:30.516Z,market,trade,TESTE,99994.48644391011,55,,,,CS,MS,,,
2026-04-12T21:29:30.669Z,market,trade,TESTE,99992.08681768793,33,,,,JPM,JPM,,,
2026-04-12T21:29:30.833Z,market,trade,TESTE,99978.31771174786,91,,,,JPM,CITI,,,
2026-04-12T21:29:30.984Z,market,trade,TESTE,99975.0835536674,59,,,,JPM,CITI,,,
2026-04-12T21:29:31.135Z,market,trade,TESTE,99970.35022395359,82,,,,BARCL,CS,,,
2026-04-12T21:29:31.286Z,market,trade,TESTE,99965.78890670174,31,,,,BTG,JPM,,,
2026-04-12T21:29:31.437Z,market,trade,TESTE,99964.79062172676,107,,,,GOLDM,JPM,,,
2026-04-12T21:29:31.599Z,market,trade,TESTE,99975.75037261809,180,,,,GOLDM,JPM,,,
2026-04-12T21:29:31.765Z,market,trade,TESTE,99961.76276362228,32,,,,ITAU,UBS,,,
2026-04-12T21:29:31.915Z,market,trade,TESTE,99967.64689964072,37,,,,CITI,GOLDM,,,
2026-04-12T21:29:32.066Z,market,trade,TESTE,99961.67598736435,50,,,,ITAU,CITI,,,
2026-04-12T21:29:32.219Z,market,trade,TESTE,99961.82362527074,12,,,,ITAU,ITAU,,,
2026-04-12T21:29:32.370Z,market,trade,TESTE,99968.51763279771,168,,,,BTG,CITI,,,
2026-04-12T21:29:32.525Z,market,trade,TESTE,99963.99943935804,75,,,,BARCL,BTG,,,
2026-04-12T21:29:32.682Z,market,trade,TESTE,99954.94426552745,152,,,,MS,XP,,,
2026-04-12T21:29:32.835Z,market,trade,TESTE,99967.82163714575,125,,,,MS,UBS,,,
2026-04-12T21:29:32.986Z,market,trade,TESTE,99966.23697404447,120,,,,BTG,XP,,,
2026-04-12T21:29:33.136Z,market,trade,TESTE,99958.84388057108,195,,,,MS,MS,,,
2026-04-12T21:29:33.287Z,market,trade,TESTE,99957.45567736942,158,,,,CS,XP,,,
2026-04-12T21:29:33.438Z,market,trade,TESTE,99961.34009035527,7,,,,ITAU,ITAU,,,
2026-04-12T21:29:33.589Z,market,trade,TESTE,99971.76536741975,98,,,,BARCL,CS,,,
2026-04-12T21:29:33.751Z,market,trade,TESTE,99962.36289694638,98,,,,ITAU,ITAU,,,
2026-04-12T21:29:33.913Z,market,trade,TESTE,99965.65632140904,78,,,,GOLDM,BARCL,,,
2026-04-12T21:29:34.069Z,market,trade,TESTE,99971.52767097918,112,,,,CS,ITAU,,,
2026-04-12T21:29:34.223Z,market,trade,TESTE,99963.15684256278,36,,,,UBS,CS,,,
2026-04-12T21:29:34.386Z,market,trade,TESTE,99973.65789863066,116,,,,MS,BARCL,,,
2026-04-12T21:29:34.537Z,market,trade,TESTE,99967.51102374116,144,,,,ITAU,GOLDM,,,
2026-04-12T21:29:34.688Z,market,trade,TESTE,99976.24851579485,160,,,,MS,CS,,,
2026-04-12T21:29:34.842Z,market,trade,TESTE,99980.06066816178,14,,,,CS,MS,,,
2026-04-12T21:29:34.993Z,market,trade,TESTE,99976.38814135663,112,,,,BARCL,CS,,,
2026-04-12T21:29:35.152Z,market,trade,TESTE,99963.71209607073,101,,,,MS,MS,,,
2026-04-12T21:29:35.315Z,market,trade,TESTE,99971.60909452614,19,,,,UBS,CS,,,
2026-04-12T21:29:35.468Z,market,trade,TESTE,99962.42144026367,200,,,,UBS,CITI,,,
2026-04-12T21:29:35.624Z,market,trade,TESTE,99966.12418833846,31,,,,CITI,JPM,,,
2026-04-12T21:29:35.775Z,market,trade,TESTE,99962.36850814756,7,,,,XP,GOLDM,,,
2026-04-12T21:29:35.927Z,market,trade,TESTE,99958.34563952296,171,,,,CS,ITAU,,,
2026-04-12T21:29:36.079Z,market,trade,TESTE,99966.98602841843,134,,,,CITI,CS,,,
2026-04-12T21:29:36.232Z,market,trade,TESTE,99954.72008306479,120,,,,CITI,XP,,,
2026-04-12T21:29:36.383Z,market,trade,TESTE,99965.77559359782,94,,,,UBS,JPM,,,
2026-04-12T21:29:36.535Z,market,trade,TESTE,99968.64532429483,26,,,,JPM,CS,,,
2026-04-12T21:29:36.685Z,market,trade,TESTE,99958.6480660864,174,,,,JPM,JPM,,,
2026-04-12T21:29:36.836Z,market,trade,TESTE,99957.79543261368,22,,,,JPM,CS,,,
2026-04-12T21:29:36.987Z,market,trade,TESTE,99956.5891033256,147,,,,BARCL,JPM,,,
2026-04-12T21:29:37.137Z,market,trade,TESTE,99964.25487551911,157,,,,XP,GOLDM,,,
2026-04-12T21:29:37.287Z,market,trade,TESTE,99958.50053615094,123,,,,BTG,XP,,,
2026-04-12T21:29:37.438Z,market,trade,TESTE,99954.04481764563,91,,,,BARCL,GOLDM,,,
2026-04-12T21:29:37.589Z,market,trade,TESTE,99949.91534846103,131,,,,BARCL,MS,,,
2026-04-12T21:29:37.745Z,market,trade,TESTE,99954.22367486224,190,,,,BTG,CITI,,,
2026-04-12T21:29:37.902Z,market,trade,TESTE,99965.54328700344,188,,,,CS,XP,,,
2026-04-12T21:29:38.053Z,market,trade,TESTE,99951.38596178041,115,,,,UBS,ITAU,,,
2026-04-12T21:29:38.204Z,market,trade,TESTE,99961.70508078027,54,,,,BTG,BTG,,,
2026-04-12T21:29:38.355Z,market,trade,TESTE,99963.42436227064,111,,,,UBS,XP,,,
2026-04-12T21:29:38.511Z,market,trade,TESTE,99964.67404874448,158,,,,CITI,GOLDM,,,
2026-04-12T21:29:38.665Z,market,trade,TESTE,99953.95235579743,154,,,,CS,CS,,,
2026-04-12T21:29:38.817Z,market,trade,TESTE,99961.1683344323,93,,,,ITAU,CITI,,,
2026-04-12T21:29:38.968Z,market,trade,TESTE,99960.25588648586,152,,,,ITAU,UBS,,,
2026-04-12T21:29:39.119Z,market,trade,TESTE,99950.23057232308,64,,,,GOLDM,BTG,,,
2026-04-12T21:29:39.270Z,market,trade,TESTE,99953.21666464924,108,,,,UBS,BARCL,,,
2026-04-12T21:29:39.425Z,market,trade,TESTE,99953.48352050803,156,,,,JPM,CS,,,
2026-04-12T21:29:39.582Z,market,trade,TESTE,99962.26097794875,123,,,,CITI,GOLDM,,,
2026-04-12T21:29:39.735Z,market,trade,TESTE,99951.39801912307,12,,,,ITAU,BTG,,,
2026-04-12T21:29:39.899Z,market,trade,TESTE,99950.96442122903,90,,,,UBS,BARCL,,,
2026-04-12T21:29:40.065Z,market,trade,TESTE,99965.49884406396,179,,,,MS,CS,,,
2026-04-12T21:29:40.217Z,market,trade,TESTE,99962.17350551573,195,,,,BARCL,BTG,,,
2026-04-12T21:29:40.369Z,market,trade,TESTE,99965.36243394364,81,,,,JPM,GOLDM,,,
2026-04-12T21:29:40.534Z,market,trade,TESTE,99952.40529772456,145,,,,CITI,MS,,,
2026-04-12T21:29:40.685Z,market,trade,TESTE,99950.23525848413,111,,,,CS,CS,,,
2026-04-12T21:29:40.848Z,market,trade,TESTE,99960.5047634168,173,,,,XP,UBS,,,
2026-04-12T21:29:41.003Z,market,trade,TESTE,99954.9522780772,21,,,,ITAU,MS,,,
2026-04-12T21:29:41.158Z,market,flow_inversion,,,,,,,,,58,-134,GOLDM
2026-04-12T21:29:41.158Z,market,trade,TESTE,99955.16496661253,192,,,,JPM,GOLDM,,,
2026-04-12T21:29:41.317Z,market,trade,TESTE,99953.09564515323,126,,,,BARCL,BTG,,,
2026-04-12T21:29:41.468Z,market,trade,TESTE,99956.26807322964,100,,,,MS,MS,,,
2026-04-12T21:29:41.619Z,market,trade,TESTE,99965.06332160773,127,,,,UBS,GOLDM,,,
2026-04-12T21:29:41.770Z,market,trade,TESTE,99966.67821259255,22,,,,MS,BARCL,,,
2026-04-12T21:29:41.921Z,market,trade,TESTE,99958.55665730458,156,,,,UBS,CITI,,,
2026-04-12T21:29:42.074Z,market,trade,TESTE,99956.5346340688,113,,,,GOLDM,UBS,,,
2026-04-12T21:29:42.236Z,market,trade,TESTE,99957.5729161894,149,,,,XP,BARCL,,,
2026-04-12T21:29:42.392Z,market,trade,TESTE,99960.39342231165,162,,,,UBS,XP,,,
2026-04-12T21:29:42.549Z,market,trade,TESTE,99956.13814321395,18,,,,MS,UBS,,,
2026-04-12T21:29:42.702Z,market,trade,TESTE,99964.95460505357,64,,,,JPM,MS,,,
2026-04-12T21:29:42.853Z,market,trade,TESTE,99950.14826442624,42,,,,XP,CS,,,
2026-04-12T21:29:43.003Z,market,trade,TESTE,99964.10954124724,153,,,,CITI,MS,,,
2026-04-12T21:29:43.167Z,market,trade,TESTE,99955.53062090467,25,,,,JPM,BTG,,,
2026-04-12T21:29:43.320Z,market,trade,TESTE,99964.67188915977,199,,,,JPM,BTG,,,
2026-04-12T21:29:43.484Z,market,trade,TESTE,99951.8256248707,200,,,,ITAU,GOLDM,,,
2026-04-12T21:29:43.648Z,market,trade,TESTE,99959.84167085621,64,,,,CS,JPM,,,
2026-04-12T21:29:43.801Z,market,trade,TESTE,99949.86768239265,152,,,,GOLDM,CITI,,,
2026-04-12T21:29:43.972Z,market,trade,TESTE,99959.02361321512,43,,,,GOLDM,CITI,,,
2026-04-12T21:29:44.127Z,market,trade,TESTE,99956.94317581899,18,,,,MS,ITAU,,,
2026-04-12T21:29:44.283Z,market,trade,TESTE,99951.7561431282,39,,,,GOLDM,JPM,,,
2026-04-12T21:29:44.436Z,market,trade,TESTE,99960.84735687109,183,,,,ITAU,MS,,,
2026-04-12T21:29:44.587Z,market,trade,TESTE,99952.47619053269,173,,,,ITAU,XP,,,
2026-04-12T21:29:44.737Z,market,trade,TESTE,99959.1355753348,13,,,,BARCL,MS,,,
2026-04-12T21:29:44.899Z,market,trade,TESTE,99956.18239200782,33,,,,CITI,CITI,,,
2026-04-12T21:29:45.049Z,market,trade,TESTE,99948.29144440105,41,,,,BTG,BTG,,,
2026-04-12T21:29:45.200Z,market,trade,TESTE,99962.27198338517,145,,,,BARCL,BARCL,,,
2026-04-12T21:29:45.354Z,market,trade,TESTE,99965.21555676828,166,,,,CS,CS,,,
2026-04-12T21:29:45.518Z,market,trade,TESTE,99951.0225657635,105,,,,BTG,CS,,,
2026-04-12T21:29:45.683Z,market,trade,TESTE,99961.50687963473,83,,,,BTG,ITAU,,,
2026-04-12T21:29:45.836Z,market,trade,TESTE,99964.50766638281,172,,,,UBS,CITI,,,
2026-04-12T21:29:46.001Z,market,trade,TESTE,99961.89654174303,47,,,,UBS,UBS,,,
2026-04-12T21:29:46.165Z,market,trade,TESTE,99952.56149048582,10,,,,BTG,XP,,,
2026-04-12T21:29:46.316Z,market,trade,TESTE,99958.29904791818,170,,,,JPM,ITAU,,,
2026-04-12T21:29:46.469Z,market,trade,TESTE,99960.26416974959,8,,,,JPM,CITI,,,
2026-04-12T21:29:46.634Z,market,trade,TESTE,99953.57167168407,66,,,,CS,MS,,,
2026-04-12T21:29:46.786Z,market,trade,TESTE,99964.18184271145,82,,,,GOLDM,CS,,,
2026-04-12T21:29:46.950Z,market,trade,TESTE,99960.0740379663,98,,,,CS,CS,,,
2026-04-12T21:29:47.100Z,market,trade,TESTE,99958.16635917095,131,,,,UBS,BARCL,,,
2026-04-12T21:29:47.251Z,market,trade,TESTE,99957.07638064543,33,,,,BARCL,GOLDM,,,
2026-04-12T21:29:47.410Z,market,trade,TESTE,99955.82363542225,133,,,,MS,CITI,,,
2026-04-12T21:29:47.565Z,market,trade,TESTE,99954.70581207279,190,,,,CITI,BARCL,,,
2026-04-12T21:29:47.716Z,market,trade,TESTE,99955.75782049149,34,,,,CITI,GOLDM,,,
2026-04-12T21:29:47.866Z,market,trade,TESTE,99945.88302951294,12,,,,XP,ITAU,,,
2026-04-12T21:29:48.018Z,market,trade,TESTE,99946.31504934415,65,,,,BARCL,XP,,,
2026-04-12T21:29:48.184Z,market,trade,TESTE,99956.42873149332,154,,,,ITAU,JPM,,,
2026-04-12T21:29:48.338Z,market,trade,TESTE,99955.78259959567,16,,,,XP,CS,,,
2026-04-12T21:29:48.502Z,market,trade,TESTE,99943.0614152133,16,,,,UBS,XP,,,
2026-04-12T21:29:48.665Z,market,trade,TESTE,99941.7166829634,82,,,,BARCL,GOLDM,,,
2026-04-12T21:29:48.816Z,market,trade,TESTE,99943.68763976394,97,,,,CS,CITI,,,
2026-04-12T21:29:48.979Z,market,trade,TESTE,99939.20583831961,103,,,,CITI,BTG,,,
2026-04-12T21:29:49.134Z,market,trade,TESTE,99934.62976576659,196,,,,CS,GOLDM,,,
2026-04-12T21:29:49.297Z,market,trade,TESTE,99935.50375784506,179,,,,GOLDM,ITAU,,,
2026-04-12T21:29:49.452Z,market,trade,TESTE,99935.59537977076,21,,,,CITI,BTG,,,
2026-04-12T21:29:49.617Z,market,trade,TESTE,99933.18703778957,127,,,,XP,UBS,,,
2026-04-12T21:29:49.768Z,market,trade,TESTE,99931.50754895943,9,,,,GOLDM,JPM,,,
2026-04-12T21:29:49.919Z,market,trade,TESTE,99932.40303679973,188,,,,BARCL,UBS,,,
2026-04-12T21:29:50.069Z,market,trade,TESTE,99928.46539708762,134,,,,ITAU,ITAU,,,
2026-04-12T21:29:50.219Z,market,trade,TESTE,99938.61636070505,54,,,,UBS,BTG,,,
2026-04-12T21:29:50.369Z,market,trade,TESTE,99939.81874895052,94,,,,UBS,BTG,,,
2026-04-12T21:29:50.532Z,market,trade,TESTE,99934.34828412415,193,,,,BARCL,BARCL,,,
2026-04-12T21:29:50.696Z,market,trade,TESTE,99937.01413810604,11,,,,XP,GOLDM,,,
2026-04-12T21:29:50.852Z,market,trade,TESTE,99949.33693925147,5,,,,JPM,MS,,,
2026-04-12T21:29:51.018Z,market,trade,TESTE,99943.21848540175,102,,,,BTG,CS,,,
2026-04-12T21:29:51.182Z,market,trade,TESTE,99952.49047115436,97,,,,CITI,UBS,,,
2026-04-12T21:29:51.347Z,market,trade,TESTE,99938.29164006993,192,,,,XP,XP,,,
2026-04-12T21:29:51.498Z,market,trade,TESTE,99947.96253051325,79,,,,JPM,JPM,,,
2026-04-12T21:29:51.657Z,market,trade,TESTE,99951.13789391739,99,,,,MS,ITAU,,,
2026-04-12T21:29:51.817Z,market,trade,TESTE,99954.81800633464,13,,,,BTG,JPM,,,
2026-04-12T21:29:51.980Z,market,trade,TESTE,99956.68284093357,50,,,,CS,JPM,,,
2026-04-12T21:29:52.133Z,market,trade,TESTE,99945.81163982641,113,,,,ITAU,JPM,,,
2026-04-12T21:29:52.287Z,market,trade,TESTE,99959.56054237635,15,,,,UBS,XP,,,
2026-04-12T21:29:52.452Z,market,trade,TESTE,99961.48083769077,6,,,,CITI,UBS,,,
2026-04-12T21:29:52.603Z,market,trade,TESTE,99946.58839259413,71,,,,MS,UBS,,,
2026-04-12T21:29:52.766Z,market,trade,TESTE,99950.47583754158,65,,,,ITAU,BARCL,,,
2026-04-12T21:29:52.917Z,market,trade,TESTE,99950.15440173005,200,,,,GOLDM,GOLDM,,,
2026-04-12T21:29:53.070Z,market,trade,TESTE,99959.04774755627,115,,,,GOLDM,GOLDM,,,
2026-04-12T21:29:53.220Z,market,trade,TESTE,99956.8883763677,175,,,,ITAU,CS,,,
2026-04-12T21:29:53.370Z,market,trade,TESTE,99957.61911070884,118,,,,CITI,UBS,,,
2026-04-12T21:29:53.522Z,market,trade,TESTE,99944.51383649194,94,,,,CITI,CITI,,,
2026-04-12T21:29:53.682Z,market,trade,TESTE,99939.54517370899,136,,,,JPM,MS,,,
2026-04-12T21:29:53.834Z,market,trade,TESTE,99948.96073953142,191,,,,JPM,MS,,,
2026-04-12T21:29:53.985Z,market,trade,TESTE,99943.40187365752,31,,,,JPM,XP,,,
2026-04-12T21:29:54.136Z,market,flow_inversion,,,,,,,,,61,-37,UBS
2026-04-12T21:29:54.136Z,market,trade,TESTE,99944.09906111652,98,,,,BTG,UBS,,,
2026-04-12T21:29:54.301Z,market,trade,TESTE,99952.55512668821,124,,,,ITAU,ITAU,,,
2026-04-12T21:29:54.453Z,market,trade,TESTE,99947.46761251873,153,,,,CS,XP,,,
2026-04-12T21:29:54.616Z,market,trade,TESTE,99956.44289898829,56,,,,MS,XP,,,
2026-04-12T21:29:54.782Z,market,trade,TESTE,99948.95451473184,172,,,,GOLDM,MS,,,
2026-04-12T21:29:54.936Z,market,trade,TESTE,99953.34978285097,87,,,,CITI,ITAU,,,
2026-04-12T21:29:55.101Z,market,trade,TESTE,99952.84820729849,91,,,,XP,JPM,,,
2026-04-12T21:29:55.265Z,market,trade,TESTE,99950.67207484198,129,,,,XP,BARCL,,,
2026-04-12T21:29:55.419Z,market,trade,TESTE,99953.86090861939,198,,,,UBS,CS,,,
2026-04-12T21:29:55.582Z,market,trade,TESTE,99962.1454629008,47,,,,CS,JPM,,,
2026-04-12T21:29:55.734Z,market,trade,TESTE,99954.19265415483,64,,,,MS,XP,,,
2026-04-12T21:29:55.900Z,market,trade,TESTE,99966.38622276267,23,,,,BTG,XP,,,
2026-04-12T21:29:56.066Z,market,trade,TESTE,99958.44606233157,195,,,,UBS,CITI,,,
2026-04-12T21:29:56.216Z,market,trade,TESTE,99954.79430215598,140,,,,BTG,MS,,,
2026-04-12T21:29:56.371Z,market,trade,TESTE,99967.54613794672,198,,,,BARCL,XP,,,
2026-04-12T21:29:56.532Z,market,trade,TESTE,99966.04746497028,46,,,,MS,BARCL,,,
2026-04-12T21:29:56.684Z,market,trade,TESTE,99968.25353996262,138,,,,JPM,MS,,,
2026-04-12T21:29:56.850Z,market,trade,TESTE,99965.29632763975,146,,,,XP,BARCL,,,
2026-04-12T21:29:57.000Z,market,trade,TESTE,99961.88884095453,115,,,,JPM,BTG,,,
2026-04-12T21:29:57.166Z,market,trade,TESTE,99959.99908267173,166,,,,BTG,CS,,,
2026-04-12T21:29:57.331Z,market,trade,TESTE,99954.07516280869,26,,,,BTG,GOLDM,,,
2026-04-12T21:29:57.484Z,market,trade,TESTE,99960.99040795302,167,,,,XP,BARCL,,,
2026-04-12T21:29:57.648Z,market,trade,TESTE,99957.25525998438,58,,,,ITAU,BARCL,,,
2026-04-12T21:29:57.799Z,market,trade,TESTE,99956.26606071084,116,,,,BARCL,GOLDM,,,
2026-04-12T21:29:57.950Z,market,trade,TESTE,99960.65965578014,107,,,,JPM,UBS,,,
2026-04-12T21:29:58.115Z,market,trade,TESTE,99950.08697891468,39,,,,XP,CS,,,
2026-04-12T21:29:58.267Z,market,trade,TESTE,99951.29203741308,121,,,,UBS,CS,,,
2026-04-12T21:29:58.420Z,market,trade,TESTE,99951.02049251879,116,,,,CITI,UBS,,,
2026-04-12T21:29:58.583Z,market,trade,TESTE,99962.44010602677,148,,,,BARCL,MS,,,
2026-04-12T21:29:58.749Z,market,trade,TESTE,99948.81514267616,162,,,,XP,BARCL,,,
2026-04-12T21:29:58.915Z,market,trade,TESTE,99944.09245779364,45,,,,MS,ITAU,,,
2026-04-12T21:29:59.067Z,market,trade,TESTE,99953.0031443807,15,,,,BTG,BTG,,,
2026-04-12T21:29:59.231Z,market,trade,TESTE,99943.67146948534,131,,,,MS,XP,,,
2026-04-12T21:29:59.383Z,market,trade,TESTE,99950.20239885818,89,,,,JPM,BTG,,,
2026-04-12T21:29:59.536Z,market,trade,TESTE,99945.09936668491,187,,,,XP,XP,,,
2026-04-12T21:29:59.699Z,market,trade,TESTE,99952.36369772923,139,,,,BARCL,BARCL,,,
2026-04-12T21:29:59.851Z,market,trade,TESTE,99944.03189993792,32,,,,XP,JPM,,,
2026-04-12T21:30:00.016Z,market,trade,TESTE,99958.06900201073,125,,,,XP,GOLDM,,,
2026-04-12T21:30:00.182Z,market,trade,TESTE,99949.95675136402,167,,,,CS,ITAU,,,
2026-04-12T21:30:00.336Z,market,trade,TESTE,99946.48836374439,189,,,,ITAU,GOLDM,,,
2026-04-12T21:30:00.501Z,market,trade,TESTE,99945.25240007426,108,,,,CS,MS,,,
2026-04-12T21:30:00.653Z,market,trade,TESTE,99954.52542880515,80,,,,BTG,JPM,,,
2026-04-12T21:30:00.804Z,market,trade,TESTE,99941.05152543742,77,,,,GOLDM,GOLDM,,,
2026-04-12T21:30:00.967Z,market,trade,TESTE,99948.66946800116,150,,,,CS,ITAU,,,
2026-04-12T21:30:01.119Z,market,trade,TESTE,99934.24189793863,169,,,,CS,ITAU,,,
2026-04-12T21:30:01.285Z,market,trade,TESTE,99937.92168847121,191,,,,BTG,MS,,,
2026-04-12T21:30:01.436Z,market,trade,TESTE,99945.62101808943,39,,,,UBS,JPM,,,
2026-04-12T21:30:01.586Z,market,trade,TESTE,99949.12057309451,46,,,,ITAU,ITAU,,,
2026-04-12T21:30:01.737Z,market,trade,TESTE,99943.55150548212,63,,,,BARCL,BARCL,,,
2026-04-12T21:30:01.901Z,market,flow_inversion,,,,,,,,,9,-14,BTG
2026-04-12T21:30:01.901Z,market,trade,TESTE,99939.84469287356,23,,,,CS,BTG,,,
2026-04-12T21:30:02.066Z,market,trade,TESTE,99936.38263659865,190,,,,UBS,GOLDM,,,
2026-04-12T21:30:02.218Z,market,trade,TESTE,99939.15388904291,85,,,,JPM,XP,,,
2026-04-12T21:30:02.370Z,market,trade,TESTE,99938.21093169012,192,,,,JPM,ITAU,,,
2026-04-12T21:30:02.532Z,market,trade,TESTE,99939.43353095427,200,,,,BARCL,MS,,,
2026-04-12T21:30:02.684Z,market,trade,TESTE,99939.03904629314,102,,,,MS,BARCL,,,
2026-04-12T21:30:02.836Z,market,trade,TESTE,99951.20998010301,99,,,,MS,BTG,,,
2026-04-12T21:30:03.000Z,market,trade,TESTE,99949.72672713167,190,,,,XP,MS,,,
2026-04-12T21:30:03.166Z,market,trade,TESTE,99945.21901390154,26,,,,XP,BTG,,,
2026-04-12T21:30:03.316Z,market,trade,TESTE,99937.48091226807,110,,,,XP,BARCL,,,
2026-04-12T21:30:03.469Z,market,trade,TESTE,99941.98155156012,145,,,,BTG,BTG,,,
2026-04-12T21:30:03.622Z,market,trade,TESTE,99953.10391027722,166,,,,UBS,JPM,,,
2026-04-12T21:30:03.782Z,market,trade,TESTE,99953.25444839119,142,,,,CITI,BTG,,,
2026-04-12T21:30:03.933Z,market,trade,TESTE,99944.8343517574,12,,,,ITAU,GOLDM,,,
2026-04-12T21:30:04.099Z,market,trade,TESTE,99940.0787908164,93,,,,MS,BTG,,,
2026-04-12T21:30:04.266Z,market,trade,TESTE,99953.46605695838,95,,,,JPM,ITAU,,,
2026-04-12T21:30:04.418Z,market,trade,TESTE,99945.26400240177,197,,,,CS,BARCL,,,
2026-04-12T21:30:04.568Z,market,trade,TESTE,99943.10167640685,49,,,,ITAU,JPM,,,
2026-04-12T21:30:04.719Z,market,trade,TESTE,99939.63946222149,155,,,,ITAU,XP,,,
2026-04-12T21:30:04.870Z,market,trade,TESTE,99944.72203576163,160,,,,ITAU,JPM,,,
2026-04-12T21:30:05.021Z,market,trade,TESTE,99931.27304625808,52,,,,JPM,XP,,,
2026-04-12T21:30:05.185Z,market,trade,TESTE,99942.20082184063,96,,,,BARCL,CS,,,
2026-04-12T21:30:05.338Z,market,trade,TESTE,99927.97990254116,162,,,,JPM,MS,,,
2026-04-12T21:30:05.492Z,market,trade,TESTE,99934.13743320397,54,,,,XP,BTG,,,
2026-04-12T21:30:05.652Z,market,trade,TESTE,99922.48194632072,64,,,,CITI,UBS,,,
2026-04-12T21:30:05.815Z,market,trade,TESTE,99936.52285013162,62,,,,UBS,GOLDM,,,
2026-04-12T21:30:05.965Z,market,trade,TESTE,99938.56795276122,114,,,,CITI,ITAU,,,
2026-04-12T21:30:06.116Z,market,trade,TESTE,99933.82620668657,90,,,,ITAU,JPM,,,
2026-04-12T21:30:06.283Z,market,trade,TESTE,99928.38122909956,126,,,,CS,BARCL,,,
2026-04-12T21:30:06.435Z,market,trade,TESTE,99932.15488030935,54,,,,UBS,GOLDM,,,
2026-04-12T21:30:06.600Z,market,trade,TESTE,99943.14199638086,86,,,,CS,BTG,,,
2026-04-12T21:30:06.765Z,market,trade,TESTE,99935.36398959284,40,,,,MS,BTG,,,
2026-04-12T21:30:06.917Z,market,trade,TESTE,99940.92936665978,129,,,,MS,JPM,,,
2026-04-12T21:30:07.067Z,market,trade,TESTE,99925.94568804746,97,,,,BARCL,CITI,,,
2026-04-12T21:30:07.232Z,market,trade,TESTE,99923.00007298292,166,,,,ITAU,XP,,,
2026-04-12T21:30:07.387Z,market,trade,TESTE,99919.962716535,169,,,,JPM,CITI,,,
2026-04-12T21:30:07.549Z,market,trade,TESTE,99919.58691042865,95,,,,BARCL,JPM,,,
2026-04-12T21:30:07.700Z,market,trade,TESTE,99925.72877209561,9,,,,CITI,JPM,,,
2026-04-12T21:30:07.853Z,market,trade,TESTE,99915.75006604243,33,,,,UBS,MS,,,
2026-04-12T21:30:08.015Z,market,trade,TESTE,99912.33793484839,33,,,,CITI,CITI,,,
2026-04-12T21:30:08.169Z,market,trade,TESTE,99912.70264001931,16,,,,GOLDM,CITI,,,
2026-04-12T21:30:08.338Z,market,trade,TESTE,99908.40419516758,19,,,,CS,XP,,,
2026-04-12T21:30:08.501Z,market,trade,TESTE,99919.36883526182,125,,,,GOLDM,GOLDM,,,
2026-04-12T21:30:08.664Z,market,trade,TESTE,99921.0816437795,112,,,,XP,BARCL,,,
2026-04-12T21:30:08.815Z,market,trade,TESTE,99920.83010619509,70,,,,JPM,MS,,,
2026-04-12T21:30:08.967Z,market,trade,TESTE,99908.19650488795,17,,,,CS,ITAU,,,
2026-04-12T21:30:09.122Z,market,trade,TESTE,99917.16071463689,96,,,,JPM,GOLDM,,,
2026-04-12T21:30:09.285Z,market,trade,TESTE,99905.36320437129,180,,,,BARCL,JPM,,,
2026-04-12T21:30:09.443Z,market,trade,TESTE,99907.68181406666,101,,,,GOLDM,MS,,,
2026-04-12T21:30:09.599Z,market,trade,TESTE,99916.58263380617,54,,,,XP,JPM,,,
2026-04-12T21:30:09.753Z,market,trade,TESTE,99920.55192876664,143,,,,CITI,MS,,,
2026-04-12T21:30:09.919Z,market,trade,TESTE,99911.44102633029,10,,,,BARCL,XP,,,
2026-04-12T21:30:10.069Z,market,trade,TESTE,99911.86931492374,151,,,,UBS,CS,,,
2026-04-12T21:30:10.230Z,market,trade,TESTE,99918.79906237511,39,,,,MS,GOLDM,,,
2026-04-12T21:30:10.387Z,market,trade,TESTE,99918.42936566261,45,,,,CS,CITI,,,
2026-04-12T21:30:10.551Z,market,trade,TESTE,99917.68740046465,41,,,,UBS,BTG,,,
2026-04-12T21:30:10.717Z,market,trade,TESTE,99914.11961172971,89,,,,MS,ITAU,,,
2026-04-12T21:30:10.869Z,market,trade,TESTE,99908.37895875644,184,,,,CS,CITI,,,
2026-04-12T21:30:11.019Z,market,trade,TESTE,99922.32917143812,188,,,,UBS,JPM,,,
2026-04-12T21:30:11.175Z,market,trade,TESTE,99925.16786181372,107,,,,BARCL,MS,,,
2026-04-12T21:30:11.336Z,market,trade,TESTE,99920.73607312802,84,,,,BARCL,BTG,,,
2026-04-12T21:30:11.500Z,market,trade,TESTE,99915.38390511282,101,,,,UBS,UBS,,,
2026-04-12T21:30:11.663Z,market,trade,TESTE,99927.72899349607,147,,,,CS,JPM,,,
2026-04-12T21:30:11.815Z,market,trade,TESTE,99931.01978107424,198,,,,CITI,GOLDM,,,
2026-04-12T21:30:11.969Z,market,trade,TESTE,99918.33354217258,117,,,,XP,CS,,,
2026-04-12T21:30:12.133Z,market,trade,TESTE,99926.7319044925,19,,,,BARCL,UBS,,,
2026-04-12T21:30:12.299Z,market,trade,TESTE,99914.0396766965,128,,,,GOLDM,BTG,,,
2026-04-12T21:30:12.454Z,market,trade,TESTE,99919.81545752283,133,,,,XP,UBS,,,
2026-04-12T21:30:12.615Z,market,trade,TESTE,99920.78628233068,127,,,,BARCL,BARCL,,,
2026-04-12T21:30:12.766Z,market,trade,TESTE,99922.8536289291,76,,,,CITI,BARCL,,,
2026-04-12T21:30:12.919Z,market,trade,TESTE,99923.1432181154,198,,,,CITI,XP,,,
2026-04-12T21:30:13.069Z,market,trade,TESTE,99911.74143999649,15,,,,XP,ITAU,,,
2026-04-12T21:30:13.231Z,market,trade,TESTE,99918.4232403541,88,,,,JPM,ITAU,,,
2026-04-12T21:30:13.382Z,market,trade,TESTE,99906.17751655066,72,,,,GOLDM,ITAU,,,
2026-04-12T21:30:13.534Z,market,trade,TESTE,99910.46905961746,105,,,,XP,MS,,,
2026-04-12T21:30:13.698Z,market,trade,TESTE,99921.20188567517,8,,,,CITI,BARCL,,,
2026-04-12T21:30:13.850Z,market,trade,TESTE,99913.52360104525,130,,,,CITI,JPM,,,
2026-04-12T21:30:14.001Z,market,trade,TESTE,99916.00083371458,75,,,,JPM,MS,,,
2026-04-12T21:30:14.153Z,market,trade,TESTE,99917.3483305694,49,,,,UBS,BTG,,,
2026-04-12T21:30:14.314Z,market,trade,TESTE,99925.5170136184,59,,,,BARCL,JPM,,,
2026-04-12T21:30:14.469Z,market,trade,TESTE,99926.79051531265,77,,,,MS,UBS,,,
2026-04-12T21:30:14.621Z,market,trade,TESTE,99915.19343060283,182,,,,JPM,MS,,,
2026-04-12T21:30:14.783Z,market,trade,TESTE,99915.03032511729,39,,,,MS,BARCL,,,
2026-04-12T21:30:14.935Z,market,trade,TESTE,99911.7425667769,159,,,,UBS,JPM,,,
2026-04-12T21:30:15.086Z,market,trade,TESTE,99925.25273040842,52,,,,UBS,XP,,,
2026-04-12T21:30:15.250Z,market,trade,TESTE,99930.23322702727,199,,,,BTG,GOLDM,,,
2026-04-12T21:30:15.403Z,market,trade,TESTE,99924.75581148667,54,,,,BTG,CITI,,,
2026-04-12T21:30:15.566Z,market,trade,TESTE,99930.87923962613,86,,,,JPM,XP,,,
2026-04-12T21:30:15.732Z,market,trade,TESTE,99935.59839060412,175,,,,CS,BTG,,,
2026-04-12T21:30:15.884Z,market,trade,TESTE,99933.76622765964,192,,,,JPM,BTG,,,
2026-04-12T21:30:16.035Z,market,trade,TESTE,99924.57909357539,114,,,,MS,JPM,,,
2026-04-12T21:30:16.198Z,market,trade,TESTE,99924.59265734171,145,,,,CITI,MS,,,
2026-04-12T21:30:16.354Z,market,trade,TESTE,99920.95003660463,65,,,,JPM,JPM,,,
2026-04-12T21:30:16.519Z,market,trade,TESTE,99921.84962030241,70,,,,ITAU,UBS,,,
2026-04-12T21:30:16.670Z,market,trade,TESTE,99919.14898743614,126,,,,ITAU,BTG,,,
2026-04-12T21:30:16.832Z,market,trade,TESTE,99918.57013413166,39,,,,CITI,BTG,,,
2026-04-12T21:30:16.998Z,market,trade,TESTE,99930.79804525922,33,,,,BTG,CITI,,,
2026-04-12T21:30:17.149Z,market,trade,TESTE,99934.39105517857,24,,,,GOLDM,GOLDM,,,
2026-04-12T21:30:17.302Z,market,trade,TESTE,99929.67698744901,119,,,,CS,CITI,,,
2026-04-12T21:30:17.452Z,market,trade,TESTE,99918.2130430312,199,,,,ITAU,CS,,,
2026-04-12T21:30:17.615Z,market,trade,TESTE,99924.01882429115,153,,,,MS,JPM,,,
2026-04-12T21:30:17.766Z,market,trade,TESTE,99928.9291232032,86,,,,GOLDM,XP,,,
2026-04-12T21:30:17.918Z,market,trade,TESTE,99931.61995621525,123,,,,MS,UBS,,,
2026-04-12T21:30:18.083Z,market,trade,TESTE,99925.4616450463,121,,,,BARCL,XP,,,
2026-04-12T21:30:18.233Z,market,trade,TESTE,99936.2590404603,179,,,,JPM,CITI,,,
2026-04-12T21:30:18.384Z,market,trade,TESTE,99931.55642355942,119,,,,CS,GOLDM,,,
2026-04-12T21:30:18.549Z,market,trade,TESTE,99920.68373691397,83,,,,MS,ITAU,,,
2026-04-12T21:30:18.703Z,market,trade,TESTE,99918.87006473388,169,,,,JPM,GOLDM,,,
2026-04-12T21:30:18.866Z,market,trade,TESTE,99918.85182608376,25,,,,BARCL,CITI,,,
2026-04-12T21:30:19.032Z,market,trade,TESTE,99929.87550249534,184,,,,XP,MS,,,
2026-04-12T21:30:19.185Z,market,trade,TESTE,99926.11755762875,15,,,,CS,UBS,,,
2026-04-12T21:30:19.336Z,market,trade,TESTE,99924.790207991,191,,,,JPM,CS,,,
2026-04-12T21:30:19.500Z,market,trade,TESTE,99922.30174747772,71,,,,XP,CS,,,
2026-04-12T21:30:19.650Z,market,trade,TESTE,99915.2094164931,92,,,,CS,GOLDM,,,
2026-04-12T21:30:19.802Z,market,trade,TESTE,99920.72592427145,90,,,,ITAU,MS,,,
2026-04-12T21:30:19.953Z,market,trade,TESTE,99914.928777506,65,,,,UBS,UBS,,,
2026-04-12T21:30:20.116Z,market,trade,TESTE,99910.78492527777,97,,,,BTG,ITAU,,,
2026-04-12T21:30:20.267Z,market,trade,TESTE,99921.8603674908,172,,,,JPM,JPM,,,
2026-04-12T21:30:20.431Z,market,trade,TESTE,99920.27027095344,95,,,,BTG,UBS,,,
2026-04-12T21:30:20.583Z,market,trade,TESTE,99916.12194596711,29,,,,BTG,BTG,,,
2026-04-12T21:30:20.749Z,market,trade,TESTE,99901.6011902036,161,,,,CS,MS,,,
2026-04-12T21:30:20.903Z,market,trade,TESTE,99903.99425862505,181,,,,GOLDM,BTG,,,
2026-04-12T21:30:21.066Z,market,trade,TESTE,99910.47893404694,100,,,,UBS,CS,,,
2026-04-12T21:30:21.232Z,market,trade,TESTE,99915.12126731974,46,,,,UBS,CS,,,
2026-04-12T21:30:21.395Z,market,trade,TESTE,99915.32620218968,43,,,,BARCL,BTG,,,
2026-04-12T21:30:21.551Z,market,trade,TESTE,99906.1457699782,104,,,,ITAU,GOLDM,,,
2026-04-12T21:30:21.715Z,market,trade,TESTE,99917.37267462548,154,,,,JPM,BARCL,,,
2026-04-12T21:30:21.878Z,market,trade,TESTE,99911.22816108433,187,,,,ITAU,BTG,,,
2026-04-12T21:30:22.034Z,market,trade,TESTE,99915.48057587293,189,,,,BTG,MS,,,
2026-04-12T21:30:22.192Z,market,trade,TESTE,99922.80867993014,41,,,,JPM,GOLDM,,,
2026-04-12T21:30:22.354Z,market,trade,TESTE,99923.5950735083,59,,,,BTG,CITI,,,
2026-04-12T21:30:22.516Z,market,trade,TESTE,99920.79226901366,178,,,,UBS,GOLDM,,,
2026-04-12T21:30:22.667Z,market,trade,TESTE,99912.11943331113,132,,,,XP,BTG,,,
2026-04-12T21:30:22.833Z,market,trade,TESTE,99907.28416340798,16,,,,JPM,CITI,,,
2026-04-12T21:30:22.984Z,market,trade,TESTE,99906.797955328,102,,,,CS,CITI,,,
2026-04-12T21:30:23.135Z,market,trade,TESTE,99905.69774082153,198,,,,CS,CITI,,,
2026-04-12T21:30:23.302Z,market,trade,TESTE,99910.94166481825,178,,,,BTG,CS,,,
2026-04-12T21:30:23.468Z,market,trade,TESTE,99897.830555085,143,,,,CS,UBS,,,
2026-04-12T21:30:23.634Z,market,trade,TESTE,99898.38123783047,154,,,,UBS,BTG,,,
2026-04-12T21:30:23.796Z,market,trade,TESTE,99898.21317632947,82,,,,ITAU,BTG,,,
2026-04-12T21:30:23.950Z,market,trade,TESTE,99904.08237101005,56,,,,MS,GOLDM,,,
2026-04-12T21:30:24.102Z,market,trade,TESTE,99889.3688258865,136,,,,CS,ITAU,,,
2026-04-12T21:30:24.267Z,market,trade,TESTE,99896.80081444081,103,,,,CITI,CS,,,
2026-04-12T21:30:24.419Z,market,trade,TESTE,99892.26451364385,56,,,,CITI,ITAU,,,
2026-04-12T21:30:24.585Z,market,trade,TESTE,99880.35127633125,21,,,,BTG,JPM,,,
2026-04-12T21:30:24.748Z,market,trade,TESTE,99892.16096919944,137,,,,CS,XP,,,
2026-04-12T21:30:24.901Z,market,trade,TESTE,99885.59981075709,51,,,,UBS,UBS,,,
2026-04-12T21:30:25.053Z,market,trade,TESTE,99884.46007836676,191,,,,CS,XP,,,
2026-04-12T21:30:25.214Z,market,trade,TESTE,99897.57635034998,30,,,,BTG,JPM,,,
2026-04-12T21:30:25.371Z,market,trade,TESTE,99893.06213936664,113,,,,JPM,UBS,,,
2026-04-12T21:30:25.534Z,market,trade,TESTE,99889.11163980325,119,,,,UBS,MS,,,
2026-04-12T21:30:25.686Z,market,trade,TESTE,99882.24887469718,30,,,,CITI,JPM,,,
2026-04-12T21:30:25.852Z,market,trade,TESTE,99885.77893377299,57,,,,BARCL,CITI,,,
2026-04-12T21:30:26.015Z,market,trade,TESTE,99882.6662332885,82,,,,BARCL,GOLDM,,,
2026-04-12T21:30:26.166Z,market,trade,TESTE,99883.14758479997,163,,,,XP,CITI,,,
2026-04-12T21:30:26.316Z,market,trade,TESTE,99896.65844655574,90,,,,BARCL,CITI,,,
2026-04-12T21:30:26.474Z,market,trade,TESTE,99901.2148225426,143,,,,BTG,JPM,,,
2026-04-12T21:30:26.634Z,market,trade,TESTE,99894.93071889655,127,,,,BTG,CITI,,,
2026-04-12T21:30:26.786Z,market,trade,TESTE,99896.82980579768,65,,,,BTG,GOLDM,,,
2026-04-12T21:30:26.951Z,market,trade,TESTE,99911.36864368223,88,,,,BTG,XP,,,
2026-04-12T21:30:27.103Z,market,trade,TESTE,99900.589442712,78,,,,XP,MS,,,
2026-04-12T21:30:27.266Z,market,trade,TESTE,99914.1099565417,90,,,,CS,BTG,,,
2026-04-12T21:30:27.419Z,market,trade,TESTE,99909.0165845951,171,,,,ITAU,JPM,,,
2026-04-12T21:30:27.570Z,market,trade,TESTE,99911.17255775345,95,,,,XP,BARCL,,,
2026-04-12T21:30:27.732Z,market,trade,TESTE,99911.86737571176,113,,,,JPM,ITAU,,,
2026-04-12T21:30:27.884Z,market,trade,TESTE,99921.45186761013,78,,,,XP,ITAU,,,
2026-04-12T21:30:28.050Z,market,trade,TESTE,99909.69293732717,29,,,,CITI,MS,,,
2026-04-12T21:30:28.215Z,market,trade,TESTE,99907.45358490027,51,,,,JPM,BTG,,,
2026-04-12T21:30:28.372Z,market,trade,TESTE,99908.73123914978,26,,,,UBS,CS,,,
2026-04-12T21:30:28.535Z,market,trade,TESTE,99923.49280232446,133,,,,JPM,CITI,,,
2026-04-12T21:30:28.698Z,market,trade,TESTE,99914.22513308356,24,,,,JPM,ITAU,,,
2026-04-12T21:30:28.850Z,market,trade,TESTE,99909.59442643715,182,,,,CITI,MS,,,
2026-04-12T21:30:29.000Z,market,trade,TESTE,99914.02341024083,148,,,,XP,UBS,,,
2026-04-12T21:30:29.166Z,market,trade,TESTE,99923.05835565248,133,,,,GOLDM,MS,,,
2026-04-12T21:30:29.319Z,market,trade,TESTE,99920.059940594,74,,,,CITI,BARCL,,,
2026-04-12T21:30:29.484Z,market,trade,TESTE,99918.13310511412,23,,,,GOLDM,BARCL,,,
2026-04-12T21:30:29.645Z,market,trade,TESTE,99905.14033819476,176,,,,MS,ITAU,,,
2026-04-12T21:30:29.798Z,market,trade,TESTE,99909.10642451164,144,,,,BARCL,MS,,,
2026-04-12T21:30:29.969Z,market,trade,TESTE,99916.57575136007,42,,,,JPM,UBS,,,
2026-04-12T21:30:30.120Z,market,trade,TESTE,99915.95885688339,36,,,,CS,JPM,,,
2026-04-12T21:30:30.280Z,market,trade,TESTE,99903.0586754334,108,,,,BTG,BARCL,,,
2026-04-12T21:30:30.436Z,market,trade,TESTE,99909.0010040198,131,,,,ITAU,MS,,,
2026-04-12T21:30:30.601Z,market,trade,TESTE,99904.26385762887,194,,,,ITAU,CS,,,
2026-04-12T21:30:30.752Z,market,trade,TESTE,99906.6038964668,147,,,,MS,CS,,,
2026-04-12T21:30:30.914Z,market,trade,TESTE,99910.48793261823,93,,,,UBS,GOLDM,,,
2026-04-12T21:30:31.080Z,market,trade,TESTE,99903.24327665228,95,,,,BTG,CS,,,
2026-04-12T21:30:31.236Z,market,trade,TESTE,99906.65933886971,61,,,,GOLDM,XP,,,
2026-04-12T21:30:31.387Z,market,trade,TESTE,99909.55051821297,86,,,,UBS,XP,,,
2026-04-12T21:30:31.549Z,market,trade,TESTE,99924.37351209477,186,,,,MS,MS,,,
2026-04-12T21:30:31.702Z,market,trade,TESTE,99916.1958253569,63,,,,ITAU,CITI,,,
2026-04-12T21:30:31.866Z,market,trade,TESTE,99929.2322090216,66,,,,UBS,BTG,,,
2026-04-12T21:30:32.032Z,market,trade,TESTE,99915.45553568692,24,,,,CITI,ITAU,,,
2026-04-12T21:30:32.182Z,market,trade,TESTE,99915.82421729322,65,,,,CITI,JPM,,,
2026-04-12T21:30:32.333Z,market,trade,TESTE,99929.35482508106,45,,,,GOLDM,CS,,,
2026-04-12T21:30:32.490Z,market,trade,TESTE,99929.12469109257,20,,,,BTG,XP,,,
2026-04-12T21:30:32.650Z,market,trade,TESTE,99921.31728625606,18,,,,BARCL,CS,,,
2026-04-12T21:30:32.816Z,market,trade,TESTE,99925.38612388389,101,,,,XP,MS,,,
2026-04-12T21:30:32.980Z,market,trade,TESTE,99935.28223538968,65,,,,ITAU,MS,,,
2026-04-12T21:30:33.131Z,market,trade,TESTE,99921.94647330574,24,,,,XP,UBS,,,
2026-04-12T21:30:33.285Z,market,trade,TESTE,99930.88142602281,91,,,,UBS,ITAU,,,
2026-04-12T21:30:33.450Z,market,trade,TESTE,99918.18023741504,154,,,,GOLDM,XP,,,
2026-04-12T21:30:33.602Z,market,trade,TESTE,99921.78292240617,27,,,,MS,BARCL,,,
2026-04-12T21:30:33.765Z,market,trade,TESTE,99923.24757567098,71,,,,BARCL,CITI,,,
2026-04-12T21:30:33.918Z,market,trade,TESTE,99919.28704880158,27,,,,XP,MS,,,
2026-04-12T21:30:34.084Z,market,trade,TESTE,99925.86674652086,195,,,,CITI,JPM,,,
2026-04-12T21:30:34.234Z,market,trade,TESTE,99919.46426797884,61,,,,BARCL,JPM,,,
2026-04-12T21:30:34.388Z,market,trade,TESTE,99924.78268037365,95,,,,XP,BTG,,,
2026-04-12T21:30:34.548Z,market,trade,TESTE,99919.54852350682,195,,,,UBS,CS,,,
2026-04-12T21:30:34.701Z,market,trade,TESTE,99926.6154616865,179,,,,CITI,JPM,,,
2026-04-12T21:30:34.853Z,market,trade,TESTE,99923.40571893344,110,,,,MS,CITI,,,
2026-04-12T21:30:35.016Z,market,trade,TESTE,99910.99344887375,24,,,,ITAU,CS,,,
2026-04-12T21:30:35.167Z,market,trade,TESTE,99913.18423021176,123,,,,BTG,UBS,,,
2026-04-12T21:30:35.318Z,market,trade,TESTE,99914.40539637182,51,,,,BARCL,GOLDM,,,
2026-04-12T21:30:35.469Z,market,trade,TESTE,99920.68690064308,33,,,,GOLDM,BTG,,,
2026-04-12T21:30:35.631Z,market,trade,TESTE,99914.22219269938,53,,,,JPM,ITAU,,,
2026-04-12T21:30:35.784Z,market,trade,TESTE,99913.30697618803,42,,,,UBS,UBS,,,
2026-04-12T21:30:35.936Z,market,trade,TESTE,99924.09634126416,8,,,,CITI,UBS,,,
2026-04-12T21:30:36.099Z,market,trade,TESTE,99925.05146700083,28,,,,CITI,JPM,,,
2026-04-12T21:30:36.249Z,market,trade,TESTE,99918.19403192266,189,,,,UBS,GOLDM,,,
2026-04-12T21:30:36.402Z,market,trade,TESTE,99918.75642806079,25,,,,CITI,JPM,,,
2026-04-12T21:30:36.553Z,market,trade,TESTE,99923.38538910382,142,,,,JPM,BARCL,,,
2026-04-12T21:30:36.719Z,market,trade,TESTE,99936.52977705126,76,,,,GOLDM,BTG,,,
2026-04-12T21:30:36.884Z,market,trade,TESTE,99941.44362971894,190,,,,UBS,GOLDM,,,
2026-04-12T21:30:37.049Z,market,trade,TESTE,99936.80094883815,45,,,,ITAU,MS,,,
2026-04-12T21:30:37.215Z,market,trade,TESTE,99937.209001936,132,,,,GOLDM,BARCL,,,
2026-04-12T21:30:37.373Z,market,trade,TESTE,99927.51085759708,127,,,,BARCL,CITI,,,
2026-04-12T21:30:37.536Z,market,trade,TESTE,99923.85383870303,85,,,,ITAU,CITI,,,
2026-04-12T21:30:37.701Z,market,trade,TESTE,99930.16566734758,84,,,,UBS,JPM,,,
2026-04-12T21:30:37.865Z,market,trade,TESTE,99921.86579240042,26,,,,GOLDM,UBS,,,
2026-04-12T21:30:38.031Z,market,trade,TESTE,99927.81342403434,47,,,,BTG,UBS,,,
2026-04-12T21:30:38.185Z,market,trade,TESTE,99929.21707026286,143,,,,MS,MS,,,
2026-04-12T21:30:38.338Z,market,trade,TESTE,99924.92604336515,79,,,,UBS,MS,,,
2026-04-12T21:30:38.502Z,market,trade,TESTE,99925.36125110314,171,,,,CITI,JPM,,,
2026-04-12T21:30:38.665Z,market,trade,TESTE,99914.01193716245,131,,,,JPM,CS,,,
2026-04-12T21:30:38.830Z,market,trade,TESTE,99911.66705289284,15,,,,JPM,BTG,,,
2026-04-12T21:30:38.985Z,market,trade,TESTE,99924.99905399478,173,,,,ITAU,MS,,,
2026-04-12T21:30:39.152Z,market,trade,TESTE,99926.70308858284,63,,,,MS,BARCL,,,
2026-04-12T21:30:39.315Z,market,trade,TESTE,99918.62070832078,126,,,,UBS,UBS,,,
2026-04-12T21:30:39.468Z,market,trade,TESTE,99930.78491507076,134,,,,UBS,MS,,,
2026-04-12T21:30:39.619Z,market,trade,TESTE,99931.55673474561,65,,,,CS,XP,,,
2026-04-12T21:30:39.783Z,market,trade,TESTE,99933.91593341586,191,,,,BTG,MS,,,
2026-04-12T21:30:39.935Z,market,trade,TESTE,99936.17962369975,148,,,,JPM,MS,,,
2026-04-12T21:30:40.097Z,market,trade,TESTE,99927.01507190373,57,,,,MS,ITAU,,,
2026-04-12T21:30:40.250Z,market,trade,TESTE,99926.78891400078,16,,,,BTG,CS,,,
2026-04-12T21:30:40.400Z,market,trade,TESTE,99929.65415848285,81,,,,CITI,MS,,,
2026-04-12T21:30:40.572Z,market,trade,TESTE,99943.81413494659,117,,,,MS,CITI,,,
2026-04-12T21:30:40.734Z,market,trade,TESTE,99938.88178480856,47,,,,GOLDM,BARCL,,,
2026-04-12T21:30:40.898Z,market,trade,TESTE,99937.4375854281,176,,,,BTG,JPM,,,
2026-04-12T21:30:41.064Z,market,trade,TESTE,99923.22013971403,157,,,,ITAU,JPM,,,
2026-04-12T21:30:41.216Z,market,trade,TESTE,99923.72669319194,173,,,,MS,GOLDM,,,
2026-04-12T21:30:41.369Z,market,trade,TESTE,99924.3204929591,97,,,,UBS,MS,,,
2026-04-12T21:30:41.519Z,market,trade,TESTE,99930.0131952337,139,,,,GOLDM,GOLDM,,,
2026-04-12T21:30:41.683Z,market,trade,TESTE,99918.06307178561,35,,,,MS,CS,,,
2026-04-12T21:30:41.849Z,market,trade,TESTE,99921.29688006664,48,,,,BTG,ITAU,,,
2026-04-12T21:30:42.001Z,market,trade,TESTE,99921.77200275034,191,,,,MS,BTG,,,
2026-04-12T21:30:42.169Z,market,trade,TESTE,99917.28999295959,5,,,,XP,XP,,,
2026-04-12T21:30:42.335Z,market,trade,TESTE,99927.07098457166,10,,,,BARCL,XP,,,
2026-04-12T21:30:42.500Z,market,trade,TESTE,99921.8114565191,24,,,,CS,ITAU,,,
2026-04-12T21:30:42.661Z,market,trade,TESTE,99936.24157822713,127,,,,JPM,XP,,,
2026-04-12T21:30:42.813Z,market,trade,TESTE,99938.28736560686,5,,,,CITI,CS,,,
2026-04-12T21:30:42.964Z,market,trade,TESTE,99924.72003893896,141,,,,CITI,BARCL,,,
2026-04-12T21:30:43.118Z,market,trade,TESTE,99927.77743683774,196,,,,ITAU,BTG,,,
2026-04-12T21:30:43.283Z,market,trade,TESTE,99940.56691462224,121,,,,CS,GOLDM,,,
2026-04-12T21:30:43.434Z,market,trade,TESTE,99931.103342356,138,,,,MS,ITAU,,,
2026-04-12T21:30:43.585Z,market,trade,TESTE,99929.86507903566,67,,,,CITI,BTG,,,
2026-04-12T21:30:43.736Z,market,trade,TESTE,99940.84392975493,181,,,,GOLDM,XP,,,
2026-04-12T21:30:43.900Z,market,trade,TESTE,99929.039025923,59,,,,CS,GOLDM,,,
2026-04-12T21:30:44.066Z,market,trade,TESTE,99943.12464933835,112,,,,JPM,CS,,,
2026-04-12T21:30:44.232Z,market,trade,TESTE,99935.47671909515,156,,,,GOLDM,JPM,,,
2026-04-12T21:30:44.385Z,market,trade,TESTE,99946.1238642689,67,,,,CS,GOLDM,,,
2026-04-12T21:30:44.538Z,market,trade,TESTE,99939.59461281197,69,,,,CS,CS,,,
2026-04-12T21:30:44.702Z,market,trade,TESTE,99941.33744920477,38,,,,UBS,XP,,,
2026-04-12T21:30:44.852Z,market,trade,TESTE,99953.52555996328,73,,,,BTG,BARCL,,,
2026-04-12T21:30:45.003Z,market,trade,TESTE,99951.28322840235,37,,,,BTG,GOLDM,,,
2026-04-12T21:30:45.153Z,market,trade,TESTE,99938.65421298605,66,,,,CS,JPM,,,
2026-04-12T21:30:45.303Z,market,trade,TESTE,99952.33809081589,13,,,,BARCL,GOLDM,,,
2026-04-12T21:30:45.454Z,market,trade,TESTE,99937.49438627249,193,,,,ITAU,BTG,,,
2026-04-12T21:30:45.605Z,market,trade,TESTE,99934.904063397,197,,,,MS,CITI,,,
2026-04-12T21:30:45.770Z,market,trade,TESTE,99931.78297074467,105,,,,UBS,BTG,,,
2026-04-12T21:30:45.921Z,market,trade,TESTE,99933.80082039157,74,,,,ITAU,XP,,,
2026-04-12T21:30:46.083Z,market,trade,TESTE,99933.16841341215,172,,,,CITI,JPM,,,
2026-04-12T21:30:46.233Z,market,trade,TESTE,99939.4369982986,86,,,,BARCL,JPM,,,
2026-04-12T21:30:46.386Z,market,trade,TESTE,99927.68567865338,62,,,,BARCL,CITI,,,
2026-04-12T21:30:46.549Z,market,trade,TESTE,99928.6520632081,57,,,,ITAU,UBS,,,
2026-04-12T21:30:46.701Z,market,trade,TESTE,99926.80048066653,85,,,,MS,BTG,,,
2026-04-12T21:30:46.854Z,market,trade,TESTE,99931.8128562616,11,,,,UBS,JPM,,,
2026-04-12T21:30:47.006Z,market,trade,TESTE,99933.54062615013,7,,,,CS,JPM,,,
2026-04-12T21:30:47.162Z,market,trade,TESTE,99933.23953729718,175,,,,BTG,MS,,,
2026-04-12T21:30:47.322Z,market,trade,TESTE,99936.68113794625,90,,,,ITAU,GOLDM,,,
2026-04-12T21:30:47.480Z,market,trade,TESTE,99940.02997713746,152,,,,ITAU,CITI,,,
2026-04-12T21:30:47.632Z,market,trade,TESTE,99928.85991025907,145,,,,ITAU,BTG,,,
2026-04-12T21:30:47.783Z,market,trade,TESTE,99931.48920554463,150,,,,GOLDM,JPM,,,
2026-04-12T21:30:47.934Z,market,trade,TESTE,99941.06418973839,179,,,,CITI,BTG,,,
2026-04-12T21:30:48.084Z,market,trade,TESTE,99941.30862397714,131,,,,BARCL,BTG,,,
2026-04-12T21:30:48.237Z,market,trade,TESTE,99941.69198620872,111,,,,CS,BTG,,,
2026-04-12T21:30:48.387Z,market,trade,TESTE,99939.46809101348,116,,,,JPM,BTG,,,
2026-04-12T21:30:48.540Z,market,trade,TESTE,99940.0461750651,165,,,,GOLDM,GOLDM,,,
2026-04-12T21:30:48.692Z,market,trade,TESTE,99940.18943461748,76,,,,GOLDM,XP,,,
2026-04-12T21:30:48.844Z,market,trade,TESTE,99926.01825323222,75,,,,ITAU,UBS,,,
2026-04-12T21:30:48.999Z,market,trade,TESTE,99925.18746001161,161,,,,JPM,XP,,,
2026-04-12T21:30:49.152Z,market,trade,TESTE,99932.6879837215,172,,,,BARCL,XP,,,
2026-04-12T21:30:49.302Z,market,trade,TESTE,99928.73806001963,110,,,,UBS,MS,,,
2026-04-12T21:30:49.462Z,market,trade,TESTE,99931.43865290974,144,,,,JPM,XP,,,
2026-04-12T21:30:49.618Z,market,trade,TESTE,99916.8319452739,26,,,,CS,CS,,,
2026-04-12T21:30:49.769Z,market,trade,TESTE,99931.20299403278,21,,,,XP,ITAU,,,
2026-04-12T21:30:49.936Z,market,trade,TESTE,99929.19905155884,184,,,,BTG,XP,,,
2026-04-12T21:30:50.086Z,market,trade,TESTE,99924.5889919093,82,,,,UBS,UBS,,,
2026-04-12T21:30:50.239Z,market,trade,TESTE,99923.32012037675,88,,,,JPM,MS,,,
2026-04-12T21:30:50.390Z,market,trade,TESTE,99915.11424207651,104,,,,UBS,ITAU,,,
2026-04-12T21:30:50.552Z,market,trade,TESTE,99910.18323850153,128,,,,MS,BTG,,,
2026-04-12T21:30:50.702Z,market,trade,TESTE,99914.69686634163,86,,,,ITAU,BTG,,,
2026-04-12T21:30:50.856Z,market,trade,TESTE,99918.32225073193,106,,,,BTG,GOLDM,,,
2026-04-12T21:30:51.007Z,market,trade,TESTE,99930.39351825425,99,,,,JPM,UBS,,,
2026-04-12T21:30:51.157Z,market,trade,TESTE,99918.48408878053,93,,,,ITAU,BARCL,,,
2026-04-12T21:30:51.309Z,market,trade,TESTE,99917.41029654497,92,,,,XP,CS,,,
2026-04-12T21:30:51.461Z,market,trade,TESTE,99922.80952997327,174,,,,GOLDM,CS,,,
2026-04-12T21:30:51.614Z,market,trade,TESTE,99923.7104075037,131,,,,BTG,UBS,,,
2026-04-12T21:30:51.776Z,market,trade,TESTE,99914.41576498101,123,,,,XP,UBS,,,
2026-04-12T21:30:51.934Z,market,trade,TESTE,99922.64725426032,58,,,,CITI,XP,,,
2026-04-12T21:30:52.087Z,market,trade,TESTE,99926.17409504665,75,,,,BARCL,CS,,,
2026-04-12T21:30:52.242Z,market,trade,TESTE,99919.59486518662,84,,,,ITAU,GOLDM,,,
2026-04-12T21:30:52.399Z,market,trade,TESTE,99929.31118585265,101,,,,JPM,CITI,,,
2026-04-12T21:30:52.550Z,market,trade,TESTE,99918.62595126148,146,,,,MS,UBS,,,
2026-04-12T21:30:52.705Z,market,trade,TESTE,99930.4144758238,113,,,,GOLDM,ITAU,,,
2026-04-12T21:30:52.868Z,market,trade,TESTE,99925.45633622432,188,,,,CITI,JPM,,,
2026-04-12T21:30:53.021Z,market,trade,TESTE,99911.07552304726,144,,,,JPM,MS,,,
2026-04-12T21:30:53.174Z,market,trade,TESTE,99923.40678913624,172,,,,UBS,MS,,,
2026-04-12T21:30:53.337Z,market,trade,TESTE,99912.11005324034,200,,,,BARCL,JPM,,,
2026-04-12T21:30:53.492Z,market,trade,TESTE,99915.20791606385,100,,,,XP,XP,,,
2026-04-12T21:30:53.642Z,market,trade,TESTE,99918.71526436573,25,,,,CS,CS,,,
2026-04-12T21:30:53.801Z,market,trade,TESTE,99916.99224046808,136,,,,ITAU,BARCL,,,
2026-04-12T21:30:53.967Z,market,trade,TESTE,99920.0433666577,57,,,,GOLDM,GOLDM,,,
2026-04-12T21:30:54.118Z,market,trade,TESTE,99933.94440670311,105,,,,BARCL,CITI,,,
2026-04-12T21:30:54.275Z,market,trade,TESTE,99926.89744148942,41,,,,MS,BTG,,,
2026-04-12T21:30:54.429Z,market,trade,TESTE,99929.11530352078,30,,,,BTG,MS,,,
2026-04-12T21:30:54.585Z,market,trade,TESTE,99943.83058034927,172,,,,BTG,MS,,,
2026-04-12T21:30:54.737Z,market,trade,TESTE,99948.3840176075,65,,,,CS,GOLDM,,,
2026-04-12T21:30:54.898Z,market,trade,TESTE,99952.33493317864,113,,,,BARCL,UBS,,,
2026-04-12T21:30:55.052Z,market,trade,TESTE,99955.49498987556,132,,,,JPM,JPM,,,
2026-04-12T21:30:55.203Z,market,trade,TESTE,99942.09135253727,116,,,,JPM,GOLDM,,,
2026-04-12T21:30:55.367Z,market,trade,TESTE,99948.43623557419,95,,,,GOLDM,ITAU,,,
2026-04-12T21:30:55.532Z,market,trade,TESTE,99951.17458254582,130,,,,UBS,ITAU,,,
2026-04-12T21:30:55.685Z,market,trade,TESTE,99937.57106666865,183,,,,UBS,ITAU,,,
2026-04-12T21:30:55.836Z,market,trade,TESTE,99941.76116861943,36,,,,XP,JPM,,,
2026-04-12T21:30:55.989Z,market,trade,TESTE,99950.55865862896,178,,,,CITI,GOLDM,,,
2026-04-12T21:30:56.148Z,market,trade,TESTE,99941.87486213476,136,,,,BTG,CITI,,,
2026-04-12T21:30:56.298Z,market,trade,TESTE,99937.18884841925,174,,,,GOLDM,BTG,,,
2026-04-12T21:30:56.452Z,market,trade,TESTE,99951.65066883832,85,,,,ITAU,BTG,,,
2026-04-12T21:30:56.605Z,market,trade,TESTE,99949.88587307201,13,,,,BTG,CITI,,,
2026-04-12T21:30:56.759Z,market,trade,TESTE,99950.11426008966,154,,,,MS,BARCL,,,
2026-04-12T21:30:56.920Z,market,trade,TESTE,99951.68007251907,96,,,,CS,GOLDM,,,
2026-04-12T21:30:57.071Z,market,trade,TESTE,99955.85209062384,181,,,,ITAU,BTG,,,
2026-04-12T21:30:57.234Z,market,trade,TESTE,99952.95014908409,89,,,,BARCL,MS,,,
2026-04-12T21:30:57.385Z,market,trade,TESTE,99953.45900525777,184,,,,CITI,BARCL,,,
2026-04-12T21:30:57.550Z,market,trade,TESTE,99957.5189516667,75,,,,JPM,ITAU,,,
2026-04-12T21:30:57.710Z,market,trade,TESTE,99947.40714170843,164,,,,CITI,JPM,,,
2026-04-12T21:30:57.874Z,market,trade,TESTE,99945.25505910811,63,,,,ITAU,CS,,,
2026-04-12T21:30:58.030Z,market,trade,TESTE,99954.81671101358,140,,,,BARCL,UBS,,,
2026-04-12T21:30:58.189Z,market,trade,TESTE,99955.65929589058,13,,,,CITI,XP,,,
2026-04-12T21:30:58.361Z,market,trade,TESTE,99951.5069828046,181,,,,JPM,CS,,,
2026-04-12T21:30:58.528Z,market,trade,TESTE,99953.9710430039,6,,,,XP,BTG,,,
2026-04-12T21:30:58.690Z,market,trade,TESTE,99950.94793931974,195,,,,ITAU,JPM,,,
2026-04-12T21:30:58.851Z,market,trade,TESTE,99950.36009650161,18,,,,GOLDM,BTG,,,
2026-04-12T21:30:59.013Z,market,trade,TESTE,99939.39466085883,185,,,,XP,XP,,,
2026-04-12T21:30:59.171Z,market,trade,TESTE,99938.22678962504,196,,,,XP,JPM,,,
2026-04-12T21:30:59.327Z,market,trade,TESTE,99936.25594724789,98,,,,GOLDM,ITAU,,,
2026-04-12T21:30:59.485Z,market,trade,TESTE,99938.3497947395,7,,,,BTG,BARCL,,,
2026-04-12T21:30:59.636Z,market,trade,TESTE,99936.94620587847,74,,,,GOLDM,XP,,,
2026-04-12T21:30:59.801Z,market,trade,TESTE,99940.46206598554,182,,,,ITAU,MS,,,
2026-04-12T21:30:59.953Z,market,trade,TESTE,99946.41846896034,153,,,,CITI,BTG,,,
2026-04-12T21:31:00.118Z,market,trade,TESTE,99932.0839287833,147,,,,CS,XP,,,
2026-04-12T21:31:00.269Z,market,trade,TESTE,99927.51749558936,96,,,,CS,JPM,,,
2026-04-12T21:31:00.420Z,market,trade,TESTE,99929.25143338411,41,,,,BARCL,XP,,,
2026-04-12T21:31:00.573Z,market,trade,TESTE,99937.32034590626,104,,,,GOLDM,MS,,,
2026-04-12T21:31:00.737Z,market,trade,TESTE,99930.06629438078,30,,,,CITI,BARCL,,,
2026-04-12T21:31:00.889Z,market,trade,TESTE,99942.38964974183,196,,,,ITAU,UBS,,,
2026-04-12T21:31:01.051Z,market,trade,TESTE,99927.51808851992,51,,,,XP,XP,,,
2026-04-12T21:31:01.217Z,market,trade,TESTE,99940.68123476914,15,,,,GOLDM,JPM,,,
2026-04-12T21:31:01.368Z,market,trade,TESTE,99928.37696503686,64,,,,BTG,CITI,,,
2026-04-12T21:31:01.519Z,market,trade,TESTE,99927.74882577788,138,,,,JPM,CS,,,
2026-04-12T21:31:01.681Z,market,trade,TESTE,99927.04935975619,141,,,,JPM,BTG,,,
2026-04-12T21:31:01.834Z,market,trade,TESTE,99932.26541032629,49,,,,XP,CS,,,
2026-04-12T21:31:01.999Z,market,trade,TESTE,99931.59718139328,77,,,,BTG,ITAU,,,
2026-04-12T21:31:02.150Z,market,trade,TESTE,99917.86835197045,106,,,,XP,GOLDM,,,
2026-04-12T21:31:02.306Z,market,trade,TESTE,99925.44548193259,60,,,,MS,BTG,,,
2026-04-12T21:31:02.458Z,market,trade,TESTE,99921.9644100025,177,,,,UBS,UBS,,,
2026-04-12T21:31:02.621Z,market,trade,TESTE,99913.05604294347,105,,,,UBS,UBS,,,
2026-04-12T21:31:02.774Z,market,trade,TESTE,99920.34813838909,80,,,,CITI,BARCL,,,
2026-04-12T21:31:02.937Z,market,trade,TESTE,99924.19143057596,121,,,,BTG,CS,,,
2026-04-12T21:31:03.100Z,market,trade,TESTE,99922.14951932145,43,,,,MS,CITI,,,
2026-04-12T21:31:03.262Z,market,trade,TESTE,99921.20223769458,94,,,,CITI,JPM,,,
2026-04-12T21:31:03.418Z,market,trade,TESTE,99907.32412471776,14,,,,ITAU,CITI,,,
2026-04-12T21:31:03.569Z,market,trade,TESTE,99920.93730126655,35,,,,CS,JPM,,,
2026-04-12T21:31:03.731Z,market,trade,TESTE,99906.89735129727,148,,,,CITI,JPM,,,
2026-04-12T21:31:03.897Z,market,trade,TESTE,99905.81018844625,30,,,,XP,JPM,,,
2026-04-12T21:31:04.063Z,market,trade,TESTE,99917.336262906,69,,,,JPM,BARCL,,,
2026-04-12T21:31:04.215Z,market,trade,TESTE,99915.00300998746,113,,,,MS,UBS,,,
2026-04-12T21:31:04.370Z,market,trade,TESTE,99916.99502300471,83,,,,ITAU,XP,,,
2026-04-12T21:31:04.533Z,market,trade,TESTE,99910.81355848128,37,,,,UBS,MS,,,
2026-04-12T21:31:04.698Z,market,trade,TESTE,99908.6160296685,179,,,,CS,CS,,,
2026-04-12T21:31:04.863Z,market,trade,TESTE,99907.56424672624,21,,,,GOLDM,JPM,,,
2026-04-12T21:31:05.029Z,market,trade,TESTE,99908.02716640435,60,,,,GOLDM,JPM,,,
2026-04-12T21:31:05.182Z,market,trade,TESTE,99915.52278849405,56,,,,GOLDM,CITI,,,
2026-04-12T21:31:05.347Z,market,trade,TESTE,99902.84646093556,180,,,,CITI,BARCL,,,
2026-04-12T21:31:05.500Z,market,trade,TESTE,99912.1172849103,197,,,,GOLDM,CS,,,
2026-04-12T21:31:05.664Z,market,trade,TESTE,99907.16060964602,197,,,,ITAU,CS,,,
2026-04-12T21:31:05.830Z,market,trade,TESTE,99905.84950991931,189,,,,CS,UBS,,,
2026-04-12T21:31:05.982Z,market,trade,TESTE,99894.3914320646,199,,,,MS,CITI,,,
2026-04-12T21:31:06.144Z,market,trade,TESTE,99896.05891156566,22,,,,GOLDM,BTG,,,
2026-04-12T21:31:06.298Z,market,trade,TESTE,99896.64852495106,95,,,,BTG,ITAU,,,
2026-04-12T21:31:06.450Z,market,trade,TESTE,99903.6784110151,198,,,,CITI,BTG,,,
2026-04-12T21:31:06.613Z,market,trade,TESTE,99899.18058179019,76,,,,MS,XP,,,
2026-04-12T21:31:06.766Z,market,trade,TESTE,99885.82927603018,176,,,,MS,BARCL,,,
2026-04-12T21:31:06.931Z,market,trade,TESTE,99885.14923286694,128,,,,CS,CS,,,
2026-04-12T21:31:07.082Z,market,trade,TESTE,99890.65373311391,97,,,,CS,CITI,,,
2026-04-12T21:31:07.232Z,market,trade,TESTE,99895.44617686707,113,,,,ITAU,BARCL,,,
2026-04-12T21:31:07.384Z,market,trade,TESTE,99896.75778720596,35,,,,BARCL,BARCL,,,
2026-04-12T21:31:07.551Z,market,trade,TESTE,99892.80891848629,45,,,,BTG,MS,,,
2026-04-12T21:31:07.713Z,market,trade,TESTE,99885.95387532181,141,,,,UBS,MS,,,
2026-04-12T21:31:07.864Z,market,trade,TESTE,99889.22748465667,8,,,,UBS,BTG,,,
2026-04-12T21:31:08.029Z,market,trade,TESTE,99901.78262793855,159,,,,BARCL,BTG,,,
2026-04-12T21:31:08.180Z,market,trade,TESTE,99896.71330742563,11,,,,XP,MS,,,
2026-04-12T21:31:08.333Z,market,trade,TESTE,99899.73291863572,42,,,,XP,CS,,,
2026-04-12T21:31:08.484Z,market,trade,TESTE,99904.37790657875,10,,,,UBS,BTG,,,
2026-04-12T21:31:08.648Z,market,trade,TESTE,99905.2373936025,155,,,,XP,XP,,,
2026-04-12T21:31:08.812Z,market,trade,TESTE,99902.04546044508,8,,,,CS,UBS,,,
2026-04-12T21:31:08.965Z,market,trade,TESTE,99905.44584866922,81,,,,GOLDM,UBS,,,
2026-04-12T21:31:09.131Z,market,trade,TESTE,99904.63026737691,54,,,,BTG,JPM,,,
2026-04-12T21:31:09.282Z,market,trade,TESTE,99909.42988533701,164,,,,GOLDM,BARCL,,,
2026-04-12T21:31:09.447Z,market,trade,TESTE,99911.98199827533,113,,,,JPM,JPM,,,
2026-04-12T21:31:09.598Z,market,trade,TESTE,99915.35143436975,104,,,,CS,CS,,,
2026-04-12T21:31:09.750Z,market,trade,TESTE,99912.71968255956,79,,,,ITAU,CS,,,
2026-04-12T21:31:09.915Z,market,trade,TESTE,99926.15498948049,7,,,,MS,ITAU,,,
2026-04-12T21:31:10.081Z,market,trade,TESTE,99913.02654648898,171,,,,CITI,XP,,,
2026-04-12T21:31:10.232Z,market,trade,TESTE,99926.4109868434,28,,,,CITI,ITAU,,,
2026-04-12T21:31:10.396Z,market,trade,TESTE,99922.5611790685,60,,,,BTG,CS,,,
2026-04-12T21:31:10.547Z,market,trade,TESTE,99918.37215416112,13,,,,BARCL,JPM,,,
2026-04-12T21:31:10.698Z,market,trade,TESTE,99915.5758773257,17,,,,CS,CS,,,
2026-04-12T21:31:10.849Z,market,trade,TESTE,99905.3664004522,164,,,,XP,XP,,,
2026-04-12T21:31:11.015Z,market,trade,TESTE,99914.21774519088,41,,,,JPM,BTG,,,
2026-04-12T21:31:11.180Z,market,trade,TESTE,99904.85812088782,19,,,,BTG,BTG,,,
2026-04-12T21:31:11.330Z,market,trade,TESTE,99900.46614269422,198,,,,BTG,BARCL,,,
2026-04-12T21:31:11.485Z,market,trade,TESTE,99899.59154413898,82,,,,GOLDM,BARCL,,,
2026-04-12T21:31:11.646Z,market,trade,TESTE,99897.58343739551,53,,,,CITI,MS,,,
2026-04-12T21:31:11.798Z,market,trade,TESTE,99912.4625404185,122,,,,BTG,BARCL,,,
2026-04-12T21:31:11.948Z,market,trade,TESTE,99902.97494936726,84,,,,BTG,GOLDM,,,
2026-04-12T21:31:12.114Z,market,trade,TESTE,99917.52221946015,49,,,,CITI,BARCL,,,
2026-04-12T21:31:12.266Z,market,trade,TESTE,99909.20936399988,168,,,,JPM,ITAU,,,
2026-04-12T21:31:12.419Z,market,trade,TESTE,99918.85572949005,155,,,,XP,CS,,,
2026-04-12T21:31:12.579Z,market,trade,TESTE,99907.2811898999,73,,,,ITAU,CITI,,,
2026-04-12T21:31:12.732Z,market,trade,TESTE,99921.28658024177,130,,,,CITI,JPM,,,
2026-04-12T21:31:12.897Z,market,trade,TESTE,99920.18226011384,110,,,,ITAU,XP,,,
2026-04-12T21:31:13.050Z,market,trade,TESTE,99924.4883470048,112,,,,XP,JPM,,,
2026-04-12T21:31:13.214Z,market,trade,TESTE,99924.42755992386,177,,,,BARCL,GOLDM,,,
2026-04-12T21:31:13.365Z,market,trade,TESTE,99923.21923473824,149,,,,MS,ITAU,,,
2026-04-12T21:31:13.515Z,market,trade,TESTE,99914.27489564012,166,,,,XP,ITAU,,,
2026-04-12T21:31:13.680Z,market,trade,TESTE,99929.049580118,56,,,,ITAU,MS,,,
2026-04-12T21:31:13.832Z,market,trade,TESTE,99924.10578006938,181,,,,XP,ITAU,,,
2026-04-12T21:31:13.998Z,market,trade,TESTE,99912.56673700325,191,,,,GOLDM,BTG,,,
2026-04-12T21:31:14.163Z,market,trade,TESTE,99919.5095509379,111,,,,CITI,JPM,,,
2026-04-12T21:31:14.314Z,market,trade,TESTE,99921.38899108167,143,,,,JPM,UBS,,,
2026-04-12T21:31:14.468Z,market,trade,TESTE,99915.13084651597,126,,,,XP,BTG,,,
2026-04-12T21:31:14.635Z,market,trade,TESTE,99916.35911146645,118,,,,MS,UBS,,,
2026-04-12T21:31:14.798Z,market,trade,TESTE,99915.96572082676,184,,,,BARCL,BTG,,,
2026-04-12T21:31:14.963Z,market,trade,TESTE,99915.71974079795,139,,,,CITI,XP,,,
2026-04-12T21:31:15.114Z,market,trade,TESTE,99926.28147480944,152,,,,BARCL,MS,,,
2026-04-12T21:31:15.265Z,market,trade,TESTE,99922.04783918198,137,,,,UBS,GOLDM,,,
2026-04-12T21:31:15.417Z,market,trade,TESTE,99922.78636579959,156,,,,XP,BARCL,,,
2026-04-12T21:31:15.581Z,market,trade,TESTE,99910.66321189159,30,,,,XP,XP,,,
2026-04-12T21:31:15.746Z,market,trade,TESTE,99914.9607590915,27,,,,CS,MS,,,
2026-04-12T21:31:15.898Z,market,trade,TESTE,99924.16204992741,114,,,,MS,BARCL,,,
2026-04-12T21:31:16.063Z,market,trade,TESTE,99921.31003026309,165,,,,CITI,BTG,,,
2026-04-12T21:31:16.216Z,market,trade,TESTE,99925.92683392444,81,,,,CS,CS,,,
2026-04-12T21:31:16.381Z,market,trade,TESTE,99928.68728993776,92,,,,JPM,JPM,,,
2026-04-12T21:31:16.547Z,market,trade,TESTE,99919.40879067815,60,,,,GOLDM,JPM,,,
2026-04-12T21:31:16.699Z,market,trade,TESTE,99918.7217661047,118,,,,BTG,XP,,,
2026-04-12T21:31:16.849Z,market,trade,TESTE,99924.77869411669,84,,,,XP,MS,,,
2026-04-12T21:31:17.000Z,market,trade,TESTE,99910.6220521197,162,,,,CS,GOLDM,,,
2026-04-12T21:31:17.165Z,market,trade,TESTE,99906.57640279879,125,,,,BTG,JPM,,,
2026-04-12T21:31:17.316Z,market,trade,TESTE,99917.2379706541,120,,,,CITI,UBS,,,
2026-04-12T21:31:17.468Z,market,trade,TESTE,99908.81833625659,20,,,,CS,XP,,,
2026-04-12T21:31:17.631Z,market,trade,TESTE,99912.60345201546,65,,,,GOLDM,JPM,,,
2026-04-12T21:31:17.783Z,market,trade,TESTE,99924.90505614298,70,,,,MS,BTG,,,
2026-04-12T21:31:17.933Z,market,trade,TESTE,99924.1854923708,126,,,,JPM,CITI,,,
2026-04-12T21:31:18.098Z,market,trade,TESTE,99926.80154009712,114,,,,CS,ITAU,,,
2026-04-12T21:31:18.249Z,market,trade,TESTE,99916.41967660307,117,,,,BTG,ITAU,,,
2026-04-12T21:31:18.419Z,market,trade,TESTE,99929.0086852911,64,,,,GOLDM,BTG,,,
2026-04-12T21:31:18.583Z,market,trade,TESTE,99918.32204437657,26,,,,XP,JPM,,,
2026-04-12T21:31:18.733Z,market,trade,TESTE,99915.15712988534,183,,,,JPM,UBS,,,
2026-04-12T21:31:18.896Z,market,trade,TESTE,99915.10333433904,12,,,,CS,CITI,,,
2026-04-12T21:31:19.047Z,market,trade,TESTE,99928.30186284751,30,,,,JPM,XP,,,
2026-04-12T21:31:19.197Z,market,trade,TESTE,99918.45309642846,57,,,,CS,CS,,,
2026-04-12T21:31:19.350Z,market,trade,TESTE,99920.80838688351,35,,,,XP,MS,,,
2026-04-12T21:31:19.515Z,market,trade,TESTE,99930.77814640375,36,,,,XP,BARCL,,,
2026-04-12T21:31:19.665Z,market,trade,TESTE,99918.22407957505,110,,,,XP,BARCL,,,
2026-04-12T21:31:19.819Z,market,trade,TESTE,99921.51174351243,136,,,,CS,UBS,,,
2026-04-12T21:31:19.978Z,market,trade,TESTE,99929.29188252783,129,,,,XP,UBS,,,
2026-04-12T21:31:20.131Z,market,trade,TESTE,99929.99412431246,126,,,,XP,ITAU,,,
2026-04-12T21:31:20.296Z,market,trade,TESTE,99931.73694827547,47,,,,ITAU,UBS,,,
2026-04-12T21:31:20.452Z,market,trade,TESTE,99925.4383257499,42,,,,GOLDM,CITI,,,
2026-04-12T21:31:20.613Z,market,trade,TESTE,99928.71481455155,65,,,,ITAU,ITAU,,,
2026-04-12T21:31:20.766Z,market,trade,TESTE,99938.00821044866,33,,,,CITI,BTG,,,
2026-04-12T21:31:20.932Z,market,trade,TESTE,99934.61226587638,197,,,,XP,ITAU,,,
2026-04-12T21:31:21.095Z,market,trade,TESTE,99920.50281505089,154,,,,XP,UBS,,,
2026-04-12T21:31:21.248Z,market,trade,TESTE,99917.65101709975,136,,,,MS,JPM,,,
2026-04-12T21:31:21.401Z,market,trade,TESTE,99923.8450937621,114,,,,JPM,UBS,,,
2026-04-12T21:31:21.563Z,market,trade,TESTE,99917.32261828582,67,,,,GOLDM,GOLDM,,,
2026-04-12T21:31:21.715Z,market,trade,TESTE,99916.91625826652,119,,,,MS,GOLDM,,,
2026-04-12T21:31:21.880Z,market,trade,TESTE,99916.93333469071,42,,,,XP,CS,,,
2026-04-12T21:31:22.031Z,market,trade,TESTE,99912.39057181981,198,,,,JPM,JPM,,,
2026-04-12T21:31:22.182Z,market,trade,TESTE,99919.43925955794,78,,,,ITAU,BTG,,,
2026-04-12T21:31:22.348Z,market,trade,TESTE,99924.00494954087,38,,,,GOLDM,UBS,,,
2026-04-12T21:31:22.500Z,market,trade,TESTE,99912.20220692035,15,,,,ITAU,CITI,,,
2026-04-12T21:31:22.664Z,market,trade,TESTE,99922.61379764533,188,,,,ITAU,GOLDM,,,
2026-04-12T21:31:22.830Z,market,trade,TESTE,99920.93121420259,36,,,,UBS,JPM,,,
2026-04-12T21:31:22.983Z,market,trade,TESTE,99920.83549113973,86,,,,XP,BARCL,,,
2026-04-12T21:31:23.149Z,market,trade,TESTE,99924.72474398265,28,,,,CS,GOLDM,,,
2026-04-12T21:31:23.300Z,market,trade,TESTE,99911.85675981996,126,,,,JPM,UBS,,,
2026-04-12T21:31:23.452Z,market,trade,TESTE,99916.28367743843,132,,,,MS,CITI,,,
2026-04-12T21:31:23.616Z,market,trade,TESTE,99911.91168044471,44,,,,CS,UBS,,,
2026-04-12T21:31:23.766Z,market,trade,TESTE,99914.291467858,133,,,,MS,JPM,,,
2026-04-12T21:31:23.931Z,market,trade,TESTE,99913.78301483724,40,,,,XP,MS,,,
2026-04-12T21:31:24.083Z,market,trade,TESTE,99914.85275098296,121,,,,BARCL,BARCL,,,
2026-04-12T21:31:24.247Z,market,trade,TESTE,99912.48008434287,142,,,,CS,MS,,,
2026-04-12T21:31:24.398Z,market,trade,TESTE,99924.67883465411,173,,,,XP,XP,,,
2026-04-12T21:31:24.549Z,market,trade,TESTE,99927.80657460006,190,,,,UBS,GOLDM,,,
2026-04-12T21:31:24.714Z,market,trade,TESTE,99912.90400402465,111,,,,BARCL,JPM,,,
2026-04-12T21:31:24.867Z,market,trade,TESTE,99918.90190842452,135,,,,BTG,BARCL,,,
2026-04-12T21:31:25.032Z,market,trade,TESTE,99923.73904939092,5,,,,CITI,MS,,,
2026-04-12T21:31:25.183Z,market,trade,TESTE,99923.1288194427,176,,,,BTG,MS,,,
2026-04-12T21:31:25.348Z,market,trade,TESTE,99911.92782519164,142,,,,GOLDM,CS,,,
2026-04-12T21:31:25.501Z,market,trade,TESTE,99907.53440440535,6,,,,BARCL,CITI,,,
2026-04-12T21:31:25.665Z,market,trade,TESTE,99912.24222204123,53,,,,ITAU,XP,,,
2026-04-12T21:31:25.831Z,market,trade,TESTE,99912.90152177232,150,,,,CS,BARCL,,,
2026-04-12T21:31:25.981Z,market,trade,TESTE,99913.09412957009,168,,,,XP,CS,,,
2026-04-12T21:31:26.147Z,market,trade,TESTE,99909.14489894273,200,,,,BARCL,ITAU,,,
2026-04-12T21:31:26.300Z,market,trade,TESTE,99909.11791120014,111,,,,CITI,ITAU,,,
2026-04-12T21:31:26.453Z,market,trade,TESTE,99905.62194710085,148,,,,CITI,BTG,,,
2026-04-12T21:31:26.614Z,market,trade,TESTE,99907.82499210988,190,,,,BTG,CITI,,,
2026-04-12T21:31:26.766Z,market,trade,TESTE,99914.38531534803,119,,,,CS,JPM,,,
2026-04-12T21:31:26.927Z,market,trade,TESTE,99913.92391140299,70,,,,MS,ITAU,,,
2026-04-12T21:31:27.082Z,market,trade,TESTE,99903.58614619944,138,,,,ITAU,JPM,,,
2026-04-12T21:31:27.232Z,market,trade,TESTE,99902.75787492482,191,,,,GOLDM,MS,,,
2026-04-12T21:31:27.383Z,market,trade,TESTE,99903.68837363004,6,,,,UBS,BARCL,,,
2026-04-12T21:31:27.547Z,market,trade,TESTE,99907.50410168245,78,,,,CS,BTG,,,
2026-04-12T21:31:27.698Z,market,trade,TESTE,99904.83207613307,199,,,,BTG,ITAU,,,
2026-04-12T21:31:27.864Z,market,trade,TESTE,99905.0571480108,100,,,,CS,GOLDM,,,
2026-04-12T21:31:28.016Z,market,trade,TESTE,99914.80306598065,195,,,,XP,BTG,,,
2026-04-12T21:31:28.182Z,market,trade,TESTE,99919.75558621429,103,,,,MS,BTG,,,
2026-04-12T21:31:28.348Z,market,trade,TESTE,99922.3107422983,131,,,,BARCL,BARCL,,,
2026-04-12T21:31:28.500Z,market,trade,TESTE,99923.27741799313,48,,,,GOLDM,CS,,,
2026-04-12T21:31:28.652Z,market,trade,TESTE,99909.7908528523,171,,,,UBS,GOLDM,,,
2026-04-12T21:31:28.815Z,market,trade,TESTE,99913.56354246676,67,,,,BTG,BTG,,,
2026-04-12T21:31:28.979Z,market,trade,TESTE,99908.66272532774,12,,,,JPM,CS,,,
2026-04-12T21:31:29.132Z,market,trade,TESTE,99918.28082336124,29,,,,CS,CS,,,
2026-04-12T21:31:29.296Z,market,trade,TESTE,99916.4585796628,98,,,,JPM,MS,,,
2026-04-12T21:31:29.454Z,market,trade,TESTE,99916.29464339318,61,,,,JPM,CS,,,
2026-04-12T21:31:29.605Z,market,trade,TESTE,99908.14253367142,77,,,,ITAU,BARCL,,,
2026-04-12T21:31:29.765Z,market,trade,TESTE,99911.073786132,33,,,,JPM,ITAU,,,
2026-04-12T21:31:29.916Z,market,trade,TESTE,99915.5588469706,17,,,,ITAU,BTG,,,
2026-04-12T21:31:30.066Z,market,trade,TESTE,99916.66463897143,189,,,,CS,XP,,,
2026-04-12T21:31:30.216Z,market,trade,TESTE,99916.26556716516,32,,,,JPM,ITAU,,,
2026-04-12T21:31:30.382Z,market,trade,TESTE,99921.78423171905,137,,,,JPM,GOLDM,,,
2026-04-12T21:31:30.547Z,market,trade,TESTE,99908.81357400036,198,,,,CS,BTG,,,
2026-04-12T21:31:30.700Z,market,trade,TESTE,99905.41151777364,77,,,,UBS,XP,,,
2026-04-12T21:31:30.862Z,market,trade,TESTE,99912.84994294576,105,,,,JPM,ITAU,,,
2026-04-12T21:31:31.015Z,market,trade,TESTE,99898.97159727057,132,,,,CS,XP,,,
2026-04-12T21:31:31.181Z,market,trade,TESTE,99897.09828383976,152,,,,MS,GOLDM,,,
2026-04-12T21:31:31.344Z,market,trade,TESTE,99898.43993581917,63,,,,MS,XP,,,
2026-04-12T21:31:31.500Z,market,trade,TESTE,99909.06087084826,200,,,,BARCL,MS,,,
2026-04-12T21:31:31.665Z,market,trade,TESTE,99894.38683241677,184,,,,ITAU,ITAU,,,
2026-04-12T21:31:31.816Z,market,trade,TESTE,99902.14439330337,47,,,,BTG,CS,,,
2026-04-12T21:31:31.967Z,market,trade,TESTE,99896.94501795796,28,,,,MS,CITI,,,
2026-04-12T21:31:32.131Z,market,trade,TESTE,99893.51078166821,162,,,,BTG,XP,,,
2026-04-12T21:31:32.283Z,market,trade,TESTE,99900.00113807617,97,,,,BTG,GOLDM,,,
2026-04-12T21:31:32.435Z,market,trade,TESTE,99902.64669324187,30,,,,JPM,XP,,,
2026-04-12T21:31:32.598Z,market,trade,TESTE,99889.6222528778,88,,,,BTG,BTG,,,
2026-04-12T21:31:32.749Z,market,trade,TESTE,99895.89951030505,73,,,,XP,ITAU,,,
2026-04-12T21:31:32.915Z,market,trade,TESTE,99893.85867631268,126,,,,UBS,BARCL,,,
2026-04-12T21:31:33.066Z,market,trade,TESTE,99884.6643299707,119,,,,MS,ITAU,,,
2026-04-12T21:31:33.216Z,market,trade,TESTE,99896.32378275967,163,,,,CS,MS,,,
2026-04-12T21:31:33.367Z,market,trade,TESTE,99882.10927005013,119,,,,GOLDM,CITI,,,
2026-04-12T21:31:33.532Z,market,trade,TESTE,99878.44384504686,134,,,,JPM,BTG,,,
2026-04-12T21:31:33.698Z,market,trade,TESTE,99881.09475140709,14,,,,BTG,UBS,,,
2026-04-12T21:31:33.848Z,market,trade,TESTE,99895.53185830986,26,,,,ITAU,BARCL,,,
2026-04-12T21:31:33.999Z,market,trade,TESTE,99891.77681280077,163,,,,ITAU,ITAU,,,
2026-04-12T21:31:34.164Z,market,trade,TESTE,99893.43916915824,107,,,,CITI,GOLDM,,,
2026-04-12T21:31:34.315Z,market,trade,TESTE,99885.79178195771,195,,,,BARCL,ITAU,,,
2026-04-12T21:31:34.468Z,market,trade,TESTE,99892.66316339822,23,,,,JPM,MS,,,
2026-04-12T21:31:34.631Z,market,trade,TESTE,99889.43475646981,122,,,,UBS,XP,,,
2026-04-12T21:31:34.782Z,market,trade,TESTE,99893.85610797223,65,,,,XP,JPM,,,
2026-04-12T21:31:34.948Z,market,trade,TESTE,99887.95950310792,173,,,,BTG,GOLDM,,,
2026-04-12T21:31:35.100Z,market,trade,TESTE,99886.05359529064,116,,,,MS,BARCL,,,
2026-04-12T21:31:35.265Z,market,trade,TESTE,99886.74874064642,11,,,,JPM,GOLDM,,,
2026-04-12T21:31:35.417Z,market,trade,TESTE,99883.21779688504,143,,,,CS,MS,,,
2026-04-12T21:31:35.581Z,market,trade,TESTE,99886.7296300733,34,,,,BTG,CITI,,,
2026-04-12T21:31:35.747Z,market,trade,TESTE,99889.39192493675,61,,,,CITI,UBS,,,
2026-04-12T21:31:35.900Z,market,trade,TESTE,99900.02080252962,6,,,,ITAU,CITI,,,
2026-04-12T21:31:36.065Z,market,trade,TESTE,99895.91162891232,120,,,,CS,UBS,,,
2026-04-12T21:31:36.217Z,market,trade,TESTE,99899.84372733836,194,,,,JPM,BARCL,,,
2026-04-12T21:31:36.381Z,market,trade,TESTE,99898.10183387992,157,,,,UBS,CITI,,,
2026-04-12T21:31:36.532Z,market,trade,TESTE,99885.60823752533,171,,,,GOLDM,BTG,,,
2026-04-12T21:31:36.683Z,market,trade,TESTE,99890.80691525858,99,,,,MS,CITI,,,
2026-04-12T21:31:36.848Z,market,trade,TESTE,99894.16960515002,193,,,,BARCL,GOLDM,,,
2026-04-12T21:31:37.014Z,market,trade,TESTE,99891.27295204716,12,,,,BARCL,UBS,,,
2026-04-12T21:31:37.165Z,market,trade,TESTE,99877.03308431512,22,,,,XP,ITAU,,,
2026-04-12T21:31:37.331Z,market,trade,TESTE,99876.02564143679,78,,,,CITI,MS,,,
2026-04-12T21:31:37.484Z,market,trade,TESTE,99878.93907250994,180,,,,BARCL,UBS,,,
2026-04-12T21:31:37.647Z,market,trade,TESTE,99884.31370376892,45,,,,CITI,BARCL,,,
2026-04-12T21:31:37.812Z,market,trade,TESTE,99880.11462718625,136,,,,GOLDM,XP,,,
2026-04-12T21:31:37.965Z,market,trade,TESTE,99879.09814812393,32,,,,CITI,ITAU,,,
2026-04-12T21:31:38.115Z,market,trade,TESTE,99881.49278195249,135,,,,JPM,ITAU,,,
2026-04-12T21:31:38.281Z,market,trade,TESTE,99882.10929233639,123,,,,ITAU,JPM,,,
2026-04-12T21:31:38.434Z,market,trade,TESTE,99886.73097919355,29,,,,BARCL,MS,,,
2026-04-12T21:31:38.598Z,market,trade,TESTE,99879.72700533753,156,,,,MS,GOLDM,,,
2026-04-12T21:31:38.763Z,market,trade,TESTE,99888.32731969099,72,,,,BARCL,CITI,,,
2026-04-12T21:31:38.914Z,market,trade,TESTE,99891.18301596199,151,,,,XP,MS,,,
2026-04-12T21:31:39.065Z,market,trade,TESTE,99887.42574936329,159,,,,JPM,ITAU,,,
2026-04-12T21:31:39.230Z,market,trade,TESTE,99876.48049688204,138,,,,BARCL,MS,,,
2026-04-12T21:31:39.381Z,market,trade,TESTE,99873.84684368619,54,,,,GOLDM,BTG,,,
2026-04-12T21:31:39.533Z,market,trade,TESTE,99876.443216041,79,,,,BARCL,MS,,,
2026-04-12T21:31:39.697Z,market,trade,TESTE,99886.41683702874,179,,,,UBS,ITAU,,,
2026-04-12T21:31:39.849Z,market,trade,TESTE,99878.60389269558,31,,,,BARCL,BTG,,,
2026-04-12T21:31:40.014Z,market,trade,TESTE,99885.88551640953,8,,,,CITI,CITI,,,
2026-04-12T21:31:40.164Z,market,trade,TESTE,99874.64808927014,107,,,,MS,MS,,,
2026-04-12T21:31:40.315Z,market,trade,TESTE,99888.77927116942,117,,,,GOLDM,UBS,,,
2026-04-12T21:31:40.468Z,market,trade,TESTE,99883.92428892312,126,,,,UBS,CS,,,
2026-04-12T21:31:40.633Z,market,trade,TESTE,99869.35972838572,6,,,,JPM,XP,,,
2026-04-12T21:31:40.798Z,market,trade,TESTE,99875.17764359748,67,,,,UBS,CITI,,,
2026-04-12T21:31:40.963Z,market,trade,TESTE,99868.70703720766,82,,,,CS,XP,,,
2026-04-12T21:31:41.130Z,market,trade,TESTE,99863.96774885793,184,,,,BTG,ITAU,,,
2026-04-12T21:31:41.282Z,market,trade,TESTE,99876.81072528106,76,,,,UBS,CITI,,,
2026-04-12T21:31:41.434Z,market,trade,TESTE,99871.67583274271,20,,,,JPM,CITI,,,
2026-04-12T21:31:41.589Z,market,trade,TESTE,99872.45241569763,168,,,,UBS,BTG,,,
2026-04-12T21:31:41.749Z,market,trade,TESTE,99883.85810011925,96,,,,CITI,BARCL,,,
2026-04-12T21:31:41.902Z,market,trade,TESTE,99873.36776444582,36,,,,BTG,UBS,,,
2026-04-12T21:31:42.063Z,market,trade,TESTE,99871.46899786468,66,,,,BTG,UBS,,,
2026-04-12T21:31:42.216Z,market,trade,TESTE,99877.53216670605,22,,,,CITI,JPM,,,
2026-04-12T21:31:42.381Z,market,trade,TESTE,99879.78304289475,127,,,,CS,GOLDM,,,
2026-04-12T21:31:42.532Z,market,trade,TESTE,99868.5742018509,102,,,,BARCL,JPM,,,
2026-04-12T21:31:42.683Z,market,trade,TESTE,99864.21999960071,181,,,,MS,GOLDM,,,
2026-04-12T21:31:42.848Z,market,trade,TESTE,99867.20899526277,93,,,,BTG,BARCL,,,
2026-04-12T21:31:42.999Z,market,trade,TESTE,99876.48339933372,78,,,,BTG,UBS,,,
2026-04-12T21:31:43.165Z,market,trade,TESTE,99864.73141942796,30,,,,GOLDM,BTG,,,
2026-04-12T21:31:43.331Z,market,trade,TESTE,99861.96775205874,12,,,,MS,XP,,,
2026-04-12T21:31:43.483Z,market,trade,TESTE,99857.55550216681,145,,,,UBS,CITI,,,
2026-04-12T21:31:43.634Z,market,trade,TESTE,99868.3394070077,96,,,,UBS,BTG,,,
2026-04-12T21:31:43.799Z,market,trade,TESTE,99857.00238786658,89,,,,XP,UBS,,,
2026-04-12T21:31:43.964Z,market,trade,TESTE,99855.98159752386,84,,,,XP,XP,,,
2026-04-12T21:31:44.115Z,market,trade,TESTE,99862.68046887033,53,,,,BTG,JPM,,,
2026-04-12T21:31:44.265Z,market,trade,TESTE,99855.32046375185,100,,,,GOLDM,ITAU,,,
2026-04-12T21:31:44.419Z,market,trade,TESTE,99867.75918687771,151,,,,BTG,ITAU,,,
2026-04-12T21:31:44.583Z,market,trade,TESTE,99859.05618865884,132,,,,CITI,UBS,,,
2026-04-12T21:31:44.748Z,market,trade,TESTE,99863.1568868859,13,,,,MS,BARCL,,,
2026-04-12T21:31:44.899Z,market,trade,TESTE,99859.10469398012,93,,,,XP,JPM,,,
2026-04-12T21:31:45.065Z,market,trade,TESTE,99864.22230033742,28,,,,BARCL,ITAU,,,
2026-04-12T21:31:45.218Z,market,trade,TESTE,99853.31424830607,43,,,,XP,BARCL,,,
2026-04-12T21:31:45.369Z,market,trade,TESTE,99850.1662447516,73,,,,MS,ITAU,,,
2026-04-12T21:31:45.519Z,market,trade,TESTE,99863.78964947618,13,,,,UBS,UBS,,,
2026-04-12T21:31:45.672Z,market,trade,TESTE,99853.92266491735,191,,,,JPM,JPM,,,
2026-04-12T21:31:45.823Z,market,trade,TESTE,99865.39954436383,31,,,,BARCL,CS,,,
2026-04-12T21:31:45.974Z,market,trade,TESTE,99855.0361160982,198,,,,BARCL,BARCL,,,
2026-04-12T21:31:46.126Z,market,trade,TESTE,99854.59352135757,6,,,,CITI,CITI,,,
2026-04-12T21:31:46.277Z,market,trade,TESTE,99857.0994747757,85,,,,JPM,XP,,,
2026-04-12T21:31:46.435Z,market,trade,TESTE,99858.0926478292,18,,,,CS,CS,,,
2026-04-12T21:31:46.586Z,market,trade,TESTE,99863.76645620952,167,,,,BARCL,ITAU,,,
2026-04-12T21:31:46.736Z,market,trade,TESTE,99862.4087615021,133,,,,XP,GOLDM,,,
2026-04-12T21:31:46.888Z,market,trade,TESTE,99854.0920658578,18,,,,CITI,ITAU,,,
2026-04-12T21:31:47.042Z,market,trade,TESTE,99849.55241176659,65,,,,BARCL,MS,,,
2026-04-12T21:31:47.195Z,market,trade,TESTE,99856.0867267396,121,,,,ITAU,BARCL,,,
2026-04-12T21:31:47.351Z,market,trade,TESTE,99848.78288552663,196,,,,XP,GOLDM,,,
2026-04-12T21:31:47.515Z,market,trade,TESTE,99845.88891707596,133,,,,CITI,JPM,,,
2026-04-12T21:31:47.680Z,market,trade,TESTE,99846.0704335764,163,,,,JPM,ITAU,,,
2026-04-12T21:31:47.833Z,market,trade,TESTE,99855.94133532398,92,,,,BTG,CS,,,
2026-04-12T21:31:47.985Z,market,trade,TESTE,99851.3495182585,84,,,,CITI,CITI,,,
2026-04-12T21:31:48.151Z,market,trade,TESTE,99842.33830495225,63,,,,BTG,MS,,,
2026-04-12T21:31:48.314Z,market,trade,TESTE,99847.043938585,152,,,,BARCL,UBS,,,
2026-04-12T21:31:48.467Z,market,trade,TESTE,99854.22382864525,56,,,,ITAU,CITI,,,
2026-04-12T21:31:48.631Z,market,trade,TESTE,99846.37466556753,70,,,,JPM,JPM,,,
2026-04-12T21:31:48.784Z,market,trade,TESTE,99860.5204836183,20,,,,JPM,CS,,,
2026-04-12T21:31:48.946Z,market,trade,TESTE,99849.5660007,118,,,,UBS,MS,,,
2026-04-12T21:31:49.102Z,market,trade,TESTE,99857.62313759935,49,,,,GOLDM,XP,,,
2026-04-12T21:31:49.265Z,market,trade,TESTE,99843.66042353213,144,,,,BARCL,CS,,,
2026-04-12T21:31:49.425Z,market,trade,TESTE,99840.55769352443,43,,,,BTG,ITAU,,,
2026-04-12T21:31:49.580Z,market,trade,TESTE,99846.99436387183,99,,,,BTG,GOLDM,,,
2026-04-12T21:31:49.731Z,market,trade,TESTE,99832.6326157309,192,,,,CS,MS,,,
2026-04-12T21:31:49.883Z,market,trade,TESTE,99830.31753852278,72,,,,MS,ITAU,,,
2026-04-12T21:31:50.033Z,market,trade,TESTE,99829.69932985786,125,,,,BARCL,BTG,,,
2026-04-12T21:31:50.198Z,market,trade,TESTE,99830.28126759027,85,,,,MS,UBS,,,
2026-04-12T21:31:50.362Z,market,trade,TESTE,99843.76242903768,5,,,,XP,XP,,,
2026-04-12T21:31:50.516Z,market,trade,TESTE,99838.91459911545,62,,,,BTG,ITAU,,,
2026-04-12T21:31:50.668Z,market,trade,TESTE,99836.23505064198,87,,,,MS,JPM,,,
2026-04-12T21:31:50.831Z,market,trade,TESTE,99821.25207244865,18,,,,ITAU,BARCL,,,
2026-04-12T21:31:50.983Z,market,trade,TESTE,99820.81602467346,69,,,,JPM,CITI,,,
2026-04-12T21:31:51.148Z,market,trade,TESTE,99816.51853613782,39,,,,BARCL,CS,,,
2026-04-12T21:31:51.299Z,market,trade,TESTE,99816.67741752032,78,,,,BTG,MS,,,
2026-04-12T21:31:51.452Z,market,trade,TESTE,99819.17061267316,139,,,,UBS,BARCL,,,
2026-04-12T21:31:51.617Z,market,trade,TESTE,99825.89912496858,12,,,,XP,BARCL,,,
2026-04-12T21:31:51.768Z,market,trade,TESTE,99815.59761151967,18,,,,ITAU,CS,,,
2026-04-12T21:31:51.932Z,market,trade,TESTE,99812.94703393655,152,,,,CS,CITI,,,
2026-04-12T21:31:52.082Z,market,trade,TESTE,99819.37895873899,195,,,,BTG,BTG,,,
2026-04-12T21:31:52.234Z,market,trade,TESTE,99820.15534148597,54,,,,JPM,BTG,,,
2026-04-12T21:31:52.402Z,market,trade,TESTE,99810.51966081053,33,,,,CS,MS,,,
2026-04-12T21:31:52.562Z,market,trade,TESTE,99808.85117295229,104,,,,ITAU,UBS,,,
2026-04-12T21:31:52.715Z,market,trade,TESTE,99815.40768717437,21,,,,MS,JPM,,,
2026-04-12T21:31:52.881Z,market,trade,TESTE,99820.05623686158,42,,,,BARCL,XP,,,
2026-04-12T21:31:53.035Z,market,trade,TESTE,99815.20368172022,76,,,,XP,CS,,,
2026-04-12T21:31:53.201Z,market,trade,TESTE,99812.74871554757,127,,,,XP,XP,,,
2026-04-12T21:31:53.366Z,market,trade,TESTE,99801.5973272254,173,,,,UBS,CITI,,,
2026-04-12T21:31:53.517Z,market,trade,TESTE,99797.45614362441,100,,,,UBS,CS,,,
2026-04-12T21:31:53.668Z,market,trade,TESTE,99811.30477779369,190,,,,CS,CS,,,
2026-04-12T21:31:53.832Z,market,trade,TESTE,99797.63485831331,21,,,,CITI,CITI,,,
2026-04-12T21:31:53.984Z,market,trade,TESTE,99799.86519544659,72,,,,CITI,BARCL,,,
2026-04-12T21:31:54.152Z,market,trade,TESTE,99807.13268035697,158,,,,UBS,GOLDM,,,
2026-04-12T21:31:54.317Z,market,trade,TESTE,99800.98883190753,24,,,,GOLDM,JPM,,,
2026-04-12T21:31:54.482Z,market,trade,TESTE,99809.21317311456,182,,,,MS,MS,,,
2026-04-12T21:31:54.634Z,market,trade,TESTE,99799.1020909493,111,,,,BARCL,BTG,,,
2026-04-12T21:31:54.785Z,market,trade,TESTE,99809.44417901906,128,,,,ITAU,XP,,,
2026-04-12T21:31:54.936Z,market,trade,TESTE,99799.70588044771,37,,,,BARCL,JPM,,,
2026-04-12T21:31:55.099Z,market,trade,TESTE,99797.0073404234,135,,,,JPM,GOLDM,,,
2026-04-12T21:31:55.263Z,market,trade,TESTE,99803.20275965243,32,,,,UBS,UBS,,,
2026-04-12T21:31:55.419Z,market,trade,TESTE,99801.35618952608,142,,,,CITI,CITI,,,
2026-04-12T21:31:55.581Z,market,trade,TESTE,99791.01137870408,184,,,,CS,BARCL,,,
2026-04-12T21:31:55.738Z,market,trade,TESTE,99800.65620023881,76,,,,MS,ITAU,,,
2026-04-12T21:31:55.897Z,market,trade,TESTE,99796.81832278888,50,,,,CS,ITAU,,,
2026-04-12T21:31:56.048Z,market,trade,TESTE,99793.47513365453,16,,,,CS,BTG,,,
2026-04-12T21:31:56.214Z,market,trade,TESTE,99796.77984543645,40,,,,CS,JPM,,,
2026-04-12T21:31:56.365Z,market,trade,TESTE,99800.0297066243,151,,,,JPM,ITAU,,,
2026-04-12T21:31:56.530Z,market,trade,TESTE,99797.2765577937,60,,,,GOLDM,JPM,,,
2026-04-12T21:31:56.682Z,market,trade,TESTE,99792.42434528987,80,,,,JPM,BARCL,,,
2026-04-12T21:31:56.833Z,market,trade,TESTE,99784.16431745198,25,,,,CITI,UBS,,,
2026-04-12T21:31:56.998Z,market,trade,TESTE,99795.68907871598,27,,,,MS,MS,,,
2026-04-12T21:31:57.153Z,market,trade,TESTE,99780.94237378475,19,,,,XP,CITI,,,
2026-04-12T21:31:57.316Z,market,trade,TESTE,99780.732130576,112,,,,MS,BTG,,,
2026-04-12T21:31:57.468Z,market,trade,TESTE,99794.14302330247,50,,,,UBS,ITAU,,,
2026-04-12T21:31:57.631Z,market,trade,TESTE,99789.57983839228,153,,,,XP,CS,,,
2026-04-12T21:31:57.782Z,market,trade,TESTE,99779.44809976078,27,,,,JPM,CS,,,
2026-04-12T21:31:57.933Z,market,trade,TESTE,99779.70089196255,131,,,,BARCL,XP,,,
2026-04-12T21:31:58.085Z,market,trade,TESTE,99785.42618221593,147,,,,JPM,ITAU,,,
2026-04-12T21:31:58.250Z,market,trade,TESTE,99786.50579525712,55,,,,MS,CITI,,,
2026-04-12T21:31:58.402Z,market,trade,TESTE,99790.67476155197,172,,,,JPM,GOLDM,,,
2026-04-12T21:31:58.565Z,market,trade,TESTE,99780.92611469007,85,,,,CS,ITAU,,,
2026-04-12T21:31:58.717Z,market,trade,TESTE,99777.26822069332,120,,,,BTG,GOLDM,,,
2026-04-12T21:31:58.881Z,market,trade,TESTE,99775.91071911894,133,,,,MS,ITAU,,,
2026-04-12T21:31:59.034Z,market,trade,TESTE,99773.4959536505,136,,,,CITI,GOLDM,,,
2026-04-12T21:31:59.198Z,market,trade,TESTE,99771.27961053804,46,,,,ITAU,CS,,,
2026-04-12T21:31:59.349Z,market,trade,TESTE,99780.72763327039,5,,,,CS,JPM,,,
2026-04-12T21:31:59.501Z,market,trade,TESTE,99785.04733726695,160,,,,JPM,UBS,,,
2026-04-12T21:31:59.664Z,market,trade,TESTE,99778.64637533523,178,,,,CITI,JPM,,,
2026-04-12T21:31:59.828Z,market,trade,TESTE,99782.14405885023,133,,,,CITI,GOLDM,,,
2026-04-12T21:31:59.982Z,market,trade,TESTE,99792.84455647865,143,,,,XP,MS,,,
2026-04-12T21:32:00.148Z,market,trade,TESTE,99781.10840753121,40,,,,CS,BARCL,,,
2026-04-12T21:32:00.298Z,market,trade,TESTE,99795.75496319032,71,,,,BTG,JPM,,,
2026-04-12T21:32:00.453Z,market,trade,TESTE,99784.53037043945,164,,,,XP,GOLDM,,,
2026-04-12T21:32:00.613Z,market,trade,TESTE,99786.41783412613,28,,,,BTG,JPM,,,
2026-04-12T21:32:00.767Z,market,trade,TESTE,99784.35861149979,140,,,,JPM,UBS,,,
2026-04-12T21:32:00.931Z,market,trade,TESTE,99790.26247807563,83,,,,ITAU,CITI,,,
2026-04-12T21:32:01.082Z,market,trade,TESTE,99793.31152338875,149,,,,CS,BTG,,,
2026-04-12T21:32:01.248Z,market,trade,TESTE,99785.74439303039,11,,,,BTG,CS,,,
2026-04-12T21:32:01.419Z,market,trade,TESTE,99783.29936338172,133,,,,ITAU,CS,,,
2026-04-12T21:32:01.582Z,market,trade,TESTE,99796.16536550106,180,,,,MS,ITAU,,,
2026-04-12T21:32:01.746Z,market,trade,TESTE,99800.58744698073,52,,,,MS,BARCL,,,
2026-04-12T21:32:01.900Z,market,trade,TESTE,99791.8354153785,68,,,,CS,ITAU,,,
2026-04-12T21:32:02.065Z,market,trade,TESTE,99801.73193157556,112,,,,CITI,BARCL,,,
2026-04-12T21:32:02.230Z,market,trade,TESTE,99790.51115113079,134,,,,BTG,GOLDM,,,
2026-04-12T21:32:02.381Z,market,trade,TESTE,99794.28673987991,122,,,,JPM,MS,,,
2026-04-12T21:32:02.535Z,market,trade,TESTE,99789.56135444232,131,,,,CS,CS,,,
2026-04-12T21:32:02.699Z,market,trade,TESTE,99790.79268811342,67,,,,BTG,GOLDM,,,
2026-04-12T21:32:02.865Z,market,trade,TESTE,99791.81522076734,84,,,,CS,CITI,,,
2026-04-12T21:32:03.031Z,market,trade,TESTE,99787.44179072516,45,,,,BARCL,CS,,,
2026-04-12T21:32:03.196Z,market,trade,TESTE,99785.97793205215,119,,,,MS,BARCL,,,
2026-04-12T21:32:03.347Z,market,trade,TESTE,99795.7478520194,84,,,,CITI,MS,,,
2026-04-12T21:32:03.498Z,market,trade,TESTE,99789.6416339981,159,,,,CITI,BARCL,,,
2026-04-12T21:32:03.663Z,market,trade,TESTE,99800.7529265027,160,,,,GOLDM,XP,,,
2026-04-12T21:32:03.814Z,market,trade,TESTE,99797.74254072832,186,,,,UBS,CITI,,,
2026-04-12T21:32:03.965Z,market,trade,TESTE,99788.32973263173,107,,,,CITI,BTG,,,
2026-04-12T21:32:04.129Z,market,trade,TESTE,99799.73426583313,9,,,,ITAU,UBS,,,
2026-04-12T21:32:04.283Z,market,trade,TESTE,99799.64738219521,179,,,,MS,MS,,,
2026-04-12T21:32:04.435Z,market,trade,TESTE,99787.97980703478,105,,,,JPM,CITI,,,
2026-04-12T21:32:04.596Z,market,trade,TESTE,99784.82097503025,193,,,,UBS,JPM,,,
2026-04-12T21:32:04.762Z,market,trade,TESTE,99782.73269620075,69,,,,BTG,CITI,,,
2026-04-12T21:32:04.917Z,market,trade,TESTE,99795.25590781488,169,,,,XP,MS,,,
2026-04-12T21:32:05.068Z,market,trade,TESTE,99781.49638836211,49,,,,UBS,UBS,,,
2026-04-12T21:32:05.229Z,market,trade,TESTE,99794.55959851583,46,,,,JPM,UBS,,,
2026-04-12T21:32:05.382Z,market,trade,TESTE,99793.32459648725,162,,,,XP,JPM,,,
2026-04-12T21:32:05.546Z,market,trade,TESTE,99779.18404261475,141,,,,BTG,BARCL,,,
2026-04-12T21:32:05.698Z,market,trade,TESTE,99778.30682590259,139,,,,BARCL,CITI,,,
2026-04-12T21:32:05.851Z,market,trade,TESTE,99792.47853255755,114,,,,ITAU,BTG,,,
2026-04-12T21:32:06.015Z,market,trade,TESTE,99788.52825242117,178,,,,MS,MS,,,
2026-04-12T21:32:06.166Z,market,trade,TESTE,99780.67229122152,83,,,,GOLDM,GOLDM,,,
2026-04-12T21:32:06.332Z,market,trade,TESTE,99794.60805804406,192,,,,GOLDM,GOLDM,,,
2026-04-12T21:32:06.483Z,market,trade,TESTE,99783.91249877897,131,,,,CS,UBS,,,
2026-04-12T21:32:06.648Z,market,trade,TESTE,99783.6213862645,70,,,,XP,BARCL,,,
2026-04-12T21:32:06.798Z,market,trade,TESTE,99791.86190986125,58,,,,GOLDM,JPM,,,
2026-04-12T21:32:06.949Z,market,trade,TESTE,99789.88504718793,17,,,,UBS,ITAU,,,
2026-04-12T21:32:07.115Z,market,trade,TESTE,99785.26056622561,180,,,,ITAU,ITAU,,,
2026-04-12T21:32:07.265Z,market,trade,TESTE,99773.44374724521,137,,,,GOLDM,BARCL,,,
2026-04-12T21:32:07.417Z,market,trade,TESTE,99779.03218249687,159,,,,BARCL,XP,,,
2026-04-12T21:32:07.582Z,market,trade,TESTE,99777.13200068053,10,,,,GOLDM,UBS,,,
2026-04-12T21:32:07.745Z,market,trade,TESTE,99770.8710036963,183,,,,ITAU,XP,,,
2026-04-12T21:32:07.898Z,market,trade,TESTE,99766.22635707924,111,,,,BARCL,CS,,,
2026-04-12T21:32:08.064Z,market,trade,TESTE,99770.68788929693,140,,,,JPM,ITAU,,,
2026-04-12T21:32:08.218Z,market,trade,TESTE,99773.88166355649,12,,,,GOLDM,XP,,,
2026-04-12T21:32:08.381Z,market,trade,TESTE,99786.5353621478,164,,,,UBS,CS,,,
2026-04-12T21:32:08.548Z,market,trade,TESTE,99772.14414342854,56,,,,CITI,GOLDM,,,
2026-04-12T21:32:08.698Z,market,trade,TESTE,99780.6059925953,72,,,,XP,BTG,,,
2026-04-12T21:32:08.864Z,market,trade,TESTE,99780.99403305489,196,,,,BTG,BARCL,,,
2026-04-12T21:32:09.015Z,market,trade,TESTE,99780.98197994489,32,,,,GOLDM,MS,,,
2026-04-12T21:32:09.165Z,market,trade,TESTE,99784.24145756874,36,,,,UBS,BARCL,,,
2026-04-12T21:32:09.329Z,market,trade,TESTE,99786.89962560018,7,,,,UBS,JPM,,,
2026-04-12T21:32:09.484Z,market,trade,TESTE,99777.1870042215,129,,,,ITAU,BTG,,,
2026-04-12T21:32:09.634Z,market,trade,TESTE,99773.23349341628,11,,,,CITI,MS,,,
2026-04-12T21:32:09.798Z,market,trade,TESTE,99773.92327836805,148,,,,CS,ITAU,,,
2026-04-12T21:32:09.963Z,market,trade,TESTE,99782.73103734068,23,,,,XP,UBS,,,
2026-04-12T21:32:10.114Z,market,trade,TESTE,99780.86627941467,95,,,,CITI,GOLDM,,,
2026-04-12T21:32:10.265Z,market,trade,TESTE,99778.49457026765,117,,,,JPM,ITAU,,,
2026-04-12T21:32:10.417Z,market,trade,TESTE,99782.7771617555,28,,,,BTG,CS,,,
2026-04-12T21:32:10.581Z,market,trade,TESTE,99772.9098680651,44,,,,CS,CS,,,
2026-04-12T21:32:10.746Z,market,trade,TESTE,99772.36999069506,52,,,,UBS,CS,,,
2026-04-12T21:32:10.902Z,market,trade,TESTE,99775.54473180536,55,,,,CITI,CITI,,,
2026-04-12T21:32:11.064Z,market,trade,TESTE,99787.4677026527,83,,,,JPM,BTG,,,
2026-04-12T21:32:11.229Z,market,trade,TESTE,99783.31131988791,12,,,,CITI,JPM,,,
2026-04-12T21:32:11.382Z,market,trade,TESTE,99781.05015531198,120,,,,CS,GOLDM,,,
2026-04-12T21:32:11.548Z,market,trade,TESTE,99781.20916880264,97,,,,MS,MS,,,
2026-04-12T21:32:11.713Z,market,trade,TESTE,99780.526171518,136,,,,XP,GOLDM,,,
2026-04-12T21:32:11.866Z,market,trade,TESTE,99768.8682821002,90,,,,BTG,MS,,,
2026-04-12T21:32:12.032Z,market,trade,TESTE,99775.90603435165,146,,,,UBS,GOLDM,,,
2026-04-12T21:32:12.182Z,market,trade,TESTE,99764.53795716086,168,,,,CITI,UBS,,,
2026-04-12T21:32:12.333Z,market,trade,TESTE,99762.5797606502,171,,,,XP,BARCL,,,
2026-04-12T21:32:12.484Z,market,trade,TESTE,99764.02123347152,111,,,,UBS,CITI,,,
2026-04-12T21:32:12.646Z,market,trade,TESTE,99774.92015719699,136,,,,CITI,JPM,,,
2026-04-12T21:32:12.797Z,market,trade,TESTE,99772.80872767343,146,,,,ITAU,MS,,,
2026-04-12T21:32:12.948Z,market,trade,TESTE,99775.81265948142,40,,,,UBS,CITI,,,
2026-04-12T21:32:13.113Z,market,trade,TESTE,99768.0439996532,147,,,,BARCL,MS,,,
2026-04-12T21:32:13.265Z,market,trade,TESTE,99767.602815373,164,,,,ITAU,CITI,,,
2026-04-12T21:32:13.418Z,market,trade,TESTE,99778.53082869378,147,,,,UBS,MS,,,
2026-04-12T21:32:13.582Z,market,trade,TESTE,99769.04713891754,190,,,,GOLDM,BTG,,,
2026-04-12T21:32:13.733Z,market,trade,TESTE,99772.65371717964,200,,,,CS,BARCL,,,
2026-04-12T21:32:13.898Z,market,trade,TESTE,99770.17856533591,133,,,,MS,BARCL,,,
2026-04-12T21:32:14.064Z,market,trade,TESTE,99771.42734587149,89,,,,BARCL,CS,,,
2026-04-12T21:32:14.230Z,market,trade,TESTE,99774.30341073997,170,,,,ITAU,CS,,,
2026-04-12T21:32:14.380Z,market,trade,TESTE,99783.52457797786,30,,,,CS,UBS,,,
2026-04-12T21:32:14.533Z,market,trade,TESTE,99786.92226863145,78,,,,MS,CITI,,,
2026-04-12T21:32:14.683Z,market,trade,TESTE,99785.58832922198,145,,,,JPM,MS,,,
2026-04-12T21:32:14.849Z,market,trade,TESTE,99784.09390163793,103,,,,JPM,BARCL,,,
2026-04-12T21:32:15.000Z,market,trade,TESTE,99779.42595720159,168,,,,MS,BARCL,,,
2026-04-12T21:32:15.162Z,market,trade,TESTE,99777.23680526929,75,,,,MS,XP,,,
2026-04-12T21:32:15.317Z,market,trade,TESTE,99769.9836068746,89,,,,XP,CS,,,
2026-04-12T21:32:15.467Z,market,trade,TESTE,99782.06551498733,67,,,,ITAU,CITI,,,
2026-04-12T21:32:15.631Z,market,trade,TESTE,99777.19850313287,79,,,,MS,BARCL,,,
2026-04-12T21:32:15.781Z,market,trade,TESTE,99764.27880187574,156,,,,MS,CITI,,,
2026-04-12T21:32:15.935Z,market,trade,TESTE,99771.20909238991,199,,,,BTG,GOLDM,,,
2026-04-12T21:32:16.099Z,market,trade,TESTE,99767.02552284014,124,,,,CITI,JPM,,,
2026-04-12T21:32:16.264Z,market,trade,TESTE,99767.855897639,39,,,,XP,GOLDM,,,
2026-04-12T21:32:16.417Z,market,trade,TESTE,99768.87841647233,39,,,,BARCL,CITI,,,
2026-04-12T21:32:16.582Z,market,trade,TESTE,99760.6969847082,26,,,,ITAU,BARCL,,,
2026-04-12T21:32:16.746Z,market,trade,TESTE,99769.21238931696,146,,,,BTG,CITI,,,
2026-04-12T21:32:16.899Z,market,trade,TESTE,99756.89255171877,68,,,,ITAU,CITI,,,
2026-04-12T21:32:17.054Z,market,trade,TESTE,99762.12340775707,167,,,,JPM,GOLDM,,,
2026-04-12T21:32:17.215Z,market,trade,TESTE,99765.73710579208,112,,,,JPM,CITI,,,
2026-04-12T21:32:17.380Z,market,trade,TESTE,99767.44595259879,200,,,,CITI,ITAU,,,
2026-04-12T21:32:17.545Z,market,trade,TESTE,99757.2445119741,93,,,,CS,ITAU,,,
2026-04-12T21:32:17.698Z,market,trade,TESTE,99765.5527589731,87,,,,CS,UBS,,,
2026-04-12T21:32:17.864Z,market,trade,TESTE,99764.42261814872,15,,,,JPM,GOLDM,,,
2026-04-12T21:32:18.030Z,market,trade,TESTE,99765.21439921646,47,,,,MS,BARCL,,,
2026-04-12T21:32:18.182Z,market,trade,TESTE,99760.11896327038,77,,,,JPM,JPM,,,
2026-04-12T21:32:18.333Z,market,trade,TESTE,99758.03488702486,99,,,,ITAU,UBS,,,
2026-04-12T21:32:18.483Z,market,trade,TESTE,99764.46543337559,131,,,,UBS,XP,,,
2026-04-12T21:32:18.646Z,market,trade,TESTE,99765.12923738547,79,,,,UBS,CS,,,
2026-04-12T21:32:18.797Z,market,trade,TESTE,99755.99642354164,8,,,,CS,BARCL,,,
2026-04-12T21:32:18.963Z,market,trade,TESTE,99758.1532087168,99,,,,ITAU,XP,,,
2026-04-12T21:32:19.115Z,market,trade,TESTE,99759.66400992061,48,,,,GOLDM,MS,,,
2026-04-12T21:32:19.265Z,market,trade,TESTE,99756.07867367375,42,,,,MS,JPM,,,
2026-04-12T21:32:19.418Z,market,trade,TESTE,99768.76825336782,45,,,,MS,BTG,,,
2026-04-12T21:32:19.585Z,market,trade,TESTE,99759.21762320366,6,,,,XP,CS,,,
2026-04-12T21:32:19.748Z,market,trade,TESTE,99759.98242915786,143,,,,UBS,CS,,,
2026-04-12T21:32:19.898Z,market,trade,TESTE,99758.2381753344,72,,,,UBS,GOLDM,,,
2026-04-12T21:32:20.050Z,market,trade,TESTE,99766.54366213134,49,,,,XP,MS,,,
2026-04-12T21:32:20.214Z,market,trade,TESTE,99754.65728659015,154,,,,UBS,MS,,,
2026-04-12T21:32:20.380Z,market,trade,TESTE,99751.68825002229,197,,,,XP,XP,,,
2026-04-12T21:32:20.532Z,market,trade,TESTE,99761.1518512444,24,,,,CITI,BTG,,,
2026-04-12T21:32:20.684Z,market,trade,TESTE,99749.45964227118,164,,,,UBS,XP,,,
2026-04-12T21:32:20.849Z,market,trade,TESTE,99753.28106014628,33,,,,XP,MS,,,
2026-04-12T21:32:21.014Z,market,trade,TESTE,99756.26374010135,142,,,,JPM,BTG,,,
2026-04-12T21:32:21.165Z,market,trade,TESTE,99767.69236032564,79,,,,GOLDM,XP,,,
2026-04-12T21:32:21.330Z,market,trade,TESTE,99758.30715567172,16,,,,CS,CS,,,
2026-04-12T21:32:21.484Z,market,trade,TESTE,99757.5190564732,109,,,,GOLDM,CITI,,,
2026-04-12T21:32:21.648Z,market,trade,TESTE,99760.36882841724,137,,,,CS,ITAU,,,
2026-04-12T21:32:21.800Z,market,trade,TESTE,99769.00948352332,86,,,,CS,GOLDM,,,
2026-04-12T21:32:21.964Z,market,trade,TESTE,99772.2095019843,20,,,,XP,ITAU,,,
2026-04-12T21:32:22.115Z,market,trade,TESTE,99759.18556377708,88,,,,UBS,MS,,,
2026-04-12T21:32:22.280Z,market,trade,TESTE,99759.00452574575,156,,,,BTG,GOLDM,,,
2026-04-12T21:32:22.434Z,market,trade,TESTE,99768.65804381586,136,,,,CS,CITI,,,
2026-04-12T21:32:22.596Z,market,trade,TESTE,99754.30596341056,52,,,,XP,ITAU,,,
2026-04-12T21:32:22.748Z,market,trade,TESTE,99766.49451062818,26,,,,BARCL,JPM,,,
2026-04-12T21:32:22.902Z,market,trade,TESTE,99760.0903553818,17,,,,GOLDM,BTG,,,
2026-04-12T21:32:23.065Z,market,trade,TESTE,99764.34301000781,137,,,,CS,ITAU,,,
2026-04-12T21:32:23.215Z,market,trade,TESTE,99761.99450016057,86,,,,BARCL,CS,,,
2026-04-12T21:32:23.380Z,market,trade,TESTE,99760.67355953445,98,,,,CITI,CITI,,,
2026-04-12T21:32:23.544Z,market,trade,TESTE,99767.81211281712,13,,,,ITAU,UBS,,,
2026-04-12T21:32:23.698Z,market,trade,TESTE,99765.38906374373,152,,,,BARCL,JPM,,,
2026-04-12T21:32:23.864Z,market,trade,TESTE,99751.57215910612,153,,,,ITAU,CS,,,
2026-04-12T21:32:24.021Z,market,trade,TESTE,99764.60165408827,98,,,,CS,UBS,,,
2026-04-12T21:32:24.179Z,market,trade,TESTE,99756.07570056527,93,,,,BARCL,UBS,,,
2026-04-12T21:32:24.332Z,market,trade,TESTE,99769.58346550143,39,,,,CITI,JPM,,,
2026-04-12T21:32:24.483Z,market,trade,TESTE,99756.75121857737,70,,,,JPM,JPM,,,
2026-04-12T21:32:24.647Z,market,trade,TESTE,99754.53235908478,144,,,,BARCL,JPM,,,
2026-04-12T21:32:24.798Z,market,trade,TESTE,99752.12667297383,59,,,,CS,XP,,,
2026-04-12T21:32:24.949Z,market,trade,TESTE,99762.25977704633,146,,,,MS,BARCL,,,
2026-04-12T21:32:25.115Z,market,trade,TESTE,99765.43218285409,164,,,,CITI,UBS,,,
2026-04-12T21:32:25.280Z,market,trade,TESTE,99758.10995188373,18,,,,MS,CS,,,
2026-04-12T21:32:25.433Z,market,trade,TESTE,99765.95830651005,130,,,,ITAU,XP,,,
2026-04-12T21:32:25.596Z,market,trade,TESTE,99761.69631386746,42,,,,BARCL,GOLDM,,,
2026-04-12T21:32:25.747Z,market,trade,TESTE,99754.54580530766,197,,,,BARCL,ITAU,,,
2026-04-12T21:32:25.899Z,market,trade,TESTE,99750.97096861877,140,,,,UBS,MS,,,
2026-04-12T21:32:26.051Z,market,trade,TESTE,99758.91877732634,22,,,,BARCL,MS,,,
2026-04-12T21:32:26.215Z,market,trade,TESTE,99760.83971262458,197,,,,BARCL,JPM,,,
2026-04-12T21:32:26.365Z,market,trade,TESTE,99749.69450422828,177,,,,GOLDM,BTG,,,
2026-04-12T21:32:26.516Z,market,trade,TESTE,99762.71730938251,61,,,,CITI,JPM,,,
2026-04-12T21:32:26.681Z,market,trade,TESTE,99761.03969896294,78,,,,GOLDM,BARCL,,,
2026-04-12T21:32:26.847Z,market,trade,TESTE,99749.41026007413,116,,,,CS,CITI,,,
2026-04-12T21:32:27.001Z,market,trade,TESTE,99755.93321552796,81,,,,JPM,UBS,,,
2026-04-12T21:32:27.165Z,market,trade,TESTE,99754.67216869348,180,,,,ITAU,JPM,,,
2026-04-12T21:32:27.331Z,market,trade,TESTE,99745.63338768206,130,,,,ITAU,GOLDM,,,
2026-04-12T21:32:27.484Z,market,trade,TESTE,99744.0197277881,186,,,,CITI,JPM,,,
2026-04-12T21:32:27.648Z,market,trade,TESTE,99743.66047907986,81,,,,MS,CS,,,
2026-04-12T21:32:27.799Z,market,trade,TESTE,99740.06233968066,163,,,,CITI,CITI,,,
2026-04-12T21:32:27.952Z,market,trade,TESTE,99747.30854722048,38,,,,ITAU,CS,,,
2026-04-12T21:32:28.114Z,market,trade,TESTE,99752.11960424561,107,,,,GOLDM,CITI,,,
2026-04-12T21:32:28.266Z,market,trade,TESTE,99743.60023299798,149,,,,CS,CS,,,
2026-04-12T21:32:28.416Z,market,trade,TESTE,99747.32467444747,67,,,,CITI,GOLDM,,,
2026-04-12T21:32:28.580Z,market,trade,TESTE,99755.59933996505,145,,,,CITI,UBS,,,
2026-04-12T21:32:28.733Z,market,trade,TESTE,99756.74252198712,18,,,,MS,BTG,,,
2026-04-12T21:32:28.901Z,market,trade,TESTE,99753.2757295601,164,,,,XP,ITAU,,,
2026-04-12T21:32:29.063Z,market,trade,TESTE,99744.47685601894,150,,,,XP,GOLDM,,,
2026-04-12T21:32:29.215Z,market,trade,TESTE,99753.24407031943,48,,,,MS,MS,,,
2026-04-12T21:32:29.368Z,market,trade,TESTE,99748.85151611047,76,,,,CS,BTG,,,
2026-04-12T21:32:29.531Z,market,trade,TESTE,99741.66863307613,85,,,,MS,JPM,,,
2026-04-12T21:32:29.696Z,market,trade,TESTE,99742.67436241033,66,,,,JPM,BTG,,,
2026-04-12T21:32:29.848Z,market,trade,TESTE,99747.5484911946,136,,,,BTG,UBS,,,
2026-04-12T21:32:30.001Z,market,trade,TESTE,99751.85827714113,157,,,,MS,CITI,,,
2026-04-12T21:32:30.163Z,market,trade,TESTE,99751.24828957225,174,,,,XP,XP,,,
2026-04-12T21:32:30.315Z,market,trade,TESTE,99761.71151578939,85,,,,ITAU,BTG,,,
2026-04-12T21:32:30.472Z,market,trade,TESTE,99757.67275330363,198,,,,MS,CS,,,
2026-04-12T21:32:30.632Z,market,trade,TESTE,99756.05692022834,11,,,,ITAU,MS,,,
2026-04-12T21:32:30.797Z,market,trade,TESTE,99746.95219226141,115,,,,CS,GOLDM,,,
2026-04-12T21:32:30.948Z,market,trade,TESTE,99746.98036515576,127,,,,GOLDM,BARCL,,,
2026-04-12T21:32:31.102Z,market,trade,TESTE,99747.26996391844,38,,,,BTG,MS,,,
2026-04-12T21:32:31.267Z,market,trade,TESTE,99746.05320236886,111,,,,ITAU,JPM,,,
2026-04-12T21:32:31.418Z,market,trade,TESTE,99753.09828920575,152,,,,BARCL,XP,,,
2026-04-12T21:32:31.568Z,market,trade,TESTE,99753.29579186144,78,,,,UBS,MS,,,
2026-04-12T21:32:31.720Z,market,trade,TESTE,99739.22247314677,140,,,,GOLDM,MS,,,
2026-04-12T21:32:31.871Z,market,trade,TESTE,99751.02312063565,109,,,,XP,MS,,,
2026-04-12T21:32:32.021Z,market,trade,TESTE,99744.16199208114,14,,,,GOLDM,JPM,,,
2026-04-12T21:32:32.171Z,market,trade,TESTE,99739.40281377862,98,,,,UBS,XP,,,
2026-04-12T21:32:32.332Z,market,trade,TESTE,99745.75458097957,48,,,,JPM,UBS,,,
2026-04-12T21:32:32.483Z,market,trade,TESTE,99744.93558179826,137,,,,XP,ITAU,,,
2026-04-12T21:32:32.636Z,market,trade,TESTE,99741.06920856121,72,,,,XP,BARCL,,,
2026-04-12T21:32:32.786Z,market,trade,TESTE,99728.1853728864,155,,,,JPM,JPM,,,
2026-04-12T21:32:32.937Z,market,trade,TESTE,99728.01611185251,66,,,,UBS,MS,,,
2026-04-12T21:32:33.090Z,market,trade,TESTE,99742.34886140873,178,,,,JPM,GOLDM,,,
2026-04-12T21:32:33.257Z,market,trade,TESTE,99733.895701691,91,,,,XP,UBS,,,
2026-04-12T21:32:33.423Z,market,trade,TESTE,99734.27629258194,21,,,,UBS,UBS,,,
2026-04-12T21:36:35.760Z,market,trade,TESTE,100004.8257466451,156,,,,JPM,ITAU,,,
2026-04-12T21:36:35.916Z,market,flow_inversion,,,,,,,,,0,59,GOLDM
2026-04-12T21:36:35.916Z,market,trade,TESTE,100005.5231973037,59,,,,GOLDM,BARCL,,,
2026-04-12T21:36:36.078Z,market,flow_inversion,,,,,,,,,0,179,UBS
2026-04-12T21:36:36.078Z,market,trade,TESTE,100003.65668380898,179,,,,UBS,CITI,,,
2026-04-12T21:36:36.233Z,market,trade,TESTE,100007.39445483503,79,,,,ITAU,MS,,,
2026-04-12T21:36:36.384Z,market,trade,TESTE,100010.67329972833,154,,,,MS,BTG,,,
2026-04-12T21:36:36.549Z,market,trade,TESTE,100005.93832159205,152,,,,CITI,GOLDM,,,
2026-04-12T21:36:36.714Z,market,trade,TESTE,100008.99847690381,48,,,,CITI,UBS,,,
2026-04-12T21:36:36.877Z,market,trade,TESTE,100006.04629283087,156,,,,MS,XP,,,
2026-04-12T21:36:37.030Z,market,trade,TESTE,100008.78564373223,78,,,,UBS,MS,,,
2026-04-12T21:36:37.181Z,market,trade,TESTE,100008.29074680648,118,,,,BARCL,CS,,,
2026-04-12T21:36:37.334Z,market,trade,TESTE,100010.44249407211,172,,,,BARCL,GOLDM,,,
2026-04-12T21:36:37.498Z,market,trade,TESTE,100004.58735895116,92,,,,CS,CS,,,
2026-04-12T21:36:37.650Z,market,trade,TESTE,100006.56353196633,86,,,,ITAU,MS,,,
2026-04-12T21:36:37.813Z,market,trade,TESTE,100018.29580598243,158,,,,UBS,BTG,,,
2026-04-12T21:36:37.964Z,market,trade,TESTE,100018.03223466506,102,,,,UBS,CITI,,,
2026-04-12T21:36:38.116Z,market,trade,TESTE,100012.84020285904,197,,,,UBS,JPM,,,
2026-04-12T21:36:38.267Z,market,trade,TESTE,100012.37977732903,136,,,,JPM,MS,,,
2026-04-12T21:36:38.419Z,market,flow_inversion,,,,,,,,,0,149,BTG
2026-04-12T21:36:38.419Z,market,trade,TESTE,100012.39119882463,149,,,,BTG,JPM,,,
2026-04-12T21:36:38.581Z,market,trade,TESTE,100022.89196408623,91,,,,BTG,BTG,,,
2026-04-12T21:36:38.733Z,market,trade,TESTE,100009.01211172335,82,,,,UBS,CITI,,,
2026-04-12T21:36:38.884Z,market,trade,TESTE,100010.64706130495,153,,,,CITI,GOLDM,,,
2026-04-12T21:36:39.049Z,market,trade,TESTE,100018.16031059998,99,,,,XP,BARCL,,,
2026-04-12T21:36:39.200Z,market,trade,TESTE,100012.97933262511,146,,,,JPM,BARCL,,,
2026-04-12T21:36:39.364Z,market,trade,TESTE,100012.72304839364,143,,,,GOLDM,GOLDM,,,
2026-04-12T21:36:39.516Z,market,trade,TESTE,100009.24556297871,138,,,,CS,XP,,,
2026-04-12T21:36:39.667Z,market,trade,TESTE,100014.08860261517,50,,,,BARCL,JPM,,,
2026-04-12T21:36:39.832Z,market,trade,TESTE,100010.60789539762,68,,,,JPM,XP,,,
2026-04-12T21:36:39.996Z,market,trade,TESTE,100021.59182922315,149,,,,UBS,UBS,,,
2026-04-12T21:36:40.150Z,market,trade,TESTE,100007.65224102847,124,,,,ITAU,BTG,,,
2026-04-12T21:36:40.301Z,market,trade,TESTE,100007.3870836582,122,,,,CS,XP,,,
2026-04-12T21:36:40.466Z,market,trade,TESTE,100011.65683631663,35,,,,UBS,XP,,,
2026-04-12T21:36:40.617Z,market,trade,TESTE,100019.71932570635,107,,,,JPM,CITI,,,
2026-04-12T21:36:40.779Z,market,trade,TESTE,100017.76003638022,13,,,,ITAU,MS,,,
2026-04-12T21:36:40.930Z,market,trade,TESTE,100004.34689332903,63,,,,MS,CITI,,,
2026-04-12T21:36:41.084Z,market,trade,TESTE,100014.90080429969,94,,,,GOLDM,XP,,,
2026-04-12T21:36:41.249Z,market,trade,TESTE,100010.66843525591,161,,,,MS,GOLDM,,,
2026-04-12T21:36:41.400Z,market,trade,TESTE,99999.80785734837,141,,,,GOLDM,BARCL,,,
2026-04-12T21:36:41.566Z,market,trade,TESTE,100010.55791639075,68,,,,CITI,CITI,,,
2026-04-12T21:36:41.717Z,market,trade,TESTE,100014.98214286282,196,,,,BTG,BTG,,,
2026-04-12T21:36:41.882Z,market,trade,TESTE,100007.34889777152,32,,,,BTG,GOLDM,,,
2026-04-12T21:36:42.032Z,market,trade,TESTE,100022.11593988717,144,,,,CS,UBS,,,
2026-04-12T21:36:42.198Z,market,trade,TESTE,100020.05956330276,24,,,,ITAU,BTG,,,
2026-04-12T21:36:42.350Z,market,trade,TESTE,100024.1940211341,96,,,,GOLDM,CS,,,
2026-04-12T21:36:42.501Z,market,trade,TESTE,100017.07752317569,160,,,,BTG,GOLDM,,,
2026-04-12T21:36:42.666Z,market,trade,TESTE,100020.35946082442,165,,,,MS,XP,,,
2026-04-12T21:36:42.817Z,market,trade,TESTE,100028.79541916592,46,,,,BARCL,JPM,,,
2026-04-12T21:36:42.983Z,market,trade,TESTE,100029.53354110605,48,,,,MS,BTG,,,
2026-04-12T21:36:43.146Z,market,trade,TESTE,100026.91414389019,80,,,,CITI,CS,,,
2026-04-12T21:36:43.299Z,market,trade,TESTE,100013.24385287786,187,,,,JPM,CITI,,,
2026-04-12T21:36:43.464Z,market,trade,TESTE,100028.11183200142,159,,,,CS,GOLDM,,,
2026-04-12T21:36:43.617Z,market,trade,TESTE,100024.75453563857,161,,,,GOLDM,BTG,,,
2026-04-12T21:36:43.781Z,market,trade,TESTE,100011.70085480397,63,,,,BARCL,CS,,,
2026-04-12T21:36:43.933Z,market,trade,TESTE,100023.93441322636,32,,,,ITAU,UBS,,,
2026-04-12T21:36:44.097Z,market,trade,TESTE,100021.56411682184,69,,,,ITAU,MS,,,
2026-04-12T21:36:44.248Z,market,trade,TESTE,100012.01151259111,5,,,,JPM,BTG,,,
2026-04-12T21:36:44.401Z,market,trade,TESTE,100009.17504316488,141,,,,GOLDM,UBS,,,
2026-04-12T21:36:44.553Z,market,trade,TESTE,100023.37167297662,124,,,,BTG,JPM,,,
2026-04-12T21:36:44.716Z,market,trade,TESTE,100009.49094396798,39,,,,XP,BTG,,,
2026-04-12T21:36:44.881Z,market,trade,TESTE,100012.92812077208,29,,,,UBS,UBS,,,
2026-04-12T21:36:45.033Z,market,trade,TESTE,100027.34411706286,123,,,,MS,JPM,,,
2026-04-12T21:36:45.197Z,market,trade,TESTE,100031.99945956985,58,,,,CS,CS,,,
2026-04-12T21:36:45.350Z,market,trade,TESTE,100035.06098179761,137,,,,BTG,UBS,,,
2026-04-12T21:36:45.505Z,market,trade,TESTE,100032.02626894899,21,,,,CITI,CS,,,
2026-04-12T21:36:45.655Z,market,trade,TESTE,100029.470170006,160,,,,BTG,CITI,,,
2026-04-12T21:36:45.810Z,market,trade,TESTE,100024.49293664447,122,,,,XP,XP,,,
2026-04-12T21:36:45.965Z,market,trade,TESTE,100014.53330964051,25,,,,MS,CITI,,,
2026-04-12T21:36:46.146Z,market,trade,TESTE,100017.29239013554,37,,,,BTG,JPM,,,
2026-04-12T21:36:46.303Z,market,trade,TESTE,100022.35344013719,90,,,,BTG,UBS,,,
2026-04-12T21:36:46.458Z,market,trade,TESTE,100010.33453081571,38,,,,CS,GOLDM,,,
2026-04-12T21:36:46.615Z,market,trade,TESTE,100015.01129696296,153,,,,UBS,UBS,,,
2026-04-12T21:36:46.771Z,market,trade,TESTE,100020.52387093454,121,,,,ITAU,CS,,,
2026-04-12T21:36:46.929Z,market,trade,TESTE,100024.39830830722,171,,,,BTG,XP,,,
2026-04-12T21:36:47.086Z,market,trade,TESTE,100028.30533672015,167,,,,GOLDM,CITI,,,
2026-04-12T21:36:47.242Z,market,trade,TESTE,100017.26538635688,58,,,,JPM,BARCL,,,
2026-04-12T21:36:47.398Z,market,trade,TESTE,100029.26266413029,51,,,,BARCL,UBS,,,
2026-04-12T21:36:47.553Z,market,trade,TESTE,100022.24588676586,187,,,,CS,GOLDM,,,
2026-04-12T21:36:47.708Z,market,trade,TESTE,100033.10840702287,40,,,,MS,GOLDM,,,
2026-04-12T21:36:47.864Z,market,trade,TESTE,100028.70064396576,144,,,,XP,BTG,,,
2026-04-12T21:36:48.028Z,market,trade,TESTE,100031.84623047647,146,,,,ITAU,CITI,,,
2026-04-12T21:36:48.183Z,market,trade,TESTE,100028.43554241024,152,,,,BARCL,BARCL,,,
2026-04-12T21:36:48.344Z,market,trade,TESTE,100018.86968695861,80,,,,GOLDM,BARCL,,,
2026-04-12T21:36:48.499Z,market,trade,TESTE,100014.41345984496,10,,,,CITI,CS,,,
2026-04-12T21:36:48.654Z,market,trade,TESTE,100017.5213643941,101,,,,UBS,XP,,,
2026-04-12T21:36:48.809Z,market,trade,TESTE,100029.7838586645,162,,,,CITI,UBS,,,
2026-04-12T21:36:48.967Z,market,trade,TESTE,100025.98343387437,25,,,,BARCL,XP,,,
2026-04-12T21:36:49.130Z,market,trade,TESTE,100024.02403681574,111,,,,UBS,BTG,,,
2026-04-12T21:36:49.285Z,market,trade,TESTE,100023.37080196873,20,,,,UBS,JPM,,,
2026-04-12T21:36:49.440Z,market,trade,TESTE,100022.96689719995,191,,,,BARCL,BARCL,,,
2026-04-12T21:36:49.599Z,market,trade,TESTE,100019.23385035909,106,,,,ITAU,BARCL,,,
2026-04-12T21:36:49.750Z,market,trade,TESTE,100011.11512966691,42,,,,CITI,JPM,,,
2026-04-12T21:36:49.915Z,market,trade,TESTE,100009.22877662082,90,,,,CS,MS,,,
2026-04-12T21:36:50.066Z,market,trade,TESTE,100023.381721007,175,,,,UBS,JPM,,,
2026-04-12T21:36:50.218Z,market,trade,TESTE,100022.79948148594,190,,,,CITI,JPM,,,
2026-04-12T21:36:50.371Z,market,trade,TESTE,100023.2381213882,7,,,,JPM,UBS,,,
2026-04-12T21:36:50.532Z,market,trade,TESTE,100027.05903075686,80,,,,XP,GOLDM,,,
2026-04-12T21:36:50.687Z,market,trade,TESTE,100018.17492323914,132,,,,XP,GOLDM,,,
2026-04-12T21:36:50.842Z,market,trade,TESTE,100013.85533337334,34,,,,CITI,XP,,,
2026-04-12T21:36:50.997Z,market,trade,TESTE,100009.7111977484,149,,,,JPM,BARCL,,,
2026-04-12T21:36:51.150Z,market,trade,TESTE,100011.89563491817,192,,,,BTG,ITAU,,,
2026-04-12T21:36:51.300Z,market,trade,TESTE,100009.85828851447,91,,,,JPM,UBS,,,
2026-04-12T21:36:51.451Z,market,trade,TESTE,100022.09227957534,93,,,,MS,CS,,,
2026-04-12T21:36:51.615Z,market,trade,TESTE,100027.06493474766,93,,,,CITI,MS,,,
2026-04-12T21:36:51.766Z,market,trade,TESTE,100023.74527212436,104,,,,CS,BARCL,,,
2026-04-12T21:36:51.917Z,market,trade,TESTE,100009.80705998745,36,,,,UBS,ITAU,,,
2026-04-12T21:36:52.082Z,market,trade,TESTE,100023.57738145678,54,,,,JPM,MS,,,
2026-04-12T21:36:52.234Z,market,trade,TESTE,100011.9005306695,178,,,,XP,CITI,,,
2026-04-12T21:36:52.398Z,market,trade,TESTE,100016.32412368852,42,,,,GOLDM,XP,,,
2026-04-12T21:36:52.548Z,market,trade,TESTE,100016.76619502767,8,,,,ITAU,CITI,,,
2026-04-12T21:36:52.699Z,market,trade,TESTE,100020.86336030265,87,,,,GOLDM,XP,,,
2026-04-12T21:36:52.850Z,market,trade,TESTE,100021.41704333072,145,,,,GOLDM,CS,,,
2026-04-12T21:36:53.013Z,market,trade,TESTE,100024.53127500077,25,,,,JPM,BARCL,,,
2026-04-12T21:36:53.166Z,market,trade,TESTE,100025.81620456174,62,,,,ITAU,UBS,,,
2026-04-12T21:36:53.317Z,market,trade,TESTE,100028.32596312206,115,,,,CS,BTG,,,
2026-04-12T21:36:53.467Z,market,trade,TESTE,100033.5192842793,193,,,,CS,BTG,,,
2026-04-12T21:36:53.633Z,market,trade,TESTE,100024.82585849993,186,,,,XP,ITAU,,,
2026-04-12T21:36:53.795Z,market,trade,TESTE,100039.61113101456,146,,,,BTG,CITI,,,
2026-04-12T21:36:53.949Z,market,trade,TESTE,100036.76587108523,137,,,,MS,JPM,,,
2026-04-12T21:36:54.100Z,market,trade,TESTE,100027.77909229105,92,,,,XP,BTG,,,
2026-04-12T21:36:54.264Z,market,trade,TESTE,100023.47558101709,198,,,,BARCL,BTG,,,
2026-04-12T21:36:54.415Z,market,trade,TESTE,100025.93712614322,60,,,,ITAU,CS,,,
2026-04-12T21:36:54.567Z,market,trade,TESTE,100024.9916660772,18,,,,GOLDM,BARCL,,,
2026-04-12T21:36:54.732Z,market,trade,TESTE,100030.94010976408,76,,,,CS,CS,,,
2026-04-12T21:36:54.883Z,market,trade,TESTE,100035.92575509747,180,,,,ITAU,MS,,,
2026-04-12T21:36:55.048Z,market,trade,TESTE,100035.81487487908,70,,,,CITI,BTG,,,
2026-04-12T21:36:55.199Z,market,trade,TESTE,100033.13230446495,7,,,,BTG,BTG,,,
2026-04-12T21:36:55.350Z,market,trade,TESTE,100020.41537365396,48,,,,XP,BTG,,,
2026-04-12T21:36:55.500Z,market,trade,TESTE,100022.57336835665,170,,,,CS,XP,,,
2026-04-12T21:36:55.666Z,market,trade,TESTE,100022.19265884029,107,,,,XP,CITI,,,
2026-04-12T21:36:55.833Z,market,trade,TESTE,100021.76777931735,195,,,,XP,MS,,,
2026-04-12T21:36:55.984Z,market,trade,TESTE,100022.79930677057,127,,,,BTG,MS,,,
2026-04-12T21:36:56.148Z,market,trade,TESTE,100032.02152763377,174,,,,BTG,UBS,,,
2026-04-12T21:36:56.300Z,market,trade,TESTE,100031.85569863587,89,,,,GOLDM,CS,,,
2026-04-12T21:36:56.465Z,market,trade,TESTE,100029.86527613287,31,,,,GOLDM,GOLDM,,,
2026-04-12T21:36:56.616Z,market,trade,TESTE,100017.32994477333,79,,,,JPM,BARCL,,,
2026-04-12T21:36:56.780Z,market,trade,TESTE,100030.02519425025,125,,,,CITI,CS,,,
2026-04-12T21:36:56.932Z,market,trade,TESTE,100020.72034537322,132,,,,ITAU,CS,,,
2026-04-12T21:36:57.084Z,market,trade,TESTE,100019.54755236022,76,,,,GOLDM,ITAU,,,
2026-04-12T21:36:57.249Z,market,trade,TESTE,100032.70443323898,181,,,,ITAU,GOLDM,,,
2026-04-12T21:36:57.400Z,market,trade,TESTE,100036.31471038146,33,,,,ITAU,BARCL,,,
2026-04-12T21:36:57.564Z,market,trade,TESTE,100025.21061995647,146,,,,XP,CS,,,
2026-04-12T21:36:57.715Z,market,trade,TESTE,100026.3079313037,189,,,,JPM,BARCL,,,
2026-04-12T21:36:57.866Z,market,trade,TESTE,100031.1574309431,174,,,,CITI,MS,,,
2026-04-12T21:36:58.032Z,market,trade,TESTE,100031.24030704828,120,,,,MS,XP,,,
2026-04-12T21:36:58.184Z,market,trade,TESTE,100042.21574965556,172,,,,CITI,GOLDM,,,
2026-04-12T21:36:58.347Z,market,trade,TESTE,100044.63478006872,46,,,,JPM,BTG,,,
2026-04-12T21:36:58.499Z,market,trade,TESTE,100034.2004308022,151,,,,ITAU,JPM,,,
2026-04-12T21:36:58.650Z,market,trade,TESTE,100037.56042479654,108,,,,UBS,BTG,,,
2026-04-12T21:36:58.814Z,market,trade,TESTE,100036.12990355493,78,,,,XP,BTG,,,
2026-04-12T21:36:58.991Z,market,trade,TESTE,100033.53748163443,196,,,,CS,CITI,,,
2026-04-12T21:36:59.149Z,market,trade,TESTE,100039.46947588945,21,,,,ITAU,UBS,,,
2026-04-12T21:36:59.299Z,market,trade,TESTE,100036.48929026337,141,,,,CS,BTG,,,
2026-04-12T21:36:59.464Z,market,trade,TESTE,100025.24292363173,16,,,,BARCL,CS,,,
2026-04-12T21:36:59.616Z,market,trade,TESTE,100033.80495049717,10,,,,UBS,MS,,,
2026-04-12T21:36:59.767Z,market,trade,TESTE,100025.27728897521,195,,,,CITI,XP,,,
2026-04-12T21:36:59.932Z,market,trade,TESTE,100022.2425777035,51,,,,UBS,CS,,,
2026-04-12T21:37:00.083Z,market,trade,TESTE,100037.20987725836,128,,,,CS,MS,,,
2026-04-12T21:37:00.234Z,market,trade,TESTE,100029.54065536508,45,,,,CS,UBS,,,
2026-04-12T21:37:00.398Z,market,trade,TESTE,100031.7363253558,86,,,,ITAU,MS,,,
2026-04-12T21:37:00.549Z,market,trade,TESTE,100028.24652294071,12,,,,ITAU,CS,,,
2026-04-12T21:37:00.700Z,market,trade,TESTE,100036.00975121823,152,,,,ITAU,BARCL,,,
2026-04-12T21:37:00.850Z,market,trade,TESTE,100032.61596964278,135,,,,BTG,ITAU,,,
2026-04-12T21:37:01.016Z,market,trade,TESTE,100036.37665653501,20,,,,CS,UBS,,,
2026-04-12T21:37:01.166Z,market,trade,TESTE,100037.24682603692,7,,,,XP,MS,,,
2026-04-12T21:37:01.332Z,market,trade,TESTE,100032.72317501686,91,,,,XP,CITI,,,
2026-04-12T21:37:01.483Z,market,trade,TESTE,100030.97378122626,17,,,,BTG,JPM,,,
2026-04-12T21:37:01.634Z,market,trade,TESTE,100029.98422441837,187,,,,GOLDM,GOLDM,,,
2026-04-12T21:37:01.800Z,market,trade,TESTE,100017.91875528003,78,,,,CITI,XP,,,
2026-04-12T21:37:01.950Z,market,trade,TESTE,100032.67445675544,138,,,,BARCL,XP,,,
2026-04-12T21:37:02.115Z,market,trade,TESTE,100037.48133220586,85,,,,GOLDM,BARCL,,,
2026-04-12T21:37:02.266Z,market,trade,TESTE,100035.34231113976,30,,,,ITAU,MS,,,
2026-04-12T21:37:02.416Z,market,trade,TESTE,100029.19038963079,190,,,,GOLDM,XP,,,
2026-04-12T21:37:02.582Z,market,trade,TESTE,100035.54504044111,95,,,,XP,UBS,,,
2026-04-12T21:37:02.733Z,market,trade,TESTE,100038.53713161776,36,,,,GOLDM,CS,,,
2026-04-12T21:37:02.898Z,market,trade,TESTE,100032.7117506084,162,,,,CITI,CS,,,
2026-04-12T21:37:03.055Z,market,trade,TESTE,100041.98686533437,140,,,,CITI,UBS,,,
2026-04-12T21:37:03.216Z,market,trade,TESTE,100045.8163337217,67,,,,CITI,UBS,,,
2026-04-12T21:37:03.367Z,market,trade,TESTE,100032.2893394602,139,,,,CS,MS,,,
2026-04-12T21:37:03.539Z,market,trade,TESTE,100033.73295832457,31,,,,ITAU,MS,,,
2026-04-12T21:37:03.699Z,market,trade,TESTE,100044.10567150489,118,,,,XP,BARCL,,,
2026-04-12T21:37:03.864Z,market,trade,TESTE,100043.41495239864,33,,,,CS,ITAU,,,
2026-04-12T21:37:04.016Z,market,trade,TESTE,100044.93851700783,59,,,,CITI,CITI,,,
2026-04-12T21:37:04.166Z,market,trade,TESTE,100046.19451884668,148,,,,CS,BTG,,,
2026-04-12T21:37:04.317Z,market,trade,TESTE,100050.42856557562,81,,,,GOLDM,CS,,,
2026-04-12T21:37:04.482Z,market,trade,TESTE,100045.14030404483,121,,,,MS,GOLDM,,,
2026-04-12T21:37:04.632Z,market,trade,TESTE,100055.54187690794,157,,,,CITI,XP,,,
2026-04-12T21:37:04.784Z,market,trade,TESTE,100052.44070906074,81,,,,CS,CS,,,
2026-04-12T21:37:04.948Z,market,trade,TESTE,100044.3089442071,56,,,,BTG,XP,,,
2026-04-12T21:37:05.100Z,market,trade,TESTE,100056.55935139267,86,,,,BTG,CS,,,
2026-04-12T21:37:05.265Z,market,trade,TESTE,100060.3988658096,195,,,,BTG,GOLDM,,,
2026-04-12T21:37:05.420Z,market,trade,TESTE,100056.80706872363,165,,,,ITAU,XP,,,
2026-04-12T21:37:05.573Z,market,trade,TESTE,100048.75357286297,38,,,,GOLDM,CS,,,
2026-04-12T21:37:05.738Z,market,trade,TESTE,100061.15946220975,10,,,,CS,JPM,,,
2026-04-12T21:37:05.897Z,market,trade,TESTE,100056.06352161504,194,,,,MS,GOLDM,,,
2026-04-12T21:37:06.049Z,market,trade,TESTE,100059.5738675706,34,,,,BARCL,UBS,,,
2026-04-12T21:37:06.199Z,market,trade,TESTE,100070.88763008671,75,,,,MS,CS,,,
2026-04-12T21:37:06.351Z,market,trade,TESTE,100072.43833947126,24,,,,UBS,BTG,,,
2026-04-12T21:37:06.516Z,market,trade,TESTE,100058.59861774677,91,,,,GOLDM,GOLDM,,,
2026-04-12T21:37:06.667Z,market,trade,TESTE,100057.4083988621,79,,,,BARCL,XP,,,
2026-04-12T21:37:06.820Z,market,trade,TESTE,100068.950422187,194,,,,CS,GOLDM,,,
2026-04-12T21:37:06.981Z,market,trade,TESTE,100057.02117998448,109,,,,JPM,BTG,,,
2026-04-12T21:37:07.132Z,market,trade,TESTE,100066.39098540392,100,,,,BTG,CITI,,,
2026-04-12T21:37:07.284Z,market,trade,TESTE,100068.15938626498,155,,,,MS,MS,,,
2026-04-12T21:37:07.449Z,market,trade,TESTE,100057.64435656375,180,,,,BTG,XP,,,
2026-04-12T21:37:07.600Z,market,trade,TESTE,100057.91329351715,86,,,,GOLDM,JPM,,,
2026-04-12T21:37:07.765Z,market,trade,TESTE,100072.81978332925,70,,,,BTG,GOLDM,,,
2026-04-12T21:37:07.917Z,market,trade,TESTE,100073.39269699116,66,,,,UBS,MS,,,
2026-04-12T21:37:08.083Z,market,trade,TESTE,100075.57712456027,85,,,,MS,BARCL,,,
2026-04-12T21:37:08.233Z,market,trade,TESTE,100063.22740356054,186,,,,GOLDM,ITAU,,,
2026-04-12T21:37:08.397Z,market,trade,TESTE,100072.34509650432,143,,,,GOLDM,GOLDM,,,
2026-04-12T21:37:08.550Z,market,trade,TESTE,100071.24446519242,95,,,,JPM,GOLDM,,,
2026-04-12T21:37:08.700Z,market,trade,TESTE,100066.15274867167,200,,,,BTG,ITAU,,,
2026-04-12T21:37:08.853Z,market,trade,TESTE,100072.23264576426,192,,,,BTG,JPM,,,
2026-04-12T21:37:09.015Z,market,trade,TESTE,100073.30252852099,81,,,,UBS,UBS,,,
2026-04-12T21:37:09.167Z,market,trade,TESTE,100071.3424031521,37,,,,BTG,JPM,,,
2026-04-12T21:37:09.333Z,market,trade,TESTE,100060.65868228099,83,,,,MS,GOLDM,,,
2026-04-12T21:37:09.484Z,market,trade,TESTE,100073.29836485475,28,,,,MS,JPM,,,
2026-04-12T21:37:09.648Z,market,trade,TESTE,100076.46936403173,128,,,,GOLDM,BTG,,,
2026-04-12T21:37:09.813Z,market,trade,TESTE,100078.55379067129,84,,,,XP,CS,,,
2026-04-12T21:37:09.966Z,market,trade,TESTE,100081.3829042823,5,,,,JPM,UBS,,,
2026-04-12T21:37:10.117Z,market,trade,TESTE,100081.4398564032,21,,,,BARCL,BTG,,,
2026-04-12T21:37:10.270Z,market,trade,TESTE,100083.94579199518,22,,,,ITAU,BARCL,,,
2026-04-12T21:37:10.432Z,market,trade,TESTE,100082.73247167264,9,,,,ITAU,BARCL,,,
2026-04-12T21:37:10.583Z,market,trade,TESTE,100067.91557922542,78,,,,CS,BARCL,,,
2026-04-12T21:37:10.735Z,market,trade,TESTE,100073.9372466838,77,,,,CS,BTG,,,
2026-04-12T21:37:10.899Z,market,trade,TESTE,100060.91762330192,10,,,,JPM,CS,,,
2026-04-12T21:37:11.049Z,market,trade,TESTE,100073.0570688453,168,,,,UBS,BTG,,,
2026-04-12T21:37:11.200Z,market,trade,TESTE,100062.06288575043,26,,,,UBS,BARCL,,,
2026-04-12T21:37:11.364Z,market,trade,TESTE,100063.67383591275,7,,,,UBS,CITI,,,
2026-04-12T21:37:11.516Z,market,trade,TESTE,100070.70803289549,167,,,,CITI,GOLDM,,,
2026-04-12T21:37:11.666Z,market,trade,TESTE,100056.54972619413,18,,,,CITI,CS,,,
2026-04-12T21:37:11.817Z,market,trade,TESTE,100071.26481184078,6,,,,BARCL,ITAU,,,
2026-04-12T21:37:11.981Z,market,trade,TESTE,100061.7161831352,138,,,,BTG,CS,,,
2026-04-12T21:37:12.132Z,market,trade,TESTE,100060.78797248744,7,,,,UBS,CS,,,
2026-04-12T21:37:12.283Z,market,trade,TESTE,100072.99696996671,194,,,,UBS,BTG,,,
2026-04-12T21:37:12.448Z,market,trade,TESTE,100071.01623710354,68,,,,BTG,MS,,,
2026-04-12T21:37:12.599Z,market,trade,TESTE,100069.68204823438,43,,,,CITI,BTG,,,
2026-04-12T21:37:12.751Z,market,trade,TESTE,100059.50402803105,153,,,,UBS,BARCL,,,
2026-04-12T21:37:12.913Z,market,trade,TESTE,100067.27309873221,119,,,,CS,BTG,,,
2026-04-12T21:37:13.065Z,market,trade,TESTE,100054.91699234776,84,,,,CITI,CITI,,,
2026-04-12T21:37:13.216Z,market,trade,TESTE,100057.62493117254,177,,,,GOLDM,UBS,,,
2026-04-12T21:37:13.367Z,market,trade,TESTE,100060.71671568666,186,,,,GOLDM,BARCL,,,
2026-04-12T21:37:13.532Z,market,trade,TESTE,100071.77344138667,11,,,,UBS,MS,,,
2026-04-12T21:37:13.682Z,market,trade,TESTE,100066.7413507237,158,,,,JPM,UBS,,,
2026-04-12T21:37:13.833Z,market,trade,TESTE,100079.14254852216,112,,,,XP,UBS,,,
2026-04-12T21:37:13.999Z,market,trade,TESTE,100078.5911247311,9,,,,XP,CS,,,
2026-04-12T21:37:14.149Z,market,trade,TESTE,100077.38489984824,35,,,,CITI,CS,,,
2026-04-12T21:37:14.300Z,market,trade,TESTE,100071.55938928551,50,,,,MS,JPM,,,
2026-04-12T21:37:14.451Z,market,trade,TESTE,100070.1861444403,5,,,,JPM,CITI,,,
2026-04-12T21:37:14.616Z,market,trade,TESTE,100077.2166960688,78,,,,XP,MS,,,
2026-04-12T21:37:14.767Z,market,trade,TESTE,100075.29746481225,87,,,,MS,JPM,,,
2026-04-12T21:37:14.932Z,market,trade,TESTE,100061.04578853471,163,,,,JPM,BTG,,,
2026-04-12T21:37:15.084Z,market,trade,TESTE,100063.93599048525,135,,,,CITI,ITAU,,,
2026-04-12T21:37:15.249Z,market,trade,TESTE,100063.14582488792,103,,,,XP,JPM,,,
2026-04-12T21:37:15.399Z,market,trade,TESTE,100060.37754515995,59,,,,GOLDM,BARCL,,,
2026-04-12T21:37:15.564Z,market,trade,TESTE,100059.23087553917,107,,,,JPM,ITAU,,,
2026-04-12T21:37:15.716Z,market,trade,TESTE,100064.79429314489,96,,,,CITI,JPM,,,
2026-04-12T21:37:15.881Z,market,trade,TESTE,100063.79753650693,134,,,,XP,CS,,,
2026-04-12T21:37:16.032Z,market,trade,TESTE,100053.16938952536,162,,,,BARCL,ITAU,,,
2026-04-12T21:37:16.182Z,market,trade,TESTE,100054.06413656566,45,,,,UBS,JPM,,,
2026-04-12T21:37:16.334Z,market,trade,TESTE,100051.48901892264,22,,,,CS,BTG,,,
2026-04-12T21:37:16.500Z,market,trade,TESTE,100046.62501263352,137,,,,JPM,JPM,,,
2026-04-12T21:37:16.651Z,market,trade,TESTE,100044.07975332819,35,,,,UBS,JPM,,,
2026-04-12T21:37:16.805Z,market,trade,TESTE,100057.14967096456,15,,,,XP,BARCL,,,
2026-04-12T21:37:16.969Z,market,trade,TESTE,100045.05992922903,184,,,,JPM,MS,,,
2026-04-12T21:37:17.131Z,market,trade,TESTE,100047.82178483698,104,,,,JPM,MS,,,
2026-04-12T21:37:17.282Z,market,trade,TESTE,100053.09830695973,83,,,,UBS,XP,,,
2026-04-12T21:37:17.432Z,market,trade,TESTE,100049.82955666957,148,,,,JPM,XP,,,
2026-04-12T21:37:17.583Z,market,trade,TESTE,100044.2147306991,101,,,,MS,UBS,,,
2026-04-12T21:37:17.748Z,market,trade,TESTE,100054.22298813293,102,,,,GOLDM,CS,,,
2026-04-12T21:37:17.899Z,market,trade,TESTE,100057.77938469563,112,,,,CITI,CS,,,
2026-04-12T21:37:18.065Z,market,trade,TESTE,100062.69181204257,155,,,,ITAU,GOLDM,,,
2026-04-12T21:37:18.217Z,market,trade,TESTE,100064.18647472268,37,,,,GOLDM,CS,,,
2026-04-12T21:37:18.367Z,market,trade,TESTE,100049.26834308733,172,,,,ITAU,GOLDM,,,
2026-04-12T21:37:18.520Z,market,trade,TESTE,100046.31852290465,48,,,,MS,CS,,,
2026-04-12T21:37:18.683Z,market,trade,TESTE,100045.72191318257,154,,,,CS,ITAU,,,
2026-04-12T21:37:18.833Z,market,trade,TESTE,100052.59821461081,43,,,,CS,GOLDM,,,
2026-04-12T21:37:18.984Z,market,trade,TESTE,100054.49313781915,182,,,,ITAU,MS,,,
2026-04-12T21:37:19.150Z,market,trade,TESTE,100044.84766417401,162,,,,BARCL,BTG,,,
2026-04-12T21:37:19.315Z,market,trade,TESTE,100043.31379776177,116,,,,UBS,MS,,,
2026-04-12T21:37:19.467Z,market,trade,TESTE,100052.26791905967,49,,,,GOLDM,MS,,,
2026-04-12T21:37:19.620Z,market,trade,TESTE,100055.93611040991,18,,,,MS,BARCL,,,
2026-04-12T21:37:19.771Z,market,trade,TESTE,100047.2804248419,40,,,,GOLDM,ITAU,,,
2026-04-12T21:37:19.933Z,market,trade,TESTE,100051.4610689496,51,,,,XP,CS,,,
2026-04-12T21:37:20.083Z,market,trade,TESTE,100060.77046792753,81,,,,ITAU,CITI,,,
2026-04-12T21:37:20.234Z,market,trade,TESTE,100058.92634033701,197,,,,BTG,UBS,,,
2026-04-12T21:37:20.400Z,market,trade,TESTE,100052.91747749741,76,,,,BARCL,XP,,,
2026-04-12T21:37:20.560Z,market,trade,TESTE,100057.97617902927,81,,,,CS,XP,,,
2026-04-12T21:37:20.717Z,market,trade,TESTE,100043.90200786346,66,,,,UBS,XP,,,
2026-04-12T21:37:20.882Z,market,trade,TESTE,100050.0343506826,101,,,,UBS,MS,,,
2026-04-12T21:37:21.033Z,market,trade,TESTE,100053.90578687018,67,,,,JPM,XP,,,
2026-04-12T21:37:21.192Z,market,trade,TESTE,100039.22221774979,153,,,,CITI,JPM,,,
2026-04-12T21:37:21.349Z,market,trade,TESTE,100048.27555856497,187,,,,GOLDM,CS,,,
2026-04-12T21:37:21.500Z,market,trade,TESTE,100048.8972240282,14,,,,GOLDM,JPM,,,
2026-04-12T21:37:21.665Z,market,trade,TESTE,100050.64336314282,107,,,,BTG,UBS,,,
2026-04-12T21:37:21.817Z,market,trade,TESTE,100054.77662358514,178,,,,UBS,GOLDM,,,
2026-04-12T21:37:21.982Z,market,trade,TESTE,100057.00849791775,142,,,,ITAU,JPM,,,
2026-04-12T21:37:22.133Z,market,trade,TESTE,100048.61003247499,19,,,,GOLDM,CS,,,
2026-04-12T21:37:22.298Z,market,trade,TESTE,100057.98262920728,25,,,,ITAU,UBS,,,
2026-04-12T21:37:22.449Z,market,trade,TESTE,100062.7276167283,184,,,,CITI,GOLDM,,,
2026-04-12T21:37:22.600Z,market,trade,TESTE,100061.75204706247,185,,,,CS,BARCL,,,
2026-04-12T21:37:22.765Z,market,trade,TESTE,100064.77241005226,163,,,,XP,JPM,,,
2026-04-12T21:37:22.917Z,market,trade,TESTE,100067.29194908863,59,,,,JPM,UBS,,,
2026-04-12T21:37:23.067Z,market,trade,TESTE,100067.71288402626,27,,,,ITAU,GOLDM,,,
2026-04-12T21:37:23.232Z,market,trade,TESTE,100059.07882144666,131,,,,BTG,CITI,,,
2026-04-12T21:37:23.383Z,market,trade,TESTE,100057.15840554384,23,,,,BTG,MS,,,
2026-04-12T21:37:23.534Z,market,trade,TESTE,100064.48773668401,163,,,,XP,UBS,,,
2026-04-12T21:37:23.685Z,market,trade,TESTE,100057.32984545964,185,,,,ITAU,GOLDM,,,
2026-04-12T21:37:23.836Z,market,trade,TESTE,100058.63342386308,68,,,,CITI,CS,,,
2026-04-12T21:37:23.999Z,market,trade,TESTE,100068.82298751481,39,,,,ITAU,CITI,,,
2026-04-12T21:37:24.150Z,market,trade,TESTE,100072.52383733528,78,,,,UBS,UBS,,,
2026-04-12T21:37:24.300Z,market,trade,TESTE,100064.19375652041,49,,,,GOLDM,CITI,,,
2026-04-12T21:37:24.466Z,market,trade,TESTE,100079.1696680312,121,,,,CS,CITI,,,
2026-04-12T21:37:24.617Z,market,trade,TESTE,100080.35538937127,102,,,,BARCL,XP,,,
2026-04-12T21:37:24.782Z,market,trade,TESTE,100079.74184197705,174,,,,CITI,XP,,,
2026-04-12T21:37:24.933Z,market,trade,TESTE,100078.90963037887,33,,,,JPM,BTG,,,
2026-04-12T21:37:25.083Z,market,trade,TESTE,100069.14589532146,100,,,,BTG,UBS,,,
2026-04-12T21:37:25.249Z,market,trade,TESTE,100074.25962402656,172,,,,ITAU,ITAU,,,
2026-04-12T21:37:25.400Z,market,trade,TESTE,100065.9489049597,123,,,,CS,GOLDM,,,
2026-04-12T21:37:25.566Z,market,trade,TESTE,100070.0618978403,73,,,,CITI,BTG,,,
2026-04-12T21:37:25.717Z,market,trade,TESTE,100081.10476012097,197,,,,XP,MS,,,
2026-04-12T21:37:25.882Z,market,trade,TESTE,100080.86780591939,24,,,,XP,BARCL,,,
2026-04-12T21:37:26.047Z,market,trade,TESTE,100072.22708486344,135,,,,XP,ITAU,,,
2026-04-12T21:37:26.199Z,market,trade,TESTE,100072.94255642235,167,,,,CS,MS,,,
2026-04-12T21:37:26.350Z,market,trade,TESTE,100078.97721284794,21,,,,BARCL,ITAU,,,
2026-04-12T21:37:26.500Z,market,trade,TESTE,100080.54792022226,73,,,,JPM,MS,,,
2026-04-12T21:37:26.658Z,market,trade,TESTE,100077.22344605222,8,,,,MS,BTG,,,
2026-04-12T21:37:26.815Z,market,trade,TESTE,100072.38288361285,186,,,,UBS,GOLDM,,,
2026-04-12T21:37:26.967Z,market,trade,TESTE,100067.02506004568,143,,,,MS,BARCL,,,
2026-04-12T21:37:27.117Z,market,trade,TESTE,100071.56293328824,164,,,,MS,BARCL,,,
2026-04-12T21:37:27.282Z,market,trade,TESTE,100075.8557241814,127,,,,MS,MS,,,
2026-04-12T21:37:27.436Z,market,trade,TESTE,100085.53938757676,185,,,,GOLDM,CITI,,,
2026-04-12T21:37:27.599Z,market,trade,TESTE,100080.57419942266,53,,,,CITI,GOLDM,,,
2026-04-12T21:37:27.750Z,market,trade,TESTE,100066.42693023293,160,,,,JPM,BTG,,,
2026-04-12T21:37:27.915Z,market,trade,TESTE,100073.30678761446,133,,,,JPM,CITI,,,
2026-04-12T21:37:28.066Z,market,trade,TESTE,100066.7757243129,146,,,,ITAU,JPM,,,
2026-04-12T21:37:28.217Z,market,trade,TESTE,100079.74215176662,70,,,,MS,ITAU,,,
2026-04-12T21:37:28.375Z,market,trade,TESTE,100068.67804545711,96,,,,CS,CS,,,
2026-04-12T21:37:28.534Z,market,trade,TESTE,100065.26789088454,107,,,,MS,BTG,,,
2026-04-12T21:37:28.698Z,market,trade,TESTE,100072.78405420236,12,,,,ITAU,CS,,,
2026-04-12T21:37:28.864Z,market,trade,TESTE,100071.96825207751,47,,,,BARCL,CITI,,,
2026-04-12T21:37:29.015Z,market,trade,TESTE,100065.68655526944,92,,,,GOLDM,CS,,,
2026-04-12T21:37:29.168Z,market,trade,TESTE,100064.05453592831,199,,,,BARCL,GOLDM,,,
2026-04-12T21:37:29.332Z,market,trade,TESTE,100059.56106830701,175,,,,CITI,ITAU,,,
2026-04-12T21:37:29.482Z,market,trade,TESTE,100063.2038507944,127,,,,UBS,CITI,,,
2026-04-12T21:37:29.634Z,market,trade,TESTE,100072.66325519452,178,,,,CITI,CITI,,,
2026-04-12T21:37:29.797Z,market,trade,TESTE,100072.29888850646,100,,,,GOLDM,GOLDM,,,
2026-04-12T21:37:29.950Z,market,trade,TESTE,100072.33397058454,94,,,,ITAU,GOLDM,,,
2026-04-12T21:37:30.115Z,market,trade,TESTE,100059.764403511,98,,,,CS,BARCL,,,
2026-04-12T21:37:30.279Z,market,trade,TESTE,100055.97114895831,50,,,,GOLDM,CITI,,,
2026-04-12T21:37:30.433Z,market,trade,TESTE,100060.08943857846,152,,,,CITI,ITAU,,,
2026-04-12T21:37:30.584Z,market,trade,TESTE,100074.60923943011,17,,,,CS,BTG,,,
2026-04-12T21:37:30.749Z,market,trade,TESTE,100066.37421095779,161,,,,UBS,UBS,,,
2026-04-12T21:37:30.912Z,market,trade,TESTE,100076.64425037059,56,,,,UBS,CITI,,,
2026-04-12T21:37:31.066Z,market,trade,TESTE,100072.74135737859,51,,,,XP,CITI,,,
2026-04-12T21:37:31.217Z,market,trade,TESTE,100074.92226113084,177,,,,BARCL,CITI,,,
2026-04-12T21:37:31.368Z,market,trade,TESTE,100065.25050081302,29,,,,CS,CS,,,
2026-04-12T21:37:31.533Z,market,trade,TESTE,100076.44023266083,123,,,,JPM,UBS,,,
2026-04-12T21:37:31.683Z,market,trade,TESTE,100068.43301463769,163,,,,UBS,UBS,,,
2026-04-12T21:37:31.845Z,market,trade,TESTE,100067.46448470298,144,,,,BARCL,CITI,,,
2026-04-12T21:37:32.000Z,market,trade,TESTE,100063.45959959617,170,,,,JPM,XP,,,
2026-04-12T21:37:32.150Z,market,trade,TESTE,100075.16704102665,83,,,,CS,GOLDM,,,
2026-04-12T21:37:32.300Z,market,trade,TESTE,100063.63560737691,185,,,,XP,GOLDM,,,
2026-04-12T21:37:32.465Z,market,trade,TESTE,100077.5668050037,79,,,,BARCL,MS,,,
2026-04-12T21:37:32.617Z,market,trade,TESTE,100071.29958917949,84,,,,CS,XP,,,
2026-04-12T21:37:32.782Z,market,trade,TESTE,100074.54127569452,19,,,,ITAU,CS,,,
2026-04-12T21:37:32.932Z,market,trade,TESTE,100089.49548098154,104,,,,UBS,BARCL,,,
2026-04-12T21:37:33.083Z,market,trade,TESTE,100076.09044110769,161,,,,BARCL,BARCL,,,
2026-04-12T21:37:33.248Z,market,trade,TESTE,100082.77479874615,79,,,,ITAU,GOLDM,,,
2026-04-12T21:37:33.400Z,market,trade,TESTE,100084.99965620949,194,,,,BARCL,MS,,,
2026-04-12T21:37:33.550Z,market,trade,TESTE,100075.79532423112,29,,,,CITI,JPM,,,
2026-04-12T21:37:33.715Z,market,trade,TESTE,100086.99143826427,149,,,,CS,BTG,,,
2026-04-12T21:37:33.867Z,market,trade,TESTE,100076.81744138543,51,,,,MS,GOLDM,,,
2026-04-12T21:37:34.020Z,market,trade,TESTE,100075.21771277116,106,,,,BTG,JPM,,,
2026-04-12T21:37:34.182Z,market,trade,TESTE,100080.1532746159,9,,,,XP,BARCL,,,
2026-04-12T21:37:34.334Z,market,trade,TESTE,100086.94852123258,163,,,,MS,GOLDM,,,
2026-04-12T21:37:34.498Z,market,trade,TESTE,100080.6760733551,83,,,,MS,BARCL,,,
2026-04-12T21:37:34.650Z,market,trade,TESTE,100079.82426022504,113,,,,BARCL,GOLDM,,,
2026-04-12T21:37:34.812Z,market,trade,TESTE,100094.41825128965,120,,,,UBS,CS,,,
2026-04-12T21:37:34.965Z,market,trade,TESTE,100081.20448992895,145,,,,ITAU,JPM,,,
2026-04-12T21:37:35.116Z,market,trade,TESTE,100081.34172984121,141,,,,BARCL,CS,,,
2026-04-12T21:37:35.267Z,market,trade,TESTE,100095.8037392211,105,,,,ITAU,UBS,,,
2026-04-12T21:37:35.431Z,market,trade,TESTE,100086.74487010181,21,,,,BARCL,GOLDM,,,
2026-04-12T21:37:35.583Z,market,trade,TESTE,100082.17629788598,143,,,,BARCL,GOLDM,,,
2026-04-12T21:37:35.749Z,market,trade,TESTE,100082.5745156051,181,,,,GOLDM,UBS,,,
2026-04-12T21:37:35.901Z,market,trade,TESTE,100087.66877667476,96,,,,XP,JPM,,,
2026-04-12T21:37:36.066Z,market,trade,TESTE,100075.47058000065,142,,,,BARCL,CS,,,
2026-04-12T21:37:36.223Z,market,trade,TESTE,100085.74704908158,108,,,,BARCL,CS,,,
2026-04-12T21:37:36.382Z,market,trade,TESTE,100090.21097970103,148,,,,CITI,MS,,,
2026-04-12T21:37:36.534Z,market,trade,TESTE,100076.75174955276,138,,,,JPM,GOLDM,,,
2026-04-12T21:37:36.685Z,market,trade,TESTE,100075.89085609537,148,,,,MS,MS,,,
2026-04-12T21:37:36.848Z,market,trade,TESTE,100076.17148801388,125,,,,GOLDM,BARCL,,,
2026-04-12T21:37:37.000Z,market,trade,TESTE,100086.34540907355,96,,,,ITAU,CITI,,,
2026-04-12T21:37:37.165Z,market,trade,TESTE,100086.81171088536,175,,,,JPM,BARCL,,,
2026-04-12T21:37:37.317Z,market,trade,TESTE,100087.46062861013,40,,,,GOLDM,XP,,,
2026-04-12T21:37:37.482Z,market,trade,TESTE,100072.7812761848,31,,,,UBS,BARCL,,,
2026-04-12T21:37:37.633Z,market,trade,TESTE,100087.73622150673,135,,,,ITAU,ITAU,,,
2026-04-12T21:37:37.784Z,market,trade,TESTE,100075.2885802482,139,,,,MS,CITI,,,
2026-04-12T21:37:37.949Z,market,trade,TESTE,100083.4969999485,47,,,,UBS,MS,,,
2026-04-12T21:37:38.100Z,market,trade,TESTE,100085.5070512483,78,,,,UBS,CITI,,,
2026-04-12T21:37:38.264Z,market,trade,TESTE,100086.31693578867,96,,,,BARCL,GOLDM,,,
2026-04-12T21:37:38.415Z,market,trade,TESTE,100091.07670446935,132,,,,BTG,JPM,,,
2026-04-12T21:37:38.565Z,market,trade,TESTE,100087.23104387471,132,,,,CS,ITAU,,,
2026-04-12T21:37:38.716Z,market,trade,TESTE,100075.7459477137,71,,,,UBS,BTG,,,
2026-04-12T21:37:38.872Z,market,trade,TESTE,100073.73919990924,88,,,,CITI,GOLDM,,,
2026-04-12T21:37:39.032Z,market,trade,TESTE,100084.31730394473,161,,,,ITAU,JPM,,,
2026-04-12T21:37:39.183Z,market,trade,TESTE,100089.10499112963,30,,,,GOLDM,XP,,,
2026-04-12T21:37:39.333Z,market,trade,TESTE,100086.57713194804,57,,,,MS,BARCL,,,
2026-04-12T21:37:39.499Z,market,trade,TESTE,100076.55885177168,67,,,,BTG,GOLDM,,,
2026-04-12T21:37:39.665Z,market,trade,TESTE,100080.9973991803,199,,,,CS,MS,,,
2026-04-12T21:37:39.817Z,market,trade,TESTE,100079.83293854426,41,,,,BTG,GOLDM,,,
2026-04-12T21:37:39.982Z,market,trade,TESTE,100085.87465274874,6,,,,XP,CITI,,,
2026-04-12T21:37:40.133Z,market,trade,TESTE,100081.28271236108,10,,,,GOLDM,XP,,,
2026-04-12T21:37:40.300Z,market,trade,TESTE,100067.94066209241,119,,,,BARCL,UBS,,,
2026-04-12T21:37:40.450Z,market,trade,TESTE,100080.75491338511,71,,,,BTG,BTG,,,
2026-04-12T21:37:40.602Z,market,trade,TESTE,100076.95075137007,39,,,,JPM,XP,,,
2026-04-12T21:37:40.765Z,market,trade,TESTE,100081.2081689263,106,,,,CITI,ITAU,,,
2026-04-12T21:37:40.916Z,market,trade,TESTE,100080.06442896246,129,,,,BTG,CS,,,
2026-04-12T21:37:41.067Z,market,trade,TESTE,100075.62975177045,96,,,,XP,UBS,,,
2026-04-12T21:37:41.231Z,market,trade,TESTE,100079.86957424946,99,,,,XP,ITAU,,,
2026-04-12T21:37:41.382Z,market,trade,TESTE,100082.88164256456,30,,,,UBS,JPM,,,
2026-04-12T21:37:41.533Z,market,trade,TESTE,100082.94819528564,125,,,,BTG,MS,,,
2026-04-12T21:37:41.699Z,market,trade,TESTE,100085.188453743,173,,,,MS,BARCL,,,
2026-04-12T21:37:41.853Z,market,trade,TESTE,100070.32154687066,38,,,,ITAU,BARCL,,,
2026-04-12T21:37:42.015Z,market,trade,TESTE,100072.4000691981,83,,,,GOLDM,ITAU,,,
2026-04-12T21:37:42.165Z,market,trade,TESTE,100080.65971588233,152,,,,UBS,ITAU,,,
2026-04-12T21:37:42.317Z,market,trade,TESTE,100083.1332764823,122,,,,BARCL,BARCL,,,
2026-04-12T21:37:42.483Z,market,trade,TESTE,100079.44073490181,168,,,,JPM,BARCL,,,
2026-04-12T21:37:42.634Z,market,trade,TESTE,100069.3235037128,59,,,,XP,XP,,,
2026-04-12T21:37:42.799Z,market,trade,TESTE,100076.8527259773,114,,,,CITI,JPM,,,
2026-04-12T21:37:42.950Z,market,trade,TESTE,100068.75421641521,78,,,,UBS,BARCL,,,
2026-04-12T21:37:43.116Z,market,trade,TESTE,100080.2179361725,58,,,,CS,BARCL,,,
2026-04-12T21:37:43.280Z,market,trade,TESTE,100080.61679065127,27,,,,MS,UBS,,,
2026-04-12T21:37:43.434Z,market,trade,TESTE,100079.93266988297,55,,,,ITAU,GOLDM,,,
2026-04-12T21:37:43.600Z,market,trade,TESTE,100080.4995872448,187,,,,UBS,JPM,,,
2026-04-12T21:37:43.765Z,market,trade,TESTE,100077.09735871205,97,,,,ITAU,BTG,,,
2026-04-12T21:37:43.915Z,market,trade,TESTE,100065.66663871611,157,,,,UBS,BTG,,,
2026-04-12T21:37:44.067Z,market,trade,TESTE,100065.71281442366,159,,,,MS,CITI,,,
2026-04-12T21:37:44.232Z,market,trade,TESTE,100070.32834216591,54,,,,GOLDM,BTG,,,
2026-04-12T21:37:44.396Z,market,trade,TESTE,100074.27950907926,186,,,,CS,MS,,,
2026-04-12T21:37:44.550Z,market,trade,TESTE,100086.2324525458,85,,,,BTG,XP,,,
2026-04-12T21:37:44.702Z,market,trade,TESTE,100073.08408114582,43,,,,JPM,JPM,,,
2026-04-12T21:37:44.865Z,market,trade,TESTE,100081.97724838031,125,,,,JPM,CITI,,,
2026-04-12T21:37:45.016Z,market,trade,TESTE,100072.08390871441,160,,,,BARCL,UBS,,,
2026-04-12T21:37:45.166Z,market,trade,TESTE,100072.81555929485,140,,,,BARCL,MS,,,
2026-04-12T21:37:45.316Z,market,trade,TESTE,100086.29980101396,97,,,,BARCL,BARCL,,,
2026-04-12T21:37:45.468Z,market,trade,TESTE,100087.62105402019,95,,,,CITI,JPM,,,
2026-04-12T21:37:45.633Z,market,trade,TESTE,100083.41266666322,56,,,,BTG,ITAU,,,
2026-04-12T21:37:45.784Z,market,trade,TESTE,100083.10401831659,60,,,,GOLDM,GOLDM,,,
2026-04-12T21:37:45.949Z,market,trade,TESTE,100087.25317787111,150,,,,MS,BARCL,,,
2026-04-12T21:37:46.099Z,market,trade,TESTE,100086.81481568134,168,,,,MS,BTG,,,
2026-04-12T21:37:46.264Z,market,trade,TESTE,100082.39244696256,183,,,,CS,GOLDM,,,
2026-04-12T21:37:46.417Z,market,trade,TESTE,100081.92593366603,51,,,,XP,CS,,,
2026-04-12T21:37:46.569Z,market,trade,TESTE,100070.98061893841,33,,,,BTG,MS,,,
2026-04-12T21:37:46.733Z,market,trade,TESTE,100082.89887941728,66,,,,ITAU,JPM,,,
2026-04-12T21:37:46.897Z,market,trade,TESTE,100087.4504102064,150,,,,BARCL,BTG,,,
2026-04-12T21:37:47.049Z,market,trade,TESTE,100072.77462770489,197,,,,XP,CS,,,
2026-04-12T21:37:47.216Z,market,trade,TESTE,100070.79686674493,199,,,,XP,BARCL,,,
2026-04-12T21:37:47.367Z,market,trade,TESTE,100068.07103122376,67,,,,ITAU,BTG,,,
2026-04-12T21:37:47.522Z,market,trade,TESTE,100078.898394062,118,,,,GOLDM,ITAU,,,
2026-04-12T21:37:47.681Z,market,trade,TESTE,100078.63549394638,18,,,,BTG,BARCL,,,
2026-04-12T21:37:47.833Z,market,trade,TESTE,100082.7264105326,197,,,,ITAU,BTG,,,
2026-04-12T21:37:47.984Z,market,trade,TESTE,100081.517521258,161,,,,JPM,UBS,,,
2026-04-12T21:37:48.147Z,market,trade,TESTE,100069.63533417095,170,,,,BARCL,JPM,,,
2026-04-12T21:37:48.299Z,market,trade,TESTE,100071.72952050815,78,,,,BARCL,ITAU,,,
2026-04-12T21:37:48.450Z,market,trade,TESTE,100082.31771261105,66,,,,JPM,GOLDM,,,
2026-04-12T21:37:48.615Z,market,trade,TESTE,100074.4027410249,180,,,,CS,UBS,,,
2026-04-12T21:37:48.765Z,market,trade,TESTE,100078.00252485424,172,,,,MS,BARCL,,,
2026-04-12T21:37:48.917Z,market,trade,TESTE,100086.92493504944,123,,,,BTG,CITI,,,
2026-04-12T21:37:49.070Z,market,trade,TESTE,100078.76534018863,104,,,,CS,CITI,,,
2026-04-12T21:37:49.232Z,market,trade,TESTE,100076.54687216706,80,,,,CITI,MS,,,
2026-04-12T21:37:49.389Z,market,trade,TESTE,100073.77926038543,47,,,,UBS,XP,,,
2026-04-12T21:37:49.548Z,market,trade,TESTE,100077.8485713083,192,,,,CITI,JPM,,,
2026-04-12T21:37:49.699Z,market,trade,TESTE,100086.75116551433,138,,,,CITI,BARCL,,,
2026-04-12T21:37:49.853Z,market,trade,TESTE,100083.59342804493,93,,,,MS,XP,,,
2026-04-12T21:37:50.015Z,market,trade,TESTE,100075.37204635033,118,,,,BTG,GOLDM,,,
2026-04-12T21:37:50.167Z,market,trade,TESTE,100070.88048435633,107,,,,MS,ITAU,,,
2026-04-12T21:37:50.331Z,market,trade,TESTE,100081.70138015819,107,,,,MS,JPM,,,
2026-04-12T21:37:50.483Z,market,trade,TESTE,100085.65785122717,110,,,,GOLDM,CITI,,,
2026-04-12T21:37:50.633Z,market,trade,TESTE,100072.27180904806,82,,,,CS,CS,,,
2026-04-12T21:37:50.794Z,market,trade,TESTE,100085.10959076615,72,,,,BTG,JPM,,,
2026-04-12T21:37:50.949Z,market,trade,TESTE,100074.0763168386,53,,,,UBS,ITAU,,,
2026-04-12T21:37:51.100Z,market,trade,TESTE,100086.91468571503,187,,,,JPM,ITAU,,,
2026-04-12T21:37:51.265Z,market,trade,TESTE,100074.7664442466,53,,,,CITI,CITI,,,
2026-04-12T21:37:51.417Z,market,trade,TESTE,100081.85410106312,37,,,,UBS,ITAU,,,
2026-04-12T21:37:51.582Z,market,trade,TESTE,100071.4183730821,10,,,,CS,JPM,,,
2026-04-12T21:37:51.733Z,market,trade,TESTE,100066.51750957989,161,,,,CS,BARCL,,,
2026-04-12T21:37:51.897Z,market,trade,TESTE,100072.81810637041,120,,,,JPM,XP,,,
2026-04-12T21:37:52.050Z,market,trade,TESTE,100060.60871540575,162,,,,BARCL,JPM,,,
2026-04-12T21:37:52.215Z,market,trade,TESTE,100067.2942917865,161,,,,CS,XP,,,
2026-04-12T21:37:52.367Z,market,trade,TESTE,100054.74262944229,198,,,,CITI,BARCL,,,
2026-04-12T21:37:52.532Z,market,trade,TESTE,100060.7218472464,151,,,,CITI,ITAU,,,
2026-04-12T21:37:52.684Z,market,trade,TESTE,100061.57649884312,109,,,,XP,ITAU,,,
2026-04-12T21:37:52.849Z,market,trade,TESTE,100048.78862796351,66,,,,JPM,BARCL,,,
2026-04-12T21:37:53.000Z,market,trade,TESTE,100057.16065480017,40,,,,CITI,MS,,,
2026-04-12T21:37:53.150Z,market,trade,TESTE,100060.19103952634,15,,,,CS,XP,,,
2026-04-12T21:37:53.300Z,market,trade,TESTE,100059.05751227503,97,,,,BTG,JPM,,,
2026-04-12T21:37:53.450Z,market,trade,TESTE,100059.23499778658,170,,,,MS,CITI,,,
2026-04-12T21:37:53.615Z,market,trade,TESTE,100050.24384092457,58,,,,GOLDM,CS,,,
2026-04-12T21:37:53.767Z,market,trade,TESTE,100052.92434778424,87,,,,CITI,XP,,,
2026-04-12T21:37:53.917Z,market,trade,TESTE,100055.66777184526,86,,,,BARCL,ITAU,,,
2026-04-12T21:37:54.067Z,market,trade,TESTE,100051.69075813591,85,,,,JPM,GOLDM,,,
2026-04-12T21:37:54.232Z,market,trade,TESTE,100052.90745833478,200,,,,JPM,GOLDM,,,
2026-04-12T21:37:54.384Z,market,trade,TESTE,100056.26078345778,166,,,,XP,GOLDM,,,
2026-04-12T21:37:54.549Z,market,trade,TESTE,100064.5114801478,137,,,,XP,UBS,,,
2026-04-12T21:37:54.701Z,market,trade,TESTE,100052.93294323186,74,,,,CITI,XP,,,
2026-04-12T21:37:54.865Z,market,trade,TESTE,100062.8879382679,24,,,,BTG,CITI,,,
2026-04-12T21:37:55.017Z,market,trade,TESTE,100055.69016619453,187,,,,CITI,BTG,,,
2026-04-12T21:37:55.182Z,market,trade,TESTE,100066.39417490183,12,,,,GOLDM,CS,,,
2026-04-12T21:37:55.333Z,market,trade,TESTE,100066.96345194074,35,,,,GOLDM,BTG,,,
2026-04-12T21:37:55.484Z,market,trade,TESTE,100067.16268002009,179,,,,MS,CS,,,
2026-04-12T21:37:55.648Z,market,trade,TESTE,100054.94815627471,191,,,,BTG,UBS,,,
2026-04-12T21:37:55.799Z,market,trade,TESTE,100068.90262800081,17,,,,XP,GOLDM,,,
2026-04-12T21:37:55.950Z,market,trade,TESTE,100067.49156753198,85,,,,JPM,CS,,,
2026-04-12T21:37:56.100Z,market,trade,TESTE,100057.13079192335,142,,,,BARCL,UBS,,,
2026-04-12T21:37:56.264Z,market,trade,TESTE,100064.05297054643,134,,,,BARCL,JPM,,,
2026-04-12T21:37:56.417Z,market,trade,TESTE,100067.601811108,17,,,,CS,BARCL,,,
2026-04-12T21:37:56.582Z,market,trade,TESTE,100060.62923614653,171,,,,CITI,BTG,,,
2026-04-12T21:37:56.733Z,market,trade,TESTE,100070.66379099085,182,,,,CITI,GOLDM,,,
2026-04-12T21:37:56.899Z,market,trade,TESTE,100070.91167934742,60,,,,GOLDM,GOLDM,,,
2026-04-12T21:37:57.049Z,market,trade,TESTE,100071.07409664159,74,,,,CITI,UBS,,,
2026-04-12T21:37:57.215Z,market,trade,TESTE,100062.14815259558,88,,,,ITAU,XP,,,
2026-04-12T21:37:57.367Z,market,trade,TESTE,100076.33345765324,87,,,,GOLDM,JPM,,,
2026-04-12T21:37:57.531Z,market,trade,TESTE,100079.01432288016,48,,,,XP,BTG,,,
2026-04-12T21:37:57.683Z,market,trade,TESTE,100083.0689099783,200,,,,GOLDM,JPM,,,
2026-04-12T21:37:57.836Z,market,trade,TESTE,100077.29856287297,174,,,,CS,ITAU,,,
2026-04-12T21:37:57.998Z,market,trade,TESTE,100088.37962677657,62,,,,XP,BTG,,,
2026-04-12T21:37:58.150Z,market,trade,TESTE,100081.88184867089,6,,,,GOLDM,ITAU,,,
2026-04-12T21:37:58.315Z,market,trade,TESTE,100095.34151681227,73,,,,UBS,UBS,,,
2026-04-12T21:37:58.465Z,market,trade,TESTE,100089.67067070339,80,,,,MS,CITI,,,
2026-04-12T21:37:58.617Z,market,trade,TESTE,100098.51361587526,112,,,,BTG,MS,,,
2026-04-12T21:37:58.782Z,market,trade,TESTE,100090.31568167891,168,,,,BTG,MS,,,
2026-04-12T21:37:58.934Z,market,trade,TESTE,100098.44987646477,138,,,,CS,XP,,,
2026-04-12T21:37:59.099Z,market,trade,TESTE,100095.38204190679,33,,,,UBS,ITAU,,,
2026-04-12T21:37:59.260Z,market,trade,TESTE,100090.01796478323,9,,,,UBS,GOLDM,,,
2026-04-12T21:37:59.419Z,market,trade,TESTE,100093.74757806244,93,,,,BTG,BTG,,,
2026-04-12T21:37:59.582Z,market,trade,TESTE,100096.48074529537,71,,,,UBS,ITAU,,,
2026-04-12T21:37:59.734Z,market,trade,TESTE,100104.23985521516,162,,,,BARCL,ITAU,,,
2026-04-12T21:37:59.900Z,market,trade,TESTE,100103.35310587086,107,,,,XP,MS,,,
2026-04-12T21:38:00.065Z,market,trade,TESTE,100092.58495130445,44,,,,UBS,BTG,,,
2026-04-12T21:38:00.218Z,market,trade,TESTE,100105.74212421326,17,,,,XP,BTG,,,
2026-04-12T21:38:00.382Z,market,trade,TESTE,100097.33848726549,110,,,,CS,BARCL,,,
2026-04-12T21:38:00.533Z,market,trade,TESTE,100105.56069230675,169,,,,XP,ITAU,,,
2026-04-12T21:38:00.683Z,market,trade,TESTE,100097.12046641707,147,,,,GOLDM,JPM,,,
2026-04-12T21:38:00.849Z,market,trade,TESTE,100111.46783201247,142,,,,GOLDM,CS,,,
2026-04-12T21:38:01.015Z,market,trade,TESTE,100114.78697102629,100,,,,MS,MS,,,
2026-04-12T21:38:01.166Z,market,trade,TESTE,100108.5326058652,82,,,,UBS,JPM,,,
2026-04-12T21:38:01.317Z,market,trade,TESTE,100103.89770582729,14,,,,JPM,XP,,,
2026-04-12T21:38:01.482Z,market,trade,TESTE,100099.02663409956,181,,,,UBS,BARCL,,,
2026-04-12T21:38:01.633Z,market,trade,TESTE,100097.90643847063,83,,,,BARCL,BTG,,,
2026-04-12T21:38:01.784Z,market,trade,TESTE,100107.42629408377,102,,,,ITAU,CITI,,,
2026-04-12T21:38:01.934Z,market,trade,TESTE,100101.7799495692,91,,,,CS,ITAU,,,
2026-04-12T21:38:02.099Z,market,trade,TESTE,100106.99753331573,67,,,,JPM,JPM,,,
2026-04-12T21:38:02.265Z,market,trade,TESTE,100099.43427488013,48,,,,UBS,MS,,,
2026-04-12T21:38:02.415Z,market,trade,TESTE,100100.02752568087,112,,,,GOLDM,JPM,,,
2026-04-12T21:38:02.567Z,market,trade,TESTE,100097.6088545101,167,,,,XP,MS,,,
2026-04-12T21:38:02.732Z,market,trade,TESTE,100094.93233618073,70,,,,CS,CITI,,,
2026-04-12T21:38:02.896Z,market,trade,TESTE,100092.28799844041,61,,,,JPM,CITI,,,
2026-04-12T21:38:03.048Z,market,trade,TESTE,100106.06474635786,28,,,,ITAU,JPM,,,
2026-04-12T21:38:03.199Z,market,trade,TESTE,100096.49038980016,77,,,,GOLDM,UBS,,,
2026-04-12T21:38:03.350Z,market,trade,TESTE,100103.3221322291,197,,,,ITAU,UBS,,,
2026-04-12T21:38:03.515Z,market,trade,TESTE,100096.15527300819,149,,,,BARCL,BTG,,,
2026-04-12T21:38:03.667Z,market,trade,TESTE,100092.92927024135,29,,,,GOLDM,CITI,,,
2026-04-12T21:38:03.829Z,market,trade,TESTE,100099.42270117944,9,,,,UBS,BTG,,,
2026-04-12T21:38:03.982Z,market,trade,TESTE,100092.8920893287,123,,,,GOLDM,CITI,,,
2026-04-12T21:38:04.132Z,market,trade,TESTE,100090.3633252214,190,,,,UBS,MS,,,
2026-04-12T21:38:04.283Z,market,trade,TESTE,100097.10429631785,161,,,,GOLDM,XP,,,
2026-04-12T21:38:04.433Z,market,trade,TESTE,100093.44438370176,75,,,,MS,UBS,,,
2026-04-12T21:38:04.599Z,market,trade,TESTE,100085.42397900384,98,,,,BTG,CS,,,
2026-04-12T21:38:04.765Z,market,trade,TESTE,100096.71786324179,51,,,,BTG,JPM,,,
2026-04-12T21:38:04.917Z,market,trade,TESTE,100083.85316450537,118,,,,MS,MS,,,
2026-04-12T21:38:05.081Z,market,trade,TESTE,100088.64395676578,90,,,,JPM,XP,,,
2026-04-12T21:38:05.232Z,market,trade,TESTE,100085.81956479765,124,,,,GOLDM,BTG,,,
2026-04-12T21:38:05.387Z,market,trade,TESTE,100099.8618934602,70,,,,BARCL,BTG,,,
2026-04-12T21:38:05.549Z,market,trade,TESTE,100096.46730335792,173,,,,JPM,JPM,,,
2026-04-12T21:38:05.700Z,market,trade,TESTE,100085.8225365646,178,,,,MS,CITI,,,
2026-04-12T21:38:05.850Z,market,trade,TESTE,100085.69575658358,88,,,,MS,BARCL,,,
2026-04-12T21:38:06.016Z,market,trade,TESTE,100088.65760296934,6,,,,CITI,CS,,,
2026-04-12T21:38:06.166Z,market,trade,TESTE,100085.43590801395,51,,,,MS,UBS,,,
2026-04-12T21:38:06.332Z,market,trade,TESTE,100089.13335145608,118,,,,MS,BARCL,,,
2026-04-12T21:38:06.499Z,market,trade,TESTE,100100.95486210361,178,,,,CS,UBS,,,
2026-04-12T21:38:06.650Z,market,trade,TESTE,100101.77919560415,170,,,,BTG,MS,,,
2026-04-12T21:38:06.813Z,market,trade,TESTE,100098.93618689686,43,,,,BARCL,GOLDM,,,
2026-04-12T21:38:06.965Z,market,trade,TESTE,100101.41081406397,43,,,,CS,JPM,,,
2026-04-12T21:38:07.117Z,market,trade,TESTE,100098.24908635375,167,,,,XP,BARCL,,,
2026-04-12T21:38:07.279Z,market,trade,TESTE,100098.54649220816,45,,,,MS,BARCL,,,
2026-04-12T21:38:07.432Z,market,trade,TESTE,100092.02034336697,41,,,,JPM,CS,,,
2026-04-12T21:38:07.584Z,market,trade,TESTE,100099.85832894631,111,,,,BTG,BARCL,,,
2026-04-12T21:38:07.749Z,market,trade,TESTE,100098.80451371174,46,,,,BARCL,JPM,,,
2026-04-12T21:38:07.905Z,market,trade,TESTE,100098.17878746158,154,,,,XP,CITI,,,
2026-04-12T21:38:08.065Z,market,trade,TESTE,100102.81087432937,142,,,,MS,UBS,,,
2026-04-12T21:38:08.216Z,market,trade,TESTE,100095.44702523305,37,,,,GOLDM,UBS,,,
2026-04-12T21:38:08.379Z,market,trade,TESTE,100103.12363532197,179,,,,CITI,JPM,,,
2026-04-12T21:38:08.534Z,market,trade,TESTE,100098.53271121821,6,,,,MS,BARCL,,,
2026-04-12T21:38:08.699Z,market,trade,TESTE,100102.105499987,173,,,,CS,GOLDM,,,
2026-04-12T21:38:08.850Z,market,trade,TESTE,100103.24345597718,55,,,,MS,JPM,,,
2026-04-12T21:38:09.015Z,market,trade,TESTE,100092.74805263075,193,,,,ITAU,UBS,,,
2026-04-12T21:38:09.165Z,market,trade,TESTE,100099.88462760231,47,,,,BTG,BTG,,,
2026-04-12T21:38:09.316Z,market,trade,TESTE,100085.9736279423,129,,,,UBS,CITI,,,
2026-04-12T21:38:09.479Z,market,trade,TESTE,100089.72617328016,87,,,,MS,XP,,,
2026-04-12T21:38:09.631Z,market,trade,TESTE,100088.41884022958,121,,,,BARCL,XP,,,
2026-04-12T21:38:09.782Z,market,trade,TESTE,100088.53843173815,20,,,,CS,BARCL,,,
2026-04-12T21:38:09.934Z,market,trade,TESTE,100087.15690236141,145,,,,GOLDM,BTG,,,
2026-04-12T21:38:10.099Z,market,trade,TESTE,100091.58086977035,24,,,,ITAU,XP,,,
2026-04-12T21:38:10.250Z,market,trade,TESTE,100098.74992865886,114,,,,GOLDM,ITAU,,,
2026-04-12T21:38:10.411Z,market,trade,TESTE,100089.20175370174,145,,,,CITI,CS,,,
2026-04-12T21:38:10.566Z,market,trade,TESTE,100092.39276259809,104,,,,CITI,CS,,,
2026-04-12T21:38:10.731Z,market,trade,TESTE,100097.5536400386,191,,,,BARCL,CITI,,,
2026-04-12T21:38:10.883Z,market,trade,TESTE,100100.27158182829,49,,,,JPM,GOLDM,,,
2026-04-12T21:38:11.033Z,market,trade,TESTE,100092.01833455845,83,,,,ITAU,CS,,,
2026-04-12T21:38:11.196Z,market,trade,TESTE,100088.9083073344,161,,,,UBS,CITI,,,
2026-04-12T21:38:11.348Z,market,trade,TESTE,100092.34332597903,86,,,,CS,BTG,,,
2026-04-12T21:38:11.499Z,market,trade,TESTE,100096.8384399802,102,,,,ITAU,CITI,,,
2026-04-12T21:38:11.667Z,market,trade,TESTE,100108.36874294645,161,,,,JPM,XP,,,
2026-04-12T21:38:11.833Z,market,trade,TESTE,100094.58430021067,89,,,,JPM,CS,,,
2026-04-12T21:38:11.983Z,market,trade,TESTE,100090.5003587604,108,,,,UBS,XP,,,
2026-04-12T21:38:12.149Z,market,trade,TESTE,100091.70890021163,116,,,,CITI,BTG,,,
2026-04-12T21:38:12.300Z,market,trade,TESTE,100090.33775498191,8,,,,CITI,BTG,,,
2026-04-12T21:38:12.457Z,market,trade,TESTE,100096.61195108265,77,,,,UBS,MS,,,
2026-04-12T21:38:12.609Z,market,trade,TESTE,100091.97254961934,146,,,,BARCL,ITAU,,,
2026-04-12T21:38:12.764Z,market,trade,TESTE,100080.2132255544,197,,,,GOLDM,BARCL,,,
2026-04-12T21:38:12.917Z,market,trade,TESTE,100092.81312149447,32,,,,XP,BTG,,,
2026-04-12T21:38:13.082Z,market,trade,TESTE,100079.06113681484,55,,,,ITAU,XP,,,
2026-04-12T21:38:13.233Z,market,trade,TESTE,100083.8279132208,150,,,,MS,BTG,,,
2026-04-12T21:38:13.398Z,market,trade,TESTE,100093.83831825915,112,,,,UBS,JPM,,,
2026-04-12T21:38:13.549Z,market,trade,TESTE,100096.83043115861,26,,,,CS,GOLDM,,,
2026-04-12T21:38:13.700Z,market,trade,TESTE,100084.51642814238,193,,,,CS,UBS,,,
2026-04-12T21:38:13.859Z,market,trade,TESTE,100085.32551435361,47,,,,BARCL,BTG,,,
2026-04-12T21:38:14.015Z,market,trade,TESTE,100099.12092774786,85,,,,MS,UBS,,,
2026-04-12T21:38:14.166Z,market,trade,TESTE,100093.58979134624,58,,,,MS,BARCL,,,
2026-04-12T21:38:14.316Z,market,trade,TESTE,100094.65655855657,41,,,,ITAU,XP,,,
2026-04-12T21:38:14.467Z,market,trade,TESTE,100090.72277618537,68,,,,BARCL,ITAU,,,
2026-04-12T21:38:14.631Z,market,trade,TESTE,100105.71561916184,63,,,,MS,BTG,,,
2026-04-12T21:38:14.783Z,market,trade,TESTE,100102.52259549298,200,,,,BARCL,XP,,,
2026-04-12T21:38:14.934Z,market,trade,TESTE,100098.34501587963,11,,,,ITAU,JPM,,,
2026-04-12T21:38:15.098Z,market,trade,TESTE,100085.40329960702,47,,,,MS,ITAU,,,
2026-04-12T21:38:15.249Z,market,trade,TESTE,100094.56255523134,64,,,,BARCL,JPM,,,
2026-04-12T21:38:15.410Z,market,trade,TESTE,100096.83797424953,195,,,,GOLDM,BTG,,,
2026-04-12T21:38:15.566Z,market,trade,TESTE,100085.55835957969,136,,,,JPM,GOLDM,,,
2026-04-12T21:38:15.716Z,market,trade,TESTE,100080.62403433525,135,,,,UBS,CS,,,
2026-04-12T21:38:15.879Z,market,trade,TESTE,100083.77385859266,136,,,,XP,CITI,,,
2026-04-12T21:38:16.032Z,market,trade,TESTE,100084.55683444855,146,,,,JPM,XP,,,
2026-04-12T21:38:16.183Z,market,trade,TESTE,100096.2680395907,87,,,,CS,BTG,,,
2026-04-12T21:38:16.333Z,market,trade,TESTE,100098.7184497665,160,,,,BARCL,XP,,,
2026-04-12T21:38:16.498Z,market,trade,TESTE,100095.84939114981,47,,,,CITI,BARCL,,,
2026-04-12T21:38:16.649Z,market,trade,TESTE,100085.23736648736,26,,,,XP,CITI,,,
2026-04-12T21:38:16.811Z,market,trade,TESTE,100096.60576195843,118,,,,UBS,BARCL,,,
2026-04-12T21:38:16.965Z,market,trade,TESTE,100084.10628559468,8,,,,CITI,UBS,,,
2026-04-12T21:38:17.116Z,market,trade,TESTE,100084.62855355647,125,,,,JPM,GOLDM,,,
2026-04-12T21:38:17.266Z,market,trade,TESTE,100082.70884037268,79,,,,CITI,JPM,,,
2026-04-12T21:38:17.417Z,market,trade,TESTE,100095.10025999765,124,,,,CS,BTG,,,
2026-04-12T21:38:17.582Z,market,trade,TESTE,100086.2291364383,52,,,,GOLDM,JPM,,,
2026-04-12T21:38:17.733Z,market,trade,TESTE,100081.63473643053,194,,,,ITAU,XP,,,
2026-04-12T21:38:17.899Z,market,trade,TESTE,100090.44172493904,167,,,,CS,GOLDM,,,
2026-04-12T21:38:18.050Z,market,trade,TESTE,100091.16190493754,144,,,,GOLDM,XP,,,
2026-04-12T21:38:18.215Z,market,trade,TESTE,100081.30885176368,86,,,,ITAU,MS,,,
2026-04-12T21:38:18.379Z,market,trade,TESTE,100077.86752109988,197,,,,MS,GOLDM,,,
2026-04-12T21:38:18.533Z,market,trade,TESTE,100077.76150394898,42,,,,GOLDM,CITI,,,
2026-04-12T21:38:18.683Z,market,trade,TESTE,100088.32455602802,116,,,,ITAU,ITAU,,,
2026-04-12T21:38:18.850Z,market,trade,TESTE,100083.87084580961,17,,,,BARCL,CS,,,
2026-04-12T21:38:19.000Z,market,trade,TESTE,100088.30853849361,96,,,,CITI,JPM,,,
2026-04-12T21:38:19.165Z,market,trade,TESTE,100092.77177713368,145,,,,ITAU,UBS,,,
2026-04-12T21:38:19.316Z,market,trade,TESTE,100089.09819759065,14,,,,UBS,MS,,,
2026-04-12T21:38:19.466Z,market,trade,TESTE,100090.62979262402,40,,,,CITI,BARCL,,,
2026-04-12T21:38:19.617Z,market,trade,TESTE,100076.60331401927,173,,,,JPM,UBS,,,
2026-04-12T21:38:19.780Z,market,trade,TESTE,100078.25298505164,174,,,,BTG,XP,,,
2026-04-12T21:38:19.932Z,market,trade,TESTE,100082.06124921209,138,,,,BARCL,BARCL,,,
2026-04-12T21:38:20.083Z,market,trade,TESTE,100090.92081978625,54,,,,ITAU,ITAU,,,
2026-04-12T21:38:20.248Z,market,trade,TESTE,100087.34995729267,124,,,,JPM,MS,,,
2026-04-12T21:38:20.399Z,market,trade,TESTE,100074.2963929948,40,,,,BARCL,JPM,,,
2026-04-12T21:38:20.550Z,market,trade,TESTE,100071.41749592492,113,,,,GOLDM,UBS,,,
2026-04-12T21:38:20.700Z,market,trade,TESTE,100068.08338773264,102,,,,BTG,JPM,,,
2026-04-12T21:38:20.866Z,market,trade,TESTE,100073.29374677075,40,,,,XP,CS,,,
2026-04-12T21:38:21.032Z,market,trade,TESTE,100077.66301844585,29,,,,MS,JPM,,,
2026-04-12T21:38:21.199Z,market,trade,TESTE,100078.26981869603,50,,,,JPM,BTG,,,
2026-04-12T21:38:21.350Z,market,trade,TESTE,100078.22637894975,82,,,,BTG,MS,,,
2026-04-12T21:38:21.515Z,market,trade,TESTE,100066.17831562657,114,,,,JPM,CS,,,
2026-04-12T21:38:21.667Z,market,trade,TESTE,100073.52358371006,178,,,,GOLDM,BARCL,,,
2026-04-12T21:38:21.832Z,market,trade,TESTE,100070.42544254242,151,,,,MS,XP,,,
2026-04-12T21:38:21.982Z,market,trade,TESTE,100059.1223218677,33,,,,XP,MS,,,
2026-04-12T21:38:22.133Z,market,trade,TESTE,100067.17972140426,138,,,,BTG,GOLDM,,,
2026-04-12T21:38:22.284Z,market,trade,TESTE,100056.16309096485,188,,,,ITAU,JPM,,,
2026-04-12T21:38:22.449Z,market,trade,TESTE,100051.89480034025,85,,,,ITAU,MS,,,
2026-04-12T21:38:22.600Z,market,trade,TESTE,100049.99992220255,191,,,,MS,UBS,,,
2026-04-12T21:38:22.764Z,market,trade,TESTE,100054.63847289272,171,,,,UBS,CS,,,
2026-04-12T21:38:22.917Z,market,trade,TESTE,100069.45961155079,199,,,,BTG,CITI,,,
2026-04-12T21:38:23.082Z,market,trade,TESTE,100058.55195977616,12,,,,JPM,JPM,,,
2026-04-12T21:38:23.233Z,market,trade,TESTE,100072.21632621982,84,,,,MS,BTG,,,
2026-04-12T21:38:23.398Z,market,trade,TESTE,100068.40546334912,122,,,,CS,BTG,,,
2026-04-12T21:38:23.549Z,market,trade,TESTE,100070.11505401041,98,,,,CITI,BTG,,,
2026-04-12T21:38:23.700Z,market,trade,TESTE,100071.0055814055,108,,,,CS,GOLDM,,,
2026-04-12T21:38:23.865Z,market,trade,TESTE,100065.59388446996,112,,,,MS,BTG,,,
2026-04-12T21:38:24.016Z,market,trade,TESTE,100076.04180014272,79,,,,CS,XP,,,
2026-04-12T21:38:24.167Z,market,trade,TESTE,100063.47685821571,93,,,,CITI,XP,,,
2026-04-12T21:38:24.319Z,market,trade,TESTE,100078.06580206307,172,,,,MS,CITI,,,
2026-04-12T21:38:24.479Z,market,trade,TESTE,100071.16283043555,125,,,,BTG,UBS,,,
2026-04-12T21:38:24.631Z,market,trade,TESTE,100070.48522010549,33,,,,XP,XP,,,
2026-04-12T21:38:24.795Z,market,trade,TESTE,100076.41432776497,39,,,,BARCL,MS,,,
2026-04-12T21:38:24.947Z,market,trade,TESTE,100073.60832979843,132,,,,GOLDM,MS,,,
2026-04-12T21:38:25.098Z,market,trade,TESTE,100066.54321579638,125,,,,MS,MS,,,
2026-04-12T21:38:25.249Z,market,trade,TESTE,100072.30554647696,58,,,,GOLDM,BTG,,,
2026-04-12T21:38:25.414Z,market,trade,TESTE,100066.90609680586,185,,,,XP,CS,,,
2026-04-12T21:38:25.566Z,market,trade,TESTE,100074.23265667344,54,,,,UBS,XP,,,
2026-04-12T21:38:25.716Z,market,trade,TESTE,100072.87829959553,35,,,,CS,ITAU,,,
2026-04-12T21:38:25.869Z,market,trade,TESTE,100075.52246782926,153,,,,UBS,JPM,,,
2026-04-12T21:38:26.032Z,market,trade,TESTE,100065.40220372657,89,,,,CS,CITI,,,
2026-04-12T21:38:26.183Z,market,trade,TESTE,100065.84453198803,173,,,,GOLDM,BTG,,,
2026-04-12T21:38:26.349Z,market,trade,TESTE,100075.26790386463,127,,,,CITI,ITAU,,,
2026-04-12T21:38:26.509Z,market,trade,TESTE,100076.24779218435,193,,,,MS,BTG,,,
2026-04-12T21:38:26.665Z,market,trade,TESTE,100079.24913911434,125,,,,CITI,MS,,,
2026-04-12T21:38:26.818Z,market,trade,TESTE,100066.92076297454,63,,,,BTG,MS,,,
2026-04-12T21:38:26.980Z,market,trade,TESTE,100073.39798911163,129,,,,MS,CS,,,
2026-04-12T21:38:27.131Z,market,trade,TESTE,100076.58749569187,44,,,,BARCL,UBS,,,
2026-04-12T21:38:27.283Z,market,trade,TESTE,100080.05360994948,175,,,,ITAU,JPM,,,
2026-04-12T21:38:27.434Z,market,trade,TESTE,100069.6264308037,188,,,,ITAU,ITAU,,,
2026-04-12T21:38:27.598Z,market,trade,TESTE,100084.05369091195,11,,,,UBS,MS,,,
2026-04-12T21:38:27.760Z,market,trade,TESTE,100078.53935770821,189,,,,CITI,CS,,,
2026-04-12T21:38:27.912Z,market,trade,TESTE,100077.1777889989,154,,,,ITAU,GOLDM,,,
2026-04-12T21:38:28.065Z,market,trade,TESTE,100077.56851249687,89,,,,CITI,ITAU,,,
2026-04-12T21:38:28.216Z,market,trade,TESTE,100089.60498275247,16,,,,MS,BARCL,,,
2026-04-12T21:38:28.381Z,market,trade,TESTE,100084.15199129058,196,,,,XP,BARCL,,,
2026-04-12T21:38:28.534Z,market,trade,TESTE,100098.9597279461,140,,,,MS,ITAU,,,
2026-04-12T21:38:28.697Z,market,trade,TESTE,100084.7067715232,173,,,,XP,BTG,,,
2026-04-12T21:38:28.863Z,market,trade,TESTE,100097.18428125318,197,,,,XP,BARCL,,,
2026-04-12T21:38:29.015Z,market,trade,TESTE,100098.27616518462,77,,,,ITAU,CS,,,
2026-04-12T21:38:29.166Z,market,trade,TESTE,100098.48054263604,159,,,,ITAU,ITAU,,,
2026-04-12T21:38:29.317Z,market,trade,TESTE,100086.98174580211,115,,,,JPM,MS,,,
2026-04-12T21:38:29.482Z,market,trade,TESTE,100100.34918981386,24,,,,JPM,CS,,,
2026-04-12T21:38:29.633Z,market,trade,TESTE,100086.68813790321,104,,,,MS,CS,,,
2026-04-12T21:38:29.795Z,market,trade,TESTE,100089.753538138,174,,,,MS,JPM,,,
2026-04-12T21:38:29.949Z,market,trade,TESTE,100098.19439064787,27,,,,GOLDM,GOLDM,,,
2026-04-12T21:38:30.100Z,market,trade,TESTE,100085.85860000727,5,,,,JPM,XP,,,
2026-04-12T21:38:30.266Z,market,trade,TESTE,100100.8186425058,53,,,,UBS,CS,,,
2026-04-12T21:38:30.417Z,market,trade,TESTE,100097.73072821618,33,,,,BARCL,MS,,,
2026-04-12T21:38:30.582Z,market,trade,TESTE,100090.13955174967,90,,,,GOLDM,BTG,,,
2026-04-12T21:38:30.733Z,market,trade,TESTE,100089.2428531596,113,,,,UBS,UBS,,,
2026-04-12T21:38:30.898Z,market,trade,TESTE,100087.87486947716,88,,,,CS,JPM,,,
2026-04-12T21:38:31.049Z,market,trade,TESTE,100083.75544101023,163,,,,CITI,ITAU,,,
2026-04-12T21:38:31.201Z,market,trade,TESTE,100091.59610326988,184,,,,MS,BTG,,,
2026-04-12T21:38:31.365Z,market,trade,TESTE,100077.72732574744,22,,,,ITAU,ITAU,,,
2026-04-12T21:38:31.530Z,market,trade,TESTE,100080.22907320126,188,,,,CITI,GOLDM,,,
2026-04-12T21:38:31.693Z,market,trade,TESTE,100076.00809813358,67,,,,CS,JPM,,,
2026-04-12T21:38:31.844Z,market,trade,TESTE,100079.06675462359,65,,,,GOLDM,ITAU,,,
2026-04-12T21:38:31.999Z,market,trade,TESTE,100087.4443314846,131,,,,MS,CS,,,
2026-04-12T21:38:32.150Z,market,trade,TESTE,100090.28874286421,100,,,,CITI,CS,,,
2026-04-12T21:38:32.306Z,market,trade,TESTE,100090.52752903113,90,,,,GOLDM,BARCL,,,
2026-04-12T21:38:32.457Z,market,trade,TESTE,100082.51929371514,34,,,,ITAU,JPM,,,
2026-04-12T21:38:32.615Z,market,trade,TESTE,100097.00892380881,137,,,,ITAU,GOLDM,,,
2026-04-12T21:38:32.780Z,market,trade,TESTE,100088.10542073604,47,,,,GOLDM,CITI,,,
2026-04-12T21:38:32.931Z,market,trade,TESTE,100098.77985666419,26,,,,BTG,CITI,,,
2026-04-12T21:38:33.084Z,market,trade,TESTE,100090.81389271145,200,,,,CS,BARCL,,,
2026-04-12T21:38:33.248Z,market,trade,TESTE,100094.27115977363,147,,,,JPM,CITI,,,
2026-04-12T21:38:33.399Z,market,trade,TESTE,100090.33938858255,8,,,,GOLDM,BARCL,,,
2026-04-12T21:38:33.565Z,market,trade,TESTE,100102.12899289209,69,,,,BTG,CITI,,,
2026-04-12T21:38:33.717Z,market,trade,TESTE,100097.3083051927,188,,,,UBS,UBS,,,
2026-04-12T21:38:33.882Z,market,trade,TESTE,100083.18448389681,185,,,,JPM,MS,,,
2026-04-12T21:38:34.032Z,market,trade,TESTE,100088.33833788923,53,,,,UBS,CITI,,,
2026-04-12T21:38:34.183Z,market,trade,TESTE,100077.74806538934,184,,,,JPM,JPM,,,
2026-04-12T21:38:34.348Z,market,trade,TESTE,100078.69454890385,62,,,,BTG,XP,,,
2026-04-12T21:38:34.515Z,market,trade,TESTE,100077.43593563071,159,,,,MS,BARCL,,,
2026-04-12T21:38:34.666Z,market,trade,TESTE,100084.1161195361,53,,,,CS,CS,,,
2026-04-12T21:38:34.832Z,market,trade,TESTE,100074.9010918539,88,,,,ITAU,ITAU,,,
2026-04-12T21:38:34.982Z,market,trade,TESTE,100072.22012575802,41,,,,GOLDM,GOLDM,,,
2026-04-12T21:38:35.148Z,market,trade,TESTE,100069.84260412009,11,,,,CS,CITI,,,
2026-04-12T21:38:35.299Z,market,trade,TESTE,100080.74732086016,102,,,,BARCL,GOLDM,,,
2026-04-12T21:38:35.453Z,market,trade,TESTE,100080.7546816645,124,,,,GOLDM,XP,,,
2026-04-12T21:38:35.615Z,market,trade,TESTE,100083.75246081615,97,,,,GOLDM,BTG,,,
2026-04-12T21:38:35.765Z,market,trade,TESTE,100079.13420723875,101,,,,ITAU,XP,,,
2026-04-12T21:38:35.920Z,market,trade,TESTE,100069.53684587899,30,,,,BTG,BARCL,,,
2026-04-12T21:38:36.078Z,market,trade,TESTE,100075.51911533956,37,,,,JPM,MS,,,
2026-04-12T21:38:36.232Z,market,trade,TESTE,100078.86959373443,161,,,,BARCL,MS,,,
2026-04-12T21:38:36.383Z,market,trade,TESTE,100075.59441768876,170,,,,ITAU,XP,,,
2026-04-12T21:38:36.533Z,market,trade,TESTE,100070.0787973848,15,,,,JPM,UBS,,,
2026-04-12T21:38:36.697Z,market,trade,TESTE,100074.1339028749,145,,,,JPM,CS,,,
2026-04-12T21:38:36.849Z,market,trade,TESTE,100086.72499088517,21,,,,MS,BARCL,,,
2026-04-12T21:38:37.000Z,market,trade,TESTE,100072.31259338956,160,,,,UBS,ITAU,,,
2026-04-12T21:38:37.166Z,market,trade,TESTE,100078.3356929791,36,,,,MS,MS,,,
2026-04-12T21:38:37.316Z,market,trade,TESTE,100067.4385094729,123,,,,MS,JPM,,,
2026-04-12T21:38:37.482Z,market,trade,TESTE,100074.27878151264,150,,,,ITAU,GOLDM,,,
2026-04-12T21:38:37.632Z,market,trade,TESTE,100078.72029290664,8,,,,XP,BTG,,,
2026-04-12T21:38:37.797Z,market,trade,TESTE,100063.95324480133,111,,,,ITAU,JPM,,,
2026-04-12T21:38:37.954Z,market,trade,TESTE,100072.25376102998,79,,,,BTG,BARCL,,,
2026-04-12T21:38:38.114Z,market,trade,TESTE,100064.26506897931,137,,,,GOLDM,CS,,,
2026-04-12T21:38:38.267Z,market,trade,TESTE,100065.85692745917,143,,,,CS,GOLDM,,,
2026-04-12T21:38:38.422Z,market,trade,TESTE,100070.31993163105,66,,,,CITI,JPM,,,
2026-04-12T21:38:38.582Z,market,trade,TESTE,100070.51053333981,73,,,,MS,UBS,,,
2026-04-12T21:38:38.737Z,market,trade,TESTE,100066.45506768515,147,,,,BTG,UBS,,,
2026-04-12T21:38:38.888Z,market,trade,TESTE,100062.174078442,157,,,,ITAU,XP,,,
2026-04-12T21:38:39.040Z,market,trade,TESTE,100077.05269962888,73,,,,BARCL,GOLDM,,,
2026-04-12T21:38:39.198Z,market,trade,TESTE,100080.29134666827,135,,,,UBS,XP,,,
2026-04-12T21:38:39.352Z,market,trade,TESTE,100084.54872757067,175,,,,JPM,BTG,,,
2026-04-12T21:38:39.503Z,market,trade,TESTE,100070.35039286668,141,,,,BARCL,CS,,,
2026-04-12T21:38:39.664Z,market,trade,TESTE,100082.90691961299,158,,,,CITI,XP,,,
2026-04-12T21:38:39.817Z,market,trade,TESTE,100078.4762940946,149,,,,UBS,BARCL,,,
2026-04-12T21:38:39.967Z,market,trade,TESTE,100064.86486610313,178,,,,JPM,CITI,,,
2026-04-12T21:38:40.132Z,market,trade,TESTE,100063.49535166452,67,,,,BTG,MS,,,
2026-04-12T21:38:40.283Z,market,trade,TESTE,100074.74983268953,82,,,,CS,XP,,,
2026-04-12T21:38:40.433Z,market,trade,TESTE,100076.40873999085,9,,,,GOLDM,ITAU,,,
2026-04-12T21:38:40.599Z,market,trade,TESTE,100069.53171412364,79,,,,CS,MS,,,
2026-04-12T21:38:40.763Z,market,trade,TESTE,100074.65503199863,57,,,,GOLDM,UBS,,,
2026-04-12T21:38:40.915Z,market,trade,TESTE,100077.88558423231,183,,,,BARCL,MS,,,
2026-04-12T21:38:41.067Z,market,trade,TESTE,100076.886995655,83,,,,BARCL,GOLDM,,,
2026-04-12T21:38:41.234Z,market,trade,TESTE,100063.30231171903,151,,,,XP,XP,,,
2026-04-12T21:38:41.398Z,market,trade,TESTE,100068.51865597833,96,,,,BTG,BARCL,,,
2026-04-12T21:38:41.551Z,market,trade,TESTE,100070.9993951399,159,,,,ITAU,BTG,,,
2026-04-12T21:38:41.715Z,market,trade,TESTE,100060.56211943949,17,,,,UBS,BTG,,,
2026-04-12T21:38:41.866Z,market,trade,TESTE,100061.49163183283,81,,,,JPM,BTG,,,
2026-04-12T21:38:42.016Z,market,trade,TESTE,100071.62508289197,145,,,,UBS,BTG,,,
2026-04-12T21:38:42.181Z,market,trade,TESTE,100071.6527524832,101,,,,ITAU,MS,,,
2026-04-12T21:38:42.333Z,market,trade,TESTE,100066.77665603904,97,,,,BTG,GOLDM,,,
2026-04-12T21:38:42.499Z,market,trade,TESTE,100069.18883165396,10,,,,UBS,UBS,,,
2026-04-12T21:38:42.650Z,market,trade,TESTE,100068.098892128,192,,,,BARCL,ITAU,,,
2026-04-12T21:38:42.814Z,market,trade,TESTE,100070.67491978922,56,,,,CS,JPM,,,
2026-04-12T21:38:42.966Z,market,trade,TESTE,100057.132648252,80,,,,JPM,MS,,,
2026-04-12T21:38:43.117Z,market,trade,TESTE,100066.2385129766,41,,,,GOLDM,BTG,,,
2026-04-12T21:38:43.282Z,market,trade,TESTE,100063.3704904617,170,,,,CITI,GOLDM,,,
2026-04-12T21:38:43.432Z,market,trade,TESTE,100052.387979537,174,,,,MS,JPM,,,
2026-04-12T21:38:43.583Z,market,trade,TESTE,100050.02887761062,26,,,,CITI,UBS,,,
2026-04-12T21:38:43.733Z,market,trade,TESTE,100049.15853297258,46,,,,BARCL,ITAU,,,
2026-04-12T21:38:43.884Z,market,trade,TESTE,100045.31224695219,175,,,,JPM,GOLDM,,,
2026-04-12T21:38:44.049Z,market,trade,TESTE,100044.93712852325,107,,,,BTG,BARCL,,,
2026-04-12T21:38:44.200Z,market,trade,TESTE,100045.38327673922,170,,,,JPM,UBS,,,
2026-04-12T21:38:44.364Z,market,trade,TESTE,100057.03268448326,183,,,,BARCL,BTG,,,
2026-04-12T21:38:44.515Z,market,trade,TESTE,100060.10830886479,24,,,,GOLDM,XP,,,
2026-04-12T21:38:44.666Z,market,trade,TESTE,100051.43059921663,80,,,,CS,CITI,,,
2026-04-12T21:38:44.831Z,market,trade,TESTE,100065.97620860464,190,,,,CITI,JPM,,,
2026-04-12T21:38:44.987Z,market,trade,TESTE,100062.66810425211,142,,,,CS,JPM,,,
2026-04-12T21:38:45.149Z,market,trade,TESTE,100057.91920709914,92,,,,XP,GOLDM,,,
2026-04-12T21:38:45.314Z,market,trade,TESTE,100051.18061210819,99,,,,CS,MS,,,
2026-04-12T21:38:45.477Z,market,trade,TESTE,100048.3099398861,126,,,,UBS,CITI,,,
2026-04-12T21:38:45.632Z,market,trade,TESTE,100052.99131683543,21,,,,MS,XP,,,
2026-04-12T21:38:45.783Z,market,trade,TESTE,100051.76590003679,112,,,,UBS,CS,,,
2026-04-12T21:38:45.939Z,market,trade,TESTE,100050.73687567229,165,,,,MS,ITAU,,,
2026-04-12T21:38:46.099Z,market,trade,TESTE,100065.7082382037,160,,,,XP,ITAU,,,
2026-04-12T21:38:46.264Z,market,trade,TESTE,100061.42547793395,169,,,,BARCL,ITAU,,,
2026-04-12T21:38:46.416Z,market,trade,TESTE,100047.48422493527,105,,,,UBS,CITI,,,
2026-04-12T21:38:46.571Z,market,trade,TESTE,100060.39066733,73,,,,UBS,CS,,,
2026-04-12T21:38:46.732Z,market,trade,TESTE,100059.71441468432,178,,,,ITAU,ITAU,,,
2026-04-12T21:38:46.882Z,market,trade,TESTE,100054.76330414272,96,,,,UBS,JPM,,,
2026-04-12T21:38:47.047Z,market,trade,TESTE,100044.19763941724,64,,,,ITAU,UBS,,,
2026-04-12T21:38:47.198Z,market,trade,TESTE,100044.93756429722,63,,,,XP,MS,,,
2026-04-12T21:38:47.349Z,market,trade,TESTE,100046.78089499676,191,,,,CS,MS,,,
2026-04-12T21:38:47.500Z,market,trade,TESTE,100057.76932587929,39,,,,BTG,XP,,,
2026-04-12T21:38:47.665Z,market,trade,TESTE,100053.67089746945,101,,,,CS,CITI,,,
2026-04-12T21:38:47.831Z,market,trade,TESTE,100053.05392862912,160,,,,BARCL,CS,,,
2026-04-12T21:38:47.984Z,market,trade,TESTE,100044.64940125143,50,,,,GOLDM,CITI,,,
2026-04-12T21:38:48.148Z,market,trade,TESTE,100051.22770181898,147,,,,MS,ITAU,,,
2026-04-12T21:38:48.299Z,market,trade,TESTE,100050.89150933108,18,,,,UBS,BTG,,,
2026-04-12T21:38:48.450Z,market,trade,TESTE,100043.08274242157,180,,,,MS,CITI,,,
2026-04-12T21:38:48.614Z,market,trade,TESTE,100050.34949364275,83,,,,JPM,GOLDM,,,
2026-04-12T21:38:48.765Z,market,trade,TESTE,100035.71197292939,87,,,,MS,BARCL,,,
2026-04-12T21:38:48.920Z,market,trade,TESTE,100045.11948256854,170,,,,ITAU,GOLDM,,,
2026-04-12T21:38:49.082Z,market,trade,TESTE,100043.16539339919,26,,,,BARCL,BARCL,,,
2026-04-12T21:38:49.233Z,market,trade,TESTE,100036.73721691518,20,,,,CS,MS,,,
2026-04-12T21:38:49.383Z,market,trade,TESTE,100051.01685765297,80,,,,MS,BARCL,,,
2026-04-12T21:38:49.549Z,market,trade,TESTE,100050.83267384362,8,,,,XP,CITI,,,
2026-04-12T21:38:49.700Z,market,trade,TESTE,100052.32595294928,127,,,,CS,XP,,,
2026-04-12T21:38:49.869Z,market,trade,TESTE,100056.04787782549,162,,,,BTG,ITAU,,,
2026-04-12T21:38:50.032Z,market,trade,TESTE,100048.6446068138,79,,,,UBS,CITI,,,
2026-04-12T21:38:50.183Z,market,trade,TESTE,100059.32518845437,13,,,,BARCL,BTG,,,
2026-04-12T21:38:50.348Z,market,trade,TESTE,100051.93922488297,29,,,,JPM,ITAU,,,
2026-04-12T21:38:50.500Z,market,trade,TESTE,100063.1878642077,44,,,,GOLDM,XP,,,
2026-04-12T21:38:50.650Z,market,trade,TESTE,100057.70435028222,108,,,,CITI,UBS,,,
2026-04-12T21:38:50.815Z,market,trade,TESTE,100053.28093153248,116,,,,BARCL,ITAU,,,
2026-04-12T21:38:50.967Z,market,trade,TESTE,100059.02943879656,39,,,,CITI,BARCL,,,
2026-04-12T21:38:51.131Z,market,trade,TESTE,100045.674054456,78,,,,UBS,CS,,,
2026-04-12T21:38:51.282Z,market,trade,TESTE,100054.31093926635,21,,,,XP,BARCL,,,
2026-04-12T21:38:51.433Z,market,trade,TESTE,100040.63643257476,195,,,,BTG,UBS,,,
2026-04-12T21:38:51.599Z,market,trade,TESTE,100045.52530206642,68,,,,XP,UBS,,,
2026-04-12T21:38:51.750Z,market,trade,TESTE,100050.23877402776,101,,,,BARCL,MS,,,
2026-04-12T21:38:51.915Z,market,trade,TESTE,100053.37967275412,49,,,,JPM,BTG,,,
2026-04-12T21:38:52.066Z,market,trade,TESTE,100066.63760604458,90,,,,MS,CS,,,
2026-04-12T21:38:52.216Z,market,trade,TESTE,100053.30757215133,136,,,,MS,CS,,,
2026-04-12T21:38:52.380Z,market,trade,TESTE,100058.96861682957,34,,,,UBS,UBS,,,
2026-04-12T21:38:52.532Z,market,trade,TESTE,100058.79381870216,83,,,,JPM,GOLDM,,,
2026-04-12T21:38:52.682Z,market,trade,TESTE,100050.0856321079,183,,,,MS,MS,,,
2026-04-12T21:38:52.833Z,market,trade,TESTE,100046.45539097875,12,,,,CITI,GOLDM,,,
2026-04-12T21:38:52.998Z,market,trade,TESTE,100050.00888692628,60,,,,CITI,ITAU,,,
2026-04-12T21:38:53.149Z,market,trade,TESTE,100050.00742547851,79,,,,CS,CS,,,
2026-04-12T21:38:53.300Z,market,trade,TESTE,100046.02927905205,65,,,,CS,CS,,,
2026-04-12T21:38:53.465Z,market,trade,TESTE,100052.30456005693,9,,,,CS,GOLDM,,,
2026-04-12T21:38:53.616Z,market,trade,TESTE,100038.43718228795,198,,,,CS,GOLDM,,,
2026-04-12T21:38:53.780Z,market,trade,TESTE,100049.462115411,164,,,,CITI,GOLDM,,,
2026-04-12T21:38:53.932Z,market,trade,TESTE,100052.3677360552,152,,,,UBS,JPM,,,
2026-04-12T21:38:54.082Z,market,trade,TESTE,100050.64735542251,20,,,,JPM,CS,,,
2026-04-12T21:38:54.233Z,market,trade,TESTE,100039.17242674236,103,,,,JPM,ITAU,,,
2026-04-12T21:38:54.385Z,market,trade,TESTE,100040.14523042961,115,,,,BARCL,JPM,,,
2026-04-12T21:38:54.549Z,market,trade,TESTE,100036.49030065576,130,,,,ITAU,BTG,,,
2026-04-12T21:38:54.700Z,market,trade,TESTE,100038.5861948378,101,,,,UBS,CITI,,,
2026-04-12T21:38:54.866Z,market,trade,TESTE,100052.83663446919,141,,,,CS,BARCL,,,
2026-04-12T21:38:55.016Z,market,trade,TESTE,100041.65168491997,72,,,,GOLDM,GOLDM,,,
2026-04-12T21:38:55.167Z,market,trade,TESTE,100049.52644659868,183,,,,BTG,JPM,,,
2026-04-12T21:38:55.332Z,market,trade,TESTE,100051.66427237418,44,,,,XP,GOLDM,,,
2026-04-12T21:38:55.483Z,market,trade,TESTE,100047.56275836124,50,,,,ITAU,JPM,,,
2026-04-12T21:38:55.649Z,market,trade,TESTE,100047.52402811652,116,,,,CITI,UBS,,,
2026-04-12T21:38:55.814Z,market,trade,TESTE,100033.34761232039,181,,,,BTG,BARCL,,,
2026-04-12T21:38:55.965Z,market,trade,TESTE,100033.74131726271,65,,,,CITI,BARCL,,,
2026-04-12T21:38:56.117Z,market,trade,TESTE,100040.7972006279,85,,,,XP,ITAU,,,
2026-04-12T21:38:56.282Z,market,trade,TESTE,100037.87263484354,67,,,,XP,XP,,,
2026-04-12T21:38:56.433Z,market,trade,TESTE,100037.11546704696,180,,,,GOLDM,JPM,,,
2026-04-12T21:38:56.598Z,market,trade,TESTE,100022.44497040122,109,,,,CITI,ITAU,,,
2026-04-12T21:38:56.750Z,market,trade,TESTE,100018.6182245196,110,,,,XP,XP,,,
2026-04-12T21:38:56.912Z,market,trade,TESTE,100017.7827926308,16,,,,BTG,XP,,,
2026-04-12T21:38:57.065Z,market,trade,TESTE,100017.83772478554,59,,,,ITAU,BTG,,,
2026-04-12T21:38:57.216Z,market,trade,TESTE,100030.16800600835,104,,,,MS,CITI,,,
2026-04-12T21:38:57.381Z,market,trade,TESTE,100032.0950409302,54,,,,UBS,BARCL,,,
2026-04-12T21:38:57.532Z,market,trade,TESTE,100034.73067810593,48,,,,JPM,ITAU,,,
2026-04-12T21:38:57.698Z,market,trade,TESTE,100022.15498867327,137,,,,JPM,CS,,,
2026-04-12T21:38:57.865Z,market,trade,TESTE,100032.42444220283,164,,,,UBS,GOLDM,,,
2026-04-12T21:38:58.016Z,market,trade,TESTE,100021.54264571182,64,,,,BARCL,BARCL,,,
2026-04-12T21:38:58.182Z,market,trade,TESTE,100033.59459458296,123,,,,MS,BARCL,,,
2026-04-12T21:38:58.333Z,market,trade,TESTE,100028.75551406674,34,,,,MS,ITAU,,,
2026-04-12T21:38:58.499Z,market,trade,TESTE,100014.7893597188,188,,,,ITAU,XP,,,
2026-04-12T21:38:58.650Z,market,trade,TESTE,100027.94679286174,170,,,,CITI,BARCL,,,
2026-04-12T21:38:58.814Z,market,trade,TESTE,100015.04675173407,154,,,,JPM,ITAU,,,
2026-04-12T21:38:58.965Z,market,trade,TESTE,100014.15286264072,139,,,,CS,UBS,,,
2026-04-12T21:38:59.115Z,market,trade,TESTE,100011.91134004027,111,,,,JPM,MS,,,
2026-04-12T21:38:59.284Z,market,trade,TESTE,100009.80060587834,53,,,,UBS,BTG,,,
2026-04-12T21:38:59.449Z,market,trade,TESTE,100019.84851161885,71,,,,XP,JPM,,,
2026-04-12T21:38:59.600Z,market,trade,TESTE,100006.80913051317,126,,,,CS,UBS,,,
2026-04-12T21:38:59.766Z,market,trade,TESTE,100019.19239969275,112,,,,BTG,JPM,,,
2026-04-12T21:38:59.917Z,market,trade,TESTE,100005.70337807228,142,,,,JPM,XP,,,
2026-04-12T21:39:00.082Z,market,trade,TESTE,100008.38581895671,192,,,,GOLDM,XP,,,
2026-04-12T21:39:00.232Z,market,trade,TESTE,100008.43290309093,76,,,,CS,ITAU,,,
2026-04-12T21:39:00.395Z,market,trade,TESTE,100012.54417594793,55,,,,GOLDM,UBS,,,
2026-04-12T21:39:00.549Z,market,trade,TESTE,100017.35475883147,109,,,,CS,GOLDM,,,
2026-04-12T21:39:00.700Z,market,trade,TESTE,100021.72635662195,183,,,,XP,XP,,,
2026-04-12T21:39:00.856Z,market,trade,TESTE,100026.18421038253,143,,,,CITI,JPM,,,
2026-04-12T21:39:01.015Z,market,trade,TESTE,100024.16427693042,19,,,,BTG,BARCL,,,
2026-04-12T21:39:01.180Z,market,trade,TESTE,100027.14377202431,150,,,,CITI,GOLDM,,,
2026-04-12T21:39:01.333Z,market,trade,TESTE,100038.79028095512,42,,,,CITI,BARCL,,,
2026-04-12T21:39:01.483Z,market,trade,TESTE,100028.61282843385,11,,,,XP,GOLDM,,,
2026-04-12T21:39:01.649Z,market,trade,TESTE,100030.27458728055,39,,,,BARCL,MS,,,
2026-04-12T21:39:01.812Z,market,trade,TESTE,100025.39071013957,194,,,,JPM,XP,,,
2026-04-12T21:39:01.965Z,market,trade,TESTE,100030.313709586,188,,,,JPM,JPM,,,
2026-04-12T21:39:02.116Z,market,trade,TESTE,100038.14324789052,29,,,,CS,MS,,,
2026-04-12T21:39:02.267Z,market,trade,TESTE,100026.46139104913,86,,,,BARCL,CITI,,,
2026-04-12T21:39:02.429Z,market,trade,TESTE,100035.58281947461,168,,,,JPM,GOLDM,,,
2026-04-12T21:39:02.582Z,market,trade,TESTE,100036.89393221306,87,,,,UBS,UBS,,,
2026-04-12T21:39:02.732Z,market,trade,TESTE,100030.75749797051,118,,,,CS,ITAU,,,
2026-04-12T21:39:02.883Z,market,trade,TESTE,100027.77593287987,133,,,,MS,JPM,,,
2026-04-12T21:39:03.048Z,market,trade,TESTE,100035.70327063347,59,,,,JPM,UBS,,,
2026-04-12T21:39:03.199Z,market,trade,TESTE,100021.70917315016,100,,,,GOLDM,XP,,,
2026-04-12T21:39:03.350Z,market,trade,TESTE,100030.40835934019,116,,,,CS,JPM,,,
2026-04-12T21:39:03.515Z,market,trade,TESTE,100027.5041371949,21,,,,UBS,XP,,,
2026-04-12T21:39:03.666Z,market,trade,TESTE,100019.65579169737,52,,,,ITAU,UBS,,,
2026-04-12T21:39:03.823Z,market,trade,TESTE,100026.7334326775,191,,,,UBS,CITI,,,
2026-04-12T21:39:03.982Z,market,trade,TESTE,100013.04064471868,186,,,,CITI,XP,,,
2026-04-12T21:39:04.146Z,market,trade,TESTE,100016.2696062279,118,,,,MS,JPM,,,
2026-04-12T21:39:04.299Z,market,trade,TESTE,100029.93036808072,106,,,,BTG,ITAU,,,
2026-04-12T21:39:04.450Z,market,trade,TESTE,100021.82100824655,120,,,,ITAU,BTG,,,
2026-04-12T21:39:04.616Z,market,trade,TESTE,100021.762543269,144,,,,CS,JPM,,,
2026-04-12T21:39:04.780Z,market,trade,TESTE,100021.08041408757,150,,,,MS,JPM,,,
2026-04-12T21:39:04.932Z,market,trade,TESTE,100022.58937358423,29,,,,UBS,XP,,,
2026-04-12T21:39:05.083Z,market,trade,TESTE,100030.83919595154,147,,,,BTG,JPM,,,
2026-04-12T21:39:05.248Z,market,trade,TESTE,100017.41027974246,114,,,,CS,CITI,,,
2026-04-12T21:39:05.400Z,market,trade,TESTE,100023.68980077386,64,,,,JPM,CS,,,
2026-04-12T21:39:05.564Z,market,trade,TESTE,100018.77746695101,185,,,,BTG,MS,,,
2026-04-12T21:39:05.715Z,market,trade,TESTE,100016.93054536382,97,,,,CITI,CITI,,,
2026-04-12T21:39:05.866Z,market,trade,TESTE,100013.03384323882,192,,,,CITI,XP,,,
2026-04-12T21:39:06.032Z,market,trade,TESTE,100013.51955395156,51,,,,CS,MS,,,
2026-04-12T21:39:06.183Z,market,trade,TESTE,100013.5406031414,126,,,,GOLDM,MS,,,
2026-04-12T21:39:06.349Z,market,trade,TESTE,100012.59632137766,62,,,,BARCL,GOLDM,,,
2026-04-12T21:39:06.514Z,market,trade,TESTE,100012.92800257639,24,,,,CITI,CS,,,
2026-04-12T21:39:06.666Z,market,trade,TESTE,100001.39473221535,189,,,,CITI,JPM,,,
2026-04-12T21:39:06.816Z,market,trade,TESTE,100003.34593788696,6,,,,MS,XP,,,
2026-04-12T21:39:06.980Z,market,trade,TESTE,100017.1616443421,10,,,,XP,MS,,,
2026-04-12T21:39:07.131Z,market,trade,TESTE,100010.61051221138,59,,,,GOLDM,ITAU,,,
2026-04-12T21:39:07.299Z,market,trade,TESTE,100005.78751835757,138,,,,BARCL,BTG,,,
2026-04-12T21:39:07.464Z,market,trade,TESTE,100013.29163461726,165,,,,ITAU,CS,,,
2026-04-12T21:39:07.615Z,market,trade,TESTE,100008.82104516994,93,,,,BTG,XP,,,
2026-04-12T21:39:07.765Z,market,trade,TESTE,100005.68031575628,145,,,,MS,JPM,,,
2026-04-12T21:39:07.916Z,market,trade,TESTE,100002.13311164654,85,,,,MS,XP,,,
2026-04-12T21:39:08.067Z,market,trade,TESTE,99995.54663919739,110,,,,MS,CS,,,
2026-04-12T21:39:08.232Z,market,trade,TESTE,100000.73126718556,157,,,,BARCL,CITI,,,
2026-04-12T21:39:08.389Z,market,trade,TESTE,99998.08731050086,38,,,,BTG,GOLDM,,,
2026-04-12T21:39:08.549Z,market,trade,TESTE,99985.57890503341,10,,,,GOLDM,BTG,,,
2026-04-12T21:39:08.700Z,market,trade,TESTE,99992.34185933798,51,,,,CS,ITAU,,,
2026-04-12T21:39:08.865Z,market,trade,TESTE,99987.40575449806,108,,,,BARCL,BTG,,,
2026-04-12T21:39:09.016Z,market,trade,TESTE,99974.58132570371,114,,,,GOLDM,ITAU,,,
2026-04-12T21:39:09.166Z,market,trade,TESTE,99985.21946882542,30,,,,CITI,MS,,,
2026-04-12T21:39:09.332Z,market,trade,TESTE,99974.14726794684,35,,,,UBS,ITAU,,,
2026-04-12T21:39:09.483Z,market,trade,TESTE,99979.9248860767,157,,,,GOLDM,UBS,,,
2026-04-12T21:39:09.649Z,market,trade,TESTE,99966.77420305082,111,,,,UBS,BARCL,,,
2026-04-12T21:39:09.814Z,market,trade,TESTE,99968.93927176826,145,,,,CITI,XP,,,
2026-04-12T21:39:09.964Z,market,trade,TESTE,99972.32531759568,111,,,,CITI,XP,,,
2026-04-12T21:39:10.115Z,market,trade,TESTE,99981.42537630962,179,,,,CITI,UBS,,,
2026-04-12T21:39:10.266Z,market,trade,TESTE,99985.4049267244,110,,,,ITAU,BTG,,,
2026-04-12T21:39:10.417Z,market,trade,TESTE,99987.49067789162,192,,,,UBS,XP,,,
2026-04-12T21:39:10.582Z,market,trade,TESTE,99987.04994880735,27,,,,XP,GOLDM,,,
2026-04-12T21:39:10.750Z,market,trade,TESTE,99978.93319486364,23,,,,BTG,GOLDM,,,
2026-04-12T21:39:10.916Z,market,trade,TESTE,99987.81754906256,80,,,,UBS,CITI,,,
2026-04-12T21:39:11.082Z,market,trade,TESTE,99982.1239397373,167,,,,BTG,GOLDM,,,
2026-04-12T21:39:11.233Z,market,trade,TESTE,99991.24425838968,75,,,,UBS,BTG,,,
2026-04-12T21:39:11.397Z,market,trade,TESTE,99983.34951315509,64,,,,XP,CITI,,,
2026-04-12T21:39:11.549Z,market,trade,TESTE,99990.48969984401,158,,,,CITI,CITI,,,
2026-04-12T21:39:11.701Z,market,trade,TESTE,99978.36855253571,112,,,,UBS,UBS,,,
2026-04-12T21:39:11.853Z,market,trade,TESTE,99987.11234569081,111,,,,CS,BARCL,,,
2026-04-12T21:39:12.013Z,market,trade,TESTE,99975.64972003226,165,,,,GOLDM,ITAU,,,
2026-04-12T21:39:12.164Z,market,trade,TESTE,99974.34719976949,128,,,,GOLDM,CS,,,
2026-04-12T21:39:12.314Z,market,trade,TESTE,99984.71941685452,129,,,,BTG,BTG,,,
2026-04-12T21:39:12.465Z,market,trade,TESTE,99984.78773060192,91,,,,BTG,CS,,,
2026-04-12T21:39:12.617Z,market,trade,TESTE,99980.56926054391,193,,,,BTG,BTG,,,
2026-04-12T21:39:12.780Z,market,trade,TESTE,99974.92569059979,36,,,,UBS,GOLDM,,,
2026-04-12T21:39:12.932Z,market,trade,TESTE,99984.83666484791,127,,,,UBS,UBS,,,
2026-04-12T21:39:13.097Z,market,trade,TESTE,99971.71951153183,51,,,,CS,MS,,,
2026-04-12T21:39:13.290Z,market,trade,TESTE,99975.89004901629,94,,,,JPM,CS,,,
2026-04-12T21:39:13.454Z,market,trade,TESTE,99975.99134967614,21,,,,CITI,BARCL,,,
2026-04-12T21:39:13.628Z,market,trade,TESTE,99989.85584313398,141,,,,ITAU,BARCL,,,
2026-04-12T21:45:00.964Z,market,trade,TESTE,99998.58115071298,93,,,,GOLDM,JPM,,,
2026-04-12T21:45:01.115Z,market,trade,TESTE,100006.72206620614,16,,,,MS,BARCL,,,
2026-04-12T21:45:01.280Z,market,trade,TESTE,99998.00837729522,175,,,,MS,CS,,,
2026-04-12T21:45:01.431Z,market,trade,TESTE,99994.59552530698,151,,,,ITAU,CITI,,,
2026-04-12T21:45:01.597Z,market,trade,TESTE,99998.27299284769,55,,,,MS,GOLDM,,,
2026-04-12T21:45:01.748Z,market,trade,TESTE,100005.93864356617,61,,,,MS,ITAU,,,
2026-04-12T21:45:01.914Z,market,trade,TESTE,100006.65191600691,63,,,,GOLDM,GOLDM,,,
2026-04-12T21:45:02.065Z,market,trade,TESTE,100007.71262205193,14,,,,BARCL,JPM,,,
2026-04-12T21:45:02.230Z,market,trade,TESTE,99992.92439746553,124,,,,MS,BARCL,,,
2026-04-12T21:45:02.382Z,market,trade,TESTE,99993.07006802884,186,,,,CS,CITI,,,
2026-04-12T21:45:02.546Z,market,trade,TESTE,99990.42565786169,27,,,,MS,UBS,,,
2026-04-12T21:45:02.697Z,market,trade,TESTE,100001.1271311386,155,,,,GOLDM,GOLDM,,,
2026-04-12T21:45:02.847Z,market,trade,TESTE,99986.94540696671,177,,,,BARCL,UBS,,,
2026-04-12T21:45:02.998Z,market,trade,TESTE,99997.84533456583,178,,,,MS,BARCL,,,
2026-04-12T21:45:03.163Z,market,trade,TESTE,99995.65840855768,113,,,,CITI,CITI,,,
2026-04-12T21:45:03.320Z,market,trade,TESTE,99994.36284231447,121,,,,ITAU,CS,,,
2026-04-12T21:45:03.480Z,market,trade,TESTE,99988.71776778654,159,,,,BTG,BARCL,,,
2026-04-12T21:45:03.631Z,market,trade,TESTE,99995.36823021882,6,,,,UBS,JPM,,,
2026-04-12T21:45:03.788Z,market,trade,TESTE,99999.8376648642,49,,,,BARCL,CITI,,,
2026-04-12T21:45:03.946Z,market,trade,TESTE,99989.05961283801,184,,,,GOLDM,BTG,,,
2026-04-12T21:45:04.097Z,market,trade,TESTE,100001.20548143695,25,,,,CITI,CS,,,
2026-04-12T21:45:04.248Z,market,trade,TESTE,100000.92149030651,31,,,,MS,JPM,,,
2026-04-12T21:45:04.413Z,market,trade,TESTE,99991.20679482137,53,,,,JPM,JPM,,,
2026-04-12T21:45:04.565Z,market,trade,TESTE,99996.84960457597,100,,,,CS,XP,,,
2026-04-12T21:45:04.717Z,market,trade,TESTE,99997.71335690642,123,,,,MS,BARCL,,,
2026-04-12T21:45:04.880Z,market,trade,TESTE,99991.67724659636,70,,,,CS,GOLDM,,,
2026-04-12T21:45:05.031Z,market,trade,TESTE,99988.45926237536,142,,,,JPM,BTG,,,
2026-04-12T21:45:05.196Z,market,trade,TESTE,99985.04538585412,169,,,,JPM,CITI,,,
2026-04-12T21:45:05.348Z,market,trade,TESTE,99982.20984888232,90,,,,BARCL,ITAU,,,
2026-04-12T21:45:05.498Z,market,trade,TESTE,99987.93665091495,176,,,,JPM,ITAU,,,
2026-04-12T21:45:05.663Z,market,trade,TESTE,99974.25659050499,198,,,,GOLDM,ITAU,,,
2026-04-12T21:45:05.828Z,market,trade,TESTE,99985.53791992088,128,,,,BARCL,CITI,,,
2026-04-12T21:45:05.981Z,market,trade,TESTE,99971.5729366778,95,,,,UBS,CS,,,
2026-04-12T21:45:06.131Z,market,trade,TESTE,99974.6227538383,190,,,,JPM,ITAU,,,
2026-04-12T21:45:06.297Z,market,trade,TESTE,99985.09825496472,155,,,,MS,CITI,,,
2026-04-12T21:45:06.448Z,market,trade,TESTE,99973.02239870456,146,,,,GOLDM,GOLDM,,,
2026-04-12T21:45:06.613Z,market,trade,TESTE,99979.37920931789,40,,,,UBS,JPM,,,
2026-04-12T21:45:06.778Z,market,trade,TESTE,99969.5359993221,41,,,,JPM,CS,,,
2026-04-12T21:45:06.930Z,market,trade,TESTE,99983.24720251387,156,,,,BTG,CITI,,,
2026-04-12T21:45:07.081Z,market,trade,TESTE,99973.21436084971,38,,,,UBS,ITAU,,,
2026-04-12T21:45:07.246Z,market,trade,TESTE,99978.51890587887,182,,,,BTG,UBS,,,
2026-04-12T21:45:07.397Z,market,trade,TESTE,99980.55903691385,71,,,,UBS,BTG,,,
2026-04-12T21:45:07.548Z,market,trade,TESTE,99980.18403531198,95,,,,ITAU,BTG,,,
2026-04-12T21:45:07.714Z,market,trade,TESTE,99983.95144595775,69,,,,XP,GOLDM,,,
2026-04-12T21:45:07.865Z,market,trade,TESTE,99983.60986315711,174,,,,JPM,CS,,,
2026-04-12T21:45:08.031Z,market,trade,TESTE,99979.01921976764,27,,,,CITI,MS,,,
2026-04-12T21:45:08.181Z,market,trade,TESTE,99974.89398177691,132,,,,MS,CS,,,
2026-04-12T21:45:08.334Z,market,trade,TESTE,99969.1326863638,15,,,,CITI,GOLDM,,,
2026-04-12T21:45:08.496Z,market,trade,TESTE,99965.34733335162,68,,,,GOLDM,GOLDM,,,
2026-04-12T21:45:08.647Z,market,trade,TESTE,99969.25382663119,117,,,,CITI,XP,,,
2026-04-12T21:45:08.810Z,market,trade,TESTE,99979.45902624594,82,,,,XP,ITAU,,,
2026-04-12T21:45:08.963Z,market,trade,TESTE,99965.49560845162,120,,,,MS,CS,,,
2026-04-12T21:45:09.113Z,market,trade,TESTE,99963.29328822605,129,,,,CITI,GOLDM,,,
2026-04-12T21:45:09.265Z,market,trade,TESTE,99973.8779017159,29,,,,XP,JPM,,,
2026-04-12T21:45:09.430Z,market,trade,TESTE,99967.5259405995,73,,,,JPM,UBS,,,
2026-04-12T21:45:09.595Z,market,trade,TESTE,99965.14434632297,93,,,,BARCL,MS,,,
2026-04-12T21:45:09.755Z,market,trade,TESTE,99968.24540205259,84,,,,MS,CITI,,,
2026-04-12T21:45:09.912Z,market,trade,TESTE,99973.33362191812,52,,,,CS,XP,,,
2026-04-12T21:45:10.063Z,market,trade,TESTE,99968.04895337904,61,,,,XP,CS,,,
2026-04-12T21:45:10.214Z,market,trade,TESTE,99975.33597652166,19,,,,XP,UBS,,,
2026-04-12T21:45:10.378Z,market,trade,TESTE,99975.66152965286,106,,,,JPM,CITI,,,
2026-04-12T21:45:10.529Z,market,trade,TESTE,99968.37517014574,119,,,,XP,ITAU,,,
2026-04-12T21:45:10.681Z,market,trade,TESTE,99964.07453938377,123,,,,ITAU,ITAU,,,
2026-04-12T21:45:10.846Z,market,trade,TESTE,99961.80084520718,35,,,,XP,XP,,,
2026-04-12T21:45:10.997Z,market,trade,TESTE,99964.73581652997,137,,,,ITAU,ITAU,,,
2026-04-12T21:45:11.147Z,market,trade,TESTE,99975.74752475422,177,,,,BARCL,CS,,,
2026-04-12T21:45:11.298Z,market,trade,TESTE,99972.12191046015,20,,,,BARCL,ITAU,,,
2026-04-12T21:45:11.448Z,market,trade,TESTE,99973.24134450297,144,,,,UBS,BTG,,,
2026-04-12T21:45:11.614Z,market,trade,TESTE,99976.83479856806,88,,,,XP,JPM,,,
2026-04-12T21:45:11.773Z,market,trade,TESTE,99976.98971709458,69,,,,ITAU,BARCL,,,
2026-04-12T21:45:11.930Z,market,trade,TESTE,99964.23126529968,63,,,,CITI,ITAU,,,
2026-04-12T21:45:12.081Z,market,trade,TESTE,99976.01880061807,178,,,,ITAU,ITAU,,,
2026-04-12T21:45:12.247Z,market,trade,TESTE,99965.07909326084,80,,,,CS,CITI,,,
2026-04-12T21:45:12.412Z,market,trade,TESTE,99976.98758066945,50,,,,JPM,GOLDM,,,
2026-04-12T21:45:12.563Z,market,trade,TESTE,99980.73194461229,118,,,,GOLDM,ITAU,,,
2026-04-12T21:45:12.713Z,market,trade,TESTE,99972.32730105174,107,,,,XP,BTG,,,
2026-04-12T21:45:12.865Z,market,trade,TESTE,99979.47959674486,38,,,,ITAU,GOLDM,,,
2026-04-12T21:45:13.030Z,market,trade,TESTE,99978.01836506929,140,,,,GOLDM,UBS,,,
2026-04-12T21:45:13.181Z,market,trade,TESTE,99974.8755791757,37,,,,CITI,XP,,,
2026-04-12T21:45:13.346Z,market,trade,TESTE,99975.90083663962,188,,,,BARCL,GOLDM,,,
2026-04-12T21:45:13.498Z,market,trade,TESTE,99971.67229669784,70,,,,CITI,CS,,,
2026-04-12T21:45:13.663Z,market,trade,TESTE,99974.07646870332,157,,,,BARCL,BTG,,,
2026-04-12T21:45:13.814Z,market,trade,TESTE,99966.77736133336,187,,,,MS,JPM,,,
2026-04-12T21:45:13.979Z,market,trade,TESTE,99969.64662187696,186,,,,BARCL,MS,,,
2026-04-12T21:45:14.130Z,market,trade,TESTE,99976.33832699578,94,,,,GOLDM,UBS,,,
2026-04-12T21:45:14.280Z,market,trade,TESTE,99978.46067571106,20,,,,CITI,MS,,,
2026-04-12T21:45:14.431Z,market,trade,TESTE,99976.96493327992,172,,,,UBS,ITAU,,,
2026-04-12T21:45:14.596Z,market,trade,TESTE,99965.6787800307,45,,,,CS,UBS,,,
2026-04-12T21:45:14.747Z,market,trade,TESTE,99978.12460502224,91,,,,BTG,BARCL,,,
2026-04-12T21:45:14.898Z,market,trade,TESTE,99971.92273868913,27,,,,GOLDM,CITI,,,
2026-04-12T21:45:15.063Z,market,trade,TESTE,99969.83463735369,38,,,,BTG,UBS,,,
2026-04-12T21:45:15.215Z,market,trade,TESTE,99976.59586347983,20,,,,BTG,UBS,,,
2026-04-12T21:45:15.380Z,market,trade,TESTE,99966.25888236053,167,,,,BTG,ITAU,,,
2026-04-12T21:45:15.531Z,market,trade,TESTE,99976.61066642778,54,,,,CITI,CS,,,
2026-04-12T21:45:15.681Z,market,trade,TESTE,99971.5430459021,104,,,,BTG,XP,,,
2026-04-12T21:45:15.847Z,market,trade,TESTE,99967.30007345078,69,,,,GOLDM,GOLDM,,,
2026-04-12T21:45:15.997Z,market,trade,TESTE,99968.824137302,142,,,,UBS,CITI,,,
2026-04-12T21:45:16.148Z,market,trade,TESTE,99977.04510052249,104,,,,JPM,JPM,,,
2026-04-12T21:45:16.313Z,market,trade,TESTE,99962.62727849337,38,,,,MS,ITAU,,,
2026-04-12T21:45:16.465Z,market,trade,TESTE,99960.65043395963,115,,,,GOLDM,JPM,,,
2026-04-12T21:45:16.629Z,market,trade,TESTE,99956.32365707049,130,,,,ITAU,ITAU,,,
2026-04-12T21:45:16.794Z,market,trade,TESTE,99956.01551960595,189,,,,MS,BTG,,,
2026-04-12T21:45:16.948Z,market,trade,TESTE,99958.91685714763,44,,,,UBS,XP,,,
2026-04-12T21:45:17.098Z,market,trade,TESTE,99968.00514692569,142,,,,BTG,MS,,,
2026-04-12T21:45:17.263Z,market,trade,TESTE,99969.20054737231,159,,,,BTG,UBS,,,
2026-04-12T21:45:17.417Z,market,trade,TESTE,99959.30149830494,69,,,,CITI,BARCL,,,
2026-04-12T21:45:17.578Z,market,trade,TESTE,99964.09749220771,170,,,,MS,BARCL,,,
2026-04-12T21:45:17.729Z,market,trade,TESTE,99977.27084104656,64,,,,BTG,CS,,,
2026-04-12T21:45:17.881Z,market,trade,TESTE,99976.13172055178,102,,,,UBS,GOLDM,,,
2026-04-12T21:45:18.046Z,market,trade,TESTE,99971.92167446724,63,,,,CS,JPM,,,
2026-04-12T21:45:18.197Z,market,trade,TESTE,99971.30363951602,165,,,,GOLDM,JPM,,,
2026-04-12T21:45:18.348Z,market,trade,TESTE,99971.63464390139,27,,,,JPM,ITAU,,,
2026-04-12T21:45:18.513Z,market,trade,TESTE,99957.7779815581,42,,,,BARCL,GOLDM,,,
2026-04-12T21:45:18.665Z,market,trade,TESTE,99966.56422663783,76,,,,MS,CITI,,,
2026-04-12T21:45:18.821Z,market,trade,TESTE,99953.57482364665,75,,,,UBS,BARCL,,,
2026-04-12T21:45:18.979Z,market,trade,TESTE,99954.3503343317,164,,,,CITI,ITAU,,,
2026-04-12T21:45:19.130Z,market,trade,TESTE,99959.48203026307,24,,,,ITAU,GOLDM,,,
2026-04-12T21:45:19.281Z,market,trade,TESTE,99964.3506115045,80,,,,BTG,CITI,,,
2026-04-12T21:45:19.431Z,market,trade,TESTE,99949.49679649356,152,,,,ITAU,XP,,,
2026-04-12T21:45:19.596Z,market,trade,TESTE,99953.23538072874,199,,,,UBS,CS,,,
2026-04-12T21:45:19.746Z,market,trade,TESTE,99956.21030140975,50,,,,CITI,BTG,,,
2026-04-12T21:45:19.913Z,market,trade,TESTE,99965.4459909298,138,,,,CS,JPM,,,
2026-04-12T21:45:20.064Z,market,trade,TESTE,99951.73729411786,30,,,,GOLDM,XP,,,
2026-04-12T21:45:20.215Z,market,trade,TESTE,99950.54453413609,100,,,,GOLDM,JPM,,,
2026-04-12T21:45:20.380Z,market,trade,TESTE,99962.11028219142,66,,,,ITAU,ITAU,,,
2026-04-12T21:45:20.532Z,market,trade,TESTE,99964.23242909036,69,,,,CITI,UBS,,,
2026-04-12T21:45:20.697Z,market,trade,TESTE,99955.76596467884,48,,,,BARCL,CS,,,
2026-04-12T21:45:20.848Z,market,trade,TESTE,99960.0627911694,196,,,,BTG,CS,,,
2026-04-12T21:45:21.013Z,market,trade,TESTE,99973.3841031866,168,,,,UBS,XP,,,
2026-04-12T21:45:21.165Z,market,trade,TESTE,99976.86146122895,70,,,,BTG,BARCL,,,
2026-04-12T21:45:21.318Z,market,trade,TESTE,99975.74553753209,133,,,,BARCL,CS,,,
2026-04-12T21:45:21.479Z,market,trade,TESTE,99975.77648519415,183,,,,CITI,CITI,,,
2026-04-12T21:45:21.631Z,market,trade,TESTE,99979.47877462693,148,,,,ITAU,BARCL,,,
2026-04-12T21:45:21.797Z,market,trade,TESTE,99973.75407420566,115,,,,BTG,CITI,,,
2026-04-12T21:45:21.962Z,market,trade,TESTE,99972.66780632845,48,,,,GOLDM,BARCL,,,
2026-04-12T21:45:22.114Z,market,trade,TESTE,99968.40547425066,186,,,,XP,BARCL,,,
2026-04-12T21:45:22.279Z,market,trade,TESTE,99966.33321701299,38,,,,CS,JPM,,,
2026-04-12T21:45:22.431Z,market,trade,TESTE,99975.72324723954,128,,,,BARCL,XP,,,
2026-04-12T21:45:22.581Z,market,trade,TESTE,99974.08478137887,48,,,,BTG,JPM,,,
2026-04-12T21:45:22.746Z,market,trade,TESTE,99977.71574064254,7,,,,BARCL,CS,,,
2026-04-12T21:45:22.897Z,market,trade,TESTE,99979.50540761618,33,,,,ITAU,MS,,,
2026-04-12T21:45:23.048Z,market,trade,TESTE,99970.50637854023,86,,,,UBS,UBS,,,
2026-04-12T21:45:23.213Z,market,trade,TESTE,99982.81517719218,149,,,,MS,UBS,,,
2026-04-12T21:45:23.363Z,market,trade,TESTE,99987.31749185546,179,,,,CITI,CS,,,
2026-04-12T21:45:23.514Z,market,trade,TESTE,99980.62016984286,141,,,,JPM,GOLDM,,,
2026-04-12T21:45:23.665Z,market,trade,TESTE,99991.97049257638,130,,,,CITI,XP,,,
2026-04-12T21:45:23.819Z,market,trade,TESTE,99977.86218371708,155,,,,XP,BARCL,,,
2026-04-12T21:45:23.980Z,market,trade,TESTE,99982.6174276213,83,,,,JPM,ITAU,,,
2026-04-12T21:45:24.130Z,market,trade,TESTE,99996.78836027833,16,,,,CS,CS,,,
2026-04-12T21:45:24.281Z,market,trade,TESTE,99990.00011296169,32,,,,BTG,XP,,,
2026-04-12T21:45:24.446Z,market,trade,TESTE,99991.79565670821,158,,,,UBS,MS,,,
2026-04-12T21:45:24.597Z,market,trade,TESTE,99998.06550077113,43,,,,CITI,ITAU,,,
2026-04-12T21:45:24.748Z,market,trade,TESTE,99995.76801430577,122,,,,MS,CS,,,
2026-04-12T21:45:24.913Z,market,trade,TESTE,99984.23958567696,66,,,,GOLDM,BARCL,,,
2026-04-12T21:45:25.064Z,market,trade,TESTE,99998.85054431617,88,,,,XP,ITAU,,,
2026-04-12T21:45:25.229Z,market,trade,TESTE,99992.4566003624,180,,,,GOLDM,XP,,,
2026-04-12T21:45:25.381Z,market,trade,TESTE,99997.81942729813,157,,,,ITAU,JPM,,,
2026-04-12T21:45:25.546Z,market,trade,TESTE,99984.71191179463,51,,,,ITAU,CS,,,
2026-04-12T21:45:25.697Z,market,trade,TESTE,99991.91794020358,84,,,,BARCL,JPM,,,
2026-04-12T21:45:25.847Z,market,trade,TESTE,99988.06939650013,65,,,,GOLDM,MS,,,
2026-04-12T21:45:25.998Z,market,trade,TESTE,99974.55579941934,185,,,,JPM,ITAU,,,
2026-04-12T21:45:26.163Z,market,trade,TESTE,99978.87516757168,124,,,,ITAU,GOLDM,,,
2026-04-12T21:45:26.314Z,market,trade,TESTE,99982.99545492441,173,,,,ITAU,BTG,,,
2026-04-12T21:45:26.465Z,market,trade,TESTE,99992.22671331897,80,,,,BARCL,CITI,,,
2026-04-12T21:45:26.630Z,market,trade,TESTE,99978.74694580863,82,,,,UBS,BARCL,,,
2026-04-12T21:45:26.795Z,market,trade,TESTE,99984.19817150476,141,,,,BARCL,JPM,,,
2026-04-12T21:45:26.946Z,market,trade,TESTE,99973.65247249213,31,,,,JPM,CITI,,,
2026-04-12T21:45:27.096Z,market,trade,TESTE,99982.5502220528,165,,,,BTG,BARCL,,,
2026-04-12T21:45:27.248Z,market,trade,TESTE,99967.68609243407,176,,,,BTG,CITI,,,
2026-04-12T21:45:27.403Z,market,trade,TESTE,99977.05795366107,125,,,,ITAU,UBS,,,
2026-04-12T21:45:27.563Z,market,trade,TESTE,99973.76551405841,148,,,,ITAU,JPM,,,
2026-04-12T21:45:27.713Z,market,trade,TESTE,99971.63880686442,181,,,,MS,CS,,,
2026-04-12T21:45:27.867Z,market,trade,TESTE,99957.63453594863,58,,,,XP,UBS,,,
2026-04-12T21:45:28.029Z,market,trade,TESTE,99968.17396329598,24,,,,ITAU,CS,,,
2026-04-12T21:45:28.180Z,market,trade,TESTE,99953.94028258459,124,,,,BARCL,CITI,,,
2026-04-12T21:45:28.332Z,market,trade,TESTE,99959.41087249745,159,,,,GOLDM,XP,,,
2026-04-12T21:45:28.484Z,market,trade,TESTE,99949.40929393166,157,,,,BTG,BARCL,,,
2026-04-12T21:45:28.646Z,market,trade,TESTE,99960.71492507985,118,,,,XP,CS,,,
2026-04-12T21:45:28.797Z,market,trade,TESTE,99952.0574941986,186,,,,CITI,GOLDM,,,
2026-04-12T21:45:28.963Z,market,trade,TESTE,99958.72027306647,84,,,,GOLDM,UBS,,,
2026-04-12T21:45:29.114Z,market,trade,TESTE,99949.3428456446,182,,,,MS,ITAU,,,
2026-04-12T21:45:29.279Z,market,trade,TESTE,99951.23999752897,42,,,,JPM,XP,,,
2026-04-12T21:45:29.429Z,market,trade,TESTE,99948.69200021193,194,,,,ITAU,ITAU,,,
2026-04-12T21:45:29.580Z,market,trade,TESTE,99946.025082728,197,,,,CS,CS,,,
2026-04-12T21:45:29.731Z,market,trade,TESTE,99945.96479555611,74,,,,CITI,CS,,,
2026-04-12T21:45:29.881Z,market,trade,TESTE,99948.26722440474,188,,,,CS,CS,,,
2026-04-12T21:45:30.046Z,market,trade,TESTE,99956.33173765808,108,,,,MS,BARCL,,,
2026-04-12T21:45:30.198Z,market,trade,TESTE,99961.22895784971,138,,,,MS,CITI,,,
2026-04-12T21:45:30.363Z,market,trade,TESTE,99960.91744862101,80,,,,MS,BARCL,,,
2026-04-12T21:45:30.515Z,market,trade,TESTE,99950.63695528635,25,,,,GOLDM,JPM,,,
2026-04-12T21:45:30.680Z,market,trade,TESTE,99956.81518517452,194,,,,BTG,MS,,,
2026-04-12T21:45:30.838Z,market,trade,TESTE,99943.35837020238,16,,,,JPM,MS,,,
2026-04-12T21:45:30.996Z,market,trade,TESTE,99942.36240828542,140,,,,XP,JPM,,,
2026-04-12T21:45:31.148Z,market,trade,TESTE,99943.31710019575,115,,,,MS,CITI,,,
2026-04-12T21:45:31.313Z,market,trade,TESTE,99939.49191694577,116,,,,UBS,JPM,,,
2026-04-12T21:45:31.465Z,market,trade,TESTE,99950.76056591701,30,,,,XP,XP,,,
2026-04-12T21:45:31.630Z,market,trade,TESTE,99940.50694196452,129,,,,CS,CITI,,,
2026-04-12T21:45:31.795Z,market,trade,TESTE,99953.1951686619,139,,,,UBS,GOLDM,,,
2026-04-12T21:45:31.946Z,market,trade,TESTE,99956.764273153,166,,,,CITI,BTG,,,
2026-04-12T21:45:32.097Z,market,trade,TESTE,99957.00955419033,169,,,,UBS,CITI,,,
2026-04-12T21:45:32.247Z,market,trade,TESTE,99949.82265153872,102,,,,JPM,ITAU,,,
2026-04-12T21:45:32.398Z,market,trade,TESTE,99960.79139473592,83,,,,CITI,JPM,,,
2026-04-12T21:45:32.563Z,market,trade,TESTE,99947.31937028562,194,,,,CS,GOLDM,,,
2026-04-12T21:45:32.714Z,market,trade,TESTE,99950.02593826942,39,,,,GOLDM,CITI,,,
2026-04-12T21:45:32.865Z,market,trade,TESTE,99954.8953052216,65,,,,JPM,CITI,,,
2026-04-12T21:45:33.030Z,market,trade,TESTE,99960.55132229523,119,,,,JPM,MS,,,
2026-04-12T21:45:33.195Z,market,trade,TESTE,99957.51099291511,149,,,,MS,JPM,,,
2026-04-12T21:45:33.346Z,market,trade,TESTE,99954.64513913124,80,,,,ITAU,BTG,,,
2026-04-12T21:45:33.497Z,market,trade,TESTE,99941.99356536403,185,,,,UBS,GOLDM,,,
2026-04-12T21:45:33.647Z,market,trade,TESTE,99950.70338898357,171,,,,MS,UBS,,,
2026-04-12T21:45:33.798Z,market,trade,TESTE,99945.26675745466,200,,,,MS,UBS,,,
2026-04-12T21:45:33.951Z,market,trade,TESTE,99943.77412422666,148,,,,XP,BARCL,,,
2026-04-12T21:45:34.113Z,market,trade,TESTE,99957.50053072695,41,,,,UBS,JPM,,,
2026-04-12T21:45:34.263Z,market,trade,TESTE,99944.75013524055,189,,,,CITI,BARCL,,,
2026-04-12T21:45:34.414Z,market,trade,TESTE,99946.18290163552,55,,,,CS,BTG,,,
2026-04-12T21:45:34.579Z,market,trade,TESTE,99952.589420183,123,,,,CITI,BARCL,,,
2026-04-12T21:45:34.730Z,market,trade,TESTE,99957.54615675479,113,,,,JPM,BARCL,,,
2026-04-12T21:45:34.881Z,market,trade,TESTE,99949.03512587202,45,,,,MS,CITI,,,
2026-04-12T21:45:35.033Z,market,trade,TESTE,99953.1567570402,111,,,,BTG,UBS,,,
2026-04-12T21:45:35.197Z,market,trade,TESTE,99964.81417234203,35,,,,XP,CS,,,
2026-04-12T21:45:35.348Z,market,trade,TESTE,99952.87700990798,10,,,,CITI,BTG,,,
2026-04-12T21:45:35.513Z,market,trade,TESTE,99957.30068849341,191,,,,BARCL,CITI,,,
2026-04-12T21:45:35.664Z,market,trade,TESTE,99955.75278498455,17,,,,XP,BTG,,,
2026-04-12T21:45:35.829Z,market,trade,TESTE,99968.32805729605,67,,,,MS,UBS,,,
2026-04-12T21:45:35.980Z,market,trade,TESTE,99957.80324530331,162,,,,ITAU,MS,,,
2026-04-12T21:45:36.131Z,market,trade,TESTE,99965.47546156801,50,,,,JPM,CS,,,
2026-04-12T21:45:36.298Z,market,trade,TESTE,99956.19714054634,54,,,,MS,BARCL,,,
2026-04-12T21:45:36.463Z,market,trade,TESTE,99952.84121150493,91,,,,GOLDM,JPM,,,
2026-04-12T21:45:36.614Z,market,trade,TESTE,99952.87083438135,116,,,,XP,CS,,,
2026-04-12T21:45:36.778Z,market,trade,TESTE,99964.19405973982,171,,,,BARCL,BARCL,,,
2026-04-12T21:45:36.931Z,market,trade,TESTE,99950.42101370006,171,,,,JPM,JPM,,,
2026-04-12T21:45:37.097Z,market,trade,TESTE,99946.23632270814,97,,,,GOLDM,CITI,,,
2026-04-12T21:45:37.248Z,market,trade,TESTE,99958.02976642987,57,,,,MS,JPM,,,
2026-04-12T21:45:37.412Z,market,trade,TESTE,99959.12734421232,104,,,,GOLDM,JPM,,,
2026-04-12T21:45:37.563Z,market,trade,TESTE,99951.0895342322,79,,,,XP,MS,,,
2026-04-12T21:45:37.713Z,market,trade,TESTE,99952.61033966183,17,,,,MS,XP,,,
2026-04-12T21:45:37.865Z,market,trade,TESTE,99963.52880691316,146,,,,UBS,CS,,,
2026-04-12T21:45:38.030Z,market,trade,TESTE,99961.59589105377,156,,,,ITAU,ITAU,,,
2026-04-12T21:45:38.181Z,market,trade,TESTE,99950.84273375518,119,,,,GOLDM,MS,,,
2026-04-12T21:45:38.345Z,market,trade,TESTE,99957.2800072105,133,,,,MS,ITAU,,,
2026-04-12T21:45:38.496Z,market,trade,TESTE,99945.56527387448,148,,,,CITI,XP,,,
2026-04-12T21:45:38.647Z,market,trade,TESTE,99942.58971333117,94,,,,MS,BTG,,,
2026-04-12T21:45:38.798Z,market,trade,TESTE,99948.76910234542,156,,,,CS,MS,,,
2026-04-12T21:45:38.948Z,market,trade,TESTE,99948.5699538102,66,,,,CS,GOLDM,,,
2026-04-12T21:45:39.113Z,market,trade,TESTE,99933.67476718427,112,,,,UBS,ITAU,,,
2026-04-12T21:45:39.278Z,market,trade,TESTE,99946.26426251816,198,,,,BTG,UBS,,,
2026-04-12T21:45:39.429Z,market,trade,TESTE,99946.56891739614,71,,,,MS,BTG,,,
2026-04-12T21:45:39.579Z,market,trade,TESTE,99943.28028678695,171,,,,BTG,GOLDM,,,
2026-04-12T21:45:39.732Z,market,trade,TESTE,99947.674299253,41,,,,MS,GOLDM,,,
2026-04-12T21:45:39.898Z,market,trade,TESTE,99939.50675884343,165,,,,XP,ITAU,,,
2026-04-12T21:45:40.063Z,market,trade,TESTE,99947.2606020687,22,,,,ITAU,UBS,,,
2026-04-12T21:45:40.214Z,market,trade,TESTE,99952.08634889775,129,,,,CS,BARCL,,,
2026-04-12T21:45:40.380Z,market,trade,TESTE,99949.95011283262,46,,,,GOLDM,CS,,,
2026-04-12T21:45:40.531Z,market,trade,TESTE,99949.97717306812,111,,,,CS,XP,,,
2026-04-12T21:45:40.697Z,market,trade,TESTE,99951.92039192352,45,,,,CS,BTG,,,
2026-04-12T21:45:40.848Z,market,trade,TESTE,99955.55602346527,112,,,,ITAU,BARCL,,,
2026-04-12T21:45:41.013Z,market,trade,TESTE,99950.28171699654,181,,,,JPM,JPM,,,
2026-04-12T21:45:41.164Z,market,trade,TESTE,99950.47959609347,126,,,,JPM,CITI,,,
2026-04-12T21:45:41.329Z,market,trade,TESTE,99957.51691957915,189,,,,UBS,MS,,,
2026-04-12T21:45:41.481Z,market,trade,TESTE,99955.69256267925,13,,,,XP,CITI,,,
2026-04-12T21:45:41.631Z,market,trade,TESTE,99953.18382712599,8,,,,GOLDM,MS,,,
2026-04-12T21:45:41.781Z,market,trade,TESTE,99950.77374741477,92,,,,BTG,XP,,,
2026-04-12T21:45:41.946Z,market,trade,TESTE,99947.60982994376,27,,,,UBS,XP,,,
2026-04-12T21:45:42.097Z,market,trade,TESTE,99938.3889411082,84,,,,CS,MS,,,
2026-04-12T21:45:42.263Z,market,trade,TESTE,99947.63621512451,154,,,,ITAU,CITI,,,
2026-04-12T21:45:42.414Z,market,trade,TESTE,99947.29340081825,7,,,,MS,CS,,,
2026-04-12T21:45:42.579Z,market,trade,TESTE,99943.22060115164,49,,,,CS,GOLDM,,,
2026-04-12T21:45:42.735Z,market,trade,TESTE,99944.4473189515,157,,,,MS,MS,,,
2026-04-12T21:45:42.896Z,market,trade,TESTE,99932.89760585093,64,,,,JPM,BTG,,,
2026-04-12T21:45:43.048Z,market,trade,TESTE,99945.71501748798,192,,,,BARCL,CITI,,,
2026-04-12T21:45:43.213Z,market,trade,TESTE,99948.61550375856,21,,,,ITAU,BTG,,,
2026-04-12T21:45:43.364Z,market,trade,TESTE,99947.06475956974,70,,,,BTG,CS,,,
2026-04-12T21:45:43.529Z,market,trade,TESTE,99945.9135482858,114,,,,CITI,UBS,,,
2026-04-12T21:45:43.680Z,market,trade,TESTE,99939.94433178201,149,,,,MS,UBS,,,
2026-04-12T21:45:43.831Z,market,trade,TESTE,99951.38757388656,57,,,,UBS,JPM,,,
2026-04-12T21:45:43.996Z,market,trade,TESTE,99944.6718106597,182,,,,CS,GOLDM,,,
2026-04-12T21:45:44.147Z,market,trade,TESTE,99955.64956065221,31,,,,ITAU,GOLDM,,,
2026-04-12T21:45:44.298Z,market,trade,TESTE,99959.37068714252,145,,,,BTG,JPM,,,
2026-04-12T21:45:44.449Z,market,trade,TESTE,99964.13921233364,66,,,,ITAU,CS,,,
2026-04-12T21:45:44.613Z,market,trade,TESTE,99968.88745992194,107,,,,BARCL,JPM,,,
2026-04-12T21:45:44.778Z,market,trade,TESTE,99956.35893769079,109,,,,BTG,BTG,,,
2026-04-12T21:45:44.930Z,market,trade,TESTE,99967.00811607826,132,,,,MS,CITI,,,
2026-04-12T21:45:45.081Z,market,trade,TESTE,99963.07737176228,188,,,,BTG,JPM,,,
2026-04-12T21:45:45.244Z,market,trade,TESTE,99962.90244429422,177,,,,CITI,BTG,,,
2026-04-12T21:45:45.396Z,market,trade,TESTE,99963.11210155937,168,,,,ITAU,CS,,,
2026-04-12T21:45:45.546Z,market,trade,TESTE,99967.93842616788,153,,,,BTG,UBS,,,
2026-04-12T21:45:45.698Z,market,trade,TESTE,99969.77115220003,141,,,,CITI,BTG,,,
2026-04-12T21:45:45.863Z,market,trade,TESTE,99970.3972164195,120,,,,CITI,GOLDM,,,
2026-04-12T21:45:46.014Z,market,trade,TESTE,99966.92507357399,65,,,,GOLDM,XP,,,
2026-04-12T21:45:46.164Z,market,trade,TESTE,99961.4889067655,79,,,,CS,XP,,,
2026-04-12T21:45:46.328Z,market,trade,TESTE,99967.32875570674,28,,,,BTG,CS,,,
2026-04-12T21:45:46.480Z,market,trade,TESTE,99961.87661694014,134,,,,MS,GOLDM,,,
2026-04-12T21:45:46.631Z,market,trade,TESTE,99971.34931751812,10,,,,JPM,ITAU,,,
2026-04-12T21:45:46.783Z,market,trade,TESTE,99973.91833299583,187,,,,XP,JPM,,,
2026-04-12T21:45:46.947Z,market,trade,TESTE,99966.3793812911,86,,,,BTG,CITI,,,
2026-04-12T21:45:47.114Z,market,trade,TESTE,99974.95975927605,69,,,,CS,ITAU,,,
2026-04-12T21:45:47.264Z,market,trade,TESTE,99966.23732408465,177,,,,ITAU,ITAU,,,
2026-04-12T21:45:47.429Z,market,trade,TESTE,99969.87186909477,60,,,,GOLDM,MS,,,
2026-04-12T21:45:47.581Z,market,trade,TESTE,99979.55815448146,42,,,,UBS,BARCL,,,
2026-04-12T21:45:47.745Z,market,trade,TESTE,99973.21515920396,27,,,,ITAU,GOLDM,,,
2026-04-12T21:45:47.897Z,market,trade,TESTE,99983.96328308519,99,,,,XP,XP,,,
2026-04-12T21:45:48.048Z,market,trade,TESTE,99973.59468790871,124,,,,CS,MS,,,
2026-04-12T21:45:48.198Z,market,trade,TESTE,99972.33274776798,21,,,,CS,BTG,,,
2026-04-12T21:45:48.351Z,market,trade,TESTE,99985.58914730557,177,,,,BARCL,GOLDM,,,
2026-04-12T21:45:48.513Z,market,trade,TESTE,99971.84056487765,58,,,,GOLDM,UBS,,,
2026-04-12T21:45:48.664Z,market,trade,TESTE,99981.05964419172,16,,,,UBS,BTG,,,
2026-04-12T21:45:48.830Z,market,trade,TESTE,99985.02352138038,122,,,,CITI,JPM,,,
2026-04-12T21:45:48.980Z,market,trade,TESTE,99985.83884388932,21,,,,CS,JPM,,,
2026-04-12T21:45:49.131Z,market,trade,TESTE,99985.132650193,11,,,,XP,CS,,,
2026-04-12T21:45:49.295Z,market,trade,TESTE,99973.62393229196,27,,,,CITI,MS,,,
2026-04-12T21:45:49.446Z,market,trade,TESTE,99972.48734666586,165,,,,MS,GOLDM,,,
2026-04-12T21:45:49.598Z,market,trade,TESTE,99973.47695625923,158,,,,XP,XP,,,
2026-04-12T21:45:49.748Z,market,trade,TESTE,99974.56843966332,164,,,,UBS,CS,,,
2026-04-12T21:45:49.913Z,market,trade,TESTE,99972.85402973673,6,,,,GOLDM,CITI,,,
2026-04-12T21:45:50.078Z,market,trade,TESTE,99975.76164676611,54,,,,XP,CITI,,,
2026-04-12T21:45:50.230Z,market,trade,TESTE,99973.10537455573,17,,,,ITAU,BTG,,,
2026-04-12T21:45:50.396Z,market,trade,TESTE,99976.43234330807,32,,,,CITI,CS,,,
2026-04-12T21:45:50.547Z,market,trade,TESTE,99989.94463097549,185,,,,CITI,CITI,,,
2026-04-12T21:45:50.698Z,market,trade,TESTE,99979.4133895728,67,,,,GOLDM,CITI,,,
2026-04-12T21:45:50.848Z,market,trade,TESTE,99980.76632085312,159,,,,BARCL,ITAU,,,
2026-04-12T21:45:51.013Z,market,trade,TESTE,99988.24885147833,180,,,,CS,XP,,,
2026-04-12T21:45:51.164Z,market,trade,TESTE,99983.15801798267,114,,,,BTG,XP,,,
2026-04-12T21:45:51.330Z,market,trade,TESTE,99993.85303081795,78,,,,MS,GOLDM,,,
2026-04-12T21:45:51.481Z,market,trade,TESTE,99997.25893251222,108,,,,BTG,CS,,,
2026-04-12T21:45:51.644Z,market,trade,TESTE,99988.31821396893,195,,,,GOLDM,GOLDM,,,
2026-04-12T21:45:51.797Z,market,trade,TESTE,99985.23237028393,138,,,,JPM,MS,,,
2026-04-12T21:45:51.948Z,market,trade,TESTE,99988.49502888099,99,,,,MS,MS,,,
2026-04-12T21:45:52.113Z,market,trade,TESTE,99986.49143480297,125,,,,ITAU,UBS,,,
2026-04-12T21:45:52.263Z,market,trade,TESTE,99998.8283142233,45,,,,GOLDM,JPM,,,
2026-04-12T21:45:52.415Z,market,trade,TESTE,99996.79984828545,53,,,,CS,GOLDM,,,
2026-04-12T21:45:52.580Z,market,trade,TESTE,99991.96105455422,59,,,,UBS,JPM,,,
2026-04-12T21:45:52.734Z,market,trade,TESTE,99990.15224325712,124,,,,CITI,JPM,,,
2026-04-12T21:45:52.898Z,market,trade,TESTE,99976.39903687012,138,,,,JPM,CS,,,
2026-04-12T21:45:53.064Z,market,trade,TESTE,99971.44907891139,37,,,,MS,MS,,,
2026-04-12T21:45:53.214Z,market,trade,TESTE,99984.31263153962,161,,,,MS,XP,,,
2026-04-12T21:45:53.378Z,market,trade,TESTE,99987.4284095259,127,,,,MS,BTG,,,
2026-04-12T21:45:53.531Z,market,trade,TESTE,99989.71518699035,85,,,,BARCL,CS,,,
2026-04-12T21:45:53.682Z,market,trade,TESTE,99981.26566374055,94,,,,ITAU,GOLDM,,,
2026-04-12T21:45:53.864Z,market,trade,TESTE,99988.49296886218,109,,,,XP,JPM,,,
2026-04-12T21:45:54.018Z,market,trade,TESTE,99984.27387803055,199,,,,XP,GOLDM,,,
2026-04-12T21:45:54.180Z,market,trade,TESTE,99988.57326378608,28,,,,BARCL,CITI,,,
2026-04-12T21:45:54.336Z,market,trade,TESTE,99988.93037091232,154,,,,XP,XP,,,
2026-04-12T21:45:54.497Z,market,trade,TESTE,99984.37258401305,24,,,,BARCL,CS,,,
2026-04-12T21:45:54.648Z,market,trade,TESTE,99978.85222380908,118,,,,BARCL,MS,,,
2026-04-12T21:45:54.799Z,market,trade,TESTE,99978.9582999473,175,,,,MS,BARCL,,,
2026-04-12T21:45:54.960Z,market,trade,TESTE,99988.6749006258,56,,,,CITI,ITAU,,,
2026-04-12T21:45:55.116Z,market,trade,TESTE,99980.74834252303,140,,,,JPM,XP,,,
2026-04-12T21:45:55.280Z,market,trade,TESTE,99989.85192213852,163,,,,BTG,CITI,,,
2026-04-12T21:45:55.431Z,market,trade,TESTE,99983.49279176927,176,,,,CS,ITAU,,,
2026-04-12T21:45:55.596Z,market,trade,TESTE,99980.87293338281,87,,,,CITI,CS,,,
2026-04-12T21:45:55.761Z,market,trade,TESTE,99976.63293519983,138,,,,GOLDM,JPM,,,
2026-04-12T21:45:55.913Z,market,trade,TESTE,99990.50085195908,156,,,,JPM,JPM,,,
2026-04-12T21:45:56.064Z,market,trade,TESTE,99978.81835385098,27,,,,CS,XP,,,
2026-04-12T21:45:56.229Z,market,trade,TESTE,99980.35946283126,144,,,,UBS,XP,,,
2026-04-12T21:45:56.380Z,market,trade,TESTE,99987.14974118827,38,,,,BTG,MS,,,
2026-04-12T21:45:56.531Z,market,trade,TESTE,99991.81782359672,133,,,,MS,UBS,,,
2026-04-12T21:45:56.693Z,market,trade,TESTE,99993.23068534801,139,,,,BTG,BARCL,,,
2026-04-12T21:45:56.845Z,market,trade,TESTE,99984.89752359304,155,,,,CITI,BTG,,,
2026-04-12T21:45:56.997Z,market,trade,TESTE,99989.67703533947,43,,,,CITI,XP,,,
2026-04-12T21:45:57.148Z,market,trade,TESTE,99999.74576583017,12,,,,XP,CITI,,,
2026-04-12T21:45:57.300Z,market,trade,TESTE,100002.04657336717,141,,,,XP,BTG,,,
2026-04-12T21:45:57.453Z,market,trade,TESTE,100002.78370064487,64,,,,XP,CS,,,
2026-04-12T21:45:57.613Z,market,trade,TESTE,99993.11050840639,122,,,,ITAU,CITI,,,
2026-04-12T21:45:57.778Z,market,trade,TESTE,100001.44111437553,128,,,,CITI,ITAU,,,
2026-04-12T21:45:57.930Z,market,trade,TESTE,100003.73546032485,197,,,,BTG,UBS,,,
2026-04-12T21:49:36.029Z,market,trade,TESTE,99993.92469975671,188,,,,XP,BTG,,,
2026-04-12T21:49:36.194Z,market,trade,TESTE,99998.82377881825,170,,,,GOLDM,JPM,,,
2026-04-12T21:49:36.361Z,market,trade,TESTE,99996.44847338315,159,,,,ITAU,CITI,,,
2026-04-12T21:49:36.513Z,market,trade,TESTE,99995.94063506564,139,,,,CS,BARCL,,,
2026-04-12T21:49:36.676Z,market,trade,TESTE,100003.4018258781,64,,,,UBS,BARCL,,,
2026-04-12T21:49:36.827Z,market,trade,TESTE,99994.29158856648,59,,,,UBS,CITI,,,
2026-04-12T21:49:36.981Z,market,trade,TESTE,100001.88484942653,131,,,,CS,UBS,,,
2026-04-12T21:49:37.141Z,market,trade,TESTE,99988.18080066689,193,,,,BTG,ITAU,,,
2026-04-12T21:49:37.297Z,market,trade,TESTE,99988.65336534524,200,,,,BTG,UBS,,,
2026-04-12T21:49:37.462Z,market,trade,TESTE,100001.62679821344,138,,,,BARCL,ITAU,,,
2026-04-12T21:49:37.625Z,market,trade,TESTE,99998.30405696039,38,,,,UBS,CITI,,,
2026-04-12T21:49:37.777Z,market,trade,TESTE,99996.03158481627,53,,,,UBS,BARCL,,,
2026-04-12T21:49:37.931Z,market,trade,TESTE,99986.3645359091,166,,,,XP,CS,,,
2026-04-12T21:49:38.091Z,market,trade,TESTE,99992.94530224716,85,,,,XP,MS,,,
2026-04-12T21:49:38.243Z,market,trade,TESTE,99984.20595848367,53,,,,BARCL,MS,,,
2026-04-12T21:49:38.395Z,market,trade,TESTE,99988.6728670198,10,,,,CITI,CS,,,
2026-04-12T21:49:38.559Z,market,trade,TESTE,99994.9577319131,20,,,,XP,CITI,,,
2026-04-12T21:49:38.712Z,market,trade,TESTE,99992.6900563572,123,,,,XP,CS,,,
2026-04-12T21:49:38.876Z,market,trade,TESTE,99983.49524331298,180,,,,BTG,CS,,,
2026-04-12T21:49:39.027Z,market,trade,TESTE,99989.00118642034,187,,,,CS,XP,,,
2026-04-12T21:49:39.177Z,market,trade,TESTE,99991.0540831796,50,,,,MS,UBS,,,
2026-04-12T21:49:39.328Z,market,trade,TESTE,99988.09077199217,63,,,,CITI,XP,,,
2026-04-12T21:49:39.494Z,market,trade,TESTE,99987.58489262416,129,,,,GOLDM,UBS,,,
2026-04-12T21:49:39.645Z,market,trade,TESTE,99984.33103338195,19,,,,CITI,JPM,,,
2026-04-12T21:49:39.809Z,market,trade,TESTE,99971.88031248437,32,,,,GOLDM,CS,,,
2026-04-12T21:49:39.961Z,market,trade,TESTE,99967.80534681378,117,,,,JPM,GOLDM,,,
2026-04-12T21:49:40.125Z,market,trade,TESTE,99978.37658964194,73,,,,JPM,CITI,,,
2026-04-12T21:49:40.277Z,market,trade,TESTE,99969.5811051371,117,,,,UBS,UBS,,,
2026-04-12T21:49:40.430Z,market,trade,TESTE,99979.72089191015,144,,,,XP,CS,,,
2026-04-12T21:49:40.594Z,market,trade,TESTE,99969.49197754775,113,,,,UBS,UBS,,,
2026-04-12T21:49:40.760Z,market,trade,TESTE,99968.42419372691,167,,,,UBS,UBS,,,
2026-04-12T21:49:40.912Z,market,trade,TESTE,99966.78574554119,111,,,,UBS,ITAU,,,
2026-04-12T21:49:41.074Z,market,trade,TESTE,99974.84823338376,186,,,,ITAU,CITI,,,
2026-04-12T21:49:41.240Z,market,trade,TESTE,99970.31972732722,106,,,,BARCL,MS,,,
2026-04-12T21:49:41.394Z,market,trade,TESTE,99973.02166940665,9,,,,CS,MS,,,
2026-04-12T21:49:41.559Z,market,trade,TESTE,99964.77983435548,128,,,,BARCL,ITAU,,,
2026-04-12T21:49:41.711Z,market,trade,TESTE,99967.35566366644,108,,,,CITI,BTG,,,
2026-04-12T21:49:41.877Z,market,trade,TESTE,99970.66639998893,36,,,,BTG,BARCL,,,
2026-04-12T21:49:42.028Z,market,trade,TESTE,99977.51411943402,17,,,,BTG,BARCL,,,
2026-04-12T21:49:42.193Z,market,trade,TESTE,99982.04311804427,96,,,,BTG,CS,,,
2026-04-12T21:49:42.343Z,market,trade,TESTE,99981.23815685838,100,,,,CITI,CITI,,,
2026-04-12T21:49:42.495Z,market,trade,TESTE,99981.45320416431,83,,,,JPM,XP,,,
2026-04-12T21:49:42.660Z,market,trade,TESTE,99977.41889882044,8,,,,UBS,BARCL,,,
2026-04-12T21:49:42.810Z,market,trade,TESTE,99978.3235515076,90,,,,CS,UBS,,,
2026-04-12T21:49:42.965Z,market,trade,TESTE,99963.53164127,185,,,,ITAU,ITAU,,,
2026-04-12T21:49:43.127Z,market,trade,TESTE,99964.0146970342,29,,,,JPM,JPM,,,
2026-04-12T21:49:43.293Z,market,trade,TESTE,99978.02407674951,35,,,,ITAU,JPM,,,
2026-04-12T21:49:43.449Z,market,trade,TESTE,99974.69369068072,86,,,,ITAU,JPM,,,
2026-04-12T21:49:43.608Z,market,trade,TESTE,99965.94260253546,175,,,,BARCL,CITI,,,
2026-04-12T21:49:43.759Z,market,trade,TESTE,99962.8809474746,156,,,,BTG,ITAU,,,
2026-04-12T21:49:43.911Z,market,trade,TESTE,99960.54768064093,183,,,,ITAU,BTG,,,
2026-04-12T21:49:44.076Z,market,trade,TESTE,99970.24007248486,14,,,,CITI,BTG,,,
2026-04-12T21:49:44.240Z,market,trade,TESTE,99967.98529455345,121,,,,JPM,JPM,,,
2026-04-12T21:49:44.393Z,market,trade,TESTE,99965.81380103351,171,,,,BTG,BTG,,,
2026-04-12T21:49:44.559Z,market,trade,TESTE,99966.47930431455,192,,,,JPM,MS,,,
2026-04-12T21:49:44.710Z,market,trade,TESTE,99966.60335735072,89,,,,BARCL,JPM,,,
2026-04-12T21:49:44.875Z,market,trade,TESTE,99961.4799688076,129,,,,MS,UBS,,,
2026-04-12T21:49:45.030Z,market,trade,TESTE,99971.71359073212,188,,,,CITI,BARCL,,,
2026-04-12T21:49:45.192Z,market,trade,TESTE,99971.7874378489,115,,,,CITI,BTG,,,
2026-04-12T21:49:45.343Z,market,trade,TESTE,99971.45852843775,30,,,,UBS,XP,,,
2026-04-12T21:49:45.497Z,market,trade,TESTE,99960.24783996916,90,,,,CS,CITI,,,
2026-04-12T21:49:45.659Z,market,trade,TESTE,99968.9445918881,192,,,,CS,CITI,,,
2026-04-12T21:49:45.809Z,market,trade,TESTE,99963.07718399896,38,,,,CS,CITI,,,
2026-04-12T21:49:45.961Z,market,trade,TESTE,99972.52026696787,12,,,,CS,BTG,,,
2026-04-12T21:49:46.127Z,market,trade,TESTE,99958.725351001,82,,,,CITI,GOLDM,,,
2026-04-12T21:49:46.293Z,market,trade,TESTE,99953.99213769872,113,,,,BTG,MS,,,
2026-04-12T21:49:46.446Z,market,trade,TESTE,99950.25896284143,113,,,,UBS,BARCL,,,
2026-04-12T21:49:46.608Z,market,trade,TESTE,99962.11365247621,22,,,,BARCL,XP,,,
2026-04-12T21:49:46.759Z,market,trade,TESTE,99965.73534714167,145,,,,BARCL,BARCL,,,
2026-04-12T21:49:46.911Z,market,trade,TESTE,99965.03521452499,31,,,,ITAU,BTG,,,
2026-04-12T21:49:47.061Z,market,trade,TESTE,99968.29005197182,98,,,,BTG,XP,,,
2026-04-12T21:49:47.214Z,market,trade,TESTE,99958.14232586868,136,,,,XP,CS,,,
2026-04-12T21:49:47.375Z,market,trade,TESTE,99956.4187306878,46,,,,XP,XP,,,
2026-04-12T21:49:47.546Z,market,trade,TESTE,99955.80509655744,153,,,,MS,BARCL,,,
2026-04-12T21:49:47.707Z,market,trade,TESTE,99961.0231749093,96,,,,XP,CITI,,,
2026-04-12T21:49:47.860Z,market,trade,TESTE,99951.8345681283,166,,,,MS,CS,,,
2026-04-12T21:49:48.013Z,market,trade,TESTE,99963.84384646504,87,,,,JPM,BARCL,,,
2026-04-12T21:49:48.176Z,market,trade,TESTE,99958.81761023088,111,,,,ITAU,BARCL,,,
2026-04-12T21:49:48.342Z,market,trade,TESTE,99956.29154668307,175,,,,CITI,BARCL,,,
2026-04-12T21:49:48.499Z,market,trade,TESTE,99964.1463801044,41,,,,CITI,ITAU,,,
2026-04-12T21:49:48.659Z,market,trade,TESTE,99962.55117267044,148,,,,BARCL,ITAU,,,
2026-04-12T21:49:48.810Z,market,trade,TESTE,99967.00311317877,137,,,,CITI,BTG,,,
2026-04-12T21:49:48.961Z,market,trade,TESTE,99952.91854231613,70,,,,GOLDM,BARCL,,,
2026-04-12T21:49:49.126Z,market,trade,TESTE,99956.185846617,157,,,,CITI,XP,,,
2026-04-12T21:49:49.277Z,market,trade,TESTE,99958.49432057355,96,,,,UBS,XP,,,
2026-04-12T21:49:49.433Z,market,trade,TESTE,99967.99397670392,75,,,,GOLDM,CITI,,,
2026-04-12T21:49:49.594Z,market,trade,TESTE,99960.99083268672,93,,,,ITAU,ITAU,,,
2026-04-12T21:49:49.759Z,market,trade,TESTE,99961.9037208963,68,,,,BTG,JPM,,,
2026-04-12T21:49:49.910Z,market,trade,TESTE,99962.01736744316,63,,,,ITAU,CS,,,
2026-04-12T21:49:50.061Z,market,trade,TESTE,99969.69697073546,65,,,,XP,XP,,,
2026-04-12T21:49:50.213Z,market,trade,TESTE,99968.98786722469,64,,,,UBS,BARCL,,,
2026-04-12T21:49:50.376Z,market,trade,TESTE,99954.52325742469,161,,,,ITAU,CS,,,
2026-04-12T21:49:50.529Z,market,trade,TESTE,99960.25517500205,24,,,,BTG,CS,,,
2026-04-12T21:49:50.686Z,market,trade,TESTE,99959.57694820777,88,,,,XP,UBS,,,
2026-04-12T21:49:50.846Z,market,trade,TESTE,99958.99156240837,34,,,,BTG,CITI,,,
2026-04-12T21:49:50.997Z,market,trade,TESTE,99950.69325627663,158,,,,BTG,JPM,,,
2026-04-12T21:49:51.152Z,market,trade,TESTE,99949.1023120813,71,,,,UBS,BTG,,,
2026-04-12T21:49:51.310Z,market,trade,TESTE,99956.12129914468,91,,,,ITAU,GOLDM,,,
2026-04-12T21:49:51.461Z,market,trade,TESTE,99953.55470861838,8,,,,XP,BTG,,,
2026-04-12T21:49:51.626Z,market,trade,TESTE,99957.33006442648,50,,,,CITI,JPM,,,
2026-04-12T21:49:51.792Z,market,trade,TESTE,99956.9863668234,15,,,,BARCL,BTG,,,
2026-04-12T21:49:51.946Z,market,trade,TESTE,99961.06048699997,93,,,,BTG,UBS,,,
2026-04-12T21:49:52.107Z,market,trade,TESTE,99963.94273782992,147,,,,GOLDM,BTG,,,
2026-04-12T21:49:52.261Z,market,trade,TESTE,99955.41870905254,72,,,,UBS,CITI,,,
2026-04-12T21:49:52.423Z,market,trade,TESTE,99951.45466015971,151,,,,BARCL,CITI,,,
2026-04-12T21:49:52.575Z,market,trade,TESTE,99949.03595030261,112,,,,BTG,CITI,,,
2026-04-12T21:49:52.731Z,market,trade,TESTE,99946.49409171802,118,,,,XP,CITI,,,
2026-04-12T21:49:52.895Z,market,trade,TESTE,99954.01092574338,158,,,,UBS,JPM,,,
2026-04-12T21:49:53.046Z,market,trade,TESTE,99956.16194702078,72,,,,ITAU,GOLDM,,,
2026-04-12T21:49:53.200Z,market,trade,TESTE,99948.32727568322,173,,,,XP,ITAU,,,
2026-04-12T21:49:53.361Z,market,trade,TESTE,99948.94832418364,173,,,,BTG,ITAU,,,
2026-04-12T21:49:53.513Z,market,trade,TESTE,99959.50009660683,22,,,,BTG,ITAU,,,
2026-04-12T21:49:53.664Z,market,trade,TESTE,99951.52593015989,176,,,,ITAU,BTG,,,
2026-04-12T21:49:53.817Z,market,trade,TESTE,99958.23043916868,94,,,,JPM,ITAU,,,
2026-04-12T21:49:53.980Z,market,trade,TESTE,99961.45390220417,183,,,,CITI,UBS,,,
2026-04-12T21:49:54.130Z,market,trade,TESTE,99948.06490070008,57,,,,CS,CITI,,,
2026-04-12T21:49:54.281Z,market,trade,TESTE,99946.48321881832,129,,,,GOLDM,BARCL,,,
2026-04-12T21:49:54.446Z,market,trade,TESTE,99945.65641785135,37,,,,MS,CS,,,
2026-04-12T21:49:54.597Z,market,trade,TESTE,99941.45813953181,24,,,,BARCL,CITI,,,
2026-04-12T21:49:54.763Z,market,trade,TESTE,99937.08105038259,118,,,,UBS,BARCL,,,
2026-04-12T21:49:54.929Z,market,trade,TESTE,99940.88957268355,68,,,,MS,ITAU,,,
2026-04-12T21:49:55.096Z,market,trade,TESTE,99946.76871106698,190,,,,CS,XP,,,
2026-04-12T21:49:55.246Z,market,trade,TESTE,99940.88025856564,168,,,,CITI,UBS,,,
2026-04-12T21:49:55.397Z,market,trade,TESTE,99941.93481117954,70,,,,UBS,ITAU,,,
2026-04-12T21:49:55.562Z,market,trade,TESTE,99941.23560261891,13,,,,CITI,XP,,,
2026-04-12T21:49:55.714Z,market,trade,TESTE,99939.47994708174,155,,,,BARCL,ITAU,,,
2026-04-12T21:49:55.879Z,market,trade,TESTE,99948.04804964927,43,,,,UBS,ITAU,,,
2026-04-12T21:49:56.030Z,market,trade,TESTE,99934.14313669759,21,,,,BARCL,MS,,,
2026-04-12T21:49:56.181Z,market,trade,TESTE,99941.216440381,5,,,,BARCL,JPM,,,
2026-04-12T21:49:56.346Z,market,trade,TESTE,99933.52759263407,146,,,,GOLDM,CITI,,,
2026-04-12T21:49:56.512Z,market,trade,TESTE,99934.60210848525,196,,,,GOLDM,BTG,,,
2026-04-12T21:49:56.663Z,market,trade,TESTE,99939.38587811003,190,,,,ITAU,GOLDM,,,
2026-04-12T21:49:56.814Z,market,trade,TESTE,99942.93673408577,25,,,,BARCL,UBS,,,
2026-04-12T21:49:56.978Z,market,trade,TESTE,99957.4037119078,200,,,,CITI,UBS,,,
2026-04-12T21:49:57.129Z,market,trade,TESTE,99957.30174358145,97,,,,BARCL,JPM,,,
2026-04-12T21:49:57.295Z,market,trade,TESTE,99951.46399223505,12,,,,BTG,JPM,,,
2026-04-12T21:49:57.446Z,market,trade,TESTE,99957.8774260187,113,,,,ITAU,XP,,,
2026-04-12T21:49:57.612Z,market,trade,TESTE,99947.9856556988,150,,,,CITI,CITI,,,
2026-04-12T21:49:57.763Z,market,trade,TESTE,99958.69491844757,81,,,,CS,GOLDM,,,
2026-04-12T21:49:57.913Z,market,trade,TESTE,99956.4579652232,58,,,,CITI,CS,,,
2026-04-12T21:49:58.064Z,market,trade,TESTE,99956.92456605812,34,,,,JPM,XP,,,
2026-04-12T21:49:58.214Z,market,trade,TESTE,99950.71200068128,30,,,,BTG,UBS,,,
2026-04-12T21:49:58.379Z,market,trade,TESTE,99953.4842647274,185,,,,CITI,XP,,,
2026-04-12T21:49:58.530Z,market,trade,TESTE,99953.70680277841,200,,,,BARCL,UBS,,,
2026-04-12T21:49:58.696Z,market,trade,TESTE,99957.54096099081,128,,,,XP,ITAU,,,
2026-04-12T21:49:58.847Z,market,trade,TESTE,99965.9606863538,135,,,,CS,CS,,,
2026-04-12T21:49:59.029Z,market,trade,TESTE,99957.30821679611,126,,,,BTG,BTG,,,
2026-04-12T21:49:59.181Z,market,trade,TESTE,99968.97358641805,36,,,,BTG,UBS,,,
2026-04-12T21:49:59.332Z,market,trade,TESTE,99962.98645909056,9,,,,BARCL,ITAU,,,
2026-04-12T21:49:59.495Z,market,trade,TESTE,99968.02584924748,163,,,,BARCL,JPM,,,
2026-04-12T21:49:59.647Z,market,trade,TESTE,99953.78444409605,14,,,,BTG,ITAU,,,
2026-04-12T21:49:59.799Z,market,trade,TESTE,99955.69461403985,75,,,,UBS,UBS,,,
2026-04-12T21:49:59.965Z,market,trade,TESTE,99954.05054483737,129,,,,MS,UBS,,,
2026-04-12T21:50:00.116Z,market,trade,TESTE,99956.08941820828,18,,,,BTG,ITAU,,,
2026-04-12T21:50:00.281Z,market,trade,TESTE,99953.64510101838,49,,,,UBS,BARCL,,,
2026-04-12T21:50:00.432Z,market,trade,TESTE,99955.90021571732,150,,,,CITI,CITI,,,
2026-04-12T21:50:00.582Z,market,trade,TESTE,99966.10373725134,89,,,,BARCL,BARCL,,,
2026-04-12T21:50:00.747Z,market,trade,TESTE,99952.23304873245,95,,,,CITI,JPM,,,
2026-04-12T21:50:00.898Z,market,trade,TESTE,99957.72831109806,135,,,,BARCL,CITI,,,
2026-04-12T21:50:01.052Z,market,trade,TESTE,99947.21460973425,157,,,,ITAU,UBS,,,
2026-04-12T21:50:01.212Z,market,trade,TESTE,99951.30438065896,127,,,,MS,BTG,,,
2026-04-12T21:50:01.364Z,market,trade,TESTE,99956.41105412309,152,,,,BARCL,CS,,,
2026-04-12T21:50:01.514Z,market,trade,TESTE,99943.62539038665,7,,,,ITAU,UBS,,,
2026-04-12T21:50:01.679Z,market,trade,TESTE,99954.40819156912,160,,,,BARCL,GOLDM,,,
2026-04-12T21:50:01.844Z,market,trade,TESTE,99946.21489994855,67,,,,BTG,XP,,,
2026-04-12T21:50:01.996Z,market,trade,TESTE,99945.73124016136,101,,,,XP,CITI,,,
2026-04-12T21:50:02.148Z,market,trade,TESTE,99954.55629184906,42,,,,JPM,BTG,,,
2026-04-12T21:50:02.304Z,market,trade,TESTE,99957.05185546473,65,,,,MS,BARCL,,,
2026-04-12T21:50:02.461Z,market,trade,TESTE,99955.14423368375,147,,,,ITAU,XP,,,
2026-04-12T21:50:02.614Z,market,trade,TESTE,99944.35755246083,162,,,,CITI,JPM,,,
2026-04-12T21:50:02.766Z,market,trade,TESTE,99956.85800161313,170,,,,MS,ITAU,,,
2026-04-12T21:50:02.930Z,market,trade,TESTE,99953.87131445356,16,,,,UBS,XP,,,
2026-04-12T21:50:03.095Z,market,trade,TESTE,99955.4645280878,176,,,,XP,CITI,,,
2026-04-12T21:50:03.248Z,market,trade,TESTE,99942.70358757988,162,,,,MS,GOLDM,,,
2026-04-12T21:50:03.413Z,market,trade,TESTE,99952.53067778864,22,,,,BARCL,ITAU,,,
2026-04-12T21:50:03.565Z,market,trade,TESTE,99943.47702631856,94,,,,CS,ITAU,,,
2026-04-12T21:50:03.731Z,market,trade,TESTE,99957.2391681798,110,,,,ITAU,GOLDM,,,
2026-04-12T21:50:03.882Z,market,trade,TESTE,99942.75039827859,80,,,,CS,UBS,,,
2026-04-12T21:50:04.047Z,market,trade,TESTE,99952.90877184915,36,,,,GOLDM,ITAU,,,
2026-04-12T21:50:04.199Z,market,trade,TESTE,99939.66733578581,113,,,,GOLDM,MS,,,
2026-04-12T21:50:04.364Z,market,trade,TESTE,99949.09145322847,27,,,,ITAU,MS,,,
2026-04-12T21:50:04.516Z,market,trade,TESTE,99944.05787088489,76,,,,XP,MS,,,
2026-04-12T21:50:04.681Z,market,trade,TESTE,99941.34719685232,15,,,,GOLDM,UBS,,,
2026-04-12T21:50:04.832Z,market,trade,TESTE,99937.85006531182,189,,,,ITAU,BARCL,,,
2026-04-12T21:50:04.983Z,market,trade,TESTE,99933.62531681753,25,,,,ITAU,BARCL,,,
2026-04-12T21:50:05.136Z,market,trade,TESTE,99937.32330677654,184,,,,CS,JPM,,,
2026-04-12T21:50:05.298Z,market,trade,TESTE,99948.59202903905,49,,,,CITI,BTG,,,
2026-04-12T21:50:05.449Z,market,trade,TESTE,99946.72091717533,27,,,,BTG,JPM,,,
2026-04-12T21:50:05.614Z,market,trade,TESTE,99936.60066593987,62,,,,XP,CS,,,
2026-04-12T21:50:05.766Z,market,trade,TESTE,99944.1496669888,7,,,,CS,BTG,,,
2026-04-12T21:50:05.930Z,market,trade,TESTE,99937.53799614015,117,,,,BTG,JPM,,,
2026-04-12T21:50:06.085Z,market,trade,TESTE,99944.33544064584,63,,,,BTG,XP,,,
2026-04-12T21:50:06.246Z,market,trade,TESTE,99948.46818699919,171,,,,JPM,UBS,,,
2026-04-12T21:50:06.413Z,market,trade,TESTE,99952.5608565412,78,,,,ITAU,BTG,,,
2026-04-12T21:50:06.564Z,market,trade,TESTE,99942.72254632285,67,,,,GOLDM,CITI,,,
2026-04-12T21:50:06.729Z,market,trade,TESTE,99952.9477584,87,,,,XP,BTG,,,
2026-04-12T21:50:06.894Z,market,trade,TESTE,99938.82058807602,108,,,,UBS,MS,,,
2026-04-12T21:50:07.046Z,market,trade,TESTE,99951.87516179506,152,,,,UBS,MS,,,
2026-04-12T21:50:07.197Z,market,trade,TESTE,99950.52281107528,122,,,,XP,MS,,,
2026-04-12T21:50:07.363Z,market,trade,TESTE,99936.61547805497,117,,,,UBS,JPM,,,
2026-04-12T21:50:07.514Z,market,trade,TESTE,99934.46612394042,84,,,,BARCL,MS,,,
2026-04-12T21:50:07.678Z,market,trade,TESTE,99947.04948738357,160,,,,JPM,XP,,,
2026-04-12T21:50:07.829Z,market,trade,TESTE,99939.09194850443,108,,,,ITAU,JPM,,,
2026-04-12T21:50:07.994Z,market,trade,TESTE,99942.97987569703,22,,,,MS,CITI,,,
2026-04-12T21:50:08.149Z,market,trade,TESTE,99951.16558769898,50,,,,MS,BARCL,,,
2026-04-12T21:50:08.312Z,market,trade,TESTE,99947.32390035302,55,,,,BTG,MS,,,
2026-04-12T21:50:08.464Z,market,trade,TESTE,99940.18659887093,85,,,,BARCL,MS,,,
2026-04-12T21:50:08.630Z,market,trade,TESTE,99950.95397514325,174,,,,GOLDM,MS,,,
2026-04-12T21:50:08.782Z,market,trade,TESTE,99955.84421523155,187,,,,MS,BTG,,,
2026-04-12T21:50:08.932Z,market,trade,TESTE,99943.36158757929,181,,,,BTG,CS,,,
2026-04-12T21:50:09.083Z,market,trade,TESTE,99948.72679965524,169,,,,MS,CITI,,,
2026-04-12T21:50:09.246Z,market,trade,TESTE,99942.69980325513,184,,,,GOLDM,MS,,,
2026-04-12T21:50:09.397Z,market,trade,TESTE,99941.66959826068,49,,,,CS,MS,,,
2026-04-12T21:50:09.550Z,market,trade,TESTE,99954.71425010088,190,,,,CITI,UBS,,,
2026-04-12T21:50:09.712Z,market,trade,TESTE,99947.93310554331,173,,,,BARCL,CITI,,,
2026-04-12T21:50:09.862Z,market,trade,TESTE,99949.25613375055,195,,,,XP,BARCL,,,
2026-04-12T21:50:10.014Z,market,trade,TESTE,99959.45408294034,20,,,,BTG,UBS,,,
2026-04-12T21:50:10.164Z,market,trade,TESTE,99956.15782634904,111,,,,XP,CITI,,,
2026-04-12T21:50:10.329Z,market,trade,TESTE,99951.51582641392,184,,,,XP,BTG,,,
2026-04-12T21:50:10.479Z,market,trade,TESTE,99939.87166598393,41,,,,MS,CS,,,
2026-04-12T21:50:10.630Z,market,trade,TESTE,99945.49554491436,149,,,,CITI,GOLDM,,,
2026-04-12T21:50:10.795Z,market,trade,TESTE,99937.94289467964,142,,,,JPM,CS,,,
2026-04-12T21:50:10.948Z,market,trade,TESTE,99950.2236493983,147,,,,MS,BTG,,,
2026-04-12T21:50:11.113Z,market,trade,TESTE,99936.19557932214,99,,,,GOLDM,ITAU,,,
2026-04-12T21:50:11.264Z,market,trade,TESTE,99933.32459638125,118,,,,CS,JPM,,,
2026-04-12T21:50:11.430Z,market,trade,TESTE,99942.58889955678,28,,,,JPM,XP,,,
2026-04-12T21:50:11.581Z,market,trade,TESTE,99947.14071036283,182,,,,XP,MS,,,
2026-04-12T21:50:11.733Z,market,trade,TESTE,99937.10364093324,55,,,,UBS,CS,,,
2026-04-12T21:50:11.896Z,market,trade,TESTE,99936.77541343753,74,,,,XP,UBS,,,
2026-04-12T21:50:12.048Z,market,trade,TESTE,99931.82242323428,33,,,,MS,UBS,,,
2026-04-12T21:50:12.200Z,market,trade,TESTE,99934.23981051038,79,,,,CS,MS,,,
2026-04-12T21:50:12.365Z,market,trade,TESTE,99933.07077609896,126,,,,CS,MS,,,
2026-04-12T21:50:12.517Z,market,trade,TESTE,99940.87794449009,45,,,,ITAU,UBS,,,
2026-04-12T21:50:12.667Z,market,trade,TESTE,99942.89672868977,34,,,,MS,ITAU,,,
2026-04-12T21:50:12.830Z,market,trade,TESTE,99933.77215978598,22,,,,BTG,CS,,,
2026-04-12T21:50:12.981Z,market,trade,TESTE,99936.42218861838,151,,,,UBS,MS,,,
2026-04-12T21:50:13.133Z,market,trade,TESTE,99938.44826789106,52,,,,CS,XP,,,
2026-04-12T21:50:13.298Z,market,trade,TESTE,99951.42632789865,196,,,,CS,MS,,,
2026-04-12T21:50:13.473Z,market,trade,TESTE,99937.85879508048,141,,,,BTG,BARCL,,,
2026-04-12T21:50:13.659Z,market,trade,TESTE,99941.48325755203,136,,,,CS,UBS,,,
2026-04-12T21:50:13.812Z,market,trade,TESTE,99956.10475778076,92,,,,JPM,CS,,,
2026-04-12T21:50:13.969Z,market,trade,TESTE,99942.5478989538,176,,,,XP,BARCL,,,
2026-04-12T21:50:14.128Z,market,trade,TESTE,99944.18616453203,50,,,,BTG,BTG,,,
2026-04-12T21:50:14.279Z,market,trade,TESTE,99940.38321813932,173,,,,GOLDM,CS,,,
2026-04-12T21:50:14.430Z,market,trade,TESTE,99952.54092154064,17,,,,GOLDM,GOLDM,,,
2026-04-12T21:50:14.596Z,market,trade,TESTE,99939.926427024,97,,,,CS,BARCL,,,
2026-04-12T21:50:14.747Z,market,trade,TESTE,99944.06491634033,167,,,,CS,CITI,,,
2026-04-12T21:50:14.913Z,market,trade,TESTE,99946.62112203505,71,,,,XP,CITI,,,
2026-04-12T21:50:15.063Z,market,trade,TESTE,99956.90731650987,164,,,,MS,BARCL,,,
2026-04-12T21:50:15.214Z,market,trade,TESTE,99952.21509477413,60,,,,BTG,JPM,,,
2026-04-12T21:50:15.379Z,market,trade,TESTE,99953.78895757072,27,,,,CITI,BARCL,,,
2026-04-12T21:50:15.546Z,market,trade,TESTE,99951.31713884675,27,,,,MS,MS,,,
2026-04-12T21:50:15.712Z,market,trade,TESTE,99952.10969463906,44,,,,UBS,CS,,,
2026-04-12T21:50:15.864Z,market,trade,TESTE,99956.24296035248,137,,,,BTG,UBS,,,
2026-04-12T21:50:16.015Z,market,trade,TESTE,99955.74407053563,65,,,,BARCL,JPM,,,
2026-04-12T21:50:16.179Z,market,trade,TESTE,99947.0879221666,192,,,,UBS,MS,,,
2026-04-12T21:50:16.330Z,market,trade,TESTE,99942.4536484753,51,,,,CS,UBS,,,
2026-04-12T21:50:16.480Z,market,trade,TESTE,99939.50356668688,22,,,,CS,GOLDM,,,
2026-04-12T21:50:16.646Z,market,trade,TESTE,99936.6729956087,127,,,,ITAU,BARCL,,,
2026-04-12T21:50:16.797Z,market,trade,TESTE,99939.61424517397,185,,,,MS,GOLDM,,,
2026-04-12T21:50:16.948Z,market,trade,TESTE,99952.83361654726,119,,,,CITI,BTG,,,
2026-04-12T21:50:17.113Z,market,trade,TESTE,99949.70907471287,197,,,,MS,XP,,,
2026-04-12T21:50:17.264Z,market,trade,TESTE,99944.86030051124,92,,,,BTG,XP,,,
2026-04-12T21:50:17.426Z,market,trade,TESTE,99935.61909404963,15,,,,BTG,XP,,,
2026-04-12T21:50:17.579Z,market,trade,TESTE,99947.13786797911,174,,,,BARCL,JPM,,,
2026-04-12T21:50:17.730Z,market,trade,TESTE,99946.04345604396,60,,,,MS,GOLDM,,,
2026-04-12T21:50:17.880Z,market,trade,TESTE,99945.7405059642,177,,,,CS,BARCL,,,
2026-04-12T21:50:18.044Z,market,trade,TESTE,99932.75324388372,193,,,,GOLDM,GOLDM,,,
2026-04-12T21:50:18.201Z,market,trade,TESTE,99946.30512149997,11,,,,CITI,BARCL,,,
2026-04-12T21:50:18.366Z,market,trade,TESTE,99935.39675399536,129,,,,BARCL,CS,,,
2026-04-12T21:50:18.517Z,market,trade,TESTE,99936.55303531566,57,,,,BTG,BARCL,,,
2026-04-12T21:50:18.681Z,market,trade,TESTE,99942.26110131892,141,,,,GOLDM,CITI,,,
2026-04-12T21:50:18.847Z,market,trade,TESTE,99946.97402999125,56,,,,XP,JPM,,,
2026-04-12T21:50:18.999Z,market,trade,TESTE,99939.61972788635,25,,,,GOLDM,BARCL,,,
2026-04-12T21:50:19.164Z,market,trade,TESTE,99940.69197200586,128,,,,GOLDM,ITAU,,,
2026-04-12T21:50:19.317Z,market,trade,TESTE,99947.07487164848,195,,,,GOLDM,UBS,,,
2026-04-12T21:50:19.481Z,market,trade,TESTE,99940.89351453673,194,,,,MS,XP,,,
2026-04-12T21:50:19.633Z,market,trade,TESTE,99946.74393921942,189,,,,BTG,GOLDM,,,
2026-04-12T21:50:19.798Z,market,trade,TESTE,99932.52273037028,7,,,,GOLDM,BTG,,,
2026-04-12T21:50:19.950Z,market,trade,TESTE,99947.21116096867,5,,,,CS,CITI,,,
2026-04-12T21:50:20.112Z,market,trade,TESTE,99948.50204687158,176,,,,BARCL,CS,,,
2026-04-12T21:50:20.263Z,market,trade,TESTE,99946.5408627714,165,,,,CITI,ITAU,,,
2026-04-12T21:50:20.422Z,market,trade,TESTE,99936.36760272231,39,,,,UBS,XP,,,
2026-04-12T21:50:20.579Z,market,trade,TESTE,99947.77222136712,19,,,,GOLDM,JPM,,,
2026-04-12T21:50:20.733Z,market,trade,TESTE,99949.23884312622,191,,,,UBS,GOLDM,,,
2026-04-12T21:50:20.884Z,market,trade,TESTE,99949.79271698375,144,,,,UBS,ITAU,,,
2026-04-12T21:50:21.049Z,market,trade,TESTE,99940.35027081126,194,,,,BTG,CITI,,,
2026-04-12T21:50:21.200Z,market,trade,TESTE,99942.7188979691,157,,,,XP,BARCL,,,
2026-04-12T21:50:21.365Z,market,trade,TESTE,99944.09772670538,106,,,,CS,XP,,,
2026-04-12T21:50:21.530Z,market,trade,TESTE,99957.1917090776,146,,,,ITAU,ITAU,,,
2026-04-12T21:50:21.682Z,market,trade,TESTE,99959.97956148835,162,,,,GOLDM,CS,,,
2026-04-12T21:50:21.833Z,market,trade,TESTE,99952.97043931967,34,,,,GOLDM,BTG,,,
2026-04-12T21:50:21.997Z,market,trade,TESTE,99962.89890784209,22,,,,GOLDM,XP,,,
2026-04-12T21:50:22.149Z,market,trade,TESTE,99950.64201615272,38,,,,JPM,UBS,,,
2026-04-12T21:50:22.314Z,market,trade,TESTE,99964.46513395337,184,,,,CITI,ITAU,,,
2026-04-12T21:50:22.466Z,market,trade,TESTE,99951.83176195013,134,,,,CS,BTG,,,
2026-04-12T21:50:22.630Z,market,trade,TESTE,99960.36083168731,44,,,,BTG,UBS,,,
2026-04-12T21:50:22.782Z,market,trade,TESTE,99959.74853677735,9,,,,BARCL,JPM,,,
2026-04-12T21:50:22.934Z,market,trade,TESTE,99952.92246389459,112,,,,UBS,CS,,,
2026-04-12T21:50:23.098Z,market,trade,TESTE,99949.20232055082,27,,,,ITAU,XP,,,
2026-04-12T21:50:23.263Z,market,trade,TESTE,99950.11401473847,170,,,,MS,BARCL,,,
2026-04-12T21:50:23.425Z,market,trade,TESTE,99946.5586047155,135,,,,BTG,MS,,,
2026-04-12T21:50:23.579Z,market,trade,TESTE,99954.92949160509,76,,,,ITAU,ITAU,,,
2026-04-12T21:50:23.735Z,market,trade,TESTE,99942.49630409623,93,,,,UBS,JPM,,,
2026-04-12T21:50:23.890Z,market,trade,TESTE,99951.82048231282,144,,,,XP,ITAU,,,
2026-04-12T21:50:24.050Z,market,trade,TESTE,99944.62060575902,128,,,,BTG,BARCL,,,
2026-04-12T21:50:24.201Z,market,trade,TESTE,99947.28782497923,25,,,,BARCL,GOLDM,,,
2026-04-12T21:50:24.351Z,market,trade,TESTE,99960.25507082664,160,,,,XP,CITI,,,
2026-04-12T21:50:24.515Z,market,trade,TESTE,99945.97025527497,182,,,,BTG,BARCL,,,
2026-04-12T21:50:24.681Z,market,trade,TESTE,99953.4488479289,42,,,,BARCL,XP,,,
2026-04-12T21:50:24.847Z,market,trade,TESTE,99938.9050864014,136,,,,BTG,BARCL,,,
2026-04-12T21:50:25.012Z,market,trade,TESTE,99945.85971630861,98,,,,CITI,ITAU,,,
2026-04-12T21:50:25.164Z,market,trade,TESTE,99941.92987476851,162,,,,BTG,MS,,,
2026-04-12T21:50:25.317Z,market,trade,TESTE,99939.38814155813,160,,,,ITAU,CITI,,,
2026-04-12T21:50:25.480Z,market,trade,TESTE,99934.11349832418,21,,,,CITI,CS,,,
2026-04-12T21:50:25.631Z,market,trade,TESTE,99945.85860669652,91,,,,ITAU,ITAU,,,
2026-04-12T21:50:25.796Z,market,trade,TESTE,99949.35855552937,148,,,,CITI,CS,,,
2026-04-12T21:50:25.949Z,market,trade,TESTE,99939.68555449367,50,,,,BARCL,BARCL,,,
2026-04-12T21:50:26.112Z,market,trade,TESTE,99950.0195462867,39,,,,CS,BARCL,,,
2026-04-12T21:50:26.263Z,market,trade,TESTE,99950.94270904026,125,,,,UBS,UBS,,,
2026-04-12T21:50:26.414Z,market,trade,TESTE,99944.71160339838,39,,,,BARCL,JPM,,,
2026-04-12T21:50:26.579Z,market,trade,TESTE,99956.91109209388,133,,,,CS,JPM,,,
2026-04-12T21:50:26.730Z,market,trade,TESTE,99945.12919431586,38,,,,CITI,CITI,,,
2026-04-12T21:50:26.881Z,market,trade,TESTE,99951.02542838032,105,,,,BTG,XP,,,
2026-04-12T21:50:27.033Z,market,trade,TESTE,99953.38136639172,191,,,,JPM,MS,,,
2026-04-12T21:50:27.183Z,market,trade,TESTE,99956.90589907776,60,,,,CITI,BTG,,,
2026-04-12T21:50:27.349Z,market,trade,TESTE,99955.36611944051,187,,,,XP,GOLDM,,,
2026-04-12T21:50:27.514Z,market,trade,TESTE,99950.0583130299,113,,,,BARCL,ITAU,,,
2026-04-12T21:50:27.680Z,market,trade,TESTE,99962.41348761303,5,,,,CS,BTG,,,
2026-04-12T21:50:27.832Z,market,trade,TESTE,99965.7613133855,70,,,,JPM,ITAU,,,
2026-04-12T21:50:27.982Z,market,trade,TESTE,99954.33563723092,160,,,,UBS,JPM,,,
2026-04-12T21:50:28.147Z,market,trade,TESTE,99955.82294071463,122,,,,CITI,UBS,,,
2026-04-12T21:50:28.303Z,market,trade,TESTE,99962.95515358461,199,,,,XP,CS,,,
2026-04-12T21:50:28.463Z,market,trade,TESTE,99961.694827383,139,,,,XP,ITAU,,,
2026-04-12T21:50:28.630Z,market,trade,TESTE,99951.64183123404,187,,,,UBS,BARCL,,,
2026-04-12T21:50:28.781Z,market,trade,TESTE,99961.99887888141,44,,,,UBS,ITAU,,,
2026-04-12T21:50:28.934Z,market,trade,TESTE,99950.33253193366,195,,,,CITI,XP,,,
2026-04-12T21:50:29.096Z,market,trade,TESTE,99964.37771420443,71,,,,CS,XP,,,
2026-04-12T21:50:29.247Z,market,trade,TESTE,99964.95725558932,175,,,,BARCL,ITAU,,,
2026-04-12T21:50:29.412Z,market,trade,TESTE,99964.96328119944,196,,,,BTG,CITI,,,
2026-04-12T21:50:29.564Z,market,trade,TESTE,99956.37472123947,197,,,,UBS,GOLDM,,,
2026-04-12T21:50:29.728Z,market,trade,TESTE,99958.37499215543,59,,,,BTG,UBS,,,
2026-04-12T21:50:29.879Z,market,trade,TESTE,99966.59268324285,180,,,,GOLDM,UBS,,,
2026-04-12T21:50:30.030Z,market,trade,TESTE,99964.00067901237,15,,,,BTG,BTG,,,
2026-04-12T21:50:30.195Z,market,trade,TESTE,99959.64444764816,6,,,,CS,JPM,,,
2026-04-12T21:50:30.346Z,market,trade,TESTE,99952.38499483479,42,,,,BARCL,UBS,,,
2026-04-12T21:50:30.496Z,market,trade,TESTE,99953.88891140887,26,,,,UBS,UBS,,,
2026-04-12T21:50:30.662Z,market,trade,TESTE,99952.86184961216,22,,,,ITAU,BTG,,,
2026-04-12T21:50:30.814Z,market,trade,TESTE,99966.57815442471,115,,,,JPM,JPM,,,
2026-04-12T21:50:30.977Z,market,trade,TESTE,99958.39614949301,99,,,,BARCL,JPM,,,
2026-04-12T21:50:31.129Z,market,trade,TESTE,99956.9648203282,82,,,,ITAU,MS,,,
2026-04-12T21:50:31.280Z,market,trade,TESTE,99969.52174542843,169,,,,CS,BARCL,,,
2026-04-12T21:50:31.430Z,market,trade,TESTE,99965.74577359199,95,,,,JPM,CITI,,,
2026-04-12T21:50:31.597Z,market,trade,TESTE,99952.03610945898,72,,,,MS,XP,,,
2026-04-12T21:50:31.747Z,market,trade,TESTE,99958.23119609605,102,,,,UBS,MS,,,
2026-04-12T21:50:31.912Z,market,trade,TESTE,99959.0039348433,183,,,,CITI,CITI,,,
2026-04-12T21:50:32.069Z,market,trade,TESTE,99957.87012519453,114,,,,BARCL,BARCL,,,
2026-04-12T21:50:32.229Z,market,trade,TESTE,99949.47966203297,38,,,,ITAU,BARCL,,,
2026-04-12T21:50:32.380Z,market,trade,TESTE,99948.43116031135,200,,,,JPM,BTG,,,
2026-04-12T21:50:32.539Z,market,trade,TESTE,99956.12826993776,108,,,,BTG,CITI,,,
2026-04-12T21:50:32.698Z,market,trade,TESTE,99944.82477088948,96,,,,MS,MS,,,
2026-04-12T21:50:32.863Z,market,trade,TESTE,99951.40852961702,182,,,,GOLDM,BARCL,,,
2026-04-12T21:50:33.014Z,market,trade,TESTE,99953.89251305573,32,,,,MS,MS,,,
2026-04-12T21:50:33.179Z,market,trade,TESTE,99940.56686224708,151,,,,GOLDM,GOLDM,,,
2026-04-12T21:50:33.343Z,market,trade,TESTE,99945.62043428974,126,,,,UBS,GOLDM,,,
2026-04-12T21:50:33.524Z,market,trade,TESTE,99948.42184024095,135,,,,JPM,CS,,,
2026-04-12T21:50:33.691Z,market,trade,TESTE,99946.05149905637,195,,,,ITAU,UBS,,,
2026-04-12T21:50:33.846Z,market,trade,TESTE,99941.60900849165,155,,,,JPM,BARCL,,,
2026-04-12T21:50:33.997Z,market,trade,TESTE,99938.01081986315,105,,,,BARCL,GOLDM,,,
2026-04-12T21:50:34.162Z,market,trade,TESTE,99934.182614041,183,,,,JPM,CITI,,,
2026-04-12T21:50:34.327Z,market,trade,TESTE,99931.2705595021,60,,,,GOLDM,MS,,,
2026-04-12T21:50:34.480Z,market,trade,TESTE,99923.3823495398,148,,,,XP,GOLDM,,,
2026-04-12T21:50:34.641Z,market,trade,TESTE,99928.21703999904,145,,,,CS,UBS,,,
2026-04-12T21:50:34.793Z,market,trade,TESTE,99930.87205867929,73,,,,GOLDM,XP,,,
2026-04-12T21:50:34.947Z,market,trade,TESTE,99931.2972116422,118,,,,XP,CS,,,
2026-04-12T21:50:35.109Z,market,trade,TESTE,99930.20864123585,22,,,,MS,UBS,,,
2026-04-12T21:50:35.261Z,market,trade,TESTE,99931.25254754254,96,,,,JPM,XP,,,
2026-04-12T21:50:35.412Z,market,trade,TESTE,99944.6547880245,100,,,,XP,BARCL,,,
2026-04-12T21:50:35.564Z,market,trade,TESTE,99936.87976872564,66,,,,XP,BTG,,,
2026-04-12T21:50:35.716Z,market,trade,TESTE,99948.85462273525,41,,,,BTG,ITAU,,,
2026-04-12T21:50:35.866Z,market,trade,TESTE,99940.38872653693,30,,,,ITAU,CITI,,,
2026-04-12T21:50:36.033Z,market,trade,TESTE,99937.18375063832,175,,,,CS,BTG,,,
2026-04-12T21:50:36.184Z,market,trade,TESTE,99942.52315658472,35,,,,GOLDM,CS,,,
2026-04-12T21:50:36.337Z,market,trade,TESTE,99934.47950728855,141,,,,CITI,GOLDM,,,
2026-04-12T21:50:36.497Z,market,trade,TESTE,99945.67009084091,111,,,,ITAU,BARCL,,,
2026-04-12T21:50:36.648Z,market,trade,TESTE,99943.78707005836,197,,,,BTG,GOLDM,,,
2026-04-12T21:50:36.812Z,market,trade,TESTE,99934.95901998375,103,,,,BTG,MS,,,
2026-04-12T21:50:36.968Z,market,trade,TESTE,99940.51816323084,200,,,,CITI,BTG,,,
2026-04-12T21:50:37.129Z,market,trade,TESTE,99929.60846868249,20,,,,GOLDM,UBS,,,
2026-04-12T21:50:37.280Z,market,trade,TESTE,99934.9929954644,100,,,,GOLDM,BTG,,,
2026-04-12T21:50:37.431Z,market,trade,TESTE,99938.77772886567,78,,,,BARCL,CS,,,
2026-04-12T21:50:37.596Z,market,trade,TESTE,99934.66147689836,65,,,,CITI,BTG,,,
2026-04-12T21:50:37.746Z,market,trade,TESTE,99919.71533183227,7,,,,JPM,ITAU,,,
2026-04-12T21:50:37.897Z,market,trade,TESTE,99934.45535382745,48,,,,ITAU,CITI,,,
2026-04-12T21:50:38.062Z,market,trade,TESTE,99928.54366699631,23,,,,GOLDM,XP,,,
2026-04-12T21:50:38.213Z,market,trade,TESTE,99936.38431391375,115,,,,GOLDM,MS,,,
2026-04-12T21:50:38.364Z,market,trade,TESTE,99927.37911910255,134,,,,MS,JPM,,,
2026-04-12T21:50:38.527Z,market,trade,TESTE,99932.65637093264,99,,,,XP,ITAU,,,
2026-04-12T21:50:38.686Z,market,trade,TESTE,99923.794933901,187,,,,BARCL,BARCL,,,
2026-04-12T21:50:38.846Z,market,trade,TESTE,99937.41230318324,157,,,,ITAU,JPM,,,
2026-04-12T21:50:38.996Z,market,trade,TESTE,99933.44378177295,92,,,,UBS,JPM,,,
2026-04-12T21:50:39.162Z,market,trade,TESTE,99927.90949806407,133,,,,CS,UBS,,,
2026-04-12T21:50:39.314Z,market,trade,TESTE,99936.03083530479,191,,,,CITI,ITAU,,,
2026-04-12T21:50:39.479Z,market,trade,TESTE,99926.17375312133,61,,,,CITI,BARCL,,,
2026-04-12T21:50:39.630Z,market,trade,TESTE,99929.245637418,42,,,,BARCL,BTG,,,
2026-04-12T21:50:39.794Z,market,trade,TESTE,99937.86417624755,26,,,,XP,BARCL,,,
2026-04-12T21:50:39.952Z,market,trade,TESTE,99927.6298692925,54,,,,BARCL,JPM,,,
2026-04-12T21:50:40.138Z,market,trade,TESTE,99933.2422389996,113,,,,ITAU,ITAU,,,
2026-04-12T21:50:40.296Z,market,trade,TESTE,99927.58137800843,46,,,,BARCL,MS,,,
2026-04-12T21:50:40.447Z,market,trade,TESTE,99939.89700302368,162,,,,MS,ITAU,,,
2026-04-12T21:50:40.605Z,market,trade,TESTE,99940.20433305473,64,,,,CITI,BTG,,,
2026-04-12T21:50:40.761Z,market,trade,TESTE,99943.72779134258,90,,,,BARCL,BARCL,,,
2026-04-12T21:50:40.914Z,market,trade,TESTE,99941.93779031618,150,,,,CITI,BARCL,,,
2026-04-12T21:50:41.066Z,market,trade,TESTE,99942.24388345267,143,,,,CS,MS,,,
2026-04-12T21:50:41.219Z,market,trade,TESTE,99939.9995742348,59,,,,MS,JPM,,,
2026-04-12T21:50:41.377Z,market,trade,TESTE,99930.24604053044,130,,,,JPM,CITI,,,
2026-04-12T21:50:41.528Z,market,trade,TESTE,99928.15187526592,13,,,,BARCL,XP,,,
2026-04-12T21:50:41.694Z,market,trade,TESTE,99932.868178447,124,,,,MS,CITI,,,
2026-04-12T21:50:41.847Z,market,trade,TESTE,99934.44640313783,8,,,,JPM,UBS,,,
2026-04-12T21:50:42.012Z,market,trade,TESTE,99930.36712789926,120,,,,XP,CITI,,,
2026-04-12T21:50:42.163Z,market,trade,TESTE,99940.34609895576,18,,,,BTG,JPM,,,
2026-04-12T21:50:42.329Z,market,trade,TESTE,99931.00124360756,12,,,,CITI,BARCL,,,
2026-04-12T21:50:42.495Z,market,trade,TESTE,99932.01132586764,16,,,,BTG,CITI,,,
2026-04-12T21:50:42.660Z,market,trade,TESTE,99946.17359742525,75,,,,CITI,XP,,,
2026-04-12T21:50:42.813Z,market,trade,TESTE,99934.32086204606,166,,,,BTG,CITI,,,
2026-04-12T21:50:42.978Z,market,trade,TESTE,99933.01285474047,39,,,,BARCL,CS,,,
2026-04-12T21:50:43.131Z,market,trade,TESTE,99935.37291148005,135,,,,GOLDM,BTG,,,
2026-04-12T21:50:43.284Z,market,trade,TESTE,99938.7153838912,125,,,,JPM,BTG,,,
2026-04-12T21:50:43.449Z,market,trade,TESTE,99948.11147011319,93,,,,CITI,MS,,,
2026-04-12T21:50:43.612Z,market,trade,TESTE,99952.72297242274,81,,,,CS,ITAU,,,
2026-04-12T21:50:43.791Z,market,trade,TESTE,99957.5492668326,188,,,,BARCL,MS,,,
2026-04-12T21:50:43.946Z,market,trade,TESTE,99956.84695207543,49,,,,CS,CS,,,
2026-04-12T21:50:44.097Z,market,trade,TESTE,99948.59687833571,71,,,,BARCL,JPM,,,
2026-04-12T21:50:44.251Z,market,trade,TESTE,99949.59939684154,51,,,,BTG,BTG,,,
2026-04-12T21:50:44.413Z,market,trade,TESTE,99951.94135371302,190,,,,GOLDM,CITI,,,
2026-04-12T21:50:44.576Z,market,trade,TESTE,99961.40807166253,130,,,,BARCL,CITI,,,
2026-04-12T21:50:44.731Z,market,trade,TESTE,99951.85587557426,163,,,,XP,BARCL,,,
2026-04-12T21:50:44.883Z,market,trade,TESTE,99959.69670502175,132,,,,GOLDM,JPM,,,
2026-04-12T21:50:45.042Z,market,trade,TESTE,99948.5692918644,115,,,,CS,ITAU,,,
2026-04-12T21:50:45.202Z,market,trade,TESTE,99961.12359241772,35,,,,BARCL,CS,,,
2026-04-12T21:50:45.361Z,market,trade,TESTE,99951.99882195462,169,,,,BARCL,CITI,,,
2026-04-12T21:50:45.518Z,market,trade,TESTE,99949.07609229181,22,,,,XP,JPM,,,
2026-04-12T21:50:45.677Z,market,trade,TESTE,99955.27295164362,134,,,,GOLDM,CS,,,
2026-04-12T21:50:45.842Z,market,trade,TESTE,99960.1104655274,31,,,,UBS,UBS,,,
2026-04-12T21:50:45.997Z,market,trade,TESTE,99956.46427809329,168,,,,BARCL,ITAU,,,
2026-04-12T21:50:46.157Z,market,trade,TESTE,99952.9430453282,129,,,,BARCL,BARCL,,,
2026-04-12T21:50:46.309Z,market,trade,TESTE,99938.79865768572,83,,,,BTG,JPM,,,
2026-04-12T21:50:46.476Z,market,trade,TESTE,99937.49489839375,71,,,,UBS,XP,,,
2026-04-12T21:50:46.627Z,market,trade,TESTE,99936.31604635992,146,,,,CS,CS,,,
2026-04-12T21:50:46.792Z,market,trade,TESTE,99943.77351923019,178,,,,MS,GOLDM,,,
2026-04-12T21:50:46.945Z,market,trade,TESTE,99940.30303578278,198,,,,GOLDM,CITI,,,
2026-04-12T21:50:47.105Z,market,trade,TESTE,99944.71085588896,77,,,,BARCL,ITAU,,,
2026-04-12T21:50:47.265Z,market,trade,TESTE,99929.76438921697,85,,,,MS,ITAU,,,
2026-04-12T21:50:47.417Z,market,trade,TESTE,99932.14397960437,98,,,,MS,CITI,,,
2026-04-12T21:50:47.578Z,market,trade,TESTE,99934.56626617357,53,,,,CITI,BARCL,,,
2026-04-12T21:50:47.730Z,market,trade,TESTE,99937.83557420631,57,,,,MS,UBS,,,
2026-04-12T21:50:47.880Z,market,trade,TESTE,99948.642128891,166,,,,GOLDM,BTG,,,
2026-04-12T21:50:48.032Z,market,trade,TESTE,99951.906020648,125,,,,GOLDM,CS,,,
2026-04-12T21:50:48.183Z,market,trade,TESTE,99948.71178493116,129,,,,GOLDM,ITAU,,,
2026-04-12T21:50:48.335Z,market,trade,TESTE,99949.50161324724,136,,,,UBS,XP,,,
2026-04-12T21:50:48.492Z,market,trade,TESTE,99946.67537861253,119,,,,MS,ITAU,,,
2026-04-12T21:50:48.651Z,market,trade,TESTE,99932.6460469149,177,,,,CITI,MS,,,
2026-04-12T21:50:48.815Z,market,trade,TESTE,99944.92687726954,16,,,,MS,CS,,,
2026-04-12T21:50:48.967Z,market,trade,TESTE,99929.92732166429,76,,,,JPM,CITI,,,
2026-04-12T21:50:49.121Z,market,trade,TESTE,99939.8758734702,120,,,,BTG,GOLDM,,,
2026-04-12T21:50:49.279Z,market,trade,TESTE,99926.8211365343,97,,,,BARCL,BARCL,,,
2026-04-12T21:50:49.431Z,market,trade,TESTE,99933.02004547324,88,,,,MS,GOLDM,,,
2026-04-12T21:50:49.582Z,market,trade,TESTE,99931.37945239231,130,,,,ITAU,CS,,,
2026-04-12T21:50:49.745Z,market,trade,TESTE,99920.59792410994,73,,,,CITI,BARCL,,,
2026-04-12T21:50:49.906Z,market,trade,TESTE,99916.17586646082,105,,,,BARCL,GOLDM,,,
2026-04-12T21:50:50.058Z,market,trade,TESTE,99912.17925047663,91,,,,CS,CITI,,,
2026-04-12T21:50:50.220Z,market,trade,TESTE,99918.7641498653,135,,,,JPM,BTG,,,
2026-04-12T21:50:50.379Z,market,trade,TESTE,99913.21802122009,171,,,,MS,JPM,,,
2026-04-12T21:50:50.530Z,market,trade,TESTE,99923.07875476644,133,,,,GOLDM,ITAU,,,
2026-04-12T21:50:50.694Z,market,trade,TESTE,99913.62066159435,133,,,,ITAU,GOLDM,,,
2026-04-12T21:50:50.860Z,market,trade,TESTE,99913.80848205187,73,,,,UBS,BARCL,,,
2026-04-12T21:50:51.067Z,market,trade,TESTE,99923.49180700233,178,,,,JPM,GOLDM,,,
2026-04-12T21:50:51.220Z,market,trade,TESTE,99920.38139124763,160,,,,ITAU,GOLDM,,,
2026-04-12T21:50:51.374Z,market,trade,TESTE,99922.20235583687,26,,,,UBS,JPM,,,
2026-04-12T21:50:51.540Z,market,trade,TESTE,99922.79029216521,176,,,,CITI,GOLDM,,,
2026-04-12T21:50:51.693Z,market,trade,TESTE,99918.80096285472,189,,,,ITAU,MS,,,
2026-04-12T21:50:51.843Z,market,trade,TESTE,99913.47099599915,161,,,,UBS,MS,,,
2026-04-12T21:50:51.995Z,market,trade,TESTE,99911.41677660332,198,,,,GOLDM,BTG,,,
2026-04-12T21:50:52.161Z,market,trade,TESTE,99913.24058238768,181,,,,XP,CITI,,,
