ts,topic,type,ticker,price,qty,agent,rule,label,buy_agent,sell_agent,previous_delta,current_delta,agent_name
2026-03-28T12:01:16.541Z,market,trade,TESTE,99991.40799655388,12,,,,XP,BARCL,,,
2026-03-28T12:01:16.707Z,market,trade,TESTE,99998.36652741312,10,,,,ITAU,CITI,,,
2026-03-28T12:01:16.858Z,market,flow_inversion,,,,,,,,,0,155,BTG
2026-03-28T12:01:16.858Z,market,trade,TESTE,100001.70401986793,155,,,,BTG,JPM,,,
2026-03-28T12:01:17.017Z,market,flow_inversion,,,,,,,,,0,190,UBS
2026-03-28T12:01:17.017Z,market,trade,TESTE,100003.89443709106,190,,,,UBS,BTG,,,
2026-03-28T12:01:17.180Z,market,trade,TESTE,99996.99178223324,139,,,,CITI,UBS,,,
2026-03-28T12:01:17.339Z,market,flow_inversion,,,,,,,,,0,141,GOLDM
2026-03-28T12:01:17.339Z,market,trade,TESTE,99993.08986452901,141,,,,GOLDM,ITAU,,,
2026-03-28T12:01:17.491Z,market,trade,TESTE,99995.46521116074,135,,,,BTG,CS,,,
2026-03-28T12:01:17.657Z,market,trade,TESTE,100000.62497607479,24,,,,BARCL,XP,,,
2026-03-28T12:01:17.823Z,market,trade,TESTE,99988.37010869499,171,,,,ITAU,BARCL,,,
2026-03-28T12:01:17.987Z,market,flow_inversion,,,,,,,,,190,-4,UBS
2026-03-28T12:01:17.987Z,market,trade,TESTE,99997.7653323418,194,,,,GOLDM,UBS,,,
2026-03-28T12:01:18.137Z,market,trade,TESTE,99987.81320832591,17,,,,MS,BARCL,,,
2026-03-28T12:01:18.303Z,market,trade,TESTE,99986.60342300337,147,,,,BARCL,MS,,,
2026-03-28T12:01:18.456Z,market,trade,TESTE,99984.31257411906,69,,,,MS,CS,,,
2026-03-28T12:01:18.607Z,market,trade,TESTE,99983.02365622672,51,,,,BARCL,BTG,,,
2026-03-28T12:01:18.757Z,market,trade,TESTE,99979.3514608157,99,,,,UBS,MS,,,
2026-03-28T12:01:18.908Z,market,trade,TESTE,99983.33864487051,74,,,,CITI,UBS,,,
2026-03-28T12:01:19.073Z,market,trade,TESTE,99979.66360854401,5,,,,ITAU,XP,,,
2026-03-28T12:01:19.238Z,market,flow_inversion,,,,,,,,,104,-15,BTG
2026-03-28T12:01:19.238Z,market,trade,TESTE,99987.12511978361,119,,,,JPM,BTG,,,
2026-03-28T12:01:19.401Z,market,trade,TESTE,99990.7642494334,179,,,,BARCL,JPM,,,
2026-03-28T12:01:19.566Z,market,trade,TESTE,99977.37765193645,36,,,,JPM,XP,,,
2026-03-28T12:01:19.723Z,market,trade,TESTE,99988.54662184365,110,,,,MS,JPM,,,
2026-03-28T12:01:19.887Z,market,trade,TESTE,99989.7637171798,123,,,,BARCL,MS,,,
2026-03-28T12:01:20.039Z,market,trade,TESTE,99986.34142727147,40,,,,GOLDM,XP,,,
2026-03-28T12:01:20.200Z,market,trade,TESTE,99989.41856548037,57,,,,ITAU,CS,,,
2026-03-28T12:01:20.354Z,market,trade,TESTE,99989.52348920541,165,,,,JPM,GOLDM,,,
2026-03-28T12:01:20.508Z,market,trade,TESTE,99988.12629827848,110,,,,XP,MS,,,
2026-03-28T12:01:20.659Z,market,trade,TESTE,99992.65335443024,107,,,,CS,XP,,,
2026-03-28T12:01:20.823Z,market,trade,TESTE,99990.14563456977,151,,,,BARCL,CITI,,,
2026-03-28T12:01:20.973Z,market,trade,TESTE,99977.40320874132,63,,,,JPM,UBS,,,
2026-03-28T12:01:21.123Z,market,trade,TESTE,99980.13722555086,78,,,,XP,JPM,,,
2026-03-28T12:01:21.275Z,market,trade,TESTE,99991.85876156107,127,,,,CS,CITI,,,
2026-03-28T12:01:21.439Z,market,trade,TESTE,99989.63846272005,91,,,,CS,BTG,,,
2026-03-28T12:01:21.590Z,market,trade,TESTE,99982.33987393482,170,,,,XP,BTG,,,
2026-03-28T12:01:21.740Z,market,flow_inversion,,,,,,,,,-15,3,BTG
2026-03-28T12:01:21.740Z,market,trade,TESTE,99995.96465747937,18,,,,BTG,BARCL,,,
2026-03-28T12:01:21.891Z,market,flow_inversion,,,,,,,,,-78,50,UBS
2026-03-28T12:01:21.891Z,market,trade,TESTE,99986.32723629763,128,,,,UBS,JPM,,,
2026-03-28T12:01:22.042Z,market,trade,TESTE,99981.9638600769,176,,,,BTG,MS,,,
2026-03-28T12:01:22.206Z,market,trade,TESTE,99993.02487298548,174,,,,UBS,GOLDM,,,
2026-03-28T12:01:22.358Z,market,trade,TESTE,99995.65871683529,10,,,,CS,GOLDM,,,
2026-03-28T12:01:22.519Z,market,trade,TESTE,99982.75506025548,89,,,,MS,GOLDM,,,
2026-03-28T12:01:22.672Z,market,trade,TESTE,99990.87952608669,195,,,,GOLDM,UBS,,,
2026-03-28T12:01:22.824Z,market,trade,TESTE,99986.79257272693,194,,,,MS,GOLDM,,,
2026-03-28T12:01:22.989Z,market,trade,TESTE,99980.04271038134,34,,,,UBS,BARCL,,,
2026-03-28T12:01:23.140Z,market,trade,TESTE,99975.35587767565,56,,,,CITI,GOLDM,,,
2026-03-28T12:01:23.306Z,market,trade,TESTE,99977.15793871394,154,,,,GOLDM,MS,,,
2026-03-28T12:01:23.458Z,market,trade,TESTE,99978.08400601204,162,,,,XP,ITAU,,,
2026-03-28T12:01:23.623Z,market,trade,TESTE,99979.66894151585,92,,,,XP,BTG,,,
2026-03-28T12:01:23.774Z,market,trade,TESTE,99984.18615440019,46,,,,MS,JPM,,,
2026-03-28T12:01:23.937Z,market,trade,TESTE,99986.53830479595,140,,,,UBS,JPM,,,
2026-03-28T12:01:24.090Z,market,trade,TESTE,99985.13202643211,158,,,,CS,ITAU,,,
2026-03-28T12:01:24.256Z,market,trade,TESTE,99988.09378231574,193,,,,UBS,ITAU,,,
2026-03-28T12:01:24.414Z,market,trade,TESTE,99989.60932291923,128,,,,BTG,CITI,,,
2026-03-28T12:01:24.575Z,market,trade,TESTE,99990.84023923926,15,,,,BARCL,XP,,,
2026-03-28T12:01:24.741Z,market,flow_inversion,,,,,,,,,179,-21,BTG
2026-03-28T12:01:24.741Z,market,trade,TESTE,99996.14895596936,200,,,,CITI,BTG,,,
2026-03-28T12:01:24.906Z,market,trade,TESTE,99989.17653436559,197,,,,GOLDM,JPM,,,
2026-03-28T12:01:25.070Z,market,trade,TESTE,99998.00855924826,167,,,,CITI,CS,,,
2026-03-28T12:01:25.222Z,market,trade,TESTE,100001.63558787687,125,,,,JPM,MS,,,
2026-03-28T12:01:25.374Z,market,trade,TESTE,99997.72429052941,193,,,,XP,CS,,,
2026-03-28T12:01:25.541Z,market,trade,TESTE,99996.94805102334,200,,,,JPM,XP,,,
2026-03-28T12:01:25.703Z,market,trade,TESTE,99995.22875285079,154,,,,BARCL,UBS,,,
2026-03-28T12:01:25.855Z,market,trade,TESTE,99992.01657686628,142,,,,MS,XP,,,
2026-03-28T12:01:26.021Z,market,trade,TESTE,99983.94286183799,188,,,,MS,GOLDM,,,
2026-03-28T12:01:26.174Z,market,trade,TESTE,99997.10623144863,163,,,,CITI,MS,,,
2026-03-28T12:01:26.342Z,market,trade,TESTE,99996.93663195893,59,,,,UBS,MS,,,
2026-03-28T12:01:26.497Z,market,trade,TESTE,100001.47109401734,118,,,,XP,CITI,,,
2026-03-28T12:01:26.654Z,market,trade,TESTE,99987.29924077667,177,,,,BARCL,CITI,,,
2026-03-28T12:01:26.805Z,market,trade,TESTE,99983.1385490662,68,,,,CS,CS,,,
2026-03-28T12:01:26.957Z,market,trade,TESTE,99989.7407125112,66,,,,MS,CITI,,,
2026-03-28T12:01:27.120Z,market,trade,TESTE,99980.8260549308,76,,,,CITI,XP,,,
2026-03-28T12:01:27.272Z,market,flow_inversion,,,,,,,,,-21,14,BTG
2026-03-28T12:01:27.272Z,market,trade,TESTE,99994.60242925974,35,,,,BTG,CITI,,,
2026-03-28T12:01:27.423Z,market,trade,TESTE,99984.49381441821,86,,,,XP,XP,,,
2026-03-28T12:01:27.574Z,market,trade,TESTE,99980.06818523159,95,,,,UBS,BTG,,,
2026-03-28T12:01:27.739Z,market,trade,TESTE,99994.15114042275,113,,,,CITI,ITAU,,,
2026-03-28T12:01:27.908Z,market,trade,TESTE,99998.16093189889,70,,,,XP,XP,,,
2026-03-28T12:01:28.072Z,market,trade,TESTE,99987.33203098446,165,,,,BARCL,JPM,,,
2026-03-28T12:01:28.237Z,market,trade,TESTE,100001.75764405164,40,,,,CITI,GOLDM,,,
2026-03-28T12:01:28.389Z,market,trade,TESTE,99999.57070088078,151,,,,GOLDM,BARCL,,,
2026-03-28T12:01:28.541Z,market,trade,TESTE,99993.74211259074,107,,,,JPM,UBS,,,
2026-03-28T12:01:28.703Z,market,trade,TESTE,100006.6145110334,45,,,,CS,BARCL,,,
2026-03-28T12:01:28.854Z,market,trade,TESTE,99993.89521753797,20,,,,XP,ITAU,,,
2026-03-28T12:01:29.005Z,market,trade,TESTE,100007.21228139933,170,,,,XP,MS,,,
2026-03-28T12:01:29.157Z,market,trade,TESTE,99995.14336393573,115,,,,ITAU,MS,,,
2026-03-28T12:01:29.308Z,market,trade,TESTE,100004.23269745843,80,,,,JPM,JPM,,,
2026-03-28T12:01:29.459Z,market,trade,TESTE,99995.31660793947,104,,,,GOLDM,XP,,,
2026-03-28T12:01:29.621Z,market,trade,TESTE,100004.12148662537,115,,,,XP,ITAU,,,
2026-03-28T12:01:29.787Z,market,trade,TESTE,99992.26761386389,104,,,,JPM,CITI,,,
2026-03-28T12:01:29.941Z,market,trade,TESTE,99996.25145655121,37,,,,CS,XP,,,
2026-03-28T12:01:30.106Z,market,trade,TESTE,99997.48718387914,112,,,,UBS,ITAU,,,
2026-03-28T12:01:30.256Z,market,trade,TESTE,100006.25089813347,187,,,,ITAU,GOLDM,,,
2026-03-28T12:01:30.407Z,market,trade,TESTE,99997.97008873252,181,,,,UBS,UBS,,,
2026-03-28T12:01:30.572Z,market,trade,TESTE,99995.47859505031,48,,,,CS,UBS,,,
2026-03-28T12:01:30.724Z,market,trade,TESTE,100006.0841723387,11,,,,BTG,UBS,,,
2026-03-28T12:01:30.875Z,market,trade,TESTE,99997.72143114345,60,,,,JPM,CS,,,
2026-03-28T12:01:31.037Z,market,trade,TESTE,99999.10391740894,123,,,,XP,ITAU,,,
2026-03-28T12:01:31.188Z,market,trade,TESTE,100000.53548577358,118,,,,XP,XP,,,
2026-03-28T12:01:31.339Z,market,trade,TESTE,100015.34375032768,116,,,,CITI,UBS,,,
2026-03-28T12:01:31.490Z,market,trade,TESTE,100019.36010165272,37,,,,JPM,XP,,,
2026-03-28T12:01:31.655Z,market,trade,TESTE,100016.44183909163,59,,,,XP,BARCL,,,
2026-03-28T12:01:31.820Z,market,trade,TESTE,100014.73380956327,57,,,,XP,ITAU,,,
2026-03-28T12:01:31.972Z,market,trade,TESTE,100002.35460952995,138,,,,CITI,CS,,,
2026-03-28T12:01:32.122Z,market,trade,TESTE,100005.35258978193,107,,,,CS,ITAU,,,
2026-03-28T12:01:32.276Z,market,trade,TESTE,100006.43578418583,144,,,,BARCL,XP,,,
2026-03-28T12:01:32.441Z,market,trade,TESTE,100017.58564541592,141,,,,UBS,XP,,,
2026-03-28T12:01:32.604Z,market,trade,TESTE,100007.9922871125,188,,,,MS,JPM,,,
2026-03-28T12:01:32.755Z,market,trade,TESTE,100010.8914537784,173,,,,CITI,JPM,,,
2026-03-28T12:01:32.907Z,market,trade,TESTE,100022.35865701291,81,,,,MS,BARCL,,,
2026-03-28T12:01:33.072Z,market,trade,TESTE,100016.6965207053,200,,,,JPM,MS,,,
2026-03-28T12:01:33.237Z,market,flow_inversion,,,,,,,,,25,-169,BTG
2026-03-28T12:01:33.237Z,market,trade,TESTE,100017.36900304482,194,,,,BARCL,BTG,,,
2026-03-28T12:01:33.392Z,market,trade,TESTE,100019.92618290792,62,,,,MS,JPM,,,
2026-03-28T12:01:33.547Z,market,trade,TESTE,100031.72294385712,162,,,,JPM,JPM,,,
2026-03-28T12:01:33.708Z,market,trade,TESTE,100036.588178361,140,,,,CITI,BTG,,,
2026-03-28T12:01:33.870Z,market,trade,TESTE,100040.86997745895,67,,,,GOLDM,XP,,,
2026-03-28T12:01:34.022Z,market,trade,TESTE,100045.27977551564,71,,,,JPM,CITI,,,
2026-03-28T12:01:34.177Z,market,trade,TESTE,100036.64730760606,140,,,,ITAU,BARCL,,,
2026-03-28T12:01:34.340Z,market,trade,TESTE,100044.76235365636,45,,,,UBS,JPM,,,
2026-03-28T12:01:34.505Z,market,trade,TESTE,100031.64961282196,47,,,,BARCL,UBS,,,
2026-03-28T12:01:34.657Z,market,trade,TESTE,100039.30759949458,10,,,,BARCL,XP,,,
2026-03-28T12:01:34.823Z,market,trade,TESTE,100028.5139529035,26,,,,UBS,XP,,,
2026-03-28T12:01:34.989Z,market,trade,TESTE,100035.97917984678,6,,,,GOLDM,XP,,,
2026-03-28T12:01:35.153Z,market,trade,TESTE,100023.84280528818,200,,,,GOLDM,XP,,,
2026-03-28T12:01:35.306Z,market,trade,TESTE,100028.04946480306,184,,,,UBS,CS,,,
2026-03-28T12:01:35.457Z,market,trade,TESTE,100035.126209087,27,,,,BARCL,MS,,,
2026-03-28T12:01:35.623Z,market,trade,TESTE,100030.5376265215,69,,,,BARCL,JPM,,,
2026-03-28T12:01:35.773Z,market,trade,TESTE,100024.66247402976,188,,,,UBS,GOLDM,,,
2026-03-28T12:01:35.938Z,market,trade,TESTE,100031.52543518392,15,,,,ITAU,BTG,,,
2026-03-28T12:01:36.089Z,market,trade,TESTE,100026.4746499076,198,,,,JPM,CITI,,,
2026-03-28T12:01:36.241Z,market,trade,TESTE,100033.20928482545,32,,,,BTG,GOLDM,,,
2026-03-28T12:01:36.393Z,market,trade,TESTE,100035.1051603782,124,,,,XP,CS,,,
2026-03-28T12:01:36.555Z,market,trade,TESTE,100039.81173352871,130,,,,MS,GOLDM,,,
2026-03-28T12:01:36.721Z,market,trade,TESTE,100032.33943311105,187,,,,MS,BARCL,,,
2026-03-28T12:01:36.873Z,market,trade,TESTE,100039.63890331416,37,,,,BARCL,BARCL,,,
2026-03-28T12:01:37.039Z,market,trade,TESTE,100025.78936968026,44,,,,CITI,MS,,,
2026-03-28T12:01:37.190Z,market,trade,TESTE,100035.96492337444,142,,,,UBS,UBS,,,
2026-03-28T12:01:37.355Z,market,trade,TESTE,100022.98837179343,38,,,,JPM,UBS,,,
2026-03-28T12:01:37.521Z,market,trade,TESTE,100027.83844519837,22,,,,ITAU,UBS,,,
2026-03-28T12:01:37.687Z,market,trade,TESTE,100039.94447464317,143,,,,ITAU,MS,,,
2026-03-28T12:01:37.841Z,market,trade,TESTE,100026.12700469166,118,,,,BARCL,CITI,,,
2026-03-28T12:01:38.005Z,market,trade,TESTE,100038.77986626515,87,,,,GOLDM,BTG,,,
2026-03-28T12:01:38.171Z,market,trade,TESTE,100042.07004664895,161,,,,MS,JPM,,,
2026-03-28T12:01:38.323Z,market,trade,TESTE,100037.59314029446,64,,,,ITAU,GOLDM,,,
2026-03-28T12:01:38.475Z,market,trade,TESTE,100025.24226278429,162,,,,GOLDM,BARCL,,,
2026-03-28T12:01:38.640Z,market,trade,TESTE,100036.72665849118,172,,,,GOLDM,UBS,,,
2026-03-28T12:01:38.803Z,market,trade,TESTE,100032.96850367228,42,,,,CS,UBS,,,
2026-03-28T12:01:38.958Z,market,trade,TESTE,100035.93008071884,17,,,,GOLDM,JPM,,,
2026-03-28T12:01:39.124Z,market,trade,TESTE,100025.15543784227,109,,,,JPM,BARCL,,,
2026-03-28T12:01:39.275Z,market,trade,TESTE,100032.72786163038,69,,,,BARCL,ITAU,,,
2026-03-28T12:01:39.441Z,market,trade,TESTE,100029.01250342066,84,,,,BARCL,JPM,,,
2026-03-28T12:01:39.597Z,market,trade,TESTE,100026.11894596163,151,,,,CS,CS,,,
2026-03-28T12:01:39.756Z,market,trade,TESTE,100015.14125285395,165,,,,GOLDM,JPM,,,
2026-03-28T12:01:39.914Z,market,trade,TESTE,100010.802342006,20,,,,MS,JPM,,,
2026-03-28T12:01:40.073Z,market,trade,TESTE,100005.90791005785,114,,,,JPM,BARCL,,,
2026-03-28T12:01:40.224Z,market,trade,TESTE,100004.3795305103,113,,,,XP,ITAU,,,
2026-03-28T12:01:40.381Z,market,trade,TESTE,100010.95092227138,186,,,,BARCL,BTG,,,
2026-03-28T12:01:40.538Z,market,trade,TESTE,100007.24806638973,133,,,,XP,MS,,,
2026-03-28T12:01:40.689Z,market,trade,TESTE,99993.61520368098,178,,,,JPM,MS,,,
2026-03-28T12:01:40.841Z,market,trade,TESTE,99995.46850275283,35,,,,MS,GOLDM,,,
2026-03-28T12:01:41.004Z,market,trade,TESTE,99996.6486653519,33,,,,BARCL,XP,,,
2026-03-28T12:01:41.156Z,market,trade,TESTE,100007.05810497837,181,,,,UBS,GOLDM,,,
2026-03-28T12:01:41.307Z,market,trade,TESTE,100004.18700195727,119,,,,JPM,BARCL,,,
2026-03-28T12:01:41.458Z,market,trade,TESTE,100001.80614684976,159,,,,XP,MS,,,
2026-03-28T12:01:41.609Z,market,trade,TESTE,100006.60580300124,191,,,,ITAU,ITAU,,,
2026-03-28T12:01:41.772Z,market,trade,TESTE,99999.61681545108,79,,,,CS,BTG,,,
2026-03-28T12:01:41.938Z,market,trade,TESTE,100004.06909796818,38,,,,JPM,UBS,,,
2026-03-28T12:01:42.090Z,market,trade,TESTE,100010.0848481548,58,,,,GOLDM,GOLDM,,,
2026-03-28T12:01:42.253Z,market,trade,TESTE,100010.41101938058,79,,,,JPM,BTG,,,
2026-03-28T12:01:42.416Z,market,trade,TESTE,100013.71602052337,50,,,,BTG,CITI,,,
2026-03-28T12:01:42.571Z,market,trade,TESTE,100002.74750968939,75,,,,MS,GOLDM,,,
2026-03-28T12:01:42.725Z,market,trade,TESTE,100017.55343740254,123,,,,CITI,CS,,,
2026-03-28T12:01:42.888Z,market,trade,TESTE,100004.30609398268,127,,,,ITAU,JPM,,,
2026-03-28T12:01:43.040Z,market,trade,TESTE,100009.81334086347,102,,,,GOLDM,XP,,,
2026-03-28T12:01:43.205Z,market,trade,TESTE,100010.70111264192,128,,,,BARCL,XP,,,
2026-03-28T12:01:43.369Z,market,trade,TESTE,100003.89531205244,65,,,,GOLDM,JPM,,,
2026-03-28T12:01:43.523Z,market,trade,TESTE,100014.21447428263,170,,,,ITAU,JPM,,,
2026-03-28T12:01:43.673Z,market,trade,TESTE,100017.91715047201,120,,,,CS,XP,,,
2026-03-28T12:01:43.824Z,market,trade,TESTE,100013.51009473864,152,,,,BTG,UBS,,,
2026-03-28T12:01:43.975Z,market,trade,TESTE,100001.64760986224,160,,,,JPM,CITI,,,
2026-03-28T12:01:44.126Z,market,trade,TESTE,99996.66176249825,50,,,,JPM,MS,,,
2026-03-28T12:01:44.289Z,market,trade,TESTE,100003.86404302207,182,,,,BARCL,CS,,,
2026-03-28T12:01:44.446Z,market,trade,TESTE,100005.11657459909,154,,,,JPM,CS,,,
2026-03-28T12:01:44.606Z,market,trade,TESTE,99992.40497053905,62,,,,CITI,CS,,,
2026-03-28T12:01:44.757Z,market,trade,TESTE,100004.97683172995,121,,,,BTG,XP,,,
2026-03-28T12:01:44.920Z,market,trade,TESTE,100005.62428888278,146,,,,CITI,UBS,,,
2026-03-28T12:01:45.071Z,market,trade,TESTE,100001.9398713996,102,,,,CS,CITI,,,
2026-03-28T12:01:45.223Z,market,trade,TESTE,99998.05517556967,170,,,,GOLDM,JPM,,,
2026-03-28T12:01:45.385Z,market,trade,TESTE,100001.90898749723,71,,,,BTG,XP,,,
2026-03-28T12:01:45.537Z,market,trade,TESTE,99997.96970201335,5,,,,MS,UBS,,,
2026-03-28T12:01:45.691Z,market,trade,TESTE,99989.06867573955,115,,,,MS,BARCL,,,
2026-03-28T12:01:45.854Z,market,trade,TESTE,99985.41819469977,45,,,,GOLDM,JPM,,,
2026-03-28T12:01:46.020Z,market,trade,TESTE,99985.85031583493,102,,,,CITI,CS,,,
2026-03-28T12:01:46.173Z,market,trade,TESTE,99988.38457981334,176,,,,GOLDM,BARCL,,,
2026-03-28T12:01:46.329Z,market,trade,TESTE,99988.81472019176,132,,,,ITAU,UBS,,,
2026-03-28T12:01:46.489Z,market,trade,TESTE,99998.60252799209,102,,,,BARCL,CS,,,
2026-03-28T12:01:46.657Z,market,trade,TESTE,99993.30231112054,82,,,,CS,CITI,,,
2026-03-28T12:01:46.822Z,market,trade,TESTE,99997.47634545693,79,,,,UBS,CITI,,,
2026-03-28T12:01:46.972Z,market,trade,TESTE,100009.98432996926,153,,,,UBS,MS,,,
2026-03-28T12:01:47.136Z,market,trade,TESTE,99997.62465999366,54,,,,JPM,GOLDM,,,
2026-03-28T12:01:47.289Z,market,trade,TESTE,100000.01041857677,101,,,,CS,XP,,,
2026-03-28T12:01:47.441Z,market,trade,TESTE,100001.65208286404,187,,,,JPM,CITI,,,
2026-03-28T12:01:47.605Z,market,trade,TESTE,100008.8463655755,104,,,,UBS,XP,,,
2026-03-28T12:01:47.771Z,market,trade,TESTE,99996.80496225708,147,,,,CS,XP,,,
2026-03-28T12:01:47.925Z,market,trade,TESTE,99997.80663938406,142,,,,XP,BARCL,,,
2026-03-28T12:01:48.090Z,market,trade,TESTE,100004.89230477459,9,,,,UBS,MS,,,
2026-03-28T12:01:48.253Z,market,trade,TESTE,100003.84696728815,75,,,,GOLDM,JPM,,,
2026-03-28T12:01:48.407Z,market,trade,TESTE,99990.6241664036,172,,,,BTG,ITAU,,,
2026-03-28T12:01:48.569Z,market,trade,TESTE,100003.60200950471,45,,,,CS,JPM,,,
2026-03-28T12:01:48.725Z,market,trade,TESTE,100001.94078613307,194,,,,GOLDM,ITAU,,,
2026-03-28T12:01:48.887Z,market,trade,TESTE,100002.60693061385,62,,,,BARCL,CS,,,
2026-03-28T12:01:49.040Z,market,trade,TESTE,99996.30310812968,200,,,,BARCL,ITAU,,,
2026-03-28T12:01:49.205Z,market,trade,TESTE,99998.2395598037,175,,,,ITAU,CS,,,
2026-03-28T12:01:49.370Z,market,trade,TESTE,99997.48634253963,61,,,,XP,BARCL,,,
2026-03-28T12:01:49.522Z,market,trade,TESTE,100002.2333368426,131,,,,JPM,JPM,,,
2026-03-28T12:01:49.673Z,market,trade,TESTE,100001.26095427069,128,,,,UBS,BTG,,,
2026-03-28T12:01:49.824Z,market,trade,TESTE,99999.0888157528,34,,,,MS,XP,,,
2026-03-28T12:01:49.987Z,market,trade,TESTE,99998.36972797422,153,,,,CITI,ITAU,,,
2026-03-28T12:01:50.140Z,market,trade,TESTE,100000.66791621737,37,,,,XP,XP,,,
2026-03-28T12:01:50.291Z,market,trade,TESTE,100011.3939803771,148,,,,XP,JPM,,,
2026-03-28T12:01:50.457Z,market,trade,TESTE,99996.79214276983,110,,,,JPM,GOLDM,,,
2026-03-28T12:01:50.623Z,market,trade,TESTE,99996.07386373478,57,,,,ITAU,XP,,,
2026-03-28T12:01:50.774Z,market,trade,TESTE,99999.19631734198,197,,,,BTG,UBS,,,
2026-03-28T12:01:50.938Z,market,trade,TESTE,100004.33172196597,105,,,,BARCL,ITAU,,,
2026-03-28T12:01:51.108Z,market,trade,TESTE,100003.38469987345,10,,,,JPM,BARCL,,,
2026-03-28T12:01:51.273Z,market,trade,TESTE,99993.73691558997,131,,,,ITAU,UBS,,,
2026-03-28T12:01:51.441Z,market,trade,TESTE,100004.52406787685,73,,,,MS,GOLDM,,,
2026-03-28T12:01:51.606Z,market,trade,TESTE,99996.38701865137,177,,,,CS,XP,,,
2026-03-28T12:01:51.762Z,market,trade,TESTE,100003.59903224964,155,,,,UBS,GOLDM,,,
2026-03-28T12:01:51.924Z,market,trade,TESTE,100004.31445991395,129,,,,MS,BARCL,,,
2026-03-28T12:01:52.088Z,market,trade,TESTE,100001.53105445416,27,,,,BTG,MS,,,
2026-03-28T12:01:52.242Z,market,trade,TESTE,100003.8784953474,59,,,,UBS,BARCL,,,
2026-03-28T12:01:52.406Z,market,trade,TESTE,99993.99192675062,55,,,,GOLDM,GOLDM,,,
2026-03-28T12:01:52.556Z,market,trade,TESTE,99992.9131311113,146,,,,MS,JPM,,,
2026-03-28T12:01:52.717Z,market,trade,TESTE,99993.80091933926,183,,,,MS,JPM,,,
2026-03-28T12:01:52.874Z,market,trade,TESTE,99997.24567183103,157,,,,UBS,UBS,,,
2026-03-28T12:01:53.041Z,market,trade,TESTE,100008.41088119737,165,,,,UBS,JPM,,,
2026-03-28T12:01:53.206Z,market,trade,TESTE,100012.7529857869,71,,,,JPM,ITAU,,,
2026-03-28T12:01:53.357Z,market,trade,TESTE,100012.97530373107,142,,,,ITAU,CS,,,
2026-03-28T12:01:53.521Z,market,trade,TESTE,100007.70887036309,151,,,,BTG,CS,,,
2026-03-28T12:01:53.672Z,market,trade,TESTE,100004.94728556348,105,,,,XP,GOLDM,,,
2026-03-28T12:01:53.838Z,market,trade,TESTE,100001.7634396436,178,,,,UBS,BTG,,,
2026-03-28T12:01:53.991Z,market,trade,TESTE,100010.13516008927,162,,,,BARCL,ITAU,,,
2026-03-28T12:01:54.146Z,market,trade,TESTE,99995.55243279622,156,,,,GOLDM,CS,,,
2026-03-28T12:01:54.306Z,market,trade,TESTE,99998.76848975774,51,,,,XP,CITI,,,
2026-03-28T12:01:54.458Z,market,trade,TESTE,100012.2283758819,96,,,,UBS,UBS,,,
2026-03-28T12:01:54.623Z,market,trade,TESTE,100006.0704125319,78,,,,XP,CS,,,
2026-03-28T12:01:54.780Z,market,trade,TESTE,100004.13844265637,89,,,,BTG,XP,,,
2026-03-28T12:01:54.936Z,market,trade,TESTE,100003.98821297544,178,,,,GOLDM,ITAU,,,
2026-03-28T12:01:55.090Z,market,trade,TESTE,100007.90589477199,172,,,,MS,BARCL,,,
2026-03-28T12:01:55.255Z,market,trade,TESTE,100013.92658790502,84,,,,UBS,BTG,,,
2026-03-28T12:01:55.408Z,market,trade,TESTE,100004.36381352547,132,,,,XP,JPM,,,
2026-03-28T12:01:55.573Z,market,trade,TESTE,100010.06505166902,149,,,,CITI,GOLDM,,,
2026-03-28T12:01:55.736Z,market,trade,TESTE,100002.32081519425,126,,,,JPM,XP,,,
2026-03-28T12:01:55.890Z,market,trade,TESTE,100007.19485727166,182,,,,CS,XP,,,
2026-03-28T12:01:56.053Z,market,trade,TESTE,100003.52964623722,135,,,,CITI,BTG,,,
2026-03-28T12:01:56.206Z,market,trade,TESTE,100010.04645384596,181,,,,ITAU,BARCL,,,
2026-03-28T12:01:56.358Z,market,trade,TESTE,100005.3220981601,191,,,,MS,MS,,,
2026-03-28T12:01:56.524Z,market,trade,TESTE,99996.18343961585,170,,,,BARCL,XP,,,
2026-03-28T12:01:56.692Z,market,trade,TESTE,100006.6631531596,167,,,,CITI,BTG,,,
2026-03-28T12:01:56.851Z,market,trade,TESTE,99994.07212493164,193,,,,ITAU,JPM,,,
2026-03-28T12:01:57.004Z,market,trade,TESTE,99993.57265346756,168,,,,UBS,XP,,,
2026-03-28T12:01:57.155Z,market,trade,TESTE,99991.74888660795,107,,,,CITI,CITI,,,
2026-03-28T12:01:57.306Z,market,trade,TESTE,99994.11865693484,43,,,,BARCL,MS,,,
2026-03-28T12:01:57.457Z,market,trade,TESTE,100004.99794264013,23,,,,UBS,JPM,,,
2026-03-28T12:01:57.622Z,market,trade,TESTE,99992.19232739446,188,,,,UBS,UBS,,,
2026-03-28T12:01:57.787Z,market,trade,TESTE,99992.09340788214,30,,,,GOLDM,XP,,,
2026-03-28T12:01:57.940Z,market,trade,TESTE,99989.90774042592,37,,,,GOLDM,MS,,,
2026-03-28T12:01:58.091Z,market,trade,TESTE,99985.13513792584,96,,,,BTG,ITAU,,,
2026-03-28T12:01:58.253Z,market,trade,TESTE,99995.86637517903,106,,,,XP,CS,,,
2026-03-28T12:01:58.407Z,market,flow_inversion,,,,,,,,,61,-131,UBS
2026-03-28T12:01:58.407Z,market,trade,TESTE,99985.07433205526,192,,,,ITAU,UBS,,,
2026-03-28T12:01:58.574Z,market,trade,TESTE,99988.08738940647,98,,,,MS,MS,,,
2026-03-28T12:01:58.726Z,market,trade,TESTE,99998.16530050302,187,,,,BTG,BTG,,,
2026-03-28T12:01:58.891Z,market,trade,TESTE,99983.83332669102,144,,,,UBS,BARCL,,,
2026-03-28T12:01:59.056Z,market,trade,TESTE,99991.73529719573,194,,,,BARCL,GOLDM,,,
2026-03-28T12:01:59.222Z,market,trade,TESTE,99985.38343731676,89,,,,XP,XP,,,
2026-03-28T12:01:59.374Z,market,trade,TESTE,99983.06657410432,33,,,,BARCL,JPM,,,
2026-03-28T12:01:59.540Z,market,trade,TESTE,99993.35838511825,138,,,,CS,CS,,,
2026-03-28T12:01:59.706Z,market,trade,TESTE,99995.94335251949,46,,,,CS,JPM,,,
2026-03-28T12:01:59.871Z,market,flow_inversion,,,,,,,,,8,-126,GOLDM
2026-03-28T12:01:59.871Z,market,trade,TESTE,99994.68454580528,134,,,,UBS,GOLDM,,,
2026-03-28T12:02:00.029Z,market,trade,TESTE,99994.80154911755,113,,,,CS,BTG,,,
2026-03-28T12:02:00.186Z,market,trade,TESTE,99985.43280268103,103,,,,UBS,CS,,,
2026-03-28T12:02:00.337Z,market,trade,TESTE,99986.97577950584,8,,,,CS,MS,,,
2026-03-28T12:02:00.490Z,market,trade,TESTE,99986.57435341574,40,,,,BARCL,ITAU,,,
2026-03-28T12:02:00.650Z,market,trade,TESTE,100000.33033534705,198,,,,XP,CITI,,,
2026-03-28T12:02:00.808Z,market,trade,TESTE,99994.16676754646,95,,,,BTG,BARCL,,,
2026-03-28T12:02:00.973Z,market,trade,TESTE,100008.49179503295,91,,,,XP,BTG,,,
2026-03-28T12:02:01.125Z,market,trade,TESTE,99994.18442985474,96,,,,UBS,MS,,,
2026-03-28T12:02:01.288Z,market,trade,TESTE,100000.22835264256,56,,,,GOLDM,CITI,,,
2026-03-28T12:02:01.440Z,market,trade,TESTE,99989.24514376737,147,,,,BTG,BTG,,,
2026-03-28T12:02:01.605Z,market,trade,TESTE,99990.61933726154,187,,,,JPM,GOLDM,,,
2026-03-28T12:02:01.774Z,market,trade,TESTE,99986.88186158112,72,,,,BTG,CITI,,,
2026-03-28T12:02:01.926Z,market,trade,TESTE,100000.6901522001,52,,,,BTG,MS,,,
2026-03-28T12:02:02.089Z,market,trade,TESTE,100003.92650381567,86,,,,CS,UBS,,,
2026-03-28T12:02:02.254Z,market,trade,TESTE,99995.9650852212,90,,,,BARCL,BTG,,,
2026-03-28T12:02:02.408Z,market,trade,TESTE,100003.92073682678,151,,,,CS,UBS,,,
2026-03-28T12:02:02.574Z,market,trade,TESTE,100002.98119992402,17,,,,ITAU,ITAU,,,
2026-03-28T12:02:02.725Z,market,trade,TESTE,100000.37118633033,15,,,,MS,ITAU,,,
2026-03-28T12:02:02.884Z,market,trade,TESTE,99999.62341596637,6,,,,XP,CITI,,,
2026-03-28T12:02:03.037Z,market,trade,TESTE,99997.71834356574,13,,,,BTG,UBS,,,
2026-03-28T12:02:03.190Z,market,trade,TESTE,100000.69986383882,132,,,,CS,ITAU,,,
2026-03-28T12:02:03.351Z,market,trade,TESTE,99986.47410606124,143,,,,UBS,MS,,,
2026-03-28T12:02:03.504Z,market,trade,TESTE,99986.84860630624,85,,,,BARCL,BTG,,,
2026-03-28T12:02:03.669Z,market,trade,TESTE,100001.32424700646,96,,,,CITI,CITI,,,
2026-03-28T12:02:03.823Z,market,trade,TESTE,99990.68841378522,17,,,,UBS,XP,,,
2026-03-28T12:02:03.988Z,market,trade,TESTE,99987.0574532917,43,,,,JPM,GOLDM,,,
2026-03-28T12:02:04.139Z,market,trade,TESTE,99987.77776818468,87,,,,MS,CS,,,
2026-03-28T12:02:04.304Z,market,trade,TESTE,99988.02788544295,74,,,,ITAU,UBS,,,
2026-03-28T12:02:04.458Z,market,trade,TESTE,99992.48269114931,160,,,,GOLDM,ITAU,,,
2026-03-28T12:02:04.621Z,market,trade,TESTE,100001.2544149811,134,,,,GOLDM,ITAU,,,
2026-03-28T12:02:04.773Z,market,trade,TESTE,99997.4624580931,53,,,,MS,BTG,,,
2026-03-28T12:02:04.938Z,market,trade,TESTE,99991.71851214155,164,,,,GOLDM,BARCL,,,
2026-03-28T12:02:05.090Z,market,trade,TESTE,100006.32029843483,20,,,,JPM,GOLDM,,,
2026-03-28T12:02:05.241Z,market,trade,TESTE,100009.66220166112,94,,,,CITI,XP,,,
2026-03-28T12:02:05.406Z,market,trade,TESTE,100013.11588212788,198,,,,UBS,BTG,,,
2026-03-28T12:02:05.557Z,market,trade,TESTE,100006.35419356465,18,,,,JPM,GOLDM,,,
2026-03-28T12:02:05.708Z,market,trade,TESTE,100011.99164030586,83,,,,GOLDM,BARCL,,,
2026-03-28T12:02:05.873Z,market,trade,TESTE,99999.99119593306,62,,,,CITI,UBS,,,
2026-03-28T12:02:06.024Z,market,trade,TESTE,100005.73524121476,156,,,,CS,MS,,,
2026-03-28T12:02:06.174Z,market,trade,TESTE,100003.39014934821,153,,,,BTG,GOLDM,,,
2026-03-28T12:02:06.325Z,market,trade,TESTE,99997.34421424309,34,,,,MS,JPM,,,
2026-03-28T12:02:06.488Z,market,trade,TESTE,99996.86261029758,198,,,,BTG,CS,,,
2026-03-28T12:02:06.643Z,market,trade,TESTE,100001.42676590905,26,,,,JPM,CITI,,,
2026-03-28T12:02:06.794Z,market,trade,TESTE,100014.6708651252,88,,,,XP,CITI,,,
2026-03-28T12:02:06.947Z,market,trade,TESTE,100004.5335508386,12,,,,UBS,BARCL,,,
2026-03-28T12:02:07.108Z,market,trade,TESTE,100004.59771864588,56,,,,CS,BTG,,,
2026-03-28T12:02:07.265Z,market,trade,TESTE,100009.51919987136,159,,,,BTG,BTG,,,
2026-03-28T12:02:07.420Z,market,trade,TESTE,100011.68470450466,58,,,,ITAU,CITI,,,
2026-03-28T12:02:07.576Z,market,trade,TESTE,100026.20487760402,145,,,,BTG,CS,,,
2026-03-28T12:02:07.741Z,market,trade,TESTE,100020.33763167198,143,,,,UBS,GOLDM,,,
2026-03-28T12:02:07.892Z,market,trade,TESTE,100019.77501706545,165,,,,GOLDM,BTG,,,
2026-03-28T12:02:08.043Z,market,trade,TESTE,100027.48810988924,31,,,,GOLDM,JPM,,,
2026-03-28T12:02:08.195Z,market,trade,TESTE,100021.60370863993,138,,,,GOLDM,CITI,,,
2026-03-28T12:02:08.354Z,market,trade,TESTE,100032.18061287643,104,,,,XP,UBS,,,
2026-03-28T12:02:08.506Z,market,trade,TESTE,100030.852305949,14,,,,BARCL,GOLDM,,,
2026-03-28T12:02:08.659Z,market,trade,TESTE,100021.81777153621,59,,,,CS,BTG,,,
2026-03-28T12:02:08.823Z,market,trade,TESTE,100032.4878793861,42,,,,MS,ITAU,,,
2026-03-28T12:02:08.973Z,market,trade,TESTE,100027.70647033319,127,,,,XP,ITAU,,,
2026-03-28T12:02:09.138Z,market,trade,TESTE,100024.69954088987,152,,,,BARCL,BTG,,,
2026-03-28T12:02:09.295Z,market,trade,TESTE,100017.14236885606,31,,,,UBS,XP,,,
2026-03-28T12:02:09.458Z,market,trade,TESTE,100014.23074690612,63,,,,JPM,BTG,,,
2026-03-28T12:02:09.609Z,market,trade,TESTE,100015.0023897487,98,,,,CITI,CITI,,,
2026-03-28T12:02:09.759Z,market,trade,TESTE,100025.3195286685,24,,,,ITAU,JPM,,,
2026-03-28T12:02:09.915Z,market,trade,TESTE,100019.87159766546,185,,,,BARCL,BTG,,,
2026-03-28T12:02:10.074Z,market,trade,TESTE,100022.414190499,9,,,,JPM,GOLDM,,,
2026-03-28T12:02:10.227Z,market,trade,TESTE,100032.99232968899,72,,,,MS,UBS,,,
2026-03-28T12:02:10.379Z,market,trade,TESTE,100020.2743990638,100,,,,ITAU,ITAU,,,
2026-03-28T12:02:10.537Z,market,trade,TESTE,100018.11648232251,200,,,,GOLDM,CITI,,,
2026-03-28T12:02:10.687Z,market,trade,TESTE,100025.63843795373,6,,,,CS,CITI,,,
2026-03-28T12:02:10.840Z,market,trade,TESTE,100016.27623381685,182,,,,JPM,BARCL,,,
2026-03-28T12:02:10.993Z,market,trade,TESTE,100027.28482876226,187,,,,ITAU,UBS,,,
2026-03-28T12:02:11.144Z,market,trade,TESTE,100025.45773500191,196,,,,XP,GOLDM,,,
2026-03-28T12:02:11.294Z,market,trade,TESTE,100019.66782069579,13,,,,MS,BARCL,,,
2026-03-28T12:02:11.444Z,market,trade,TESTE,100032.42293923034,34,,,,CITI,UBS,,,
2026-03-28T12:02:11.607Z,market,trade,TESTE,100018.87842484054,54,,,,ITAU,CITI,,,
2026-03-28T12:02:11.757Z,market,trade,TESTE,100014.4044083561,70,,,,XP,XP,,,
2026-03-28T12:02:11.910Z,market,trade,TESTE,100022.2512390103,172,,,,MS,XP,,,
2026-03-28T12:02:12.063Z,market,trade,TESTE,100027.23845180517,196,,,,ITAU,BARCL,,,
2026-03-28T12:02:12.224Z,market,trade,TESTE,100024.22208129328,141,,,,ITAU,XP,,,
2026-03-28T12:02:12.374Z,market,trade,TESTE,100011.51269316403,45,,,,CS,CS,,,
2026-03-28T12:02:12.526Z,market,trade,TESTE,100019.29152856754,135,,,,BARCL,XP,,,
2026-03-28T12:02:12.676Z,market,trade,TESTE,100019.11585542547,70,,,,MS,CS,,,
2026-03-28T12:02:12.834Z,market,trade,TESTE,100022.8443754258,121,,,,CITI,BTG,,,
2026-03-28T12:02:12.991Z,market,trade,TESTE,100021.90124242622,62,,,,CS,CS,,,
2026-03-28T12:02:13.144Z,market,trade,TESTE,100015.35483726789,179,,,,MS,CS,,,
2026-03-28T12:02:13.301Z,market,trade,TESTE,100017.23469523754,109,,,,MS,BTG,,,
2026-03-28T12:02:13.458Z,market,trade,TESTE,100025.19753589304,32,,,,BARCL,XP,,,
2026-03-28T12:02:13.623Z,market,trade,TESTE,100015.9597830257,198,,,,CS,JPM,,,
2026-03-28T12:02:13.785Z,market,trade,TESTE,100012.87073560935,151,,,,CS,GOLDM,,,
2026-03-28T12:02:13.939Z,market,trade,TESTE,100018.89381945536,135,,,,CITI,BARCL,,,
2026-03-28T12:02:14.105Z,market,trade,TESTE,100018.05189488185,64,,,,JPM,MS,,,
2026-03-28T12:02:14.267Z,market,trade,TESTE,100022.83704722015,140,,,,XP,UBS,,,
2026-03-28T12:02:14.421Z,market,trade,TESTE,100009.84006585815,49,,,,CITI,JPM,,,
2026-03-28T12:02:14.572Z,market,trade,TESTE,100009.24698859827,26,,,,XP,CS,,,
2026-03-28T12:02:14.723Z,market,trade,TESTE,100019.64133962269,136,,,,ITAU,GOLDM,,,
2026-03-28T12:02:14.876Z,market,trade,TESTE,100013.06330517719,178,,,,ITAU,BTG,,,
2026-03-28T12:02:15.036Z,market,trade,TESTE,100016.32690061835,107,,,,CS,BTG,,,
2026-03-28T12:02:15.191Z,market,trade,TESTE,100019.27609051293,49,,,,CITI,JPM,,,
2026-03-28T12:02:15.352Z,market,trade,TESTE,100019.99577992315,25,,,,CS,JPM,,,
2026-03-28T12:02:15.505Z,market,trade,TESTE,100017.8949944099,178,,,,CITI,UBS,,,
2026-03-28T12:02:15.660Z,market,trade,TESTE,100025.1069926339,113,,,,CITI,UBS,,,
2026-03-28T12:02:15.811Z,market,trade,TESTE,100016.55503433773,183,,,,JPM,XP,,,
2026-03-28T12:02:15.974Z,market,trade,TESTE,100020.42988485542,177,,,,ITAU,MS,,,
2026-03-28T12:02:16.140Z,market,trade,TESTE,100016.56470138462,8,,,,JPM,BTG,,,
2026-03-28T12:02:16.291Z,market,trade,TESTE,100024.460801121,176,,,,BARCL,JPM,,,
2026-03-28T12:02:16.444Z,market,trade,TESTE,100013.60610797924,124,,,,MS,JPM,,,
2026-03-28T12:02:16.606Z,market,trade,TESTE,100027.22967707129,35,,,,ITAU,BARCL,,,
2026-03-28T12:02:16.757Z,market,trade,TESTE,100012.63683145633,130,,,,BTG,ITAU,,,
2026-03-28T12:02:16.922Z,market,trade,TESTE,100011.30990165107,174,,,,XP,CS,,,
2026-03-28T12:02:17.082Z,market,trade,TESTE,100020.75126991865,52,,,,CS,CS,,,
2026-03-28T12:02:17.241Z,market,trade,TESTE,100020.94036666394,49,,,,JPM,UBS,,,
2026-03-28T12:02:17.407Z,market,trade,TESTE,100007.72698338846,35,,,,BTG,GOLDM,,,
2026-03-28T12:02:17.557Z,market,trade,TESTE,100017.59316626252,144,,,,ITAU,ITAU,,,
2026-03-28T12:02:17.724Z,market,trade,TESTE,100018.75461722407,23,,,,MS,MS,,,
2026-03-28T12:02:17.874Z,market,trade,TESTE,100006.31045746504,137,,,,CITI,UBS,,,
2026-03-28T12:02:18.025Z,market,trade,TESTE,100015.90222097874,196,,,,BTG,XP,,,
2026-03-28T12:02:18.191Z,market,trade,TESTE,100005.77004717902,109,,,,JPM,ITAU,,,
2026-03-28T12:02:18.355Z,market,trade,TESTE,100012.65376537129,118,,,,UBS,CITI,,,
2026-03-28T12:02:18.521Z,market,trade,TESTE,100005.56162124049,108,,,,UBS,JPM,,,
2026-03-28T12:02:18.680Z,market,trade,TESTE,100019.67448588867,26,,,,XP,JPM,,,
2026-03-28T12:02:18.830Z,market,trade,TESTE,100022.67697749304,45,,,,ITAU,UBS,,,
2026-03-28T12:02:18.991Z,market,trade,TESTE,100026.11862152457,73,,,,MS,UBS,,,
2026-03-28T12:02:19.155Z,market,trade,TESTE,100014.83384401872,117,,,,CS,CS,,,
2026-03-28T12:02:19.307Z,market,trade,TESTE,100018.8336155357,62,,,,UBS,CS,,,
2026-03-28T12:02:19.475Z,market,trade,TESTE,100016.76533186676,153,,,,JPM,CS,,,
2026-03-28T12:02:19.626Z,market,trade,TESTE,100029.03375007397,165,,,,BTG,XP,,,
2026-03-28T12:02:19.776Z,market,trade,TESTE,100016.89558945822,171,,,,JPM,BARCL,,,
2026-03-28T12:02:19.931Z,market,trade,TESTE,100030.7010731476,83,,,,JPM,JPM,,,
2026-03-28T12:02:20.089Z,market,trade,TESTE,100016.03363364788,176,,,,CS,CITI,,,
2026-03-28T12:02:20.239Z,market,trade,TESTE,100013.6843277107,50,,,,UBS,UBS,,,
2026-03-28T12:02:20.398Z,market,trade,TESTE,100017.78527761785,186,,,,ITAU,CS,,,
2026-03-28T12:02:20.558Z,market,trade,TESTE,100024.20160825574,174,,,,XP,UBS,,,
2026-03-28T12:02:20.709Z,market,trade,TESTE,100025.45102722588,77,,,,MS,BARCL,,,
2026-03-28T12:02:20.874Z,market,trade,TESTE,100012.2630925628,182,,,,MS,XP,,,
2026-03-28T12:02:21.026Z,market,trade,TESTE,100023.27158560343,47,,,,UBS,XP,,,
2026-03-28T12:02:21.178Z,market,trade,TESTE,100010.60669805905,136,,,,ITAU,BARCL,,,
2026-03-28T12:02:21.341Z,market,trade,TESTE,100019.23834507438,44,,,,GOLDM,MS,,,
2026-03-28T12:02:21.496Z,market,trade,TESTE,100007.93370073361,89,,,,BARCL,CITI,,,
2026-03-28T12:02:21.658Z,market,trade,TESTE,100004.79817278983,76,,,,BARCL,JPM,,,
2026-03-28T12:02:21.811Z,market,trade,TESTE,100019.03722820837,167,,,,JPM,CITI,,,
2026-03-28T12:02:21.976Z,market,trade,TESTE,100005.45525375631,183,,,,ITAU,CS,,,
2026-03-28T12:02:22.138Z,market,trade,TESTE,100008.07276706632,7,,,,BARCL,GOLDM,,,
2026-03-28T12:02:22.299Z,market,trade,TESTE,100014.17672675024,92,,,,BTG,GOLDM,,,
2026-03-28T12:02:22.459Z,market,trade,TESTE,100002.97903546698,102,,,,CS,JPM,,,
2026-03-28T12:02:22.613Z,market,trade,TESTE,100014.98069365825,113,,,,ITAU,MS,,,
2026-03-28T12:02:22.775Z,market,trade,TESTE,100011.34405595246,141,,,,UBS,XP,,,
2026-03-28T12:02:22.927Z,market,trade,TESTE,100010.93213263467,168,,,,UBS,CITI,,,
2026-03-28T12:02:23.091Z,market,trade,TESTE,100011.27891984252,58,,,,CITI,CITI,,,
2026-03-28T12:02:23.254Z,market,trade,TESTE,99998.28780584256,163,,,,JPM,CITI,,,
2026-03-28T12:02:23.409Z,market,trade,TESTE,100001.97748168957,23,,,,XP,BARCL,,,
2026-03-28T12:02:23.560Z,market,trade,TESTE,100001.93608354159,159,,,,UBS,XP,,,
2026-03-28T12:02:23.720Z,market,trade,TESTE,100016.53866593435,156,,,,BARCL,JPM,,,
2026-03-28T12:02:23.875Z,market,trade,TESTE,100016.37538455169,149,,,,BTG,CITI,,,
2026-03-28T12:02:24.027Z,market,trade,TESTE,100005.35174950266,185,,,,CITI,BARCL,,,
2026-03-28T12:02:24.178Z,market,trade,TESTE,100006.25049604024,130,,,,ITAU,CS,,,
2026-03-28T12:02:24.328Z,market,trade,TESTE,100004.63365685259,36,,,,JPM,UBS,,,
2026-03-28T12:02:24.479Z,market,trade,TESTE,100019.22948565398,77,,,,UBS,BARCL,,,
2026-03-28T12:02:24.641Z,market,trade,TESTE,100016.61586637083,6,,,,BARCL,CITI,,,
2026-03-28T12:02:24.794Z,market,trade,TESTE,100019.24874308353,179,,,,UBS,XP,,,
2026-03-28T12:02:24.956Z,market,trade,TESTE,100011.83485851984,98,,,,BARCL,ITAU,,,
2026-03-28T12:02:25.107Z,market,trade,TESTE,100017.50921724552,136,,,,XP,CITI,,,
2026-03-28T12:02:25.258Z,market,trade,TESTE,100021.73912779725,35,,,,MS,BTG,,,
2026-03-28T12:02:25.424Z,market,trade,TESTE,100014.83442296185,198,,,,CS,MS,,,
2026-03-28T12:02:25.589Z,market,trade,TESTE,100028.22902363545,126,,,,MS,JPM,,,
2026-03-28T12:02:25.739Z,market,trade,TESTE,100029.35319298806,120,,,,XP,GOLDM,,,
2026-03-28T12:02:25.891Z,market,trade,TESTE,100020.19516478607,136,,,,JPM,ITAU,,,
2026-03-28T12:02:26.041Z,market,trade,TESTE,100019.25077078528,49,,,,UBS,ITAU,,,
2026-03-28T12:02:26.191Z,market,trade,TESTE,100026.09161829516,134,,,,XP,BTG,,,
2026-03-28T12:02:26.343Z,market,trade,TESTE,100017.68920401488,160,,,,XP,BTG,,,
2026-03-28T12:02:26.493Z,market,trade,TESTE,100018.06192792079,158,,,,CS,CS,,,
2026-03-28T12:02:26.657Z,market,trade,TESTE,100031.49989413671,185,,,,CITI,BARCL,,,
2026-03-28T12:02:26.809Z,market,trade,TESTE,100032.62702492767,81,,,,CS,CS,,,
2026-03-28T12:02:26.959Z,market,trade,TESTE,100031.77480421738,5,,,,BTG,MS,,,
2026-03-28T12:02:27.122Z,market,trade,TESTE,100027.71590518237,5,,,,BTG,GOLDM,,,
2026-03-28T12:02:27.274Z,market,trade,TESTE,100013.34744612071,161,,,,ITAU,JPM,,,
2026-03-28T12:02:27.427Z,market,trade,TESTE,100023.42522775268,18,,,,CS,UBS,,,
2026-03-28T12:02:27.592Z,market,trade,TESTE,100022.43829986714,80,,,,GOLDM,JPM,,,
2026-03-28T12:02:27.743Z,market,trade,TESTE,100016.77831420612,197,,,,MS,MS,,,
2026-03-28T12:02:27.907Z,market,trade,TESTE,100018.57939166036,60,,,,MS,JPM,,,
2026-03-28T12:02:28.057Z,market,trade,TESTE,100024.92626683025,79,,,,XP,XP,,,
2026-03-28T12:02:28.208Z,market,trade,TESTE,100018.73219354586,159,,,,GOLDM,JPM,,,
2026-03-28T12:02:28.360Z,market,trade,TESTE,100015.38820467338,148,,,,CITI,XP,,,
2026-03-28T12:02:28.511Z,market,trade,TESTE,100018.9636143826,108,,,,BTG,ITAU,,,
2026-03-28T12:02:28.661Z,market,trade,TESTE,100030.8384467998,12,,,,BARCL,GOLDM,,,
2026-03-28T12:02:28.824Z,market,trade,TESTE,100032.49893027922,79,,,,JPM,BARCL,,,
2026-03-28T12:02:28.976Z,market,trade,TESTE,100022.7532635496,29,,,,CS,XP,,,
2026-03-28T12:02:29.138Z,market,trade,TESTE,100031.23972107675,97,,,,UBS,JPM,,,
2026-03-28T12:02:29.291Z,market,trade,TESTE,100021.21819348082,8,,,,CS,BARCL,,,
2026-03-28T12:02:29.443Z,market,trade,TESTE,100032.83814430417,60,,,,CS,ITAU,,,
2026-03-28T12:02:29.607Z,market,trade,TESTE,100025.29147393625,156,,,,ITAU,BTG,,,
2026-03-28T12:02:29.759Z,market,trade,TESTE,100026.16068369643,112,,,,CS,UBS,,,
2026-03-28T12:02:29.924Z,market,trade,TESTE,100032.66594765392,129,,,,BTG,CITI,,,
2026-03-28T12:02:30.075Z,market,trade,TESTE,100035.66964093484,188,,,,CITI,JPM,,,
2026-03-28T12:02:30.226Z,market,trade,TESTE,100024.33136895091,197,,,,CITI,GOLDM,,,
2026-03-28T12:02:30.390Z,market,trade,TESTE,100023.92951480426,159,,,,UBS,ITAU,,,
2026-03-28T12:02:30.541Z,market,trade,TESTE,100038.52085835651,102,,,,XP,ITAU,,,
2026-03-28T12:02:30.693Z,market,trade,TESTE,100026.53056361001,45,,,,BARCL,UBS,,,
2026-03-28T12:02:30.845Z,market,trade,TESTE,100034.36633699594,177,,,,GOLDM,ITAU,,,
2026-03-28T12:02:31.008Z,market,trade,TESTE,100021.55602129147,161,,,,BARCL,XP,,,
2026-03-28T12:02:31.173Z,market,trade,TESTE,100031.19582215375,52,,,,CS,UBS,,,
2026-03-28T12:02:31.324Z,market,trade,TESTE,100021.95145880018,14,,,,CS,BTG,,,
2026-03-28T12:02:31.474Z,market,trade,TESTE,100022.3102744036,167,,,,ITAU,JPM,,,
2026-03-28T12:02:31.626Z,market,trade,TESTE,100021.05942617104,92,,,,CS,BARCL,,,
2026-03-28T12:02:31.776Z,market,trade,TESTE,100017.08115588252,104,,,,MS,ITAU,,,
2026-03-28T12:02:31.941Z,market,trade,TESTE,100016.05042395684,57,,,,MS,UBS,,,
2026-03-28T12:02:32.105Z,market,trade,TESTE,100026.15981519045,58,,,,CS,BTG,,,
2026-03-28T12:02:32.257Z,market,trade,TESTE,100012.08922264857,199,,,,CITI,JPM,,,
2026-03-28T12:02:32.422Z,market,trade,TESTE,100012.32885371761,108,,,,CS,MS,,,
2026-03-28T12:02:32.574Z,market,trade,TESTE,100023.30228572093,195,,,,ITAU,MS,,,
2026-03-28T12:02:32.725Z,market,trade,TESTE,100014.25087614829,12,,,,GOLDM,ITAU,,,
2026-03-28T12:02:32.876Z,market,trade,TESTE,100027.91583125005,14,,,,BARCL,XP,,,
2026-03-28T12:02:33.027Z,market,trade,TESTE,100018.29018835118,182,,,,GOLDM,ITAU,,,
2026-03-28T12:02:33.191Z,market,trade,TESTE,100018.43830574198,13,,,,CITI,ITAU,,,
2026-03-28T12:02:33.341Z,market,trade,TESTE,100019.57390206205,192,,,,XP,CS,,,
2026-03-28T12:02:33.493Z,market,trade,TESTE,100017.09815385747,45,,,,GOLDM,BARCL,,,
2026-03-28T12:02:33.658Z,market,trade,TESTE,100025.47359025056,60,,,,BARCL,CS,,,
2026-03-28T12:02:33.808Z,market,trade,TESTE,100023.88690611151,119,,,,XP,BTG,,,
2026-03-28T12:02:33.959Z,market,trade,TESTE,100020.0974686272,51,,,,BARCL,GOLDM,,,
2026-03-28T12:02:34.122Z,market,trade,TESTE,100016.49557344528,65,,,,UBS,ITAU,,,
2026-03-28T12:02:34.274Z,market,trade,TESTE,100010.63425508383,176,,,,ITAU,CS,,,
2026-03-28T12:02:34.426Z,market,trade,TESTE,100024.87019280996,76,,,,CITI,BTG,,,
2026-03-28T12:02:34.592Z,market,trade,TESTE,100012.45756463053,87,,,,UBS,XP,,,
2026-03-28T12:02:34.743Z,market,trade,TESTE,100021.95068499856,168,,,,CS,JPM,,,
2026-03-28T12:02:34.907Z,market,trade,TESTE,100015.19964282162,86,,,,UBS,JPM,,,
2026-03-28T12:02:35.060Z,market,trade,TESTE,100016.26148513773,178,,,,MS,GOLDM,,,
2026-03-28T12:02:35.223Z,market,trade,TESTE,100030.9133168535,120,,,,CS,CS,,,
2026-03-28T12:02:35.374Z,market,trade,TESTE,100021.47495426728,31,,,,BARCL,XP,,,
2026-03-28T12:02:35.525Z,market,trade,TESTE,100033.55681589714,185,,,,XP,BARCL,,,
2026-03-28T12:02:35.676Z,market,trade,TESTE,100034.54187807639,34,,,,GOLDM,XP,,,
2026-03-28T12:02:35.827Z,market,trade,TESTE,100028.2499345473,99,,,,CITI,BTG,,,
2026-03-28T12:02:35.990Z,market,trade,TESTE,100042.29003645015,131,,,,BARCL,BARCL,,,
2026-03-28T12:02:36.141Z,market,trade,TESTE,100032.71491237734,123,,,,CS,UBS,,,
2026-03-28T12:02:36.293Z,market,trade,TESTE,100028.71220322793,87,,,,ITAU,BTG,,,
2026-03-28T12:02:36.443Z,market,trade,TESTE,100043.47134853544,137,,,,JPM,GOLDM,,,
2026-03-28T12:02:36.607Z,market,trade,TESTE,100045.89365451156,176,,,,CS,CITI,,,
2026-03-28T12:02:36.759Z,market,trade,TESTE,100049.52883780122,116,,,,CS,GOLDM,,,
2026-03-28T12:02:36.909Z,market,trade,TESTE,100037.37328991803,105,,,,UBS,BARCL,,,
2026-03-28T12:02:37.074Z,market,trade,TESTE,100048.10650829568,181,,,,ITAU,BARCL,,,
2026-03-28T12:02:37.225Z,market,trade,TESTE,100052.94528071041,199,,,,BTG,CS,,,
2026-03-28T12:02:37.376Z,market,trade,TESTE,100052.21616983801,129,,,,BTG,XP,,,
2026-03-28T12:02:37.539Z,market,trade,TESTE,100052.00567555199,200,,,,CS,JPM,,,
2026-03-28T12:02:37.691Z,market,trade,TESTE,100042.62503375694,82,,,,ITAU,MS,,,
2026-03-28T12:02:37.843Z,market,trade,TESTE,100044.41294828724,158,,,,XP,BTG,,,
2026-03-28T12:02:37.993Z,market,trade,TESTE,100047.38385504538,85,,,,JPM,XP,,,
2026-03-28T12:02:38.157Z,market,trade,TESTE,100050.9143866063,107,,,,BARCL,BARCL,,,
2026-03-28T12:02:38.322Z,market,trade,TESTE,100059.36345480956,137,,,,XP,GOLDM,,,
2026-03-28T12:02:38.474Z,market,trade,TESTE,100058.08487306283,105,,,,ITAU,BARCL,,,
2026-03-28T12:02:38.626Z,market,trade,TESTE,100062.4211988753,138,,,,MS,JPM,,,
2026-03-28T12:02:38.791Z,market,trade,TESTE,100060.085441948,77,,,,XP,UBS,,,
2026-03-28T12:02:38.942Z,market,trade,TESTE,100054.71201135217,126,,,,BARCL,CS,,,
2026-03-28T12:02:39.106Z,market,trade,TESTE,100061.9532606429,118,,,,CS,BTG,,,
2026-03-28T12:02:39.260Z,market,trade,TESTE,100063.11708851134,140,,,,XP,ITAU,,,
2026-03-28T12:02:39.420Z,market,trade,TESTE,100049.09705347112,186,,,,JPM,UBS,,,
2026-03-28T12:02:39.574Z,market,trade,TESTE,100056.14542665333,123,,,,BTG,CITI,,,
2026-03-28T12:02:39.725Z,market,trade,TESTE,100057.52062564767,68,,,,ITAU,BARCL,,,
2026-03-28T12:02:39.875Z,market,trade,TESTE,100046.00670708722,73,,,,MS,JPM,,,
2026-03-28T12:02:40.026Z,market,trade,TESTE,100056.16010755433,135,,,,UBS,MS,,,
2026-03-28T12:02:40.191Z,market,trade,TESTE,100046.08381645761,13,,,,CS,JPM,,,
2026-03-28T12:02:40.356Z,market,trade,TESTE,100058.05898055193,73,,,,BARCL,CITI,,,
2026-03-28T12:02:40.508Z,market,trade,TESTE,100051.16308278662,197,,,,ITAU,ITAU,,,
2026-03-28T12:02:40.660Z,market,trade,TESTE,100065.06053612028,150,,,,BARCL,BTG,,,
2026-03-28T12:02:40.825Z,market,trade,TESTE,100061.62123987316,112,,,,JPM,MS,,,
2026-03-28T12:02:40.989Z,market,trade,TESTE,100056.60808046853,191,,,,ITAU,MS,,,
2026-03-28T12:02:41.143Z,market,trade,TESTE,100070.33279663384,121,,,,ITAU,XP,,,
2026-03-28T12:02:41.294Z,market,trade,TESTE,100070.23449689451,36,,,,UBS,GOLDM,,,
2026-03-28T12:02:41.460Z,market,trade,TESTE,100061.36319997623,169,,,,CS,CS,,,
2026-03-28T12:02:41.625Z,market,trade,TESTE,100069.68961464213,52,,,,UBS,UBS,,,
2026-03-28T12:02:41.776Z,market,trade,TESTE,100062.26226325323,74,,,,BARCL,JPM,,,
2026-03-28T12:02:41.927Z,market,trade,TESTE,100075.2239167732,145,,,,CITI,BARCL,,,
2026-03-28T12:02:42.087Z,market,trade,TESTE,100076.0414050431,124,,,,CS,MS,,,
2026-03-28T12:02:42.239Z,market,trade,TESTE,100069.53315241293,46,,,,BARCL,XP,,,
2026-03-28T12:02:42.400Z,market,trade,TESTE,100083.80417794891,33,,,,UBS,BTG,,,
2026-03-28T12:02:42.554Z,market,trade,TESTE,100081.64685690652,22,,,,XP,MS,,,
2026-03-28T12:02:42.709Z,market,trade,TESTE,100077.73215820846,53,,,,UBS,BARCL,,,
2026-03-28T12:02:42.860Z,market,trade,TESTE,100068.11993408286,145,,,,ITAU,ITAU,,,
2026-03-28T12:02:43.021Z,market,trade,TESTE,100079.50804755137,120,,,,XP,CS,,,
2026-03-28T12:02:43.172Z,market,trade,TESTE,100082.67052264595,96,,,,ITAU,CS,,,
2026-03-28T12:02:43.337Z,market,trade,TESTE,100087.61192480441,19,,,,XP,JPM,,,
2026-03-28T12:02:43.488Z,market,trade,TESTE,100086.5550189204,121,,,,ITAU,CITI,,,
2026-03-28T12:02:43.640Z,market,trade,TESTE,100073.15553176637,34,,,,GOLDM,XP,,,
2026-03-28T12:02:43.805Z,market,trade,TESTE,100084.81463041031,95,,,,CS,BTG,,,
2026-03-28T12:02:43.957Z,market,trade,TESTE,100081.76264804242,65,,,,BTG,XP,,,
2026-03-28T12:02:44.110Z,market,trade,TESTE,100085.32626021026,50,,,,BTG,BARCL,,,
2026-03-28T12:02:44.262Z,market,trade,TESTE,100072.58515077997,155,,,,BARCL,XP,,,
2026-03-28T12:02:44.421Z,market,trade,TESTE,100073.79381184583,116,,,,MS,XP,,,
2026-03-28T12:02:44.572Z,market,trade,TESTE,100070.4500138149,112,,,,GOLDM,CS,,,
2026-03-28T12:02:44.724Z,market,trade,TESTE,100069.6596134423,114,,,,JPM,CITI,,,
2026-03-28T12:02:44.883Z,market,trade,TESTE,100064.83720574873,161,,,,XP,CS,,,
2026-03-28T12:02:45.041Z,market,trade,TESTE,100066.04985825681,36,,,,UBS,BARCL,,,
2026-03-28T12:02:45.206Z,market,trade,TESTE,100077.63749625663,126,,,,UBS,GOLDM,,,
2026-03-28T12:02:45.358Z,market,trade,TESTE,100077.2613187988,61,,,,CS,CITI,,,
2026-03-28T12:02:45.516Z,market,trade,TESTE,100080.13414808972,61,,,,CS,CS,,,
2026-03-28T12:02:45.673Z,market,trade,TESTE,100070.88523635146,174,,,,XP,ITAU,,,
2026-03-28T12:02:45.825Z,market,trade,TESTE,100074.59324985722,72,,,,BTG,BARCL,,,
2026-03-28T12:02:45.988Z,market,trade,TESTE,100071.19932577504,167,,,,BTG,ITAU,,,
2026-03-28T12:02:46.139Z,market,trade,TESTE,100082.25290554491,169,,,,ITAU,CS,,,
2026-03-28T12:02:46.302Z,market,trade,TESTE,100069.13754831263,99,,,,CITI,GOLDM,,,
2026-03-28T12:02:46.456Z,market,trade,TESTE,100065.59494826029,191,,,,JPM,CS,,,
2026-03-28T12:02:46.621Z,market,trade,TESTE,100070.88317433852,42,,,,CS,UBS,,,
2026-03-28T12:02:46.787Z,market,trade,TESTE,100059.93611514375,78,,,,ITAU,GOLDM,,,
2026-03-28T12:02:46.941Z,market,trade,TESTE,100067.88944128023,153,,,,JPM,UBS,,,
2026-03-28T12:02:47.106Z,market,trade,TESTE,100066.19811930199,115,,,,GOLDM,MS,,,
2026-03-28T12:02:47.258Z,market,trade,TESTE,100063.9523150151,113,,,,CS,XP,,,
2026-03-28T12:02:47.422Z,market,trade,TESTE,100056.09115287298,83,,,,ITAU,CITI,,,
2026-03-28T12:02:47.586Z,market,trade,TESTE,100051.31871925452,121,,,,ITAU,BARCL,,,
2026-03-28T12:02:47.751Z,market,trade,TESTE,100047.1945247721,47,,,,BARCL,UBS,,,
2026-03-28T12:02:47.904Z,market,trade,TESTE,100045.58148934894,172,,,,JPM,BARCL,,,
2026-03-28T12:02:48.070Z,market,trade,TESTE,100044.97853322663,89,,,,BARCL,JPM,,,
2026-03-28T12:02:48.221Z,market,trade,TESTE,100043.90599105107,152,,,,CS,JPM,,,
2026-03-28T12:02:48.385Z,market,trade,TESTE,100046.63365073214,63,,,,BTG,MS,,,
2026-03-28T12:02:48.537Z,market,trade,TESTE,100059.30253979826,47,,,,BTG,GOLDM,,,
2026-03-28T12:02:48.702Z,market,trade,TESTE,100054.62754296885,71,,,,JPM,GOLDM,,,
2026-03-28T12:02:48.853Z,market,trade,TESTE,100045.37308366034,113,,,,GOLDM,CS,,,
2026-03-28T12:02:49.018Z,market,trade,TESTE,100057.16653787534,122,,,,BTG,CITI,,,
2026-03-28T12:02:49.170Z,market,trade,TESTE,100058.82886099207,95,,,,UBS,MS,,,
2026-03-28T12:02:49.335Z,market,trade,TESTE,100056.41674084243,126,,,,BTG,CITI,,,
2026-03-28T12:02:49.488Z,market,trade,TESTE,100045.31504508312,34,,,,CITI,MS,,,
2026-03-28T12:02:49.652Z,market,trade,TESTE,100045.86642077683,109,,,,BARCL,CITI,,,
2026-03-28T12:02:49.803Z,market,trade,TESTE,100041.99749419172,60,,,,MS,CITI,,,
2026-03-28T12:02:49.953Z,market,trade,TESTE,100052.00486149457,22,,,,ITAU,XP,,,
2026-03-28T12:02:50.105Z,market,trade,TESTE,100040.48634926578,137,,,,GOLDM,JPM,,,
2026-03-28T12:02:50.258Z,market,trade,TESTE,100055.23966161399,29,,,,BTG,JPM,,,
2026-03-28T12:02:50.422Z,market,trade,TESTE,100043.23907365023,81,,,,UBS,GOLDM,,,
2026-03-28T12:02:50.574Z,market,trade,TESTE,100052.21044426,138,,,,BTG,BARCL,,,
2026-03-28T12:02:50.739Z,market,trade,TESTE,100048.83368628395,16,,,,BARCL,BTG,,,
2026-03-28T12:02:50.902Z,market,trade,TESTE,100044.687952003,20,,,,UBS,GOLDM,,,
2026-03-28T12:02:51.054Z,market,trade,TESTE,100031.31951849381,24,,,,UBS,CS,,,
2026-03-28T12:02:51.204Z,market,trade,TESTE,100044.82019947597,83,,,,GOLDM,GOLDM,,,
2026-03-28T12:02:51.355Z,market,trade,TESTE,100048.79997050003,53,,,,CITI,ITAU,,,
2026-03-28T12:02:51.520Z,market,trade,TESTE,100053.32860896793,140,,,,UBS,CS,,,
2026-03-28T12:02:51.685Z,market,trade,TESTE,100049.89594606603,124,,,,XP,XP,,,
2026-03-28T12:02:51.838Z,market,trade,TESTE,100047.23755500026,136,,,,GOLDM,CITI,,,
2026-03-28T12:02:52.003Z,market,trade,TESTE,100041.03085724896,29,,,,UBS,JPM,,,
2026-03-28T12:02:52.156Z,market,trade,TESTE,100039.04433182618,43,,,,BTG,UBS,,,
2026-03-28T12:02:52.318Z,market,trade,TESTE,100047.61467308144,16,,,,CITI,XP,,,
2026-03-28T12:02:52.472Z,market,trade,TESTE,100043.87893261548,184,,,,CS,JPM,,,
2026-03-28T12:02:52.637Z,market,trade,TESTE,100047.48656810934,74,,,,GOLDM,ITAU,,,
2026-03-28T12:02:52.803Z,market,trade,TESTE,100033.24268942131,153,,,,BTG,XP,,,
2026-03-28T12:02:52.970Z,market,trade,TESTE,100044.17488872872,54,,,,CITI,ITAU,,,
2026-03-28T12:02:53.124Z,market,trade,TESTE,100033.16693142276,179,,,,CITI,XP,,,
2026-03-28T12:02:53.287Z,market,trade,TESTE,100038.89861213371,16,,,,MS,XP,,,
2026-03-28T12:02:53.439Z,market,trade,TESTE,100036.95117904492,170,,,,BTG,XP,,,
2026-03-28T12:02:53.602Z,market,trade,TESTE,100028.50192048635,15,,,,BTG,UBS,,,
2026-03-28T12:02:53.754Z,market,trade,TESTE,100032.83429533703,50,,,,ITAU,CS,,,
2026-03-28T12:02:53.920Z,market,trade,TESTE,100039.17297373472,167,,,,CITI,CS,,,
2026-03-28T12:02:54.071Z,market,trade,TESTE,100042.7769631001,44,,,,CS,JPM,,,
2026-03-28T12:02:54.237Z,market,trade,TESTE,100029.69937268653,64,,,,ITAU,XP,,,
2026-03-28T12:02:54.402Z,market,trade,TESTE,100027.49631784087,12,,,,JPM,ITAU,,,
2026-03-28T12:02:54.555Z,market,trade,TESTE,100030.6832048741,62,,,,BTG,BTG,,,
2026-03-28T12:02:54.720Z,market,trade,TESTE,100029.63672601679,197,,,,CS,MS,,,
2026-03-28T12:02:54.871Z,market,trade,TESTE,100031.67594571049,88,,,,ITAU,BTG,,,
2026-03-28T12:02:55.022Z,market,trade,TESTE,100028.14602950889,25,,,,MS,XP,,,
2026-03-28T12:02:55.187Z,market,trade,TESTE,100028.30450380842,183,,,,JPM,ITAU,,,
2026-03-28T12:02:55.352Z,market,trade,TESTE,100026.28351248859,152,,,,MS,ITAU,,,
2026-03-28T12:02:55.505Z,market,trade,TESTE,100038.22100243454,140,,,,GOLDM,BTG,,,
2026-03-28T12:02:55.669Z,market,trade,TESTE,100026.70332925416,10,,,,UBS,XP,,,
2026-03-28T12:02:55.820Z,market,trade,TESTE,100029.0995929618,73,,,,UBS,MS,,,
2026-03-28T12:02:55.972Z,market,trade,TESTE,100029.2226471303,111,,,,MS,BTG,,,
2026-03-28T12:02:56.123Z,market,trade,TESTE,100042.12157915373,98,,,,BTG,UBS,,,
2026-03-28T12:02:56.287Z,market,trade,TESTE,100045.5066709379,142,,,,CITI,BARCL,,,
2026-03-28T12:02:56.441Z,market,trade,TESTE,100038.41749737423,70,,,,UBS,JPM,,,
2026-03-28T12:02:56.604Z,market,trade,TESTE,100050.46609300758,143,,,,GOLDM,BARCL,,,
2026-03-28T12:02:56.754Z,market,trade,TESTE,100050.00342950577,59,,,,ITAU,MS,,,
2026-03-28T12:02:56.920Z,market,trade,TESTE,100043.13574413896,151,,,,BTG,BTG,,,
2026-03-28T12:02:57.072Z,market,trade,TESTE,100046.40349755528,103,,,,UBS,ITAU,,,
2026-03-28T12:02:57.237Z,market,trade,TESTE,100055.96432888534,35,,,,ITAU,CITI,,,
2026-03-28T12:02:57.392Z,market,trade,TESTE,100047.64549503083,175,,,,BTG,JPM,,,
2026-03-28T12:02:57.554Z,market,trade,TESTE,100061.86697913315,18,,,,GOLDM,UBS,,,
2026-03-28T12:02:57.720Z,market,trade,TESTE,100056.32402901689,173,,,,UBS,XP,,,
2026-03-28T12:02:57.871Z,market,trade,TESTE,100056.70045583362,11,,,,UBS,GOLDM,,,
2026-03-28T12:02:58.035Z,market,trade,TESTE,100057.41537923567,19,,,,BTG,JPM,,,
2026-03-28T12:02:58.189Z,market,trade,TESTE,100061.96099511915,140,,,,JPM,ITAU,,,
2026-03-28T12:02:58.354Z,market,trade,TESTE,100060.06247279591,93,,,,BTG,XP,,,
2026-03-28T12:02:58.504Z,market,trade,TESTE,100070.30560081711,58,,,,UBS,BTG,,,
2026-03-28T12:02:58.670Z,market,trade,TESTE,100060.01019332174,139,,,,ITAU,XP,,,
2026-03-28T12:02:58.836Z,market,trade,TESTE,100068.7358462629,111,,,,BARCL,JPM,,,
2026-03-28T12:02:58.988Z,market,trade,TESTE,100068.07715305354,142,,,,GOLDM,XP,,,
2026-03-28T12:02:59.139Z,market,trade,TESTE,100062.14513397924,129,,,,GOLDM,BTG,,,
2026-03-28T12:02:59.302Z,market,trade,TESTE,100057.42468208926,95,,,,BTG,CITI,,,
2026-03-28T12:02:59.457Z,market,trade,TESTE,100063.2630212608,184,,,,JPM,BTG,,,
2026-03-28T12:02:59.620Z,market,trade,TESTE,100057.85097241831,77,,,,JPM,JPM,,,
2026-03-28T12:02:59.771Z,market,trade,TESTE,100069.52542973794,42,,,,XP,BARCL,,,
2026-03-28T12:02:59.937Z,market,trade,TESTE,100073.0573833339,22,,,,CITI,CITI,,,
2026-03-28T12:03:00.090Z,market,trade,TESTE,100071.07091836687,89,,,,JPM,MS,,,
2026-03-28T12:03:00.253Z,market,trade,TESTE,100070.62306452658,94,,,,GOLDM,JPM,,,
2026-03-28T12:03:00.408Z,market,trade,TESTE,100063.81526866968,32,,,,MS,CITI,,,
2026-03-28T12:03:00.571Z,market,trade,TESTE,100075.26958272472,131,,,,CITI,CITI,,,
2026-03-28T12:03:00.737Z,market,trade,TESTE,100074.47357959898,157,,,,JPM,CS,,,
2026-03-28T12:03:00.904Z,market,trade,TESTE,100073.46198427175,83,,,,GOLDM,BARCL,,,
2026-03-28T12:03:01.070Z,market,trade,TESTE,100062.77638356588,91,,,,BARCL,BTG,,,
2026-03-28T12:03:01.220Z,market,trade,TESTE,100060.1086469179,84,,,,MS,UBS,,,
2026-03-28T12:03:01.386Z,market,trade,TESTE,100075.03464400818,150,,,,BTG,MS,,,
2026-03-28T12:03:01.537Z,market,trade,TESTE,100076.22250046498,67,,,,JPM,JPM,,,
2026-03-28T12:03:01.689Z,market,trade,TESTE,100069.85585123242,124,,,,ITAU,UBS,,,
2026-03-28T12:03:01.854Z,market,trade,TESTE,100076.59164220595,55,,,,BTG,MS,,,
2026-03-28T12:03:02.005Z,market,trade,TESTE,100062.43121514909,97,,,,BARCL,JPM,,,
2026-03-28T12:03:02.156Z,market,trade,TESTE,100063.13961021023,150,,,,CITI,UBS,,,
2026-03-28T12:03:02.319Z,market,trade,TESTE,100059.19221594732,26,,,,CITI,XP,,,
2026-03-28T12:03:02.471Z,market,trade,TESTE,100074.06825281438,41,,,,GOLDM,BTG,,,
2026-03-28T12:03:02.622Z,market,trade,TESTE,100074.44446092326,50,,,,XP,JPM,,,
2026-03-28T12:03:02.787Z,market,trade,TESTE,100064.39657501642,9,,,,XP,ITAU,,,
2026-03-28T12:03:02.937Z,market,trade,TESTE,100067.9126283659,75,,,,ITAU,MS,,,
2026-03-28T12:03:03.090Z,market,trade,TESTE,100067.26996763167,117,,,,BARCL,MS,,,
2026-03-28T12:03:03.253Z,market,trade,TESTE,100070.56402543947,124,,,,BARCL,CITI,,,
2026-03-28T12:03:03.408Z,market,trade,TESTE,100082.08403648046,135,,,,BTG,BTG,,,
2026-03-28T12:03:03.571Z,market,trade,TESTE,100068.49592118617,13,,,,BTG,ITAU,,,
2026-03-28T12:03:03.735Z,market,trade,TESTE,100069.87902454802,49,,,,BTG,BARCL,,,
2026-03-28T12:03:03.886Z,market,trade,TESTE,100082.84034560646,12,,,,CS,UBS,,,
2026-03-28T12:03:04.036Z,market,trade,TESTE,100084.90367575825,139,,,,CS,XP,,,
2026-03-28T12:03:04.187Z,market,trade,TESTE,100080.88777990919,163,,,,CS,ITAU,,,
2026-03-28T12:03:04.337Z,market,trade,TESTE,100076.33754340003,156,,,,CS,GOLDM,,,
2026-03-28T12:03:04.503Z,market,trade,TESTE,100075.57414037162,188,,,,ITAU,JPM,,,
2026-03-28T12:03:04.668Z,market,trade,TESTE,100073.7527763256,120,,,,ITAU,BTG,,,
2026-03-28T12:03:04.821Z,market,trade,TESTE,100071.53066373648,45,,,,MS,CS,,,
2026-03-28T12:03:04.987Z,market,trade,TESTE,100069.56523703308,103,,,,ITAU,UBS,,,
2026-03-28T12:03:05.139Z,market,trade,TESTE,100061.032807426,165,,,,BTG,ITAU,,,
2026-03-28T12:03:05.300Z,market,trade,TESTE,100058.77223213376,82,,,,BTG,GOLDM,,,
2026-03-28T12:03:05.457Z,market,trade,TESTE,100061.64001721106,76,,,,CS,CITI,,,
2026-03-28T12:03:05.621Z,market,trade,TESTE,100065.00797901671,104,,,,ITAU,XP,,,
2026-03-28T12:03:05.772Z,market,trade,TESTE,100079.56143120589,140,,,,XP,ITAU,,,
2026-03-28T12:03:05.937Z,market,trade,TESTE,100079.55763575972,190,,,,ITAU,JPM,,,
2026-03-28T12:03:06.089Z,market,trade,TESTE,100072.56727305341,71,,,,CITI,ITAU,,,
2026-03-28T12:03:06.253Z,market,trade,TESTE,100069.62732877447,47,,,,XP,UBS,,,
2026-03-28T12:03:06.407Z,market,trade,TESTE,100073.48466828652,100,,,,JPM,BTG,,,
2026-03-28T12:03:06.570Z,market,trade,TESTE,100072.00544111854,71,,,,MS,XP,,,
2026-03-28T12:03:06.723Z,market,trade,TESTE,100080.47246158174,128,,,,BARCL,GOLDM,,,
2026-03-28T12:03:06.875Z,market,trade,TESTE,100070.59568912265,168,,,,UBS,CS,,,
2026-03-28T12:03:07.028Z,market,trade,TESTE,100080.48502857647,96,,,,MS,UBS,,,
2026-03-28T12:03:07.184Z,market,trade,TESTE,100083.59955249536,189,,,,XP,CITI,,,
2026-03-28T12:03:07.341Z,market,trade,TESTE,100080.25096453638,161,,,,CS,ITAU,,,
2026-03-28T12:03:07.505Z,market,trade,TESTE,100081.34851879795,33,,,,UBS,ITAU,,,
2026-03-28T12:03:07.670Z,market,trade,TESTE,100069.3179818245,193,,,,JPM,ITAU,,,
2026-03-28T12:03:07.823Z,market,trade,TESTE,100075.20881766155,171,,,,GOLDM,CS,,,
2026-03-28T12:03:07.973Z,market,trade,TESTE,100063.3432722119,58,,,,XP,JPM,,,
2026-03-28T12:03:08.124Z,market,trade,TESTE,100071.29930640887,69,,,,XP,XP,,,
2026-03-28T12:03:08.287Z,market,trade,TESTE,100074.71359354771,104,,,,XP,CS,,,
2026-03-28T12:03:08.457Z,market,trade,TESTE,100062.96863877666,110,,,,MS,CS,,,
2026-03-28T12:03:08.608Z,market,trade,TESTE,100077.21080116802,167,,,,UBS,UBS,,,
2026-03-28T12:03:08.771Z,market,trade,TESTE,100069.55352789837,27,,,,JPM,BTG,,,
2026-03-28T12:03:08.930Z,market,trade,TESTE,100074.29650006253,52,,,,XP,CS,,,
2026-03-28T12:03:09.089Z,market,trade,TESTE,100072.26913157242,75,,,,BTG,JPM,,,
2026-03-28T12:03:09.254Z,market,trade,TESTE,100078.07374762504,137,,,,CS,UBS,,,
2026-03-28T12:03:09.407Z,market,trade,TESTE,100078.04468450253,111,,,,JPM,CS,,,
2026-03-28T12:03:09.573Z,market,trade,TESTE,100077.35343720521,37,,,,GOLDM,ITAU,,,
2026-03-28T12:03:09.723Z,market,trade,TESTE,100076.31803956829,98,,,,MS,ITAU,,,
2026-03-28T12:03:09.874Z,market,trade,TESTE,100063.02424877048,155,,,,BTG,GOLDM,,,
2026-03-28T12:03:10.036Z,market,trade,TESTE,100061.0961875818,46,,,,CS,CS,,,
2026-03-28T12:03:10.189Z,market,trade,TESTE,100067.50615283212,60,,,,ITAU,JPM,,,
2026-03-28T12:03:10.340Z,market,trade,TESTE,100058.0529785497,163,,,,MS,BARCL,,,
2026-03-28T12:03:10.491Z,market,trade,TESTE,100064.57277570617,85,,,,XP,CITI,,,
2026-03-28T12:03:10.652Z,market,trade,TESTE,100050.21755466366,58,,,,GOLDM,GOLDM,,,
2026-03-28T12:03:10.807Z,market,trade,TESTE,100060.66965350436,178,,,,MS,UBS,,,
2026-03-28T12:03:10.969Z,market,trade,TESTE,100058.01616068391,141,,,,XP,CITI,,,
2026-03-28T12:03:11.130Z,market,trade,TESTE,100044.56324321013,65,,,,XP,CITI,,,
2026-03-28T12:03:11.291Z,market,trade,TESTE,100040.6113536039,41,,,,CS,BTG,,,
2026-03-28T12:03:11.456Z,market,trade,TESTE,100040.86256289364,109,,,,GOLDM,XP,,,
2026-03-28T12:03:11.622Z,market,trade,TESTE,100038.32185099019,167,,,,BTG,GOLDM,,,
2026-03-28T12:03:11.772Z,market,trade,TESTE,100052.43052776951,121,,,,BARCL,CS,,,
2026-03-28T12:03:11.938Z,market,trade,TESTE,100052.67606745446,84,,,,JPM,GOLDM,,,
2026-03-28T12:03:12.102Z,market,trade,TESTE,100054.60532117095,195,,,,ITAU,CITI,,,
2026-03-28T12:03:12.261Z,market,trade,TESTE,100048.86235225853,188,,,,CITI,JPM,,,
2026-03-28T12:03:12.421Z,market,trade,TESTE,100054.6806062319,52,,,,MS,BARCL,,,
2026-03-28T12:03:12.574Z,market,trade,TESTE,100050.72895457737,77,,,,CITI,CITI,,,
2026-03-28T12:03:12.736Z,market,trade,TESTE,100047.55066279718,53,,,,ITAU,GOLDM,,,
2026-03-28T12:03:12.888Z,market,trade,TESTE,100047.34826780984,186,,,,XP,GOLDM,,,
2026-03-28T12:03:13.039Z,market,trade,TESTE,100042.8647704489,147,,,,XP,CS,,,
2026-03-28T12:03:13.191Z,market,trade,TESTE,100044.12153199334,14,,,,BARCL,BTG,,,
2026-03-28T12:03:13.352Z,market,trade,TESTE,100040.63902809359,154,,,,UBS,XP,,,
2026-03-28T12:03:13.506Z,market,trade,TESTE,100037.186221503,24,,,,CITI,MS,,,
2026-03-28T12:03:13.669Z,market,trade,TESTE,100033.50516795476,136,,,,BTG,CS,,,
2026-03-28T12:03:13.824Z,market,trade,TESTE,100020.51092665362,145,,,,BARCL,XP,,,
2026-03-28T12:03:13.987Z,market,trade,TESTE,100020.67919441497,106,,,,CS,BTG,,,
2026-03-28T12:03:14.138Z,market,trade,TESTE,100021.58336817639,69,,,,XP,BARCL,,,
2026-03-28T12:03:14.289Z,market,trade,TESTE,100032.94488119312,57,,,,BARCL,XP,,,
2026-03-28T12:03:14.441Z,market,trade,TESTE,100022.83797556866,30,,,,GOLDM,CS,,,
2026-03-28T12:03:14.603Z,market,trade,TESTE,100029.0543654141,51,,,,CITI,BTG,,,
2026-03-28T12:03:14.769Z,market,trade,TESTE,100017.0708766037,158,,,,CS,JPM,,,
2026-03-28T12:03:14.922Z,market,trade,TESTE,100012.45177977956,69,,,,UBS,CS,,,
2026-03-28T12:03:15.074Z,market,trade,TESTE,100015.77367745065,73,,,,BTG,UBS,,,
2026-03-28T12:03:15.236Z,market,trade,TESTE,100020.8296482011,121,,,,CITI,MS,,,
2026-03-28T12:03:15.388Z,market,trade,TESTE,100010.03115750682,147,,,,UBS,CITI,,,
2026-03-28T12:03:15.553Z,market,trade,TESTE,100012.73866332821,190,,,,XP,ITAU,,,
2026-03-28T12:03:15.706Z,market,trade,TESTE,100010.29732321731,166,,,,BTG,XP,,,
2026-03-28T12:03:15.857Z,market,trade,TESTE,100008.80053158771,18,,,,UBS,BTG,,,
2026-03-28T12:03:16.020Z,market,trade,TESTE,100019.66901781854,84,,,,CITI,UBS,,,
2026-03-28T12:03:16.173Z,market,trade,TESTE,100012.64757194783,163,,,,XP,XP,,,
2026-03-28T12:03:16.324Z,market,trade,TESTE,100019.06868684708,195,,,,ITAU,GOLDM,,,
2026-03-28T12:03:16.485Z,market,trade,TESTE,100019.74558999372,13,,,,CITI,CS,,,
2026-03-28T12:03:16.636Z,market,trade,TESTE,100020.29395761719,172,,,,GOLDM,UBS,,,
2026-03-28T12:03:16.788Z,market,trade,TESTE,100010.33026128131,199,,,,UBS,BARCL,,,
2026-03-28T12:03:16.941Z,market,trade,TESTE,100017.97444772169,88,,,,CS,JPM,,,
2026-03-28T12:03:17.104Z,market,trade,TESTE,100014.66689435871,176,,,,CS,GOLDM,,,
2026-03-28T12:03:17.255Z,market,trade,TESTE,100013.1820228006,198,,,,CITI,ITAU,,,
2026-03-28T12:03:17.408Z,market,trade,TESTE,100015.82938013454,129,,,,CITI,BARCL,,,
2026-03-28T12:03:17.572Z,market,trade,TESTE,100017.49974769296,43,,,,GOLDM,GOLDM,,,
2026-03-28T12:03:17.724Z,market,trade,TESTE,100015.73314431976,184,,,,BARCL,JPM,,,
2026-03-28T12:03:17.890Z,market,trade,TESTE,100011.49169928979,166,,,,BARCL,MS,,,
2026-03-28T12:03:18.041Z,market,trade,TESTE,100011.6664596714,189,,,,CITI,CITI,,,
2026-03-28T12:03:18.203Z,market,trade,TESTE,100013.23527420042,194,,,,BARCL,ITAU,,,
2026-03-28T12:03:18.356Z,market,trade,TESTE,99998.53211064248,76,,,,UBS,XP,,,
2026-03-28T12:03:18.510Z,market,trade,TESTE,99995.29559784333,151,,,,UBS,UBS,,,
2026-03-28T12:03:18.671Z,market,trade,TESTE,100003.79461232321,167,,,,CS,ITAU,,,
2026-03-28T12:03:18.836Z,market,trade,TESTE,100006.22901280242,19,,,,CITI,UBS,,,
2026-03-28T12:03:18.990Z,market,trade,TESTE,100003.14300137572,26,,,,JPM,GOLDM,,,
2026-03-28T12:03:19.154Z,market,trade,TESTE,99994.1545249879,198,,,,GOLDM,XP,,,
2026-03-28T12:03:19.306Z,market,trade,TESTE,100006.44275614891,38,,,,CITI,MS,,,
2026-03-28T12:03:19.456Z,market,trade,TESTE,99993.81597061204,133,,,,BTG,CITI,,,
2026-03-28T12:03:19.607Z,market,trade,TESTE,100000.24923960905,104,,,,CITI,MS,,,
2026-03-28T12:03:19.757Z,market,trade,TESTE,99994.2248218467,99,,,,CS,BTG,,,
2026-03-28T12:03:19.916Z,market,trade,TESTE,100003.24885440366,99,,,,XP,BARCL,,,
2026-03-28T12:03:20.070Z,market,trade,TESTE,99998.46444533954,20,,,,CS,JPM,,,
2026-03-28T12:03:20.223Z,market,trade,TESTE,99991.19979246784,163,,,,CITI,GOLDM,,,
2026-03-28T12:03:20.374Z,market,trade,TESTE,99988.80609926117,35,,,,CITI,BTG,,,
2026-03-28T12:03:20.537Z,market,trade,TESTE,100003.11756365237,180,,,,BARCL,GOLDM,,,
2026-03-28T12:03:20.690Z,market,trade,TESTE,99989.41523454395,145,,,,ITAU,GOLDM,,,
2026-03-28T12:03:20.841Z,market,trade,TESTE,99986.49894164402,169,,,,BARCL,BTG,,,
2026-03-28T12:03:21.005Z,market,trade,TESTE,100000.51940506935,85,,,,XP,UBS,,,
2026-03-28T12:03:21.170Z,market,trade,TESTE,99998.53813443004,151,,,,GOLDM,XP,,,
2026-03-28T12:03:21.321Z,market,trade,TESTE,99983.7661720726,54,,,,GOLDM,JPM,,,
2026-03-28T12:03:21.472Z,market,trade,TESTE,99990.93972836003,79,,,,BTG,XP,,,
2026-03-28T12:03:21.624Z,market,trade,TESTE,99983.24579345407,84,,,,XP,CITI,,,
2026-03-28T12:03:21.789Z,market,trade,TESTE,99978.54573191231,170,,,,BTG,BTG,,,
2026-03-28T12:03:21.941Z,market,trade,TESTE,99979.43135182194,92,,,,GOLDM,JPM,,,
2026-03-28T12:03:22.092Z,market,trade,TESTE,99991.17865850868,21,,,,BTG,CITI,,,
2026-03-28T12:03:22.252Z,market,trade,TESTE,99992.61934007875,178,,,,BARCL,BTG,,,
2026-03-28T12:03:22.407Z,market,trade,TESTE,99988.44391966761,35,,,,BTG,BARCL,,,
2026-03-28T12:03:22.569Z,market,trade,TESTE,99982.39666593735,121,,,,CITI,JPM,,,
2026-03-28T12:03:22.724Z,market,trade,TESTE,99981.10594698899,182,,,,UBS,MS,,,
2026-03-28T12:03:22.888Z,market,trade,TESTE,99979.87812461607,85,,,,BARCL,ITAU,,,
2026-03-28T12:03:23.040Z,market,trade,TESTE,99981.26800849308,39,,,,BTG,GOLDM,,,
2026-03-28T12:03:23.203Z,market,trade,TESTE,99989.51598125583,84,,,,JPM,BARCL,,,
2026-03-28T12:03:23.355Z,market,trade,TESTE,99991.68410755383,9,,,,ITAU,XP,,,
2026-03-28T12:03:23.506Z,market,trade,TESTE,99995.89549185746,118,,,,ITAU,XP,,,
2026-03-28T12:03:23.657Z,market,trade,TESTE,99988.9241994575,180,,,,BTG,CS,,,
2026-03-28T12:03:23.822Z,market,trade,TESTE,99997.3308923603,119,,,,CITI,XP,,,
2026-03-28T12:03:23.986Z,market,trade,TESTE,100000.49524973899,154,,,,UBS,BARCL,,,
2026-03-28T12:03:24.139Z,market,trade,TESTE,99995.98173368248,105,,,,MS,BARCL,,,
2026-03-28T12:03:24.303Z,market,trade,TESTE,99985.39035384425,59,,,,JPM,UBS,,,
2026-03-28T12:03:24.455Z,market,trade,TESTE,99990.7863161217,34,,,,CS,GOLDM,,,
2026-03-28T12:03:24.619Z,market,trade,TESTE,99988.05217958878,89,,,,BARCL,CITI,,,
2026-03-28T12:03:24.771Z,market,trade,TESTE,99981.32961759187,127,,,,MS,BTG,,,
2026-03-28T12:03:24.923Z,market,trade,TESTE,99993.47198823791,153,,,,CS,CS,,,
2026-03-28T12:03:25.084Z,market,trade,TESTE,99995.15547023568,194,,,,XP,UBS,,,
2026-03-28T12:03:25.236Z,market,trade,TESTE,99985.51304910802,55,,,,GOLDM,XP,,,
2026-03-28T12:03:25.401Z,market,trade,TESTE,99989.55343574025,90,,,,CITI,MS,,,
2026-03-28T12:03:25.554Z,market,trade,TESTE,99991.39288407896,130,,,,CS,MS,,,
2026-03-28T12:03:25.706Z,market,trade,TESTE,99992.14478185018,158,,,,UBS,JPM,,,
2026-03-28T12:03:25.856Z,market,trade,TESTE,100000.22447980344,108,,,,GOLDM,XP,,,
2026-03-28T12:03:26.022Z,market,trade,TESTE,100003.37157176604,194,,,,GOLDM,CITI,,,
2026-03-28T12:03:26.188Z,market,trade,TESTE,99990.9436042538,200,,,,BTG,BTG,,,
2026-03-28T12:03:26.354Z,market,trade,TESTE,99990.02550507641,86,,,,BARCL,CS,,,
2026-03-28T12:03:26.506Z,market,trade,TESTE,99987.94496920591,52,,,,XP,UBS,,,
2026-03-28T12:03:26.670Z,market,trade,TESTE,99984.90828629541,127,,,,XP,MS,,,
2026-03-28T12:03:26.823Z,market,trade,TESTE,99989.80584949357,10,,,,XP,UBS,,,
2026-03-28T12:03:26.979Z,market,trade,TESTE,100002.35776037237,189,,,,GOLDM,MS,,,
2026-03-28T12:03:27.140Z,market,trade,TESTE,100006.83639204424,33,,,,CITI,JPM,,,
2026-03-28T12:03:27.291Z,market,trade,TESTE,99997.32476890799,87,,,,JPM,ITAU,,,
2026-03-28T12:03:27.447Z,market,trade,TESTE,99998.74571265782,67,,,,MS,JPM,,,
2026-03-28T12:03:27.606Z,market,trade,TESTE,99999.83192229935,149,,,,ITAU,XP,,,
2026-03-28T12:03:27.770Z,market,trade,TESTE,100003.17418203082,182,,,,UBS,MS,,,
2026-03-28T12:03:27.923Z,market,trade,TESTE,100014.6595989266,194,,,,BTG,CS,,,
2026-03-28T12:03:28.086Z,market,trade,TESTE,100014.57310708567,10,,,,CITI,ITAU,,,
2026-03-28T12:03:28.237Z,market,trade,TESTE,99999.90765399447,128,,,,CS,ITAU,,,
2026-03-28T12:03:28.388Z,market,trade,TESTE,100006.65364548308,17,,,,GOLDM,XP,,,
2026-03-28T12:03:28.540Z,market,trade,TESTE,100001.43123942053,189,,,,JPM,CITI,,,
2026-03-28T12:03:28.692Z,market,trade,TESTE,100000.89945193444,37,,,,UBS,CITI,,,
2026-03-28T12:03:28.858Z,market,trade,TESTE,100010.40507577338,135,,,,JPM,GOLDM,,,
2026-03-28T12:03:29.019Z,market,trade,TESTE,100008.17636147545,40,,,,JPM,BTG,,,
2026-03-28T12:03:29.171Z,market,trade,TESTE,99995.95572191599,113,,,,CS,BTG,,,
2026-03-28T12:03:29.337Z,market,trade,TESTE,100007.12568892221,187,,,,JPM,XP,,,
2026-03-28T12:03:29.490Z,market,trade,TESTE,100004.58175393938,156,,,,UBS,BARCL,,,
2026-03-28T12:03:29.640Z,market,trade,TESTE,100000.56588104197,108,,,,GOLDM,BTG,,,
2026-03-28T12:03:29.791Z,market,trade,TESTE,100001.04911838107,138,,,,CITI,XP,,,
2026-03-28T12:03:29.941Z,market,trade,TESTE,99993.2033940512,185,,,,CS,UBS,,,
2026-03-28T12:03:30.104Z,market,trade,TESTE,100002.54629380224,119,,,,BARCL,GOLDM,,,
2026-03-28T12:03:30.256Z,market,trade,TESTE,99997.55955367867,92,,,,MS,CS,,,
2026-03-28T12:03:30.419Z,market,trade,TESTE,99990.44075427036,84,,,,XP,CITI,,,
2026-03-28T12:03:30.572Z,market,trade,TESTE,99995.2312769907,13,,,,CS,BARCL,,,
2026-03-28T12:03:30.723Z,market,trade,TESTE,100003.24682769622,104,,,,JPM,GOLDM,,,
2026-03-28T12:03:30.890Z,market,trade,TESTE,100002.78214236972,46,,,,XP,MS,,,
2026-03-28T12:03:31.051Z,market,trade,TESTE,99996.77888256582,65,,,,CS,MS,,,
2026-03-28T12:03:31.202Z,market,trade,TESTE,100000.21324928882,32,,,,JPM,UBS,,,
2026-03-28T12:03:31.367Z,market,trade,TESTE,100009.41458154788,135,,,,BTG,BARCL,,,
2026-03-28T12:03:31.520Z,market,trade,TESTE,100007.08030789878,71,,,,ITAU,JPM,,,
2026-03-28T12:03:31.670Z,market,trade,TESTE,100009.95109589075,35,,,,BTG,UBS,,,
2026-03-28T12:03:31.834Z,market,trade,TESTE,99995.2435340349,29,,,,CITI,BTG,,,
2026-03-28T12:03:31.987Z,market,trade,TESTE,100006.50853598762,174,,,,XP,GOLDM,,,
2026-03-28T12:03:32.138Z,market,trade,TESTE,100008.80837021933,112,,,,UBS,GOLDM,,,
2026-03-28T12:03:32.301Z,market,trade,TESTE,100007.2869719877,58,,,,MS,UBS,,,
2026-03-28T12:03:32.456Z,market,trade,TESTE,100006.86968249844,151,,,,ITAU,CITI,,,
2026-03-28T12:03:32.620Z,market,trade,TESTE,100009.6707197538,28,,,,BTG,MS,,,
2026-03-28T12:03:32.772Z,market,trade,TESTE,100007.9081190379,198,,,,CITI,CS,,,
2026-03-28T12:03:32.936Z,market,trade,TESTE,100005.9140659572,44,,,,GOLDM,GOLDM,,,
2026-03-28T12:03:33.090Z,market,trade,TESTE,100008.54192160566,165,,,,XP,JPM,,,
2026-03-28T12:03:33.253Z,market,trade,TESTE,100003.00672710262,37,,,,BTG,CITI,,,
2026-03-28T12:03:33.408Z,market,trade,TESTE,100001.43693690427,8,,,,ITAU,BARCL,,,
2026-03-28T12:03:33.570Z,market,trade,TESTE,100004.72572731646,86,,,,ITAU,CITI,,,
2026-03-28T12:03:33.737Z,market,trade,TESTE,100005.26687490377,102,,,,JPM,JPM,,,
2026-03-28T12:03:33.888Z,market,trade,TESTE,100019.17237449408,128,,,,ITAU,XP,,,
2026-03-28T12:03:34.053Z,market,trade,TESTE,100005.76404457893,19,,,,GOLDM,XP,,,
2026-03-28T12:03:34.219Z,market,trade,TESTE,100008.35702288683,53,,,,XP,XP,,,
2026-03-28T12:03:34.370Z,market,trade,TESTE,100015.71434230555,45,,,,XP,JPM,,,
2026-03-28T12:03:34.522Z,market,trade,TESTE,100018.14148846664,16,,,,JPM,MS,,,
2026-03-28T12:03:34.686Z,market,trade,TESTE,100022.28359486976,29,,,,CITI,BTG,,,
2026-03-28T12:03:34.838Z,market,trade,TESTE,100024.3980289785,132,,,,CITI,MS,,,
2026-03-28T12:03:35.004Z,market,trade,TESTE,100014.92450954522,136,,,,XP,UBS,,,
2026-03-28T12:03:35.154Z,market,trade,TESTE,100010.08687504283,183,,,,BTG,UBS,,,
2026-03-28T12:03:35.318Z,market,trade,TESTE,100011.30397825339,13,,,,CITI,BTG,,,
2026-03-28T12:03:35.472Z,market,trade,TESTE,100016.83528638323,11,,,,UBS,JPM,,,
2026-03-28T12:03:35.635Z,market,trade,TESTE,100010.23584120504,146,,,,BARCL,CS,,,
2026-03-28T12:03:35.787Z,market,trade,TESTE,100024.01846817414,144,,,,CS,GOLDM,,,
2026-03-28T12:03:35.953Z,market,trade,TESTE,100026.26635456736,21,,,,BARCL,CITI,,,
2026-03-28T12:03:36.107Z,market,trade,TESTE,100029.58961319359,7,,,,UBS,CS,,,
2026-03-28T12:03:36.269Z,market,trade,TESTE,100026.56447096757,117,,,,MS,CITI,,,
2026-03-28T12:03:36.424Z,market,trade,TESTE,100014.32701585662,6,,,,GOLDM,CITI,,,
2026-03-28T12:03:36.584Z,market,trade,TESTE,100019.59623992213,81,,,,CITI,ITAU,,,
2026-03-28T12:03:36.738Z,market,trade,TESTE,100022.96038093296,165,,,,MS,UBS,,,
2026-03-28T12:03:36.903Z,market,trade,TESTE,100024.98082717089,94,,,,BTG,MS,,,
2026-03-28T12:03:37.069Z,market,trade,TESTE,100026.59299431037,200,,,,ITAU,JPM,,,
2026-03-28T12:03:37.221Z,market,trade,TESTE,100021.47224917894,12,,,,JPM,BTG,,,
2026-03-28T12:03:37.386Z,market,trade,TESTE,100023.20333412764,123,,,,MS,BTG,,,
2026-03-28T12:03:37.538Z,market,trade,TESTE,100020.64825904273,105,,,,CS,CS,,,
2026-03-28T12:03:37.703Z,market,trade,TESTE,100023.08859952167,173,,,,CS,BARCL,,,
2026-03-28T12:03:37.869Z,market,trade,TESTE,100036.88938020605,152,,,,CITI,GOLDM,,,
2026-03-28T12:03:38.022Z,market,trade,TESTE,100039.3999909512,11,,,,ITAU,GOLDM,,,
2026-03-28T12:03:38.187Z,market,trade,TESTE,100040.83384557965,185,,,,CS,UBS,,,
2026-03-28T12:03:38.337Z,market,trade,TESTE,100034.52943852653,163,,,,CITI,ITAU,,,
2026-03-28T12:03:38.488Z,market,trade,TESTE,100034.73365000999,34,,,,ITAU,BARCL,,,
2026-03-28T12:03:38.651Z,market,trade,TESTE,100047.84622429077,49,,,,JPM,CITI,,,
2026-03-28T12:03:38.803Z,market,trade,TESTE,100048.52327960252,125,,,,MS,ITAU,,,
2026-03-28T12:03:38.969Z,market,trade,TESTE,100050.0133917485,17,,,,XP,UBS,,,
2026-03-28T12:03:39.123Z,market,trade,TESTE,100048.84447966545,47,,,,CS,ITAU,,,
2026-03-28T12:03:39.287Z,market,trade,TESTE,100037.40777712903,199,,,,UBS,XP,,,
2026-03-28T12:03:39.440Z,market,trade,TESTE,100038.2786157723,144,,,,MS,GOLDM,,,
2026-03-28T12:03:39.605Z,market,trade,TESTE,100042.45850840866,55,,,,JPM,JPM,,,
2026-03-28T12:03:39.770Z,market,trade,TESTE,100053.76446717491,5,,,,GOLDM,CS,,,
2026-03-28T12:03:39.921Z,market,trade,TESTE,100049.07920390401,165,,,,BARCL,XP,,,
2026-03-28T12:03:40.086Z,market,trade,TESTE,100047.15169478944,66,,,,BTG,BTG,,,
2026-03-28T12:03:40.237Z,market,trade,TESTE,100041.36087335496,41,,,,MS,BARCL,,,
2026-03-28T12:03:40.406Z,market,trade,TESTE,100037.53490425186,167,,,,ITAU,CS,,,
2026-03-28T12:03:40.570Z,market,trade,TESTE,100046.15727538019,197,,,,MS,BARCL,,,
2026-03-28T12:03:40.722Z,market,trade,TESTE,100046.76015228305,32,,,,GOLDM,XP,,,
2026-03-28T12:03:40.885Z,market,trade,TESTE,100038.5927103733,141,,,,MS,XP,,,
2026-03-28T12:03:41.036Z,market,trade,TESTE,100051.56687084347,151,,,,BARCL,CS,,,
2026-03-28T12:03:41.188Z,market,trade,TESTE,100049.84359782844,60,,,,XP,BARCL,,,
2026-03-28T12:03:41.354Z,market,trade,TESTE,100053.23210573834,76,,,,GOLDM,ITAU,,,
2026-03-28T12:03:41.506Z,market,trade,TESTE,100054.99886598192,113,,,,XP,GOLDM,,,
2026-03-28T12:03:41.670Z,market,trade,TESTE,100053.25726101288,50,,,,CS,MS,,,
2026-03-28T12:03:41.835Z,market,trade,TESTE,100044.33697107976,197,,,,CS,BARCL,,,
2026-03-28T12:03:41.988Z,market,trade,TESTE,100042.52961446675,76,,,,MS,CS,,,
2026-03-28T12:03:42.138Z,market,trade,TESTE,100049.3290696635,152,,,,GOLDM,CS,,,
2026-03-28T12:03:42.304Z,market,trade,TESTE,100050.47054870645,65,,,,CS,GOLDM,,,
2026-03-28T12:03:42.457Z,market,trade,TESTE,100046.89554978961,144,,,,MS,UBS,,,
2026-03-28T12:03:42.621Z,market,trade,TESTE,100044.78666957983,25,,,,GOLDM,JPM,,,
2026-03-28T12:03:42.771Z,market,trade,TESTE,100039.48962302128,110,,,,BARCL,UBS,,,
2026-03-28T12:03:42.921Z,market,trade,TESTE,100035.7649999312,39,,,,GOLDM,GOLDM,,,
2026-03-28T12:03:43.074Z,market,trade,TESTE,100036.52357086114,154,,,,JPM,MS,,,
2026-03-28T12:03:43.238Z,market,trade,TESTE,100048.51791770913,38,,,,UBS,JPM,,,
2026-03-28T12:03:43.402Z,market,trade,TESTE,100052.07947826483,175,,,,ITAU,MS,,,
2026-03-28T12:03:43.555Z,market,trade,TESTE,100048.4419701846,96,,,,JPM,CITI,,,
2026-03-28T12:03:43.719Z,market,trade,TESTE,100041.71736626384,112,,,,MS,GOLDM,,,
2026-03-28T12:03:43.871Z,market,trade,TESTE,100040.42113079262,169,,,,BTG,UBS,,,
2026-03-28T12:03:44.036Z,market,trade,TESTE,100053.82606845465,14,,,,CS,BARCL,,,
2026-03-28T12:03:44.186Z,market,trade,TESTE,100050.31370540797,89,,,,CITI,UBS,,,
2026-03-28T12:03:44.336Z,market,trade,TESTE,100041.56337231508,33,,,,CITI,UBS,,,
2026-03-28T12:03:44.489Z,market,trade,TESTE,100041.62248098906,120,,,,GOLDM,MS,,,
2026-03-28T12:03:44.652Z,market,trade,TESTE,100049.86568201079,43,,,,CITI,BTG,,,
2026-03-28T12:03:44.806Z,market,trade,TESTE,100046.44688561991,96,,,,CITI,CITI,,,
2026-03-28T12:03:44.971Z,market,trade,TESTE,100049.11120957398,86,,,,BTG,JPM,,,
2026-03-28T12:03:45.121Z,market,trade,TESTE,100035.35476510577,115,,,,XP,CS,,,
2026-03-28T12:03:45.274Z,market,trade,TESTE,100045.00992596785,47,,,,CITI,XP,,,
2026-03-28T12:03:45.435Z,market,trade,TESTE,100039.24737246422,45,,,,MS,XP,,,
2026-03-28T12:03:45.590Z,market,trade,TESTE,100043.97870395525,64,,,,GOLDM,XP,,,
2026-03-28T12:03:45.740Z,market,trade,TESTE,100045.67356491041,49,,,,XP,MS,,,
2026-03-28T12:03:45.906Z,market,trade,TESTE,100058.05741229457,181,,,,CITI,BARCL,,,
2026-03-28T12:03:46.056Z,market,trade,TESTE,100049.985320113,21,,,,BTG,CS,,,
2026-03-28T12:03:46.221Z,market,trade,TESTE,100050.60054737233,51,,,,GOLDM,CITI,,,
2026-03-28T12:03:46.386Z,market,trade,TESTE,100055.11982901546,36,,,,MS,CITI,,,
2026-03-28T12:03:46.541Z,market,trade,TESTE,100051.39153317628,200,,,,UBS,CITI,,,
2026-03-28T12:03:46.703Z,market,trade,TESTE,100050.25716389612,38,,,,CITI,BARCL,,,
2026-03-28T12:03:46.856Z,market,trade,TESTE,100063.7274441314,51,,,,XP,BARCL,,,
2026-03-28T12:03:47.007Z,market,trade,TESTE,100052.89667182667,150,,,,CITI,BTG,,,
2026-03-28T12:03:47.157Z,market,trade,TESTE,100059.30757051306,92,,,,CS,ITAU,,,
2026-03-28T12:03:47.322Z,market,trade,TESTE,100049.87801526376,134,,,,CS,CS,,,
2026-03-28T12:03:47.473Z,market,trade,TESTE,100050.36632281957,179,,,,CITI,BTG,,,
2026-03-28T12:03:47.624Z,market,trade,TESTE,100062.66964225072,20,,,,BTG,MS,,,
2026-03-28T12:03:47.776Z,market,trade,TESTE,100065.40629995722,55,,,,ITAU,UBS,,,
2026-03-28T12:03:47.928Z,market,trade,TESTE,100054.81021750803,134,,,,UBS,XP,,,
2026-03-28T12:03:48.089Z,market,trade,TESTE,100051.0580585731,73,,,,XP,XP,,,
2026-03-28T12:03:48.240Z,market,trade,TESTE,100061.2346042694,187,,,,UBS,GOLDM,,,
2026-03-28T12:03:48.406Z,market,trade,TESTE,100051.84135012052,136,,,,CS,XP,,,
2026-03-28T12:03:48.571Z,market,trade,TESTE,100065.53034243512,181,,,,BARCL,BARCL,,,
2026-03-28T12:03:48.722Z,market,trade,TESTE,100060.53571336206,162,,,,BTG,JPM,,,
2026-03-28T12:03:48.873Z,market,trade,TESTE,100053.01218108837,70,,,,BARCL,XP,,,
2026-03-28T12:03:49.039Z,market,trade,TESTE,100057.5416097235,26,,,,ITAU,MS,,,
2026-03-28T12:03:49.204Z,market,trade,TESTE,100065.22709872318,184,,,,MS,CS,,,
2026-03-28T12:03:49.355Z,market,trade,TESTE,100068.87321448546,122,,,,BTG,MS,,,
2026-03-28T12:03:49.520Z,market,trade,TESTE,100058.42500143936,145,,,,GOLDM,BARCL,,,
2026-03-28T12:03:49.672Z,market,trade,TESTE,100053.99741323768,20,,,,GOLDM,ITAU,,,
2026-03-28T12:03:49.823Z,market,trade,TESTE,100068.55085537618,142,,,,CS,ITAU,,,
2026-03-28T12:03:49.988Z,market,trade,TESTE,100069.42002404763,133,,,,JPM,ITAU,,,
2026-03-28T12:03:50.139Z,market,trade,TESTE,100070.20228537102,75,,,,GOLDM,UBS,,,
2026-03-28T12:03:50.304Z,market,trade,TESTE,100066.55546115267,150,,,,ITAU,CS,,,
2026-03-28T12:03:50.457Z,market,trade,TESTE,100070.91787449125,80,,,,CITI,BARCL,,,
2026-03-28T12:03:50.607Z,market,trade,TESTE,100062.51381653365,37,,,,MS,ITAU,,,
2026-03-28T12:03:50.770Z,market,trade,TESTE,100071.19787200037,197,,,,MS,BARCL,,,
2026-03-28T12:03:50.921Z,market,trade,TESTE,100070.23478109857,118,,,,GOLDM,UBS,,,
2026-03-28T12:03:51.074Z,market,trade,TESTE,100070.00087522093,119,,,,GOLDM,XP,,,
2026-03-28T12:03:51.238Z,market,trade,TESTE,100064.4333219272,134,,,,CS,BTG,,,
2026-03-28T12:03:51.390Z,market,trade,TESTE,100066.3133737661,57,,,,ITAU,JPM,,,
2026-03-28T12:03:51.541Z,market,trade,TESTE,100067.70667966787,31,,,,BARCL,UBS,,,
2026-03-28T12:03:51.704Z,market,trade,TESTE,100064.84692254856,33,,,,BARCL,UBS,,,
2026-03-28T12:03:51.857Z,market,trade,TESTE,100074.44401527222,83,,,,GOLDM,BARCL,,,
2026-03-28T12:03:52.022Z,market,trade,TESTE,100064.38899665819,88,,,,ITAU,CITI,,,
2026-03-28T12:03:52.174Z,market,trade,TESTE,100067.85710502329,10,,,,ITAU,CITI,,,
2026-03-28T12:03:52.336Z,market,trade,TESTE,100063.78781903861,5,,,,UBS,BTG,,,
2026-03-28T12:03:52.489Z,market,trade,TESTE,100075.91791148078,189,,,,BTG,XP,,,
2026-03-28T12:03:52.656Z,market,trade,TESTE,100063.67141296988,44,,,,JPM,BTG,,,
2026-03-28T12:03:52.807Z,market,trade,TESTE,100070.63348560026,23,,,,GOLDM,XP,,,
2026-03-28T12:03:52.973Z,market,trade,TESTE,100068.84524288449,28,,,,CITI,CITI,,,
2026-03-28T12:03:53.123Z,market,trade,TESTE,100068.77864051578,118,,,,JPM,MS,,,
2026-03-28T12:03:53.273Z,market,trade,TESTE,100059.5620932612,158,,,,ITAU,BTG,,,
2026-03-28T12:03:53.437Z,market,trade,TESTE,100072.4406967048,53,,,,CITI,JPM,,,
2026-03-28T12:03:53.589Z,market,trade,TESTE,100068.28112777062,137,,,,CITI,BARCL,,,
2026-03-28T12:03:53.740Z,market,trade,TESTE,100053.31564791495,49,,,,XP,JPM,,,
2026-03-28T12:03:53.891Z,market,trade,TESTE,100063.44013932452,141,,,,CS,CITI,,,
2026-03-28T12:03:54.054Z,market,trade,TESTE,100051.3786915445,114,,,,MS,JPM,,,
2026-03-28T12:03:54.207Z,market,trade,TESTE,100063.10169154876,158,,,,XP,BARCL,,,
2026-03-28T12:03:54.372Z,market,trade,TESTE,100055.21948815328,57,,,,JPM,MS,,,
2026-03-28T12:03:54.539Z,market,trade,TESTE,100060.61292060949,199,,,,ITAU,JPM,,,
2026-03-28T12:03:54.690Z,market,trade,TESTE,100059.15229719179,68,,,,ITAU,UBS,,,
2026-03-28T12:03:54.840Z,market,trade,TESTE,100062.05998760975,42,,,,GOLDM,CITI,,,
2026-03-28T12:03:55.006Z,market,trade,TESTE,100050.10054592736,39,,,,JPM,XP,,,
2026-03-28T12:03:55.170Z,market,trade,TESTE,100045.14211191755,159,,,,MS,CITI,,,
2026-03-28T12:03:55.321Z,market,trade,TESTE,100051.46298344298,117,,,,BTG,GOLDM,,,
2026-03-28T12:03:55.473Z,market,trade,TESTE,100053.74617569511,85,,,,BARCL,GOLDM,,,
2026-03-28T12:03:55.637Z,market,trade,TESTE,100041.52000118217,11,,,,CS,MS,,,
2026-03-28T12:03:55.789Z,market,trade,TESTE,100039.37681286834,160,,,,ITAU,ITAU,,,
2026-03-28T12:03:55.955Z,market,trade,TESTE,100042.2162215504,67,,,,ITAU,ITAU,,,
2026-03-28T12:03:56.107Z,market,trade,TESTE,100042.00697034724,63,,,,CS,ITAU,,,
2026-03-28T12:03:56.271Z,market,trade,TESTE,100037.24546209506,33,,,,CS,XP,,,
2026-03-28T12:03:56.425Z,market,trade,TESTE,100050.45041090167,200,,,,JPM,XP,,,
2026-03-28T12:03:56.590Z,market,trade,TESTE,100041.79410830283,80,,,,JPM,GOLDM,,,
2026-03-28T12:03:56.755Z,market,trade,TESTE,100056.12903492541,56,,,,UBS,BARCL,,,
2026-03-28T12:03:56.921Z,market,trade,TESTE,100046.23772562572,178,,,,GOLDM,XP,,,
2026-03-28T12:03:57.074Z,market,trade,TESTE,100055.43255723968,144,,,,CS,CITI,,,
2026-03-28T12:03:57.239Z,market,trade,TESTE,100057.51629758812,184,,,,BARCL,GOLDM,,,
2026-03-28T12:03:57.394Z,market,trade,TESTE,100056.31812246313,107,,,,MS,BTG,,,
2026-03-28T12:03:57.555Z,market,trade,TESTE,100059.3354665913,77,,,,BARCL,UBS,,,
2026-03-28T12:03:57.708Z,market,trade,TESTE,100058.81574706783,123,,,,JPM,BARCL,,,
2026-03-28T12:03:57.859Z,market,trade,TESTE,100054.25547094025,165,,,,BTG,ITAU,,,
2026-03-28T12:03:58.022Z,market,trade,TESTE,100053.52949239558,80,,,,XP,BTG,,,
2026-03-28T12:03:58.174Z,market,trade,TESTE,100054.43663532718,95,,,,JPM,CS,,,
2026-03-28T12:03:58.339Z,market,trade,TESTE,100048.44015242886,52,,,,GOLDM,GOLDM,,,
2026-03-28T12:03:58.490Z,market,trade,TESTE,100052.28291143694,134,,,,UBS,UBS,,,
2026-03-28T12:03:58.655Z,market,trade,TESTE,100047.9120568916,37,,,,CITI,ITAU,,,
2026-03-28T12:03:58.806Z,market,trade,TESTE,100048.73201843695,155,,,,GOLDM,JPM,,,
2026-03-28T12:03:58.957Z,market,trade,TESTE,100054.46518027906,75,,,,GOLDM,MS,,,
2026-03-28T12:03:59.121Z,market,trade,TESTE,100042.98007080882,44,,,,CITI,CITI,,,
2026-03-28T12:03:59.274Z,market,trade,TESTE,100041.46618815302,16,,,,BARCL,GOLDM,,,
2026-03-28T12:03:59.441Z,market,trade,TESTE,100050.86394765678,119,,,,UBS,BTG,,,
2026-03-28T12:03:59.605Z,market,trade,TESTE,100050.099052386,172,,,,CS,BARCL,,,
2026-03-28T12:03:59.769Z,market,trade,TESTE,100038.3820709565,182,,,,UBS,UBS,,,
2026-03-28T12:03:59.920Z,market,trade,TESTE,100038.40822600426,181,,,,XP,ITAU,,,
2026-03-28T12:04:00.079Z,market,trade,TESTE,100039.48768530825,117,,,,CITI,BARCL,,,
2026-03-28T12:04:00.239Z,market,trade,TESTE,100038.69140789007,99,,,,ITAU,CS,,,
2026-03-28T12:04:00.392Z,market,trade,TESTE,100041.71911174574,16,,,,BARCL,GOLDM,,,
2026-03-28T12:04:00.555Z,market,trade,TESTE,100051.11240528866,120,,,,CITI,ITAU,,,
2026-03-28T12:04:00.706Z,market,trade,TESTE,100041.68529116946,166,,,,MS,CS,,,
2026-03-28T12:04:00.858Z,market,trade,TESTE,100046.76648110962,97,,,,BTG,CITI,,,
2026-03-28T12:04:01.023Z,market,trade,TESTE,100035.07176665621,123,,,,GOLDM,BARCL,,,
2026-03-28T12:04:01.186Z,market,trade,TESTE,100047.13441090504,29,,,,CITI,ITAU,,,
2026-03-28T12:04:01.338Z,market,trade,TESTE,100049.2936715489,173,,,,MS,BTG,,,
2026-03-28T12:04:01.491Z,market,trade,TESTE,100044.27813056324,24,,,,BTG,UBS,,,
2026-03-28T12:04:01.655Z,market,trade,TESTE,100040.7856628755,178,,,,UBS,BTG,,,
2026-03-28T12:04:01.820Z,market,trade,TESTE,100045.36922894714,39,,,,UBS,BTG,,,
2026-03-28T12:04:01.971Z,market,trade,TESTE,100051.78227765225,129,,,,CITI,UBS,,,
2026-03-28T12:04:02.122Z,market,trade,TESTE,100056.16944310688,195,,,,CS,XP,,,
2026-03-28T12:04:02.289Z,market,trade,TESTE,100053.32443632145,42,,,,CITI,CS,,,
2026-03-28T12:04:02.441Z,market,trade,TESTE,100039.2203934794,28,,,,MS,CS,,,
2026-03-28T12:04:02.601Z,market,trade,TESTE,100050.71285546433,150,,,,BARCL,UBS,,,
2026-03-28T12:04:02.756Z,market,trade,TESTE,100045.90901883955,176,,,,BARCL,MS,,,
2026-03-28T12:04:02.907Z,market,trade,TESTE,100034.34001524333,145,,,,UBS,ITAU,,,
2026-03-28T12:04:03.070Z,market,trade,TESTE,100044.79345949192,152,,,,GOLDM,GOLDM,,,
2026-03-28T12:04:03.220Z,market,trade,TESTE,100040.55798070252,190,,,,MS,ITAU,,,
2026-03-28T12:04:03.374Z,market,trade,TESTE,100043.23282148057,196,,,,BTG,MS,,,
2026-03-28T12:04:03.537Z,market,trade,TESTE,100034.36139331273,158,,,,UBS,BARCL,,,
2026-03-28T12:04:03.688Z,market,trade,TESTE,100032.27389665776,14,,,,CITI,MS,,,
2026-03-28T12:04:03.840Z,market,trade,TESTE,100040.45828319978,6,,,,BTG,XP,,,
2026-03-28T12:04:04.003Z,market,trade,TESTE,100042.78090971109,186,,,,CITI,BTG,,,
2026-03-28T12:04:04.157Z,market,trade,TESTE,100039.83421932395,141,,,,BARCL,BARCL,,,
2026-03-28T12:04:04.324Z,market,trade,TESTE,100029.42853238276,141,,,,UBS,GOLDM,,,
2026-03-28T12:04:04.491Z,market,trade,TESTE,100025.46609838311,71,,,,BTG,BTG,,,
2026-03-28T12:04:04.654Z,market,trade,TESTE,100025.04647484625,66,,,,GOLDM,XP,,,
2026-03-28T12:04:04.805Z,market,trade,TESTE,100039.79210503194,61,,,,ITAU,MS,,,
2026-03-28T12:04:04.956Z,market,trade,TESTE,100044.52269486453,84,,,,CITI,XP,,,
2026-03-28T12:04:05.123Z,market,trade,TESTE,100039.93890941623,86,,,,ITAU,BTG,,,
2026-03-28T12:04:05.286Z,market,trade,TESTE,100025.13211881876,189,,,,ITAU,ITAU,,,
2026-03-28T12:04:05.440Z,market,trade,TESTE,100039.58232235446,190,,,,JPM,GOLDM,,,
2026-03-28T12:04:05.590Z,market,trade,TESTE,100033.203093661,27,,,,GOLDM,UBS,,,
2026-03-28T12:04:05.753Z,market,trade,TESTE,100040.44714479857,35,,,,JPM,XP,,,
2026-03-28T12:04:05.905Z,market,trade,TESTE,100035.56793587875,84,,,,BTG,CS,,,
2026-03-28T12:04:06.069Z,market,trade,TESTE,100028.81705438397,182,,,,GOLDM,ITAU,,,
2026-03-28T12:04:06.221Z,market,trade,TESTE,100041.07475442978,112,,,,UBS,MS,,,
2026-03-28T12:04:06.387Z,market,trade,TESTE,100039.03366978321,138,,,,CITI,JPM,,,
2026-03-28T12:04:06.540Z,market,trade,TESTE,100024.32156827471,196,,,,UBS,BARCL,,,
2026-03-28T12:04:06.691Z,market,trade,TESTE,100023.97458357988,115,,,,BARCL,CS,,,
2026-03-28T12:04:06.843Z,market,trade,TESTE,100023.1149141986,146,,,,MS,UBS,,,
2026-03-28T12:04:06.995Z,market,trade,TESTE,100035.1955111568,61,,,,MS,JPM,,,
2026-03-28T12:04:07.146Z,market,trade,TESTE,100026.42014675272,38,,,,BARCL,BARCL,,,
2026-03-28T12:04:07.305Z,market,trade,TESTE,100027.26168149168,181,,,,XP,JPM,,,
2026-03-28T12:04:07.456Z,market,trade,TESTE,100032.36367374999,171,,,,CITI,UBS,,,
2026-03-28T12:04:07.617Z,market,trade,TESTE,100018.19491908138,63,,,,GOLDM,BTG,,,
2026-03-28T12:04:07.774Z,market,trade,TESTE,100018.59065679197,17,,,,UBS,BTG,,,
2026-03-28T12:04:07.926Z,market,trade,TESTE,100020.39392951233,28,,,,BARCL,CITI,,,
2026-03-28T12:04:08.089Z,market,trade,TESTE,100026.37831963919,32,,,,CS,CITI,,,
2026-03-28T12:04:08.240Z,market,trade,TESTE,100017.36825915972,17,,,,GOLDM,UBS,,,
2026-03-28T12:04:08.406Z,market,trade,TESTE,100028.33856896067,144,,,,CITI,JPM,,,
2026-03-28T12:04:08.558Z,market,trade,TESTE,100022.81054481435,71,,,,GOLDM,MS,,,
2026-03-28T12:04:08.709Z,market,trade,TESTE,100021.06019572318,170,,,,BTG,JPM,,,
2026-03-28T12:04:08.860Z,market,trade,TESTE,100022.55260836614,75,,,,JPM,GOLDM,,,
2026-03-28T12:04:09.010Z,market,trade,TESTE,100027.21841755902,145,,,,BTG,CITI,,,
2026-03-28T12:04:09.161Z,market,trade,TESTE,100041.70425275319,27,,,,XP,CITI,,,
2026-03-28T12:04:09.319Z,market,trade,TESTE,100032.37097362512,119,,,,GOLDM,ITAU,,,
2026-03-28T12:04:09.469Z,market,trade,TESTE,100043.31198944473,90,,,,BTG,UBS,,,
2026-03-28T12:04:09.623Z,market,trade,TESTE,100032.07065167782,139,,,,BTG,ITAU,,,
2026-03-28T12:04:09.774Z,market,trade,TESTE,100035.96907753927,138,,,,XP,BTG,,,
2026-03-28T12:04:09.936Z,market,trade,TESTE,100034.68302867451,47,,,,MS,MS,,,
2026-03-28T12:04:10.089Z,market,trade,TESTE,100032.47072931765,30,,,,BTG,CITI,,,
2026-03-28T12:04:10.254Z,market,trade,TESTE,100046.38620649828,166,,,,MS,UBS,,,
2026-03-28T12:04:10.419Z,market,trade,TESTE,100041.729938861,22,,,,BARCL,BTG,,,
2026-03-28T12:04:10.572Z,market,trade,TESTE,100041.38985333355,65,,,,CITI,ITAU,,,
2026-03-28T12:04:10.724Z,market,trade,TESTE,100046.08469308386,74,,,,CS,JPM,,,
2026-03-28T12:04:10.888Z,market,trade,TESTE,100045.38912292972,145,,,,CS,XP,,,
2026-03-28T12:04:11.040Z,market,trade,TESTE,100042.44891296318,104,,,,UBS,MS,,,
2026-03-28T12:04:11.191Z,market,trade,TESTE,100040.19764505271,75,,,,GOLDM,JPM,,,
2026-03-28T12:04:11.356Z,market,trade,TESTE,100040.45828053064,115,,,,BTG,CITI,,,
2026-03-28T12:04:11.522Z,market,trade,TESTE,100029.67201047132,49,,,,BTG,XP,,,
2026-03-28T12:04:11.687Z,market,trade,TESTE,100040.8783123543,51,,,,XP,UBS,,,
2026-03-28T12:04:11.838Z,market,trade,TESTE,100043.9468414896,35,,,,CS,MS,,,
2026-03-28T12:04:11.989Z,market,trade,TESTE,100036.04542934425,135,,,,ITAU,GOLDM,,,
2026-03-28T12:04:12.139Z,market,trade,TESTE,100050.66218478253,39,,,,UBS,ITAU,,,
2026-03-28T12:04:12.305Z,market,trade,TESTE,100047.10267265163,80,,,,BTG,ITAU,,,
2026-03-28T12:04:12.470Z,market,trade,TESTE,100038.50289898623,94,,,,JPM,ITAU,,,
2026-03-28T12:04:12.621Z,market,trade,TESTE,100034.27818782594,123,,,,GOLDM,GOLDM,,,
2026-03-28T12:04:12.787Z,market,trade,TESTE,100031.51289266931,189,,,,XP,JPM,,,
2026-03-28T12:04:12.952Z,market,trade,TESTE,100033.3643910439,150,,,,JPM,MS,,,
2026-03-28T12:04:13.106Z,market,trade,TESTE,100046.856823366,48,,,,JPM,JPM,,,
2026-03-28T12:04:13.270Z,market,trade,TESTE,100042.86671516002,175,,,,XP,UBS,,,
2026-03-28T12:04:13.421Z,market,trade,TESTE,100040.590389349,152,,,,GOLDM,GOLDM,,,
2026-03-28T12:04:13.575Z,market,trade,TESTE,100033.97287498345,68,,,,ITAU,JPM,,,
2026-03-28T12:04:13.739Z,market,trade,TESTE,100039.72883309134,75,,,,JPM,ITAU,,,
2026-03-28T12:04:13.890Z,market,trade,TESTE,100035.84752541171,108,,,,BTG,ITAU,,,
2026-03-28T12:04:14.042Z,market,trade,TESTE,100036.8477356864,123,,,,GOLDM,ITAU,,,
2026-03-28T12:04:14.195Z,market,trade,TESTE,100038.95335691069,117,,,,ITAU,GOLDM,,,
2026-03-28T12:04:14.354Z,market,trade,TESTE,100038.61335872317,64,,,,MS,BARCL,,,
2026-03-28T12:04:14.505Z,market,trade,TESTE,100032.25898357375,54,,,,GOLDM,CS,,,
2026-03-28T12:04:14.670Z,market,trade,TESTE,100034.1226414937,81,,,,BARCL,ITAU,,,
2026-03-28T12:04:14.840Z,market,trade,TESTE,100032.24166452239,85,,,,BTG,ITAU,,,
2026-03-28T12:04:15.005Z,market,trade,TESTE,100027.48209836856,147,,,,MS,UBS,,,
2026-03-28T12:04:15.155Z,market,trade,TESTE,100025.34925371375,49,,,,CS,GOLDM,,,
2026-03-28T12:04:15.310Z,market,trade,TESTE,100025.62222091493,127,,,,BARCL,XP,,,
2026-03-28T12:04:15.460Z,market,trade,TESTE,100030.17093719766,13,,,,BARCL,XP,,,
2026-03-28T12:04:15.623Z,market,trade,TESTE,100030.29029350267,55,,,,UBS,XP,,,
2026-03-28T12:04:15.774Z,market,trade,TESTE,100030.1424474305,129,,,,ITAU,CITI,,,
2026-03-28T12:04:15.933Z,market,trade,TESTE,100035.83955327237,14,,,,BTG,GOLDM,,,
2026-03-28T12:04:16.090Z,market,trade,TESTE,100038.83077133968,42,,,,MS,BARCL,,,
2026-03-28T12:04:16.255Z,market,trade,TESTE,100036.59142281866,199,,,,XP,UBS,,,
2026-03-28T12:04:16.420Z,market,trade,TESTE,100033.13244651856,173,,,,GOLDM,ITAU,,,
2026-03-28T12:04:16.571Z,market,trade,TESTE,100026.04042593762,46,,,,UBS,GOLDM,,,
2026-03-28T12:04:16.738Z,market,trade,TESTE,100028.18037328395,136,,,,UBS,BTG,,,
2026-03-28T12:04:16.900Z,market,trade,TESTE,100033.83672862829,129,,,,CITI,BARCL,,,
2026-03-28T12:04:17.054Z,market,trade,TESTE,100023.37281562881,162,,,,UBS,XP,,,
2026-03-28T12:04:17.205Z,market,trade,TESTE,100033.90910347387,47,,,,BTG,UBS,,,
2026-03-28T12:04:17.356Z,market,trade,TESTE,100027.01771553303,179,,,,ITAU,UBS,,,
2026-03-28T12:04:17.507Z,market,trade,TESTE,100025.90874908032,192,,,,UBS,CITI,,,
2026-03-28T12:04:17.668Z,market,trade,TESTE,100036.82405075553,84,,,,MS,GOLDM,,,
2026-03-28T12:04:17.821Z,market,trade,TESTE,100026.72805163712,106,,,,ITAU,UBS,,,
2026-03-28T12:04:17.973Z,market,trade,TESTE,100026.44945673774,101,,,,CS,CS,,,
2026-03-28T12:04:18.124Z,market,trade,TESTE,100026.58366929089,141,,,,CS,UBS,,,
2026-03-28T12:04:18.275Z,market,trade,TESTE,100036.42254622541,80,,,,CITI,BARCL,,,
2026-03-28T12:04:18.438Z,market,trade,TESTE,100036.67005012684,19,,,,UBS,MS,,,
2026-03-28T12:04:18.603Z,market,trade,TESTE,100029.2073034778,133,,,,BTG,GOLDM,,,
2026-03-28T12:04:18.755Z,market,trade,TESTE,100042.15387496108,128,,,,CITI,CITI,,,
2026-03-28T12:04:18.905Z,market,trade,TESTE,100030.3868919228,43,,,,JPM,GOLDM,,,
2026-03-28T12:04:19.070Z,market,trade,TESTE,100029.73853679303,85,,,,BARCL,JPM,,,
2026-03-28T12:04:19.224Z,market,trade,TESTE,100029.42585784463,5,,,,JPM,CITI,,,
2026-03-28T12:04:19.386Z,market,trade,TESTE,100042.25424529327,16,,,,ITAU,ITAU,,,
2026-03-28T12:04:19.538Z,market,trade,TESTE,100033.63284715534,122,,,,JPM,GOLDM,,,
2026-03-28T12:04:19.690Z,market,trade,TESTE,100047.29702683803,78,,,,JPM,ITAU,,,
2026-03-28T12:04:19.857Z,market,trade,TESTE,100047.0814744679,108,,,,CS,JPM,,,
2026-03-28T12:04:20.020Z,market,trade,TESTE,100034.91762649751,24,,,,BTG,CS,,,
2026-03-28T12:04:20.171Z,market,trade,TESTE,100033.63245353907,112,,,,JPM,JPM,,,
2026-03-28T12:04:20.334Z,market,trade,TESTE,100035.20357120824,38,,,,GOLDM,CITI,,,
2026-03-28T12:04:20.490Z,market,trade,TESTE,100040.68253399654,113,,,,ITAU,BTG,,,
2026-03-28T12:04:20.652Z,market,trade,TESTE,100026.18353511402,27,,,,BARCL,MS,,,
2026-03-28T12:04:20.805Z,market,trade,TESTE,100037.63059542308,146,,,,ITAU,MS,,,
2026-03-28T12:04:20.970Z,market,trade,TESTE,100037.68354278973,88,,,,BTG,UBS,,,
2026-03-28T12:04:21.123Z,market,trade,TESTE,100035.45079710048,190,,,,MS,ITAU,,,
2026-03-28T12:04:21.274Z,market,trade,TESTE,100034.48456619802,146,,,,CS,MS,,,
2026-03-28T12:04:21.440Z,market,trade,TESTE,100038.03854333435,67,,,,JPM,CS,,,
2026-03-28T12:04:21.602Z,market,trade,TESTE,100026.78403507828,83,,,,XP,BTG,,,
2026-03-28T12:04:21.755Z,market,trade,TESTE,100036.51781324227,7,,,,GOLDM,MS,,,
2026-03-28T12:04:21.905Z,market,trade,TESTE,100037.26946768878,154,,,,XP,CITI,,,
2026-03-28T12:04:22.057Z,market,trade,TESTE,100033.8270496481,26,,,,BTG,JPM,,,
2026-03-28T12:04:22.221Z,market,trade,TESTE,100034.35315731217,101,,,,MS,JPM,,,
2026-03-28T12:04:22.386Z,market,trade,TESTE,100037.18726124355,17,,,,ITAU,UBS,,,
2026-03-28T12:04:22.542Z,market,trade,TESTE,100037.35721097032,150,,,,CS,JPM,,,
2026-03-28T12:04:22.707Z,market,trade,TESTE,100029.68037118077,104,,,,XP,GOLDM,,,
2026-03-28T12:04:22.857Z,market,trade,TESTE,100024.7592228639,84,,,,ITAU,BARCL,,,
2026-03-28T12:04:23.009Z,market,trade,TESTE,100034.57055643064,14,,,,JPM,UBS,,,
2026-03-28T12:04:23.172Z,market,trade,TESTE,100034.18185003872,39,,,,XP,UBS,,,
2026-03-28T12:04:23.335Z,market,trade,TESTE,100021.52789173342,141,,,,CS,XP,,,
2026-03-28T12:04:23.489Z,market,trade,TESTE,100019.50001070638,105,,,,JPM,BARCL,,,
2026-03-28T12:04:23.652Z,market,trade,TESTE,100031.2135456253,90,,,,JPM,GOLDM,,,
2026-03-28T12:04:23.805Z,market,trade,TESTE,100025.39434782848,12,,,,MS,ITAU,,,
2026-03-28T12:04:23.957Z,market,trade,TESTE,100031.4355063294,10,,,,CS,CITI,,,
2026-03-28T12:04:24.122Z,market,trade,TESTE,100025.15349087548,122,,,,CS,CITI,,,
2026-03-28T12:04:24.288Z,market,trade,TESTE,100038.70382758707,16,,,,GOLDM,UBS,,,
2026-03-28T12:04:24.440Z,market,trade,TESTE,100038.46611615177,111,,,,UBS,MS,,,
2026-03-28T12:04:24.603Z,market,trade,TESTE,100043.07416075341,35,,,,JPM,BTG,,,
2026-03-28T12:04:24.754Z,market,trade,TESTE,100032.04466119643,119,,,,XP,JPM,,,
2026-03-28T12:04:24.906Z,market,trade,TESTE,100041.4538895653,13,,,,JPM,BTG,,,
2026-03-28T12:04:25.057Z,market,trade,TESTE,100039.77343167858,175,,,,JPM,CS,,,
2026-03-28T12:04:25.220Z,market,trade,TESTE,100030.40405725827,97,,,,ITAU,ITAU,,,
2026-03-28T12:04:25.371Z,market,trade,TESTE,100026.16964138723,95,,,,BARCL,BTG,,,
2026-03-28T12:04:25.521Z,market,trade,TESTE,100031.46500938895,58,,,,CITI,GOLDM,,,
2026-03-28T12:04:25.674Z,market,trade,TESTE,100035.05002781993,26,,,,UBS,BTG,,,
2026-03-28T12:04:25.824Z,market,trade,TESTE,100023.23650663781,9,,,,JPM,MS,,,
2026-03-28T12:04:25.988Z,market,trade,TESTE,100020.9444279639,134,,,,JPM,UBS,,,
2026-03-28T12:04:26.139Z,market,trade,TESTE,100033.91019162117,139,,,,BARCL,MS,,,
2026-03-28T12:04:26.290Z,market,trade,TESTE,100023.36030395035,185,,,,XP,XP,,,
2026-03-28T12:04:26.449Z,market,trade,TESTE,100033.75795469167,62,,,,XP,BTG,,,
2026-03-28T12:04:26.607Z,market,trade,TESTE,100030.67837712009,186,,,,CITI,CITI,,,
2026-03-28T12:04:26.758Z,market,trade,TESTE,100026.9248764776,188,,,,UBS,ITAU,,,
2026-03-28T12:04:26.909Z,market,trade,TESTE,100022.33862877991,171,,,,GOLDM,BARCL,,,
2026-03-28T12:04:27.074Z,market,trade,TESTE,100026.47746245215,138,,,,BARCL,GOLDM,,,
2026-03-28T12:04:27.239Z,market,trade,TESTE,100019.56121281636,139,,,,ITAU,GOLDM,,,
2026-03-28T12:04:27.392Z,market,trade,TESTE,100020.15528380625,178,,,,BTG,MS,,,
2026-03-28T12:04:27.556Z,market,trade,TESTE,100021.23271988168,186,,,,CITI,BARCL,,,
2026-03-28T12:04:27.706Z,market,trade,TESTE,100026.41503052661,41,,,,CS,MS,,,
2026-03-28T12:04:27.873Z,market,trade,TESTE,100024.3103632033,45,,,,XP,UBS,,,
2026-03-28T12:04:28.040Z,market,trade,TESTE,100013.98180918251,74,,,,UBS,UBS,,,
2026-03-28T12:04:28.205Z,market,trade,TESTE,100021.7332954007,142,,,,XP,BARCL,,,
2026-03-28T12:04:28.355Z,market,trade,TESTE,100012.68974294016,117,,,,CS,ITAU,,,
2026-03-28T12:04:28.506Z,market,trade,TESTE,100022.09112962951,145,,,,BARCL,XP,,,
2026-03-28T12:04:28.665Z,market,trade,TESTE,100016.52578953395,94,,,,ITAU,BARCL,,,
2026-03-28T12:04:28.822Z,market,trade,TESTE,100019.2250072059,185,,,,BTG,MS,,,
2026-03-28T12:04:28.988Z,market,trade,TESTE,100025.73744825776,71,,,,CS,MS,,,
2026-03-28T12:04:29.153Z,market,trade,TESTE,100017.93939533137,24,,,,CS,XP,,,
2026-03-28T12:04:29.307Z,market,trade,TESTE,100026.73513725943,84,,,,GOLDM,UBS,,,
2026-03-28T12:04:29.467Z,market,trade,TESTE,100013.15643833192,116,,,,GOLDM,CS,,,
2026-03-28T12:04:29.622Z,market,trade,TESTE,100025.4183943797,185,,,,BTG,BARCL,,,
2026-03-28T12:04:29.772Z,market,trade,TESTE,100019.36165437914,49,,,,CS,BARCL,,,
2026-03-28T12:04:29.923Z,market,trade,TESTE,100019.56074787093,190,,,,CITI,ITAU,,,
2026-03-28T12:04:30.081Z,market,trade,TESTE,100022.8737627937,112,,,,GOLDM,XP,,,
2026-03-28T12:04:30.238Z,market,trade,TESTE,100028.28924070358,117,,,,ITAU,BTG,,,
2026-03-28T12:04:30.402Z,market,trade,TESTE,100029.47392979058,50,,,,XP,JPM,,,
2026-03-28T12:04:30.558Z,market,trade,TESTE,100033.66139073837,166,,,,CS,BTG,,,
2026-03-28T12:04:30.719Z,market,trade,TESTE,100033.10041055398,123,,,,CS,CS,,,
2026-03-28T12:04:30.869Z,market,trade,TESTE,100033.94353498149,90,,,,CS,UBS,,,
2026-03-28T12:04:31.019Z,market,trade,TESTE,100030.51317435593,192,,,,UBS,CITI,,,
2026-03-28T12:04:31.172Z,market,trade,TESTE,100034.07729864118,135,,,,CITI,XP,,,
2026-03-28T12:04:31.337Z,market,trade,TESTE,100023.44736096209,32,,,,MS,UBS,,,
2026-03-28T12:04:31.488Z,market,trade,TESTE,100021.05091197284,37,,,,CS,JPM,,,
2026-03-28T12:04:31.640Z,market,trade,TESTE,100029.43270531953,130,,,,XP,JPM,,,
2026-03-28T12:04:31.790Z,market,trade,TESTE,100020.83415792568,86,,,,BTG,GOLDM,,,
2026-03-28T12:04:31.942Z,market,trade,TESTE,100024.81759824793,92,,,,CITI,XP,,,
2026-03-28T12:04:32.107Z,market,trade,TESTE,100038.08512125301,48,,,,MS,GOLDM,,,
2026-03-28T12:04:32.258Z,market,trade,TESTE,100038.50566119986,60,,,,JPM,ITAU,,,
2026-03-28T12:04:32.423Z,market,trade,TESTE,100029.36204029943,116,,,,XP,MS,,,
2026-03-28T12:04:32.586Z,market,trade,TESTE,100034.71453220118,169,,,,GOLDM,ITAU,,,
2026-03-28T12:04:32.752Z,market,trade,TESTE,100033.87122634136,200,,,,XP,XP,,,
2026-03-28T12:04:32.906Z,market,trade,TESTE,100036.60822497263,117,,,,GOLDM,CITI,,,
2026-03-28T12:04:33.069Z,market,trade,TESTE,100022.19897935244,129,,,,ITAU,MS,,,
2026-03-28T12:04:33.223Z,market,trade,TESTE,100025.92559301367,176,,,,MS,JPM,,,
2026-03-28T12:04:33.374Z,market,trade,TESTE,100024.90678023451,61,,,,GOLDM,CITI,,,
2026-03-28T12:04:33.540Z,market,trade,TESTE,100023.35050911902,77,,,,BARCL,CITI,,,
2026-03-28T12:04:33.704Z,market,trade,TESTE,100033.76391405123,187,,,,MS,BARCL,,,
2026-03-28T12:04:33.855Z,market,trade,TESTE,100026.68665484061,10,,,,ITAU,ITAU,,,
2026-03-28T12:04:34.018Z,market,trade,TESTE,100030.08879687662,22,,,,ITAU,GOLDM,,,
2026-03-28T12:04:34.171Z,market,trade,TESTE,100029.22033556907,111,,,,UBS,XP,,,
2026-03-28T12:04:34.321Z,market,trade,TESTE,100026.6880602544,104,,,,XP,CS,,,
2026-03-28T12:04:34.472Z,market,trade,TESTE,100024.55153943645,89,,,,UBS,BARCL,,,
2026-03-28T12:04:34.624Z,market,trade,TESTE,100038.40691247747,185,,,,CS,GOLDM,,,
2026-03-28T12:04:34.777Z,market,trade,TESTE,100041.01839167615,147,,,,UBS,BARCL,,,
2026-03-28T12:04:34.928Z,market,trade,TESTE,100034.7484632265,133,,,,BARCL,MS,,,
2026-03-28T12:04:35.084Z,market,trade,TESTE,100030.02781632652,46,,,,ITAU,ITAU,,,
2026-03-28T12:04:35.241Z,market,trade,TESTE,100040.05375949392,59,,,,GOLDM,CS,,,
2026-03-28T12:04:35.406Z,market,trade,TESTE,100038.90999544681,190,,,,MS,ITAU,,,
2026-03-28T12:04:35.571Z,market,trade,TESTE,100029.8875989357,99,,,,CITI,MS,,,
2026-03-28T12:04:35.737Z,market,trade,TESTE,100042.56708995705,138,,,,MS,ITAU,,,
2026-03-28T12:04:35.889Z,market,trade,TESTE,100043.73991078699,114,,,,MS,CITI,,,
2026-03-28T12:04:36.040Z,market,trade,TESTE,100045.68680035279,118,,,,BTG,XP,,,
2026-03-28T12:04:36.204Z,market,trade,TESTE,100044.8701594489,33,,,,CS,BTG,,,
2026-03-28T12:04:36.355Z,market,trade,TESTE,100034.76363583884,86,,,,XP,JPM,,,
2026-03-28T12:04:36.506Z,market,trade,TESTE,100030.4694554041,6,,,,CITI,XP,,,
2026-03-28T12:04:36.656Z,market,trade,TESTE,100035.98419329384,112,,,,JPM,MS,,,
2026-03-28T12:04:36.808Z,market,trade,TESTE,100034.26853902814,165,,,,XP,UBS,,,
2026-03-28T12:04:36.972Z,market,trade,TESTE,100039.00275451213,13,,,,XP,BARCL,,,
2026-03-28T12:04:37.122Z,market,trade,TESTE,100038.57049961618,143,,,,UBS,BTG,,,
2026-03-28T12:04:37.287Z,market,trade,TESTE,100042.53423166106,79,,,,MS,JPM,,,
2026-03-28T12:04:37.440Z,market,trade,TESTE,100031.60626732025,109,,,,UBS,BARCL,,,
2026-03-28T12:04:37.602Z,market,trade,TESTE,100030.25816891989,147,,,,CITI,CS,,,
2026-03-28T12:04:37.753Z,market,trade,TESTE,100040.54634850331,192,,,,BTG,GOLDM,,,
2026-03-28T12:04:37.907Z,market,trade,TESTE,100028.13760533031,15,,,,ITAU,GOLDM,,,
2026-03-28T12:04:38.057Z,market,trade,TESTE,100041.5297280408,100,,,,UBS,UBS,,,
2026-03-28T12:04:38.221Z,market,trade,TESTE,100031.34703816353,112,,,,UBS,JPM,,,
2026-03-28T12:04:38.374Z,market,trade,TESTE,100045.85679796505,14,,,,CS,UBS,,,
2026-03-28T12:04:38.528Z,market,trade,TESTE,100048.14244106018,151,,,,XP,CS,,,
2026-03-28T12:04:38.690Z,market,trade,TESTE,100033.18568137231,144,,,,JPM,ITAU,,,
2026-03-28T12:04:38.846Z,market,trade,TESTE,100042.54481655359,81,,,,BTG,ITAU,,,
2026-03-28T12:04:39.009Z,market,trade,TESTE,100036.98195774388,200,,,,CITI,UBS,,,
2026-03-28T12:04:39.172Z,market,trade,TESTE,100041.92510058235,142,,,,UBS,CITI,,,
2026-03-28T12:04:39.325Z,market,trade,TESTE,100050.31080189208,85,,,,XP,CITI,,,
2026-03-28T12:04:39.476Z,market,trade,TESTE,100044.97470268456,50,,,,BTG,BARCL,,,
2026-03-28T12:04:39.640Z,market,trade,TESTE,100041.07675303039,134,,,,UBS,GOLDM,,,
2026-03-28T12:04:39.806Z,market,trade,TESTE,100042.11767887618,25,,,,CS,MS,,,
2026-03-28T12:04:39.956Z,market,trade,TESTE,100048.78384632657,34,,,,JPM,XP,,,
2026-03-28T12:04:40.123Z,market,trade,TESTE,100035.93334508472,136,,,,ITAU,BARCL,,,
2026-03-28T12:04:40.276Z,market,trade,TESTE,100035.4409455596,126,,,,CITI,XP,,,
2026-03-28T12:04:40.440Z,market,trade,TESTE,100031.95924302853,158,,,,BTG,GOLDM,,,
2026-03-28T12:04:40.606Z,market,trade,TESTE,100031.95939197871,19,,,,GOLDM,CS,,,
2026-03-28T12:04:40.757Z,market,trade,TESTE,100033.66628577831,140,,,,BTG,CS,,,
2026-03-28T12:04:40.922Z,market,trade,TESTE,100041.8234756475,105,,,,JPM,JPM,,,
2026-03-28T12:04:41.074Z,market,trade,TESTE,100045.01668142017,55,,,,UBS,XP,,,
2026-03-28T12:04:41.240Z,market,trade,TESTE,100044.45322014026,136,,,,JPM,UBS,,,
2026-03-28T12:04:41.391Z,market,trade,TESTE,100033.50573518348,122,,,,UBS,XP,,,
2026-03-28T12:04:41.557Z,market,trade,TESTE,100047.79696620755,88,,,,UBS,MS,,,
2026-03-28T12:04:41.707Z,market,trade,TESTE,100037.34404544908,46,,,,JPM,CITI,,,
2026-03-28T12:04:41.858Z,market,trade,TESTE,100038.62475755329,66,,,,JPM,BARCL,,,
2026-03-28T12:04:42.023Z,market,trade,TESTE,100051.96803195628,103,,,,CITI,CITI,,,
2026-03-28T12:04:42.173Z,market,trade,TESTE,100053.14431551073,97,,,,UBS,UBS,,,
2026-03-28T12:04:42.324Z,market,trade,TESTE,100056.93071316926,106,,,,MS,UBS,,,
2026-03-28T12:04:42.489Z,market,trade,TESTE,100056.37311855913,22,,,,BTG,CS,,,
2026-03-28T12:04:42.640Z,market,trade,TESTE,100046.37269580876,173,,,,MS,MS,,,
2026-03-28T12:04:42.790Z,market,trade,TESTE,100055.34014940029,26,,,,BARCL,UBS,,,
2026-03-28T12:04:42.942Z,market,trade,TESTE,100059.92442041589,116,,,,MS,GOLDM,,,
2026-03-28T12:04:43.104Z,market,trade,TESTE,100063.03335724925,70,,,,GOLDM,XP,,,
2026-03-28T12:04:43.255Z,market,trade,TESTE,100050.80636910927,164,,,,XP,MS,,,
2026-03-28T12:04:43.418Z,market,trade,TESTE,100050.43230705996,62,,,,CITI,XP,,,
2026-03-28T12:04:43.594Z,market,trade,TESTE,100055.5298842071,47,,,,CITI,ITAU,,,
2026-03-28T12:04:43.755Z,market,trade,TESTE,100055.85332954203,95,,,,GOLDM,XP,,,
2026-03-28T12:04:43.905Z,market,trade,TESTE,100047.82939191528,122,,,,BTG,UBS,,,
2026-03-28T12:04:44.058Z,market,trade,TESTE,100043.88357073348,142,,,,UBS,MS,,,
2026-03-28T12:04:44.212Z,market,trade,TESTE,100057.3403030807,44,,,,CITI,MS,,,
2026-03-28T12:04:44.371Z,market,trade,TESTE,100052.62556699851,181,,,,BARCL,BTG,,,
2026-03-28T12:04:44.521Z,market,trade,TESTE,100037.92595503268,188,,,,XP,BARCL,,,
2026-03-28T12:04:44.674Z,market,trade,TESTE,100044.0699400997,125,,,,CS,BARCL,,,
2026-03-28T12:04:44.824Z,market,trade,TESTE,100032.61563942049,133,,,,BTG,BARCL,,,
2026-03-28T12:04:44.975Z,market,trade,TESTE,100040.17328124346,64,,,,MS,ITAU,,,
2026-03-28T12:04:45.139Z,market,trade,TESTE,100040.5048579319,98,,,,ITAU,MS,,,
2026-03-28T12:04:45.289Z,market,trade,TESTE,100038.80172132052,11,,,,UBS,BTG,,,
2026-03-28T12:04:45.440Z,market,trade,TESTE,100028.45652919906,37,,,,XP,MS,,,
2026-03-28T12:04:45.597Z,market,trade,TESTE,100041.68249678044,195,,,,BARCL,BTG,,,
2026-03-28T12:04:45.755Z,market,trade,TESTE,100029.04458748607,46,,,,ITAU,XP,,,
2026-03-28T12:04:45.921Z,market,trade,TESTE,100041.12528977584,199,,,,BARCL,GOLDM,,,
2026-03-28T12:04:46.072Z,market,trade,TESTE,100027.9376750839,105,,,,CITI,MS,,,
2026-03-28T12:04:46.223Z,market,trade,TESTE,100028.57620975132,78,,,,CITI,JPM,,,
2026-03-28T12:04:46.382Z,market,trade,TESTE,100041.46515599696,60,,,,UBS,UBS,,,
2026-03-28T12:04:46.539Z,market,trade,TESTE,100030.17022190415,91,,,,GOLDM,UBS,,,
2026-03-28T12:04:46.690Z,market,trade,TESTE,100038.86604021868,151,,,,MS,MS,,,
2026-03-28T12:04:46.854Z,market,trade,TESTE,100035.652209164,47,,,,CS,ITAU,,,
2026-03-28T12:04:47.006Z,market,trade,TESTE,100034.77729564939,137,,,,CITI,JPM,,,
2026-03-28T12:04:47.157Z,market,trade,TESTE,100020.87137180325,176,,,,ITAU,BARCL,,,
2026-03-28T12:04:47.320Z,market,trade,TESTE,100030.53458276072,47,,,,CS,ITAU,,,
2026-03-28T12:04:47.474Z,market,trade,TESTE,100019.45062966956,73,,,,CITI,JPM,,,
2026-03-28T12:04:47.635Z,market,trade,TESTE,100028.38176936217,77,,,,JPM,BTG,,,
2026-03-28T12:04:47.790Z,market,trade,TESTE,100030.32206132043,40,,,,UBS,JPM,,,
2026-03-28T12:04:47.955Z,market,trade,TESTE,100034.56537496846,112,,,,BARCL,BTG,,,
2026-03-28T12:04:48.106Z,market,trade,TESTE,100030.6992530268,19,,,,ITAU,GOLDM,,,
2026-03-28T12:04:48.257Z,market,trade,TESTE,100032.16284779215,98,,,,JPM,XP,,,
2026-03-28T12:04:48.421Z,market,trade,TESTE,100022.92610448276,110,,,,MS,UBS,,,
2026-03-28T12:04:48.573Z,market,trade,TESTE,100030.42891381333,45,,,,CS,UBS,,,
2026-03-28T12:04:48.739Z,market,trade,TESTE,100030.7949601932,69,,,,BTG,JPM,,,
2026-03-28T12:04:48.904Z,market,trade,TESTE,100034.56011686742,63,,,,XP,BARCL,,,
2026-03-28T12:04:49.056Z,market,trade,TESTE,100035.71556168114,59,,,,CS,XP,,,
2026-03-28T12:04:49.207Z,market,trade,TESTE,100027.63178295367,99,,,,JPM,JPM,,,
2026-03-28T12:04:49.358Z,market,trade,TESTE,100029.87981482536,181,,,,ITAU,BARCL,,,
2026-03-28T12:04:49.538Z,market,trade,TESTE,100029.93036012267,120,,,,BARCL,MS,,,
2026-03-28T12:04:49.698Z,market,trade,TESTE,100041.03056553531,21,,,,ITAU,JPM,,,
2026-03-28T12:04:49.856Z,market,trade,TESTE,100034.3049472065,24,,,,ITAU,ITAU,,,
2026-03-28T12:04:50.023Z,market,trade,TESTE,100045.7004540193,36,,,,JPM,ITAU,,,
2026-03-28T12:04:50.189Z,market,trade,TESTE,100035.79205395444,5,,,,GOLDM,ITAU,,,
2026-03-28T12:04:50.339Z,market,trade,TESTE,100039.86816493837,175,,,,BARCL,ITAU,,,
2026-03-28T12:04:50.500Z,market,trade,TESTE,100049.90700238632,149,,,,CITI,BARCL,,,
2026-03-28T12:04:50.656Z,market,trade,TESTE,100040.77617306805,153,,,,GOLDM,BARCL,,,
2026-03-28T12:04:50.824Z,market,trade,TESTE,100050.68801527066,28,,,,JPM,BARCL,,,
2026-03-28T12:04:50.990Z,market,trade,TESTE,100036.87996203595,151,,,,MS,ITAU,,,
2026-03-28T12:04:51.156Z,market,trade,TESTE,100041.88191573626,184,,,,JPM,GOLDM,,,
2026-03-28T12:04:51.308Z,market,trade,TESTE,100032.67233116216,130,,,,CITI,CITI,,,
2026-03-28T12:04:51.467Z,market,trade,TESTE,100036.8652829212,85,,,,UBS,JPM,,,
2026-03-28T12:04:51.619Z,market,trade,TESTE,100049.52852813044,9,,,,XP,ITAU,,,
2026-03-28T12:04:51.773Z,market,trade,TESTE,100051.74621297116,118,,,,GOLDM,UBS,,,
2026-03-28T12:04:51.939Z,market,trade,TESTE,100041.07194806763,87,,,,GOLDM,GOLDM,,,
2026-03-28T12:04:52.092Z,market,trade,TESTE,100053.87066239494,144,,,,ITAU,ITAU,,,
2026-03-28T12:04:52.257Z,market,trade,TESTE,100046.73805602179,197,,,,UBS,ITAU,,,
2026-03-28T12:04:52.421Z,market,trade,TESTE,100044.44773596933,56,,,,UBS,CS,,,
2026-03-28T12:04:52.585Z,market,trade,TESTE,100054.30948409437,128,,,,BARCL,XP,,,
2026-03-28T12:04:52.739Z,market,trade,TESTE,100046.5063621756,99,,,,MS,JPM,,,
2026-03-28T12:04:52.889Z,market,trade,TESTE,100048.86246507168,182,,,,GOLDM,MS,,,
2026-03-28T12:04:53.041Z,market,trade,TESTE,100048.18197103945,180,,,,ITAU,JPM,,,
2026-03-28T12:04:53.205Z,market,trade,TESTE,100061.87499404592,35,,,,XP,JPM,,,
2026-03-28T12:04:53.374Z,market,trade,TESTE,100048.39518874773,77,,,,ITAU,ITAU,,,
2026-03-28T12:04:53.526Z,market,trade,TESTE,100051.18078026298,86,,,,MS,UBS,,,
2026-03-28T12:04:53.689Z,market,trade,TESTE,100052.86351791887,128,,,,BARCL,JPM,,,
2026-03-28T12:04:53.855Z,market,trade,TESTE,100061.17124596098,191,,,,CS,CS,,,
2026-03-28T12:04:54.007Z,market,trade,TESTE,100048.34322698657,149,,,,GOLDM,XP,,,
2026-03-28T12:04:54.171Z,market,trade,TESTE,100049.70041812168,58,,,,GOLDM,JPM,,,
2026-03-28T12:04:54.323Z,market,trade,TESTE,100050.76423027019,163,,,,BTG,MS,,,
2026-03-28T12:04:54.474Z,market,trade,TESTE,100048.4648098258,41,,,,CITI,XP,,,
2026-03-28T12:04:54.638Z,market,trade,TESTE,100050.53722786778,138,,,,GOLDM,ITAU,,,
2026-03-28T12:04:54.789Z,market,trade,TESTE,100048.53630068818,21,,,,GOLDM,JPM,,,
2026-03-28T12:04:54.939Z,market,trade,TESTE,100055.54355904803,199,,,,UBS,JPM,,,
2026-03-28T12:04:55.093Z,market,trade,TESTE,100046.19665130532,164,,,,XP,GOLDM,,,
2026-03-28T12:04:55.256Z,market,trade,TESTE,100053.30331115298,98,,,,MS,UBS,,,
2026-03-28T12:04:55.421Z,market,trade,TESTE,100047.99030273905,54,,,,GOLDM,XP,,,
2026-03-28T12:04:55.573Z,market,trade,TESTE,100048.06680674727,149,,,,ITAU,BTG,,,
2026-03-28T12:04:55.739Z,market,trade,TESTE,100048.9383045216,132,,,,ITAU,ITAU,,,
2026-03-28T12:04:55.890Z,market,trade,TESTE,100045.41467436138,161,,,,XP,UBS,,,
2026-03-28T12:04:56.055Z,market,trade,TESTE,100058.05412881842,184,,,,UBS,BTG,,,
2026-03-28T12:04:56.211Z,market,trade,TESTE,100051.57851055935,114,,,,UBS,JPM,,,
2026-03-28T12:04:56.376Z,market,trade,TESTE,100061.2881206766,180,,,,ITAU,BTG,,,
2026-03-28T12:04:56.541Z,market,trade,TESTE,100049.68784611613,5,,,,UBS,JPM,,,
2026-03-28T12:04:56.694Z,market,trade,TESTE,100049.2399120257,196,,,,BARCL,JPM,,,
2026-03-28T12:04:56.848Z,market,trade,TESTE,100051.45195583712,150,,,,MS,UBS,,,
2026-03-28T12:04:57.011Z,market,trade,TESTE,100062.57621777982,45,,,,CITI,CITI,,,
2026-03-28T12:04:57.174Z,market,trade,TESTE,100066.22418533827,11,,,,ITAU,BARCL,,,
2026-03-28T12:04:57.326Z,market,trade,TESTE,100070.636496682,149,,,,JPM,XP,,,
2026-03-28T12:04:57.476Z,market,trade,TESTE,100059.82806000854,145,,,,XP,CITI,,,
2026-03-28T12:04:57.642Z,market,trade,TESTE,100072.5122407124,155,,,,BARCL,XP,,,
2026-03-28T12:04:57.808Z,market,trade,TESTE,100058.34161601274,181,,,,MS,UBS,,,
2026-03-28T12:04:57.960Z,market,trade,TESTE,100067.31822531475,174,,,,GOLDM,BTG,,,
2026-03-28T12:04:58.121Z,market,trade,TESTE,100061.86833881945,132,,,,ITAU,CITI,,,
2026-03-28T12:04:58.273Z,market,trade,TESTE,100065.29499496335,12,,,,BTG,CITI,,,
2026-03-28T12:04:58.425Z,market,trade,TESTE,100079.31295110458,60,,,,BARCL,UBS,,,
2026-03-28T12:04:58.589Z,market,trade,TESTE,100072.10997339067,107,,,,MS,ITAU,,,
2026-03-28T12:04:58.741Z,market,trade,TESTE,100077.44770096116,60,,,,UBS,CS,,,
2026-03-28T12:04:58.904Z,market,trade,TESTE,100068.79457314777,50,,,,JPM,ITAU,,,
2026-03-28T12:04:59.058Z,market,trade,TESTE,100080.20241221807,20,,,,ITAU,JPM,,,
2026-03-28T12:04:59.222Z,market,trade,TESTE,100066.13647259597,130,,,,JPM,CS,,,
2026-03-28T12:04:59.373Z,market,trade,TESTE,100071.26060823821,117,,,,UBS,ITAU,,,
2026-03-28T12:04:59.526Z,market,trade,TESTE,100063.54765235027,158,,,,BARCL,XP,,,
2026-03-28T12:04:59.682Z,market,trade,TESTE,100068.28792119211,145,,,,BTG,CS,,,
2026-03-28T12:04:59.832Z,market,trade,TESTE,100077.63979311229,162,,,,UBS,BARCL,,,
2026-03-28T12:04:59.983Z,market,trade,TESTE,100077.5422453083,172,,,,XP,CS,,,
2026-03-28T12:05:00.140Z,market,trade,TESTE,100081.97880072247,187,,,,MS,ITAU,,,
2026-03-28T12:05:00.296Z,market,trade,TESTE,100082.44683778225,95,,,,MS,BARCL,,,
2026-03-28T12:05:00.446Z,market,trade,TESTE,100069.92537443124,17,,,,CS,UBS,,,
2026-03-28T12:05:00.605Z,market,trade,TESTE,100073.31158942901,199,,,,MS,XP,,,
2026-03-28T12:05:00.759Z,market,trade,TESTE,100074.4750134004,88,,,,GOLDM,JPM,,,
2026-03-28T12:05:00.920Z,market,trade,TESTE,100082.10525028994,16,,,,XP,JPM,,,
2026-03-28T12:05:01.073Z,market,trade,TESTE,100068.18357525051,30,,,,BARCL,BTG,,,
2026-03-28T12:05:01.224Z,market,trade,TESTE,100080.17819926697,59,,,,GOLDM,BARCL,,,
2026-03-28T12:05:01.377Z,market,trade,TESTE,100074.44510619326,46,,,,CITI,ITAU,,,
2026-03-28T12:05:01.539Z,market,trade,TESTE,100071.12592723234,19,,,,CS,MS,,,
2026-03-28T12:05:01.706Z,market,trade,TESTE,100086.11806308046,18,,,,BTG,BARCL,,,
2026-03-28T12:05:01.871Z,market,trade,TESTE,100084.6615058689,187,,,,CS,GOLDM,,,
2026-03-28T12:05:02.022Z,market,trade,TESTE,100077.40737867678,7,,,,CS,BARCL,,,
2026-03-28T12:05:02.172Z,market,trade,TESTE,100075.26385170894,44,,,,CITI,XP,,,
2026-03-28T12:05:02.323Z,market,trade,TESTE,100086.65430841339,124,,,,CITI,MS,,,
2026-03-28T12:05:02.490Z,market,trade,TESTE,100091.05552012268,128,,,,MS,CS,,,
2026-03-28T12:05:02.654Z,market,trade,TESTE,100082.1814754101,152,,,,MS,BARCL,,,
2026-03-28T12:05:02.807Z,market,trade,TESTE,100083.18598954203,94,,,,GOLDM,CITI,,,
2026-03-28T12:05:02.970Z,market,trade,TESTE,100085.87537558521,35,,,,BARCL,JPM,,,
2026-03-28T12:05:03.123Z,market,trade,TESTE,100085.17405142548,87,,,,MS,MS,,,
2026-03-28T12:05:03.289Z,market,trade,TESTE,100080.79904292175,84,,,,UBS,GOLDM,,,
2026-03-28T12:05:03.440Z,market,trade,TESTE,100094.03753759648,66,,,,CITI,BARCL,,,
2026-03-28T12:05:03.591Z,market,trade,TESTE,100089.13767381886,99,,,,UBS,CITI,,,
2026-03-28T12:05:03.757Z,market,trade,TESTE,100083.86841400484,130,,,,BTG,BTG,,,
2026-03-28T12:05:03.909Z,market,trade,TESTE,100091.03154266629,70,,,,BTG,CITI,,,
2026-03-28T12:05:04.060Z,market,trade,TESTE,100094.85711411369,90,,,,ITAU,GOLDM,,,
2026-03-28T12:05:04.225Z,market,trade,TESTE,100085.11677027452,52,,,,CS,XP,,,
2026-03-28T12:05:04.379Z,market,trade,TESTE,100088.92937097503,196,,,,JPM,XP,,,
2026-03-28T12:05:04.542Z,market,trade,TESTE,100085.79516588114,63,,,,CS,UBS,,,
2026-03-28T12:05:04.693Z,market,trade,TESTE,100090.94469324099,114,,,,GOLDM,BTG,,,
2026-03-28T12:05:04.844Z,market,trade,TESTE,100075.94585325215,141,,,,BARCL,CITI,,,
2026-03-28T12:05:05.009Z,market,trade,TESTE,100078.70535307525,161,,,,BARCL,CS,,,
2026-03-28T12:05:05.160Z,market,trade,TESTE,100090.44334773661,22,,,,ITAU,ITAU,,,
2026-03-28T12:05:05.310Z,market,trade,TESTE,100087.751023094,92,,,,GOLDM,CITI,,,
2026-03-28T12:05:05.473Z,market,trade,TESTE,100081.78926210014,187,,,,ITAU,JPM,,,
2026-03-28T12:05:05.641Z,market,trade,TESTE,100078.72251241271,200,,,,BARCL,ITAU,,,
2026-03-28T12:05:05.792Z,market,trade,TESTE,100091.1275057461,106,,,,ITAU,BARCL,,,
2026-03-28T12:05:05.956Z,market,trade,TESTE,100089.78099063788,167,,,,BTG,XP,,,
2026-03-28T12:05:06.109Z,market,trade,TESTE,100075.63263711498,93,,,,CITI,BTG,,,
2026-03-28T12:05:06.260Z,market,trade,TESTE,100076.51162131078,109,,,,CITI,UBS,,,
2026-03-28T12:05:06.422Z,market,trade,TESTE,100075.1920532298,36,,,,BTG,XP,,,
2026-03-28T12:05:06.575Z,market,trade,TESTE,100072.3184278642,37,,,,JPM,CS,,,
2026-03-28T12:05:06.740Z,market,trade,TESTE,100072.09285856328,81,,,,XP,MS,,,
2026-03-28T12:05:06.907Z,market,trade,TESTE,100071.27893223075,160,,,,BARCL,BTG,,,
2026-03-28T12:05:07.059Z,market,trade,TESTE,100084.0087164695,35,,,,MS,CITI,,,
2026-03-28T12:05:07.224Z,market,trade,TESTE,100073.16058669494,135,,,,MS,BARCL,,,
2026-03-28T12:05:07.377Z,market,trade,TESTE,100083.01249746674,11,,,,MS,JPM,,,
2026-03-28T12:05:07.538Z,market,trade,TESTE,100073.08208569286,104,,,,BTG,GOLDM,,,
2026-03-28T12:05:07.705Z,market,trade,TESTE,100074.01503645889,171,,,,BTG,UBS,,,
2026-03-28T12:05:07.856Z,market,trade,TESTE,100075.27415350385,22,,,,CS,BTG,,,
2026-03-28T12:05:08.008Z,market,trade,TESTE,100082.09567474357,56,,,,MS,UBS,,,
2026-03-28T12:05:08.173Z,market,trade,TESTE,100071.7356117339,34,,,,JPM,MS,,,
2026-03-28T12:05:08.323Z,market,trade,TESTE,100082.85543505155,21,,,,ITAU,ITAU,,,
2026-03-28T12:05:08.490Z,market,trade,TESTE,100087.51742010939,180,,,,ITAU,ITAU,,,
2026-03-28T12:05:08.640Z,market,trade,TESTE,100083.94633600935,66,,,,XP,JPM,,,
2026-03-28T12:05:08.806Z,market,trade,TESTE,100072.1475822332,41,,,,GOLDM,MS,,,
2026-03-28T12:05:08.972Z,market,trade,TESTE,100077.01890428679,20,,,,ITAU,XP,,,
2026-03-28T12:05:09.123Z,market,trade,TESTE,100078.24213714736,94,,,,GOLDM,BTG,,,
2026-03-28T12:05:09.273Z,market,trade,TESTE,100092.65599538748,95,,,,CITI,UBS,,,
2026-03-28T12:05:09.441Z,market,trade,TESTE,100086.19011706742,136,,,,GOLDM,GOLDM,,,
2026-03-28T12:05:09.607Z,market,trade,TESTE,100083.63550238189,130,,,,CS,XP,,,
2026-03-28T12:05:09.773Z,market,trade,TESTE,100085.08900342307,198,,,,CS,GOLDM,,,
2026-03-28T12:05:09.924Z,market,trade,TESTE,100097.09055477876,34,,,,BARCL,CITI,,,
2026-03-28T12:05:10.089Z,market,trade,TESTE,100096.4516444388,41,,,,BTG,JPM,,,
2026-03-28T12:05:10.241Z,market,trade,TESTE,100099.71293742694,51,,,,BTG,BTG,,,
2026-03-28T12:05:10.392Z,market,trade,TESTE,100098.92122535034,65,,,,ITAU,GOLDM,,,
2026-03-28T12:05:10.556Z,market,trade,TESTE,100084.90076116422,82,,,,MS,CITI,,,
2026-03-28T12:05:10.708Z,market,trade,TESTE,100081.76269428545,20,,,,XP,ITAU,,,
2026-03-28T12:05:10.872Z,market,trade,TESTE,100079.031926918,18,,,,JPM,BARCL,,,
2026-03-28T12:05:11.023Z,market,trade,TESTE,100075.64099713136,11,,,,GOLDM,BARCL,,,
2026-03-28T12:05:11.177Z,market,trade,TESTE,100088.38355824514,116,,,,GOLDM,BARCL,,,
2026-03-28T12:05:11.342Z,market,trade,TESTE,100091.56796464951,180,,,,UBS,GOLDM,,,
2026-03-28T12:05:11.503Z,market,trade,TESTE,100094.84959453273,177,,,,BTG,JPM,,,
2026-03-28T12:05:11.660Z,market,trade,TESTE,100088.99884657522,30,,,,BARCL,ITAU,,,
2026-03-28T12:05:11.826Z,market,trade,TESTE,100096.6103589734,156,,,,BARCL,XP,,,
2026-03-28T12:05:11.983Z,market,trade,TESTE,100096.70504946652,24,,,,CS,GOLDM,,,
2026-03-28T12:05:12.144Z,market,trade,TESTE,100092.19213283523,174,,,,UBS,XP,,,
2026-03-28T12:05:12.308Z,market,trade,TESTE,100087.569083915,76,,,,JPM,JPM,,,
2026-03-28T12:05:12.460Z,market,trade,TESTE,100075.91437136046,44,,,,CITI,GOLDM,,,
2026-03-28T12:05:12.611Z,market,trade,TESTE,100078.13237860752,121,,,,BARCL,CITI,,,
2026-03-28T12:05:12.773Z,market,trade,TESTE,100090.03063888171,190,,,,MS,CITI,,,
2026-03-28T12:05:12.923Z,market,trade,TESTE,100075.07392066637,22,,,,CS,GOLDM,,,
2026-03-28T12:05:13.074Z,market,trade,TESTE,100085.36455005484,175,,,,CITI,BARCL,,,
2026-03-28T12:05:13.239Z,market,trade,TESTE,100080.12147719109,110,,,,ITAU,BARCL,,,
2026-03-28T12:05:13.392Z,market,trade,TESTE,100091.64119054095,119,,,,UBS,XP,,,
2026-03-28T12:05:13.556Z,market,trade,TESTE,100083.84581517603,95,,,,XP,ITAU,,,
2026-03-28T12:05:13.707Z,market,trade,TESTE,100091.88777640073,14,,,,CS,GOLDM,,,
2026-03-28T12:05:13.873Z,market,trade,TESTE,100083.1879650849,195,,,,CS,MS,,,
2026-03-28T12:05:14.024Z,market,trade,TESTE,100094.66132572833,90,,,,JPM,BARCL,,,
2026-03-28T12:05:14.189Z,market,trade,TESTE,100096.88205918572,143,,,,ITAU,BARCL,,,
2026-03-28T12:05:14.340Z,market,trade,TESTE,100099.4514396525,15,,,,BARCL,GOLDM,,,
2026-03-28T12:05:14.505Z,market,trade,TESTE,100090.48825211664,167,,,,JPM,MS,,,
2026-03-28T12:05:14.656Z,market,trade,TESTE,100096.76099911312,104,,,,UBS,XP,,,
2026-03-28T12:05:14.808Z,market,trade,TESTE,100095.62660675352,149,,,,BARCL,BTG,,,
2026-03-28T12:05:14.959Z,market,trade,TESTE,100095.47535222162,143,,,,BARCL,CS,,,
2026-03-28T12:05:15.109Z,market,trade,TESTE,100091.80407634581,17,,,,BTG,GOLDM,,,
2026-03-28T12:05:15.274Z,market,trade,TESTE,100091.95053204914,173,,,,GOLDM,BARCL,,,
2026-03-28T12:05:15.426Z,market,trade,TESTE,100094.04045442426,137,,,,UBS,XP,,,
2026-03-28T12:05:15.579Z,market,trade,TESTE,100089.78106991253,55,,,,XP,GOLDM,,,
2026-03-28T12:05:15.731Z,market,trade,TESTE,100077.06691832317,164,,,,CS,UBS,,,
2026-03-28T12:05:15.882Z,market,trade,TESTE,100072.9939876163,101,,,,BARCL,CITI,,,
2026-03-28T12:05:16.064Z,market,trade,TESTE,100076.67208612469,21,,,,BTG,GOLDM,,,
2026-03-28T12:05:16.228Z,market,trade,TESTE,100084.68326007738,161,,,,CS,ITAU,,,
2026-03-28T12:05:16.380Z,market,trade,TESTE,100084.06696233484,132,,,,UBS,CS,,,
2026-03-28T12:05:16.538Z,market,trade,TESTE,100075.96066496977,76,,,,JPM,CITI,,,
2026-03-28T12:05:16.703Z,market,trade,TESTE,100071.49689354535,119,,,,JPM,XP,,,
2026-03-28T12:05:16.861Z,market,trade,TESTE,100077.86199735406,103,,,,BTG,GOLDM,,,
2026-03-28T12:05:17.022Z,market,trade,TESTE,100071.95179791779,96,,,,XP,JPM,,,
2026-03-28T12:05:17.173Z,market,trade,TESTE,100072.39860820913,96,,,,MS,MS,,,
2026-03-28T12:05:17.359Z,market,trade,TESTE,100079.67628778816,137,,,,UBS,CITI,,,
2026-03-28T12:05:17.520Z,market,trade,TESTE,100083.81301445351,134,,,,ITAU,JPM,,,
2026-03-28T12:05:17.676Z,market,trade,TESTE,100075.70793561016,62,,,,MS,JPM,,,
2026-03-28T12:05:17.839Z,market,trade,TESTE,100073.96437507491,170,,,,BARCL,JPM,,,
2026-03-28T12:05:18.001Z,market,trade,TESTE,100088.23798449663,33,,,,UBS,BTG,,,
2026-03-28T12:05:18.156Z,market,trade,TESTE,100083.67561447025,81,,,,CS,BTG,,,
2026-03-28T12:05:18.306Z,market,trade,TESTE,100078.88841504694,121,,,,JPM,MS,,,
2026-03-28T12:05:18.473Z,market,trade,TESTE,100067.5958900784,26,,,,MS,MS,,,
2026-03-28T12:05:18.625Z,market,trade,TESTE,100068.99132643963,45,,,,CITI,ITAU,,,
2026-03-28T12:05:18.789Z,market,trade,TESTE,100082.60184014335,83,,,,CITI,GOLDM,,,
2026-03-28T12:05:18.943Z,market,trade,TESTE,100086.09341829128,103,,,,JPM,BARCL,,,
2026-03-28T12:05:19.094Z,market,trade,TESTE,100087.4368837169,56,,,,BARCL,GOLDM,,,
2026-03-28T12:05:19.256Z,market,trade,TESTE,100085.95373729242,8,,,,BTG,MS,,,
2026-03-28T12:05:19.421Z,market,trade,TESTE,100086.25678232449,112,,,,BARCL,ITAU,,,
2026-03-28T12:05:19.573Z,market,trade,TESTE,100074.25636931669,37,,,,CS,CITI,,,
2026-03-28T12:05:19.739Z,market,trade,TESTE,100085.729235458,151,,,,CS,BTG,,,
2026-03-28T12:05:19.890Z,market,trade,TESTE,100071.82074074216,157,,,,BTG,BTG,,,
2026-03-28T12:05:20.044Z,market,trade,TESTE,100083.9784907374,111,,,,XP,CS,,,
2026-03-28T12:05:20.209Z,market,trade,TESTE,100086.46734280889,192,,,,ITAU,ITAU,,,
2026-03-28T12:05:20.362Z,market,trade,TESTE,100075.08916767761,167,,,,CS,CS,,,
2026-03-28T12:05:20.523Z,market,trade,TESTE,100082.04575397527,81,,,,UBS,ITAU,,,
2026-03-28T12:05:20.680Z,market,trade,TESTE,100074.63319158727,54,,,,CS,BARCL,,,
2026-03-28T12:05:20.843Z,market,trade,TESTE,100076.43660389101,110,,,,JPM,GOLDM,,,
2026-03-28T12:05:20.995Z,market,trade,TESTE,100077.07700457789,30,,,,JPM,UBS,,,
2026-03-28T12:05:21.159Z,market,trade,TESTE,100072.56071817495,111,,,,MS,CS,,,
2026-03-28T12:05:21.310Z,market,trade,TESTE,100070.66074516495,46,,,,UBS,BTG,,,
2026-03-28T12:05:21.475Z,market,trade,TESTE,100082.12019898802,174,,,,XP,JPM,,,
2026-03-28T12:05:21.640Z,market,trade,TESTE,100071.04686957486,102,,,,GOLDM,UBS,,,
2026-03-28T12:05:21.790Z,market,trade,TESTE,100068.39106900581,29,,,,JPM,CITI,,,
2026-03-28T12:05:21.950Z,market,trade,TESTE,100076.63768723662,44,,,,CITI,BTG,,,
2026-03-28T12:05:22.109Z,market,trade,TESTE,100081.36353513767,118,,,,MS,BTG,,,
2026-03-28T12:05:22.273Z,market,trade,TESTE,100076.63788782334,8,,,,XP,JPM,,,
2026-03-28T12:05:22.426Z,market,trade,TESTE,100069.33099544716,69,,,,ITAU,BARCL,,,
2026-03-28T12:05:22.576Z,market,trade,TESTE,100068.47855794967,8,,,,BTG,ITAU,,,
2026-03-28T12:05:22.730Z,market,trade,TESTE,100070.20985746979,145,,,,GOLDM,JPM,,,
2026-03-28T12:05:22.891Z,market,trade,TESTE,100084.38969748605,57,,,,CS,GOLDM,,,
2026-03-28T12:05:23.057Z,market,trade,TESTE,100076.70512045088,45,,,,XP,MS,,,
2026-03-28T12:05:23.210Z,market,trade,TESTE,100090.19744288377,98,,,,BTG,JPM,,,
2026-03-28T12:05:23.373Z,market,trade,TESTE,100087.17225748721,53,,,,UBS,BTG,,,
2026-03-28T12:05:23.531Z,market,trade,TESTE,100082.18833170613,131,,,,BTG,MS,,,
2026-03-28T12:05:23.690Z,market,trade,TESTE,100074.25051056461,48,,,,CITI,UBS,,,
2026-03-28T12:05:23.841Z,market,trade,TESTE,100082.85240854905,17,,,,JPM,GOLDM,,,
2026-03-28T12:05:24.004Z,market,trade,TESTE,100078.88985914722,119,,,,GOLDM,ITAU,,,
2026-03-28T12:05:24.156Z,market,trade,TESTE,100078.5502777834,168,,,,XP,BTG,,,
2026-03-28T12:05:24.310Z,market,trade,TESTE,100075.0704282303,74,,,,XP,CS,,,
2026-03-28T12:05:24.474Z,market,trade,TESTE,100063.87005144483,110,,,,JPM,MS,,,
2026-03-28T12:05:24.638Z,market,trade,TESTE,100069.87881415222,22,,,,UBS,MS,,,
2026-03-28T12:05:24.804Z,market,trade,TESTE,100067.87353270593,148,,,,ITAU,CS,,,
2026-03-28T12:05:24.954Z,market,trade,TESTE,100061.16754192163,186,,,,BARCL,MS,,,
2026-03-28T12:05:25.105Z,market,trade,TESTE,100062.72145928422,166,,,,UBS,BARCL,,,
2026-03-28T12:05:25.269Z,market,trade,TESTE,100069.93909349086,23,,,,CITI,BARCL,,,
2026-03-28T12:05:25.422Z,market,trade,TESTE,100067.219587283,10,,,,UBS,ITAU,,,
2026-03-28T12:05:25.574Z,market,trade,TESTE,100057.96141544436,164,,,,BTG,CS,,,
2026-03-28T12:05:25.728Z,market,trade,TESTE,100056.33083871963,77,,,,ITAU,JPM,,,
2026-03-28T12:05:25.889Z,market,flow_inversion,,,,,,,,,-2,127,UBS
2026-03-28T12:05:25.889Z,market,trade,TESTE,100063.8051056219,129,,,,UBS,ITAU,,,
2026-03-28T12:05:26.041Z,market,trade,TESTE,100055.95303588375,149,,,,CITI,CS,,,
2026-03-28T12:05:26.207Z,market,trade,TESTE,100065.80218717078,184,,,,BARCL,BTG,,,
2026-03-28T12:05:26.357Z,market,trade,TESTE,100064.77083391257,198,,,,ITAU,BTG,,,
2026-03-28T12:05:26.524Z,market,trade,TESTE,100052.31840378845,164,,,,GOLDM,BARCL,,,
2026-03-28T12:05:26.690Z,market,trade,TESTE,100060.54393093828,104,,,,BTG,CITI,,,
2026-03-28T12:05:26.856Z,market,trade,TESTE,100063.42694215133,179,,,,ITAU,BTG,,,
2026-03-28T12:05:27.006Z,market,trade,TESTE,100053.70467524255,159,,,,ITAU,XP,,,
2026-03-28T12:05:27.172Z,market,trade,TESTE,100054.85358771015,42,,,,UBS,GOLDM,,,
2026-03-28T12:05:27.323Z,market,trade,TESTE,100056.43302259565,143,,,,GOLDM,BARCL,,,
2026-03-28T12:05:27.474Z,market,trade,TESTE,100054.63716685389,160,,,,BTG,JPM,,,
2026-03-28T12:05:27.640Z,market,trade,TESTE,100056.51960506148,188,,,,BTG,UBS,,,
2026-03-28T12:05:27.806Z,market,trade,TESTE,100065.72614666248,185,,,,CS,JPM,,,
2026-03-28T12:05:27.973Z,market,trade,TESTE,100053.99492974454,19,,,,CITI,BTG,,,
2026-03-28T12:05:28.140Z,market,trade,TESTE,100049.2170594074,152,,,,MS,CITI,,,
2026-03-28T12:05:28.290Z,market,trade,TESTE,100052.88445829904,198,,,,CITI,UBS,,,
2026-03-28T12:05:28.457Z,market,trade,TESTE,100048.70548590229,188,,,,MS,CS,,,
2026-03-28T12:05:28.623Z,market,trade,TESTE,100055.77653585329,23,,,,UBS,CITI,,,
2026-03-28T12:05:28.790Z,market,trade,TESTE,100041.47487645531,83,,,,BTG,BTG,,,
2026-03-28T12:05:28.957Z,market,trade,TESTE,100043.29469023352,104,,,,XP,MS,,,
2026-03-28T12:05:29.124Z,market,trade,TESTE,100049.06787053694,111,,,,CITI,MS,,,
2026-03-28T12:05:29.290Z,market,trade,TESTE,100036.25602988884,105,,,,CS,CITI,,,
2026-03-28T12:05:29.457Z,market,trade,TESTE,100034.36998658643,119,,,,UBS,GOLDM,,,
2026-03-28T12:05:29.607Z,market,trade,TESTE,100030.91652147273,153,,,,GOLDM,ITAU,,,
2026-03-28T12:05:29.773Z,market,trade,TESTE,100035.58710358279,55,,,,JPM,CITI,,,
2026-03-28T12:05:29.940Z,market,trade,TESTE,100040.96536888699,122,,,,GOLDM,ITAU,,,
2026-03-28T12:05:30.106Z,market,trade,TESTE,100044.15490107256,9,,,,ITAU,BTG,,,
2026-03-28T12:05:30.259Z,market,trade,TESTE,100035.1046701975,168,,,,UBS,MS,,,
2026-03-28T12:05:30.421Z,market,trade,TESTE,100036.83347223431,166,,,,UBS,JPM,,,
2026-03-28T12:05:30.579Z,market,trade,TESTE,100051.4947746603,47,,,,GOLDM,CITI,,,
2026-03-28T12:05:30.742Z,market,trade,TESTE,100043.93179186028,89,,,,ITAU,BARCL,,,
2026-03-28T12:05:30.907Z,market,trade,TESTE,100043.98795782721,93,,,,BARCL,BARCL,,,
2026-03-28T12:05:31.071Z,market,trade,TESTE,100041.56120660432,122,,,,CS,CS,,,
2026-03-28T12:05:31.224Z,market,trade,TESTE,100051.23890048149,101,,,,CITI,BARCL,,,
2026-03-28T12:05:31.390Z,market,trade,TESTE,100054.1932800521,154,,,,GOLDM,BARCL,,,
2026-03-28T12:05:31.557Z,market,trade,TESTE,100055.41534949772,28,,,,UBS,CS,,,
2026-03-28T12:05:31.723Z,market,trade,TESTE,100051.32479683847,9,,,,GOLDM,BTG,,,
2026-03-28T12:05:31.890Z,market,trade,TESTE,100050.31507861594,45,,,,XP,MS,,,
2026-03-28T12:05:32.057Z,market,trade,TESTE,100051.1336513868,93,,,,BARCL,GOLDM,,,
2026-03-28T12:05:32.223Z,market,trade,TESTE,100052.37620298288,81,,,,XP,CITI,,,
2026-03-28T12:05:32.390Z,market,trade,TESTE,100041.36606984375,25,,,,CS,CITI,,,
2026-03-28T12:05:32.557Z,market,trade,TESTE,100037.55483780178,26,,,,UBS,CITI,,,
2026-03-28T12:05:32.723Z,market,trade,TESTE,100038.8152754586,110,,,,CS,JPM,,,
2026-03-28T12:05:32.890Z,market,trade,TESTE,100041.736148896,27,,,,GOLDM,CITI,,,
2026-03-28T12:05:33.057Z,market,trade,TESTE,100055.24929329059,94,,,,GOLDM,UBS,,,
2026-03-28T12:05:33.223Z,market,trade,TESTE,100050.12931268098,33,,,,CITI,ITAU,,,
2026-03-28T12:05:33.374Z,market,trade,TESTE,100059.51916732489,75,,,,MS,MS,,,
2026-03-28T12:05:33.527Z,market,trade,TESTE,100059.54393764475,22,,,,ITAU,BTG,,,
2026-03-28T12:05:33.690Z,market,trade,TESTE,100050.66434713893,98,,,,CITI,BTG,,,
2026-03-28T12:05:33.840Z,market,trade,TESTE,100056.18831073235,76,,,,UBS,XP,,,
2026-03-28T12:05:33.992Z,market,trade,TESTE,100058.00470435197,50,,,,CITI,BTG,,,
2026-03-28T12:05:34.143Z,market,trade,TESTE,100057.41207845266,38,,,,GOLDM,GOLDM,,,
2026-03-28T12:05:34.294Z,market,trade,TESTE,100047.59716958998,23,,,,BARCL,UBS,,,
2026-03-28T12:05:34.446Z,market,trade,TESTE,100060.86323108703,87,,,,BARCL,XP,,,
2026-03-28T12:05:34.609Z,market,trade,TESTE,100063.35700372158,63,,,,UBS,CS,,,
2026-03-28T12:05:34.774Z,market,trade,TESTE,100061.99082622866,62,,,,CS,XP,,,
2026-03-28T12:05:34.940Z,market,trade,TESTE,100053.47264894842,66,,,,JPM,MS,,,
2026-03-28T12:05:35.106Z,market,trade,TESTE,100058.3124862588,169,,,,ITAU,MS,,,
2026-03-28T12:05:35.261Z,market,trade,TESTE,100066.98812108421,124,,,,CS,MS,,,
2026-03-28T12:05:35.421Z,market,trade,TESTE,100070.55185534681,189,,,,BTG,BTG,,,
2026-03-28T12:05:35.574Z,market,trade,TESTE,100070.50169665273,110,,,,JPM,BARCL,,,
2026-03-28T12:05:35.726Z,market,trade,TESTE,100067.41645693366,55,,,,BARCL,GOLDM,,,
2026-03-28T12:05:35.877Z,market,trade,TESTE,100068.88812950229,13,,,,JPM,CITI,,,
2026-03-28T12:05:36.040Z,market,trade,TESTE,100064.28129465983,191,,,,ITAU,GOLDM,,,
2026-03-28T12:05:36.207Z,market,trade,TESTE,100055.96957612952,50,,,,UBS,BARCL,,,
2026-03-28T12:05:36.373Z,market,trade,TESTE,100059.57071344042,83,,,,UBS,CITI,,,
2026-03-28T12:05:36.540Z,market,trade,TESTE,100059.22271529937,152,,,,BARCL,ITAU,,,
2026-03-28T12:05:36.706Z,market,trade,TESTE,100072.03014422518,166,,,,ITAU,ITAU,,,
2026-03-28T12:05:36.859Z,market,trade,TESTE,100072.1175985016,143,,,,XP,BARCL,,,
2026-03-28T12:05:37.014Z,market,trade,TESTE,100064.9273254349,191,,,,GOLDM,CS,,,
2026-03-28T12:05:37.173Z,market,trade,TESTE,100060.65847712987,147,,,,XP,CS,,,
2026-03-28T12:05:37.335Z,market,trade,TESTE,100074.1117290311,162,,,,UBS,BTG,,,
2026-03-28T12:05:37.489Z,market,trade,TESTE,100062.4730402319,69,,,,BTG,CS,,,
2026-03-28T12:05:37.640Z,market,trade,TESTE,100071.76224897089,170,,,,BTG,UBS,,,
2026-03-28T12:05:37.791Z,market,trade,TESTE,100069.40065259194,87,,,,ITAU,MS,,,
2026-03-28T12:05:37.956Z,market,trade,TESTE,100069.475499907,42,,,,BTG,GOLDM,,,
2026-03-28T12:05:38.107Z,market,trade,TESTE,100070.01541955073,134,,,,JPM,ITAU,,,
2026-03-28T12:05:38.257Z,market,trade,TESTE,100056.67332446613,98,,,,BTG,CITI,,,
2026-03-28T12:05:38.422Z,market,trade,TESTE,100070.34679753885,190,,,,GOLDM,XP,,,
2026-03-28T12:05:38.574Z,market,trade,TESTE,100061.45208541605,176,,,,CS,ITAU,,,
2026-03-28T12:05:38.731Z,market,trade,TESTE,100069.59592739222,59,,,,XP,JPM,,,
2026-03-28T12:05:38.896Z,market,trade,TESTE,100055.49307890244,199,,,,MS,XP,,,
2026-03-28T12:05:39.059Z,market,trade,TESTE,100059.22882901857,160,,,,JPM,UBS,,,
2026-03-28T12:05:39.223Z,market,trade,TESTE,100073.34145014551,118,,,,GOLDM,JPM,,,
2026-03-28T12:05:39.384Z,market,trade,TESTE,100065.22196501459,160,,,,BARCL,MS,,,
2026-03-28T12:05:39.542Z,market,trade,TESTE,100068.3802285585,165,,,,BTG,JPM,,,
2026-03-28T12:05:39.703Z,market,trade,TESTE,100070.6954520132,6,,,,JPM,ITAU,,,
2026-03-28T12:05:39.868Z,market,trade,TESTE,100074.2204446608,134,,,,UBS,ITAU,,,
2026-03-28T12:05:40.024Z,market,trade,TESTE,100075.00959876222,160,,,,XP,ITAU,,,
2026-03-28T12:05:40.187Z,market,trade,TESTE,100086.68932203164,115,,,,JPM,MS,,,
2026-03-28T12:05:40.342Z,market,trade,TESTE,100087.95525793213,170,,,,MS,CITI,,,
2026-03-28T12:05:40.496Z,market,trade,TESTE,100090.95371038864,30,,,,JPM,BTG,,,
2026-03-28T12:05:40.653Z,market,trade,TESTE,100087.92258663356,7,,,,MS,MS,,,
2026-03-28T12:05:40.804Z,market,trade,TESTE,100076.17012670916,172,,,,UBS,MS,,,
2026-03-28T12:05:40.968Z,market,trade,TESTE,100075.92348403277,61,,,,CITI,CITI,,,
2026-03-28T12:05:41.122Z,market,trade,TESTE,100088.07335064794,110,,,,BTG,BTG,,,
2026-03-28T12:05:41.277Z,market,trade,TESTE,100080.56312733171,143,,,,BTG,JPM,,,
2026-03-28T12:05:41.440Z,market,trade,TESTE,100094.23126713469,66,,,,ITAU,JPM,,,
2026-03-28T12:05:41.606Z,market,trade,TESTE,100088.28491413183,38,,,,ITAU,XP,,,
2026-03-28T12:05:41.771Z,market,trade,TESTE,100098.75825972317,38,,,,ITAU,ITAU,,,
2026-03-28T12:05:41.922Z,market,trade,TESTE,100089.66558017104,90,,,,XP,ITAU,,,
2026-03-28T12:05:42.073Z,market,trade,TESTE,100094.12974727107,192,,,,JPM,CITI,,,
2026-03-28T12:05:42.229Z,market,trade,TESTE,100103.46224739616,73,,,,BARCL,BARCL,,,
2026-03-28T12:05:42.386Z,market,trade,TESTE,100092.13795176227,72,,,,CITI,JPM,,,
2026-03-28T12:05:42.537Z,market,trade,TESTE,100105.81929781998,53,,,,ITAU,BTG,,,
2026-03-28T12:05:42.701Z,market,trade,TESTE,100091.41546824636,52,,,,XP,UBS,,,
2026-03-28T12:05:42.852Z,market,trade,TESTE,100103.96971058904,159,,,,CS,CITI,,,
2026-03-28T12:05:43.004Z,market,trade,TESTE,100107.34394918606,146,,,,GOLDM,JPM,,,
2026-03-28T12:05:43.172Z,market,trade,TESTE,100108.76406832832,13,,,,MS,GOLDM,,,
2026-03-28T12:05:43.333Z,market,trade,TESTE,100104.34624078366,51,,,,BTG,CITI,,,
2026-03-28T12:05:43.489Z,market,trade,TESTE,100091.93914424493,190,,,,ITAU,CS,,,
2026-03-28T12:05:43.639Z,market,trade,TESTE,100105.1341246811,86,,,,JPM,XP,,,
2026-03-28T12:05:43.790Z,market,trade,TESTE,100105.37002116803,161,,,,GOLDM,UBS,,,
2026-03-28T12:05:43.941Z,market,flow_inversion,,,,,,,,,-132,48,GOLDM
2026-03-28T12:05:43.941Z,market,trade,TESTE,100104.9936482229,180,,,,GOLDM,BTG,,,
2026-03-28T12:05:44.097Z,market,trade,TESTE,100108.04715341011,113,,,,JPM,CITI,,,
2026-03-28T12:05:44.248Z,market,trade,TESTE,100106.59984381315,100,,,,ITAU,UBS,,,
2026-03-28T12:05:44.406Z,market,trade,TESTE,100100.74695931119,116,,,,MS,BARCL,,,
2026-03-28T12:05:44.561Z,market,trade,TESTE,100113.47779415929,161,,,,JPM,UBS,,,
2026-03-28T12:05:44.722Z,market,trade,TESTE,100109.38882605494,26,,,,XP,XP,,,
2026-03-28T12:05:44.873Z,market,trade,TESTE,100110.6740234673,80,,,,JPM,CS,,,
2026-03-28T12:05:45.024Z,market,trade,TESTE,100104.1140076428,153,,,,BARCL,XP,,,
2026-03-28T12:05:45.176Z,market,trade,TESTE,100114.69271792291,114,,,,GOLDM,JPM,,,
2026-03-28T12:05:45.341Z,market,trade,TESTE,100101.76449698726,140,,,,JPM,BARCL,,,
2026-03-28T12:05:45.506Z,market,trade,TESTE,100097.00797883369,21,,,,BTG,GOLDM,,,
2026-03-28T12:05:45.661Z,market,trade,TESTE,100110.36871367613,66,,,,BTG,UBS,,,
2026-03-28T12:05:45.822Z,market,trade,TESTE,100098.64234489237,133,,,,BTG,BTG,,,
2026-03-28T12:05:45.977Z,market,trade,TESTE,100098.41784339222,117,,,,MS,CITI,,,
2026-03-28T12:05:46.138Z,market,trade,TESTE,100105.51329013912,126,,,,GOLDM,CS,,,
2026-03-28T12:05:46.290Z,market,trade,TESTE,100091.54868422032,146,,,,GOLDM,BTG,,,
2026-03-28T12:05:46.457Z,market,trade,TESTE,100104.46604697537,24,,,,BARCL,BTG,,,
2026-03-28T12:05:46.620Z,market,trade,TESTE,100097.57871424248,12,,,,ITAU,BARCL,,,
2026-03-28T12:05:46.786Z,market,trade,TESTE,100106.22486837882,193,,,,XP,CS,,,
2026-03-28T12:05:46.937Z,market,trade,TESTE,100093.35181664812,85,,,,ITAU,GOLDM,,,
2026-03-28T12:05:47.088Z,market,trade,TESTE,100096.88920092706,184,,,,GOLDM,ITAU,,,
2026-03-28T12:05:47.249Z,market,trade,TESTE,100095.76736074577,59,,,,UBS,CS,,,
2026-03-28T12:05:47.404Z,market,trade,TESTE,100102.54584570568,65,,,,BTG,BARCL,,,
2026-03-28T12:05:47.562Z,market,trade,TESTE,100105.03095463228,23,,,,MS,XP,,,
2026-03-28T12:05:47.714Z,market,trade,TESTE,100095.13040466158,101,,,,CS,JPM,,,
2026-03-28T12:05:47.870Z,market,trade,TESTE,100093.01558448453,186,,,,XP,BARCL,,,
2026-03-28T12:05:48.024Z,market,trade,TESTE,100094.57715641921,167,,,,CITI,JPM,,,
2026-03-28T12:05:48.186Z,market,trade,TESTE,100100.34619648987,33,,,,CITI,UBS,,,
2026-03-28T12:05:48.349Z,market,trade,TESTE,100085.86212276517,66,,,,CS,ITAU,,,
2026-03-28T12:05:48.502Z,market,trade,TESTE,100081.39447685583,123,,,,BARCL,CS,,,
2026-03-28T12:05:48.653Z,market,trade,TESTE,100096.05837979066,136,,,,BTG,BARCL,,,
2026-03-28T12:05:48.805Z,market,trade,TESTE,100098.80339970416,126,,,,GOLDM,BTG,,,
2026-03-28T12:05:48.970Z,market,trade,TESTE,100085.81600696061,126,,,,BTG,ITAU,,,
2026-03-28T12:05:49.131Z,market,trade,TESTE,100086.785353595,41,,,,MS,UBS,,,
2026-03-28T12:05:49.289Z,market,trade,TESTE,100097.17476111102,84,,,,UBS,GOLDM,,,
2026-03-28T12:05:49.441Z,market,trade,TESTE,100091.79899464198,168,,,,MS,CS,,,
2026-03-28T12:05:49.605Z,market,trade,TESTE,100091.32749801272,153,,,,CITI,BARCL,,,
2026-03-28T12:05:49.770Z,market,trade,TESTE,100098.36779333252,21,,,,XP,GOLDM,,,
2026-03-28T12:05:49.922Z,market,trade,TESTE,100093.61600867045,148,,,,UBS,CS,,,
2026-03-28T12:05:50.080Z,market,trade,TESTE,100096.71144374675,183,,,,BARCL,MS,,,
2026-03-28T12:05:50.236Z,market,trade,TESTE,100094.3220434495,124,,,,ITAU,CITI,,,
2026-03-28T12:05:50.396Z,market,trade,TESTE,100082.30256493579,101,,,,BTG,UBS,,,
2026-03-28T12:05:50.550Z,market,trade,TESTE,100077.66144740998,18,,,,CITI,XP,,,
2026-03-28T12:05:50.706Z,market,trade,TESTE,100074.74265585298,58,,,,XP,XP,,,
2026-03-28T12:05:50.869Z,market,trade,TESTE,100084.93853631803,144,,,,BARCL,ITAU,,,
2026-03-28T12:05:51.021Z,market,trade,TESTE,100085.54237789524,136,,,,CITI,BARCL,,,
2026-03-28T12:05:51.174Z,market,trade,TESTE,100087.20484386059,27,,,,BARCL,GOLDM,,,
2026-03-28T12:05:51.325Z,market,trade,TESTE,100080.81374197398,32,,,,JPM,BTG,,,
2026-03-28T12:05:51.490Z,market,trade,TESTE,100078.01515470025,170,,,,CS,GOLDM,,,
2026-03-28T12:05:51.640Z,market,trade,TESTE,100083.61910015033,188,,,,CS,JPM,,,
2026-03-28T12:05:51.793Z,market,trade,TESTE,100082.8459613493,92,,,,MS,ITAU,,,
2026-03-28T12:05:51.955Z,market,trade,TESTE,100083.99995211439,163,,,,BARCL,CS,,,
2026-03-28T12:05:52.107Z,market,trade,TESTE,100078.35232833982,109,,,,ITAU,JPM,,,
2026-03-28T12:05:52.258Z,market,trade,TESTE,100090.39096072517,177,,,,CITI,ITAU,,,
2026-03-28T12:05:52.423Z,market,trade,TESTE,100076.07175961968,97,,,,CS,GOLDM,,,
2026-03-28T12:05:52.574Z,market,trade,TESTE,100077.65572136125,95,,,,CITI,JPM,,,
2026-03-28T12:05:52.725Z,market,trade,TESTE,100077.37527369185,132,,,,UBS,BTG,,,
2026-03-28T12:05:52.890Z,market,trade,TESTE,100086.99993449461,152,,,,UBS,GOLDM,,,
2026-03-28T12:05:53.050Z,market,trade,TESTE,100080.86818447313,184,,,,CS,UBS,,,
2026-03-28T12:05:53.206Z,market,trade,TESTE,100082.92107248516,172,,,,UBS,MS,,,
2026-03-28T12:05:53.371Z,market,trade,TESTE,100082.070542794,33,,,,BARCL,ITAU,,,
2026-03-28T12:05:53.522Z,market,trade,TESTE,100091.76881615892,168,,,,UBS,JPM,,,
2026-03-28T12:05:53.672Z,market,trade,TESTE,100094.9566637438,15,,,,UBS,ITAU,,,
2026-03-28T12:05:53.823Z,market,trade,TESTE,100096.28994655742,165,,,,JPM,GOLDM,,,
2026-03-28T12:05:53.975Z,market,trade,TESTE,100090.48711964712,100,,,,XP,GOLDM,,,
2026-03-28T12:05:54.125Z,market,trade,TESTE,100098.16684106587,141,,,,UBS,CITI,,,
2026-03-28T12:05:54.279Z,market,trade,TESTE,100090.86603577851,68,,,,CITI,XP,,,
2026-03-28T12:05:54.438Z,market,trade,TESTE,100102.84620804478,143,,,,CS,UBS,,,
2026-03-28T12:05:54.602Z,market,trade,TESTE,100096.41398276777,50,,,,MS,XP,,,
2026-03-28T12:05:54.755Z,market,trade,TESTE,100102.77350357544,39,,,,GOLDM,CITI,,,
2026-03-28T12:05:54.920Z,market,trade,TESTE,100094.06308881119,117,,,,XP,CS,,,
2026-03-28T12:05:55.071Z,market,trade,TESTE,100105.3434199158,195,,,,CITI,ITAU,,,
2026-03-28T12:05:55.224Z,market,trade,TESTE,100107.90577499433,80,,,,CS,XP,,,
2026-03-28T12:05:55.374Z,market,trade,TESTE,100110.24761317935,167,,,,UBS,BTG,,,
2026-03-28T12:05:55.532Z,market,trade,TESTE,100101.79785053607,169,,,,ITAU,MS,,,
2026-03-28T12:05:55.689Z,market,trade,TESTE,100097.72352935524,72,,,,XP,BTG,,,
2026-03-28T12:05:55.854Z,market,trade,TESTE,100094.4640424521,171,,,,CITI,XP,,,
2026-03-28T12:05:56.007Z,market,trade,TESTE,100095.61234947856,168,,,,UBS,GOLDM,,,
2026-03-28T12:05:56.172Z,market,trade,TESTE,100097.68752933257,94,,,,BARCL,BTG,,,
2026-03-28T12:05:56.323Z,market,trade,TESTE,100106.19553984219,60,,,,UBS,GOLDM,,,
2026-03-28T12:05:56.474Z,market,trade,TESTE,100106.697783399,105,,,,BARCL,GOLDM,,,
2026-03-28T12:05:56.637Z,market,trade,TESTE,100100.61879234784,88,,,,CS,BTG,,,
2026-03-28T12:05:56.792Z,market,trade,TESTE,100104.15244512865,70,,,,GOLDM,GOLDM,,,
2026-03-28T12:05:56.958Z,market,trade,TESTE,100111.81363822208,118,,,,CS,CS,,,
2026-03-28T12:05:57.108Z,market,trade,TESTE,100115.4285582603,73,,,,UBS,CS,,,
2026-03-28T12:05:57.273Z,market,trade,TESTE,100112.93580042456,10,,,,ITAU,BTG,,,
2026-03-28T12:05:57.426Z,market,trade,TESTE,100101.2478713955,85,,,,BTG,XP,,,
2026-03-28T12:05:57.588Z,market,trade,TESTE,100107.66009589744,33,,,,CITI,XP,,,
2026-03-28T12:05:57.739Z,market,trade,TESTE,100102.29558244208,52,,,,GOLDM,BARCL,,,
2026-03-28T12:05:57.890Z,market,trade,TESTE,100105.88678521955,15,,,,MS,ITAU,,,
2026-03-28T12:05:58.043Z,market,trade,TESTE,100104.19934401466,75,,,,BTG,XP,,,
2026-03-28T12:05:58.194Z,market,trade,TESTE,100105.59999951547,156,,,,CS,CS,,,
2026-03-28T12:05:58.347Z,market,trade,TESTE,100104.72145507575,88,,,,MS,MS,,,
2026-03-28T12:05:58.505Z,market,trade,TESTE,100112.92328977645,41,,,,CS,MS,,,
2026-03-28T12:05:58.658Z,market,trade,TESTE,100116.5845468324,149,,,,GOLDM,BARCL,,,
2026-03-28T12:05:58.810Z,market,trade,TESTE,100120.43344575404,19,,,,XP,MS,,,
2026-03-28T12:05:58.973Z,market,trade,TESTE,100111.72735174524,15,,,,BARCL,CITI,,,
2026-03-28T12:05:59.125Z,market,trade,TESTE,100122.04568414422,66,,,,GOLDM,UBS,,,
2026-03-28T12:05:59.290Z,market,trade,TESTE,100116.36688568657,74,,,,ITAU,MS,,,
2026-03-28T12:05:59.443Z,market,trade,TESTE,100118.94253608391,78,,,,MS,BTG,,,
2026-03-28T12:05:59.609Z,market,trade,TESTE,100118.02774477372,69,,,,CITI,CS,,,
2026-03-28T12:05:59.760Z,market,trade,TESTE,100120.39403087432,162,,,,JPM,GOLDM,,,
2026-03-28T12:05:59.923Z,market,trade,TESTE,100121.53518923718,152,,,,ITAU,XP,,,
2026-03-28T12:06:00.089Z,market,trade,TESTE,100132.54844355126,76,,,,ITAU,BARCL,,,
2026-03-28T12:06:00.241Z,market,trade,TESTE,100129.64306865374,188,,,,BARCL,JPM,,,
2026-03-28T12:06:00.406Z,market,trade,TESTE,100131.29053078602,160,,,,ITAU,CS,,,
2026-03-28T12:06:00.557Z,market,trade,TESTE,100120.92173604347,115,,,,BARCL,GOLDM,,,
2026-03-28T12:06:00.715Z,market,trade,TESTE,100125.2316491286,162,,,,BTG,MS,,,
2026-03-28T12:06:00.874Z,market,trade,TESTE,100132.0851922935,31,,,,CS,CITI,,,
2026-03-28T12:06:01.039Z,market,trade,TESTE,100133.60727083121,98,,,,BTG,GOLDM,,,
2026-03-28T12:06:01.190Z,market,trade,TESTE,100124.62242619495,34,,,,ITAU,BTG,,,
2026-03-28T12:06:01.356Z,market,trade,TESTE,100138.72109487983,63,,,,GOLDM,CS,,,
2026-03-28T12:06:01.507Z,market,trade,TESTE,100135.15919792841,87,,,,JPM,CS,,,
2026-03-28T12:06:01.658Z,market,trade,TESTE,100123.6192087897,70,,,,ITAU,BARCL,,,
2026-03-28T12:06:01.822Z,market,trade,TESTE,100136.03386690342,21,,,,ITAU,CITI,,,
2026-03-28T12:06:01.973Z,market,trade,TESTE,100137.85592900612,37,,,,UBS,BARCL,,,
2026-03-28T12:06:02.124Z,market,trade,TESTE,100136.90436129353,93,,,,UBS,ITAU,,,
2026-03-28T12:06:02.290Z,market,trade,TESTE,100137.72666316526,82,,,,ITAU,BTG,,,
2026-03-28T12:06:02.440Z,market,trade,TESTE,100123.79387429018,92,,,,XP,MS,,,
2026-03-28T12:06:02.606Z,market,trade,TESTE,100129.2555910089,116,,,,XP,BARCL,,,
2026-03-28T12:06:02.770Z,market,trade,TESTE,100117.10511371407,177,,,,UBS,CS,,,
2026-03-28T12:06:02.931Z,market,trade,TESTE,100120.88290299677,69,,,,CITI,GOLDM,,,
2026-03-28T12:06:03.090Z,market,trade,TESTE,100124.66031376233,193,,,,GOLDM,UBS,,,
2026-03-28T12:06:03.256Z,market,trade,TESTE,100125.75108091983,50,,,,BARCL,JPM,,,
2026-03-28T12:06:03.408Z,market,trade,TESTE,100126.450222837,66,,,,CITI,CITI,,,
2026-03-28T12:06:03.559Z,market,trade,TESTE,100130.60801633056,54,,,,CITI,CS,,,
2026-03-28T12:06:03.723Z,market,trade,TESTE,100131.30328077704,100,,,,JPM,MS,,,
2026-03-28T12:06:03.889Z,market,trade,TESTE,100135.39800452959,148,,,,JPM,CS,,,
2026-03-28T12:06:04.040Z,market,trade,TESTE,100138.79044566864,137,,,,CS,UBS,,,
2026-03-28T12:06:04.205Z,market,trade,TESTE,100134.99272529352,105,,,,CITI,ITAU,,,
2026-03-28T12:06:04.358Z,market,trade,TESTE,100138.13265110127,194,,,,CS,JPM,,,
2026-03-28T12:06:04.523Z,market,trade,TESTE,100142.1524075489,149,,,,XP,BTG,,,
2026-03-28T12:06:04.676Z,market,trade,TESTE,100144.08676849502,63,,,,CITI,JPM,,,
2026-03-28T12:06:04.840Z,market,trade,TESTE,100141.70119444276,163,,,,CITI,JPM,,,
2026-03-28T12:06:04.991Z,market,trade,TESTE,100148.16137525404,188,,,,JPM,JPM,,,
2026-03-28T12:06:05.155Z,market,trade,TESTE,100148.40004908752,181,,,,BARCL,MS,,,
2026-03-28T12:06:05.308Z,market,trade,TESTE,100143.03365753932,199,,,,JPM,CS,,,
2026-03-28T12:06:05.473Z,market,trade,TESTE,100139.78424604524,116,,,,CS,MS,,,
2026-03-28T12:06:05.638Z,market,trade,TESTE,100139.22069531065,174,,,,CS,BTG,,,
2026-03-28T12:06:05.789Z,market,trade,TESTE,100144.19561113972,41,,,,CITI,CITI,,,
2026-03-28T12:06:05.940Z,market,trade,TESTE,100143.1293462946,13,,,,BARCL,BARCL,,,
2026-03-28T12:06:06.106Z,market,trade,TESTE,100157.41646614145,191,,,,XP,XP,,,
2026-03-28T12:06:06.258Z,market,trade,TESTE,100146.92157552493,130,,,,BTG,XP,,,
2026-03-28T12:06:06.421Z,market,trade,TESTE,100144.86249192878,130,,,,BTG,CS,,,
2026-03-28T12:06:06.573Z,market,trade,TESTE,100148.70760895022,19,,,,XP,BTG,,,
2026-03-28T12:06:06.733Z,market,trade,TESTE,100145.65563181888,70,,,,CITI,UBS,,,
2026-03-28T12:06:06.893Z,market,trade,TESTE,100156.47311729405,57,,,,XP,CS,,,
2026-03-28T12:06:07.056Z,market,trade,TESTE,100153.95184722373,172,,,,XP,GOLDM,,,
2026-03-28T12:06:07.223Z,market,trade,TESTE,100151.24290817762,115,,,,MS,MS,,,
2026-03-28T12:06:07.374Z,market,trade,TESTE,100154.04628009017,109,,,,ITAU,MS,,,
2026-03-28T12:06:07.538Z,market,trade,TESTE,100154.77213187137,155,,,,XP,ITAU,,,
2026-03-28T12:06:07.689Z,market,trade,TESTE,100147.65860262483,188,,,,MS,ITAU,,,
2026-03-28T12:06:07.840Z,market,trade,TESTE,100145.30633800266,41,,,,BARCL,UBS,,,
2026-03-28T12:06:07.991Z,market,trade,TESTE,100155.45649224684,67,,,,XP,XP,,,
2026-03-28T12:06:08.141Z,market,trade,TESTE,100153.57191150758,109,,,,CITI,UBS,,,
2026-03-28T12:06:08.292Z,market,trade,TESTE,100144.37181392557,117,,,,JPM,CS,,,
2026-03-28T12:06:08.449Z,market,trade,TESTE,100143.58929283159,138,,,,UBS,BTG,,,
2026-03-28T12:06:08.606Z,market,trade,TESTE,100152.4395091237,34,,,,ITAU,ITAU,,,
2026-03-28T12:06:08.757Z,market,trade,TESTE,100149.02257743143,184,,,,XP,JPM,,,
2026-03-28T12:06:08.922Z,market,trade,TESTE,100134.53900853457,194,,,,CS,MS,,,
2026-03-28T12:06:09.086Z,market,trade,TESTE,100132.97313880335,126,,,,BTG,GOLDM,,,
2026-03-28T12:06:09.238Z,market,trade,TESTE,100140.70073519266,146,,,,GOLDM,JPM,,,
2026-03-28T12:06:09.402Z,market,trade,TESTE,100131.42809383018,7,,,,XP,BARCL,,,
2026-03-28T12:06:09.553Z,market,trade,TESTE,100128.41035016424,27,,,,MS,JPM,,,
2026-03-28T12:06:09.713Z,market,trade,TESTE,100125.95052716006,60,,,,CITI,JPM,,,
2026-03-28T12:06:09.868Z,market,trade,TESTE,100123.20993324561,75,,,,BTG,UBS,,,
2026-03-28T12:06:10.023Z,market,trade,TESTE,100133.64320279035,138,,,,JPM,CITI,,,
2026-03-28T12:06:10.185Z,market,trade,TESTE,100123.36796183007,141,,,,ITAU,GOLDM,,,
2026-03-28T12:06:10.339Z,market,trade,TESTE,100134.16372343963,49,,,,BARCL,MS,,,
2026-03-28T12:06:10.496Z,market,trade,TESTE,100128.09213322784,163,,,,UBS,GOLDM,,,
2026-03-28T12:06:10.651Z,market,trade,TESTE,100135.95067568895,20,,,,MS,GOLDM,,,
2026-03-28T12:06:10.804Z,market,trade,TESTE,100131.95265800825,56,,,,MS,CITI,,,
2026-03-28T12:06:10.957Z,market,trade,TESTE,100122.51750360086,85,,,,BARCL,ITAU,,,
2026-03-28T12:06:11.121Z,market,trade,TESTE,100126.44836731709,22,,,,CS,BTG,,,
2026-03-28T12:06:11.272Z,market,trade,TESTE,100124.209154103,81,,,,BTG,UBS,,,
2026-03-28T12:06:11.434Z,market,trade,TESTE,100131.28977563157,157,,,,BARCL,XP,,,
2026-03-28T12:06:11.586Z,market,trade,TESTE,100136.22175193706,73,,,,JPM,CS,,,
2026-03-28T12:06:11.742Z,market,trade,TESTE,100134.64495375087,95,,,,BARCL,JPM,,,
2026-03-28T12:06:11.905Z,market,trade,TESTE,100135.25360973849,78,,,,GOLDM,UBS,,,
2026-03-28T12:06:12.066Z,market,trade,TESTE,100126.62744745461,82,,,,CS,UBS,,,
2026-03-28T12:06:12.220Z,market,trade,TESTE,100130.1123116256,101,,,,XP,XP,,,
2026-03-28T12:06:12.374Z,market,trade,TESTE,100137.33304466974,74,,,,XP,CITI,,,
2026-03-28T12:06:12.537Z,market,trade,TESTE,100135.12356133881,153,,,,ITAU,CS,,,
2026-03-28T12:06:12.689Z,market,trade,TESTE,100124.76574929802,180,,,,BTG,UBS,,,
2026-03-28T12:06:12.845Z,market,trade,TESTE,100123.95307601697,142,,,,BTG,BARCL,,,
2026-03-28T12:06:13.000Z,market,trade,TESTE,100136.35490304278,33,,,,MS,JPM,,,
2026-03-28T12:06:13.155Z,market,trade,TESTE,100129.77269195,170,,,,UBS,MS,,,
2026-03-28T12:06:13.311Z,market,trade,TESTE,100126.35507747695,25,,,,UBS,CS,,,
2026-03-28T12:06:13.467Z,market,trade,TESTE,100125.41217650966,115,,,,GOLDM,UBS,,,
2026-03-28T12:06:13.629Z,market,trade,TESTE,100120.91767602056,115,,,,UBS,ITAU,,,
2026-03-28T12:06:13.782Z,market,trade,TESTE,100129.41659535913,105,,,,BTG,MS,,,
2026-03-28T12:06:13.937Z,market,trade,TESTE,100127.05092134638,14,,,,GOLDM,BTG,,,
2026-03-28T12:06:14.090Z,market,trade,TESTE,100124.38222647886,17,,,,XP,BTG,,,
2026-03-28T12:06:14.246Z,market,flow_inversion,,,,,,,,,102,-89,GOLDM
2026-03-28T12:06:14.246Z,market,trade,TESTE,100128.81472409437,191,,,,ITAU,GOLDM,,,
2026-03-28T12:06:14.401Z,market,trade,TESTE,100121.45141876518,28,,,,ITAU,XP,,,
2026-03-28T12:06:14.558Z,market,trade,TESTE,100128.77180856708,20,,,,BARCL,BTG,,,
2026-03-28T12:06:14.714Z,market,trade,TESTE,100115.66940248811,133,,,,BARCL,CITI,,,
2026-03-28T12:06:14.871Z,market,trade,TESTE,100126.80899802333,21,,,,JPM,GOLDM,,,
2026-03-28T12:06:15.025Z,market,trade,TESTE,100126.5944613007,89,,,,CITI,CITI,,,
2026-03-28T12:06:15.176Z,market,trade,TESTE,100122.86749566458,133,,,,ITAU,CS,,,
2026-03-28T12:06:15.334Z,market,trade,TESTE,100115.69518749023,158,,,,JPM,CITI,,,
2026-03-28T12:06:15.488Z,market,trade,TESTE,100123.26060733848,10,,,,BTG,XP,,,
2026-03-28T12:06:15.663Z,market,trade,TESTE,100116.64635731299,167,,,,CS,BTG,,,
2026-03-28T12:06:15.820Z,market,trade,TESTE,100126.45571470603,180,,,,XP,GOLDM,,,
2026-03-28T12:06:15.971Z,market,trade,TESTE,100111.95861702274,48,,,,MS,JPM,,,
2026-03-28T12:06:16.122Z,market,trade,TESTE,100110.21346765982,166,,,,BTG,XP,,,
2026-03-28T12:06:16.278Z,market,trade,TESTE,100124.70971487118,37,,,,JPM,XP,,,
2026-03-28T12:06:16.433Z,market,trade,TESTE,100114.04726053729,184,,,,UBS,XP,,,
2026-03-28T12:06:16.589Z,market,trade,TESTE,100123.95579830834,196,,,,BTG,GOLDM,,,
2026-03-28T12:06:16.749Z,market,trade,TESTE,100116.95443756299,104,,,,UBS,JPM,,,
2026-03-28T12:06:16.903Z,market,trade,TESTE,100123.68884409167,39,,,,CITI,MS,,,
2026-03-28T12:06:17.066Z,market,trade,TESTE,100116.69127822471,137,,,,MS,GOLDM,,,
2026-03-28T12:06:17.219Z,market,trade,TESTE,100127.90797393884,142,,,,BARCL,JPM,,,
2026-03-28T12:06:17.383Z,market,trade,TESTE,100114.71002696097,139,,,,UBS,XP,,,
2026-03-28T12:06:17.539Z,market,trade,TESTE,100122.98766175119,59,,,,XP,GOLDM,,,
2026-03-28T12:06:17.698Z,market,trade,TESTE,100123.56844062624,88,,,,UBS,CS,,,
2026-03-28T12:06:17.853Z,market,trade,TESTE,100126.65090056889,103,,,,CS,JPM,,,
2026-03-28T12:06:18.012Z,market,trade,TESTE,100113.11502113557,126,,,,XP,UBS,,,
2026-03-28T12:06:18.169Z,market,trade,TESTE,100111.32693868548,84,,,,BARCL,CS,,,
2026-03-28T12:06:18.321Z,market,trade,TESTE,100125.29845256878,86,,,,XP,ITAU,,,
2026-03-28T12:06:18.476Z,market,trade,TESTE,100127.65307657937,41,,,,UBS,GOLDM,,,
2026-03-28T12:06:18.641Z,market,trade,TESTE,100121.89682250976,6,,,,ITAU,XP,,,
2026-03-28T12:06:18.795Z,market,trade,TESTE,100120.96416793035,152,,,,BTG,XP,,,
2026-03-28T12:06:18.949Z,market,trade,TESTE,100123.14778190377,152,,,,MS,GOLDM,,,
2026-03-28T12:06:19.105Z,market,trade,TESTE,100127.40978639579,84,,,,JPM,GOLDM,,,
2026-03-28T12:06:19.262Z,market,trade,TESTE,100128.9039315832,135,,,,BTG,XP,,,
2026-03-28T12:06:19.418Z,market,trade,TESTE,100128.1799488826,175,,,,BARCL,GOLDM,,,
2026-03-28T12:06:19.573Z,market,trade,TESTE,100135.20333716623,66,,,,ITAU,CS,,,
2026-03-28T12:06:19.727Z,market,trade,TESTE,100139.22550315002,66,,,,UBS,BARCL,,,
2026-03-28T12:06:19.884Z,market,trade,TESTE,100134.76407704022,130,,,,GOLDM,GOLDM,,,
2026-03-28T12:06:20.038Z,market,trade,TESTE,100133.95098231208,182,,,,BARCL,JPM,,,
2026-03-28T12:06:20.195Z,market,trade,TESTE,100130.98072941019,200,,,,XP,BARCL,,,
2026-03-28T12:06:20.351Z,market,trade,TESTE,100122.84588584903,65,,,,UBS,BARCL,,,
2026-03-28T12:06:20.506Z,market,trade,TESTE,100129.24233199377,190,,,,JPM,ITAU,,,
2026-03-28T12:06:20.663Z,market,trade,TESTE,100126.82711579117,192,,,,BARCL,CS,,,
2026-03-28T12:06:20.820Z,market,trade,TESTE,100118.97845087768,95,,,,BARCL,GOLDM,,,
2026-03-28T12:06:20.974Z,market,trade,TESTE,100115.2701364532,31,,,,MS,ITAU,,,
2026-03-28T12:06:21.137Z,market,trade,TESTE,100120.8538531293,139,,,,UBS,UBS,,,
2026-03-28T12:06:21.291Z,market,trade,TESTE,100118.14593483077,10,,,,UBS,XP,,,
2026-03-28T12:06:21.452Z,market,trade,TESTE,100109.7438073188,62,,,,BTG,XP,,,
2026-03-28T12:06:21.603Z,market,trade,TESTE,100120.98360929264,109,,,,XP,ITAU,,,
2026-03-28T12:06:21.759Z,market,trade,TESTE,100123.21063535156,141,,,,CS,UBS,,,
2026-03-28T12:06:21.919Z,market,trade,TESTE,100126.26371664798,186,,,,GOLDM,BTG,,,
2026-03-28T12:06:22.074Z,market,trade,TESTE,100115.75626695558,104,,,,BTG,MS,,,
2026-03-28T12:06:22.234Z,market,trade,TESTE,100124.66920918578,176,,,,ITAU,ITAU,,,
2026-03-28T12:06:22.388Z,market,trade,TESTE,100121.62448591048,130,,,,JPM,XP,,,
2026-03-28T12:06:22.541Z,market,trade,TESTE,100123.23285621856,162,,,,BTG,MS,,,
2026-03-28T12:06:22.704Z,market,trade,TESTE,100108.68485500665,114,,,,GOLDM,CITI,,,
2026-03-28T12:06:22.855Z,market,trade,TESTE,100115.27935714056,128,,,,XP,JPM,,,
2026-03-28T12:06:23.009Z,market,trade,TESTE,100101.22189552353,89,,,,CS,CS,,,
2026-03-28T12:06:23.162Z,market,trade,TESTE,100111.58059053413,190,,,,GOLDM,CITI,,,
2026-03-28T12:06:23.317Z,market,trade,TESTE,100111.50199407394,143,,,,CITI,CITI,,,
2026-03-28T12:06:23.473Z,market,trade,TESTE,100110.85443046936,194,,,,BARCL,BTG,,,
2026-03-28T12:06:23.627Z,market,trade,TESTE,100115.328307558,25,,,,MS,MS,,,
2026-03-28T12:06:23.782Z,market,trade,TESTE,100115.91559628048,35,,,,JPM,GOLDM,,,
2026-03-28T12:06:23.946Z,market,trade,TESTE,100120.58408365781,158,,,,BTG,GOLDM,,,
2026-03-28T12:06:24.101Z,market,trade,TESTE,100108.29422956493,155,,,,MS,ITAU,,,
2026-03-28T12:06:24.265Z,market,trade,TESTE,100114.62201862947,186,,,,MS,UBS,,,
2026-03-28T12:06:24.423Z,market,trade,TESTE,100105.63945163584,134,,,,UBS,MS,,,
2026-03-28T12:06:24.578Z,market,trade,TESTE,100114.47884391317,66,,,,XP,MS,,,
2026-03-28T12:06:24.732Z,market,trade,TESTE,100115.02050401788,45,,,,BTG,GOLDM,,,
2026-03-28T12:06:24.888Z,market,trade,TESTE,100111.89515126143,9,,,,MS,JPM,,,
2026-03-28T12:06:25.040Z,market,trade,TESTE,100108.56496269717,39,,,,MS,MS,,,
2026-03-28T12:06:25.206Z,market,trade,TESTE,100103.72939267391,110,,,,BARCL,BARCL,,,
2026-03-28T12:06:25.361Z,market,trade,TESTE,100091.14825673167,91,,,,CS,BARCL,,,
2026-03-28T12:06:25.517Z,market,trade,TESTE,100095.91956203386,166,,,,CS,UBS,,,
2026-03-28T12:06:25.669Z,market,trade,TESTE,100104.18219472849,6,,,,XP,XP,,,
2026-03-28T12:06:25.821Z,market,trade,TESTE,100095.16351957778,38,,,,MS,UBS,,,
2026-03-28T12:06:25.972Z,market,trade,TESTE,100107.4856314351,151,,,,JPM,CS,,,
2026-03-28T12:06:26.124Z,market,trade,TESTE,100101.12954946331,106,,,,ITAU,CS,,,
2026-03-28T12:06:26.278Z,market,trade,TESTE,100110.92745167483,39,,,,BTG,CS,,,
2026-03-28T12:06:26.430Z,market,trade,TESTE,100096.56964106199,139,,,,JPM,BARCL,,,
2026-03-28T12:06:26.584Z,market,trade,TESTE,100111.12980443538,94,,,,CS,UBS,,,
2026-03-28T12:06:26.740Z,market,trade,TESTE,100096.56294423548,187,,,,BARCL,JPM,,,
2026-03-28T12:06:26.895Z,market,trade,TESTE,100109.180621824,75,,,,ITAU,CS,,,
2026-03-28T12:06:27.048Z,market,trade,TESTE,100111.428645565,74,,,,CS,MS,,,
2026-03-28T12:06:27.205Z,market,trade,TESTE,100112.7684198177,116,,,,BTG,ITAU,,,
2026-03-28T12:06:27.357Z,market,trade,TESTE,100105.15887515002,175,,,,GOLDM,GOLDM,,,
2026-03-28T12:06:27.512Z,market,trade,TESTE,100109.8305358418,167,,,,MS,GOLDM,,,
2026-03-28T12:06:27.670Z,market,trade,TESTE,100122.35494079301,188,,,,BTG,UBS,,,
2026-03-28T12:06:27.821Z,market,trade,TESTE,100125.68194439982,70,,,,BARCL,MS,,,
2026-03-28T12:06:27.973Z,market,trade,TESTE,100130.67847615347,157,,,,UBS,ITAU,,,
2026-03-28T12:06:28.127Z,market,trade,TESTE,100125.13295093826,128,,,,UBS,JPM,,,
2026-03-28T12:06:28.282Z,market,trade,TESTE,100134.55756590223,18,,,,GOLDM,ITAU,,,
2026-03-28T12:06:28.447Z,market,trade,TESTE,100130.41851990238,95,,,,CITI,BTG,,,
2026-03-28T12:06:28.602Z,market,trade,TESTE,100134.15879396381,5,,,,GOLDM,CITI,,,
2026-03-28T12:06:28.757Z,market,flow_inversion,,,,,,,,,59,-67,UBS
2026-03-28T12:06:28.757Z,market,trade,TESTE,100130.59718786395,126,,,,ITAU,UBS,,,
2026-03-28T12:06:28.910Z,market,trade,TESTE,100134.76702766311,177,,,,MS,CS,,,
2026-03-28T12:06:29.064Z,market,trade,TESTE,100130.41527068899,123,,,,CITI,GOLDM,,,
2026-03-28T12:06:29.220Z,market,trade,TESTE,100121.2569866279,149,,,,XP,XP,,,
2026-03-28T12:06:29.374Z,market,trade,TESTE,100126.4960285431,26,,,,ITAU,ITAU,,,
2026-03-28T12:06:29.529Z,market,trade,TESTE,100118.7951664994,71,,,,XP,GOLDM,,,
2026-03-28T12:06:29.684Z,market,trade,TESTE,100132.79326837881,102,,,,BARCL,CS,,,
2026-03-28T12:06:29.841Z,market,trade,TESTE,100124.19208269652,81,,,,XP,BARCL,,,
2026-03-28T12:06:30.005Z,market,trade,TESTE,100132.96421463646,152,,,,CS,GOLDM,,,
2026-03-28T12:06:30.162Z,market,trade,TESTE,100135.12053382874,97,,,,CS,CITI,,,
2026-03-28T12:06:30.318Z,market,trade,TESTE,100129.26196916547,74,,,,BTG,XP,,,
2026-03-28T12:06:30.473Z,market,trade,TESTE,100139.21671789682,165,,,,BTG,CS,,,
2026-03-28T12:06:30.632Z,market,trade,TESTE,100133.42779984482,60,,,,MS,GOLDM,,,
2026-03-28T12:06:30.787Z,market,trade,TESTE,100147.40204292322,137,,,,CITI,CS,,,
2026-03-28T12:06:30.940Z,market,trade,TESTE,100149.7205876606,167,,,,JPM,CS,,,
2026-03-28T12:06:31.090Z,market,trade,TESTE,100142.4819686813,7,,,,MS,XP,,,
2026-03-28T12:06:31.251Z,market,trade,TESTE,100143.44701490148,86,,,,XP,GOLDM,,,
2026-03-28T12:06:31.402Z,market,trade,TESTE,100151.9529252927,51,,,,BARCL,CS,,,
2026-03-28T12:06:31.554Z,market,trade,TESTE,100147.32917633199,8,,,,CS,BTG,,,
2026-03-28T12:06:31.707Z,market,trade,TESTE,100143.45601373042,18,,,,BTG,BARCL,,,
2026-03-28T12:06:31.864Z,market,trade,TESTE,100129.08072477143,138,,,,BARCL,ITAU,,,
2026-03-28T12:06:32.018Z,market,trade,TESTE,100132.77717045974,152,,,,ITAU,GOLDM,,,
2026-03-28T12:06:32.173Z,market,trade,TESTE,100145.30064026758,24,,,,UBS,UBS,,,
2026-03-28T12:06:32.329Z,market,trade,TESTE,100142.75272857213,16,,,,CITI,XP,,,
2026-03-28T12:06:32.485Z,market,trade,TESTE,100131.97554413333,72,,,,MS,JPM,,,
2026-03-28T12:06:32.641Z,market,trade,TESTE,100131.76371116083,62,,,,UBS,GOLDM,,,
2026-03-28T12:06:32.796Z,market,trade,TESTE,100140.63985749515,191,,,,JPM,BTG,,,
2026-03-28T12:06:32.955Z,market,trade,TESTE,100145.52005313932,82,,,,ITAU,GOLDM,,,
2026-03-28T12:06:33.118Z,market,trade,TESTE,100146.38216509433,33,,,,ITAU,CITI,,,
2026-03-28T12:06:33.273Z,market,trade,TESTE,100149.61576421298,11,,,,UBS,JPM,,,
2026-03-28T12:06:33.437Z,market,trade,TESTE,100135.12802322177,93,,,,CITI,XP,,,
2026-03-28T12:06:33.587Z,market,trade,TESTE,100134.22021053356,142,,,,JPM,UBS,,,
2026-03-28T12:06:33.742Z,market,trade,TESTE,100129.30420717255,198,,,,XP,JPM,,,
2026-03-28T12:06:33.899Z,market,trade,TESTE,100140.49802040026,138,,,,MS,BTG,,,
2026-03-28T12:06:34.055Z,market,trade,TESTE,100140.57740886977,43,,,,GOLDM,UBS,,,
2026-03-28T12:06:34.219Z,market,trade,TESTE,100138.36181264289,91,,,,CITI,ITAU,,,
2026-03-28T12:06:34.376Z,market,trade,TESTE,100136.9592807726,25,,,,GOLDM,GOLDM,,,
2026-03-28T12:06:34.533Z,market,trade,TESTE,100138.06515170693,106,,,,XP,MS,,,
2026-03-28T12:06:34.687Z,market,trade,TESTE,100125.803668783,87,,,,MS,JPM,,,
2026-03-28T12:06:34.844Z,market,trade,TESTE,100126.50250441127,160,,,,BTG,BTG,,,
2026-03-28T12:06:35.003Z,market,trade,TESTE,100140.08161594578,89,,,,GOLDM,CS,,,
2026-03-28T12:06:35.172Z,market,trade,TESTE,100131.13716722888,81,,,,XP,CS,,,
2026-03-28T12:06:35.341Z,market,trade,TESTE,100138.0799634034,174,,,,GOLDM,BARCL,,,
2026-03-28T12:06:35.504Z,market,trade,TESTE,100123.75613494452,175,,,,CITI,GOLDM,,,
2026-03-28T12:06:35.661Z,market,trade,TESTE,100121.07404661861,182,,,,BARCL,UBS,,,
2026-03-28T12:06:35.820Z,market,trade,TESTE,100134.35762032209,193,,,,GOLDM,XP,,,
2026-03-28T12:06:35.984Z,market,trade,TESTE,100131.46182189856,99,,,,JPM,MS,,,
2026-03-28T12:06:36.140Z,market,trade,TESTE,100129.36718986377,164,,,,JPM,XP,,,
2026-03-28T12:06:36.303Z,market,trade,TESTE,100123.68942282097,197,,,,BARCL,XP,,,
2026-03-28T12:06:36.455Z,market,trade,TESTE,100136.14180624754,137,,,,ITAU,MS,,,
2026-03-28T12:06:36.610Z,market,trade,TESTE,100124.94261528747,151,,,,UBS,GOLDM,,,
2026-03-28T12:06:36.767Z,market,trade,TESTE,100133.56584793523,61,,,,JPM,GOLDM,,,
2026-03-28T12:06:36.923Z,market,trade,TESTE,100125.73809932523,27,,,,CITI,ITAU,,,
2026-03-28T12:06:37.077Z,market,trade,TESTE,100138.25361861341,148,,,,MS,XP,,,
2026-03-28T12:06:37.235Z,market,trade,TESTE,100138.01495085367,5,,,,BARCL,ITAU,,,
2026-03-28T12:06:37.389Z,market,trade,TESTE,100134.21270033611,62,,,,BARCL,ITAU,,,
2026-03-28T12:06:37.543Z,market,trade,TESTE,100134.30058265425,131,,,,JPM,JPM,,,
2026-03-28T12:06:37.704Z,market,trade,TESTE,100121.33383824918,165,,,,MS,CITI,,,
2026-03-28T12:06:37.867Z,market,trade,TESTE,100131.05020596215,193,,,,CITI,BTG,,,
2026-03-28T12:06:38.020Z,market,flow_inversion,,,,,,,,,-4,105,UBS
2026-03-28T12:06:38.020Z,market,trade,TESTE,100129.36853957201,109,,,,UBS,BTG,,,
2026-03-28T12:06:38.173Z,market,trade,TESTE,100126.19749428137,136,,,,JPM,XP,,,
2026-03-28T12:06:38.338Z,market,trade,TESTE,100118.4915065903,64,,,,CS,CS,,,
2026-03-28T12:06:38.488Z,market,trade,TESTE,100123.11894777662,157,,,,ITAU,CITI,,,
2026-03-28T12:06:38.644Z,market,trade,TESTE,100136.98474225495,80,,,,MS,CS,,,
2026-03-28T12:06:38.797Z,market,trade,TESTE,100132.50711051532,177,,,,CITI,CS,,,
2026-03-28T12:06:38.953Z,market,trade,TESTE,100136.62883935163,46,,,,CITI,JPM,,,
2026-03-28T12:06:39.109Z,market,trade,TESTE,100127.01416332221,111,,,,GOLDM,BTG,,,
2026-03-28T12:06:39.269Z,market,trade,TESTE,100137.06863678015,166,,,,BARCL,BARCL,,,
2026-03-28T12:06:39.423Z,market,trade,TESTE,100138.35699967197,98,,,,XP,CS,,,
2026-03-28T12:06:39.579Z,market,trade,TESTE,100138.46591734188,21,,,,MS,GOLDM,,,
2026-03-28T12:06:39.735Z,market,trade,TESTE,100128.06564525116,157,,,,BARCL,BTG,,,
2026-03-28T12:06:39.888Z,market,trade,TESTE,100131.62394393157,144,,,,BARCL,JPM,,,
2026-03-28T12:06:40.040Z,market,trade,TESTE,100137.89117469765,93,,,,JPM,XP,,,
2026-03-28T12:06:40.195Z,market,trade,TESTE,100142.53809228246,181,,,,BTG,CS,,,
2026-03-28T12:06:40.350Z,market,trade,TESTE,100137.18747775082,22,,,,CS,UBS,,,
2026-03-28T12:06:40.503Z,market,trade,TESTE,100137.77177264333,152,,,,XP,BARCL,,,
2026-03-28T12:06:40.668Z,market,trade,TESTE,100137.66025646626,198,,,,MS,UBS,,,
2026-03-28T12:06:40.822Z,market,trade,TESTE,100147.17134386348,73,,,,JPM,UBS,,,
2026-03-28T12:06:40.977Z,market,trade,TESTE,100149.71876696935,24,,,,GOLDM,ITAU,,,
2026-03-28T12:06:41.140Z,market,trade,TESTE,100146.0935634829,7,,,,BARCL,CS,,,
2026-03-28T12:06:41.294Z,market,trade,TESTE,100147.55882753931,65,,,,ITAU,BARCL,,,
2026-03-28T12:06:41.451Z,market,trade,TESTE,100137.59439140526,78,,,,BTG,BARCL,,,
2026-03-28T12:06:41.607Z,market,trade,TESTE,100147.983913334,200,,,,JPM,UBS,,,
2026-03-28T12:06:41.763Z,market,trade,TESTE,100144.99829676017,185,,,,XP,BTG,,,
2026-03-28T12:06:41.917Z,market,trade,TESTE,100141.56224128601,44,,,,MS,ITAU,,,
2026-03-28T12:06:42.077Z,market,trade,TESTE,100133.43307030304,17,,,,BARCL,CS,,,
2026-03-28T12:06:42.230Z,market,trade,TESTE,100146.25566834542,31,,,,MS,MS,,,
2026-03-28T12:06:42.388Z,market,trade,TESTE,100138.33054751126,176,,,,CITI,ITAU,,,
2026-03-28T12:06:42.552Z,market,trade,TESTE,100152.7498672099,101,,,,CITI,JPM,,,
2026-03-28T12:06:42.707Z,market,trade,TESTE,100155.59348550752,18,,,,MS,JPM,,,
2026-03-28T12:06:42.871Z,market,trade,TESTE,100155.57944699068,103,,,,MS,UBS,,,
2026-03-28T12:06:43.026Z,market,trade,TESTE,100150.72246524176,183,,,,UBS,CITI,,,
2026-03-28T12:06:43.188Z,market,trade,TESTE,100155.69884919094,106,,,,XP,CITI,,,
2026-03-28T12:06:43.353Z,market,trade,TESTE,100149.80074320236,190,,,,JPM,BARCL,,,
2026-03-28T12:06:43.508Z,market,trade,TESTE,100159.87836311616,156,,,,GOLDM,ITAU,,,
2026-03-28T12:06:43.668Z,market,trade,TESTE,100152.27695581924,34,,,,GOLDM,JPM,,,
2026-03-28T12:06:43.821Z,market,trade,TESTE,100159.0372828637,100,,,,CITI,UBS,,,
2026-03-28T12:06:43.975Z,market,trade,TESTE,100161.62468599931,64,,,,UBS,CS,,,
2026-03-28T12:06:44.137Z,market,trade,TESTE,100151.23382925423,39,,,,BARCL,BTG,,,
2026-03-28T12:06:44.300Z,market,trade,TESTE,100164.35462419403,147,,,,JPM,GOLDM,,,
2026-03-28T12:06:44.456Z,market,trade,TESTE,100154.15566850694,45,,,,MS,XP,,,
2026-03-28T12:06:44.621Z,market,trade,TESTE,100149.91960566763,111,,,,GOLDM,GOLDM,,,
2026-03-28T12:06:44.777Z,market,trade,TESTE,100164.57126454214,136,,,,MS,XP,,,
2026-03-28T12:06:44.931Z,market,trade,TESTE,100160.66951413912,104,,,,CITI,XP,,,
2026-03-28T12:06:45.085Z,market,trade,TESTE,100165.35924673043,40,,,,ITAU,ITAU,,,
2026-03-28T12:06:45.237Z,market,trade,TESTE,100165.51847059492,130,,,,GOLDM,ITAU,,,
2026-03-28T12:06:45.393Z,market,trade,TESTE,100155.90679228534,119,,,,CS,XP,,,
2026-03-28T12:06:45.550Z,market,trade,TESTE,100165.58827666576,143,,,,ITAU,BTG,,,
2026-03-28T12:06:45.706Z,market,trade,TESTE,100163.16237933087,12,,,,ITAU,BARCL,,,
2026-03-28T12:06:45.863Z,market,trade,TESTE,100158.1634843585,6,,,,JPM,CS,,,
2026-03-28T12:06:46.018Z,market,trade,TESTE,100157.36257518982,77,,,,JPM,GOLDM,,,
2026-03-28T12:06:46.173Z,market,trade,TESTE,100161.34071003033,9,,,,JPM,MS,,,
2026-03-28T12:06:46.324Z,market,trade,TESTE,100149.23685882728,116,,,,JPM,MS,,,
2026-03-28T12:06:46.478Z,market,trade,TESTE,100150.86315045606,152,,,,MS,JPM,,,
2026-03-28T12:06:46.631Z,market,trade,TESTE,100159.03735942043,182,,,,CITI,ITAU,,,
2026-03-28T12:06:46.787Z,market,trade,TESTE,100152.17912681967,163,,,,CITI,GOLDM,,,
2026-03-28T12:06:46.952Z,market,trade,TESTE,100152.47181350162,44,,,,GOLDM,GOLDM,,,
2026-03-28T12:06:47.117Z,market,trade,TESTE,100159.47847468371,89,,,,JPM,MS,,,
2026-03-28T12:06:47.271Z,market,trade,TESTE,100161.88461352907,16,,,,CS,GOLDM,,,
2026-03-28T12:06:47.427Z,market,trade,TESTE,100163.04145347107,7,,,,CS,BARCL,,,
2026-03-28T12:06:47.585Z,market,trade,TESTE,100151.25629228816,99,,,,MS,BTG,,,
2026-03-28T12:06:47.739Z,market,trade,TESTE,100151.40666389612,163,,,,MS,BARCL,,,
2026-03-28T12:06:47.902Z,market,trade,TESTE,100149.36461757417,15,,,,UBS,CITI,,,
2026-03-28T12:06:48.057Z,market,trade,TESTE,100149.66268963383,142,,,,BTG,CITI,,,
2026-03-28T12:06:48.211Z,market,trade,TESTE,100153.754192718,168,,,,MS,ITAU,,,
2026-03-28T12:06:48.371Z,market,trade,TESTE,100157.18541774157,84,,,,BARCL,BARCL,,,
2026-03-28T12:06:48.535Z,market,trade,TESTE,100157.01827801658,37,,,,UBS,XP,,,
2026-03-28T12:06:48.691Z,market,trade,TESTE,100153.12793104372,22,,,,ITAU,UBS,,,
2026-03-28T12:06:48.848Z,market,trade,TESTE,100166.18115268296,101,,,,BTG,BTG,,,
2026-03-28T12:06:49.004Z,market,trade,TESTE,100152.63187806572,103,,,,CITI,BARCL,,,
2026-03-28T12:06:49.169Z,market,trade,TESTE,100151.5136161364,98,,,,BARCL,CS,,,
2026-03-28T12:06:49.323Z,market,trade,TESTE,100162.53755183546,172,,,,MS,BTG,,,
2026-03-28T12:06:49.480Z,market,trade,TESTE,100151.03456421978,128,,,,BARCL,BTG,,,
2026-03-28T12:06:49.634Z,market,trade,TESTE,100156.188625579,138,,,,CITI,MS,,,
2026-03-28T12:06:49.786Z,market,trade,TESTE,100147.50259759197,37,,,,BTG,CITI,,,
2026-03-28T12:06:49.938Z,market,trade,TESTE,100158.00399678474,18,,,,ITAU,BARCL,,,
2026-03-28T12:06:50.090Z,market,trade,TESTE,100148.21609273061,107,,,,BARCL,UBS,,,
2026-03-28T12:06:50.244Z,market,trade,TESTE,100157.91029198818,175,,,,CS,MS,,,
2026-03-28T12:06:50.400Z,market,trade,TESTE,100155.64038958309,169,,,,XP,CS,,,
2026-03-28T12:06:50.559Z,market,trade,TESTE,100145.6199687581,115,,,,CS,XP,,,
2026-03-28T12:06:50.712Z,market,trade,TESTE,100145.06495546205,63,,,,CS,JPM,,,
2026-03-28T12:06:50.868Z,market,trade,TESTE,100155.12674328151,30,,,,XP,BARCL,,,
2026-03-28T12:06:51.019Z,market,trade,TESTE,100143.46722122731,25,,,,XP,CITI,,,
2026-03-28T12:06:51.172Z,market,trade,TESTE,100157.7916370334,41,,,,MS,JPM,,,
2026-03-28T12:06:51.336Z,market,trade,TESTE,100144.5703946512,73,,,,CITI,BTG,,,
2026-03-28T12:06:51.489Z,market,trade,TESTE,100155.87835592528,134,,,,BARCL,JPM,,,
2026-03-28T12:06:51.653Z,market,trade,TESTE,100154.17701132594,22,,,,BARCL,JPM,,,
2026-03-28T12:06:51.811Z,market,trade,TESTE,100158.28005740687,164,,,,JPM,CS,,,
2026-03-28T12:06:51.963Z,market,trade,TESTE,100162.14818869162,84,,,,CS,CS,,,
2026-03-28T12:06:52.118Z,market,trade,TESTE,100153.06634072233,84,,,,BARCL,CITI,,,
2026-03-28T12:06:52.272Z,market,trade,TESTE,100161.65339083881,107,,,,GOLDM,BTG,,,
2026-03-28T12:06:52.430Z,market,trade,TESTE,100149.49736355193,20,,,,GOLDM,BARCL,,,
2026-03-28T12:06:52.585Z,market,trade,TESTE,100147.1558111814,197,,,,UBS,UBS,,,
2026-03-28T12:06:52.737Z,market,trade,TESTE,100157.87120637727,58,,,,CITI,BARCL,,,
2026-03-28T12:06:52.902Z,market,trade,TESTE,100148.05757602742,158,,,,GOLDM,MS,,,
2026-03-28T12:06:53.057Z,market,trade,TESTE,100158.62499682547,90,,,,CITI,UBS,,,
2026-03-28T12:06:53.210Z,market,trade,TESTE,100159.23750595412,42,,,,CITI,BTG,,,
2026-03-28T12:06:53.374Z,market,trade,TESTE,100154.58156613888,158,,,,XP,GOLDM,,,
2026-03-28T12:06:53.529Z,market,trade,TESTE,100149.2655118221,88,,,,ITAU,GOLDM,,,
2026-03-28T12:06:53.685Z,market,trade,TESTE,100152.06881926402,168,,,,CS,CS,,,
2026-03-28T12:06:53.837Z,market,trade,TESTE,100153.88062878598,48,,,,BTG,MS,,,
2026-03-28T12:06:54.000Z,market,trade,TESTE,100154.90404729854,32,,,,BTG,XP,,,
2026-03-28T12:06:54.157Z,market,trade,TESTE,100151.66623295748,190,,,,CITI,CS,,,
2026-03-28T12:06:54.311Z,market,trade,TESTE,100162.04464220424,100,,,,BTG,CITI,,,
2026-03-28T12:06:54.472Z,market,trade,TESTE,100159.1863378978,27,,,,UBS,BARCL,,,
2026-03-28T12:06:54.634Z,market,trade,TESTE,100155.37919295802,21,,,,MS,BARCL,,,
2026-03-28T12:06:54.788Z,market,trade,TESTE,100149.76342361058,124,,,,UBS,CS,,,
2026-03-28T12:06:54.942Z,market,trade,TESTE,100157.27322451152,53,,,,JPM,ITAU,,,
2026-03-28T12:06:55.096Z,market,trade,TESTE,100152.74269945837,19,,,,XP,UBS,,,
2026-03-28T12:06:55.254Z,market,trade,TESTE,100149.817811996,32,,,,MS,XP,,,
2026-03-28T12:06:55.409Z,market,trade,TESTE,100151.55769775946,185,,,,CS,BTG,,,
2026-03-28T12:06:55.568Z,market,trade,TESTE,100139.71745364481,67,,,,ITAU,JPM,,,
2026-03-28T12:06:55.723Z,market,trade,TESTE,100153.96354188689,100,,,,ITAU,CITI,,,
2026-03-28T12:06:55.877Z,market,trade,TESTE,100156.54425032201,90,,,,CS,GOLDM,,,
2026-03-28T12:06:56.032Z,market,trade,TESTE,100153.67756762779,81,,,,BARCL,JPM,,,
2026-03-28T12:06:56.187Z,market,trade,TESTE,100145.71539483826,41,,,,BTG,BTG,,,
2026-03-28T12:06:56.351Z,market,trade,TESTE,100149.68660317706,147,,,,BARCL,BARCL,,,
2026-03-28T12:06:56.503Z,market,trade,TESTE,100164.62945268904,115,,,,GOLDM,CITI,,,
2026-03-28T12:06:56.668Z,market,trade,TESTE,100154.955584121,168,,,,CS,UBS,,,
2026-03-28T12:06:56.825Z,market,flow_inversion,,,,,,,,,-203,15,BTG
2026-03-28T12:06:56.825Z,market,trade,TESTE,100161.68407364705,51,,,,BTG,BARCL,,,
2026-03-28T12:06:56.984Z,market,trade,TESTE,100161.20094937933,152,,,,XP,XP,,,
2026-03-28T12:06:57.140Z,market,trade,TESTE,100159.67174359667,185,,,,XP,JPM,,,
2026-03-28T12:06:57.302Z,market,trade,TESTE,100145.21732037923,97,,,,CITI,CITI,,,
2026-03-28T12:06:57.458Z,market,trade,TESTE,100148.45188826747,119,,,,UBS,CS,,,
2026-03-28T12:06:57.614Z,market,trade,TESTE,100159.96810209175,118,,,,UBS,CS,,,
2026-03-28T12:06:57.772Z,market,trade,TESTE,100161.94288621357,66,,,,BTG,UBS,,,
2026-03-28T12:06:57.941Z,market,trade,TESTE,100152.9633379908,107,,,,JPM,MS,,,
2026-03-28T12:06:58.098Z,market,trade,TESTE,100165.86974380455,87,,,,XP,XP,,,
2026-03-28T12:06:58.253Z,market,trade,TESTE,100153.45635294511,170,,,,XP,BARCL,,,
2026-03-28T12:06:58.419Z,market,trade,TESTE,100153.65769407274,166,,,,ITAU,MS,,,
2026-03-28T12:06:58.574Z,market,trade,TESTE,100153.7994376662,64,,,,JPM,UBS,,,
2026-03-28T12:06:58.735Z,market,trade,TESTE,100157.74722593588,177,,,,CITI,JPM,,,
2026-03-28T12:06:58.887Z,market,trade,TESTE,100162.23337417872,16,,,,BARCL,BTG,,,
2026-03-28T12:06:59.051Z,market,trade,TESTE,100158.56271223688,11,,,,CITI,CS,,,
2026-03-28T12:06:59.204Z,market,trade,TESTE,100163.93891655651,127,,,,ITAU,ITAU,,,
2026-03-28T12:06:59.357Z,market,trade,TESTE,100155.23076379686,104,,,,CS,JPM,,,
2026-03-28T12:06:59.520Z,market,trade,TESTE,100154.51580957178,45,,,,BARCL,ITAU,,,
2026-03-28T12:06:59.678Z,market,trade,TESTE,100155.03009139982,83,,,,XP,UBS,,,
2026-03-28T12:06:59.833Z,market,trade,TESTE,100168.6190950445,135,,,,XP,ITAU,,,
2026-03-28T12:06:59.987Z,market,trade,TESTE,100159.38834346886,64,,,,UBS,UBS,,,
2026-03-28T12:07:00.144Z,market,trade,TESTE,100172.4679020771,159,,,,CITI,GOLDM,,,
2026-03-28T12:07:00.300Z,market,trade,TESTE,100165.7667311755,11,,,,XP,BTG,,,
2026-03-28T12:07:00.457Z,market,trade,TESTE,100163.03136415257,34,,,,JPM,GOLDM,,,
2026-03-28T12:07:00.622Z,market,trade,TESTE,100159.93871517584,128,,,,XP,ITAU,,,
2026-03-28T12:07:00.777Z,market,trade,TESTE,100170.17191382496,111,,,,GOLDM,CITI,,,
2026-03-28T12:07:00.933Z,market,trade,TESTE,100165.4495102283,32,,,,CITI,BARCL,,,
2026-03-28T12:07:01.091Z,market,trade,TESTE,100161.73856019469,161,,,,XP,MS,,,
2026-03-28T12:07:01.251Z,market,trade,TESTE,100151.20514809147,37,,,,MS,JPM,,,
2026-03-28T12:07:01.407Z,market,trade,TESTE,100150.2800658958,146,,,,BTG,JPM,,,
2026-03-28T12:07:01.564Z,market,trade,TESTE,100149.47634456315,177,,,,XP,JPM,,,
2026-03-28T12:07:01.720Z,market,flow_inversion,,,,,,,,,-168,19,GOLDM
2026-03-28T12:07:01.720Z,market,trade,TESTE,100152.8770294997,7,,,,CITI,GOLDM,,,
2026-03-28T12:07:01.872Z,market,trade,TESTE,100160.40619797008,40,,,,GOLDM,BTG,,,
2026-03-28T12:07:02.035Z,market,trade,TESTE,100154.78986394375,146,,,,JPM,CS,,,
2026-03-28T12:07:02.190Z,market,trade,TESTE,100150.73394273262,147,,,,ITAU,XP,,,
2026-03-28T12:07:02.343Z,market,trade,TESTE,100157.21340306944,129,,,,ITAU,BARCL,,,
2026-03-28T12:07:02.499Z,market,trade,TESTE,100148.85912801858,170,,,,BARCL,CITI,,,
2026-03-28T12:07:02.652Z,market,trade,TESTE,100152.49552243894,198,,,,BARCL,XP,,,
2026-03-28T12:07:02.805Z,market,trade,TESTE,100161.27634083964,138,,,,MS,MS,,,
2026-03-28T12:07:02.960Z,market,trade,TESTE,100163.46062488695,33,,,,CS,BTG,,,
2026-03-28T12:07:03.116Z,market,trade,TESTE,100160.27692234852,35,,,,MS,UBS,,,
2026-03-28T12:07:03.270Z,market,trade,TESTE,100146.00380125106,159,,,,BARCL,MS,,,
2026-03-28T12:07:03.433Z,market,trade,TESTE,100159.0827581481,99,,,,BTG,JPM,,,
2026-03-28T12:07:03.586Z,market,trade,TESTE,100153.50095491605,126,,,,CITI,BTG,,,
2026-03-28T12:07:03.751Z,market,trade,TESTE,100151.43365198828,28,,,,CS,CITI,,,
2026-03-28T12:07:03.907Z,market,trade,TESTE,100158.75809592952,116,,,,CITI,GOLDM,,,
2026-03-28T12:07:04.071Z,market,trade,TESTE,100159.38065219429,171,,,,BARCL,MS,,,
2026-03-28T12:07:04.225Z,market,trade,TESTE,100157.8466062181,127,,,,CITI,XP,,,
2026-03-28T12:07:04.383Z,market,trade,TESTE,100158.48608439007,59,,,,UBS,XP,,,
2026-03-28T12:07:04.534Z,market,trade,TESTE,100156.02796956411,165,,,,ITAU,ITAU,,,
2026-03-28T12:07:04.686Z,market,trade,TESTE,100158.31227331219,150,,,,XP,XP,,,
2026-03-28T12:07:04.842Z,market,trade,TESTE,100156.96448463023,12,,,,XP,CS,,,
2026-03-28T12:07:05.004Z,market,trade,TESTE,100159.31500063601,171,,,,CITI,XP,,,
2026-03-28T12:07:05.167Z,market,trade,TESTE,100148.84430607734,159,,,,GOLDM,JPM,,,
2026-03-28T12:07:05.323Z,market,trade,TESTE,100144.71395864092,53,,,,BTG,BTG,,,
2026-03-28T12:07:05.477Z,market,trade,TESTE,100158.81001506248,39,,,,UBS,XP,,,
2026-03-28T12:07:05.638Z,market,trade,TESTE,100163.25696445194,75,,,,XP,BARCL,,,
2026-03-28T12:07:05.791Z,market,trade,TESTE,100165.02544432318,183,,,,JPM,BTG,,,
2026-03-28T12:07:05.947Z,market,trade,TESTE,100162.41580888332,31,,,,XP,JPM,,,
2026-03-28T12:07:06.102Z,market,trade,TESTE,100151.51999537923,121,,,,GOLDM,GOLDM,,,
2026-03-28T12:07:06.253Z,market,trade,TESTE,100151.26091478809,139,,,,CITI,MS,,,
2026-03-28T12:07:06.410Z,market,trade,TESTE,100158.09649717827,29,,,,CS,CITI,,,
2026-03-28T12:07:06.566Z,market,trade,TESTE,100147.40135768599,38,,,,JPM,ITAU,,,
2026-03-28T12:07:06.720Z,market,trade,TESTE,100160.72733449213,7,,,,UBS,JPM,,,
2026-03-28T12:07:06.876Z,market,trade,TESTE,100160.11726590467,36,,,,MS,GOLDM,,,
2026-03-28T12:07:07.030Z,market,trade,TESTE,100157.89986416782,34,,,,XP,BTG,,,
2026-03-28T12:07:07.188Z,market,trade,TESTE,100158.02658222095,137,,,,BTG,UBS,,,
2026-03-28T12:07:07.345Z,market,trade,TESTE,100156.41279590716,88,,,,BTG,BARCL,,,
2026-03-28T12:07:07.502Z,market,trade,TESTE,100157.16995864305,104,,,,JPM,CITI,,,
2026-03-28T12:07:07.656Z,market,trade,TESTE,100147.7905225268,95,,,,CS,BTG,,,
2026-03-28T12:07:07.820Z,market,trade,TESTE,100146.29885239054,184,,,,ITAU,CITI,,,
2026-03-28T12:07:07.977Z,market,trade,TESTE,100158.6646434465,98,,,,UBS,UBS,,,
2026-03-28T12:07:08.132Z,market,trade,TESTE,100149.45625148385,73,,,,ITAU,CITI,,,
2026-03-28T12:07:08.286Z,market,trade,TESTE,100162.80701285253,46,,,,BTG,CITI,,,
2026-03-28T12:07:08.443Z,market,trade,TESTE,100161.92716902892,139,,,,UBS,GOLDM,,,
2026-03-28T12:07:08.599Z,market,trade,TESTE,100162.96879708176,169,,,,BTG,XP,,,
2026-03-28T12:07:08.754Z,market,trade,TESTE,100165.43084933246,147,,,,JPM,CITI,,,
2026-03-28T12:07:08.910Z,market,trade,TESTE,100153.72266329653,103,,,,XP,MS,,,
2026-03-28T12:07:09.065Z,market,trade,TESTE,100166.96343624902,8,,,,BTG,BTG,,,
2026-03-28T12:07:09.223Z,market,trade,TESTE,100165.3248648614,101,,,,CS,MS,,,
2026-03-28T12:07:09.378Z,market,trade,TESTE,100157.55980563916,42,,,,BTG,ITAU,,,
2026-03-28T12:07:09.535Z,market,trade,TESTE,100155.83318895462,8,,,,GOLDM,BARCL,,,
2026-03-28T12:07:09.695Z,market,trade,TESTE,100154.167869605,25,,,,CITI,ITAU,,,
2026-03-28T12:07:09.853Z,market,trade,TESTE,100157.2532544871,196,,,,CS,UBS,,,
2026-03-28T12:07:10.004Z,market,trade,TESTE,100167.8243574583,190,,,,UBS,GOLDM,,,
2026-03-28T12:07:10.159Z,market,trade,TESTE,100154.4325772199,123,,,,BARCL,JPM,,,
2026-03-28T12:07:10.319Z,market,trade,TESTE,100152.44504432657,97,,,,BARCL,XP,,,
2026-03-28T12:07:10.477Z,market,trade,TESTE,100151.34986037333,89,,,,ITAU,UBS,,,
2026-03-28T12:07:10.631Z,market,trade,TESTE,100156.18320416445,52,,,,XP,BARCL,,,
2026-03-28T12:07:10.788Z,market,trade,TESTE,100154.05109445409,175,,,,BTG,BTG,,,
2026-03-28T12:07:10.944Z,market,trade,TESTE,100163.64890117898,122,,,,UBS,BARCL,,,
2026-03-28T12:07:11.098Z,market,trade,TESTE,100150.6579384462,148,,,,XP,CS,,,
2026-03-28T12:07:11.256Z,market,trade,TESTE,100155.28945503819,69,,,,BARCL,UBS,,,
2026-03-28T12:07:11.412Z,market,trade,TESTE,100169.73202909702,81,,,,BARCL,MS,,,
2026-03-28T12:07:11.563Z,market,trade,TESTE,100164.46285003667,173,,,,BARCL,JPM,,,
2026-03-28T12:07:11.719Z,market,trade,TESTE,100163.54933604869,158,,,,CS,XP,,,
2026-03-28T12:07:11.872Z,market,trade,TESTE,100161.22435043415,185,,,,UBS,ITAU,,,
2026-03-28T12:07:12.035Z,market,trade,TESTE,100173.68532745838,148,,,,ITAU,JPM,,,
2026-03-28T12:07:12.190Z,market,trade,TESTE,100163.74709933733,38,,,,XP,ITAU,,,
2026-03-28T12:07:12.345Z,market,trade,TESTE,100165.89435327759,162,,,,CS,BTG,,,
2026-03-28T12:07:12.503Z,market,trade,TESTE,100164.44905714969,148,,,,UBS,BARCL,,,
2026-03-28T12:07:12.657Z,market,trade,TESTE,100161.16266914835,70,,,,BARCL,MS,,,
2026-03-28T12:07:12.820Z,market,trade,TESTE,100158.89955135404,149,,,,CS,GOLDM,,,
2026-03-28T12:07:12.984Z,market,trade,TESTE,100155.42179658124,129,,,,ITAU,BTG,,,
2026-03-28T12:07:13.138Z,market,trade,TESTE,100159.75508950128,155,,,,CS,CS,,,
2026-03-28T12:07:13.293Z,market,trade,TESTE,100163.21042447239,150,,,,BTG,GOLDM,,,
2026-03-28T12:07:13.448Z,market,trade,TESTE,100173.42988004137,43,,,,BARCL,CS,,,
2026-03-28T12:07:13.603Z,market,trade,TESTE,100163.9072402394,68,,,,MS,JPM,,,
2026-03-28T12:07:13.757Z,market,trade,TESTE,100163.4051698389,27,,,,BARCL,BARCL,,,
2026-03-28T12:07:13.918Z,market,trade,TESTE,100170.97114982322,44,,,,ITAU,BTG,,,
2026-03-28T12:07:14.084Z,market,trade,TESTE,100174.40047975305,86,,,,ITAU,CITI,,,
2026-03-28T12:07:14.235Z,market,trade,TESTE,100161.21078749107,28,,,,BARCL,BARCL,,,
2026-03-28T12:07:14.387Z,market,trade,TESTE,100172.59272199123,135,,,,XP,GOLDM,,,
2026-03-28T12:07:14.540Z,market,trade,TESTE,100176.88435294913,54,,,,ITAU,ITAU,,,
2026-03-28T12:07:14.705Z,market,trade,TESTE,100176.38190790439,68,,,,ITAU,BTG,,,
2026-03-28T12:07:14.856Z,market,trade,TESTE,100178.1695230805,183,,,,BTG,MS,,,
2026-03-28T12:07:15.010Z,market,trade,TESTE,100170.12643713912,170,,,,UBS,CITI,,,
2026-03-28T12:07:15.166Z,market,trade,TESTE,100177.5828066402,66,,,,BARCL,BARCL,,,
2026-03-28T12:07:15.318Z,market,trade,TESTE,100178.24352292548,97,,,,JPM,JPM,,,
2026-03-28T12:07:15.473Z,market,trade,TESTE,100168.86605959103,55,,,,MS,XP,,,
2026-03-28T12:07:15.629Z,market,trade,TESTE,100170.01727046615,123,,,,XP,XP,,,
2026-03-28T12:07:15.789Z,market,trade,TESTE,100170.9115750251,167,,,,CS,BARCL,,,
2026-03-28T12:07:15.946Z,market,trade,TESTE,100179.42489858813,40,,,,MS,BTG,,,
2026-03-28T12:07:16.102Z,market,trade,TESTE,100183.87753309154,9,,,,UBS,BARCL,,,
2026-03-28T12:07:16.259Z,market,trade,TESTE,100169.16849664741,161,,,,XP,GOLDM,,,
2026-03-28T12:07:16.415Z,market,trade,TESTE,100184.00909362022,15,,,,GOLDM,BARCL,,,
2026-03-28T12:07:16.571Z,market,trade,TESTE,100178.44898306632,145,,,,BTG,BTG,,,
2026-03-28T12:07:16.734Z,market,trade,TESTE,100193.44869618058,45,,,,XP,JPM,,,
2026-03-28T12:07:16.888Z,market,trade,TESTE,100179.76298993206,58,,,,GOLDM,CS,,,
2026-03-28T12:07:17.039Z,market,trade,TESTE,100188.57094867685,159,,,,XP,ITAU,,,
2026-03-28T12:07:17.194Z,market,trade,TESTE,100187.1480273077,50,,,,BARCL,BARCL,,,
2026-03-28T12:07:17.355Z,market,trade,TESTE,100188.9291298126,187,,,,BARCL,CITI,,,
2026-03-28T12:07:17.510Z,market,trade,TESTE,100174.67818615535,114,,,,BARCL,JPM,,,
2026-03-28T12:07:17.666Z,market,trade,TESTE,100174.22328937994,120,,,,CS,CS,,,
2026-03-28T12:07:17.821Z,market,trade,TESTE,100171.24553880689,87,,,,BTG,JPM,,,
2026-03-28T12:07:17.972Z,market,trade,TESTE,100181.49101899093,73,,,,JPM,CS,,,
2026-03-28T12:07:18.128Z,market,trade,TESTE,100176.39955557993,153,,,,UBS,BARCL,,,
2026-03-28T12:07:18.282Z,market,trade,TESTE,100188.34667013481,55,,,,ITAU,BARCL,,,
2026-03-28T12:07:18.437Z,market,trade,TESTE,100179.43929311285,60,,,,ITAU,BTG,,,
2026-03-28T12:07:18.593Z,market,trade,TESTE,100188.58822856478,74,,,,ITAU,CS,,,
2026-03-28T12:07:18.752Z,market,trade,TESTE,100182.69144681963,74,,,,CITI,JPM,,,
2026-03-28T12:07:18.918Z,market,trade,TESTE,100179.81908445279,175,,,,MS,GOLDM,,,
2026-03-28T12:07:19.075Z,market,trade,TESTE,100175.51875171045,9,,,,ITAU,BARCL,,,
2026-03-28T12:07:19.239Z,market,trade,TESTE,100188.20243338821,185,,,,GOLDM,MS,,,
2026-03-28T12:07:19.393Z,market,trade,TESTE,100177.7710943403,59,,,,ITAU,CS,,,
2026-03-28T12:07:19.551Z,market,trade,TESTE,100182.32017235043,76,,,,MS,JPM,,,
2026-03-28T12:07:19.706Z,market,trade,TESTE,100181.56313300328,66,,,,GOLDM,GOLDM,,,
2026-03-28T12:07:19.863Z,market,trade,TESTE,100195.75877026812,35,,,,MS,BTG,,,
2026-03-28T12:07:20.018Z,market,trade,TESTE,100191.75368413347,127,,,,MS,CS,,,
2026-03-28T12:07:20.169Z,market,trade,TESTE,100194.51027809965,145,,,,XP,ITAU,,,
2026-03-28T12:07:20.324Z,market,trade,TESTE,100184.75651731611,174,,,,BARCL,JPM,,,
2026-03-28T12:07:20.488Z,market,trade,TESTE,100194.52764431461,61,,,,CITI,MS,,,
2026-03-28T12:07:20.644Z,market,trade,TESTE,100190.76906621181,171,,,,JPM,BARCL,,,
2026-03-28T12:07:20.799Z,market,trade,TESTE,100176.34040879771,30,,,,CITI,XP,,,
2026-03-28T12:07:20.953Z,market,trade,TESTE,100189.44261391673,154,,,,ITAU,CS,,,
2026-03-28T12:07:21.106Z,market,trade,TESTE,100185.85038694914,118,,,,BARCL,ITAU,,,
2026-03-28T12:07:21.266Z,market,trade,TESTE,100175.55645750849,170,,,,JPM,BTG,,,
2026-03-28T12:07:21.419Z,market,trade,TESTE,100184.49056588199,131,,,,CITI,ITAU,,,
2026-03-28T12:07:21.574Z,market,trade,TESTE,100176.00746937611,34,,,,MS,JPM,,,
2026-03-28T12:07:21.732Z,market,trade,TESTE,100187.52328426325,194,,,,XP,GOLDM,,,
2026-03-28T12:07:21.886Z,market,trade,TESTE,100188.76987372909,62,,,,UBS,CITI,,,
2026-03-28T12:07:22.039Z,market,trade,TESTE,100192.26411822754,85,,,,BTG,ITAU,,,
2026-03-28T12:07:22.193Z,market,trade,TESTE,100182.71437088726,93,,,,GOLDM,GOLDM,,,
2026-03-28T12:07:22.349Z,market,trade,TESTE,100188.46996366126,40,,,,BARCL,MS,,,
2026-03-28T12:07:22.504Z,market,trade,TESTE,100177.91387932892,8,,,,BARCL,BARCL,,,
2026-03-28T12:07:22.666Z,market,trade,TESTE,100188.2533350189,49,,,,XP,JPM,,,
2026-03-28T12:07:22.820Z,market,trade,TESTE,100187.96893715402,59,,,,GOLDM,XP,,,
2026-03-28T12:07:22.973Z,market,trade,TESTE,100191.72334452192,68,,,,XP,CITI,,,
2026-03-28T12:07:23.127Z,market,trade,TESTE,100178.45117576362,147,,,,CITI,BTG,,,
2026-03-28T12:07:23.283Z,market,trade,TESTE,100188.44065998876,62,,,,ITAU,ITAU,,,
2026-03-28T12:07:23.434Z,market,trade,TESTE,100191.0531151221,92,,,,CITI,JPM,,,
2026-03-28T12:07:23.585Z,market,trade,TESTE,100183.59791701313,107,,,,BARCL,BARCL,,,
2026-03-28T12:07:23.744Z,market,trade,TESTE,100184.26355029526,111,,,,CS,BARCL,,,
2026-03-28T12:07:23.905Z,market,trade,TESTE,100196.35603627354,53,,,,MS,BARCL,,,
2026-03-28T12:07:24.057Z,market,trade,TESTE,100196.97612484051,192,,,,BTG,MS,,,
2026-03-28T12:07:24.221Z,market,trade,TESTE,100195.62912556693,57,,,,MS,BARCL,,,
2026-03-28T12:07:24.372Z,market,trade,TESTE,100195.73400101736,69,,,,GOLDM,BTG,,,
2026-03-28T12:07:24.536Z,market,trade,TESTE,100184.80989720383,9,,,,ITAU,CITI,,,
2026-03-28T12:07:24.693Z,market,trade,TESTE,100184.23005278042,9,,,,BTG,ITAU,,,
2026-03-28T12:07:24.855Z,market,trade,TESTE,100181.54047977396,85,,,,GOLDM,CS,,,
2026-03-28T12:07:25.006Z,market,trade,TESTE,100187.056834315,75,,,,JPM,BTG,,,
2026-03-28T12:07:25.170Z,market,trade,TESTE,100182.92860953728,112,,,,GOLDM,MS,,,
2026-03-28T12:07:25.322Z,market,trade,TESTE,100182.17725852372,121,,,,CS,ITAU,,,
2026-03-28T12:07:25.472Z,market,trade,TESTE,100176.19371961671,65,,,,BARCL,JPM,,,
2026-03-28T12:07:25.637Z,market,trade,TESTE,100177.95511398876,34,,,,BTG,CS,,,
2026-03-28T12:07:25.790Z,market,trade,TESTE,100182.56493653313,19,,,,UBS,CS,,,
2026-03-28T12:07:25.940Z,market,trade,TESTE,100183.39708497403,61,,,,CITI,UBS,,,
2026-03-28T12:07:26.103Z,market,trade,TESTE,100196.63379519313,104,,,,CITI,MS,,,
2026-03-28T12:07:26.255Z,market,trade,TESTE,100193.46753698401,145,,,,BTG,BTG,,,
2026-03-28T12:07:26.409Z,market,trade,TESTE,100193.17184632701,63,,,,BTG,GOLDM,,,
2026-03-28T12:07:26.571Z,market,trade,TESTE,100194.44586053873,151,,,,XP,MS,,,
2026-03-28T12:07:26.722Z,market,trade,TESTE,100197.02055335495,105,,,,JPM,BTG,,,
2026-03-28T12:07:26.880Z,market,trade,TESTE,100197.90910241797,95,,,,BARCL,CS,,,
2026-03-28T12:07:27.032Z,market,trade,TESTE,100200.30252905338,5,,,,ITAU,GOLDM,,,
2026-03-28T12:07:27.188Z,market,trade,TESTE,100199.59254561734,143,,,,CITI,GOLDM,,,
2026-03-28T12:07:27.339Z,market,trade,TESTE,100197.41310978233,51,,,,CITI,UBS,,,
2026-03-28T12:07:27.495Z,market,trade,TESTE,100195.89867016708,43,,,,ITAU,CS,,,
2026-03-28T12:07:27.657Z,market,trade,TESTE,100181.38400265446,137,,,,GOLDM,JPM,,,
2026-03-28T12:07:27.812Z,market,trade,TESTE,100181.90637954467,148,,,,ITAU,MS,,,
2026-03-28T12:07:27.964Z,market,trade,TESTE,100181.46131726449,67,,,,GOLDM,UBS,,,
2026-03-28T12:07:28.120Z,market,trade,TESTE,100186.33955909414,16,,,,GOLDM,JPM,,,
2026-03-28T12:07:28.278Z,market,trade,TESTE,100184.59713862646,99,,,,JPM,CITI,,,
2026-03-28T12:07:28.435Z,market,trade,TESTE,100188.56578725771,196,,,,MS,XP,,,
2026-03-28T12:07:28.593Z,market,trade,TESTE,100185.93722699724,64,,,,GOLDM,CS,,,
2026-03-28T12:07:28.749Z,market,trade,TESTE,100188.57119963143,37,,,,BTG,UBS,,,
2026-03-28T12:07:28.902Z,market,trade,TESTE,100188.61559849183,68,,,,UBS,XP,,,
2026-03-28T12:07:29.058Z,market,trade,TESTE,100193.58095641337,61,,,,ITAU,JPM,,,
2026-03-28T12:07:29.214Z,market,trade,TESTE,100196.95538599913,77,,,,CS,XP,,,
2026-03-28T12:07:29.371Z,market,trade,TESTE,100204.13518252173,33,,,,CITI,JPM,,,
2026-03-28T12:07:29.531Z,market,trade,TESTE,100201.63361334853,137,,,,UBS,CS,,,
2026-03-28T12:07:29.683Z,market,trade,TESTE,100187.57454289455,49,,,,UBS,BTG,,,
2026-03-28T12:07:29.836Z,market,trade,TESTE,100196.38681529909,133,,,,JPM,JPM,,,
2026-03-28T12:07:29.988Z,market,trade,TESTE,100187.50798882815,83,,,,UBS,XP,,,
2026-03-28T12:07:30.144Z,market,trade,TESTE,100186.28481420965,6,,,,GOLDM,CS,,,
2026-03-28T12:07:30.302Z,market,trade,TESTE,100189.02648178517,100,,,,BARCL,CITI,,,
2026-03-28T12:07:30.456Z,market,trade,TESTE,100187.00647200114,189,,,,JPM,UBS,,,
2026-03-28T12:07:30.618Z,market,trade,TESTE,100186.81869254736,128,,,,ITAU,UBS,,,
2026-03-28T12:07:30.776Z,market,trade,TESTE,100192.47317625837,106,,,,ITAU,JPM,,,
2026-03-28T12:07:30.934Z,market,trade,TESTE,100193.9984041585,8,,,,UBS,GOLDM,,,
2026-03-28T12:07:31.090Z,market,trade,TESTE,100179.18100059121,53,,,,MS,BARCL,,,
2026-03-28T12:07:31.245Z,market,trade,TESTE,100183.73110382713,23,,,,XP,ITAU,,,
2026-03-28T12:07:31.398Z,market,trade,TESTE,100189.50027467804,61,,,,UBS,CITI,,,
2026-03-28T12:07:31.552Z,market,trade,TESTE,100184.918038487,189,,,,MS,XP,,,
2026-03-28T12:07:31.704Z,market,trade,TESTE,100171.27669127745,121,,,,GOLDM,ITAU,,,
2026-03-28T12:07:31.865Z,market,trade,TESTE,100174.26333270359,170,,,,CS,MS,,,
2026-03-28T12:07:32.021Z,market,trade,TESTE,100181.16590507064,91,,,,MS,MS,,,
2026-03-28T12:07:32.178Z,market,trade,TESTE,100173.26279730472,64,,,,CITI,CS,,,
2026-03-28T12:07:32.336Z,market,trade,TESTE,100181.92041998208,6,,,,XP,ITAU,,,
2026-03-28T12:07:32.496Z,market,trade,TESTE,100170.8535862484,48,,,,XP,GOLDM,,,
2026-03-28T12:07:32.651Z,market,trade,TESTE,100178.81370598357,7,,,,MS,MS,,,
2026-03-28T12:07:32.808Z,market,trade,TESTE,100171.72548099486,57,,,,BTG,JPM,,,
2026-03-28T12:07:32.971Z,market,trade,TESTE,100178.36092490799,91,,,,UBS,ITAU,,,
2026-03-28T12:07:33.134Z,market,trade,TESTE,100182.97991105447,88,,,,XP,ITAU,,,
2026-03-28T12:07:33.287Z,market,trade,TESTE,100172.62035062494,23,,,,BTG,JPM,,,
2026-03-28T12:07:33.445Z,market,trade,TESTE,100184.00006890394,128,,,,CS,JPM,,,
2026-03-28T12:07:33.606Z,market,trade,TESTE,100172.780694596,72,,,,MS,BARCL,,,
2026-03-28T12:07:33.771Z,market,trade,TESTE,100181.56980323482,94,,,,BARCL,MS,,,
2026-03-28T12:07:33.923Z,market,trade,TESTE,100172.10094662741,12,,,,CITI,MS,,,
2026-03-28T12:07:34.088Z,market,trade,TESTE,100180.22888247788,140,,,,BTG,ITAU,,,
2026-03-28T12:07:34.245Z,market,trade,TESTE,100174.03508636892,8,,,,CS,XP,,,
2026-03-28T12:07:34.400Z,market,trade,TESTE,100170.77275199952,182,,,,CITI,ITAU,,,
2026-03-28T12:07:34.553Z,market,trade,TESTE,100176.20034048092,66,,,,BTG,UBS,,,
2026-03-28T12:07:34.717Z,market,trade,TESTE,100161.77279100909,121,,,,GOLDM,CS,,,
2026-03-28T12:07:34.871Z,market,trade,TESTE,100168.13440705238,15,,,,GOLDM,CS,,,
2026-03-28T12:07:35.029Z,market,trade,TESTE,100169.32679510802,129,,,,BARCL,UBS,,,
2026-03-28T12:07:35.187Z,market,trade,TESTE,100159.0471383189,114,,,,ITAU,CITI,,,
2026-03-28T12:07:35.340Z,market,trade,TESTE,100172.16714158255,32,,,,CS,GOLDM,,,
2026-03-28T12:07:35.503Z,market,trade,TESTE,100159.30403183924,130,,,,UBS,BTG,,,
2026-03-28T12:07:35.654Z,market,trade,TESTE,100162.4772288328,25,,,,GOLDM,GOLDM,,,
2026-03-28T12:07:35.808Z,market,trade,TESTE,100168.73461834076,153,,,,CITI,GOLDM,,,
2026-03-28T12:07:35.968Z,market,trade,TESTE,100153.84485882579,167,,,,UBS,BARCL,,,
2026-03-28T12:07:36.123Z,market,trade,TESTE,100149.31384576463,160,,,,CITI,MS,,,
2026-03-28T12:07:36.289Z,market,trade,TESTE,100149.2630822951,44,,,,BTG,ITAU,,,
2026-03-28T12:07:36.439Z,market,trade,TESTE,100145.25526567416,23,,,,CITI,MS,,,
2026-03-28T12:07:36.604Z,market,trade,TESTE,100158.87275274917,111,,,,UBS,ITAU,,,
2026-03-28T12:07:36.761Z,market,trade,TESTE,100146.69823759285,52,,,,UBS,ITAU,,,
2026-03-28T12:07:36.918Z,market,trade,TESTE,100161.00740387928,73,,,,ITAU,CS,,,
2026-03-28T12:07:37.071Z,market,trade,TESTE,100157.83603504056,192,,,,ITAU,XP,,,
2026-03-28T12:07:37.221Z,market,trade,TESTE,100145.36073984564,132,,,,BTG,JPM,,,
2026-03-28T12:07:37.386Z,market,trade,TESTE,100146.90512621644,8,,,,CITI,CS,,,
2026-03-28T12:07:37.541Z,market,trade,TESTE,100158.41657931548,133,,,,CITI,ITAU,,,
2026-03-28T12:07:37.701Z,market,trade,TESTE,100148.16677001311,37,,,,MS,CS,,,
2026-03-28T12:07:37.867Z,market,trade,TESTE,100149.38232934414,21,,,,BTG,MS,,,
2026-03-28T12:07:38.018Z,market,trade,TESTE,100147.05505375743,139,,,,BTG,CS,,,
2026-03-28T12:07:38.170Z,market,trade,TESTE,100150.11129079989,97,,,,UBS,ITAU,,,
2026-03-28T12:07:38.320Z,market,trade,TESTE,100163.24513150641,164,,,,UBS,UBS,,,
2026-03-28T12:07:38.473Z,market,trade,TESTE,100149.61746596423,46,,,,CS,XP,,,
2026-03-28T12:07:38.638Z,market,trade,TESTE,100158.61853690435,185,,,,CS,XP,,,
2026-03-28T12:07:38.798Z,market,trade,TESTE,100162.44262428112,84,,,,XP,CS,,,
2026-03-28T12:07:38.954Z,market,trade,TESTE,100165.83173390289,24,,,,CITI,MS,,,
2026-03-28T12:07:39.107Z,market,trade,TESTE,100167.8704558198,185,,,,BARCL,BARCL,,,
2026-03-28T12:07:39.263Z,market,trade,TESTE,100168.3951732857,28,,,,JPM,MS,,,
2026-03-28T12:07:39.417Z,market,trade,TESTE,100156.79524137457,79,,,,CS,GOLDM,,,
2026-03-28T12:07:39.569Z,market,trade,TESTE,100166.95365943649,161,,,,XP,CS,,,
2026-03-28T12:07:39.735Z,market,trade,TESTE,100167.17185173524,125,,,,MS,CS,,,
2026-03-28T12:07:39.891Z,market,trade,TESTE,100171.30395156867,18,,,,MS,GOLDM,,,
2026-03-28T12:07:40.055Z,market,trade,TESTE,100174.52615976137,67,,,,GOLDM,MS,,,
2026-03-28T12:07:40.208Z,market,trade,TESTE,100160.97982332883,97,,,,ITAU,CS,,,
2026-03-28T12:07:40.365Z,market,trade,TESTE,100172.32401893371,173,,,,XP,BARCL,,,
2026-03-28T12:07:40.518Z,market,trade,TESTE,100169.09613813272,124,,,,MS,XP,,,
2026-03-28T12:07:40.671Z,market,trade,TESTE,100160.08349420356,22,,,,UBS,BTG,,,
2026-03-28T12:07:40.822Z,market,trade,TESTE,100168.0883044744,39,,,,BTG,CS,,,
2026-03-28T12:07:40.987Z,market,trade,TESTE,100172.9298711323,51,,,,BARCL,MS,,,
2026-03-28T12:07:41.138Z,market,trade,TESTE,100175.27499102759,54,,,,UBS,GOLDM,,,
2026-03-28T12:07:41.294Z,market,trade,TESTE,100170.05282412484,110,,,,CITI,ITAU,,,
2026-03-28T12:07:41.455Z,market,trade,TESTE,100175.07428959457,32,,,,GOLDM,XP,,,
2026-03-28T12:07:41.606Z,market,trade,TESTE,100179.31204887206,58,,,,CS,GOLDM,,,
2026-03-28T12:07:41.756Z,market,trade,TESTE,100181.99436000932,92,,,,GOLDM,JPM,,,
2026-03-28T12:07:41.921Z,market,trade,TESTE,100184.52568287388,60,,,,CITI,UBS,,,
2026-03-28T12:07:42.086Z,market,trade,TESTE,100183.51308202032,199,,,,MS,XP,,,
2026-03-28T12:07:42.237Z,market,trade,TESTE,100182.66197752004,44,,,,XP,UBS,,,
2026-03-28T12:07:42.394Z,market,trade,TESTE,100183.6263331435,48,,,,BTG,UBS,,,
2026-03-28T12:07:42.558Z,market,trade,TESTE,100181.75042911635,148,,,,MS,UBS,,,
2026-03-28T12:07:42.711Z,market,trade,TESTE,100175.1876562643,92,,,,CS,UBS,,,
2026-03-28T12:07:42.870Z,market,trade,TESTE,100180.98929850891,66,,,,BTG,MS,,,
2026-03-28T12:07:43.021Z,market,trade,TESTE,100184.76829433418,74,,,,GOLDM,MS,,,
2026-03-28T12:07:43.171Z,market,trade,TESTE,100172.19935239266,102,,,,UBS,GOLDM,,,
2026-03-28T12:07:43.323Z,market,trade,TESTE,100173.3504204716,41,,,,XP,BARCL,,,
2026-03-28T12:07:43.473Z,market,trade,TESTE,100184.29447905609,84,,,,CS,GOLDM,,,
2026-03-28T12:07:43.637Z,market,trade,TESTE,100188.30845896008,197,,,,MS,GOLDM,,,
2026-03-28T12:07:43.789Z,market,trade,TESTE,100177.83396644908,16,,,,ITAU,BTG,,,
2026-03-28T12:07:43.956Z,market,trade,TESTE,100187.18617357782,143,,,,ITAU,MS,,,
2026-03-28T12:07:44.121Z,market,trade,TESTE,100172.97004436508,114,,,,BARCL,JPM,,,
2026-03-28T12:07:44.272Z,market,trade,TESTE,100168.17940873074,118,,,,BARCL,BTG,,,
2026-03-28T12:07:44.438Z,market,trade,TESTE,100166.25665688426,79,,,,BARCL,CITI,,,
2026-03-28T12:07:44.589Z,market,trade,TESTE,100172.73404772877,189,,,,CITI,JPM,,,
2026-03-28T12:07:44.740Z,market,trade,TESTE,100163.16294376258,123,,,,UBS,GOLDM,,,
2026-03-28T12:07:44.904Z,market,trade,TESTE,100160.07023647247,18,,,,GOLDM,CITI,,,
2026-03-28T12:07:45.055Z,market,trade,TESTE,100174.52609254344,52,,,,ITAU,ITAU,,,
2026-03-28T12:07:45.220Z,market,trade,TESTE,100168.17492096241,57,,,,CITI,JPM,,,
2026-03-28T12:07:45.371Z,market,trade,TESTE,100173.96462775319,17,,,,XP,ITAU,,,
2026-03-28T12:07:45.522Z,market,trade,TESTE,100176.47108448538,146,,,,MS,BTG,,,
2026-03-28T12:07:45.672Z,market,trade,TESTE,100164.82365066053,143,,,,JPM,CITI,,,
2026-03-28T12:07:45.840Z,market,trade,TESTE,100164.37284636362,68,,,,MS,CS,,,
2026-03-28T12:07:46.005Z,market,trade,TESTE,100177.62320626236,167,,,,GOLDM,XP,,,
2026-03-28T12:07:46.156Z,market,trade,TESTE,100165.32761506304,46,,,,BTG,CS,,,
2026-03-28T12:07:46.307Z,market,trade,TESTE,100167.50968223272,195,,,,MS,CITI,,,
2026-03-28T12:07:46.471Z,market,trade,TESTE,100170.92107229169,140,,,,ITAU,BARCL,,,
2026-03-28T12:07:46.622Z,market,trade,TESTE,100172.16885136951,22,,,,BARCL,BARCL,,,
2026-03-28T12:07:46.788Z,market,trade,TESTE,100176.36540668989,80,,,,BARCL,MS,,,
2026-03-28T12:07:46.939Z,market,trade,TESTE,100184.51715803081,152,,,,CITI,UBS,,,
2026-03-28T12:07:47.102Z,market,trade,TESTE,100188.5312955719,104,,,,JPM,ITAU,,,
2026-03-28T12:07:47.256Z,market,trade,TESTE,100184.01805198815,186,,,,BARCL,CITI,,,
2026-03-28T12:07:47.408Z,market,trade,TESTE,100182.04107514083,57,,,,CITI,XP,,,
2026-03-28T12:07:47.572Z,market,trade,TESTE,100185.68689373707,34,,,,ITAU,CITI,,,
2026-03-28T12:07:47.723Z,market,trade,TESTE,100181.79610827519,136,,,,GOLDM,ITAU,,,
2026-03-28T12:07:47.873Z,market,trade,TESTE,100178.32871104109,118,,,,GOLDM,MS,,,
2026-03-28T12:07:48.038Z,market,trade,TESTE,100164.14698563247,47,,,,ITAU,BTG,,,
2026-03-28T12:07:48.203Z,market,trade,TESTE,100167.9242365062,172,,,,BTG,XP,,,
2026-03-28T12:07:48.355Z,market,trade,TESTE,100168.26284454648,48,,,,UBS,GOLDM,,,
2026-03-28T12:07:48.506Z,market,trade,TESTE,100174.53885876162,43,,,,GOLDM,GOLDM,,,
2026-03-28T12:07:48.671Z,market,trade,TESTE,100173.54860000864,119,,,,UBS,ITAU,,,
2026-03-28T12:07:48.822Z,market,trade,TESTE,100158.6027348438,66,,,,ITAU,CITI,,,
2026-03-28T12:07:48.975Z,market,trade,TESTE,100171.82789438104,97,,,,MS,BARCL,,,
2026-03-28T12:07:49.138Z,market,trade,TESTE,100166.54702164716,57,,,,JPM,JPM,,,
2026-03-28T12:07:49.288Z,market,trade,TESTE,100180.62209291065,119,,,,CS,CITI,,,
2026-03-28T12:07:49.440Z,market,trade,TESTE,100167.70926987426,130,,,,XP,JPM,,,
2026-03-28T12:07:49.605Z,market,trade,TESTE,100178.57762783479,35,,,,JPM,CS,,,
2026-03-28T12:07:49.755Z,market,trade,TESTE,100176.13184347375,116,,,,CS,ITAU,,,
2026-03-28T12:07:49.922Z,market,trade,TESTE,100174.40317937298,185,,,,BTG,JPM,,,
2026-03-28T12:07:50.087Z,market,trade,TESTE,100176.15661916959,22,,,,CITI,CS,,,
2026-03-28T12:07:50.239Z,market,trade,TESTE,100179.2986482096,137,,,,UBS,BTG,,,
2026-03-28T12:07:50.397Z,market,trade,TESTE,100174.28814047958,33,,,,BARCL,MS,,,
2026-03-28T12:07:50.556Z,market,trade,TESTE,100183.34730546124,15,,,,ITAU,ITAU,,,
2026-03-28T12:07:50.707Z,market,trade,TESTE,100177.99787287191,59,,,,UBS,UBS,,,
2026-03-28T12:07:50.871Z,market,trade,TESTE,100179.29640274198,70,,,,GOLDM,CS,,,
2026-03-28T12:07:51.022Z,market,trade,TESTE,100190.82115815453,140,,,,UBS,MS,,,
2026-03-28T12:07:51.173Z,market,trade,TESTE,100180.2668436062,144,,,,XP,JPM,,,
2026-03-28T12:07:51.339Z,market,trade,TESTE,100178.63006358486,40,,,,XP,GOLDM,,,
2026-03-28T12:07:51.505Z,market,trade,TESTE,100175.69178176751,94,,,,CS,CITI,,,
2026-03-28T12:07:51.656Z,market,trade,TESTE,100172.02205590029,177,,,,JPM,CS,,,
2026-03-28T12:07:51.811Z,market,trade,TESTE,100170.35486365789,16,,,,CS,MS,,,
2026-03-28T12:07:51.971Z,market,trade,TESTE,100176.08346550178,124,,,,XP,UBS,,,
2026-03-28T12:07:52.121Z,market,trade,TESTE,100178.31947449413,82,,,,JPM,CITI,,,
2026-03-28T12:07:52.272Z,market,trade,TESTE,100177.84219555739,82,,,,MS,BARCL,,,
2026-03-28T12:07:52.435Z,market,trade,TESTE,100177.58593096957,48,,,,ITAU,JPM,,,
2026-03-28T12:07:52.589Z,market,trade,TESTE,100168.67601611672,11,,,,UBS,CITI,,,
2026-03-28T12:07:52.755Z,market,trade,TESTE,100179.28783597397,100,,,,MS,MS,,,
2026-03-28T12:07:52.906Z,market,trade,TESTE,100172.02440456212,94,,,,CITI,CS,,,
2026-03-28T12:07:53.070Z,market,trade,TESTE,100184.9629109778,67,,,,XP,ITAU,,,
2026-03-28T12:07:53.221Z,market,trade,TESTE,100187.11473029408,45,,,,UBS,CS,,,
2026-03-28T12:07:53.373Z,market,trade,TESTE,100185.03220882326,80,,,,XP,ITAU,,,
2026-03-28T12:07:53.538Z,market,trade,TESTE,100181.37293542267,42,,,,BARCL,ITAU,,,
2026-03-28T12:07:53.690Z,market,trade,TESTE,100169.77534402278,147,,,,MS,BARCL,,,
2026-03-28T12:07:53.855Z,market,trade,TESTE,100174.69763545053,79,,,,BARCL,JPM,,,
2026-03-28T12:07:54.006Z,market,trade,TESTE,100185.87234231737,110,,,,CITI,JPM,,,
2026-03-28T12:07:54.172Z,market,trade,TESTE,100179.41885517455,52,,,,BARCL,CITI,,,
2026-03-28T12:07:54.323Z,market,trade,TESTE,100182.26734696447,141,,,,UBS,BTG,,,
2026-03-28T12:07:54.473Z,market,trade,TESTE,100188.65822241896,178,,,,MS,MS,,,
2026-03-28T12:07:54.637Z,market,trade,TESTE,100184.7197298096,18,,,,MS,BTG,,,
2026-03-28T12:07:54.789Z,market,trade,TESTE,100183.02494421467,71,,,,CITI,UBS,,,
2026-03-28T12:07:54.954Z,market,trade,TESTE,100171.00523057958,137,,,,CS,GOLDM,,,
2026-03-28T12:07:55.121Z,market,trade,TESTE,100183.3943433458,63,,,,JPM,MS,,,
2026-03-28T12:07:55.272Z,market,trade,TESTE,100186.28362603017,15,,,,BTG,GOLDM,,,
2026-03-28T12:07:55.435Z,market,trade,TESTE,100186.28514681368,168,,,,MS,ITAU,,,
2026-03-28T12:07:55.589Z,market,trade,TESTE,100183.50832724455,108,,,,XP,BTG,,,
2026-03-28T12:07:55.755Z,market,trade,TESTE,100171.72293493219,164,,,,ITAU,BTG,,,
2026-03-28T12:07:55.907Z,market,trade,TESTE,100181.18240060395,107,,,,CS,CS,,,
2026-03-28T12:07:56.070Z,market,trade,TESTE,100174.26262210408,19,,,,ITAU,MS,,,
2026-03-28T12:07:56.221Z,market,trade,TESTE,100184.19851824488,72,,,,GOLDM,CS,,,
2026-03-28T12:07:56.372Z,market,trade,TESTE,100169.41893346648,186,,,,JPM,MS,,,
2026-03-28T12:07:56.523Z,market,trade,TESTE,100167.43430357808,38,,,,GOLDM,ITAU,,,
2026-03-28T12:07:56.673Z,market,trade,TESTE,100174.63855103326,152,,,,BTG,UBS,,,
2026-03-28T12:07:56.838Z,market,trade,TESTE,100166.62409415033,179,,,,JPM,UBS,,,
2026-03-28T12:07:56.989Z,market,trade,TESTE,100177.56481725002,153,,,,CS,BARCL,,,
2026-03-28T12:07:57.140Z,market,trade,TESTE,100175.09688883019,109,,,,GOLDM,BTG,,,
2026-03-28T12:07:57.305Z,market,trade,TESTE,100163.48457216151,35,,,,CITI,CITI,,,
2026-03-28T12:07:57.456Z,market,trade,TESTE,100174.64751291368,26,,,,CITI,GOLDM,,,
2026-03-28T12:07:57.620Z,market,trade,TESTE,100176.3209639494,96,,,,ITAU,XP,,,
2026-03-28T12:07:57.771Z,market,trade,TESTE,100171.71651779287,156,,,,XP,JPM,,,
2026-03-28T12:07:57.922Z,market,trade,TESTE,100166.32151946385,29,,,,BTG,CS,,,
2026-03-28T12:07:58.087Z,market,trade,TESTE,100178.19784489917,141,,,,BARCL,JPM,,,
2026-03-28T12:07:58.237Z,market,trade,TESTE,100179.25846436956,142,,,,XP,CS,,,
2026-03-28T12:07:58.390Z,market,trade,TESTE,100164.41188308838,181,,,,ITAU,ITAU,,,
2026-03-28T12:07:58.555Z,market,trade,TESTE,100173.39860684692,194,,,,MS,BTG,,,
2026-03-28T12:07:58.706Z,market,trade,TESTE,100164.03345051053,14,,,,XP,MS,,,
2026-03-28T12:07:58.871Z,market,trade,TESTE,100172.66995805869,9,,,,GOLDM,GOLDM,,,
2026-03-28T12:07:59.022Z,market,trade,TESTE,100168.09483058495,44,,,,MS,UBS,,,
2026-03-28T12:07:59.174Z,market,trade,TESTE,100165.60839275067,27,,,,CITI,BARCL,,,
2026-03-28T12:07:59.339Z,market,trade,TESTE,100156.38675903661,113,,,,XP,BTG,,,
2026-03-28T12:07:59.504Z,market,trade,TESTE,100165.07379588175,54,,,,JPM,BARCL,,,
2026-03-28T12:07:59.655Z,market,trade,TESTE,100163.31557308206,15,,,,JPM,CS,,,
2026-03-28T12:07:59.805Z,market,trade,TESTE,100160.70230558455,192,,,,JPM,BTG,,,
2026-03-28T12:07:59.955Z,market,trade,TESTE,100165.09002459528,110,,,,BTG,BTG,,,
2026-03-28T12:08:00.107Z,market,trade,TESTE,100153.92945475258,81,,,,XP,CS,,,
2026-03-28T12:08:00.271Z,market,trade,TESTE,100156.78201284069,68,,,,JPM,BTG,,,
2026-03-28T12:08:00.422Z,market,trade,TESTE,100158.43136392183,15,,,,MS,JPM,,,
2026-03-28T12:08:00.574Z,market,trade,TESTE,100157.09175547978,116,,,,MS,ITAU,,,
2026-03-28T12:08:00.725Z,market,trade,TESTE,100162.88175715531,63,,,,GOLDM,UBS,,,
2026-03-28T12:08:00.888Z,market,trade,TESTE,100152.04519140297,43,,,,CS,GOLDM,,,
2026-03-28T12:08:01.039Z,market,trade,TESTE,100161.84005980474,168,,,,JPM,UBS,,,
2026-03-28T12:08:01.190Z,market,trade,TESTE,100153.1372257136,115,,,,BTG,JPM,,,
2026-03-28T12:08:01.355Z,market,trade,TESTE,100153.2073877248,174,,,,BTG,MS,,,
2026-03-28T12:08:01.505Z,market,trade,TESTE,100160.35828465584,197,,,,UBS,CS,,,
2026-03-28T12:08:01.656Z,market,trade,TESTE,100164.3140985371,17,,,,CITI,BARCL,,,
2026-03-28T12:08:01.820Z,market,trade,TESTE,100160.44849551133,54,,,,JPM,MS,,,
2026-03-28T12:08:01.971Z,market,trade,TESTE,100153.40308911317,156,,,,UBS,CS,,,
2026-03-28T12:08:02.122Z,market,trade,TESTE,100159.18053563921,200,,,,MS,BTG,,,
2026-03-28T12:08:02.273Z,market,trade,TESTE,100148.78632660628,156,,,,MS,GOLDM,,,
2026-03-28T12:08:02.423Z,market,trade,TESTE,100150.9242544201,5,,,,XP,UBS,,,
2026-03-28T12:08:02.589Z,market,trade,TESTE,100155.15007149932,173,,,,ITAU,BTG,,,
2026-03-28T12:08:02.755Z,market,trade,TESTE,100164.4346604918,70,,,,JPM,BARCL,,,
2026-03-28T12:08:02.921Z,market,trade,TESTE,100164.50529685353,168,,,,JPM,XP,,,
2026-03-28T12:08:03.072Z,market,trade,TESTE,100167.31244833992,51,,,,BARCL,CITI,,,
2026-03-28T12:08:03.222Z,market,trade,TESTE,100165.56736386432,84,,,,MS,CS,,,
2026-03-28T12:08:03.374Z,market,trade,TESTE,100154.28071974247,148,,,,ITAU,MS,,,
2026-03-28T12:08:03.538Z,market,trade,TESTE,100158.32216129957,41,,,,ITAU,CS,,,
2026-03-28T12:08:03.695Z,market,trade,TESTE,100157.50989706292,145,,,,XP,JPM,,,
2026-03-28T12:08:03.855Z,market,trade,TESTE,100165.15680356845,165,,,,BTG,CITI,,,
2026-03-28T12:08:04.021Z,market,trade,TESTE,100152.92399395541,55,,,,MS,BTG,,,
2026-03-28T12:08:04.172Z,market,trade,TESTE,100164.5864920635,55,,,,UBS,XP,,,
2026-03-28T12:08:04.337Z,market,trade,TESTE,100168.87529048868,85,,,,BTG,GOLDM,,,
2026-03-28T12:08:04.489Z,market,trade,TESTE,100165.1247035964,112,,,,ITAU,JPM,,,
2026-03-28T12:08:04.655Z,market,trade,TESTE,100153.11658231434,41,,,,ITAU,UBS,,,
2026-03-28T12:08:04.806Z,market,trade,TESTE,100153.28754126353,74,,,,BARCL,ITAU,,,
2026-03-28T12:08:04.971Z,market,trade,TESTE,100156.48269563568,171,,,,ITAU,ITAU,,,
2026-03-28T12:08:05.129Z,market,trade,TESTE,100165.22911041642,169,,,,JPM,XP,,,
2026-03-28T12:08:05.290Z,market,trade,TESTE,100159.26332397119,8,,,,JPM,MS,,,
2026-03-28T12:08:05.446Z,market,trade,TESTE,100161.00042074748,187,,,,CS,UBS,,,
2026-03-28T12:08:05.607Z,market,trade,TESTE,100167.84264742059,132,,,,CS,UBS,,,
2026-03-28T12:08:05.765Z,market,trade,TESTE,100159.22362462727,115,,,,GOLDM,ITAU,,,
2026-03-28T12:08:05.921Z,market,trade,TESTE,100160.61349873288,57,,,,GOLDM,CITI,,,
2026-03-28T12:08:06.081Z,market,trade,TESTE,100165.75546241603,92,,,,CITI,CITI,,,
2026-03-28T12:08:06.237Z,market,trade,TESTE,100155.93478114675,16,,,,UBS,MS,,,
2026-03-28T12:08:06.389Z,market,trade,TESTE,100156.89134201297,99,,,,ITAU,XP,,,
2026-03-28T12:08:06.554Z,market,trade,TESTE,100167.86364161239,39,,,,XP,MS,,,
2026-03-28T12:08:06.706Z,market,trade,TESTE,100164.1861126079,118,,,,XP,BARCL,,,
2026-03-28T12:08:06.857Z,market,trade,TESTE,100164.10956165739,43,,,,CS,BARCL,,,
2026-03-28T12:08:07.022Z,market,trade,TESTE,100152.31657648875,8,,,,GOLDM,XP,,,
2026-03-28T12:08:07.178Z,market,trade,TESTE,100153.25677838761,125,,,,BTG,CS,,,
2026-03-28T12:08:07.333Z,market,trade,TESTE,100165.86363659737,166,,,,BTG,XP,,,
2026-03-28T12:08:07.488Z,market,trade,TESTE,100153.62574107105,7,,,,UBS,CITI,,,
2026-03-28T12:08:07.651Z,market,trade,TESTE,100162.23927292106,119,,,,GOLDM,BARCL,,,
2026-03-28T12:08:07.806Z,market,trade,TESTE,100150.73290219884,12,,,,CS,BARCL,,,
2026-03-28T12:08:07.960Z,market,trade,TESTE,100146.32222521177,124,,,,ITAU,UBS,,,
2026-03-28T12:08:08.112Z,market,trade,TESTE,100149.34633499246,163,,,,ITAU,JPM,,,
2026-03-28T12:08:08.268Z,market,trade,TESTE,100155.98812585158,87,,,,XP,JPM,,,
2026-03-28T12:08:08.423Z,market,trade,TESTE,100153.90256874537,64,,,,ITAU,BARCL,,,
2026-03-28T12:08:08.578Z,market,trade,TESTE,100142.57181990825,19,,,,CITI,MS,,,
2026-03-28T12:08:08.734Z,market,trade,TESTE,100153.3307708422,122,,,,GOLDM,BTG,,,
2026-03-28T12:08:08.887Z,market,trade,TESTE,100142.07956057265,80,,,,MS,GOLDM,,,
2026-03-28T12:08:09.048Z,market,trade,TESTE,100142.46854938506,15,,,,JPM,CS,,,
2026-03-28T12:08:09.202Z,market,trade,TESTE,100146.12315847074,196,,,,CS,MS,,,
2026-03-28T12:08:09.358Z,market,trade,TESTE,100156.7340582364,155,,,,JPM,UBS,,,
2026-03-28T12:08:09.517Z,market,trade,TESTE,100160.71639496165,140,,,,BARCL,ITAU,,,
2026-03-28T12:08:09.670Z,market,trade,TESTE,100153.70891659152,146,,,,CITI,XP,,,
2026-03-28T12:08:09.825Z,market,trade,TESTE,100162.29696430184,165,,,,GOLDM,ITAU,,,
2026-03-28T12:08:09.984Z,market,trade,TESTE,100156.90470665481,101,,,,BARCL,BARCL,,,
2026-03-28T12:08:10.141Z,market,trade,TESTE,100158.38607319102,153,,,,ITAU,XP,,,
2026-03-28T12:08:10.296Z,market,trade,TESTE,100158.80480345206,140,,,,XP,XP,,,
2026-03-28T12:08:10.451Z,market,trade,TESTE,100170.76719518958,172,,,,CS,BTG,,,
2026-03-28T12:08:10.605Z,market,trade,TESTE,100168.75007729024,47,,,,BARCL,MS,,,
2026-03-28T12:08:10.769Z,market,trade,TESTE,100162.17812895661,71,,,,UBS,CS,,,
2026-03-28T12:08:10.922Z,market,trade,TESTE,100172.06209004662,184,,,,CS,GOLDM,,,
2026-03-28T12:08:11.077Z,market,trade,TESTE,100168.38943079782,179,,,,BTG,MS,,,
2026-03-28T12:08:11.237Z,market,trade,TESTE,100167.7784584996,183,,,,BTG,JPM,,,
2026-03-28T12:08:11.391Z,market,trade,TESTE,100167.36023552438,58,,,,CITI,CITI,,,
2026-03-28T12:08:11.544Z,market,trade,TESTE,100165.39123911309,99,,,,XP,JPM,,,
2026-03-28T12:08:11.699Z,market,trade,TESTE,100157.15681952793,91,,,,MS,GOLDM,,,
2026-03-28T12:08:11.854Z,market,trade,TESTE,100171.01833776351,92,,,,JPM,BTG,,,
2026-03-28T12:08:12.018Z,market,trade,TESTE,100172.4970331665,43,,,,BARCL,XP,,,
2026-03-28T12:08:12.171Z,market,trade,TESTE,100159.01269210389,170,,,,BARCL,CS,,,
2026-03-28T12:08:12.323Z,market,trade,TESTE,100154.65513050088,134,,,,UBS,GOLDM,,,
2026-03-28T12:08:12.475Z,market,trade,TESTE,100164.30541621125,127,,,,XP,JPM,,,
2026-03-28T12:08:12.630Z,market,trade,TESTE,100166.55851592393,20,,,,UBS,CS,,,
2026-03-28T12:08:12.785Z,market,trade,TESTE,100163.61834715356,11,,,,CITI,BARCL,,,
2026-03-28T12:08:12.940Z,market,trade,TESTE,100152.24779904797,84,,,,CS,GOLDM,,,
2026-03-28T12:08:13.098Z,market,trade,TESTE,100149.2634390481,194,,,,GOLDM,GOLDM,,,
2026-03-28T12:08:13.253Z,market,trade,TESTE,100161.75207472799,97,,,,GOLDM,XP,,,
2026-03-28T12:08:13.409Z,market,trade,TESTE,100165.37751389157,106,,,,GOLDM,JPM,,,
2026-03-28T12:08:13.565Z,market,trade,TESTE,100159.90358127552,63,,,,CS,MS,,,
2026-03-28T12:08:13.720Z,market,trade,TESTE,100173.03987753313,193,,,,GOLDM,MS,,,
2026-03-28T12:08:13.875Z,market,trade,TESTE,100176.85658725645,125,,,,MS,UBS,,,
2026-03-28T12:08:14.040Z,market,trade,TESTE,100162.63081418733,109,,,,CS,XP,,,
2026-03-28T12:08:14.192Z,market,trade,TESTE,100175.73389765475,58,,,,CITI,JPM,,,
2026-03-28T12:08:14.353Z,market,trade,TESTE,100164.88645321471,128,,,,BARCL,JPM,,,
2026-03-28T12:08:14.504Z,market,trade,TESTE,100164.46594274699,197,,,,XP,XP,,,
2026-03-28T12:08:14.654Z,market,trade,TESTE,100161.6649467963,181,,,,XP,GOLDM,,,
2026-03-28T12:08:14.815Z,market,trade,TESTE,100168.45577438833,164,,,,BARCL,BARCL,,,
2026-03-28T12:08:14.968Z,market,trade,TESTE,100163.18233855776,163,,,,GOLDM,MS,,,
2026-03-28T12:08:15.132Z,market,trade,TESTE,100172.92165808374,133,,,,BARCL,UBS,,,
2026-03-28T12:08:15.287Z,market,trade,TESTE,100172.95609912455,125,,,,UBS,CS,,,
2026-03-28T12:08:15.441Z,market,trade,TESTE,100165.67213550248,16,,,,CS,BTG,,,
2026-03-28T12:08:15.596Z,market,trade,TESTE,100161.47493123429,122,,,,JPM,CS,,,
2026-03-28T12:08:15.750Z,market,trade,TESTE,100169.79688940351,89,,,,GOLDM,XP,,,
2026-03-28T12:08:15.903Z,market,trade,TESTE,100164.9655243339,156,,,,UBS,MS,,,
2026-03-28T12:08:16.060Z,market,trade,TESTE,100155.44542598478,191,,,,BARCL,JPM,,,
2026-03-28T12:08:16.214Z,market,trade,TESTE,100158.75364343799,67,,,,BTG,XP,,,
2026-03-28T12:08:16.364Z,market,trade,TESTE,100172.36951471496,173,,,,BARCL,XP,,,
2026-03-28T12:08:16.521Z,market,trade,TESTE,100171.87301991193,86,,,,CS,BTG,,,
2026-03-28T12:08:16.678Z,market,trade,TESTE,100163.36947892448,138,,,,ITAU,BARCL,,,
2026-03-28T12:08:16.832Z,market,trade,TESTE,100173.69641044302,119,,,,JPM,BARCL,,,
2026-03-28T12:08:16.988Z,market,trade,TESTE,100175.60280141271,14,,,,UBS,GOLDM,,,
2026-03-28T12:08:17.152Z,market,trade,TESTE,100164.37798477134,177,,,,BTG,XP,,,
2026-03-28T12:08:17.316Z,market,trade,TESTE,100161.60004000795,81,,,,UBS,BARCL,,,
2026-03-28T12:08:17.471Z,market,trade,TESTE,100163.20021858954,189,,,,JPM,BTG,,,
2026-03-28T12:08:17.628Z,market,trade,TESTE,100159.58728966325,85,,,,ITAU,BARCL,,,
2026-03-28T12:08:17.783Z,market,trade,TESTE,100160.8806669751,200,,,,XP,CITI,,,
2026-03-28T12:08:17.937Z,market,trade,TESTE,100173.26399326083,56,,,,GOLDM,JPM,,,
2026-03-28T12:08:18.091Z,market,trade,TESTE,100158.87121029051,142,,,,UBS,CS,,,
2026-03-28T12:08:18.249Z,market,trade,TESTE,100172.12504776182,194,,,,CS,BARCL,,,
2026-03-28T12:08:18.405Z,market,trade,TESTE,100169.2776891757,23,,,,ITAU,BARCL,,,
2026-03-28T12:08:18.559Z,market,trade,TESTE,100156.71816591879,164,,,,CITI,CITI,,,
2026-03-28T12:08:18.712Z,market,trade,TESTE,100156.74100001865,78,,,,XP,MS,,,
2026-03-28T12:08:18.865Z,market,trade,TESTE,100167.6912678943,107,,,,UBS,UBS,,,
2026-03-28T12:08:19.021Z,market,trade,TESTE,100171.48967093183,96,,,,MS,ITAU,,,
2026-03-28T12:08:19.183Z,market,trade,TESTE,100176.39690069329,149,,,,ITAU,JPM,,,
2026-03-28T12:08:19.335Z,market,trade,TESTE,100173.44804390018,181,,,,BARCL,XP,,,
2026-03-28T12:08:19.488Z,market,trade,TESTE,100174.10736294143,198,,,,BARCL,JPM,,,
2026-03-28T12:08:19.645Z,market,trade,TESTE,100159.97466343465,140,,,,CS,GOLDM,,,
2026-03-28T12:08:19.803Z,market,trade,TESTE,100169.99202909238,48,,,,MS,UBS,,,
2026-03-28T12:08:19.957Z,market,trade,TESTE,100163.4759989181,107,,,,CS,JPM,,,
2026-03-28T12:08:20.120Z,market,trade,TESTE,100172.69626033712,101,,,,JPM,GOLDM,,,
2026-03-28T12:08:20.274Z,market,trade,TESTE,100160.10958282398,122,,,,CS,ITAU,,,
2026-03-28T12:08:20.429Z,market,trade,TESTE,100167.50167307288,172,,,,CS,JPM,,,
2026-03-28T12:08:20.584Z,market,trade,TESTE,100157.57155541901,77,,,,GOLDM,UBS,,,
2026-03-28T12:08:20.740Z,market,trade,TESTE,100156.71056336597,99,,,,GOLDM,JPM,,,
2026-03-28T12:08:20.895Z,market,trade,TESTE,100167.2146148121,53,,,,CITI,UBS,,,
2026-03-28T12:08:21.048Z,market,trade,TESTE,100160.91934881364,46,,,,BARCL,XP,,,
2026-03-28T12:08:21.204Z,market,trade,TESTE,100170.53198638742,89,,,,BTG,JPM,,,
2026-03-28T12:08:21.358Z,market,trade,TESTE,100161.62145502912,111,,,,GOLDM,MS,,,
2026-03-28T12:08:21.519Z,market,trade,TESTE,100166.74445877768,82,,,,ITAU,GOLDM,,,
2026-03-28T12:08:21.680Z,market,trade,TESTE,100158.78186399752,153,,,,CS,BARCL,,,
2026-03-28T12:08:21.833Z,market,trade,TESTE,100154.67288923264,161,,,,BTG,MS,,,
2026-03-28T12:08:21.990Z,market,trade,TESTE,100155.47965257718,103,,,,MS,JPM,,,
2026-03-28T12:08:22.147Z,market,trade,TESTE,100150.77287950618,122,,,,XP,BTG,,,
2026-03-28T12:08:22.303Z,market,trade,TESTE,100150.73204237642,9,,,,XP,MS,,,
2026-03-28T12:08:22.459Z,market,trade,TESTE,100155.83422872477,72,,,,XP,UBS,,,
2026-03-28T12:08:22.613Z,market,trade,TESTE,100147.27488323822,26,,,,CITI,GOLDM,,,
2026-03-28T12:08:22.769Z,market,trade,TESTE,100156.59099972526,45,,,,JPM,XP,,,
2026-03-28T12:08:22.923Z,market,trade,TESTE,100142.67719730934,147,,,,JPM,CS,,,
2026-03-28T12:08:23.078Z,market,trade,TESTE,100155.95068190592,55,,,,JPM,XP,,,
2026-03-28T12:08:23.233Z,market,trade,TESTE,100143.53187348733,86,,,,UBS,GOLDM,,,
2026-03-28T12:08:23.393Z,market,trade,TESTE,100144.75513075264,72,,,,CS,CITI,,,
2026-03-28T12:08:23.549Z,market,trade,TESTE,100143.47294861343,106,,,,UBS,BTG,,,
2026-03-28T12:08:23.706Z,market,trade,TESTE,100156.22878059174,39,,,,BARCL,CITI,,,
2026-03-28T12:08:23.862Z,market,trade,TESTE,100144.2535733486,93,,,,BTG,BARCL,,,
2026-03-28T12:08:24.018Z,market,trade,TESTE,100144.52160018106,113,,,,XP,CITI,,,
2026-03-28T12:08:24.175Z,market,trade,TESTE,100145.34458392164,135,,,,MS,CS,,,
2026-03-28T12:08:24.331Z,market,trade,TESTE,100159.91721471684,74,,,,UBS,CITI,,,
2026-03-28T12:08:24.483Z,market,trade,TESTE,100156.28754911563,17,,,,ITAU,BARCL,,,
2026-03-28T12:08:24.636Z,market,trade,TESTE,100147.86816619031,162,,,,CITI,CITI,,,
2026-03-28T12:08:24.791Z,market,trade,TESTE,100155.9541973965,175,,,,MS,BTG,,,
2026-03-28T12:08:24.951Z,market,trade,TESTE,100145.8213581796,10,,,,MS,CS,,,
2026-03-28T12:08:25.106Z,market,trade,TESTE,100147.96316219965,139,,,,BARCL,BARCL,,,
2026-03-28T12:08:25.258Z,market,trade,TESTE,100156.66341708938,169,,,,GOLDM,CS,,,
2026-03-28T12:08:25.414Z,market,trade,TESTE,100159.64302870362,133,,,,XP,UBS,,,
2026-03-28T12:08:25.568Z,market,trade,TESTE,100163.49785325091,57,,,,BTG,CS,,,
2026-03-28T12:08:25.723Z,market,trade,TESTE,100149.63019467525,24,,,,JPM,CITI,,,
2026-03-28T12:08:25.888Z,market,trade,TESTE,100145.11805890033,111,,,,XP,XP,,,
2026-03-28T12:08:26.044Z,market,trade,TESTE,100140.19869560485,85,,,,BARCL,JPM,,,
2026-03-28T12:08:26.199Z,market,trade,TESTE,100141.77439007667,93,,,,GOLDM,BTG,,,
2026-03-28T12:08:26.354Z,market,trade,TESTE,100153.24456209573,187,,,,JPM,BTG,,,
2026-03-28T12:08:26.509Z,market,trade,TESTE,100143.53467506748,106,,,,JPM,BTG,,,
2026-03-28T12:08:26.706Z,market,trade,TESTE,100139.20520166442,40,,,,GOLDM,MS,,,
2026-03-28T12:08:26.864Z,market,trade,TESTE,100140.53865258994,180,,,,CS,GOLDM,,,
2026-03-28T12:08:27.021Z,market,trade,TESTE,100147.36490553146,82,,,,MS,CITI,,,
2026-03-28T12:08:27.173Z,market,trade,TESTE,100139.7303699566,24,,,,GOLDM,BARCL,,,
2026-03-28T12:08:27.326Z,market,trade,TESTE,100147.66051410462,111,,,,MS,BTG,,,
2026-03-28T12:08:27.488Z,market,trade,TESTE,100140.8256514649,79,,,,CITI,UBS,,,
2026-03-28T12:08:27.652Z,market,trade,TESTE,100146.26791151681,26,,,,CITI,CITI,,,
2026-03-28T12:08:27.806Z,market,trade,TESTE,100132.57978051333,162,,,,CITI,UBS,,,
2026-03-28T12:08:27.965Z,market,trade,TESTE,100147.51288570157,108,,,,ITAU,ITAU,,,
2026-03-28T12:08:28.123Z,market,trade,TESTE,100140.28398935549,22,,,,XP,UBS,,,
2026-03-28T12:08:28.277Z,market,trade,TESTE,100140.02178276672,168,,,,UBS,ITAU,,,
2026-03-28T12:08:28.433Z,market,trade,TESTE,100144.52176451779,154,,,,BARCL,MS,,,
2026-03-28T12:08:28.586Z,market,trade,TESTE,100142.11476236994,169,,,,XP,GOLDM,,,
2026-03-28T12:08:28.738Z,market,trade,TESTE,100155.30023209899,96,,,,CITI,MS,,,
2026-03-28T12:08:28.892Z,market,trade,TESTE,100148.3222545657,188,,,,ITAU,BTG,,,
2026-03-28T12:08:29.050Z,market,trade,TESTE,100146.80587781449,131,,,,ITAU,CS,,,
2026-03-28T12:08:29.203Z,market,trade,TESTE,100144.50418596811,186,,,,BTG,MS,,,
2026-03-28T12:08:29.356Z,market,trade,TESTE,100142.14335713792,88,,,,UBS,MS,,,
2026-03-28T12:08:29.518Z,market,trade,TESTE,100142.21550915774,8,,,,GOLDM,GOLDM,,,
2026-03-28T12:08:29.674Z,market,trade,TESTE,100138.80649836575,44,,,,GOLDM,XP,,,
2026-03-28T12:08:29.828Z,market,trade,TESTE,100145.90364626664,97,,,,GOLDM,ITAU,,,
2026-03-28T12:08:29.989Z,market,trade,TESTE,100146.27624861158,17,,,,MS,UBS,,,
2026-03-28T12:08:30.156Z,market,trade,TESTE,100141.01923285023,10,,,,CITI,XP,,,
2026-03-28T12:08:30.321Z,market,trade,TESTE,100146.05031667638,75,,,,CITI,CITI,,,
2026-03-28T12:08:30.474Z,market,trade,TESTE,100142.54635965724,169,,,,MS,UBS,,,
2026-03-28T12:08:30.638Z,market,trade,TESTE,100135.35435248744,131,,,,BTG,ITAU,,,
2026-03-28T12:08:30.789Z,market,trade,TESTE,100148.91520863003,191,,,,ITAU,JPM,,,
2026-03-28T12:08:30.941Z,market,trade,TESTE,100150.34467205926,54,,,,BARCL,ITAU,,,
2026-03-28T12:08:31.104Z,market,trade,TESTE,100139.9757866477,181,,,,GOLDM,BTG,,,
2026-03-28T12:08:31.267Z,market,trade,TESTE,100152.9759833879,133,,,,BTG,JPM,,,
2026-03-28T12:08:31.419Z,market,trade,TESTE,100156.60590420719,139,,,,BTG,CITI,,,
2026-03-28T12:08:31.571Z,market,trade,TESTE,100156.14081099395,122,,,,CS,BTG,,,
2026-03-28T12:08:31.722Z,market,trade,TESTE,100147.28208438815,33,,,,BTG,XP,,,
2026-03-28T12:08:31.883Z,market,trade,TESTE,100146.07403858675,78,,,,UBS,UBS,,,
2026-03-28T12:08:32.036Z,market,trade,TESTE,100148.15017082887,80,,,,BARCL,ITAU,,,
2026-03-28T12:08:32.192Z,market,trade,TESTE,100162.16532802777,88,,,,CS,CS,,,
2026-03-28T12:08:32.354Z,market,trade,TESTE,100155.15684693583,121,,,,UBS,ITAU,,,
2026-03-28T12:08:32.505Z,market,trade,TESTE,100167.45418566398,157,,,,JPM,MS,,,
2026-03-28T12:08:32.668Z,market,trade,TESTE,100163.97534234174,111,,,,UBS,ITAU,,,
2026-03-28T12:08:32.821Z,market,trade,TESTE,100163.63744629467,116,,,,CS,CS,,,
2026-03-28T12:08:32.972Z,market,trade,TESTE,100151.72165098842,191,,,,GOLDM,GOLDM,,,
2026-03-28T12:08:33.138Z,market,trade,TESTE,100160.11952566601,73,,,,CITI,CS,,,
2026-03-28T12:08:33.291Z,market,trade,TESTE,100162.35911351048,114,,,,BARCL,GOLDM,,,
2026-03-28T12:08:33.447Z,market,trade,TESTE,100150.50713397888,40,,,,UBS,BTG,,,
2026-03-28T12:08:33.603Z,market,trade,TESTE,100156.40795463312,106,,,,XP,CITI,,,
2026-03-28T12:08:33.768Z,market,trade,TESTE,100155.23154481818,23,,,,BARCL,UBS,,,
2026-03-28T12:08:33.923Z,market,trade,TESTE,100148.97768722357,170,,,,MS,CITI,,,
2026-03-28T12:08:34.081Z,market,trade,TESTE,100162.19649456479,170,,,,JPM,BARCL,,,
2026-03-28T12:08:34.237Z,market,trade,TESTE,100149.6094789643,52,,,,MS,ITAU,,,
2026-03-28T12:08:34.394Z,market,trade,TESTE,100164.4887592288,76,,,,BARCL,ITAU,,,
2026-03-28T12:08:34.547Z,market,trade,TESTE,100160.34850070674,112,,,,BTG,GOLDM,,,
2026-03-28T12:08:34.701Z,market,trade,TESTE,100145.60433740547,200,,,,XP,JPM,,,
2026-03-28T12:08:34.855Z,market,trade,TESTE,100146.89849666451,191,,,,ITAU,XP,,,
2026-03-28T12:08:35.010Z,market,trade,TESTE,100148.96499291583,104,,,,JPM,CS,,,
2026-03-28T12:08:35.166Z,market,trade,TESTE,100158.57423496562,155,,,,CITI,CS,,,
2026-03-28T12:08:35.321Z,market,trade,TESTE,100153.33881184057,192,,,,GOLDM,CITI,,,
2026-03-28T12:08:35.485Z,market,trade,TESTE,100152.4159268303,107,,,,CITI,BTG,,,
2026-03-28T12:08:35.640Z,market,trade,TESTE,100161.10011543058,57,,,,MS,BTG,,,
2026-03-28T12:08:35.797Z,market,trade,TESTE,100161.85192201177,114,,,,GOLDM,XP,,,
2026-03-28T12:08:35.954Z,market,trade,TESTE,100160.17479058995,162,,,,GOLDM,XP,,,
2026-03-28T12:08:36.106Z,market,trade,TESTE,100148.24136064903,42,,,,CS,ITAU,,,
2026-03-28T12:08:36.258Z,market,trade,TESTE,100158.00160659707,133,,,,GOLDM,CITI,,,
2026-03-28T12:08:36.416Z,market,trade,TESTE,100150.45701365359,30,,,,XP,CITI,,,
2026-03-28T12:08:36.568Z,market,trade,TESTE,100150.43139803097,196,,,,GOLDM,BARCL,,,
2026-03-28T12:08:36.722Z,market,trade,TESTE,100156.54947305607,117,,,,BARCL,XP,,,
2026-03-28T12:08:36.878Z,market,trade,TESTE,100157.71563586936,63,,,,ITAU,ITAU,,,
2026-03-28T12:08:37.033Z,market,trade,TESTE,100153.46142627051,52,,,,XP,XP,,,
2026-03-28T12:08:37.188Z,market,trade,TESTE,100140.38544750877,49,,,,GOLDM,CITI,,,
2026-03-28T12:08:37.344Z,market,trade,TESTE,100151.05160190102,198,,,,BARCL,GOLDM,,,
2026-03-28T12:08:37.501Z,market,trade,TESTE,100152.84501006489,122,,,,BARCL,BTG,,,
2026-03-28T12:08:37.656Z,market,trade,TESTE,100145.09041495953,162,,,,GOLDM,JPM,,,
2026-03-28T12:08:37.820Z,market,trade,TESTE,100150.14908961029,91,,,,ITAU,ITAU,,,
2026-03-28T12:08:37.971Z,market,trade,TESTE,100139.17885633218,172,,,,UBS,BTG,,,
2026-03-28T12:08:38.136Z,market,trade,TESTE,100145.1136829724,85,,,,JPM,MS,,,
2026-03-28T12:08:38.291Z,market,trade,TESTE,100134.94419823063,91,,,,BTG,GOLDM,,,
2026-03-28T12:08:38.449Z,market,trade,TESTE,100145.0946421624,64,,,,ITAU,CS,,,
2026-03-28T12:08:38.607Z,market,trade,TESTE,100141.90223282932,126,,,,XP,ITAU,,,
2026-03-28T12:08:38.761Z,market,trade,TESTE,100139.70666895818,111,,,,GOLDM,GOLDM,,,
2026-03-28T12:08:38.918Z,market,trade,TESTE,100124.99820208378,62,,,,CS,CS,,,
2026-03-28T12:08:39.070Z,market,trade,TESTE,100135.49204544172,155,,,,BTG,BTG,,,
2026-03-28T12:08:39.224Z,market,trade,TESTE,100124.80597724118,120,,,,JPM,CS,,,
2026-03-28T12:08:39.387Z,market,trade,TESTE,100138.65553985824,71,,,,BARCL,UBS,,,
2026-03-28T12:08:39.539Z,market,trade,TESTE,100136.01880497491,72,,,,UBS,UBS,,,
2026-03-28T12:08:39.697Z,market,trade,TESTE,100132.80123119839,129,,,,BTG,BARCL,,,
2026-03-28T12:08:39.854Z,market,trade,TESTE,100137.52245085847,104,,,,XP,JPM,,,
2026-03-28T12:08:40.017Z,market,trade,TESTE,100129.05147941671,81,,,,GOLDM,CS,,,
2026-03-28T12:08:40.181Z,market,trade,TESTE,100141.75075313017,17,,,,MS,BTG,,,
2026-03-28T12:08:40.339Z,market,trade,TESTE,100128.3754227863,178,,,,BTG,JPM,,,
2026-03-28T12:08:40.495Z,market,trade,TESTE,100128.32338195991,66,,,,BARCL,BTG,,,
2026-03-28T12:08:40.651Z,market,trade,TESTE,100124.56836499421,131,,,,JPM,UBS,,,
2026-03-28T12:08:40.806Z,market,trade,TESTE,100125.86780590509,79,,,,CITI,CS,,,
2026-03-28T12:08:40.962Z,market,trade,TESTE,100138.01898793217,93,,,,BARCL,XP,,,
2026-03-28T12:08:41.116Z,market,trade,TESTE,100137.30378654496,13,,,,UBS,CS,,,
2026-03-28T12:08:41.271Z,market,trade,TESTE,100127.07623904437,166,,,,BTG,XP,,,
2026-03-28T12:08:41.425Z,market,trade,TESTE,100123.52534119783,8,,,,UBS,BTG,,,
2026-03-28T12:08:41.581Z,market,trade,TESTE,100125.57951229879,147,,,,ITAU,UBS,,,
2026-03-28T12:08:41.736Z,market,trade,TESTE,100134.66245082513,136,,,,BARCL,XP,,,
2026-03-28T12:08:41.891Z,market,trade,TESTE,100131.2526386122,121,,,,XP,ITAU,,,
2026-03-28T12:08:42.043Z,market,trade,TESTE,100131.37154232187,42,,,,ITAU,XP,,,
2026-03-28T12:08:42.198Z,market,trade,TESTE,100126.5593743812,183,,,,GOLDM,ITAU,,,
2026-03-28T12:08:42.353Z,market,trade,TESTE,100130.03045909354,13,,,,JPM,ITAU,,,
2026-03-28T12:08:42.510Z,market,trade,TESTE,100127.55895209167,99,,,,CS,XP,,,
2026-03-28T12:08:42.664Z,market,trade,TESTE,100122.64206581599,91,,,,UBS,UBS,,,
2026-03-28T12:08:42.822Z,market,trade,TESTE,100113.68191121859,6,,,,ITAU,BARCL,,,
2026-03-28T12:08:42.977Z,market,trade,TESTE,100113.05998433307,116,,,,JPM,MS,,,
2026-03-28T12:08:43.134Z,market,trade,TESTE,100114.25409912731,149,,,,UBS,BARCL,,,
2026-03-28T12:08:43.291Z,market,trade,TESTE,100127.53641188484,135,,,,XP,JPM,,,
2026-03-28T12:08:43.444Z,market,trade,TESTE,100113.05272047408,82,,,,MS,GOLDM,,,
2026-03-28T12:08:43.600Z,market,trade,TESTE,100119.36678393607,191,,,,BARCL,ITAU,,,
2026-03-28T12:08:43.754Z,market,trade,TESTE,100104.80710871727,122,,,,GOLDM,MS,,,
2026-03-28T12:08:43.911Z,market,trade,TESTE,100104.13029181515,8,,,,BARCL,JPM,,,
2026-03-28T12:08:44.068Z,market,trade,TESTE,100101.63909906532,77,,,,XP,MS,,,
2026-03-28T12:08:44.218Z,market,trade,TESTE,100099.51425846787,150,,,,ITAU,GOLDM,,,
2026-03-28T12:08:44.373Z,market,trade,TESTE,100099.45263264459,7,,,,BTG,CS,,,
2026-03-28T12:08:44.537Z,market,trade,TESTE,100104.86152424756,110,,,,XP,XP,,,
2026-03-28T12:08:44.688Z,market,trade,TESTE,100090.20786601969,70,,,,UBS,GOLDM,,,
2026-03-28T12:08:44.843Z,market,trade,TESTE,100091.23039356037,159,,,,MS,JPM,,,
2026-03-28T12:08:44.999Z,market,trade,TESTE,100100.14787566283,8,,,,GOLDM,MS,,,
2026-03-28T12:08:45.154Z,market,trade,TESTE,100101.44000162621,123,,,,MS,CITI,,,
2026-03-28T12:08:45.307Z,market,trade,TESTE,100097.26932034083,115,,,,BTG,CITI,,,
2026-03-28T12:08:45.461Z,market,trade,TESTE,100094.19959529431,132,,,,MS,ITAU,,,
2026-03-28T12:08:45.621Z,market,trade,TESTE,100094.56438706818,62,,,,BTG,MS,,,
2026-03-28T12:08:45.776Z,market,trade,TESTE,100092.32167474645,46,,,,ITAU,ITAU,,,
2026-03-28T12:08:45.931Z,market,trade,TESTE,100096.89777338869,104,,,,BARCL,CITI,,,
2026-03-28T12:08:46.086Z,market,trade,TESTE,100082.87004203303,26,,,,XP,BTG,,,
2026-03-28T12:08:46.241Z,market,trade,TESTE,100088.79976189038,78,,,,XP,UBS,,,
2026-03-28T12:08:46.399Z,market,trade,TESTE,100077.8572341329,12,,,,BTG,CS,,,
2026-03-28T12:08:46.556Z,market,trade,TESTE,100086.11761529128,8,,,,MS,MS,,,
2026-03-28T12:08:46.710Z,market,trade,TESTE,100085.73256854233,78,,,,CITI,BTG,,,
2026-03-28T12:08:46.866Z,market,trade,TESTE,100083.35933223045,180,,,,XP,CS,,,
2026-03-28T12:08:47.019Z,market,trade,TESTE,100080.87694213341,43,,,,XP,JPM,,,
2026-03-28T12:08:47.175Z,market,trade,TESTE,100067.88486588106,125,,,,ITAU,JPM,,,
2026-03-28T12:08:47.328Z,market,trade,TESTE,100077.64171746322,24,,,,BARCL,BARCL,,,
2026-03-28T12:08:47.482Z,market,trade,TESTE,100073.91412052183,131,,,,CITI,XP,,,
2026-03-28T12:08:47.637Z,market,trade,TESTE,100076.96579461315,184,,,,UBS,CITI,,,
2026-03-28T12:08:47.793Z,market,trade,TESTE,100071.4727910426,80,,,,GOLDM,JPM,,,
2026-03-28T12:08:47.949Z,market,trade,TESTE,100073.25406889876,155,,,,BTG,GOLDM,,,
2026-03-28T12:08:48.104Z,market,trade,TESTE,100070.75678230911,72,,,,CITI,BTG,,,
2026-03-28T12:08:48.261Z,market,trade,TESTE,100085.33660738796,87,,,,BARCL,MS,,,
2026-03-28T12:08:48.416Z,market,trade,TESTE,100078.72828530266,142,,,,UBS,CS,,,
2026-03-28T12:08:48.573Z,market,trade,TESTE,100079.37597294597,22,,,,MS,UBS,,,
2026-03-28T12:08:48.729Z,market,trade,TESTE,100077.34809171267,173,,,,CS,JPM,,,
2026-03-28T12:08:48.885Z,market,trade,TESTE,100083.9739509,165,,,,MS,BTG,,,
2026-03-28T12:08:49.039Z,market,trade,TESTE,100069.75055780151,200,,,,XP,GOLDM,,,
2026-03-28T12:08:49.203Z,market,trade,TESTE,100075.19593124666,177,,,,CITI,CITI,,,
2026-03-28T12:08:49.368Z,market,trade,TESTE,100075.39745744462,6,,,,JPM,CS,,,
2026-03-28T12:08:49.519Z,market,trade,TESTE,100066.11282766075,95,,,,UBS,ITAU,,,
2026-03-28T12:08:49.683Z,market,trade,TESTE,100064.99976779759,184,,,,BARCL,UBS,,,
2026-03-28T12:08:49.837Z,market,trade,TESTE,100069.19156306417,122,,,,GOLDM,CITI,,,
2026-03-28T12:08:50.003Z,market,trade,TESTE,100080.95383826634,22,,,,BARCL,BTG,,,
2026-03-28T12:08:50.157Z,market,trade,TESTE,100077.82733353644,120,,,,XP,ITAU,,,
2026-03-28T12:08:50.315Z,market,trade,TESTE,100080.35903188244,167,,,,BARCL,CITI,,,
2026-03-28T12:08:50.466Z,market,trade,TESTE,100079.43488000245,54,,,,MS,MS,,,
2026-03-28T12:08:50.622Z,market,trade,TESTE,100065.78758791249,72,,,,ITAU,UBS,,,
2026-03-28T12:08:50.778Z,market,trade,TESTE,100064.22986799187,192,,,,ITAU,GOLDM,,,
2026-03-28T12:08:50.932Z,market,trade,TESTE,100071.35805998463,173,,,,JPM,JPM,,,
2026-03-28T12:08:51.086Z,market,trade,TESTE,100061.39428695818,34,,,,UBS,XP,,,
2026-03-28T12:08:51.250Z,market,trade,TESTE,100062.51376235274,13,,,,CS,CITI,,,
2026-03-28T12:08:51.405Z,market,trade,TESTE,100060.70474254932,46,,,,BARCL,CS,,,
2026-03-28T12:08:51.561Z,market,trade,TESTE,100056.60859857836,123,,,,XP,BARCL,,,
2026-03-28T12:08:51.716Z,market,trade,TESTE,100053.07400153314,144,,,,XP,MS,,,
2026-03-28T12:08:51.873Z,market,trade,TESTE,100053.78994170653,199,,,,XP,CS,,,
2026-03-28T12:08:52.028Z,market,trade,TESTE,100066.17888739951,80,,,,JPM,ITAU,,,
2026-03-28T12:08:52.187Z,market,trade,TESTE,100069.16602185088,177,,,,MS,ITAU,,,
2026-03-28T12:08:52.349Z,market,trade,TESTE,100064.1417312912,171,,,,BARCL,CITI,,,
2026-03-28T12:08:52.504Z,market,trade,TESTE,100064.40015946332,60,,,,JPM,JPM,,,
2026-03-28T12:08:52.658Z,market,trade,TESTE,100067.56057416879,127,,,,JPM,JPM,,,
2026-03-28T12:08:52.813Z,market,trade,TESTE,100068.54610596818,42,,,,GOLDM,CITI,,,
2026-03-28T12:08:52.969Z,market,trade,TESTE,100067.11505607323,94,,,,ITAU,BTG,,,
2026-03-28T12:08:53.121Z,market,trade,TESTE,100066.03599378344,197,,,,CS,CS,,,
2026-03-28T12:08:53.278Z,market,trade,TESTE,100069.7300774131,99,,,,BTG,XP,,,
2026-03-28T12:08:53.433Z,market,trade,TESTE,100065.59095986291,75,,,,MS,GOLDM,,,
2026-03-28T12:08:53.591Z,market,trade,TESTE,100064.53952413888,167,,,,XP,MS,,,
2026-03-28T12:08:53.750Z,market,trade,TESTE,100075.8323270709,51,,,,CITI,JPM,,,
2026-03-28T12:08:53.904Z,market,trade,TESTE,100064.98342298515,113,,,,MS,XP,,,
2026-03-28T12:08:54.060Z,market,trade,TESTE,100065.48054741,188,,,,MS,CITI,,,
2026-03-28T12:08:54.219Z,market,trade,TESTE,100078.78727134275,18,,,,BARCL,CITI,,,
2026-03-28T12:08:54.373Z,market,trade,TESTE,100073.38286088845,174,,,,XP,BARCL,,,
2026-03-28T12:08:54.527Z,market,trade,TESTE,100076.93484691868,169,,,,CITI,BARCL,,,
2026-03-28T12:08:54.689Z,market,trade,TESTE,100079.69806745961,9,,,,XP,JPM,,,
2026-03-28T12:08:54.846Z,market,trade,TESTE,100091.91803666425,37,,,,BARCL,GOLDM,,,
2026-03-28T12:08:55.004Z,market,trade,TESTE,100080.49198815136,200,,,,JPM,ITAU,,,
2026-03-28T12:08:55.156Z,market,trade,TESTE,100081.95473982794,64,,,,XP,XP,,,
2026-03-28T12:08:55.313Z,market,trade,TESTE,100081.83353140869,144,,,,MS,UBS,,,
2026-03-28T12:08:55.468Z,market,trade,TESTE,100083.00924443043,54,,,,UBS,BARCL,,,
2026-03-28T12:08:55.622Z,market,trade,TESTE,100094.16381328747,89,,,,MS,XP,,,
2026-03-28T12:08:55.787Z,market,trade,TESTE,100082.63984655417,98,,,,UBS,CS,,,
2026-03-28T12:08:55.939Z,market,trade,TESTE,100092.09831807023,50,,,,BTG,BTG,,,
2026-03-28T12:08:56.092Z,market,trade,TESTE,100083.63888161464,12,,,,BARCL,CITI,,,
2026-03-28T12:08:56.246Z,market,trade,TESTE,100094.99551331633,87,,,,MS,GOLDM,,,
2026-03-28T12:08:56.399Z,market,trade,TESTE,100092.22454711863,93,,,,JPM,JPM,,,
2026-03-28T12:08:56.556Z,market,trade,TESTE,100089.6531129386,195,,,,XP,BTG,,,
2026-03-28T12:08:56.711Z,market,trade,TESTE,100080.06766322991,41,,,,CITI,ITAU,,,
2026-03-28T12:08:56.865Z,market,trade,TESTE,100084.0440244853,157,,,,BARCL,GOLDM,,,
2026-03-28T12:08:57.023Z,market,trade,TESTE,100098.97105730062,143,,,,BTG,BARCL,,,
2026-03-28T12:08:57.179Z,market,trade,TESTE,100100.75583658219,28,,,,BARCL,CITI,,,
2026-03-28T12:08:57.334Z,market,trade,TESTE,100105.09192168777,131,,,,UBS,MS,,,
2026-03-28T12:08:57.491Z,market,trade,TESTE,100101.68063873518,147,,,,CITI,JPM,,,
2026-03-28T12:08:57.653Z,market,trade,TESTE,100101.18148396193,190,,,,JPM,ITAU,,,
2026-03-28T12:08:57.808Z,market,trade,TESTE,100098.36288753137,161,,,,BARCL,GOLDM,,,
2026-03-28T12:08:57.968Z,market,trade,TESTE,100095.39346753262,137,,,,MS,ITAU,,,
2026-03-28T12:08:58.123Z,market,trade,TESTE,100096.23024744261,25,,,,ITAU,BTG,,,
2026-03-28T12:08:58.278Z,market,trade,TESTE,100098.45639382555,138,,,,CS,GOLDM,,,
2026-03-28T12:08:58.434Z,market,trade,TESTE,100091.35887407887,90,,,,CS,CS,,,
2026-03-28T12:08:58.590Z,market,trade,TESTE,100089.97260600727,105,,,,MS,ITAU,,,
2026-03-28T12:08:58.743Z,market,trade,TESTE,100103.50964622771,167,,,,GOLDM,GOLDM,,,
2026-03-28T12:08:58.898Z,market,trade,TESTE,100090.92016912614,49,,,,GOLDM,CS,,,
2026-03-28T12:08:59.054Z,market,trade,TESTE,100094.3798365855,152,,,,MS,JPM,,,
2026-03-28T12:08:59.206Z,market,trade,TESTE,100092.47109107811,92,,,,CS,MS,,,
2026-03-28T12:08:59.369Z,market,trade,TESTE,100099.53729574232,96,,,,JPM,BTG,,,
2026-03-28T12:08:59.526Z,market,trade,TESTE,100104.19557695002,28,,,,JPM,ITAU,,,
2026-03-28T12:08:59.688Z,market,trade,TESTE,100104.78037792885,31,,,,CS,JPM,,,
2026-03-28T12:08:59.852Z,market,trade,TESTE,100098.55376994942,29,,,,BARCL,JPM,,,
2026-03-28T12:09:00.005Z,market,trade,TESTE,100096.81880054981,159,,,,BTG,UBS,,,
2026-03-28T12:09:00.162Z,market,trade,TESTE,100105.89740679305,106,,,,GOLDM,ITAU,,,
2026-03-28T12:09:00.319Z,market,trade,TESTE,100107.89249638801,69,,,,XP,BTG,,,
2026-03-28T12:09:00.475Z,market,trade,TESTE,100095.55468200932,50,,,,BARCL,MS,,,
2026-03-28T12:09:00.636Z,market,trade,TESTE,100107.64689499738,183,,,,ITAU,UBS,,,
2026-03-28T12:09:00.789Z,market,trade,TESTE,100104.62905015265,108,,,,MS,UBS,,,
2026-03-28T12:09:00.942Z,market,trade,TESTE,100096.24043844448,95,,,,GOLDM,JPM,,,
2026-03-28T12:09:01.101Z,market,trade,TESTE,100103.41879822376,193,,,,CITI,MS,,,
2026-03-28T12:09:01.256Z,market,trade,TESTE,100090.47176567558,171,,,,ITAU,MS,,,
2026-03-28T12:09:01.409Z,market,trade,TESTE,100088.30813289009,70,,,,CITI,GOLDM,,,
2026-03-28T12:09:01.566Z,market,trade,TESTE,100084.39005239535,183,,,,MS,BARCL,,,
2026-03-28T12:09:01.719Z,market,trade,TESTE,100097.31515176124,126,,,,JPM,GOLDM,,,
2026-03-28T12:09:01.875Z,market,trade,TESTE,100090.20848180605,62,,,,UBS,ITAU,,,
2026-03-28T12:09:02.033Z,market,trade,TESTE,100090.45579445538,179,,,,BARCL,CS,,,
2026-03-28T12:09:02.188Z,market,trade,TESTE,100087.65599662505,151,,,,UBS,BTG,,,
2026-03-28T12:09:02.343Z,market,trade,TESTE,100091.16372556283,166,,,,CITI,UBS,,,
2026-03-28T12:09:02.503Z,market,trade,TESTE,100100.22463392757,168,,,,ITAU,BARCL,,,
2026-03-28T12:09:02.659Z,market,trade,TESTE,100103.99173358515,39,,,,ITAU,JPM,,,
2026-03-28T12:09:02.825Z,market,trade,TESTE,100104.31922805455,51,,,,BTG,UBS,,,
2026-03-28T12:09:02.984Z,market,trade,TESTE,100100.85500312975,42,,,,MS,JPM,,,
2026-03-28T12:09:03.139Z,market,trade,TESTE,100102.407145983,126,,,,MS,XP,,,
2026-03-28T12:09:03.294Z,market,trade,TESTE,100105.74273262889,179,,,,UBS,JPM,,,
2026-03-28T12:09:03.447Z,market,trade,TESTE,100100.87135735893,193,,,,XP,UBS,,,
2026-03-28T12:09:03.601Z,market,trade,TESTE,100089.85173957287,140,,,,UBS,BTG,,,
2026-03-28T12:09:03.757Z,market,trade,TESTE,100085.49656828918,128,,,,UBS,BTG,,,
2026-03-28T12:09:03.917Z,market,trade,TESTE,100086.91342030029,19,,,,BARCL,XP,,,
2026-03-28T12:09:04.072Z,market,trade,TESTE,100095.74809460816,63,,,,MS,XP,,,
2026-03-28T12:09:04.227Z,market,trade,TESTE,100082.24213756803,27,,,,JPM,JPM,,,
2026-03-28T12:09:04.384Z,market,trade,TESTE,100081.07961697513,127,,,,BTG,XP,,,
2026-03-28T12:09:04.538Z,market,trade,TESTE,100094.904993942,113,,,,XP,CS,,,
2026-03-28T12:09:04.693Z,market,trade,TESTE,100086.37658334742,158,,,,XP,JPM,,,
2026-03-28T12:09:04.847Z,market,trade,TESTE,100087.56437330514,101,,,,BTG,CITI,,,
2026-03-28T12:09:05.004Z,market,trade,TESTE,100098.95306627013,102,,,,JPM,JPM,,,
2026-03-28T12:09:05.168Z,market,trade,TESTE,100095.52161734978,100,,,,MS,BARCL,,,
2026-03-28T12:09:05.322Z,market,trade,TESTE,100092.79265090486,147,,,,BARCL,ITAU,,,
2026-03-28T12:09:05.487Z,market,trade,TESTE,100090.34885477633,67,,,,CS,CITI,,,
2026-03-28T12:09:05.647Z,market,trade,TESTE,100076.50422073144,164,,,,GOLDM,CS,,,
2026-03-28T12:09:05.801Z,market,trade,TESTE,100084.34023193776,135,,,,MS,BARCL,,,
2026-03-28T12:09:05.954Z,market,trade,TESTE,100079.87716378561,77,,,,CITI,ITAU,,,
2026-03-28T12:09:06.121Z,market,trade,TESTE,100067.07475062434,51,,,,UBS,JPM,,,
2026-03-28T12:09:06.286Z,market,trade,TESTE,100063.94207351566,45,,,,ITAU,BTG,,,
2026-03-28T12:09:06.450Z,market,trade,TESTE,100067.85282839966,185,,,,BTG,CITI,,,
2026-03-28T12:09:06.605Z,market,trade,TESTE,100080.88322300221,93,,,,BTG,GOLDM,,,
2026-03-28T12:09:06.758Z,market,trade,TESTE,100065.9197241135,123,,,,BTG,GOLDM,,,
2026-03-28T12:09:06.917Z,market,trade,TESTE,100079.82666341844,79,,,,CS,JPM,,,
2026-03-28T12:09:07.069Z,market,trade,TESTE,100067.75693989127,92,,,,JPM,BTG,,,
2026-03-28T12:09:07.224Z,market,trade,TESTE,100072.96174272358,54,,,,BARCL,UBS,,,
2026-03-28T12:09:07.378Z,market,trade,TESTE,100077.5967101981,26,,,,BTG,UBS,,,
2026-03-28T12:09:07.532Z,market,trade,TESTE,100077.33013225146,16,,,,BARCL,CS,,,
2026-03-28T12:09:07.685Z,market,trade,TESTE,100071.20938826102,33,,,,CITI,XP,,,
2026-03-28T12:09:07.850Z,market,trade,TESTE,100083.33738767283,58,,,,UBS,CITI,,,
2026-03-28T12:09:08.006Z,market,trade,TESTE,100069.77936642221,103,,,,CITI,CS,,,
2026-03-28T12:09:08.163Z,market,trade,TESTE,100074.07260173463,84,,,,CITI,UBS,,,
2026-03-28T12:09:08.315Z,market,trade,TESTE,100070.19804501667,94,,,,JPM,CITI,,,
2026-03-28T12:09:08.469Z,market,trade,TESTE,100074.79147677326,172,,,,BTG,BTG,,,
2026-03-28T12:09:08.621Z,market,trade,TESTE,100072.46761485262,15,,,,BTG,UBS,,,
2026-03-28T12:09:08.776Z,market,trade,TESTE,100086.86585551052,168,,,,ITAU,CS,,,
2026-03-28T12:09:08.933Z,market,trade,TESTE,100078.93380778279,48,,,,BTG,BARCL,,,
2026-03-28T12:09:09.089Z,market,trade,TESTE,100075.26898109511,122,,,,BARCL,CS,,,
2026-03-28T12:09:09.245Z,market,trade,TESTE,100071.20231637277,55,,,,UBS,MS,,,
2026-03-28T12:09:09.398Z,market,trade,TESTE,100075.64795726424,53,,,,BARCL,CS,,,
2026-03-28T12:09:09.552Z,market,trade,TESTE,100079.04573385816,126,,,,CITI,MS,,,
2026-03-28T12:09:09.706Z,market,trade,TESTE,100086.45165719252,143,,,,BARCL,ITAU,,,
2026-03-28T12:09:09.861Z,market,trade,TESTE,100080.63925587485,178,,,,JPM,UBS,,,
2026-03-28T12:09:10.020Z,market,trade,TESTE,100095.23702288925,165,,,,GOLDM,ITAU,,,
2026-03-28T12:09:10.176Z,market,trade,TESTE,100087.81750718573,184,,,,XP,BTG,,,
2026-03-28T12:09:10.331Z,market,trade,TESTE,100085.89912260686,89,,,,GOLDM,JPM,,,
2026-03-28T12:09:10.486Z,market,trade,TESTE,100088.37511937929,186,,,,GOLDM,GOLDM,,,
2026-03-28T12:09:10.637Z,market,trade,TESTE,100094.36057043786,62,,,,BARCL,BTG,,,
2026-03-28T12:09:10.799Z,market,trade,TESTE,100085.34549993009,70,,,,CS,BARCL,,,
2026-03-28T12:09:10.956Z,market,trade,TESTE,100080.71623455963,153,,,,XP,MS,,,
2026-03-28T12:09:11.112Z,market,trade,TESTE,100082.23881004102,193,,,,MS,CITI,,,
2026-03-28T12:09:11.269Z,market,trade,TESTE,100093.14920924936,149,,,,CS,CITI,,,
2026-03-28T12:09:11.431Z,market,trade,TESTE,100089.00736923404,152,,,,ITAU,UBS,,,
2026-03-28T12:09:11.586Z,market,trade,TESTE,100082.08361717216,140,,,,BTG,JPM,,,
2026-03-28T12:09:11.742Z,market,trade,TESTE,100083.61506743064,99,,,,JPM,GOLDM,,,
2026-03-28T12:09:11.898Z,market,trade,TESTE,100087.41390755004,101,,,,CS,CITI,,,
2026-03-28T12:09:12.054Z,market,trade,TESTE,100098.78094486658,159,,,,MS,BARCL,,,
2026-03-28T12:09:12.212Z,market,trade,TESTE,100087.9595176314,146,,,,BARCL,MS,,,
2026-03-28T12:09:12.368Z,market,trade,TESTE,100096.4088091214,48,,,,MS,GOLDM,,,
2026-03-28T12:09:12.524Z,market,trade,TESTE,100088.3965458411,103,,,,UBS,XP,,,
2026-03-28T12:09:12.678Z,market,trade,TESTE,100098.9888514551,19,,,,CS,CS,,,
2026-03-28T12:09:12.831Z,market,trade,TESTE,100092.91362776863,39,,,,ITAU,CITI,,,
2026-03-28T12:09:12.985Z,market,trade,TESTE,100098.37154414991,192,,,,ITAU,BTG,,,
2026-03-28T12:09:13.138Z,market,trade,TESTE,100092.41442132175,99,,,,UBS,XP,,,
2026-03-28T12:09:13.293Z,market,trade,TESTE,100104.64480264747,168,,,,UBS,GOLDM,,,
2026-03-28T12:09:13.448Z,market,trade,TESTE,100090.06772892043,92,,,,MS,BTG,,,
2026-03-28T12:09:13.604Z,market,trade,TESTE,100088.39260575446,49,,,,GOLDM,CITI,,,
2026-03-28T12:09:13.758Z,market,trade,TESTE,100101.59888472735,136,,,,UBS,ITAU,,,
2026-03-28T12:09:13.914Z,market,trade,TESTE,100103.97686333992,89,,,,MS,MS,,,
2026-03-28T12:09:14.069Z,market,trade,TESTE,100098.2746318571,162,,,,MS,MS,,,
2026-03-28T12:09:14.226Z,market,trade,TESTE,100111.29049583634,56,,,,CITI,BARCL,,,
2026-03-28T12:09:14.381Z,market,trade,TESTE,100112.85625462024,160,,,,BTG,BTG,,,
2026-03-28T12:09:14.536Z,market,trade,TESTE,100108.0671661735,90,,,,CS,XP,,,
2026-03-28T12:09:14.694Z,market,trade,TESTE,100094.10978508716,55,,,,BARCL,ITAU,,,
2026-03-28T12:09:14.851Z,market,trade,TESTE,100103.48921408824,63,,,,JPM,GOLDM,,,
2026-03-28T12:09:15.007Z,market,trade,TESTE,100106.22496303459,70,,,,JPM,CS,,,
2026-03-28T12:09:15.163Z,market,trade,TESTE,100101.63934976004,111,,,,CITI,BARCL,,,
2026-03-28T12:09:15.319Z,market,trade,TESTE,100095.50353134942,84,,,,GOLDM,ITAU,,,
2026-03-28T12:09:15.474Z,market,trade,TESTE,100094.62787472698,16,,,,GOLDM,MS,,,
2026-03-28T12:09:15.627Z,market,trade,TESTE,100093.96355813702,128,,,,JPM,BARCL,,,
2026-03-28T12:09:15.782Z,market,trade,TESTE,100107.24538166917,188,,,,MS,GOLDM,,,
2026-03-28T12:09:15.941Z,market,trade,TESTE,100111.71125361923,158,,,,CS,GOLDM,,,
2026-03-28T12:09:16.094Z,market,trade,TESTE,100097.16591395925,154,,,,BTG,ITAU,,,
2026-03-28T12:09:16.251Z,market,trade,TESTE,100097.57533940175,96,,,,MS,MS,,,
2026-03-28T12:09:16.408Z,market,trade,TESTE,100105.1153889881,196,,,,JPM,GOLDM,,,
2026-03-28T12:09:16.564Z,market,trade,TESTE,100093.59179078389,84,,,,BTG,MS,,,
2026-03-28T12:09:16.719Z,market,trade,TESTE,100088.84957489064,194,,,,JPM,CITI,,,
2026-03-28T12:09:16.875Z,market,trade,TESTE,100090.71766273005,7,,,,UBS,ITAU,,,
2026-03-28T12:09:17.031Z,market,trade,TESTE,100104.37642075827,8,,,,BTG,MS,,,
2026-03-28T12:09:17.186Z,market,trade,TESTE,100096.2701454621,119,,,,JPM,XP,,,
2026-03-28T12:09:17.342Z,market,trade,TESTE,100102.6803835597,177,,,,BTG,GOLDM,,,
2026-03-28T12:09:17.495Z,market,trade,TESTE,100091.21170203395,27,,,,BARCL,MS,,,
2026-03-28T12:09:17.652Z,market,trade,TESTE,100097.91628588467,92,,,,GOLDM,UBS,,,
2026-03-28T12:09:17.806Z,market,trade,TESTE,100083.6137167425,10,,,,BTG,UBS,,,
2026-03-28T12:09:17.958Z,market,trade,TESTE,100085.91622067515,110,,,,MS,CS,,,
2026-03-28T12:09:18.115Z,market,trade,TESTE,100089.33649258858,79,,,,BTG,CS,,,
2026-03-28T12:09:18.271Z,market,trade,TESTE,100091.11656284872,103,,,,JPM,JPM,,,
2026-03-28T12:09:18.425Z,market,trade,TESTE,100096.01437549674,5,,,,JPM,CITI,,,
2026-03-28T12:09:18.580Z,market,trade,TESTE,100105.87370307796,45,,,,CS,CS,,,
2026-03-28T12:09:18.733Z,market,trade,TESTE,100105.05480372538,16,,,,BTG,XP,,,
2026-03-28T12:09:18.888Z,market,trade,TESTE,100094.86174449296,130,,,,CITI,JPM,,,
2026-03-28T12:09:19.042Z,market,trade,TESTE,100097.58228954875,154,,,,CITI,BARCL,,,
2026-03-28T12:09:19.204Z,market,trade,TESTE,100110.79449915724,102,,,,ITAU,BTG,,,
2026-03-28T12:09:19.357Z,market,trade,TESTE,100113.45519285867,101,,,,MS,JPM,,,
2026-03-28T12:09:19.518Z,market,trade,TESTE,100113.11468895913,122,,,,UBS,CITI,,,
2026-03-28T12:09:19.672Z,market,trade,TESTE,100116.59524605446,179,,,,BTG,BTG,,,
2026-03-28T12:09:19.825Z,market,trade,TESTE,100112.30489950003,190,,,,BARCL,JPM,,,
2026-03-28T12:09:19.981Z,market,trade,TESTE,100116.09444065565,85,,,,CITI,JPM,,,
2026-03-28T12:09:20.139Z,market,trade,TESTE,100102.58328273612,150,,,,MS,BARCL,,,
2026-03-28T12:09:20.301Z,market,trade,TESTE,100113.28866151112,185,,,,CS,BTG,,,
2026-03-28T12:09:20.454Z,market,trade,TESTE,100105.72293114224,169,,,,ITAU,ITAU,,,
2026-03-28T12:09:20.609Z,market,trade,TESTE,100111.64094189518,59,,,,XP,GOLDM,,,
2026-03-28T12:09:20.766Z,market,trade,TESTE,100100.9685357725,104,,,,BARCL,CS,,,
2026-03-28T12:09:20.921Z,market,trade,TESTE,100096.86763458195,126,,,,XP,MS,,,
2026-03-28T12:09:21.076Z,market,trade,TESTE,100098.82040539841,146,,,,BARCL,MS,,,
2026-03-28T12:09:21.231Z,market,trade,TESTE,100106.84425895338,187,,,,BTG,XP,,,
2026-03-28T12:09:21.387Z,market,trade,TESTE,100099.65036531643,28,,,,UBS,GOLDM,,,
2026-03-28T12:09:21.543Z,market,trade,TESTE,100106.94989438592,20,,,,UBS,GOLDM,,,
2026-03-28T12:09:21.699Z,market,trade,TESTE,100109.23863092363,73,,,,BTG,XP,,,
2026-03-28T12:09:21.855Z,market,trade,TESTE,100108.34526911523,90,,,,CS,BTG,,,
2026-03-28T12:09:22.009Z,market,trade,TESTE,100104.24924101234,168,,,,BTG,CITI,,,
2026-03-28T12:09:22.164Z,market,trade,TESTE,100102.62351790015,182,,,,CS,GOLDM,,,
2026-03-28T12:09:22.329Z,market,trade,TESTE,100088.18398710861,67,,,,CS,JPM,,,
2026-03-28T12:09:22.486Z,market,trade,TESTE,100085.24780827164,136,,,,UBS,GOLDM,,,
2026-03-28T12:09:22.642Z,market,trade,TESTE,100083.83392688935,173,,,,ITAU,BTG,,,
2026-03-28T12:09:22.796Z,market,trade,TESTE,100090.35240274706,121,,,,XP,BTG,,,
2026-03-28T12:09:22.951Z,market,trade,TESTE,100091.65145739992,76,,,,MS,XP,,,
2026-03-28T12:09:23.105Z,market,trade,TESTE,100088.56800394332,150,,,,CITI,MS,,,
2026-03-28T12:09:23.259Z,market,trade,TESTE,100080.85328184371,105,,,,GOLDM,CS,,,
2026-03-28T12:09:23.415Z,market,trade,TESTE,100087.74462766017,159,,,,JPM,ITAU,,,
2026-03-28T12:09:23.570Z,market,trade,TESTE,100081.74527849258,101,,,,XP,BTG,,,
2026-03-28T12:09:23.726Z,market,trade,TESTE,100090.27977234594,124,,,,CS,XP,,,
2026-03-28T12:09:23.881Z,market,trade,TESTE,100093.26271614377,49,,,,BTG,JPM,,,
2026-03-28T12:09:24.038Z,market,trade,TESTE,100085.05935900695,96,,,,CS,BTG,,,
2026-03-28T12:09:24.202Z,market,trade,TESTE,100083.54678029206,11,,,,BARCL,JPM,,,
2026-03-28T12:09:24.357Z,market,trade,TESTE,100094.59903682838,18,,,,ITAU,JPM,,,
2026-03-28T12:09:24.512Z,market,trade,TESTE,100084.85392810412,142,,,,BARCL,BTG,,,
2026-03-28T12:09:24.667Z,market,trade,TESTE,100085.86979852583,198,,,,GOLDM,ITAU,,,
2026-03-28T12:09:24.821Z,market,trade,TESTE,100098.68449694247,115,,,,JPM,MS,,,
2026-03-28T12:09:24.978Z,market,trade,TESTE,100088.89765616372,109,,,,JPM,BARCL,,,
2026-03-28T12:09:25.136Z,market,trade,TESTE,100093.69451756221,88,,,,BARCL,MS,,,
2026-03-28T12:09:25.294Z,market,trade,TESTE,100105.63161862516,50,,,,BTG,MS,,,
2026-03-28T12:09:25.453Z,market,trade,TESTE,100104.33087264025,143,,,,XP,BTG,,,
2026-03-28T12:09:25.610Z,market,trade,TESTE,100093.28935375626,153,,,,CITI,CITI,,,
2026-03-28T12:09:25.760Z,market,trade,TESTE,100100.29796502055,120,,,,XP,XP,,,
2026-03-28T12:09:25.922Z,market,trade,TESTE,100098.59886365026,188,,,,CS,GOLDM,,,
2026-03-28T12:09:26.073Z,market,trade,TESTE,100103.41793401887,51,,,,MS,UBS,,,
2026-03-28T12:09:26.237Z,market,trade,TESTE,100098.29772245631,49,,,,CS,BTG,,,
2026-03-28T12:09:26.389Z,market,trade,TESTE,100102.78491029757,104,,,,UBS,XP,,,
2026-03-28T12:09:26.543Z,market,trade,TESTE,100109.85504662336,69,,,,ITAU,UBS,,,
2026-03-28T12:09:26.704Z,market,trade,TESTE,100099.0919349749,43,,,,UBS,JPM,,,
2026-03-28T12:09:26.868Z,market,trade,TESTE,100098.85851755312,115,,,,MS,CITI,,,
2026-03-28T12:09:27.024Z,market,trade,TESTE,100110.58474658422,176,,,,UBS,JPM,,,
2026-03-28T12:09:27.184Z,market,trade,TESTE,100097.8209008982,81,,,,GOLDM,BTG,,,
2026-03-28T12:09:27.349Z,market,trade,TESTE,100096.2477330641,14,,,,BARCL,XP,,,
2026-03-28T12:09:27.509Z,market,trade,TESTE,100091.28034909464,74,,,,GOLDM,UBS,,,
2026-03-28T12:09:27.669Z,market,trade,TESTE,100086.3105898117,177,,,,ITAU,CITI,,,
2026-03-28T12:09:27.825Z,market,trade,TESTE,100085.06214289149,78,,,,ITAU,UBS,,,
2026-03-28T12:09:27.978Z,market,trade,TESTE,100092.5289846468,154,,,,CITI,ITAU,,,
2026-03-28T12:09:28.134Z,market,trade,TESTE,100094.76400449913,146,,,,MS,BARCL,,,
2026-03-28T12:09:28.288Z,market,trade,TESTE,100089.02917761044,113,,,,UBS,GOLDM,,,
2026-03-28T12:09:28.444Z,market,trade,TESTE,100100.96133959403,107,,,,BARCL,UBS,,,
2026-03-28T12:09:28.595Z,market,trade,TESTE,100090.67950399774,19,,,,ITAU,CITI,,,
2026-03-28T12:09:28.750Z,market,trade,TESTE,100098.2386700427,54,,,,UBS,MS,,,
2026-03-28T12:09:28.904Z,market,trade,TESTE,100097.08530034397,85,,,,XP,UBS,,,
2026-03-28T12:09:29.059Z,market,trade,TESTE,100096.5655547802,105,,,,GOLDM,GOLDM,,,
2026-03-28T12:09:29.219Z,market,trade,TESTE,100100.61039476433,80,,,,BTG,MS,,,
2026-03-28T12:09:29.374Z,market,trade,TESTE,100092.17830779326,103,,,,GOLDM,UBS,,,
2026-03-28T12:09:29.533Z,market,trade,TESTE,100090.06777827034,122,,,,UBS,UBS,,,
2026-03-28T12:09:29.688Z,market,trade,TESTE,100093.65598195398,154,,,,BARCL,CITI,,,
2026-03-28T12:09:29.839Z,market,trade,TESTE,100107.39346166023,97,,,,GOLDM,XP,,,
2026-03-28T12:09:30.003Z,market,trade,TESTE,100110.78003107615,10,,,,BARCL,BARCL,,,
2026-03-28T12:09:30.155Z,market,trade,TESTE,100096.40594506262,32,,,,BTG,UBS,,,
2026-03-28T12:09:30.307Z,market,trade,TESTE,100094.25076718582,162,,,,MS,GOLDM,,,
2026-03-28T12:09:30.472Z,market,trade,TESTE,100095.71211308657,63,,,,JPM,CITI,,,
2026-03-28T12:09:30.627Z,market,trade,TESTE,100103.91330695177,42,,,,MS,XP,,,
2026-03-28T12:09:30.787Z,market,trade,TESTE,100089.72897844894,172,,,,UBS,BARCL,,,
2026-03-28T12:09:30.942Z,market,trade,TESTE,100104.3731159213,34,,,,XP,BTG,,,
2026-03-28T12:09:31.095Z,market,trade,TESTE,100102.56993017612,95,,,,BARCL,GOLDM,,,
2026-03-28T12:09:31.250Z,market,trade,TESTE,100095.95719396428,82,,,,XP,MS,,,
2026-03-28T12:09:31.404Z,market,trade,TESTE,100095.108238791,146,,,,ITAU,ITAU,,,
2026-03-28T12:09:31.559Z,market,trade,TESTE,100108.16326458313,64,,,,MS,XP,,,
2026-03-28T12:09:31.721Z,market,trade,TESTE,100102.69437236374,32,,,,XP,GOLDM,,,
2026-03-28T12:09:31.886Z,market,trade,TESTE,100112.85716787005,122,,,,BTG,JPM,,,
2026-03-28T12:09:32.044Z,market,trade,TESTE,100110.59306699598,183,,,,CITI,CITI,,,
2026-03-28T12:09:32.195Z,market,trade,TESTE,100099.64208386268,84,,,,UBS,ITAU,,,
2026-03-28T12:09:32.353Z,market,trade,TESTE,100110.04909243328,193,,,,CITI,MS,,,
2026-03-28T12:09:32.505Z,market,trade,TESTE,100097.77883469532,74,,,,UBS,BARCL,,,
2026-03-28T12:09:32.660Z,market,trade,TESTE,100103.71304052442,172,,,,CITI,UBS,,,
2026-03-28T12:09:32.814Z,market,trade,TESTE,100091.72522173332,181,,,,JPM,BTG,,,
2026-03-28T12:09:32.971Z,market,trade,TESTE,100096.72187381452,148,,,,BARCL,JPM,,,
2026-03-28T12:09:33.122Z,market,trade,TESTE,100102.92280165943,192,,,,XP,ITAU,,,
2026-03-28T12:09:33.283Z,market,trade,TESTE,100091.49559833569,196,,,,ITAU,GOLDM,,,
2026-03-28T12:09:33.437Z,market,trade,TESTE,100106.34093301638,148,,,,BTG,CITI,,,
2026-03-28T12:09:33.592Z,market,trade,TESTE,100095.20139398759,114,,,,BTG,XP,,,
2026-03-28T12:09:33.753Z,market,trade,TESTE,100096.30130799359,64,,,,MS,MS,,,
2026-03-28T12:09:33.917Z,market,trade,TESTE,100101.3716266869,174,,,,BTG,MS,,,
2026-03-28T12:09:34.072Z,market,trade,TESTE,100096.80150788558,166,,,,BARCL,GOLDM,,,
2026-03-28T12:09:34.236Z,market,trade,TESTE,100100.53623750679,169,,,,UBS,CS,,,
2026-03-28T12:09:34.391Z,market,trade,TESTE,100095.5657193547,41,,,,ITAU,BARCL,,,
2026-03-28T12:09:34.547Z,market,trade,TESTE,100081.68871802266,20,,,,XP,CITI,,,
2026-03-28T12:09:34.703Z,market,trade,TESTE,100080.3156903241,37,,,,CS,GOLDM,,,
2026-03-28T12:09:34.859Z,market,trade,TESTE,100090.1946180314,73,,,,UBS,JPM,,,
2026-03-28T12:09:35.014Z,market,trade,TESTE,100092.25256533727,29,,,,UBS,CITI,,,
2026-03-28T12:09:35.172Z,market,trade,TESTE,100080.21450040041,158,,,,BTG,MS,,,
2026-03-28T12:09:35.326Z,market,trade,TESTE,100091.17555745455,113,,,,UBS,JPM,,,
2026-03-28T12:09:35.486Z,market,trade,TESTE,100090.33619057553,60,,,,MS,JPM,,,
2026-03-28T12:09:35.650Z,market,trade,TESTE,100091.61316140619,78,,,,MS,JPM,,,
2026-03-28T12:09:35.805Z,market,trade,TESTE,100094.10830985634,59,,,,BARCL,BTG,,,
2026-03-28T12:09:35.964Z,market,trade,TESTE,100089.97122436478,8,,,,MS,ITAU,,,
2026-03-28T12:09:36.121Z,market,trade,TESTE,100082.10540188687,145,,,,CS,XP,,,
2026-03-28T12:09:36.283Z,market,trade,TESTE,100090.2487356845,178,,,,CITI,MS,,,
2026-03-28T12:09:36.437Z,market,trade,TESTE,100077.42564250279,127,,,,BTG,ITAU,,,
2026-03-28T12:09:36.595Z,market,trade,TESTE,100082.28027763056,149,,,,BARCL,JPM,,,
2026-03-28T12:09:36.749Z,market,trade,TESTE,100089.04035199054,104,,,,GOLDM,GOLDM,,,
2026-03-28T12:09:36.903Z,market,trade,TESTE,100088.49122169924,164,,,,CS,XP,,,
2026-03-28T12:09:37.053Z,market,trade,TESTE,100080.41725674547,56,,,,CS,UBS,,,
2026-03-28T12:09:37.209Z,market,trade,TESTE,100085.6375416538,136,,,,XP,BARCL,,,
2026-03-28T12:09:37.366Z,market,trade,TESTE,100086.44496058828,80,,,,BTG,GOLDM,,,
2026-03-28T12:09:37.520Z,market,trade,TESTE,100081.04164126962,71,,,,BTG,JPM,,,
2026-03-28T12:09:37.683Z,market,trade,TESTE,100086.767762757,172,,,,GOLDM,BARCL,,,
2026-03-28T12:09:37.837Z,market,trade,TESTE,100076.62385197882,105,,,,GOLDM,GOLDM,,,
2026-03-28T12:09:37.989Z,market,trade,TESTE,100077.60013367012,34,,,,GOLDM,XP,,,
2026-03-28T12:09:38.151Z,market,trade,TESTE,100088.4252179674,125,,,,BTG,BTG,,,
2026-03-28T12:09:38.306Z,market,trade,TESTE,100075.29490927982,122,,,,MS,BTG,,,
2026-03-28T12:09:38.461Z,market,trade,TESTE,100086.2517362673,12,,,,UBS,JPM,,,
2026-03-28T12:09:38.616Z,market,trade,TESTE,100075.01642800213,123,,,,JPM,CITI,,,
2026-03-28T12:09:38.773Z,market,trade,TESTE,100078.78061091778,123,,,,XP,BTG,,,
2026-03-28T12:09:38.934Z,market,trade,TESTE,100079.35689640157,18,,,,JPM,MS,,,
2026-03-28T12:09:39.089Z,market,trade,TESTE,100093.1819955023,117,,,,ITAU,CITI,,,
2026-03-28T12:09:39.253Z,market,trade,TESTE,100082.3915098965,165,,,,XP,JPM,,,
2026-03-28T12:09:39.411Z,market,trade,TESTE,100092.59818990009,77,,,,ITAU,BARCL,,,
2026-03-28T12:09:39.562Z,market,trade,TESTE,100089.05564814899,35,,,,ITAU,XP,,,
2026-03-28T12:09:39.713Z,market,trade,TESTE,100074.45477816674,152,,,,BTG,CITI,,,
2026-03-28T12:09:39.863Z,market,trade,TESTE,100069.96228363218,192,,,,ITAU,JPM,,,
2026-03-28T12:09:40.020Z,market,trade,TESTE,100083.53789061846,114,,,,XP,MS,,,
2026-03-28T12:09:40.173Z,market,trade,TESTE,100070.79611440437,82,,,,BTG,CITI,,,
2026-03-28T12:09:40.341Z,market,trade,TESTE,100074.00808036262,131,,,,BTG,JPM,,,
2026-03-28T12:09:40.504Z,market,trade,TESTE,100069.70960922877,51,,,,CS,BARCL,,,
2026-03-28T12:09:40.678Z,market,trade,TESTE,100074.59046623876,16,,,,CS,CITI,,,
2026-03-28T12:09:40.835Z,market,trade,TESTE,100071.13427206242,7,,,,BTG,CS,,,
2026-03-28T12:09:41.004Z,market,trade,TESTE,100085.48744672142,98,,,,CITI,XP,,,
2026-03-28T12:09:41.167Z,market,trade,TESTE,100086.36586239412,8,,,,MS,MS,,,
2026-03-28T12:09:41.317Z,market,trade,TESTE,100081.66705168127,57,,,,CS,JPM,,,
2026-03-28T12:09:41.470Z,market,trade,TESTE,100074.24214443413,71,,,,XP,XP,,,
2026-03-28T12:09:41.644Z,market,trade,TESTE,100084.9681413465,108,,,,CITI,GOLDM,,,
2026-03-28T12:09:41.804Z,market,trade,TESTE,100080.83301598979,15,,,,BARCL,UBS,,,
2026-03-28T12:09:41.958Z,market,trade,TESTE,100066.947100758,150,,,,UBS,GOLDM,,,
2026-03-28T12:09:42.113Z,market,trade,TESTE,100072.03569417408,104,,,,UBS,CS,,,
2026-03-28T12:09:42.270Z,market,trade,TESTE,100065.68874916315,112,,,,CS,CS,,,
2026-03-28T12:09:42.432Z,market,trade,TESTE,100078.20889585494,157,,,,CS,GOLDM,,,
2026-03-28T12:09:42.598Z,market,trade,TESTE,100080.54910084367,134,,,,BTG,BTG,,,
2026-03-28T12:09:42.749Z,market,trade,TESTE,100068.8771063167,24,,,,BTG,CS,,,
2026-03-28T12:09:42.903Z,market,trade,TESTE,100067.09341874221,174,,,,XP,MS,,,
2026-03-28T12:09:43.056Z,market,trade,TESTE,100078.20954140667,57,,,,BARCL,XP,,,
2026-03-28T12:09:43.208Z,market,trade,TESTE,100081.76287411674,176,,,,XP,XP,,,
2026-03-28T12:09:43.363Z,market,trade,TESTE,100086.04504402899,102,,,,BARCL,JPM,,,
2026-03-28T12:09:43.518Z,market,trade,TESTE,100074.70520633065,167,,,,BARCL,CITI,,,
2026-03-28T12:09:43.673Z,market,trade,TESTE,100071.5778520959,166,,,,UBS,CS,,,
2026-03-28T12:09:43.834Z,market,trade,TESTE,100072.20533301942,77,,,,ITAU,CITI,,,
2026-03-28T12:09:43.986Z,market,trade,TESTE,100076.06176274596,125,,,,GOLDM,UBS,,,
2026-03-28T12:09:44.140Z,market,trade,TESTE,100078.08263590472,134,,,,BTG,UBS,,,
2026-03-28T12:09:44.295Z,market,trade,TESTE,100084.35226003343,111,,,,CITI,XP,,,
2026-03-28T12:09:44.449Z,market,trade,TESTE,100072.51528817069,38,,,,CITI,ITAU,,,
2026-03-28T12:09:44.605Z,market,trade,TESTE,100081.66885274481,114,,,,CS,JPM,,,
2026-03-28T12:09:44.761Z,market,trade,TESTE,100070.86000347971,55,,,,CS,GOLDM,,,
2026-03-28T12:09:44.919Z,market,trade,TESTE,100078.89014022631,180,,,,UBS,BARCL,,,
2026-03-28T12:09:45.074Z,market,trade,TESTE,100069.76179916109,191,,,,JPM,BARCL,,,
2026-03-28T12:09:45.234Z,market,trade,TESTE,100082.84289158307,92,,,,CS,CS,,,
2026-03-28T12:09:45.391Z,market,trade,TESTE,100074.68295873486,19,,,,XP,XP,,,
2026-03-28T12:09:45.553Z,market,trade,TESTE,100083.19283592748,198,,,,BTG,UBS,,,
2026-03-28T12:09:45.708Z,market,trade,TESTE,100080.58741756459,39,,,,JPM,CITI,,,
2026-03-28T12:09:45.861Z,market,trade,TESTE,100066.17192765366,159,,,,BTG,JPM,,,
2026-03-28T12:09:46.013Z,market,trade,TESTE,100068.62017105239,47,,,,GOLDM,CITI,,,
2026-03-28T12:09:46.168Z,market,trade,TESTE,100068.90842433587,176,,,,MS,CS,,,
2026-03-28T12:09:46.324Z,market,trade,TESTE,100077.56004159129,147,,,,MS,ITAU,,,
2026-03-28T12:09:46.481Z,market,trade,TESTE,100066.37189503455,196,,,,BARCL,UBS,,,
2026-03-28T12:09:46.638Z,market,trade,TESTE,100073.92032917563,151,,,,MS,GOLDM,,,
2026-03-28T12:09:46.794Z,market,trade,TESTE,100072.61466810173,134,,,,ITAU,GOLDM,,,
2026-03-28T12:09:46.950Z,market,trade,TESTE,100061.85069597197,142,,,,XP,MS,,,
2026-03-28T12:09:47.103Z,market,trade,TESTE,100074.41152107442,122,,,,JPM,CITI,,,
2026-03-28T12:09:47.260Z,market,trade,TESTE,100076.85426004695,146,,,,MS,UBS,,,
2026-03-28T12:09:47.416Z,market,trade,TESTE,100067.51560663358,59,,,,JPM,BARCL,,,
2026-03-28T12:09:47.572Z,market,trade,TESTE,100073.64739761018,101,,,,CITI,XP,,,
2026-03-28T12:09:47.729Z,market,trade,TESTE,100074.26756453293,146,,,,UBS,ITAU,,,
2026-03-28T12:09:47.882Z,market,trade,TESTE,100061.64219172996,26,,,,UBS,GOLDM,,,
2026-03-28T12:09:48.037Z,market,trade,TESTE,100059.20405124905,60,,,,BARCL,UBS,,,
2026-03-28T12:09:48.202Z,market,trade,TESTE,100066.1596695252,18,,,,BTG,CITI,,,
2026-03-28T12:09:48.358Z,market,trade,TESTE,100068.34079402425,185,,,,XP,JPM,,,
2026-03-28T12:09:48.517Z,market,trade,TESTE,100057.03491847983,115,,,,UBS,XP,,,
2026-03-28T12:09:48.680Z,market,trade,TESTE,100052.26594684288,186,,,,GOLDM,GOLDM,,,
2026-03-28T12:09:48.836Z,market,trade,TESTE,100047.58160488622,34,,,,UBS,ITAU,,,
2026-03-28T12:09:48.992Z,market,trade,TESTE,100049.11214897536,104,,,,BTG,CITI,,,
2026-03-28T12:09:49.151Z,market,trade,TESTE,100063.24493872578,182,,,,CS,GOLDM,,,
2026-03-28T12:09:49.307Z,market,trade,TESTE,100053.17812689395,52,,,,CS,XP,,,
2026-03-28T12:09:49.462Z,market,trade,TESTE,100052.6792125088,57,,,,XP,JPM,,,
2026-03-28T12:09:49.619Z,market,trade,TESTE,100064.01458235724,157,,,,CS,CITI,,,
2026-03-28T12:09:49.773Z,market,trade,TESTE,100052.27201506883,120,,,,BARCL,BARCL,,,
2026-03-28T12:09:49.929Z,market,trade,TESTE,100049.8805790537,102,,,,CITI,ITAU,,,
2026-03-28T12:09:50.084Z,market,trade,TESTE,100060.18203168851,83,,,,BTG,UBS,,,
2026-03-28T12:09:50.246Z,market,trade,TESTE,100057.22091355141,157,,,,CS,CITI,,,
2026-03-28T12:09:50.399Z,market,trade,TESTE,100052.22379712152,187,,,,ITAU,CS,,,
2026-03-28T12:09:50.555Z,market,trade,TESTE,100037.39002148663,136,,,,XP,XP,,,
2026-03-28T12:09:50.712Z,market,trade,TESTE,100041.76170271427,26,,,,BTG,CITI,,,
2026-03-28T12:09:50.872Z,market,trade,TESTE,100038.81118342628,117,,,,JPM,XP,,,
2026-03-28T12:09:51.037Z,market,trade,TESTE,100048.66450387,5,,,,BARCL,CS,,,
2026-03-28T12:09:51.192Z,market,trade,TESTE,100034.01288239549,162,,,,JPM,XP,,,
2026-03-28T12:09:51.355Z,market,trade,TESTE,100044.64313152687,92,,,,MS,MS,,,
2026-03-28T12:09:51.505Z,market,trade,TESTE,100045.78678449281,155,,,,BTG,UBS,,,
2026-03-28T12:09:51.656Z,market,trade,TESTE,100045.60761324388,125,,,,MS,MS,,,
2026-03-28T12:09:51.818Z,market,trade,TESTE,100043.84361655888,184,,,,JPM,BARCL,,,
2026-03-28T12:09:51.972Z,market,trade,TESTE,100033.57231985408,35,,,,ITAU,CS,,,
2026-03-28T12:09:52.137Z,market,trade,TESTE,100040.23462536269,77,,,,MS,MS,,,
2026-03-28T12:09:52.287Z,market,trade,TESTE,100038.58484748147,163,,,,ITAU,GOLDM,,,
2026-03-28T12:09:52.442Z,market,trade,TESTE,100034.59555666277,195,,,,GOLDM,BARCL,,,
2026-03-28T12:09:52.604Z,market,trade,TESTE,100036.0383127011,12,,,,UBS,XP,,,
2026-03-28T12:09:52.757Z,market,trade,TESTE,100030.48443660776,48,,,,CS,JPM,,,
2026-03-28T12:09:52.921Z,market,trade,TESTE,100033.5987324709,39,,,,UBS,MS,,,
2026-03-28T12:09:53.072Z,market,trade,TESTE,100032.14470124603,149,,,,CS,UBS,,,
2026-03-28T12:09:53.236Z,market,trade,TESTE,100037.29883139335,91,,,,BTG,GOLDM,,,
2026-03-28T12:09:53.387Z,market,trade,TESTE,100029.173586101,21,,,,BTG,MS,,,
2026-03-28T12:09:53.542Z,market,trade,TESTE,100031.26394906336,139,,,,MS,MS,,,
2026-03-28T12:09:53.704Z,market,trade,TESTE,100043.63140266227,104,,,,XP,MS,,,
2026-03-28T12:09:53.868Z,market,trade,TESTE,100031.66095094196,17,,,,ITAU,MS,,,
2026-03-28T12:09:54.022Z,market,trade,TESTE,100026.80768925959,8,,,,BARCL,BTG,,,
2026-03-28T12:09:54.176Z,market,trade,TESTE,100031.04551304391,54,,,,BTG,XP,,,
2026-03-28T12:09:54.334Z,market,trade,TESTE,100028.12544078201,110,,,,GOLDM,CITI,,,
2026-03-28T12:09:54.487Z,market,trade,TESTE,100037.04294738175,183,,,,UBS,MS,,,
2026-03-28T12:09:54.638Z,market,trade,TESTE,100039.26300930911,127,,,,CS,GOLDM,,,
2026-03-28T12:09:54.803Z,market,trade,TESTE,100039.40959180552,181,,,,GOLDM,CITI,,,
2026-03-28T12:09:54.964Z,market,trade,TESTE,100037.41578409036,83,,,,ITAU,XP,,,
2026-03-28T12:09:55.120Z,market,trade,TESTE,100040.95406335311,103,,,,ITAU,UBS,,,
2026-03-28T12:09:55.277Z,market,trade,TESTE,100037.38141015019,155,,,,UBS,BARCL,,,
2026-03-28T12:09:55.434Z,market,trade,TESTE,100022.43995094192,84,,,,MS,CITI,,,
2026-03-28T12:09:55.588Z,market,trade,TESTE,100029.77912290324,113,,,,XP,BTG,,,
2026-03-28T12:09:55.753Z,market,trade,TESTE,100021.77735317043,63,,,,BARCL,ITAU,,,
2026-03-28T12:09:55.906Z,market,trade,TESTE,100020.79779344807,169,,,,UBS,BTG,,,
2026-03-28T12:09:56.062Z,market,trade,TESTE,100026.21579163003,195,,,,BARCL,BTG,,,
2026-03-28T12:09:56.217Z,market,trade,TESTE,100031.15344765382,194,,,,GOLDM,ITAU,,,
2026-03-28T12:09:56.373Z,market,trade,TESTE,100026.41985682362,15,,,,XP,MS,,,
2026-03-28T12:09:56.528Z,market,trade,TESTE,100015.52465848732,75,,,,JPM,XP,,,
2026-03-28T12:09:56.684Z,market,trade,TESTE,100015.01146153749,103,,,,BTG,MS,,,
2026-03-28T12:09:56.839Z,market,trade,TESTE,100025.58710743613,137,,,,XP,JPM,,,
2026-03-28T12:09:56.995Z,market,trade,TESTE,100012.47166045119,185,,,,XP,CS,,,
2026-03-28T12:09:57.149Z,market,trade,TESTE,100027.08297796834,119,,,,XP,BTG,,,
2026-03-28T12:09:57.306Z,market,trade,TESTE,100019.49208041439,50,,,,BTG,GOLDM,,,
2026-03-28T12:09:57.464Z,market,trade,TESTE,100024.0431710994,111,,,,GOLDM,CITI,,,
2026-03-28T12:09:57.619Z,market,trade,TESTE,100036.91917779545,65,,,,BARCL,BTG,,,
2026-03-28T12:09:57.772Z,market,trade,TESTE,100038.21929783678,72,,,,GOLDM,BTG,,,
2026-03-28T12:09:57.937Z,market,trade,TESTE,100029.26850730478,147,,,,CS,XP,,,
2026-03-28T12:09:58.102Z,market,trade,TESTE,100028.23032964318,74,,,,ITAU,ITAU,,,
2026-03-28T12:09:58.253Z,market,trade,TESTE,100042.25839611309,22,,,,MS,UBS,,,
2026-03-28T12:09:58.410Z,market,trade,TESTE,100033.6603393478,32,,,,BTG,UBS,,,
2026-03-28T12:09:58.565Z,market,trade,TESTE,100028.79140445392,129,,,,CS,XP,,,
2026-03-28T12:09:58.723Z,market,trade,TESTE,100031.60255872278,127,,,,XP,MS,,,
2026-03-28T12:09:58.884Z,market,trade,TESTE,100035.23816559618,49,,,,BARCL,BARCL,,,
2026-03-28T12:09:59.040Z,market,trade,TESTE,100031.95382454924,6,,,,CS,CITI,,,
2026-03-28T12:09:59.198Z,market,trade,TESTE,100034.05324126693,200,,,,JPM,GOLDM,,,
2026-03-28T12:09:59.353Z,market,trade,TESTE,100033.31550079379,6,,,,JPM,BARCL,,,
2026-03-28T12:09:59.508Z,market,trade,TESTE,100039.82888924865,142,,,,CITI,GOLDM,,,
2026-03-28T12:09:59.666Z,market,trade,TESTE,100033.94670573062,54,,,,MS,BARCL,,,
2026-03-28T12:09:59.822Z,market,trade,TESTE,100041.23905875605,92,,,,XP,BARCL,,,
2026-03-28T12:09:59.986Z,market,trade,TESTE,100044.13475763855,146,,,,CS,GOLDM,,,
2026-03-28T12:10:00.138Z,market,trade,TESTE,100036.32011805847,179,,,,GOLDM,UBS,,,
2026-03-28T12:10:00.296Z,market,trade,TESTE,100042.7647892248,164,,,,ITAU,BTG,,,
2026-03-28T12:10:00.446Z,market,trade,TESTE,100035.72694586351,148,,,,BARCL,BARCL,,,
2026-03-28T12:10:00.597Z,market,trade,TESTE,100045.85586113838,74,,,,CS,CS,,,
2026-03-28T12:10:00.764Z,market,trade,TESTE,100040.34932621503,57,,,,JPM,MS,,,
2026-03-28T12:10:00.921Z,market,trade,TESTE,100041.6280463334,64,,,,UBS,CS,,,
2026-03-28T12:10:01.077Z,market,trade,TESTE,100048.58409850884,151,,,,BTG,CITI,,,
2026-03-28T12:10:01.231Z,market,trade,TESTE,100039.51658414901,102,,,,UBS,GOLDM,,,
2026-03-28T12:10:01.386Z,market,trade,TESTE,100044.96668691037,44,,,,CS,XP,,,
2026-03-28T12:10:01.540Z,market,trade,TESTE,100034.25134639254,127,,,,XP,MS,,,
2026-03-28T12:10:01.704Z,market,trade,TESTE,100033.88121209035,97,,,,CS,JPM,,,
2026-03-28T12:10:01.865Z,market,trade,TESTE,100040.01734052485,143,,,,ITAU,CS,,,
2026-03-28T12:10:02.018Z,market,trade,TESTE,100025.70177233138,156,,,,BARCL,BARCL,,,
2026-03-28T12:10:02.169Z,market,trade,TESTE,100031.88416887833,65,,,,GOLDM,BARCL,,,
2026-03-28T12:10:02.325Z,market,trade,TESTE,100022.4945584931,11,,,,BARCL,CITI,,,
2026-03-28T12:10:02.484Z,market,trade,TESTE,100027.66159637723,141,,,,CITI,GOLDM,,,
2026-03-28T12:10:02.638Z,market,trade,TESTE,100017.08185347909,79,,,,CITI,BTG,,,
2026-03-28T12:10:02.801Z,market,trade,TESTE,100022.24656525791,126,,,,BARCL,XP,,,
2026-03-28T12:10:02.954Z,market,trade,TESTE,100012.55066677964,131,,,,GOLDM,BARCL,,,
2026-03-28T12:10:03.115Z,market,trade,TESTE,100020.94084843539,132,,,,GOLDM,ITAU,,,
2026-03-28T12:10:03.310Z,market,trade,TESTE,100008.23261192531,110,,,,GOLDM,GOLDM,,,
2026-03-28T12:10:03.475Z,market,trade,TESTE,100007.33292212116,144,,,,ITAU,UBS,,,
2026-03-28T12:10:03.630Z,market,trade,TESTE,100011.46619461828,13,,,,UBS,ITAU,,,
2026-03-28T12:10:03.784Z,market,trade,TESTE,100019.07289279831,176,,,,BARCL,XP,,,
2026-03-28T12:10:03.942Z,market,trade,TESTE,100016.04931016019,145,,,,ITAU,JPM,,,
2026-03-28T12:10:04.098Z,market,trade,TESTE,100009.5396697481,157,,,,BARCL,GOLDM,,,
2026-03-28T12:10:04.257Z,market,trade,TESTE,100011.43523076754,169,,,,XP,BARCL,,,
2026-03-28T12:10:04.424Z,market,trade,TESTE,100023.33090827716,7,,,,CITI,ITAU,,,
2026-03-28T12:10:04.577Z,market,trade,TESTE,100023.01577434996,170,,,,UBS,GOLDM,,,
2026-03-28T12:10:04.737Z,market,trade,TESTE,100018.55558295899,158,,,,CITI,ITAU,,,
2026-03-28T12:10:04.893Z,market,trade,TESTE,100014.86783982435,119,,,,GOLDM,BTG,,,
2026-03-28T12:10:05.048Z,market,trade,TESTE,100005.5574773219,155,,,,CS,CS,,,
2026-03-28T12:10:05.210Z,market,trade,TESTE,100003.03141397581,88,,,,UBS,CS,,,
2026-03-28T12:10:05.386Z,market,trade,TESTE,100015.50559121763,197,,,,UBS,UBS,,,
2026-03-28T12:10:05.541Z,market,trade,TESTE,100013.42927542103,165,,,,UBS,XP,,,
2026-03-28T12:10:05.703Z,market,trade,TESTE,100004.4117928462,50,,,,UBS,CS,,,
2026-03-28T12:10:05.866Z,market,trade,TESTE,100001.54474574814,147,,,,ITAU,ITAU,,,
2026-03-28T12:10:06.019Z,market,trade,TESTE,100013.82735168996,153,,,,CITI,BTG,,,
2026-03-28T12:10:06.170Z,market,trade,TESTE,100007.93747353586,149,,,,GOLDM,CS,,,
2026-03-28T12:10:06.329Z,market,trade,TESTE,100007.29308514083,157,,,,ITAU,CITI,,,
2026-03-28T12:10:06.482Z,market,trade,TESTE,100009.46271433245,200,,,,CITI,BARCL,,,
2026-03-28T12:10:06.637Z,market,trade,TESTE,100022.3981510343,153,,,,UBS,JPM,,,
2026-03-28T12:10:06.804Z,market,trade,TESTE,100026.55124303824,132,,,,GOLDM,ITAU,,,
2026-03-28T12:10:06.963Z,market,trade,TESTE,100024.69604335522,70,,,,JPM,MS,,,
2026-03-28T12:10:07.114Z,market,trade,TESTE,100021.75373450117,30,,,,CITI,BTG,,,
2026-03-28T12:10:07.277Z,market,trade,TESTE,100021.43948849846,186,,,,BTG,MS,,,
2026-03-28T12:10:07.428Z,market,trade,TESTE,100024.89515446346,10,,,,UBS,UBS,,,
2026-03-28T12:10:07.583Z,market,trade,TESTE,100026.10468694953,79,,,,CITI,UBS,,,
2026-03-28T12:10:07.747Z,market,trade,TESTE,100026.03943145927,97,,,,XP,CITI,,,
2026-03-28T12:10:07.909Z,market,trade,TESTE,100012.1070152273,82,,,,CS,CS,,,
2026-03-28T12:10:08.067Z,market,trade,TESTE,100022.0178471453,55,,,,BARCL,ITAU,,,
2026-03-28T12:10:08.220Z,market,trade,TESTE,100014.83269512244,167,,,,GOLDM,UBS,,,
2026-03-28T12:10:08.381Z,market,trade,TESTE,100013.86719625702,184,,,,UBS,GOLDM,,,
2026-03-28T12:10:08.534Z,market,trade,TESTE,100012.50891305339,54,,,,UBS,XP,,,
2026-03-28T12:10:08.688Z,market,trade,TESTE,100011.36427918056,35,,,,MS,BARCL,,,
2026-03-28T12:10:08.850Z,market,trade,TESTE,100019.91405696249,79,,,,CS,JPM,,,
2026-03-28T12:10:09.004Z,market,trade,TESTE,100022.28031486874,58,,,,GOLDM,MS,,,
2026-03-28T12:10:09.167Z,market,trade,TESTE,100009.49486532749,17,,,,CS,CS,,,
2026-03-28T12:10:09.322Z,market,trade,TESTE,100007.69129598793,146,,,,ITAU,CITI,,,
2026-03-28T12:10:09.478Z,market,trade,TESTE,100017.99943387853,165,,,,JPM,XP,,,
2026-03-28T12:10:09.631Z,market,trade,TESTE,100016.0166289877,56,,,,UBS,XP,,,
2026-03-28T12:10:09.781Z,market,trade,TESTE,100013.03355129213,157,,,,UBS,JPM,,,
2026-03-28T12:10:09.934Z,market,trade,TESTE,100001.59082992814,110,,,,UBS,GOLDM,,,
2026-03-28T12:10:10.095Z,market,trade,TESTE,100005.93144683115,77,,,,CS,JPM,,,
2026-03-28T12:10:10.250Z,market,trade,TESTE,100019.40890438615,146,,,,XP,XP,,,
2026-03-28T12:10:10.408Z,market,trade,TESTE,100016.67586789026,120,,,,GOLDM,MS,,,
2026-03-28T12:10:10.564Z,market,trade,TESTE,100003.98894797737,73,,,,BARCL,UBS,,,
2026-03-28T12:10:10.721Z,market,trade,TESTE,100004.657933295,163,,,,ITAU,CS,,,
2026-03-28T12:10:10.875Z,market,trade,TESTE,100004.87079964629,64,,,,XP,GOLDM,,,
2026-03-28T12:10:11.030Z,market,trade,TESTE,100006.07355146996,135,,,,BARCL,GOLDM,,,
2026-03-28T12:10:11.186Z,market,trade,TESTE,100016.36112096132,179,,,,MS,MS,,,
2026-03-28T12:10:11.363Z,market,trade,TESTE,100002.73953430654,36,,,,XP,ITAU,,,
2026-03-28T12:10:11.518Z,market,trade,TESTE,100000.8534605753,200,,,,XP,MS,,,
2026-03-28T12:10:11.679Z,market,trade,TESTE,100003.67132229281,115,,,,UBS,CS,,,
2026-03-28T12:10:11.830Z,market,trade,TESTE,100001.93412146678,191,,,,XP,CS,,,
2026-03-28T12:10:11.986Z,market,trade,TESTE,100010.50642301879,28,,,,CS,XP,,,
2026-03-28T12:10:12.138Z,market,trade,TESTE,100001.45260687583,129,,,,CS,CS,,,
2026-03-28T12:10:12.295Z,market,trade,TESTE,100000.92584666672,95,,,,JPM,CITI,,,
2026-03-28T12:10:12.459Z,market,trade,TESTE,100007.8364904885,106,,,,MS,XP,,,
2026-03-28T12:10:12.615Z,market,trade,TESTE,99993.73000074405,88,,,,CITI,BARCL,,,
2026-03-28T12:10:12.769Z,market,trade,TESTE,100004.28710963365,154,,,,BTG,BARCL,,,
2026-03-28T12:10:12.925Z,market,trade,TESTE,100003.06976425595,19,,,,UBS,ITAU,,,
2026-03-28T12:10:13.082Z,market,trade,TESTE,100004.8623985762,90,,,,MS,UBS,,,
2026-03-28T12:10:13.240Z,market,trade,TESTE,99996.59194340253,90,,,,BTG,UBS,,,
2026-03-28T12:10:13.395Z,market,trade,TESTE,100004.43100802155,52,,,,ITAU,MS,,,
2026-03-28T12:10:13.552Z,market,trade,TESTE,100008.3587508587,40,,,,ITAU,GOLDM,,,
