ts,topic,type,ticker,price,qty,agent,rule,label,buy_agent,sell_agent,previous_delta,current_delta,agent_name
2026-03-31T00:36:33.760Z,market,trade,TESTE,100008.66138263239,135,,,,BTG,UBS,,,
2026-03-31T00:36:33.924Z,market,trade,TESTE,100003.1039357805,143,,,,UBS,MS,,,
2026-03-31T00:36:34.076Z,market,trade,TESTE,99999.70667946608,127,,,,CS,BARCL,,,
2026-03-31T00:36:34.243Z,market,trade,TESTE,100011.72335210879,43,,,,XP,XP,,,
2026-03-31T00:36:34.393Z,market,trade,TESTE,99996.89806965039,192,,,,BARCL,GOLDM,,,
2026-03-31T00:36:34.556Z,market,trade,TESTE,99993.67573645969,197,,,,CITI,CS,,,
2026-03-31T00:36:34.716Z,market,trade,TESTE,100007.70916386823,45,,,,XP,CS,,,
2026-03-31T00:36:34.876Z,market,trade,TESTE,100004.8035671422,69,,,,CS,JPM,,,
2026-03-31T00:36:35.028Z,market,trade,TESTE,100006.95369794755,90,,,,BARCL,UBS,,,
2026-03-31T00:36:35.193Z,market,trade,TESTE,99995.0028698022,33,,,,UBS,MS,,,
2026-03-31T00:36:35.345Z,market,trade,TESTE,100008.26125063321,19,,,,GOLDM,ITAU,,,
2026-03-31T00:36:35.507Z,market,trade,TESTE,100009.0323364919,83,,,,BARCL,BARCL,,,
2026-03-31T00:36:35.659Z,market,flow_inversion,,,,,,,,,135,-42,BTG
2026-03-31T00:36:35.659Z,market,trade,TESTE,99995.47150415623,177,,,,GOLDM,BTG,,,
2026-03-31T00:36:35.809Z,market,trade,TESTE,100005.3210750548,107,,,,GOLDM,ITAU,,,
2026-03-31T00:36:35.962Z,market,trade,TESTE,100007.95236851636,75,,,,CITI,UBS,,,
2026-03-31T00:36:36.124Z,market,trade,TESTE,100004.54305509692,11,,,,BARCL,XP,,,
2026-03-31T00:36:36.276Z,market,trade,TESTE,100008.38636511868,59,,,,ITAU,BARCL,,,
2026-03-31T00:36:36.426Z,market,trade,TESTE,99994.44744818032,170,,,,MS,UBS,,,
2026-03-31T00:36:36.578Z,market,trade,TESTE,100003.97745187354,161,,,,XP,BARCL,,,
2026-03-31T00:36:36.744Z,market,trade,TESTE,99995.00306937975,181,,,,UBS,GOLDM,,,
2026-03-31T00:36:36.907Z,market,trade,TESTE,99997.0887166654,76,,,,BTG,JPM,,,
2026-03-31T00:36:37.060Z,market,trade,TESTE,99999.08054156472,187,,,,CS,JPM,,,
2026-03-31T00:36:37.211Z,market,trade,TESTE,100007.71605182535,182,,,,UBS,CS,,,
2026-03-31T00:36:37.376Z,market,trade,TESTE,100012.13772709096,179,,,,JPM,GOLDM,,,
2026-03-31T00:36:37.541Z,market,trade,TESTE,99997.14326349371,108,,,,GOLDM,ITAU,,,
2026-03-31T00:36:37.695Z,market,trade,TESTE,100009.66337522346,10,,,,UBS,XP,,,
2026-03-31T00:36:37.859Z,market,trade,TESTE,100009.77726294272,85,,,,CS,GOLDM,,,
2026-03-31T00:36:38.010Z,market,trade,TESTE,100001.5819131327,154,,,,BARCL,GOLDM,,,
2026-03-31T00:36:38.163Z,market,trade,TESTE,99999.95251825624,66,,,,MS,MS,,,
2026-03-31T00:36:38.329Z,market,trade,TESTE,100003.23720458003,155,,,,CS,XP,,,
2026-03-31T00:36:38.491Z,market,trade,TESTE,99999.10929286502,61,,,,CS,MS,,,
2026-03-31T00:36:38.643Z,market,trade,TESTE,100006.80206185083,115,,,,BARCL,ITAU,,,
2026-03-31T00:36:38.795Z,market,trade,TESTE,99996.33870090079,79,,,,UBS,GOLDM,,,
2026-03-31T00:36:38.956Z,market,trade,TESTE,100000.46674012057,157,,,,BTG,MS,,,
2026-03-31T00:36:39.107Z,market,trade,TESTE,100008.95660490329,154,,,,CITI,MS,,,
2026-03-31T00:36:39.258Z,market,trade,TESTE,100008.23143043005,132,,,,UBS,ITAU,,,
2026-03-31T00:36:39.410Z,market,trade,TESTE,100008.23002625418,105,,,,XP,MS,,,
2026-03-31T00:36:39.563Z,market,trade,TESTE,100000.47409056757,115,,,,ITAU,BARCL,,,
2026-03-31T00:36:39.727Z,market,trade,TESTE,99999.53801680345,189,,,,ITAU,GOLDM,,,
2026-03-31T00:36:39.891Z,market,trade,TESTE,100002.77704018597,119,,,,JPM,MS,,,
2026-03-31T00:36:40.043Z,market,trade,TESTE,100016.92450091612,38,,,,JPM,BTG,,,
2026-03-31T00:36:40.194Z,market,trade,TESTE,100011.10841854356,45,,,,MS,GOLDM,,,
2026-03-31T00:36:40.357Z,market,trade,TESTE,100012.14114615541,75,,,,CS,JPM,,,
2026-03-31T00:36:40.507Z,market,trade,TESTE,100012.28582238055,60,,,,CS,GOLDM,,,
2026-03-31T00:36:40.661Z,market,trade,TESTE,100009.53103164192,121,,,,CS,ITAU,,,
2026-03-31T00:36:40.826Z,market,trade,TESTE,100015.2552695683,42,,,,MS,GOLDM,,,
2026-03-31T00:36:40.978Z,market,trade,TESTE,100012.31392530467,124,,,,BARCL,MS,,,
2026-03-31T00:36:41.140Z,market,trade,TESTE,100008.28601642713,6,,,,XP,ITAU,,,
2026-03-31T00:36:41.292Z,market,trade,TESTE,100002.43791154228,171,,,,XP,CS,,,
2026-03-31T00:36:41.443Z,market,trade,TESTE,100004.91360006802,165,,,,CS,BARCL,,,
2026-03-31T00:36:41.593Z,market,trade,TESTE,100012.09085575922,110,,,,XP,ITAU,,,
2026-03-31T00:36:41.744Z,market,trade,TESTE,99999.61843623852,20,,,,UBS,BTG,,,
2026-03-31T00:36:41.895Z,market,trade,TESTE,100008.3192790311,114,,,,XP,GOLDM,,,
2026-03-31T00:36:42.059Z,market,trade,TESTE,100000.06926458054,95,,,,CITI,CITI,,,
2026-03-31T00:36:42.210Z,market,trade,TESTE,100008.60824346791,165,,,,JPM,BARCL,,,
2026-03-31T00:36:42.363Z,market,trade,TESTE,99997.82039089293,64,,,,XP,XP,,,
2026-03-31T00:36:42.524Z,market,trade,TESTE,100003.42125189547,103,,,,JPM,XP,,,
2026-03-31T00:36:42.676Z,market,trade,TESTE,100005.19960111081,145,,,,CS,XP,,,
2026-03-31T00:36:42.827Z,market,trade,TESTE,100008.3856611629,118,,,,CS,UBS,,,
2026-03-31T00:36:42.978Z,market,trade,TESTE,100004.93489353897,39,,,,JPM,BTG,,,
2026-03-31T00:36:43.128Z,market,trade,TESTE,100000.00515724867,126,,,,BARCL,BARCL,,,
2026-03-31T00:36:43.291Z,market,trade,TESTE,99987.77107916144,132,,,,ITAU,MS,,,
2026-03-31T00:36:43.444Z,market,trade,TESTE,99989.83794011798,184,,,,BTG,JPM,,,
2026-03-31T00:36:43.595Z,market,trade,TESTE,99992.49621551813,94,,,,CS,BARCL,,,
2026-03-31T00:36:43.759Z,market,trade,TESTE,99989.6300936379,159,,,,JPM,BARCL,,,
2026-03-31T00:36:43.922Z,market,trade,TESTE,100000.69467389524,5,,,,XP,BARCL,,,
2026-03-31T00:36:44.076Z,market,trade,TESTE,99994.67042033101,126,,,,BTG,BTG,,,
2026-03-31T00:36:44.228Z,market,trade,TESTE,99995.91925113059,114,,,,CITI,UBS,,,
2026-03-31T00:36:44.378Z,market,trade,TESTE,99998.05584138042,174,,,,BARCL,XP,,,
2026-03-31T00:36:44.541Z,market,trade,TESTE,100011.35126966306,73,,,,JPM,GOLDM,,,
2026-03-31T00:36:44.696Z,market,trade,TESTE,100015.43765210707,53,,,,JPM,MS,,,
2026-03-31T00:36:44.860Z,market,trade,TESTE,100002.41631994203,95,,,,UBS,MS,,,
2026-03-31T00:36:45.011Z,market,trade,TESTE,100009.0166983848,38,,,,BARCL,XP,,,
2026-03-31T00:36:45.163Z,market,trade,TESTE,100013.02420170994,118,,,,MS,BTG,,,
2026-03-31T00:36:45.322Z,market,trade,TESTE,100003.81186495337,175,,,,CITI,BTG,,,
2026-03-31T00:36:45.479Z,market,trade,TESTE,100004.05939875184,167,,,,CS,JPM,,,
2026-03-31T00:36:45.643Z,market,trade,TESTE,100006.2117858,111,,,,UBS,BTG,,,
2026-03-31T00:36:45.793Z,market,trade,TESTE,100007.94790941874,150,,,,GOLDM,XP,,,
2026-03-31T00:36:45.957Z,market,trade,TESTE,100009.23383074529,133,,,,BARCL,BARCL,,,
2026-03-31T00:36:46.108Z,market,trade,TESTE,100014.30373437215,126,,,,ITAU,BARCL,,,
2026-03-31T00:36:46.259Z,market,trade,TESTE,100011.48333176068,22,,,,BTG,MS,,,
2026-03-31T00:36:46.411Z,market,trade,TESTE,100009.66338204738,31,,,,BTG,BTG,,,
2026-03-31T00:36:46.578Z,market,trade,TESTE,99997.22247324252,62,,,,GOLDM,CS,,,
2026-03-31T00:36:46.728Z,market,trade,TESTE,99994.23917103016,32,,,,CS,JPM,,,
2026-03-31T00:36:46.892Z,market,trade,TESTE,100004.98866734892,90,,,,CS,BARCL,,,
2026-03-31T00:36:47.042Z,market,trade,TESTE,99993.7221759995,104,,,,CS,JPM,,,
2026-03-31T00:36:47.193Z,market,trade,TESTE,100005.46680812267,164,,,,CITI,MS,,,
2026-03-31T00:36:47.357Z,market,trade,TESTE,99997.192912354,52,,,,MS,GOLDM,,,
2026-03-31T00:36:47.509Z,market,trade,TESTE,100000.51429876931,105,,,,JPM,GOLDM,,,
2026-03-31T00:36:47.676Z,market,trade,TESTE,99996.06787130123,91,,,,MS,BTG,,,
2026-03-31T00:36:47.827Z,market,trade,TESTE,100006.42601504823,179,,,,BARCL,BARCL,,,
2026-03-31T00:36:47.979Z,market,trade,TESTE,100003.60634089421,60,,,,CITI,CITI,,,
2026-03-31T00:36:48.140Z,market,trade,TESTE,100005.57023937236,192,,,,MS,GOLDM,,,
2026-03-31T00:36:48.291Z,market,trade,TESTE,99997.58745779152,120,,,,ITAU,BARCL,,,
2026-03-31T00:36:48.443Z,market,trade,TESTE,99994.27327061121,127,,,,XP,BARCL,,,
2026-03-31T00:36:48.595Z,market,trade,TESTE,99995.08439101503,58,,,,XP,GOLDM,,,
2026-03-31T00:36:48.760Z,market,trade,TESTE,100008.78483551061,36,,,,BTG,BTG,,,
2026-03-31T00:36:48.923Z,market,trade,TESTE,99993.91483462669,130,,,,BTG,GOLDM,,,
2026-03-31T00:36:49.079Z,market,trade,TESTE,99996.70393384609,34,,,,BARCL,XP,,,
2026-03-31T00:36:49.243Z,market,trade,TESTE,99992.3452879112,157,,,,BARCL,BTG,,,
2026-03-31T00:36:49.395Z,market,trade,TESTE,99999.21935395595,168,,,,BTG,MS,,,
2026-03-31T00:36:49.558Z,market,trade,TESTE,99991.83120504573,19,,,,MS,JPM,,,
2026-03-31T00:36:49.710Z,market,trade,TESTE,99999.30361692731,73,,,,CITI,JPM,,,
2026-03-31T00:36:49.875Z,market,trade,TESTE,99987.10477816516,133,,,,MS,XP,,,
2026-03-31T00:36:50.027Z,market,trade,TESTE,99989.17068528249,60,,,,XP,XP,,,
2026-03-31T00:36:50.178Z,market,trade,TESTE,99996.41735165368,161,,,,MS,BARCL,,,
2026-03-31T00:36:50.330Z,market,trade,TESTE,99989.34217434317,187,,,,BARCL,XP,,,
2026-03-31T00:36:50.493Z,market,trade,TESTE,99990.32765277204,81,,,,GOLDM,MS,,,
2026-03-31T00:36:50.643Z,market,trade,TESTE,100001.542595753,83,,,,BARCL,UBS,,,
2026-03-31T00:36:50.795Z,market,trade,TESTE,100004.35751969101,55,,,,CS,GOLDM,,,
2026-03-31T00:36:50.956Z,market,trade,TESTE,99998.94056228409,148,,,,GOLDM,CITI,,,
2026-03-31T00:36:51.108Z,market,trade,TESTE,99995.49891905402,74,,,,MS,UBS,,,
2026-03-31T00:36:51.259Z,market,trade,TESTE,99990.98585443263,166,,,,CS,XP,,,
2026-03-31T00:36:51.411Z,market,trade,TESTE,99992.53672393876,139,,,,UBS,XP,,,
2026-03-31T00:36:51.561Z,market,trade,TESTE,100006.99782406026,89,,,,MS,ITAU,,,
2026-03-31T00:36:51.726Z,market,trade,TESTE,99996.03596705344,144,,,,MS,CS,,,
2026-03-31T00:36:51.891Z,market,trade,TESTE,100010.4347046544,102,,,,XP,GOLDM,,,
2026-03-31T00:36:52.046Z,market,trade,TESTE,100004.9922011309,51,,,,GOLDM,UBS,,,
2026-03-31T00:36:52.210Z,market,trade,TESTE,100017.92229734197,158,,,,JPM,XP,,,
2026-03-31T00:36:52.362Z,market,trade,TESTE,100007.20509917432,62,,,,CS,XP,,,
2026-03-31T00:36:52.527Z,market,trade,TESTE,100008.38092474974,189,,,,BARCL,ITAU,,,
2026-03-31T00:36:52.680Z,market,trade,TESTE,100013.04168353113,24,,,,MS,CS,,,
2026-03-31T00:36:52.843Z,market,trade,TESTE,100009.71294889491,90,,,,GOLDM,JPM,,,
2026-03-31T00:36:52.995Z,market,trade,TESTE,100008.49204381747,149,,,,CS,ITAU,,,
2026-03-31T00:36:53.158Z,market,trade,TESTE,100016.98244103417,6,,,,GOLDM,XP,,,
2026-03-31T00:36:53.324Z,market,trade,TESTE,100010.33490555701,138,,,,MS,ITAU,,,
2026-03-31T00:36:53.475Z,market,trade,TESTE,100019.90150398469,170,,,,GOLDM,JPM,,,
2026-03-31T00:36:53.627Z,market,trade,TESTE,100016.8309286314,159,,,,JPM,UBS,,,
2026-03-31T00:36:53.778Z,market,trade,TESTE,100006.83242110339,21,,,,ITAU,BTG,,,
2026-03-31T00:36:53.929Z,market,trade,TESTE,100003.77291705254,92,,,,GOLDM,CS,,,
2026-03-31T00:36:54.091Z,market,trade,TESTE,100006.52582363803,106,,,,CITI,BARCL,,,
2026-03-31T00:36:54.243Z,market,trade,TESTE,100012.22793517038,137,,,,MS,BTG,,,
2026-03-31T00:36:54.393Z,market,trade,TESTE,100009.3848356627,94,,,,XP,BARCL,,,
2026-03-31T00:36:54.544Z,market,trade,TESTE,100013.14125954757,135,,,,CITI,CITI,,,
2026-03-31T00:36:54.695Z,market,trade,TESTE,100011.83872216918,78,,,,GOLDM,BTG,,,
2026-03-31T00:36:54.858Z,market,trade,TESTE,100004.25830161752,97,,,,JPM,ITAU,,,
2026-03-31T00:36:55.010Z,market,trade,TESTE,100004.82246579094,95,,,,MS,XP,,,
2026-03-31T00:36:55.162Z,market,trade,TESTE,100012.01710114552,116,,,,BTG,MS,,,
2026-03-31T00:36:55.323Z,market,trade,TESTE,100009.37704969263,174,,,,UBS,MS,,,
2026-03-31T00:36:55.475Z,market,trade,TESTE,100007.4949915235,68,,,,XP,JPM,,,
2026-03-31T00:36:55.627Z,market,trade,TESTE,99998.71255861464,145,,,,JPM,XP,,,
2026-03-31T00:36:55.777Z,market,trade,TESTE,100000.55491683852,99,,,,CS,XP,,,
2026-03-31T00:36:55.940Z,market,trade,TESTE,100000.3366936062,176,,,,ITAU,GOLDM,,,
2026-03-31T00:36:56.092Z,market,trade,TESTE,100000.77073945002,199,,,,CITI,BTG,,,
2026-03-31T00:36:56.243Z,market,trade,TESTE,100011.60627099457,176,,,,ITAU,UBS,,,
2026-03-31T00:36:56.393Z,market,trade,TESTE,100001.56603907722,87,,,,BARCL,GOLDM,,,
2026-03-31T00:36:56.544Z,market,trade,TESTE,99998.22519096435,73,,,,ITAU,JPM,,,
2026-03-31T00:36:56.695Z,market,trade,TESTE,99998.38195347595,60,,,,MS,XP,,,
2026-03-31T00:36:56.859Z,market,trade,TESTE,99999.3659213488,189,,,,JPM,XP,,,
2026-03-31T00:36:57.026Z,market,trade,TESTE,100009.29441648674,188,,,,UBS,UBS,,,
2026-03-31T00:36:57.178Z,market,trade,TESTE,100008.50024460451,110,,,,GOLDM,XP,,,
2026-03-31T00:36:57.340Z,market,trade,TESTE,100007.97190898527,158,,,,MS,CS,,,
2026-03-31T00:36:57.495Z,market,trade,TESTE,100012.39730076016,35,,,,BARCL,CS,,,
2026-03-31T00:36:57.660Z,market,trade,TESTE,100000.85974007842,26,,,,XP,UBS,,,
2026-03-31T00:36:57.811Z,market,trade,TESTE,100001.82392212695,143,,,,MS,CS,,,
2026-03-31T00:36:57.963Z,market,trade,TESTE,100002.14220589273,118,,,,JPM,GOLDM,,,
2026-03-31T00:36:58.124Z,market,trade,TESTE,100016.92105815884,181,,,,BARCL,GOLDM,,,
2026-03-31T00:36:58.275Z,market,trade,TESTE,100021.78593364732,88,,,,CS,MS,,,
2026-03-31T00:36:58.426Z,market,trade,TESTE,100020.81991924888,12,,,,CITI,GOLDM,,,
2026-03-31T00:36:58.578Z,market,trade,TESTE,100015.91267681582,133,,,,MS,BTG,,,
2026-03-31T00:36:58.730Z,market,trade,TESTE,100013.41623577786,13,,,,JPM,ITAU,,,
2026-03-31T00:36:58.891Z,market,trade,TESTE,100002.9348129933,90,,,,BARCL,GOLDM,,,
2026-03-31T00:36:59.042Z,market,trade,TESTE,100008.79251056915,183,,,,UBS,GOLDM,,,
2026-03-31T00:36:59.193Z,market,trade,TESTE,100010.93602748527,75,,,,MS,MS,,,
2026-03-31T00:36:59.357Z,market,trade,TESTE,100012.25199557592,90,,,,JPM,BARCL,,,
2026-03-31T00:36:59.508Z,market,trade,TESTE,99999.7631736986,45,,,,BARCL,GOLDM,,,
2026-03-31T00:36:59.660Z,market,trade,TESTE,99997.66607091304,71,,,,BTG,ITAU,,,
2026-03-31T00:36:59.827Z,market,trade,TESTE,100003.72282962553,34,,,,XP,BTG,,,
2026-03-31T00:36:59.978Z,market,trade,TESTE,99991.18586584872,141,,,,CS,BARCL,,,
2026-03-31T00:37:00.141Z,market,trade,TESTE,100004.00973584468,96,,,,JPM,CITI,,,
2026-03-31T00:37:00.293Z,market,trade,TESTE,100008.33101005266,143,,,,JPM,JPM,,,
2026-03-31T00:37:00.459Z,market,trade,TESTE,100008.11659157218,114,,,,JPM,MS,,,
2026-03-31T00:37:00.610Z,market,trade,TESTE,100005.1725116683,39,,,,XP,XP,,,
2026-03-31T00:37:00.762Z,market,trade,TESTE,99998.75799243405,177,,,,GOLDM,GOLDM,,,
2026-03-31T00:37:00.923Z,market,trade,TESTE,100000.6524903857,171,,,,BARCL,CS,,,
2026-03-31T00:37:01.079Z,market,trade,TESTE,100000.29136107299,100,,,,BTG,XP,,,
2026-03-31T00:37:01.243Z,market,trade,TESTE,99997.03006867808,90,,,,MS,CITI,,,
2026-03-31T00:37:01.394Z,market,trade,TESTE,100009.21286108617,56,,,,GOLDM,MS,,,
2026-03-31T00:37:01.557Z,market,trade,TESTE,100000.33389797516,107,,,,XP,UBS,,,
2026-03-31T00:37:01.711Z,market,trade,TESTE,100006.64250249772,193,,,,CITI,UBS,,,
2026-03-31T00:37:01.875Z,market,trade,TESTE,99995.85497777088,134,,,,BTG,ITAU,,,
2026-03-31T00:37:02.027Z,market,trade,TESTE,99998.14729768388,192,,,,MS,CS,,,
2026-03-31T00:37:02.178Z,market,trade,TESTE,99999.85092305018,76,,,,BARCL,CITI,,,
2026-03-31T00:37:02.330Z,market,trade,TESTE,100001.11805637792,189,,,,ITAU,XP,,,
2026-03-31T00:37:02.491Z,market,trade,TESTE,100008.00854130065,48,,,,BARCL,CS,,,
2026-03-31T00:37:02.643Z,market,trade,TESTE,100007.42749768042,141,,,,JPM,BTG,,,
2026-03-31T00:37:02.794Z,market,trade,TESTE,100001.84768982996,46,,,,ITAU,JPM,,,
2026-03-31T00:37:02.956Z,market,trade,TESTE,100005.84620458815,106,,,,XP,BTG,,,
2026-03-31T00:37:03.106Z,market,trade,TESTE,100005.15725971974,138,,,,BTG,UBS,,,
2026-03-31T00:37:03.259Z,market,trade,TESTE,100016.60492468374,63,,,,UBS,UBS,,,
2026-03-31T00:37:03.409Z,market,trade,TESTE,100015.54255626806,47,,,,GOLDM,ITAU,,,
2026-03-31T00:37:03.561Z,market,trade,TESTE,100006.69976695439,189,,,,CITI,BARCL,,,
2026-03-31T00:37:03.712Z,market,trade,TESTE,100013.17367709923,154,,,,BTG,UBS,,,
2026-03-31T00:37:03.874Z,market,trade,TESTE,99999.35402683797,183,,,,ITAU,MS,,,
2026-03-31T00:37:04.028Z,market,trade,TESTE,100001.4236057747,174,,,,XP,MS,,,
2026-03-31T00:37:04.178Z,market,trade,TESTE,100014.45851903014,157,,,,BTG,MS,,,
2026-03-31T00:37:04.339Z,market,trade,TESTE,100006.3234319141,35,,,,CS,MS,,,
2026-03-31T00:37:04.491Z,market,trade,TESTE,100020.17243218595,71,,,,BTG,MS,,,
2026-03-31T00:37:04.643Z,market,trade,TESTE,100017.22875338083,14,,,,JPM,ITAU,,,
2026-03-31T00:37:04.794Z,market,trade,TESTE,100014.9657844309,103,,,,BARCL,BARCL,,,
2026-03-31T00:37:04.956Z,market,trade,TESTE,100000.95354428694,37,,,,CS,JPM,,,
2026-03-31T00:37:05.125Z,market,trade,TESTE,100008.28566023582,95,,,,CITI,JPM,,,
2026-03-31T00:37:05.278Z,market,trade,TESTE,100006.91740368101,197,,,,CS,JPM,,,
2026-03-31T00:37:05.443Z,market,trade,TESTE,99997.55764559293,13,,,,JPM,GOLDM,,,
2026-03-31T00:37:05.594Z,market,trade,TESTE,100011.58265734048,162,,,,ITAU,BTG,,,
2026-03-31T00:37:05.760Z,market,trade,TESTE,100001.30219662668,89,,,,ITAU,MS,,,
2026-03-31T00:37:05.911Z,market,trade,TESTE,99998.92808630479,63,,,,BARCL,BTG,,,
2026-03-31T00:37:06.075Z,market,trade,TESTE,100009.30362436005,147,,,,BTG,ITAU,,,
2026-03-31T00:37:06.227Z,market,trade,TESTE,99999.88335786857,118,,,,GOLDM,GOLDM,,,
2026-03-31T00:37:06.381Z,market,trade,TESTE,100006.11436192479,47,,,,GOLDM,UBS,,,
2026-03-31T00:37:06.539Z,market,trade,TESTE,100001.86527145669,7,,,,JPM,XP,,,
2026-03-31T00:37:06.697Z,market,trade,TESTE,99996.70462136081,100,,,,CITI,MS,,,
2026-03-31T00:37:06.859Z,market,trade,TESTE,100003.46279939552,86,,,,CS,CITI,,,
2026-03-31T00:37:07.010Z,market,trade,TESTE,99989.4887824429,118,,,,BARCL,JPM,,,
2026-03-31T00:37:07.162Z,market,trade,TESTE,99999.15482833983,105,,,,CS,BARCL,,,
2026-03-31T00:37:07.323Z,market,trade,TESTE,99988.12411646177,61,,,,UBS,JPM,,,
2026-03-31T00:37:07.475Z,market,trade,TESTE,99998.57684736086,94,,,,MS,BTG,,,
2026-03-31T00:37:07.627Z,market,trade,TESTE,99985.66377151237,70,,,,UBS,XP,,,
2026-03-31T00:37:07.778Z,market,trade,TESTE,99997.94868122236,143,,,,XP,GOLDM,,,
2026-03-31T00:37:07.943Z,market,trade,TESTE,99991.80984477239,177,,,,BTG,BTG,,,
2026-03-31T00:37:08.106Z,market,trade,TESTE,99993.9013346766,35,,,,MS,XP,,,
2026-03-31T00:37:08.259Z,market,trade,TESTE,99994.66299430441,24,,,,MS,UBS,,,
2026-03-31T00:37:08.409Z,market,trade,TESTE,99990.66870400734,124,,,,UBS,ITAU,,,
2026-03-31T00:37:08.563Z,market,trade,TESTE,99998.52108273417,101,,,,BTG,CS,,,
2026-03-31T00:37:08.727Z,market,trade,TESTE,99994.82093083496,178,,,,CS,BTG,,,
2026-03-31T00:37:08.890Z,market,trade,TESTE,99982.77994061648,57,,,,UBS,CITI,,,
2026-03-31T00:37:09.042Z,market,trade,TESTE,99993.77200171525,78,,,,BTG,MS,,,
2026-03-31T00:37:09.194Z,market,trade,TESTE,99993.6864212435,151,,,,MS,ITAU,,,
2026-03-31T00:37:09.356Z,market,trade,TESTE,99985.12185674664,14,,,,MS,GOLDM,,,
2026-03-31T00:37:09.511Z,market,trade,TESTE,99981.07591865829,89,,,,JPM,MS,,,
2026-03-31T00:37:09.677Z,market,trade,TESTE,99995.24843731883,150,,,,BTG,MS,,,
2026-03-31T00:37:09.828Z,market,trade,TESTE,100000.17618507975,41,,,,CITI,BARCL,,,
2026-03-31T00:37:09.994Z,market,trade,TESTE,100002.38737447557,139,,,,BARCL,BARCL,,,
2026-03-31T00:37:10.156Z,market,trade,TESTE,99998.57439939227,168,,,,JPM,GOLDM,,,
2026-03-31T00:37:10.322Z,market,trade,TESTE,100002.43507190184,20,,,,ITAU,GOLDM,,,
2026-03-31T00:37:10.474Z,market,trade,TESTE,100000.87769604956,103,,,,BARCL,GOLDM,,,
2026-03-31T00:37:10.626Z,market,trade,TESTE,99993.39226639285,184,,,,GOLDM,MS,,,
2026-03-31T00:37:10.778Z,market,trade,TESTE,99989.26068032702,20,,,,MS,ITAU,,,
2026-03-31T00:37:10.940Z,market,trade,TESTE,99992.73397546216,109,,,,ITAU,UBS,,,
2026-03-31T00:37:11.091Z,market,trade,TESTE,100005.80898418243,170,,,,GOLDM,GOLDM,,,
2026-03-31T00:37:11.242Z,market,trade,TESTE,99994.46216030131,98,,,,UBS,GOLDM,,,
2026-03-31T00:37:11.394Z,market,trade,TESTE,99996.76289611327,164,,,,UBS,JPM,,,
2026-03-31T00:37:11.557Z,market,trade,TESTE,99997.51950134957,125,,,,XP,XP,,,
2026-03-31T00:37:11.710Z,market,trade,TESTE,99993.24518569229,63,,,,BARCL,CITI,,,
2026-03-31T00:37:11.874Z,market,trade,TESTE,99990.67382506457,96,,,,GOLDM,UBS,,,
2026-03-31T00:37:12.027Z,market,trade,TESTE,100001.36852484976,120,,,,CS,CS,,,
2026-03-31T00:37:12.178Z,market,trade,TESTE,99995.02091199145,107,,,,GOLDM,BARCL,,,
2026-03-31T00:37:12.338Z,market,trade,TESTE,100000.30902291996,96,,,,GOLDM,BTG,,,
2026-03-31T00:37:12.490Z,market,trade,TESTE,99987.67639436066,172,,,,ITAU,CITI,,,
2026-03-31T00:37:12.642Z,market,trade,TESTE,99997.62071896627,31,,,,BTG,CS,,,
2026-03-31T00:37:12.793Z,market,trade,TESTE,99994.68442372217,84,,,,ITAU,CITI,,,
2026-03-31T00:37:12.957Z,market,trade,TESTE,99983.05172550851,155,,,,GOLDM,CS,,,
2026-03-31T00:37:13.110Z,market,trade,TESTE,99991.823379197,172,,,,BARCL,BARCL,,,
2026-03-31T00:37:13.275Z,market,trade,TESTE,99994.92740771724,40,,,,CS,CS,,,
2026-03-31T00:37:13.427Z,market,trade,TESTE,99990.9316725414,156,,,,JPM,CS,,,
2026-03-31T00:37:13.578Z,market,trade,TESTE,99989.76161870507,71,,,,CITI,GOLDM,,,
2026-03-31T00:37:13.744Z,market,trade,TESTE,99984.95741413928,101,,,,CS,CS,,,
2026-03-31T00:37:13.905Z,market,trade,TESTE,99979.6810931935,8,,,,CS,BARCL,,,
2026-03-31T00:37:14.060Z,market,trade,TESTE,99988.66793995409,53,,,,UBS,GOLDM,,,
2026-03-31T00:37:14.211Z,market,trade,TESTE,99992.40865705496,149,,,,JPM,XP,,,
2026-03-31T00:37:14.362Z,market,trade,TESTE,99989.16964829675,62,,,,CITI,UBS,,,
2026-03-31T00:37:14.523Z,market,trade,TESTE,99977.737798113,20,,,,CITI,BTG,,,
2026-03-31T00:37:14.675Z,market,trade,TESTE,99991.8924805697,25,,,,BARCL,GOLDM,,,
2026-03-31T00:37:14.827Z,market,trade,TESTE,99983.93899563297,11,,,,ITAU,XP,,,
2026-03-31T00:37:14.978Z,market,trade,TESTE,99978.95834829201,88,,,,MS,BARCL,,,
2026-03-31T00:37:15.140Z,market,trade,TESTE,99992.79163715856,46,,,,BARCL,GOLDM,,,
2026-03-31T00:37:15.292Z,market,trade,TESTE,99984.3128454527,63,,,,JPM,CS,,,
2026-03-31T00:37:15.442Z,market,trade,TESTE,99987.74437244267,62,,,,JPM,CS,,,
2026-03-31T00:37:15.595Z,market,trade,TESTE,99987.78083006649,31,,,,CITI,JPM,,,
2026-03-31T00:37:15.760Z,market,trade,TESTE,100000.19952832467,63,,,,ITAU,XP,,,
2026-03-31T00:37:15.924Z,market,trade,TESTE,100000.8958709979,43,,,,GOLDM,UBS,,,
2026-03-31T00:37:16.075Z,market,trade,TESTE,99985.92517135103,155,,,,UBS,MS,,,
2026-03-31T00:37:16.227Z,market,trade,TESTE,99987.46144186359,10,,,,XP,CITI,,,
2026-03-31T00:37:16.377Z,market,trade,TESTE,99989.43842120763,194,,,,CS,JPM,,,
2026-03-31T00:37:16.540Z,market,trade,TESTE,99987.36259416476,199,,,,ITAU,BARCL,,,
2026-03-31T00:37:16.693Z,market,trade,TESTE,99995.13679453323,142,,,,JPM,JPM,,,
2026-03-31T00:37:16.843Z,market,trade,TESTE,99980.44011754797,160,,,,GOLDM,ITAU,,,
2026-03-31T00:37:16.994Z,market,trade,TESTE,99983.51789695893,42,,,,BARCL,JPM,,,
2026-03-31T00:37:17.158Z,market,trade,TESTE,99989.91223728949,83,,,,CS,BTG,,,
2026-03-31T00:37:17.323Z,market,trade,TESTE,99989.16803991538,136,,,,BARCL,UBS,,,
2026-03-31T00:37:17.475Z,market,trade,TESTE,99991.21236372332,11,,,,GOLDM,MS,,,
2026-03-31T00:37:17.626Z,market,trade,TESTE,99990.51510584816,76,,,,MS,JPM,,,
2026-03-31T00:37:17.776Z,market,trade,TESTE,99976.79393230422,144,,,,BTG,JPM,,,
2026-03-31T00:37:17.927Z,market,trade,TESTE,99989.74001458571,44,,,,GOLDM,CITI,,,
2026-03-31T00:37:18.092Z,market,trade,TESTE,99977.55051386301,150,,,,MS,XP,,,
2026-03-31T00:37:18.243Z,market,trade,TESTE,99974.16820659074,121,,,,XP,MS,,,
2026-03-31T00:37:18.394Z,market,trade,TESTE,99977.15565393807,108,,,,BTG,MS,,,
2026-03-31T00:37:18.556Z,market,trade,TESTE,99988.11114523842,89,,,,BTG,UBS,,,
2026-03-31T00:37:18.711Z,market,trade,TESTE,99982.36051601343,59,,,,JPM,GOLDM,,,
2026-03-31T00:37:18.874Z,market,trade,TESTE,99977.85446845024,146,,,,CS,CS,,,
2026-03-31T00:37:19.027Z,market,trade,TESTE,99982.67191136732,156,,,,XP,BTG,,,
2026-03-31T00:37:19.178Z,market,trade,TESTE,99983.90265782758,93,,,,UBS,GOLDM,,,
2026-03-31T00:37:19.339Z,market,trade,TESTE,99986.419700213,47,,,,JPM,XP,,,
2026-03-31T00:37:19.491Z,market,trade,TESTE,99998.42269554907,101,,,,MS,CITI,,,
2026-03-31T00:37:19.643Z,market,trade,TESTE,99996.43426429806,119,,,,GOLDM,MS,,,
2026-03-31T00:37:19.793Z,market,trade,TESTE,99999.42250873393,11,,,,UBS,UBS,,,
2026-03-31T00:37:19.955Z,market,trade,TESTE,99989.20771256473,176,,,,CITI,CITI,,,
2026-03-31T00:37:20.106Z,market,trade,TESTE,99988.73468728765,72,,,,CS,MS,,,
2026-03-31T00:37:20.258Z,market,trade,TESTE,99996.72872347145,166,,,,CITI,BTG,,,
2026-03-31T00:37:20.411Z,market,trade,TESTE,99992.65318257846,157,,,,CS,JPM,,,
2026-03-31T00:37:20.563Z,market,trade,TESTE,99991.25528426204,54,,,,ITAU,BTG,,,
2026-03-31T00:37:20.727Z,market,trade,TESTE,99994.26163387002,126,,,,BARCL,CS,,,
2026-03-31T00:37:20.877Z,market,trade,TESTE,99994.01144229765,52,,,,ITAU,ITAU,,,
2026-03-31T00:37:21.042Z,market,trade,TESTE,99997.17431459801,58,,,,CS,XP,,,
2026-03-31T00:37:21.193Z,market,trade,TESTE,99996.69570403204,91,,,,MS,MS,,,
2026-03-31T00:37:21.356Z,market,trade,TESTE,100001.31462380326,62,,,,XP,JPM,,,
2026-03-31T00:37:21.512Z,market,trade,TESTE,100001.22496773856,123,,,,CS,BARCL,,,
2026-03-31T00:37:21.675Z,market,trade,TESTE,99996.11481305813,187,,,,CITI,MS,,,
2026-03-31T00:37:21.827Z,market,trade,TESTE,100001.38775112953,89,,,,CITI,JPM,,,
2026-03-31T00:37:21.978Z,market,trade,TESTE,100005.86118832939,38,,,,BTG,BARCL,,,
2026-03-31T00:37:22.139Z,market,trade,TESTE,100006.24474387124,59,,,,GOLDM,BARCL,,,
2026-03-31T00:37:22.291Z,market,trade,TESTE,99999.0947699784,102,,,,ITAU,JPM,,,
2026-03-31T00:37:22.442Z,market,trade,TESTE,100005.74308921608,16,,,,ITAU,BARCL,,,
2026-03-31T00:37:22.594Z,market,trade,TESTE,100009.63634882086,67,,,,CITI,UBS,,,
2026-03-31T00:37:22.747Z,market,trade,TESTE,100006.29983251182,140,,,,MS,GOLDM,,,
2026-03-31T00:37:22.907Z,market,trade,TESTE,100009.82792403622,82,,,,BARCL,BTG,,,
2026-03-31T00:37:23.059Z,market,trade,TESTE,100014.11232582765,116,,,,BTG,CS,,,
2026-03-31T00:37:23.211Z,market,trade,TESTE,100005.96552090804,82,,,,BTG,CITI,,,
2026-03-31T00:37:23.373Z,market,trade,TESTE,100013.24850023977,166,,,,XP,CS,,,
2026-03-31T00:37:23.524Z,market,trade,TESTE,100012.0470785818,104,,,,CITI,XP,,,
2026-03-31T00:37:23.679Z,market,trade,TESTE,100015.23388378041,20,,,,CITI,BARCL,,,
2026-03-31T00:37:23.843Z,market,trade,TESTE,100008.65681279395,175,,,,BARCL,JPM,,,
2026-03-31T00:37:23.994Z,market,trade,TESTE,100022.71830160897,188,,,,MS,BTG,,,
2026-03-31T00:37:24.156Z,market,trade,TESTE,100019.76388868727,19,,,,BTG,XP,,,
2026-03-31T00:37:24.322Z,market,trade,TESTE,100020.09634896055,49,,,,JPM,CS,,,
2026-03-31T00:37:24.475Z,market,trade,TESTE,100017.4228481537,9,,,,JPM,JPM,,,
2026-03-31T00:37:24.626Z,market,trade,TESTE,100004.80493479302,101,,,,CS,XP,,,
2026-03-31T00:37:24.778Z,market,trade,TESTE,100017.19452838096,121,,,,BTG,JPM,,,
2026-03-31T00:37:24.939Z,market,trade,TESTE,100008.3531468071,85,,,,ITAU,UBS,,,
2026-03-31T00:37:25.094Z,market,trade,TESTE,100008.91141347609,23,,,,JPM,BTG,,,
2026-03-31T00:37:25.258Z,market,trade,TESTE,100011.86593860247,64,,,,MS,UBS,,,
2026-03-31T00:37:25.410Z,market,trade,TESTE,100020.71472987733,157,,,,XP,GOLDM,,,
2026-03-31T00:37:25.561Z,market,trade,TESTE,100012.44833334646,64,,,,BARCL,BTG,,,
2026-03-31T00:37:25.712Z,market,trade,TESTE,100016.15823651476,199,,,,BARCL,XP,,,
2026-03-31T00:37:25.877Z,market,trade,TESTE,100023.9196822634,86,,,,JPM,MS,,,
2026-03-31T00:37:26.043Z,market,trade,TESTE,100022.57580697974,16,,,,BARCL,BTG,,,
2026-03-31T00:37:26.194Z,market,trade,TESTE,100010.71374428441,137,,,,CS,XP,,,
2026-03-31T00:37:26.360Z,market,trade,TESTE,100021.18092189461,139,,,,CITI,GOLDM,,,
2026-03-31T00:37:26.523Z,market,trade,TESTE,100007.83693548001,70,,,,JPM,CITI,,,
2026-03-31T00:37:26.674Z,market,trade,TESTE,100009.95179221556,192,,,,BARCL,UBS,,,
2026-03-31T00:37:26.826Z,market,trade,TESTE,100012.2688411571,24,,,,CITI,CS,,,
2026-03-31T00:37:26.977Z,market,trade,TESTE,100007.6580161618,81,,,,JPM,CITI,,,
2026-03-31T00:37:27.137Z,market,trade,TESTE,100014.87596440186,38,,,,CS,JPM,,,
2026-03-31T00:37:27.292Z,market,trade,TESTE,100001.56681878527,27,,,,CS,MS,,,
2026-03-31T00:37:27.457Z,market,trade,TESTE,100003.3446497132,189,,,,GOLDM,CITI,,,
2026-03-31T00:37:27.610Z,market,trade,TESTE,100003.87139416396,72,,,,CS,CS,,,
2026-03-31T00:37:27.763Z,market,trade,TESTE,100011.71818725437,56,,,,GOLDM,CS,,,
2026-03-31T00:37:27.925Z,market,trade,TESTE,100002.01464301623,168,,,,BTG,ITAU,,,
2026-03-31T00:37:28.090Z,market,trade,TESTE,99999.98955454912,185,,,,BTG,GOLDM,,,
2026-03-31T00:37:28.243Z,market,trade,TESTE,100013.15552816089,88,,,,MS,GOLDM,,,
2026-03-31T00:37:28.394Z,market,trade,TESTE,100016.91721348929,93,,,,CS,BARCL,,,
2026-03-31T00:37:28.556Z,market,trade,TESTE,100003.4152389411,108,,,,CS,XP,,,
2026-03-31T00:37:28.712Z,market,trade,TESTE,100016.89769009221,44,,,,CITI,GOLDM,,,
2026-03-31T00:37:28.874Z,market,trade,TESTE,100016.57844623519,169,,,,CS,CITI,,,
2026-03-31T00:37:29.026Z,market,trade,TESTE,100009.39043953385,172,,,,CITI,JPM,,,
2026-03-31T00:37:29.177Z,market,trade,TESTE,100009.29201231929,85,,,,BARCL,XP,,,
2026-03-31T00:37:29.343Z,market,trade,TESTE,100010.6040043199,76,,,,BARCL,BARCL,,,
2026-03-31T00:37:29.507Z,market,trade,TESTE,100011.12093799443,92,,,,CS,ITAU,,,
2026-03-31T00:37:29.659Z,market,trade,TESTE,100019.37175557546,178,,,,XP,GOLDM,,,
2026-03-31T00:37:29.810Z,market,trade,TESTE,100021.26534640718,198,,,,MS,ITAU,,,
2026-03-31T00:37:29.961Z,market,trade,TESTE,100024.67468980036,25,,,,MS,CS,,,
2026-03-31T00:37:30.123Z,market,trade,TESTE,100023.01020220538,152,,,,MS,UBS,,,
2026-03-31T00:37:30.274Z,market,trade,TESTE,100016.78357139076,69,,,,BARCL,UBS,,,
2026-03-31T00:37:30.427Z,market,trade,TESTE,100018.55282640933,80,,,,JPM,CS,,,
2026-03-31T00:37:30.577Z,market,trade,TESTE,100015.30187104063,186,,,,UBS,GOLDM,,,
2026-03-31T00:37:30.742Z,market,trade,TESTE,100019.99052962786,36,,,,UBS,BTG,,,
2026-03-31T00:37:30.894Z,market,trade,TESTE,100029.75357354638,24,,,,UBS,CS,,,
2026-03-31T00:37:31.060Z,market,trade,TESTE,100021.48621713152,21,,,,GOLDM,MS,,,
2026-03-31T00:37:31.211Z,market,trade,TESTE,100017.86008000979,71,,,,UBS,GOLDM,,,
2026-03-31T00:37:31.362Z,market,trade,TESTE,100020.5013716682,158,,,,JPM,UBS,,,
2026-03-31T00:37:31.524Z,market,trade,TESTE,100022.91416954712,169,,,,BTG,ITAU,,,
2026-03-31T00:37:31.674Z,market,trade,TESTE,100022.0900593688,49,,,,BTG,MS,,,
2026-03-31T00:37:31.826Z,market,trade,TESTE,100018.24655357908,98,,,,GOLDM,BTG,,,
2026-03-31T00:37:31.978Z,market,trade,TESTE,100015.42672927123,105,,,,BARCL,CITI,,,
2026-03-31T00:37:32.140Z,market,trade,TESTE,100028.52481140832,31,,,,ITAU,GOLDM,,,
2026-03-31T00:37:32.295Z,market,trade,TESTE,100033.36490959876,175,,,,ITAU,CITI,,,
2026-03-31T00:37:32.459Z,market,trade,TESTE,100019.75162000602,197,,,,MS,BARCL,,,
2026-03-31T00:37:32.609Z,market,trade,TESTE,100030.29660679077,68,,,,MS,GOLDM,,,
2026-03-31T00:37:32.760Z,market,trade,TESTE,100017.30199605454,175,,,,XP,JPM,,,
2026-03-31T00:37:32.911Z,market,trade,TESTE,100014.64888132659,12,,,,BARCL,XP,,,
2026-03-31T00:37:33.075Z,market,trade,TESTE,100014.8224384738,133,,,,CITI,MS,,,
2026-03-31T00:37:33.227Z,market,trade,TESTE,100015.50452087961,45,,,,MS,MS,,,
2026-03-31T00:37:33.377Z,market,trade,TESTE,100010.7947426897,184,,,,GOLDM,UBS,,,
2026-03-31T00:37:33.530Z,market,trade,TESTE,100023.64141343065,5,,,,BTG,MS,,,
2026-03-31T00:37:33.691Z,market,trade,TESTE,100018.12600723561,82,,,,GOLDM,BTG,,,
2026-03-31T00:37:33.842Z,market,trade,TESTE,100015.41784615486,138,,,,XP,BTG,,,
2026-03-31T00:37:33.993Z,market,trade,TESTE,100013.9695670889,160,,,,MS,BARCL,,,
2026-03-31T00:37:34.156Z,market,trade,TESTE,100023.35693246366,197,,,,CITI,GOLDM,,,
2026-03-31T00:37:34.320Z,market,trade,TESTE,100008.96340325344,44,,,,MS,BARCL,,,
2026-03-31T00:37:34.475Z,market,trade,TESTE,100022.23465545784,67,,,,CITI,BTG,,,
2026-03-31T00:37:34.627Z,market,trade,TESTE,100020.78530744366,36,,,,BARCL,CITI,,,
2026-03-31T00:37:34.778Z,market,trade,TESTE,100025.21289361767,94,,,,MS,CS,,,
2026-03-31T00:37:34.943Z,market,trade,TESTE,100013.18096308924,110,,,,BTG,BARCL,,,
2026-03-31T00:37:35.095Z,market,trade,TESTE,100022.90455908405,141,,,,BARCL,BTG,,,
2026-03-31T00:37:35.259Z,market,trade,TESTE,100020.4677979401,75,,,,CITI,XP,,,
2026-03-31T00:37:35.409Z,market,trade,TESTE,100021.30719348771,197,,,,JPM,XP,,,
2026-03-31T00:37:35.562Z,market,trade,TESTE,100015.71110701829,50,,,,CS,XP,,,
2026-03-31T00:37:35.727Z,market,trade,TESTE,100022.85483787912,28,,,,GOLDM,BARCL,,,
2026-03-31T00:37:35.879Z,market,trade,TESTE,100019.729049893,83,,,,BTG,CITI,,,
2026-03-31T00:37:36.042Z,market,trade,TESTE,100015.64083851757,17,,,,XP,BARCL,,,
2026-03-31T00:37:36.193Z,market,trade,TESTE,100002.84116933843,125,,,,BTG,CS,,,
2026-03-31T00:37:36.357Z,market,trade,TESTE,100016.23878935409,128,,,,CS,BARCL,,,
2026-03-31T00:37:36.507Z,market,trade,TESTE,100011.1683036483,197,,,,ITAU,JPM,,,
2026-03-31T00:37:36.659Z,market,trade,TESTE,100009.77576649017,134,,,,JPM,GOLDM,,,
2026-03-31T00:37:36.810Z,market,trade,TESTE,100010.4379556966,199,,,,JPM,CITI,,,
2026-03-31T00:37:36.960Z,market,trade,TESTE,100014.70404412119,115,,,,CITI,MS,,,
2026-03-31T00:37:37.111Z,market,trade,TESTE,100027.34377515774,97,,,,BARCL,BARCL,,,
2026-03-31T00:37:37.274Z,market,trade,TESTE,100016.62161743641,153,,,,BTG,JPM,,,
2026-03-31T00:37:37.427Z,market,trade,TESTE,100020.49398366257,99,,,,BTG,BTG,,,
2026-03-31T00:37:37.578Z,market,trade,TESTE,100034.27533879016,158,,,,BTG,MS,,,
2026-03-31T00:37:37.743Z,market,trade,TESTE,100020.07614960521,171,,,,CITI,MS,,,
2026-03-31T00:37:37.906Z,market,trade,TESTE,100015.65646294369,137,,,,BTG,UBS,,,
2026-03-31T00:37:38.059Z,market,trade,TESTE,100028.65279380875,101,,,,UBS,MS,,,
2026-03-31T00:37:38.209Z,market,trade,TESTE,100019.35317794402,124,,,,MS,XP,,,
2026-03-31T00:37:38.361Z,market,trade,TESTE,100033.92848367247,116,,,,XP,MS,,,
2026-03-31T00:37:38.523Z,market,trade,TESTE,100030.72465215877,58,,,,UBS,BARCL,,,
2026-03-31T00:37:38.675Z,market,trade,TESTE,100028.04569788022,26,,,,ITAU,CITI,,,
2026-03-31T00:37:38.827Z,market,trade,TESTE,100028.26475541896,100,,,,GOLDM,ITAU,,,
2026-03-31T00:37:38.978Z,market,trade,TESTE,100029.03679908828,160,,,,MS,GOLDM,,,
2026-03-31T00:37:39.140Z,market,trade,TESTE,100025.39575191225,25,,,,MS,BTG,,,
2026-03-31T00:37:39.291Z,market,trade,TESTE,100024.4913486473,164,,,,CITI,ITAU,,,
2026-03-31T00:37:39.443Z,market,trade,TESTE,100019.15456646423,193,,,,BTG,XP,,,
2026-03-31T00:37:39.595Z,market,trade,TESTE,100029.30725060203,111,,,,BTG,JPM,,,
2026-03-31T00:37:39.760Z,market,trade,TESTE,100015.63472147673,74,,,,GOLDM,MS,,,
2026-03-31T00:37:39.923Z,market,trade,TESTE,100030.5734793315,71,,,,CS,ITAU,,,
2026-03-31T00:37:40.076Z,market,trade,TESTE,100034.08351990816,65,,,,ITAU,UBS,,,
2026-03-31T00:37:40.227Z,market,trade,TESTE,100033.14669830307,25,,,,CS,ITAU,,,
2026-03-31T00:37:40.378Z,market,trade,TESTE,100032.77145666422,82,,,,CITI,BTG,,,
2026-03-31T00:37:40.542Z,market,trade,TESTE,100022.06293670103,12,,,,XP,CITI,,,
2026-03-31T00:37:40.696Z,market,trade,TESTE,100029.66211778682,85,,,,BTG,GOLDM,,,
2026-03-31T00:37:40.859Z,market,trade,TESTE,100024.46869441248,46,,,,UBS,CITI,,,
2026-03-31T00:37:41.011Z,market,trade,TESTE,100022.62516992148,143,,,,BARCL,MS,,,
2026-03-31T00:37:41.163Z,market,trade,TESTE,100032.87757277717,138,,,,CITI,GOLDM,,,
2026-03-31T00:37:41.323Z,market,trade,TESTE,100023.16523077805,117,,,,UBS,BTG,,,
2026-03-31T00:37:41.475Z,market,trade,TESTE,100032.56582301614,146,,,,CS,XP,,,
2026-03-31T00:37:41.627Z,market,trade,TESTE,100036.86250690381,126,,,,XP,JPM,,,
2026-03-31T00:37:41.778Z,market,trade,TESTE,100030.29966220609,110,,,,CS,CITI,,,
2026-03-31T00:37:41.930Z,market,trade,TESTE,100041.41368913592,65,,,,BARCL,BTG,,,
2026-03-31T00:37:42.093Z,market,trade,TESTE,100032.58959675577,71,,,,UBS,CITI,,,
2026-03-31T00:37:42.259Z,market,trade,TESTE,100029.84577881236,99,,,,GOLDM,CS,,,
2026-03-31T00:37:42.411Z,market,trade,TESTE,100028.19237894836,148,,,,MS,CS,,,
2026-03-31T00:37:42.562Z,market,trade,TESTE,100040.24611694398,194,,,,GOLDM,MS,,,
2026-03-31T00:37:42.727Z,market,trade,TESTE,100027.18342336672,45,,,,ITAU,UBS,,,
2026-03-31T00:37:42.891Z,market,trade,TESTE,100029.47128140848,86,,,,MS,ITAU,,,
2026-03-31T00:37:43.043Z,market,trade,TESTE,100027.77362072328,49,,,,CS,JPM,,,
2026-03-31T00:37:43.194Z,market,trade,TESTE,100030.19330838668,155,,,,BTG,BARCL,,,
2026-03-31T00:37:43.356Z,market,trade,TESTE,100028.96745779186,184,,,,CS,JPM,,,
2026-03-31T00:37:43.506Z,market,trade,TESTE,100027.18955374997,107,,,,ITAU,XP,,,
2026-03-31T00:37:43.658Z,market,trade,TESTE,100029.60613896108,192,,,,JPM,UBS,,,
2026-03-31T00:37:43.811Z,market,trade,TESTE,100026.50839938922,190,,,,ITAU,CITI,,,
2026-03-31T00:37:43.962Z,market,trade,TESTE,100032.78810143443,89,,,,MS,JPM,,,
2026-03-31T00:37:44.125Z,market,trade,TESTE,100035.34861027979,99,,,,BARCL,JPM,,,
2026-03-31T00:37:44.280Z,market,trade,TESTE,100031.09514768727,17,,,,ITAU,JPM,,,
2026-03-31T00:37:44.443Z,market,trade,TESTE,100016.12596517908,78,,,,ITAU,JPM,,,
2026-03-31T00:37:44.594Z,market,trade,TESTE,100022.21982109458,15,,,,MS,CITI,,,
2026-03-31T00:37:44.759Z,market,trade,TESTE,100013.72173545616,101,,,,GOLDM,CITI,,,
2026-03-31T00:37:44.922Z,market,trade,TESTE,100015.02833138239,142,,,,ITAU,XP,,,
2026-03-31T00:37:45.077Z,market,trade,TESTE,100023.20892957691,7,,,,BTG,ITAU,,,
2026-03-31T00:37:45.243Z,market,trade,TESTE,100026.1597431975,192,,,,CITI,CITI,,,
2026-03-31T00:37:45.394Z,market,trade,TESTE,100021.07623170684,144,,,,UBS,CS,,,
2026-03-31T00:37:45.546Z,market,trade,TESTE,100035.50564986312,94,,,,XP,GOLDM,,,
2026-03-31T00:37:45.712Z,market,trade,TESTE,100035.82991022845,13,,,,BTG,UBS,,,
2026-03-31T00:37:45.875Z,market,trade,TESTE,100029.62125607589,140,,,,ITAU,XP,,,
2026-03-31T00:37:46.027Z,market,trade,TESTE,100035.4584481949,36,,,,BTG,BTG,,,
2026-03-31T00:37:46.178Z,market,trade,TESTE,100025.05428490705,148,,,,UBS,BTG,,,
2026-03-31T00:37:46.340Z,market,trade,TESTE,100033.6641501524,49,,,,JPM,MS,,,
2026-03-31T00:37:46.506Z,market,trade,TESTE,100028.8667576034,7,,,,BARCL,CITI,,,
2026-03-31T00:37:46.659Z,market,trade,TESTE,100027.08929955846,123,,,,BARCL,CS,,,
2026-03-31T00:37:46.811Z,market,trade,TESTE,100023.67062350787,31,,,,XP,ITAU,,,
2026-03-31T00:37:46.962Z,market,trade,TESTE,100011.29334786777,10,,,,GOLDM,JPM,,,
2026-03-31T00:37:47.126Z,market,trade,TESTE,100011.8251082521,135,,,,BTG,BTG,,,
2026-03-31T00:37:47.277Z,market,trade,TESTE,100020.97622965003,154,,,,ITAU,JPM,,,
2026-03-31T00:37:47.442Z,market,trade,TESTE,100023.27533496663,167,,,,GOLDM,BTG,,,
2026-03-31T00:37:47.593Z,market,trade,TESTE,100028.20540878213,29,,,,GOLDM,GOLDM,,,
2026-03-31T00:37:47.760Z,market,trade,TESTE,100014.9025894777,100,,,,MS,MS,,,
2026-03-31T00:37:47.911Z,market,trade,TESTE,100020.85856651944,199,,,,XP,GOLDM,,,
2026-03-31T00:37:48.062Z,market,trade,TESTE,100023.63678246424,88,,,,MS,CITI,,,
2026-03-31T00:37:48.226Z,market,trade,TESTE,100024.11091920358,177,,,,ITAU,UBS,,,
2026-03-31T00:37:48.378Z,market,trade,TESTE,100010.41837869697,8,,,,CITI,XP,,,
2026-03-31T00:37:48.540Z,market,trade,TESTE,100010.66737298663,159,,,,GOLDM,ITAU,,,
2026-03-31T00:37:48.696Z,market,trade,TESTE,100010.65084587957,97,,,,UBS,BTG,,,
2026-03-31T00:37:48.859Z,market,trade,TESTE,100018.66854671421,56,,,,CITI,XP,,,
2026-03-31T00:37:49.011Z,market,trade,TESTE,100017.69375022211,126,,,,MS,BARCL,,,
2026-03-31T00:37:49.161Z,market,trade,TESTE,100020.73898841879,181,,,,JPM,BARCL,,,
2026-03-31T00:37:49.326Z,market,trade,TESTE,100016.70481598277,41,,,,UBS,ITAU,,,
2026-03-31T00:37:49.491Z,market,trade,TESTE,100009.65684510344,53,,,,UBS,UBS,,,
2026-03-31T00:37:49.642Z,market,trade,TESTE,100012.40393341615,83,,,,BARCL,UBS,,,
2026-03-31T00:37:49.793Z,market,trade,TESTE,100016.78040993665,194,,,,MS,JPM,,,
2026-03-31T00:37:49.956Z,market,trade,TESTE,100022.12521769076,177,,,,BTG,CITI,,,
2026-03-31T00:37:50.111Z,market,trade,TESTE,100025.91912890086,56,,,,CS,JPM,,,
2026-03-31T00:37:50.275Z,market,trade,TESTE,100022.00910725057,182,,,,CS,CITI,,,
2026-03-31T00:37:50.427Z,market,trade,TESTE,100007.35494780482,71,,,,CITI,BARCL,,,
2026-03-31T00:37:50.577Z,market,trade,TESTE,100021.93747254588,164,,,,BARCL,CITI,,,
2026-03-31T00:37:50.728Z,market,trade,TESTE,100009.45834079388,18,,,,XP,BARCL,,,
2026-03-31T00:37:50.890Z,market,trade,TESTE,100010.60802355899,62,,,,CITI,XP,,,
2026-03-31T00:37:51.043Z,market,trade,TESTE,100012.35334754083,88,,,,XP,CITI,,,
2026-03-31T00:37:51.194Z,market,trade,TESTE,100008.16372508406,195,,,,MS,BARCL,,,
2026-03-31T00:37:51.356Z,market,trade,TESTE,100008.73624564735,175,,,,CITI,XP,,,
2026-03-31T00:37:51.512Z,market,trade,TESTE,100013.47434390175,12,,,,CS,BARCL,,,
2026-03-31T00:37:51.674Z,market,trade,TESTE,100023.69570755315,58,,,,ITAU,XP,,,
2026-03-31T00:37:51.827Z,market,trade,TESTE,100020.27646044978,109,,,,UBS,BARCL,,,
2026-03-31T00:37:51.978Z,market,trade,TESTE,100020.32732025563,174,,,,ITAU,MS,,,
2026-03-31T00:37:52.143Z,market,trade,TESTE,100017.57805992056,154,,,,CS,CITI,,,
2026-03-31T00:37:52.307Z,market,trade,TESTE,100016.506256942,113,,,,UBS,BTG,,,
2026-03-31T00:37:52.459Z,market,trade,TESTE,100010.20100135164,130,,,,GOLDM,BARCL,,,
2026-03-31T00:37:52.610Z,market,trade,TESTE,100006.68413289984,74,,,,BARCL,ITAU,,,
2026-03-31T00:37:52.762Z,market,trade,TESTE,100008.24128565066,125,,,,BTG,ITAU,,,
2026-03-31T00:37:52.924Z,market,trade,TESTE,100017.92251167931,50,,,,CITI,BTG,,,
2026-03-31T00:37:53.074Z,market,trade,TESTE,100006.98554613326,139,,,,UBS,CS,,,
2026-03-31T00:37:53.226Z,market,trade,TESTE,100017.19430284538,30,,,,MS,CS,,,
2026-03-31T00:37:53.377Z,market,trade,TESTE,100014.81843231339,199,,,,CITI,ITAU,,,
2026-03-31T00:37:53.540Z,market,trade,TESTE,100003.81462245958,195,,,,BARCL,XP,,,
2026-03-31T00:37:53.695Z,market,trade,TESTE,99999.70140956256,173,,,,BARCL,XP,,,
2026-03-31T00:37:53.859Z,market,trade,TESTE,100001.17376232725,102,,,,JPM,MS,,,
2026-03-31T00:37:54.010Z,market,trade,TESTE,100002.04544286635,118,,,,BTG,XP,,,
2026-03-31T00:37:54.161Z,market,trade,TESTE,100000.64129855305,26,,,,CS,XP,,,
2026-03-31T00:37:54.324Z,market,trade,TESTE,100003.15379929295,117,,,,MS,CITI,,,
2026-03-31T00:37:54.475Z,market,trade,TESTE,100015.93065905242,199,,,,JPM,MS,,,
2026-03-31T00:37:54.626Z,market,trade,TESTE,100002.28575691802,32,,,,UBS,JPM,,,
2026-03-31T00:37:54.778Z,market,trade,TESTE,100011.26226730179,15,,,,BARCL,CS,,,
2026-03-31T00:37:54.939Z,market,trade,TESTE,100008.57993797885,58,,,,CITI,UBS,,,
2026-03-31T00:37:55.094Z,market,trade,TESTE,99993.97476216525,87,,,,GOLDM,CITI,,,
2026-03-31T00:37:55.258Z,market,trade,TESTE,99996.78785317225,125,,,,BTG,UBS,,,
2026-03-31T00:37:55.410Z,market,trade,TESTE,99998.5970993375,42,,,,GOLDM,BARCL,,,
2026-03-31T00:37:55.563Z,market,trade,TESTE,100011.16257048026,16,,,,CS,MS,,,
2026-03-31T00:37:55.727Z,market,trade,TESTE,100010.86881204451,159,,,,BTG,ITAU,,,
2026-03-31T00:37:55.891Z,market,trade,TESTE,100006.78827015348,68,,,,UBS,XP,,,
2026-03-31T00:37:56.043Z,market,trade,TESTE,100004.81973162988,71,,,,CS,XP,,,
2026-03-31T00:37:56.194Z,market,trade,TESTE,99994.61264649926,177,,,,JPM,UBS,,,
2026-03-31T00:37:56.345Z,market,trade,TESTE,99997.42754884422,179,,,,MS,GOLDM,,,
2026-03-31T00:37:56.507Z,market,trade,TESTE,99998.32070041634,169,,,,CS,UBS,,,
2026-03-31T00:37:56.659Z,market,trade,TESTE,100012.2223202257,168,,,,CITI,UBS,,,
2026-03-31T00:37:56.810Z,market,trade,TESTE,100010.89809929392,64,,,,MS,UBS,,,
2026-03-31T00:37:56.962Z,market,trade,TESTE,100006.43933792367,40,,,,MS,MS,,,
2026-03-31T00:37:57.124Z,market,trade,TESTE,99999.27656712041,40,,,,UBS,JPM,,,
2026-03-31T00:37:57.275Z,market,trade,TESTE,100014.18444719884,49,,,,BTG,ITAU,,,
2026-03-31T00:37:57.427Z,market,trade,TESTE,100005.04531527123,19,,,,BTG,XP,,,
2026-03-31T00:37:57.578Z,market,trade,TESTE,100009.10817485981,13,,,,BTG,UBS,,,
2026-03-31T00:37:57.743Z,market,trade,TESTE,100023.054720666,54,,,,ITAU,BARCL,,,
2026-03-31T00:37:57.907Z,market,trade,TESTE,100015.63670495828,25,,,,MS,CITI,,,
2026-03-31T00:37:58.058Z,market,trade,TESTE,100022.0936917761,81,,,,UBS,ITAU,,,
2026-03-31T00:37:58.209Z,market,trade,TESTE,100014.34681185955,116,,,,CS,BTG,,,
2026-03-31T00:37:58.361Z,market,trade,TESTE,100025.13789929955,22,,,,CS,XP,,,
2026-03-31T00:37:58.522Z,market,trade,TESTE,100010.42361328192,168,,,,MS,MS,,,
2026-03-31T00:37:58.675Z,market,trade,TESTE,100014.19527585135,86,,,,GOLDM,BARCL,,,
2026-03-31T00:37:58.827Z,market,trade,TESTE,100020.75123218365,180,,,,JPM,JPM,,,
2026-03-31T00:37:58.978Z,market,trade,TESTE,100016.53814031761,124,,,,GOLDM,ITAU,,,
2026-03-31T00:37:59.140Z,market,trade,TESTE,100011.72378809784,58,,,,XP,MS,,,
2026-03-31T00:37:59.291Z,market,trade,TESTE,100005.6895278624,75,,,,CS,MS,,,
2026-03-31T00:37:59.443Z,market,trade,TESTE,100019.27753379443,166,,,,CITI,CITI,,,
2026-03-31T00:37:59.594Z,market,trade,TESTE,100017.45764330144,134,,,,MS,UBS,,,
2026-03-31T00:37:59.759Z,market,trade,TESTE,100004.17558212289,13,,,,JPM,GOLDM,,,
2026-03-31T00:37:59.911Z,market,trade,TESTE,100005.98166356652,108,,,,CS,BTG,,,
2026-03-31T00:38:00.074Z,market,trade,TESTE,100005.78936629013,40,,,,MS,BTG,,,
2026-03-31T00:38:00.228Z,market,trade,TESTE,100015.08388434663,164,,,,JPM,UBS,,,
2026-03-31T00:38:00.378Z,market,trade,TESTE,100017.77262271274,73,,,,MS,GOLDM,,,
2026-03-31T00:38:00.540Z,market,trade,TESTE,100014.32271388234,130,,,,GOLDM,UBS,,,
2026-03-31T00:38:00.696Z,market,trade,TESTE,100013.28704421144,156,,,,CITI,CS,,,
2026-03-31T00:38:00.859Z,market,trade,TESTE,100007.25203510898,23,,,,UBS,BTG,,,
2026-03-31T00:38:01.010Z,market,trade,TESTE,100019.42683421695,54,,,,BTG,XP,,,
2026-03-31T00:38:01.162Z,market,trade,TESTE,100004.60342856716,194,,,,JPM,GOLDM,,,
2026-03-31T00:38:01.324Z,market,trade,TESTE,100000.94653630977,23,,,,MS,CS,,,
2026-03-31T00:38:01.490Z,market,trade,TESTE,100012.5841777534,140,,,,XP,CS,,,
2026-03-31T00:38:01.642Z,market,trade,TESTE,100013.40292745769,53,,,,BTG,UBS,,,
2026-03-31T00:38:01.794Z,market,trade,TESTE,100004.08063569778,117,,,,BARCL,XP,,,
2026-03-31T00:38:01.955Z,market,trade,TESTE,100012.55469833344,121,,,,JPM,MS,,,
2026-03-31T00:38:02.107Z,market,trade,TESTE,100000.87536331301,113,,,,MS,BARCL,,,
2026-03-31T00:38:02.259Z,market,trade,TESTE,100010.85981796456,189,,,,CS,JPM,,,
2026-03-31T00:38:02.410Z,market,trade,TESTE,100005.97262379438,38,,,,MS,UBS,,,
2026-03-31T00:38:02.562Z,market,trade,TESTE,100004.63534961086,200,,,,ITAU,MS,,,
2026-03-31T00:38:02.727Z,market,trade,TESTE,100008.29741947517,117,,,,XP,BTG,,,
2026-03-31T00:38:02.891Z,market,trade,TESTE,100003.93785925192,87,,,,CS,ITAU,,,
2026-03-31T00:38:03.045Z,market,trade,TESTE,99992.89986370606,73,,,,XP,UBS,,,
2026-03-31T00:38:03.210Z,market,trade,TESTE,100004.173367152,65,,,,XP,UBS,,,
2026-03-31T00:38:03.362Z,market,trade,TESTE,99989.31630841136,59,,,,CITI,ITAU,,,
2026-03-31T00:38:03.513Z,market,trade,TESTE,100002.71391899505,95,,,,XP,ITAU,,,
2026-03-31T00:38:03.675Z,market,trade,TESTE,100005.253176914,159,,,,BARCL,BTG,,,
2026-03-31T00:38:03.827Z,market,trade,TESTE,100002.14148235938,34,,,,GOLDM,CITI,,,
2026-03-31T00:38:03.978Z,market,trade,TESTE,99993.64542187897,63,,,,BARCL,GOLDM,,,
2026-03-31T00:38:04.139Z,market,trade,TESTE,100003.46510773529,16,,,,BARCL,GOLDM,,,
2026-03-31T00:38:04.291Z,market,trade,TESTE,99997.9096936675,164,,,,XP,CITI,,,
2026-03-31T00:38:04.443Z,market,trade,TESTE,100002.74343820666,74,,,,GOLDM,MS,,,
2026-03-31T00:38:04.594Z,market,trade,TESTE,99998.82703624417,28,,,,JPM,MS,,,
2026-03-31T00:38:04.747Z,market,trade,TESTE,100006.1299851454,7,,,,MS,BARCL,,,
2026-03-31T00:38:04.906Z,market,trade,TESTE,99996.42928331338,70,,,,MS,JPM,,,
2026-03-31T00:38:05.059Z,market,trade,TESTE,99993.52057381632,186,,,,XP,XP,,,
2026-03-31T00:38:05.209Z,market,trade,TESTE,100006.86584508212,23,,,,MS,CITI,,,
2026-03-31T00:38:05.362Z,market,trade,TESTE,100002.56399111262,67,,,,XP,XP,,,
2026-03-31T00:38:05.523Z,market,trade,TESTE,99992.3041158866,132,,,,BARCL,XP,,,
2026-03-31T00:38:05.675Z,market,trade,TESTE,100004.46980171368,87,,,,ITAU,ITAU,,,
2026-03-31T00:38:05.827Z,market,trade,TESTE,100002.78328324982,100,,,,UBS,MS,,,
2026-03-31T00:38:05.978Z,market,trade,TESTE,99991.80946114473,51,,,,MS,JPM,,,
2026-03-31T00:38:06.140Z,market,trade,TESTE,99995.96765340469,52,,,,JPM,BTG,,,
2026-03-31T00:38:06.292Z,market,trade,TESTE,100006.32892105443,172,,,,UBS,JPM,,,
2026-03-31T00:38:06.442Z,market,trade,TESTE,99999.4925113031,21,,,,BTG,BARCL,,,
2026-03-31T00:38:06.594Z,market,trade,TESTE,100000.72330082969,69,,,,UBS,JPM,,,
2026-03-31T00:38:06.759Z,market,trade,TESTE,99997.12991259375,59,,,,JPM,ITAU,,,
2026-03-31T00:38:06.921Z,market,trade,TESTE,99998.11119089389,134,,,,BARCL,CS,,,
2026-03-31T00:38:07.075Z,market,trade,TESTE,99996.82851354808,68,,,,GOLDM,JPM,,,
2026-03-31T00:38:07.227Z,market,trade,TESTE,100008.86731365847,54,,,,MS,GOLDM,,,
2026-03-31T00:38:07.377Z,market,trade,TESTE,100010.60179953066,102,,,,CS,CS,,,
2026-03-31T00:38:07.539Z,market,trade,TESTE,100004.33522409835,137,,,,ITAU,JPM,,,
2026-03-31T00:38:07.693Z,market,trade,TESTE,100012.88131945503,61,,,,ITAU,UBS,,,
2026-03-31T00:38:07.859Z,market,trade,TESTE,99999.76609145809,125,,,,ITAU,BTG,,,
2026-03-31T00:38:08.010Z,market,trade,TESTE,100010.08439065417,75,,,,JPM,GOLDM,,,
2026-03-31T00:38:08.162Z,market,trade,TESTE,99998.52981033773,174,,,,BARCL,BTG,,,
2026-03-31T00:38:08.313Z,market,trade,TESTE,100002.72975564661,10,,,,ITAU,BTG,,,
2026-03-31T00:38:08.474Z,market,trade,TESTE,100017.39091871193,15,,,,CS,GOLDM,,,
2026-03-31T00:38:08.627Z,market,trade,TESTE,100018.62515620665,6,,,,MS,MS,,,
2026-03-31T00:38:08.777Z,market,trade,TESTE,100014.85782505588,73,,,,XP,BARCL,,,
2026-03-31T00:38:08.940Z,market,trade,TESTE,100002.00650405718,124,,,,CS,BTG,,,
2026-03-31T00:38:09.091Z,market,trade,TESTE,100010.19582226372,157,,,,BARCL,ITAU,,,
2026-03-31T00:38:09.243Z,market,trade,TESTE,100010.49301827756,35,,,,CITI,BARCL,,,
2026-03-31T00:38:09.394Z,market,trade,TESTE,100008.47456409724,86,,,,BARCL,XP,,,
2026-03-31T00:38:09.560Z,market,trade,TESTE,99999.23584930877,184,,,,JPM,JPM,,,
2026-03-31T00:38:09.726Z,market,trade,TESTE,100002.47686386146,128,,,,XP,CITI,,,
2026-03-31T00:38:09.891Z,market,trade,TESTE,100009.24534110205,51,,,,ITAU,CITI,,,
2026-03-31T00:38:10.043Z,market,trade,TESTE,100005.80788589777,200,,,,BTG,CS,,,
2026-03-31T00:38:10.195Z,market,trade,TESTE,100010.57843885435,173,,,,BARCL,ITAU,,,
2026-03-31T00:38:10.356Z,market,trade,TESTE,100000.54669625152,166,,,,XP,JPM,,,
2026-03-31T00:38:10.523Z,market,trade,TESTE,100006.35606158341,14,,,,CS,JPM,,,
2026-03-31T00:38:10.675Z,market,trade,TESTE,99995.03473393385,13,,,,CITI,BTG,,,
2026-03-31T00:38:10.827Z,market,trade,TESTE,100008.21231939891,114,,,,GOLDM,BTG,,,
2026-03-31T00:38:10.977Z,market,trade,TESTE,99997.9953028436,95,,,,MS,MS,,,
2026-03-31T00:38:11.140Z,market,trade,TESTE,100006.74402700359,116,,,,BARCL,MS,,,
2026-03-31T00:38:11.293Z,market,trade,TESTE,99997.52363109293,17,,,,GOLDM,JPM,,,
2026-03-31T00:38:11.459Z,market,trade,TESTE,100000.02499638381,171,,,,GOLDM,UBS,,,
2026-03-31T00:38:11.610Z,market,trade,TESTE,99997.19578216926,23,,,,UBS,XP,,,
2026-03-31T00:38:11.762Z,market,trade,TESTE,100007.84016493843,106,,,,CS,BTG,,,
2026-03-31T00:38:11.928Z,market,trade,TESTE,100005.2191339655,11,,,,BARCL,CS,,,
2026-03-31T00:38:12.091Z,market,trade,TESTE,100004.58877936975,18,,,,BTG,ITAU,,,
2026-03-31T00:38:12.244Z,market,trade,TESTE,99994.92502463316,89,,,,XP,XP,,,
2026-03-31T00:38:12.395Z,market,trade,TESTE,99994.61718982451,52,,,,CS,ITAU,,,
2026-03-31T00:38:12.556Z,market,trade,TESTE,99999.80585277364,60,,,,ITAU,JPM,,,
2026-03-31T00:38:12.709Z,market,trade,TESTE,100002.6746510682,24,,,,BARCL,BARCL,,,
2026-03-31T00:38:12.875Z,market,trade,TESTE,99998.33231803708,178,,,,BARCL,XP,,,
2026-03-31T00:38:13.026Z,market,trade,TESTE,99995.13074226059,105,,,,BTG,JPM,,,
2026-03-31T00:38:13.177Z,market,trade,TESTE,99993.59772077721,123,,,,BARCL,CITI,,,
2026-03-31T00:38:13.327Z,market,trade,TESTE,99983.7439814375,96,,,,UBS,BARCL,,,
2026-03-31T00:38:13.491Z,market,trade,TESTE,99981.73242892882,178,,,,CS,XP,,,
2026-03-31T00:38:13.642Z,market,trade,TESTE,99991.77223832239,67,,,,MS,MS,,,
2026-03-31T00:38:13.808Z,market,trade,TESTE,99993.02366618943,5,,,,MS,MS,,,
2026-03-31T00:38:13.961Z,market,trade,TESTE,99991.36694923577,173,,,,CITI,MS,,,
2026-03-31T00:38:14.123Z,market,trade,TESTE,99994.03575881178,94,,,,UBS,GOLDM,,,
2026-03-31T00:38:14.274Z,market,trade,TESTE,99990.8361139077,135,,,,MS,BTG,,,
2026-03-31T00:38:14.427Z,market,trade,TESTE,99987.54800089775,53,,,,XP,JPM,,,
2026-03-31T00:38:14.577Z,market,trade,TESTE,99984.07209960277,83,,,,CITI,JPM,,,
2026-03-31T00:38:14.728Z,market,trade,TESTE,99982.35811226211,150,,,,CITI,CS,,,
2026-03-31T00:38:14.890Z,market,trade,TESTE,99976.06120811452,71,,,,ITAU,CS,,,
2026-03-31T00:38:15.042Z,market,trade,TESTE,99975.28850104698,165,,,,XP,CS,,,
2026-03-31T00:38:15.193Z,market,trade,TESTE,99983.7484360868,73,,,,XP,BTG,,,
2026-03-31T00:38:15.343Z,market,trade,TESTE,99982.99499694795,19,,,,GOLDM,CS,,,
2026-03-31T00:38:15.496Z,market,trade,TESTE,99986.3148945052,185,,,,BARCL,ITAU,,,
2026-03-31T00:38:15.659Z,market,trade,TESTE,99979.4509145165,143,,,,CITI,MS,,,
2026-03-31T00:38:15.810Z,market,trade,TESTE,99982.3204152976,56,,,,UBS,JPM,,,
2026-03-31T00:38:15.962Z,market,trade,TESTE,99994.16628592458,63,,,,CITI,JPM,,,
2026-03-31T00:38:16.122Z,market,trade,TESTE,99996.78702236422,35,,,,CITI,XP,,,
2026-03-31T00:38:16.275Z,market,trade,TESTE,99996.60879658171,16,,,,XP,GOLDM,,,
2026-03-31T00:38:16.426Z,market,trade,TESTE,99993.51348830044,44,,,,UBS,BARCL,,,
2026-03-31T00:38:16.577Z,market,trade,TESTE,99995.95962128595,112,,,,MS,ITAU,,,
2026-03-31T00:38:16.744Z,market,trade,TESTE,99981.60693188728,122,,,,MS,XP,,,
2026-03-31T00:38:16.907Z,market,trade,TESTE,99990.33847531072,116,,,,CS,CS,,,
2026-03-31T00:38:17.058Z,market,trade,TESTE,99979.38289143117,115,,,,JPM,UBS,,,
2026-03-31T00:38:17.211Z,market,trade,TESTE,99984.15019026742,65,,,,XP,BARCL,,,
2026-03-31T00:38:17.376Z,market,trade,TESTE,99981.70287813504,149,,,,GOLDM,CS,,,
2026-03-31T00:38:17.541Z,market,trade,TESTE,99996.68639956712,72,,,,CS,CS,,,
2026-03-31T00:38:17.694Z,market,trade,TESTE,99989.05745348353,8,,,,CS,MS,,,
2026-03-31T00:38:17.859Z,market,trade,TESTE,100003.59628607503,28,,,,JPM,JPM,,,
2026-03-31T00:38:18.010Z,market,trade,TESTE,99995.05389105155,110,,,,BARCL,BARCL,,,
2026-03-31T00:38:18.162Z,market,trade,TESTE,100002.14568656388,65,,,,MS,GOLDM,,,
2026-03-31T00:38:18.326Z,market,trade,TESTE,99990.4764360754,169,,,,JPM,XP,,,
2026-03-31T00:38:18.491Z,market,trade,TESTE,99997.01321278416,116,,,,MS,CITI,,,
2026-03-31T00:38:18.642Z,market,trade,TESTE,99993.0737351302,46,,,,CITI,CS,,,
2026-03-31T00:38:18.793Z,market,trade,TESTE,99988.11701729355,5,,,,BARCL,GOLDM,,,
2026-03-31T00:38:18.961Z,market,trade,TESTE,99991.83070651574,113,,,,JPM,BARCL,,,
2026-03-31T00:38:19.111Z,market,trade,TESTE,99992.62691106676,13,,,,JPM,CS,,,
2026-03-31T00:38:19.274Z,market,trade,TESTE,99989.12355509009,182,,,,JPM,GOLDM,,,
2026-03-31T00:38:19.427Z,market,trade,TESTE,99988.73479861363,32,,,,GOLDM,CITI,,,
2026-03-31T00:38:19.578Z,market,trade,TESTE,99983.1170498735,153,,,,BARCL,UBS,,,
2026-03-31T00:38:19.742Z,market,trade,TESTE,99986.52273298893,36,,,,UBS,BTG,,,
2026-03-31T00:38:19.906Z,market,trade,TESTE,100001.42430314171,86,,,,CS,BTG,,,
2026-03-31T00:38:20.058Z,market,trade,TESTE,99987.13691411992,73,,,,ITAU,CS,,,
2026-03-31T00:38:20.211Z,market,trade,TESTE,100001.24816678301,52,,,,BARCL,GOLDM,,,
2026-03-31T00:38:20.361Z,market,trade,TESTE,100002.20959297188,186,,,,UBS,JPM,,,
2026-03-31T00:38:20.514Z,market,trade,TESTE,99992.10020042805,87,,,,BTG,XP,,,
2026-03-31T00:38:20.675Z,market,trade,TESTE,99995.50257789086,158,,,,GOLDM,JPM,,,
2026-03-31T00:38:20.826Z,market,trade,TESTE,99991.02044245067,107,,,,CS,JPM,,,
2026-03-31T00:38:20.978Z,market,trade,TESTE,99997.04886830633,181,,,,CS,BTG,,,
2026-03-31T00:38:21.139Z,market,trade,TESTE,99993.49272098325,107,,,,UBS,CITI,,,
2026-03-31T00:38:21.290Z,market,trade,TESTE,99992.92070387134,29,,,,CS,ITAU,,,
2026-03-31T00:38:21.443Z,market,trade,TESTE,99986.41307828504,18,,,,GOLDM,BTG,,,
2026-03-31T00:38:21.593Z,market,trade,TESTE,99994.70376926038,16,,,,ITAU,CITI,,,
2026-03-31T00:38:21.760Z,market,trade,TESTE,99995.1005918842,8,,,,XP,BARCL,,,
2026-03-31T00:38:21.923Z,market,trade,TESTE,99981.90325506014,198,,,,GOLDM,XP,,,
2026-03-31T00:38:22.074Z,market,trade,TESTE,99988.54079500822,172,,,,CITI,MS,,,
2026-03-31T00:38:22.228Z,market,trade,TESTE,99991.67817545985,38,,,,ITAU,CS,,,
2026-03-31T00:38:22.393Z,market,trade,TESTE,99981.21258008223,42,,,,MS,BARCL,,,
2026-03-31T00:38:22.556Z,market,trade,TESTE,99990.36079318894,62,,,,UBS,GOLDM,,,
2026-03-31T00:38:22.713Z,market,trade,TESTE,99986.69234128363,40,,,,BTG,BTG,,,
2026-03-31T00:38:22.875Z,market,trade,TESTE,99979.5053748554,161,,,,BTG,XP,,,
2026-03-31T00:38:23.027Z,market,trade,TESTE,99974.90236161325,137,,,,CS,UBS,,,
2026-03-31T00:38:23.178Z,market,trade,TESTE,99985.85166775792,186,,,,GOLDM,GOLDM,,,
2026-03-31T00:38:23.340Z,market,trade,TESTE,99990.34269623825,67,,,,ITAU,BARCL,,,
2026-03-31T00:38:23.491Z,market,trade,TESTE,99994.29273593973,153,,,,GOLDM,JPM,,,
2026-03-31T00:38:23.642Z,market,trade,TESTE,99999.15315961605,47,,,,CS,BARCL,,,
2026-03-31T00:38:23.793Z,market,trade,TESTE,99997.3547061852,147,,,,XP,BTG,,,
2026-03-31T00:38:23.943Z,market,trade,TESTE,99983.82927939967,165,,,,CS,UBS,,,
2026-03-31T00:38:24.106Z,market,trade,TESTE,99992.66693362287,142,,,,JPM,JPM,,,
2026-03-31T00:38:24.259Z,market,trade,TESTE,99997.45819321522,179,,,,MS,XP,,,
2026-03-31T00:38:24.410Z,market,trade,TESTE,99988.90409446828,178,,,,CITI,CITI,,,
2026-03-31T00:38:24.561Z,market,trade,TESTE,99984.25494769213,199,,,,CITI,UBS,,,
2026-03-31T00:38:24.712Z,market,trade,TESTE,99982.48814571253,113,,,,BTG,XP,,,
2026-03-31T00:38:24.874Z,market,trade,TESTE,99982.9187463997,194,,,,JPM,XP,,,
2026-03-31T00:38:25.026Z,market,trade,TESTE,99994.51704133548,136,,,,UBS,BTG,,,
2026-03-31T00:38:25.177Z,market,trade,TESTE,99980.0613088989,106,,,,MS,UBS,,,
2026-03-31T00:38:25.340Z,market,trade,TESTE,99981.88556461011,121,,,,ITAU,UBS,,,
2026-03-31T00:38:25.491Z,market,trade,TESTE,99980.12699961284,188,,,,BTG,BARCL,,,
2026-03-31T00:38:25.643Z,market,trade,TESTE,99986.37788092556,128,,,,ITAU,XP,,,
2026-03-31T00:38:25.794Z,market,trade,TESTE,99982.1058778902,101,,,,BARCL,XP,,,
2026-03-31T00:38:25.955Z,market,trade,TESTE,99980.59234832347,37,,,,JPM,BTG,,,
2026-03-31T00:38:26.107Z,market,trade,TESTE,99975.1194868689,34,,,,BARCL,CITI,,,
2026-03-31T00:38:26.259Z,market,trade,TESTE,99987.04080503437,166,,,,JPM,GOLDM,,,
2026-03-31T00:38:26.409Z,market,trade,TESTE,99972.25678252532,151,,,,ITAU,BTG,,,
2026-03-31T00:38:26.561Z,market,trade,TESTE,99970.91982831084,69,,,,JPM,JPM,,,
2026-03-31T00:38:26.726Z,market,trade,TESTE,99976.49935270428,63,,,,BARCL,CITI,,,
2026-03-31T00:38:26.891Z,market,trade,TESTE,99968.55091655182,49,,,,BARCL,GOLDM,,,
2026-03-31T00:38:27.043Z,market,trade,TESTE,99970.35396446871,122,,,,GOLDM,BTG,,,
2026-03-31T00:38:27.193Z,market,trade,TESTE,99978.0624531022,143,,,,BTG,ITAU,,,
2026-03-31T00:38:27.355Z,market,trade,TESTE,99982.70508640731,58,,,,ITAU,CITI,,,
2026-03-31T00:38:27.511Z,market,trade,TESTE,99982.30215727132,130,,,,ITAU,ITAU,,,
2026-03-31T00:38:27.674Z,market,trade,TESTE,99977.41370125275,172,,,,ITAU,MS,,,
2026-03-31T00:38:27.826Z,market,trade,TESTE,99967.35265699291,84,,,,CS,XP,,,
2026-03-31T00:38:27.977Z,market,trade,TESTE,99974.34064167827,7,,,,CS,GOLDM,,,
2026-03-31T00:38:28.139Z,market,trade,TESTE,99976.48178302991,83,,,,CS,CITI,,,
2026-03-31T00:38:28.291Z,market,trade,TESTE,99962.18795153796,186,,,,BTG,XP,,,
2026-03-31T00:38:28.443Z,market,trade,TESTE,99971.2426959196,130,,,,ITAU,BARCL,,,
2026-03-31T00:38:28.594Z,market,trade,TESTE,99967.81936637251,10,,,,XP,XP,,,
2026-03-31T00:38:28.745Z,market,trade,TESTE,99967.93045196547,186,,,,GOLDM,UBS,,,
2026-03-31T00:38:28.907Z,market,trade,TESTE,99964.71969550135,20,,,,MS,BARCL,,,
2026-03-31T00:38:29.058Z,market,trade,TESTE,99954.06871792051,170,,,,JPM,ITAU,,,
2026-03-31T00:38:29.211Z,market,trade,TESTE,99951.01020299904,100,,,,CITI,CITI,,,
2026-03-31T00:38:29.362Z,market,trade,TESTE,99955.94592064708,12,,,,CITI,XP,,,
2026-03-31T00:38:29.524Z,market,trade,TESTE,99952.1046684523,155,,,,MS,JPM,,,
2026-03-31T00:38:29.675Z,market,trade,TESTE,99955.70930980243,88,,,,CS,XP,,,
2026-03-31T00:38:29.827Z,market,trade,TESTE,99961.86721522371,113,,,,CS,CS,,,
2026-03-31T00:38:29.977Z,market,trade,TESTE,99961.25964697685,151,,,,JPM,JPM,,,
2026-03-31T00:38:30.139Z,market,trade,TESTE,99960.2063159615,120,,,,JPM,XP,,,
2026-03-31T00:38:30.291Z,market,trade,TESTE,99956.56632388727,199,,,,BTG,BARCL,,,
2026-03-31T00:38:30.444Z,market,trade,TESTE,99943.54726650086,61,,,,GOLDM,CS,,,
2026-03-31T00:38:30.594Z,market,trade,TESTE,99951.52768137724,181,,,,ITAU,JPM,,,
2026-03-31T00:38:30.757Z,market,trade,TESTE,99946.89885015973,17,,,,CS,CITI,,,
2026-03-31T00:38:30.922Z,market,trade,TESTE,99938.77232084559,36,,,,BTG,BTG,,,
2026-03-31T00:38:31.074Z,market,trade,TESTE,99948.25181344862,171,,,,MS,CITI,,,
2026-03-31T00:38:31.226Z,market,trade,TESTE,99938.74925248719,110,,,,UBS,XP,,,
2026-03-31T00:38:31.377Z,market,trade,TESTE,99936.65728856913,39,,,,UBS,MS,,,
2026-03-31T00:38:31.540Z,market,trade,TESTE,99950.0393541197,43,,,,MS,CS,,,
2026-03-31T00:38:31.695Z,market,trade,TESTE,99939.15826562488,172,,,,BARCL,ITAU,,,
2026-03-31T00:38:31.858Z,market,trade,TESTE,99941.69298802795,196,,,,ITAU,MS,,,
2026-03-31T00:38:32.009Z,market,trade,TESTE,99944.63222624251,32,,,,UBS,ITAU,,,
2026-03-31T00:38:32.162Z,market,trade,TESTE,99952.87030491869,155,,,,CITI,CS,,,
2026-03-31T00:38:32.312Z,market,trade,TESTE,99941.31263826329,56,,,,UBS,CITI,,,
2026-03-31T00:38:32.477Z,market,trade,TESTE,99944.48056198264,92,,,,BARCL,BTG,,,
2026-03-31T00:38:32.642Z,market,trade,TESTE,99941.53886779594,5,,,,MS,JPM,,,
2026-03-31T00:38:32.795Z,market,trade,TESTE,99950.20192676176,132,,,,BTG,ITAU,,,
2026-03-31T00:38:32.954Z,market,trade,TESTE,99947.53529727826,27,,,,UBS,ITAU,,,
2026-03-31T00:38:33.107Z,market,trade,TESTE,99941.742600993,113,,,,ITAU,MS,,,
2026-03-31T00:38:33.258Z,market,trade,TESTE,99949.81045483625,187,,,,GOLDM,GOLDM,,,
2026-03-31T00:38:33.411Z,market,trade,TESTE,99943.02934544893,176,,,,UBS,BARCL,,,
2026-03-31T00:38:33.562Z,market,trade,TESTE,99947.709756579,112,,,,ITAU,CITI,,,
2026-03-31T00:38:33.727Z,market,trade,TESTE,99956.63499307825,177,,,,JPM,CS,,,
2026-03-31T00:38:33.889Z,market,trade,TESTE,99958.89110024291,33,,,,MS,MS,,,
2026-03-31T00:38:34.042Z,market,trade,TESTE,99963.7101001589,171,,,,JPM,GOLDM,,,
2026-03-31T00:38:34.192Z,market,trade,TESTE,99955.688139745,200,,,,CITI,JPM,,,
2026-03-31T00:38:34.354Z,market,trade,TESTE,99958.55926314666,5,,,,BTG,MS,,,
2026-03-31T00:38:34.508Z,market,trade,TESTE,99967.50448541876,104,,,,MS,BARCL,,,
2026-03-31T00:38:34.674Z,market,trade,TESTE,99964.79527657718,16,,,,UBS,XP,,,
2026-03-31T00:38:34.826Z,market,trade,TESTE,99961.86946624018,120,,,,ITAU,JPM,,,
2026-03-31T00:38:34.976Z,market,trade,TESTE,99960.13438193461,106,,,,BARCL,CS,,,
2026-03-31T00:38:35.138Z,market,trade,TESTE,99962.1917296432,135,,,,MS,JPM,,,
2026-03-31T00:38:35.291Z,market,trade,TESTE,99952.74840613519,13,,,,BARCL,BARCL,,,
2026-03-31T00:38:35.441Z,market,trade,TESTE,99958.23624957236,119,,,,MS,GOLDM,,,
2026-03-31T00:38:35.592Z,market,trade,TESTE,99961.12187818527,77,,,,GOLDM,JPM,,,
2026-03-31T00:38:35.744Z,market,trade,TESTE,99961.35500289667,59,,,,MS,ITAU,,,
2026-03-31T00:38:35.909Z,market,trade,TESTE,99963.37772899833,113,,,,MS,ITAU,,,
2026-03-31T00:38:36.075Z,market,trade,TESTE,99949.81338407377,150,,,,MS,XP,,,
2026-03-31T00:38:36.227Z,market,trade,TESTE,99946.79710821944,151,,,,UBS,UBS,,,
2026-03-31T00:38:36.378Z,market,trade,TESTE,99959.86613844908,40,,,,JPM,JPM,,,
2026-03-31T00:38:36.541Z,market,trade,TESTE,99961.18886527569,25,,,,XP,ITAU,,,
2026-03-31T00:38:36.698Z,market,trade,TESTE,99955.93656132004,113,,,,JPM,BARCL,,,
2026-03-31T00:38:36.859Z,market,trade,TESTE,99961.76038535636,56,,,,CS,GOLDM,,,
2026-03-31T00:38:37.009Z,market,trade,TESTE,99952.41163121311,100,,,,GOLDM,CS,,,
2026-03-31T00:38:37.161Z,market,trade,TESTE,99947.65535716835,17,,,,UBS,BARCL,,,
2026-03-31T00:38:37.321Z,market,trade,TESTE,99944.30223111164,168,,,,UBS,ITAU,,,
2026-03-31T00:38:37.477Z,market,trade,TESTE,99958.23691486576,60,,,,GOLDM,MS,,,
2026-03-31T00:38:37.642Z,market,trade,TESTE,99956.85209336207,159,,,,UBS,BARCL,,,
2026-03-31T00:38:37.793Z,market,trade,TESTE,99943.12201031567,114,,,,CS,MS,,,
2026-03-31T00:38:37.956Z,market,trade,TESTE,99957.28839320184,190,,,,CS,XP,,,
2026-03-31T00:38:38.121Z,market,trade,TESTE,99942.39174502024,111,,,,XP,XP,,,
2026-03-31T00:38:38.274Z,market,trade,TESTE,99942.1993038745,187,,,,CS,BARCL,,,
2026-03-31T00:38:38.427Z,market,trade,TESTE,99938.57852858098,108,,,,UBS,BARCL,,,
2026-03-31T00:38:38.577Z,market,trade,TESTE,99937.99384954691,87,,,,XP,UBS,,,
2026-03-31T00:38:38.728Z,market,trade,TESTE,99937.24419069452,198,,,,JPM,CS,,,
2026-03-31T00:38:38.891Z,market,trade,TESTE,99941.48184528638,27,,,,XP,ITAU,,,
2026-03-31T00:38:39.043Z,market,trade,TESTE,99938.79859679738,195,,,,UBS,UBS,,,
2026-03-31T00:38:39.194Z,market,trade,TESTE,99951.77916772259,146,,,,XP,BTG,,,
2026-03-31T00:38:39.353Z,market,trade,TESTE,99954.01457434606,105,,,,JPM,CITI,,,
2026-03-31T00:38:39.510Z,market,trade,TESTE,99946.12744367498,60,,,,CS,ITAU,,,
2026-03-31T00:38:39.675Z,market,trade,TESTE,99955.66190726864,95,,,,CITI,ITAU,,,
2026-03-31T00:38:39.826Z,market,trade,TESTE,99956.71593575577,192,,,,CITI,UBS,,,
2026-03-31T00:38:39.978Z,market,trade,TESTE,99943.60586986838,62,,,,BTG,BTG,,,
2026-03-31T00:38:40.139Z,market,trade,TESTE,99956.25331675787,13,,,,JPM,GOLDM,,,
2026-03-31T00:38:40.290Z,market,trade,TESTE,99960.82004092912,89,,,,BTG,XP,,,
2026-03-31T00:38:40.443Z,market,trade,TESTE,99955.89119155651,158,,,,GOLDM,ITAU,,,
2026-03-31T00:38:40.594Z,market,trade,TESTE,99959.74845306097,116,,,,JPM,JPM,,,
2026-03-31T00:38:40.745Z,market,trade,TESTE,99949.3174715444,127,,,,BTG,JPM,,,
2026-03-31T00:38:40.906Z,market,trade,TESTE,99944.75718556471,175,,,,ITAU,XP,,,
2026-03-31T00:38:41.059Z,market,trade,TESTE,99942.01289435975,53,,,,ITAU,BARCL,,,
2026-03-31T00:38:41.210Z,market,trade,TESTE,99951.33244244244,157,,,,BTG,MS,,,
2026-03-31T00:38:41.362Z,market,trade,TESTE,99938.78704494369,196,,,,GOLDM,ITAU,,,
2026-03-31T00:38:41.526Z,market,trade,TESTE,99937.32207811622,60,,,,JPM,ITAU,,,
2026-03-31T00:38:41.692Z,market,trade,TESTE,99949.9175047057,32,,,,XP,GOLDM,,,
2026-03-31T00:38:41.858Z,market,trade,TESTE,99954.63227590988,160,,,,BARCL,BTG,,,
2026-03-31T00:38:42.010Z,market,trade,TESTE,99948.62009893155,80,,,,CS,BARCL,,,
2026-03-31T00:38:42.162Z,market,trade,TESTE,99961.79054229983,196,,,,UBS,BARCL,,,
2026-03-31T00:38:42.322Z,market,trade,TESTE,99964.91275844944,15,,,,UBS,MS,,,
2026-03-31T00:38:42.474Z,market,trade,TESTE,99963.13772977026,35,,,,XP,JPM,,,
2026-03-31T00:38:42.626Z,market,trade,TESTE,99953.67843593315,169,,,,ITAU,BARCL,,,
2026-03-31T00:38:42.777Z,market,trade,TESTE,99967.27814594234,171,,,,UBS,CS,,,
2026-03-31T00:38:42.939Z,market,trade,TESTE,99955.31370323377,122,,,,ITAU,CS,,,
2026-03-31T00:38:43.095Z,market,trade,TESTE,99963.15825799113,26,,,,ITAU,UBS,,,
2026-03-31T00:38:43.259Z,market,trade,TESTE,99950.03652932393,42,,,,ITAU,CITI,,,
2026-03-31T00:38:43.410Z,market,trade,TESTE,99954.58955065213,74,,,,XP,GOLDM,,,
2026-03-31T00:38:43.561Z,market,trade,TESTE,99958.71994903809,118,,,,UBS,GOLDM,,,
2026-03-31T00:38:43.726Z,market,trade,TESTE,99958.07875996888,89,,,,ITAU,ITAU,,,
2026-03-31T00:38:43.890Z,market,trade,TESTE,99955.6838689023,71,,,,GOLDM,BTG,,,
2026-03-31T00:38:44.043Z,market,trade,TESTE,99951.1994928839,177,,,,UBS,CS,,,
2026-03-31T00:38:44.194Z,market,trade,TESTE,99954.73883048953,103,,,,CITI,UBS,,,
2026-03-31T00:38:44.348Z,market,trade,TESTE,99960.16092901262,55,,,,MS,ITAU,,,
2026-03-31T00:38:44.506Z,market,trade,TESTE,99958.30245356212,56,,,,BARCL,MS,,,
2026-03-31T00:38:44.658Z,market,trade,TESTE,99947.2758510055,62,,,,BARCL,MS,,,
2026-03-31T00:38:44.810Z,market,trade,TESTE,99958.99629818092,17,,,,ITAU,UBS,,,
2026-03-31T00:38:44.961Z,market,trade,TESTE,99958.00641346713,194,,,,GOLDM,UBS,,,
2026-03-31T00:38:45.122Z,market,trade,TESTE,99954.78682985097,77,,,,CITI,MS,,,
2026-03-31T00:38:45.274Z,market,trade,TESTE,99949.0968994239,118,,,,JPM,JPM,,,
2026-03-31T00:38:45.426Z,market,trade,TESTE,99950.36952098798,9,,,,MS,BTG,,,
2026-03-31T00:38:45.577Z,market,trade,TESTE,99958.89312158407,188,,,,JPM,XP,,,
2026-03-31T00:38:45.743Z,market,trade,TESTE,99959.70263459813,96,,,,XP,ITAU,,,
2026-03-31T00:38:45.894Z,market,trade,TESTE,99951.51317763915,30,,,,MS,GOLDM,,,
2026-03-31T00:38:46.058Z,market,trade,TESTE,99961.9819452787,44,,,,MS,GOLDM,,,
2026-03-31T00:38:46.211Z,market,trade,TESTE,99961.47128982542,182,,,,XP,UBS,,,
2026-03-31T00:38:46.362Z,market,trade,TESTE,99949.70841734619,80,,,,MS,CITI,,,
2026-03-31T00:38:46.523Z,market,trade,TESTE,99953.99962542215,44,,,,CITI,CS,,,
2026-03-31T00:38:46.674Z,market,trade,TESTE,99955.69806314158,197,,,,CITI,MS,,,
2026-03-31T00:38:46.826Z,market,trade,TESTE,99950.9061232813,171,,,,BTG,CS,,,
2026-03-31T00:38:46.977Z,market,trade,TESTE,99948.64995104789,164,,,,BARCL,JPM,,,
2026-03-31T00:38:47.138Z,market,trade,TESTE,99952.32615028304,48,,,,BTG,BTG,,,
2026-03-31T00:38:47.291Z,market,trade,TESTE,99958.67963482089,23,,,,CS,CITI,,,
2026-03-31T00:38:47.442Z,market,trade,TESTE,99950.67463355101,184,,,,BTG,CS,,,
2026-03-31T00:38:47.593Z,market,trade,TESTE,99963.7626360821,188,,,,XP,CS,,,
2026-03-31T00:38:47.743Z,market,trade,TESTE,99956.35398482931,29,,,,XP,MS,,,
2026-03-31T00:38:47.896Z,market,trade,TESTE,99969.09972015968,191,,,,JPM,UBS,,,
2026-03-31T00:38:48.058Z,market,trade,TESTE,99967.02221146286,78,,,,ITAU,MS,,,
2026-03-31T00:38:48.210Z,market,trade,TESTE,99966.46774366654,132,,,,UBS,MS,,,
2026-03-31T00:38:48.362Z,market,trade,TESTE,99970.34735032343,17,,,,CS,UBS,,,
2026-03-31T00:38:48.523Z,market,trade,TESTE,99955.93534365579,180,,,,BARCL,ITAU,,,
2026-03-31T00:38:48.673Z,market,trade,TESTE,99964.81227577695,95,,,,UBS,CITI,,,
2026-03-31T00:38:48.827Z,market,trade,TESTE,99968.61197004895,152,,,,JPM,BARCL,,,
2026-03-31T00:38:48.978Z,market,trade,TESTE,99957.87179505671,107,,,,CS,JPM,,,
2026-03-31T00:38:49.129Z,market,trade,TESTE,99970.91520665903,32,,,,ITAU,CS,,,
2026-03-31T00:38:49.291Z,market,trade,TESTE,99961.34789089294,8,,,,UBS,JPM,,,
2026-03-31T00:38:49.442Z,market,trade,TESTE,99966.92342809025,134,,,,BTG,MS,,,
2026-03-31T00:38:49.593Z,market,trade,TESTE,99955.14691958507,125,,,,CS,XP,,,
2026-03-31T00:38:49.759Z,market,trade,TESTE,99956.75412943425,56,,,,XP,CITI,,,
2026-03-31T00:38:49.922Z,market,trade,TESTE,99969.3943608624,94,,,,UBS,CS,,,
2026-03-31T00:38:50.074Z,market,trade,TESTE,99956.40276821757,92,,,,MS,UBS,,,
2026-03-31T00:38:50.226Z,market,trade,TESTE,99957.27076363808,179,,,,MS,BTG,,,
2026-03-31T00:38:50.376Z,market,trade,TESTE,99965.31364150332,53,,,,CS,ITAU,,,
2026-03-31T00:38:50.542Z,market,trade,TESTE,99967.23917095912,49,,,,GOLDM,XP,,,
2026-03-31T00:38:50.694Z,market,trade,TESTE,99968.48998774802,142,,,,UBS,BARCL,,,
2026-03-31T00:38:50.858Z,market,trade,TESTE,99955.93768780635,34,,,,CITI,XP,,,
2026-03-31T00:38:51.009Z,market,trade,TESTE,99957.35914925644,39,,,,BTG,CS,,,
2026-03-31T00:38:51.162Z,market,trade,TESTE,99958.45034833644,174,,,,UBS,CITI,,,
2026-03-31T00:38:51.324Z,market,trade,TESTE,99971.01081714247,184,,,,CS,XP,,,
2026-03-31T00:38:51.475Z,market,trade,TESTE,99967.30721480127,35,,,,CITI,ITAU,,,
2026-03-31T00:38:51.626Z,market,trade,TESTE,99969.21185780338,112,,,,BARCL,XP,,,
2026-03-31T00:38:51.778Z,market,trade,TESTE,99966.56455566212,178,,,,BARCL,JPM,,,
2026-03-31T00:38:51.940Z,market,trade,TESTE,99956.9249700036,70,,,,GOLDM,CS,,,
2026-03-31T00:38:52.106Z,market,trade,TESTE,99970.3307072284,180,,,,JPM,BTG,,,
2026-03-31T00:38:52.258Z,market,trade,TESTE,99973.9203763439,149,,,,CS,XP,,,
2026-03-31T00:38:52.410Z,market,trade,TESTE,99976.23048508393,169,,,,JPM,GOLDM,,,
2026-03-31T00:38:52.562Z,market,trade,TESTE,99980.51791798449,18,,,,ITAU,CITI,,,
2026-03-31T00:38:52.727Z,market,trade,TESTE,99984.26435669138,71,,,,JPM,MS,,,
2026-03-31T00:38:52.891Z,market,trade,TESTE,99973.81857251954,75,,,,CITI,JPM,,,
2026-03-31T00:38:53.042Z,market,trade,TESTE,99973.2547472199,136,,,,BARCL,CS,,,
2026-03-31T00:38:53.193Z,market,trade,TESTE,99977.60388384777,100,,,,BARCL,XP,,,
2026-03-31T00:38:53.356Z,market,trade,TESTE,99974.18293963815,171,,,,MS,MS,,,
2026-03-31T00:38:53.507Z,market,trade,TESTE,99973.62953648645,120,,,,JPM,CITI,,,
2026-03-31T00:38:53.658Z,market,trade,TESTE,99972.27095980512,49,,,,BTG,CITI,,,
2026-03-31T00:38:53.809Z,market,trade,TESTE,99976.33732482775,11,,,,BTG,CS,,,
2026-03-31T00:38:53.960Z,market,trade,TESTE,99979.74523572323,73,,,,BTG,BARCL,,,
2026-03-31T00:38:54.123Z,market,trade,TESTE,99984.3881286686,40,,,,XP,BTG,,,
2026-03-31T00:38:54.274Z,market,trade,TESTE,99994.97987905245,46,,,,UBS,UBS,,,
2026-03-31T00:38:54.426Z,market,trade,TESTE,99999.06361986914,118,,,,BTG,GOLDM,,,
2026-03-31T00:38:54.577Z,market,trade,TESTE,99984.91589135188,137,,,,ITAU,XP,,,
2026-03-31T00:38:54.727Z,market,trade,TESTE,99989.61361489233,111,,,,ITAU,BTG,,,
2026-03-31T00:38:54.889Z,market,trade,TESTE,100000.60676536993,194,,,,BTG,BTG,,,
2026-03-31T00:38:55.043Z,market,trade,TESTE,99989.98200673463,89,,,,UBS,XP,,,
2026-03-31T00:38:55.193Z,market,trade,TESTE,99997.85097677095,96,,,,GOLDM,CS,,,
2026-03-31T00:38:55.356Z,market,trade,TESTE,99998.62959005304,163,,,,UBS,CS,,,
2026-03-31T00:38:55.507Z,market,trade,TESTE,99998.91969261489,78,,,,MS,ITAU,,,
2026-03-31T00:38:55.658Z,market,trade,TESTE,99989.61850707028,166,,,,GOLDM,UBS,,,
2026-03-31T00:38:55.809Z,market,trade,TESTE,99988.12110372784,152,,,,UBS,XP,,,
2026-03-31T00:38:55.962Z,market,trade,TESTE,99987.08928441448,190,,,,BTG,ITAU,,,
2026-03-31T00:38:56.123Z,market,trade,TESTE,99987.97719978582,17,,,,CS,CITI,,,
2026-03-31T00:38:56.275Z,market,trade,TESTE,99990.76993085838,124,,,,XP,CS,,,
2026-03-31T00:38:56.427Z,market,trade,TESTE,99989.51534188807,112,,,,CS,CITI,,,
2026-03-31T00:38:56.577Z,market,trade,TESTE,99992.4067592695,6,,,,BTG,CS,,,
2026-03-31T00:38:56.742Z,market,trade,TESTE,100004.020230801,53,,,,ITAU,GOLDM,,,
2026-03-31T00:38:56.907Z,market,trade,TESTE,100008.36610626317,45,,,,XP,XP,,,
2026-03-31T00:38:57.057Z,market,trade,TESTE,100001.23220161142,90,,,,ITAU,CITI,,,
2026-03-31T00:38:57.210Z,market,trade,TESTE,100008.01756655317,75,,,,CITI,ITAU,,,
2026-03-31T00:38:57.362Z,market,trade,TESTE,100007.87637818373,86,,,,UBS,BARCL,,,
2026-03-31T00:38:57.513Z,market,trade,TESTE,100006.395958937,163,,,,JPM,CS,,,
2026-03-31T00:38:57.675Z,market,trade,TESTE,99992.36390685319,19,,,,XP,BTG,,,
2026-03-31T00:38:57.826Z,market,trade,TESTE,99991.27468983922,22,,,,BARCL,UBS,,,
2026-03-31T00:38:57.977Z,market,trade,TESTE,100001.84787229159,36,,,,UBS,UBS,,,
2026-03-31T00:38:58.140Z,market,trade,TESTE,99996.04359703079,182,,,,JPM,CITI,,,
2026-03-31T00:38:58.292Z,market,trade,TESTE,99994.56834118303,127,,,,BARCL,ITAU,,,
2026-03-31T00:38:58.458Z,market,trade,TESTE,100007.6289902708,51,,,,GOLDM,BARCL,,,
2026-03-31T00:38:58.610Z,market,trade,TESTE,100008.77711946474,107,,,,XP,XP,,,
2026-03-31T00:38:58.761Z,market,trade,TESTE,100006.85038755898,159,,,,BTG,CS,,,
2026-03-31T00:38:58.922Z,market,trade,TESTE,99993.50866718718,124,,,,XP,UBS,,,
2026-03-31T00:38:59.075Z,market,trade,TESTE,99993.82251441808,134,,,,BARCL,UBS,,,
2026-03-31T00:38:59.227Z,market,trade,TESTE,100007.924423668,149,,,,BTG,UBS,,,
2026-03-31T00:38:59.377Z,market,trade,TESTE,100006.36668228771,110,,,,UBS,XP,,,
2026-03-31T00:38:59.540Z,market,trade,TESTE,99997.45719797238,152,,,,JPM,BTG,,,
2026-03-31T00:38:59.694Z,market,trade,TESTE,99995.03909773898,175,,,,CITI,CS,,,
2026-03-31T00:38:59.858Z,market,trade,TESTE,99993.3065151942,190,,,,ITAU,UBS,,,
2026-03-31T00:39:00.010Z,market,trade,TESTE,99991.40567839095,31,,,,UBS,MS,,,
2026-03-31T00:39:00.161Z,market,trade,TESTE,100005.09132994415,99,,,,CITI,XP,,,
2026-03-31T00:39:00.322Z,market,trade,TESTE,99998.73750666103,71,,,,MS,CITI,,,
2026-03-31T00:39:00.474Z,market,trade,TESTE,100001.01720287307,173,,,,JPM,CITI,,,
2026-03-31T00:39:00.626Z,market,trade,TESTE,99997.57081213963,34,,,,BARCL,XP,,,
2026-03-31T00:39:00.777Z,market,trade,TESTE,99997.46227386978,99,,,,CS,CITI,,,
2026-03-31T00:39:00.938Z,market,trade,TESTE,100011.70192272878,152,,,,BTG,XP,,,
2026-03-31T00:39:01.096Z,market,trade,TESTE,100007.51750787142,65,,,,ITAU,ITAU,,,
2026-03-31T00:39:01.259Z,market,trade,TESTE,99996.66217570886,57,,,,XP,ITAU,,,
2026-03-31T00:39:01.410Z,market,trade,TESTE,99996.26183490579,16,,,,ITAU,BTG,,,
2026-03-31T00:39:01.578Z,market,trade,TESTE,100011.19424358095,199,,,,BTG,MS,,,
2026-03-31T00:39:01.743Z,market,trade,TESTE,100006.92779543433,141,,,,ITAU,XP,,,
2026-03-31T00:39:01.905Z,market,trade,TESTE,100010.5572496184,180,,,,CITI,ITAU,,,
2026-03-31T00:39:02.058Z,market,trade,TESTE,100005.45177661412,59,,,,JPM,CITI,,,
2026-03-31T00:39:02.210Z,market,trade,TESTE,100017.01987003315,142,,,,JPM,CITI,,,
2026-03-31T00:39:02.361Z,market,trade,TESTE,100011.48900007243,128,,,,GOLDM,UBS,,,
2026-03-31T00:39:02.524Z,market,trade,TESTE,100018.18802681586,53,,,,JPM,ITAU,,,
2026-03-31T00:39:02.676Z,market,trade,TESTE,100003.45679085302,144,,,,CS,GOLDM,,,
2026-03-31T00:39:02.842Z,market,trade,TESTE,100013.27511330796,77,,,,JPM,JPM,,,
2026-03-31T00:39:02.994Z,market,trade,TESTE,100009.76479245965,56,,,,CS,BARCL,,,
2026-03-31T00:39:03.156Z,market,trade,TESTE,100014.49686891075,176,,,,JPM,ITAU,,,
2026-03-31T00:39:03.307Z,market,trade,TESTE,100002.51618204024,139,,,,XP,MS,,,
2026-03-31T00:39:03.458Z,market,trade,TESTE,100008.78224759309,47,,,,UBS,MS,,,
2026-03-31T00:39:03.610Z,market,trade,TESTE,99994.19636410501,135,,,,GOLDM,ITAU,,,
2026-03-31T00:39:03.760Z,market,trade,TESTE,100001.4357848968,80,,,,BARCL,CS,,,
2026-03-31T00:39:03.923Z,market,trade,TESTE,100002.27283160888,99,,,,JPM,BARCL,,,
2026-03-31T00:39:04.075Z,market,trade,TESTE,100006.74676795553,16,,,,CS,JPM,,,
2026-03-31T00:39:04.227Z,market,trade,TESTE,100000.80021240153,179,,,,UBS,CS,,,
2026-03-31T00:39:04.378Z,market,trade,TESTE,99997.64134267259,115,,,,CITI,BARCL,,,
2026-03-31T00:39:04.539Z,market,trade,TESTE,100010.76524586785,125,,,,BARCL,BTG,,,
2026-03-31T00:39:04.694Z,market,trade,TESTE,99999.2716393446,101,,,,JPM,BTG,,,
2026-03-31T00:39:04.858Z,market,trade,TESTE,100005.07457863056,55,,,,UBS,CS,,,
2026-03-31T00:39:05.010Z,market,trade,TESTE,100006.64076901373,85,,,,GOLDM,CITI,,,
2026-03-31T00:39:05.161Z,market,trade,TESTE,99994.90660980184,45,,,,XP,XP,,,
2026-03-31T00:39:05.322Z,market,trade,TESTE,100001.44047499451,60,,,,BARCL,BARCL,,,
2026-03-31T00:39:05.474Z,market,trade,TESTE,99990.49558619231,54,,,,XP,CITI,,,
2026-03-31T00:39:05.627Z,market,trade,TESTE,99990.11910642879,36,,,,MS,CITI,,,
2026-03-31T00:39:05.777Z,market,trade,TESTE,99998.27119140007,124,,,,JPM,XP,,,
2026-03-31T00:39:05.928Z,market,trade,TESTE,99994.37442578387,19,,,,ITAU,CS,,,
2026-03-31T00:39:06.091Z,market,trade,TESTE,99991.58357650919,119,,,,JPM,UBS,,,
2026-03-31T00:39:06.242Z,market,trade,TESTE,99979.63784929195,12,,,,CS,CS,,,
2026-03-31T00:39:06.394Z,market,trade,TESTE,99984.63846802112,80,,,,XP,CS,,,
2026-03-31T00:39:06.556Z,market,trade,TESTE,99984.25885555959,196,,,,CITI,JPM,,,
2026-03-31T00:39:06.709Z,market,trade,TESTE,99970.58137683505,8,,,,ITAU,GOLDM,,,
2026-03-31T00:39:06.873Z,market,trade,TESTE,99982.39236890242,6,,,,XP,CS,,,
2026-03-31T00:39:07.026Z,market,trade,TESTE,99969.17470557005,147,,,,ITAU,JPM,,,
2026-03-31T00:39:07.177Z,market,trade,TESTE,99967.22873487817,146,,,,MS,MS,,,
2026-03-31T00:39:07.340Z,market,trade,TESTE,99977.88631616748,142,,,,MS,UBS,,,
2026-03-31T00:39:07.491Z,market,trade,TESTE,99968.73412537754,200,,,,BARCL,GOLDM,,,
2026-03-31T00:39:07.642Z,market,trade,TESTE,99972.18917141286,158,,,,MS,ITAU,,,
2026-03-31T00:39:07.793Z,market,trade,TESTE,99973.83467949623,55,,,,BTG,CS,,,
2026-03-31T00:39:07.944Z,market,trade,TESTE,99973.62668644112,145,,,,BARCL,JPM,,,
2026-03-31T00:39:08.107Z,market,trade,TESTE,99971.44348987214,90,,,,CS,CS,,,
2026-03-31T00:39:08.258Z,market,trade,TESTE,99971.04343442159,138,,,,GOLDM,XP,,,
2026-03-31T00:39:08.411Z,market,trade,TESTE,99975.74384380781,101,,,,CS,JPM,,,
2026-03-31T00:39:08.577Z,market,trade,TESTE,99985.51062610472,40,,,,CITI,UBS,,,
2026-03-31T00:39:08.743Z,market,trade,TESTE,99979.0561810107,181,,,,UBS,GOLDM,,,
2026-03-31T00:39:08.907Z,market,trade,TESTE,99984.06342816094,170,,,,CITI,JPM,,,
2026-03-31T00:39:09.058Z,market,trade,TESTE,99974.89259176078,59,,,,BARCL,BARCL,,,
2026-03-31T00:39:09.211Z,market,trade,TESTE,99983.1619776258,23,,,,JPM,CITI,,,
2026-03-31T00:39:09.362Z,market,trade,TESTE,99975.40186119213,71,,,,CITI,BTG,,,
2026-03-31T00:39:09.527Z,market,trade,TESTE,99976.41916545574,198,,,,XP,ITAU,,,
2026-03-31T00:39:09.684Z,market,trade,TESTE,99972.05910485824,193,,,,CS,BTG,,,
2026-03-31T00:39:09.843Z,market,trade,TESTE,99971.71119625875,114,,,,XP,BTG,,,
2026-03-31T00:39:09.994Z,market,trade,TESTE,99971.63802757695,134,,,,JPM,GOLDM,,,
2026-03-31T00:39:10.155Z,market,trade,TESTE,99984.69460150147,37,,,,CITI,BTG,,,
2026-03-31T00:39:10.306Z,market,trade,TESTE,99982.02409865095,56,,,,XP,ITAU,,,
2026-03-31T00:39:10.458Z,market,trade,TESTE,99985.56360612277,36,,,,XP,MS,,,
2026-03-31T00:39:10.610Z,market,trade,TESTE,99977.38780477074,157,,,,CITI,BARCL,,,
2026-03-31T00:39:10.761Z,market,trade,TESTE,99989.12994285248,84,,,,MS,JPM,,,
2026-03-31T00:39:10.924Z,market,trade,TESTE,99983.16084075341,143,,,,MS,BTG,,,
2026-03-31T00:39:11.090Z,market,trade,TESTE,99979.93371756487,57,,,,CS,BARCL,,,
2026-03-31T00:39:11.243Z,market,trade,TESTE,99993.96611281083,115,,,,XP,GOLDM,,,
2026-03-31T00:39:11.394Z,market,trade,TESTE,99989.08297261117,78,,,,JPM,CS,,,
2026-03-31T00:39:11.555Z,market,trade,TESTE,99977.06475772621,147,,,,XP,BARCL,,,
2026-03-31T00:39:11.709Z,market,trade,TESTE,99985.39513835577,168,,,,CITI,MS,,,
2026-03-31T00:39:11.860Z,market,trade,TESTE,99980.24098225834,15,,,,XP,XP,,,
2026-03-31T00:39:12.011Z,market,trade,TESTE,99995.20844650158,103,,,,JPM,CITI,,,
2026-03-31T00:39:12.162Z,market,trade,TESTE,99986.53824644204,97,,,,BTG,ITAU,,,
2026-03-31T00:39:12.323Z,market,trade,TESTE,99981.67976528329,182,,,,XP,UBS,,,
2026-03-31T00:39:12.474Z,market,trade,TESTE,99980.45316148573,112,,,,UBS,BARCL,,,
2026-03-31T00:39:12.626Z,market,trade,TESTE,99982.6350732463,67,,,,XP,UBS,,,
2026-03-31T00:39:12.777Z,market,trade,TESTE,99995.32122763911,70,,,,JPM,ITAU,,,
2026-03-31T00:39:12.941Z,market,trade,TESTE,99984.35710824934,198,,,,BARCL,UBS,,,
2026-03-31T00:39:13.095Z,market,trade,TESTE,99994.82823195563,134,,,,GOLDM,CITI,,,
2026-03-31T00:39:13.258Z,market,trade,TESTE,99985.63460061756,92,,,,MS,UBS,,,
2026-03-31T00:39:13.410Z,market,trade,TESTE,99981.45898647535,177,,,,CITI,MS,,,
2026-03-31T00:39:13.561Z,market,trade,TESTE,99986.28133184835,171,,,,ITAU,ITAU,,,
2026-03-31T00:39:13.726Z,market,trade,TESTE,99997.28024781818,189,,,,MS,GOLDM,,,
2026-03-31T00:39:13.876Z,market,trade,TESTE,99988.52893856779,158,,,,CS,CITI,,,
2026-03-31T00:39:14.042Z,market,trade,TESTE,99998.34115290435,131,,,,GOLDM,BARCL,,,
2026-03-31T00:39:14.193Z,market,trade,TESTE,99983.87872143535,75,,,,BTG,BTG,,,
2026-03-31T00:39:14.345Z,market,trade,TESTE,99989.31100081762,14,,,,XP,XP,,,
2026-03-31T00:39:14.506Z,market,trade,TESTE,99988.73626983524,88,,,,XP,BTG,,,
2026-03-31T00:39:14.657Z,market,trade,TESTE,99992.95521754569,46,,,,JPM,XP,,,
2026-03-31T00:39:14.810Z,market,trade,TESTE,99991.86103140737,198,,,,CS,MS,,,
2026-03-31T00:39:14.962Z,market,trade,TESTE,99984.24038850464,159,,,,MS,UBS,,,
2026-03-31T00:39:15.122Z,market,trade,TESTE,99981.56256839623,151,,,,CS,BARCL,,,
2026-03-31T00:39:15.275Z,market,trade,TESTE,99992.37125735042,96,,,,JPM,UBS,,,
2026-03-31T00:39:15.426Z,market,trade,TESTE,99977.99483810058,112,,,,UBS,UBS,,,
2026-03-31T00:39:15.577Z,market,trade,TESTE,99992.72073151889,5,,,,XP,CITI,,,
2026-03-31T00:39:15.743Z,market,trade,TESTE,99997.09830298176,22,,,,ITAU,XP,,,
2026-03-31T00:39:15.908Z,market,trade,TESTE,99991.50272496662,22,,,,ITAU,UBS,,,
2026-03-31T00:39:16.059Z,market,trade,TESTE,99993.64545697016,112,,,,MS,BARCL,,,
2026-03-31T00:39:16.210Z,market,trade,TESTE,100006.90729750533,178,,,,GOLDM,GOLDM,,,
2026-03-31T00:39:16.362Z,market,trade,TESTE,100005.21745407383,31,,,,BARCL,GOLDM,,,
2026-03-31T00:39:16.524Z,market,trade,TESTE,100002.52523289656,118,,,,UBS,UBS,,,
2026-03-31T00:39:16.675Z,market,trade,TESTE,99987.89381870822,22,,,,BARCL,XP,,,
2026-03-31T00:39:16.826Z,market,trade,TESTE,99996.86957090268,136,,,,ITAU,ITAU,,,
2026-03-31T00:39:16.977Z,market,trade,TESTE,99983.3608822048,196,,,,CITI,ITAU,,,
2026-03-31T00:39:17.138Z,market,trade,TESTE,99995.52136401446,13,,,,GOLDM,CS,,,
2026-03-31T00:39:17.289Z,market,trade,TESTE,99991.39012856531,149,,,,CITI,JPM,,,
2026-03-31T00:39:17.442Z,market,trade,TESTE,99981.81841929145,85,,,,UBS,CITI,,,
2026-03-31T00:39:17.593Z,market,trade,TESTE,99983.8421285028,102,,,,UBS,XP,,,
2026-03-31T00:39:17.759Z,market,trade,TESTE,99979.66715699203,140,,,,GOLDM,ITAU,,,
2026-03-31T00:39:17.909Z,market,trade,TESTE,99977.02205521212,171,,,,BARCL,BARCL,,,
2026-03-31T00:39:18.074Z,market,trade,TESTE,99991.3540671777,67,,,,UBS,CITI,,,
2026-03-31T00:39:18.227Z,market,trade,TESTE,99983.34424503638,185,,,,BTG,XP,,,
2026-03-31T00:39:18.378Z,market,trade,TESTE,99989.33212658107,124,,,,GOLDM,CS,,,
2026-03-31T00:39:18.539Z,market,trade,TESTE,99982.47369782724,98,,,,CITI,CITI,,,
2026-03-31T00:39:18.696Z,market,trade,TESTE,99981.4980819852,167,,,,ITAU,BTG,,,
2026-03-31T00:39:18.860Z,market,trade,TESTE,99995.21746061949,146,,,,MS,MS,,,
2026-03-31T00:39:19.010Z,market,trade,TESTE,99996.26060134651,28,,,,ITAU,GOLDM,,,
2026-03-31T00:39:19.162Z,market,trade,TESTE,99998.90634457555,138,,,,BARCL,CITI,,,
2026-03-31T00:39:19.323Z,market,trade,TESTE,99986.0280515513,182,,,,ITAU,BARCL,,,
2026-03-31T00:39:19.474Z,market,trade,TESTE,99991.87345830076,157,,,,BTG,BARCL,,,
2026-03-31T00:39:19.626Z,market,trade,TESTE,99983.83063017315,144,,,,CS,CS,,,
2026-03-31T00:39:19.778Z,market,trade,TESTE,99987.35233045425,108,,,,BTG,JPM,,,
2026-03-31T00:39:19.940Z,market,trade,TESTE,99989.70218850914,92,,,,BARCL,CITI,,,
2026-03-31T00:39:20.091Z,market,trade,TESTE,99997.13369788419,66,,,,BARCL,GOLDM,,,
2026-03-31T00:39:20.242Z,market,trade,TESTE,99989.78791049407,191,,,,CS,JPM,,,
2026-03-31T00:39:20.393Z,market,trade,TESTE,100001.58166291304,126,,,,CS,CITI,,,
2026-03-31T00:39:20.555Z,market,trade,TESTE,99999.57875347935,56,,,,CS,UBS,,,
2026-03-31T00:39:20.711Z,market,trade,TESTE,100003.83128621861,174,,,,ITAU,XP,,,
2026-03-31T00:39:20.876Z,market,trade,TESTE,99998.02203106532,136,,,,BTG,CITI,,,
2026-03-31T00:39:21.042Z,market,trade,TESTE,100000.9981591229,35,,,,XP,BTG,,,
2026-03-31T00:39:21.194Z,market,trade,TESTE,99996.86178134951,171,,,,CITI,XP,,,
2026-03-31T00:39:21.356Z,market,trade,TESTE,100011.10530090345,77,,,,BARCL,BARCL,,,
2026-03-31T00:39:21.511Z,market,trade,TESTE,100012.03530166196,89,,,,JPM,UBS,,,
2026-03-31T00:39:21.674Z,market,trade,TESTE,100014.64213954889,18,,,,BTG,CS,,,
2026-03-31T00:39:21.826Z,market,trade,TESTE,100017.19722778589,122,,,,CS,XP,,,
2026-03-31T00:39:21.977Z,market,trade,TESTE,100008.96039534736,138,,,,MS,MS,,,
2026-03-31T00:39:22.139Z,market,trade,TESTE,100021.0292423439,62,,,,GOLDM,BARCL,,,
2026-03-31T00:39:22.290Z,market,trade,TESTE,100024.00390963715,30,,,,UBS,GOLDM,,,
2026-03-31T00:39:22.442Z,market,trade,TESTE,100015.24041959558,28,,,,BARCL,XP,,,
2026-03-31T00:39:22.593Z,market,trade,TESTE,100027.387072306,160,,,,JPM,BARCL,,,
2026-03-31T00:39:22.760Z,market,trade,TESTE,100031.83576834579,116,,,,BARCL,CS,,,
2026-03-31T00:39:22.911Z,market,trade,TESTE,100035.54383835237,142,,,,XP,UBS,,,
2026-03-31T00:39:23.074Z,market,trade,TESTE,100025.72226920651,9,,,,ITAU,GOLDM,,,
2026-03-31T00:39:23.226Z,market,trade,TESTE,100028.30215223298,47,,,,UBS,MS,,,
2026-03-31T00:39:23.377Z,market,trade,TESTE,100031.91720394287,139,,,,XP,BARCL,,,
2026-03-31T00:39:23.540Z,market,trade,TESTE,100046.53115185759,174,,,,JPM,ITAU,,,
2026-03-31T00:39:23.693Z,market,trade,TESTE,100035.56296722288,87,,,,CITI,BTG,,,
2026-03-31T00:39:23.859Z,market,trade,TESTE,100033.21665375138,131,,,,CITI,JPM,,,
2026-03-31T00:39:24.010Z,market,trade,TESTE,100033.0597216303,120,,,,BARCL,GOLDM,,,
2026-03-31T00:39:24.162Z,market,trade,TESTE,100035.75467482432,71,,,,CS,XP,,,
2026-03-31T00:39:24.322Z,market,trade,TESTE,100038.36546196224,180,,,,XP,MS,,,
2026-03-31T00:39:24.474Z,market,trade,TESTE,100034.42602377293,197,,,,CS,MS,,,
2026-03-31T00:39:24.627Z,market,trade,TESTE,100037.44642179845,192,,,,CS,JPM,,,
2026-03-31T00:39:24.778Z,market,trade,TESTE,100045.8812876399,67,,,,BTG,MS,,,
2026-03-31T00:39:24.943Z,market,trade,TESTE,100040.74932701078,99,,,,CITI,CITI,,,
2026-03-31T00:39:25.095Z,market,trade,TESTE,100040.52144989188,45,,,,JPM,XP,,,
2026-03-31T00:39:25.258Z,market,trade,TESTE,100039.83377890797,22,,,,ITAU,UBS,,,
2026-03-31T00:39:25.409Z,market,trade,TESTE,100051.69316692265,7,,,,CS,XP,,,
2026-03-31T00:39:25.562Z,market,trade,TESTE,100050.00921233809,102,,,,CITI,CITI,,,
2026-03-31T00:39:25.726Z,market,trade,TESTE,100044.97213218741,37,,,,BTG,GOLDM,,,
2026-03-31T00:39:25.890Z,market,trade,TESTE,100044.30906686214,111,,,,UBS,XP,,,
2026-03-31T00:39:26.042Z,market,trade,TESTE,100042.25845422476,161,,,,MS,JPM,,,
2026-03-31T00:39:26.193Z,market,trade,TESTE,100057.06379224066,149,,,,UBS,XP,,,
2026-03-31T00:39:26.343Z,market,trade,TESTE,100056.1763220193,87,,,,BARCL,CITI,,,
2026-03-31T00:39:26.507Z,market,trade,TESTE,100048.83150048838,38,,,,MS,UBS,,,
2026-03-31T00:39:26.659Z,market,trade,TESTE,100048.02938644763,45,,,,MS,JPM,,,
2026-03-31T00:39:26.810Z,market,trade,TESTE,100044.3217069816,156,,,,CS,XP,,,
2026-03-31T00:39:26.975Z,market,trade,TESTE,100046.26346244403,192,,,,CITI,GOLDM,,,
2026-03-31T00:39:27.138Z,market,trade,TESTE,100044.13923111686,79,,,,BARCL,ITAU,,,
2026-03-31T00:39:27.290Z,market,trade,TESTE,100055.80994360271,89,,,,ITAU,CS,,,
2026-03-31T00:39:27.442Z,market,trade,TESTE,100045.17329053402,52,,,,ITAU,JPM,,,
2026-03-31T00:39:27.593Z,market,trade,TESTE,100045.19853214294,117,,,,UBS,JPM,,,
2026-03-31T00:39:27.743Z,market,trade,TESTE,100052.96689330605,47,,,,CS,BTG,,,
2026-03-31T00:39:27.906Z,market,trade,TESTE,100053.71447074368,15,,,,ITAU,UBS,,,
2026-03-31T00:39:28.058Z,market,trade,TESTE,100042.9841845514,117,,,,GOLDM,ITAU,,,
2026-03-31T00:39:28.209Z,market,trade,TESTE,100057.60590851102,171,,,,XP,ITAU,,,
2026-03-31T00:39:28.362Z,market,trade,TESTE,100043.55384041714,120,,,,ITAU,JPM,,,
2026-03-31T00:39:28.524Z,market,trade,TESTE,100057.72719107497,97,,,,BARCL,XP,,,
2026-03-31T00:39:28.674Z,market,trade,TESTE,100051.04500217669,104,,,,UBS,ITAU,,,
2026-03-31T00:39:28.826Z,market,trade,TESTE,100061.3926078516,56,,,,UBS,JPM,,,
2026-03-31T00:39:28.977Z,market,trade,TESTE,100052.76875061545,92,,,,JPM,MS,,,
2026-03-31T00:39:29.138Z,market,trade,TESTE,100064.295059444,87,,,,JPM,ITAU,,,
2026-03-31T00:39:29.290Z,market,trade,TESTE,100054.87134196136,104,,,,CITI,CITI,,,
2026-03-31T00:39:29.443Z,market,trade,TESTE,100063.54197972774,101,,,,CITI,BTG,,,
2026-03-31T00:39:29.593Z,market,trade,TESTE,100068.06425448478,69,,,,ITAU,JPM,,,
2026-03-31T00:39:29.759Z,market,trade,TESTE,100058.44809276702,128,,,,CS,JPM,,,
2026-03-31T00:39:29.910Z,market,trade,TESTE,100069.87369358081,20,,,,MS,BARCL,,,
2026-03-31T00:39:30.075Z,market,trade,TESTE,100073.21920107915,135,,,,MS,ITAU,,,
2026-03-31T00:39:30.226Z,market,trade,TESTE,100068.55715919897,86,,,,XP,MS,,,
2026-03-31T00:39:30.377Z,market,trade,TESTE,100067.79673969813,90,,,,CITI,BTG,,,
2026-03-31T00:39:30.539Z,market,trade,TESTE,100066.93995338073,138,,,,BTG,BTG,,,
2026-03-31T00:39:30.696Z,market,trade,TESTE,100060.89518251986,47,,,,GOLDM,CS,,,
2026-03-31T00:39:30.858Z,market,trade,TESTE,100074.5767314569,90,,,,MS,CS,,,
2026-03-31T00:39:31.010Z,market,trade,TESTE,100061.93206442054,40,,,,CS,BTG,,,
2026-03-31T00:39:31.160Z,market,trade,TESTE,100071.02240673256,44,,,,XP,BARCL,,,
2026-03-31T00:39:31.326Z,market,trade,TESTE,100071.78939445406,28,,,,BTG,CS,,,
2026-03-31T00:39:31.491Z,market,trade,TESTE,100071.17746355385,79,,,,MS,CS,,,
2026-03-31T00:39:31.642Z,market,trade,TESTE,100056.45678962875,115,,,,CITI,BTG,,,
2026-03-31T00:39:31.794Z,market,trade,TESTE,100055.7765034958,86,,,,CS,BTG,,,
2026-03-31T00:39:31.954Z,market,trade,TESTE,100062.65548599888,145,,,,BARCL,ITAU,,,
2026-03-31T00:39:32.110Z,market,trade,TESTE,100064.58514385879,102,,,,CS,BARCL,,,
2026-03-31T00:39:32.274Z,market,trade,TESTE,100057.31114211555,84,,,,BARCL,XP,,,
2026-03-31T00:39:32.426Z,market,trade,TESTE,100066.289339927,138,,,,CITI,UBS,,,
2026-03-31T00:39:32.577Z,market,trade,TESTE,100059.46074357505,13,,,,UBS,BTG,,,
2026-03-31T00:39:32.727Z,market,trade,TESTE,100059.51516240358,18,,,,BARCL,GOLDM,,,
2026-03-31T00:39:32.890Z,market,trade,TESTE,100062.41896903266,198,,,,CS,UBS,,,
2026-03-31T00:39:33.043Z,market,trade,TESTE,100058.4148658844,180,,,,XP,BTG,,,
2026-03-31T00:39:33.194Z,market,trade,TESTE,100072.39829353844,146,,,,CITI,MS,,,
2026-03-31T00:39:33.355Z,market,trade,TESTE,100059.02790282384,45,,,,BARCL,BARCL,,,
2026-03-31T00:39:33.510Z,market,trade,TESTE,100063.91433411886,103,,,,UBS,UBS,,,
2026-03-31T00:39:33.675Z,market,trade,TESTE,100059.63949351166,190,,,,CS,CS,,,
2026-03-31T00:39:33.826Z,market,trade,TESTE,100066.38059969513,146,,,,JPM,CITI,,,
2026-03-31T00:39:33.977Z,market,trade,TESTE,100059.11418868642,21,,,,GOLDM,JPM,,,
2026-03-31T00:39:34.140Z,market,trade,TESTE,100073.85295003424,78,,,,CITI,BARCL,,,
2026-03-31T00:39:34.290Z,market,trade,TESTE,100067.48624159294,86,,,,CITI,ITAU,,,
2026-03-31T00:39:34.443Z,market,trade,TESTE,100077.08472678738,93,,,,ITAU,JPM,,,
2026-03-31T00:39:34.595Z,market,trade,TESTE,100080.42980150633,114,,,,ITAU,UBS,,,
2026-03-31T00:39:34.746Z,market,trade,TESTE,100079.16356371334,36,,,,CITI,GOLDM,,,
2026-03-31T00:39:34.906Z,market,trade,TESTE,100077.24026363,83,,,,BARCL,UBS,,,
2026-03-31T00:39:35.060Z,market,trade,TESTE,100073.917276611,96,,,,UBS,MS,,,
2026-03-31T00:39:35.211Z,market,trade,TESTE,100066.18160043757,178,,,,CITI,BARCL,,,
2026-03-31T00:39:35.362Z,market,trade,TESTE,100065.528176274,76,,,,UBS,JPM,,,
2026-03-31T00:39:35.523Z,market,trade,TESTE,100072.98975760718,135,,,,JPM,BTG,,,
2026-03-31T00:39:35.674Z,market,trade,TESTE,100061.5933812079,186,,,,BARCL,ITAU,,,
2026-03-31T00:39:35.826Z,market,trade,TESTE,100071.45888449335,129,,,,BARCL,UBS,,,
2026-03-31T00:39:35.978Z,market,trade,TESTE,100058.94465895357,139,,,,GOLDM,MS,,,
2026-03-31T00:39:36.140Z,market,trade,TESTE,100071.68394800086,154,,,,BTG,JPM,,,
2026-03-31T00:39:36.305Z,market,trade,TESTE,100070.36593528876,200,,,,UBS,ITAU,,,
2026-03-31T00:39:36.457Z,market,trade,TESTE,100063.64888291765,196,,,,UBS,UBS,,,
2026-03-31T00:39:36.610Z,market,trade,TESTE,100059.69966157322,77,,,,XP,ITAU,,,
2026-03-31T00:39:36.760Z,market,trade,TESTE,100070.7788593497,22,,,,CITI,BARCL,,,
2026-03-31T00:39:36.920Z,market,trade,TESTE,100068.0877026663,190,,,,BARCL,ITAU,,,
2026-03-31T00:39:37.078Z,market,trade,TESTE,100066.02596254999,113,,,,BARCL,MS,,,
2026-03-31T00:39:37.242Z,market,trade,TESTE,100066.51014130798,96,,,,BARCL,JPM,,,
2026-03-31T00:39:37.394Z,market,trade,TESTE,100068.81288693105,53,,,,ITAU,ITAU,,,
2026-03-31T00:39:37.557Z,market,trade,TESTE,100061.17900732903,151,,,,JPM,BARCL,,,
2026-03-31T00:39:37.711Z,market,trade,TESTE,100071.58923192782,173,,,,UBS,BTG,,,
2026-03-31T00:39:37.874Z,market,trade,TESTE,100072.72237400636,93,,,,BTG,ITAU,,,
2026-03-31T00:39:38.026Z,market,trade,TESTE,100068.37707147106,28,,,,UBS,BTG,,,
2026-03-31T00:39:38.177Z,market,trade,TESTE,100061.30754249786,71,,,,GOLDM,BTG,,,
2026-03-31T00:39:38.328Z,market,trade,TESTE,100056.54326676091,147,,,,MS,GOLDM,,,
2026-03-31T00:39:38.491Z,market,trade,TESTE,100059.65423222771,43,,,,ITAU,MS,,,
2026-03-31T00:39:38.642Z,market,trade,TESTE,100065.93578701385,114,,,,CITI,ITAU,,,
2026-03-31T00:39:38.794Z,market,trade,TESTE,100065.45547729109,15,,,,ITAU,XP,,,
2026-03-31T00:39:38.954Z,market,trade,TESTE,100063.40306082228,7,,,,BARCL,GOLDM,,,
2026-03-31T00:39:39.110Z,market,trade,TESTE,100052.97467045685,99,,,,GOLDM,CITI,,,
2026-03-31T00:39:39.275Z,market,trade,TESTE,100063.81901809644,168,,,,GOLDM,CITI,,,
2026-03-31T00:39:39.425Z,market,trade,TESTE,100052.53708225509,36,,,,UBS,BARCL,,,
2026-03-31T00:39:39.577Z,market,trade,TESTE,100059.64791177324,93,,,,UBS,MS,,,
2026-03-31T00:39:39.742Z,market,trade,TESTE,100059.66692906342,141,,,,ITAU,BARCL,,,
2026-03-31T00:39:39.905Z,market,trade,TESTE,100048.59939795102,73,,,,ITAU,ITAU,,,
2026-03-31T00:39:40.058Z,market,trade,TESTE,100046.11556752081,183,,,,UBS,ITAU,,,
2026-03-31T00:39:40.209Z,market,trade,TESTE,100060.71840049965,170,,,,GOLDM,CITI,,,
2026-03-31T00:39:40.361Z,market,trade,TESTE,100064.07634936443,24,,,,MS,MS,,,
2026-03-31T00:39:40.523Z,market,trade,TESTE,100061.82713930467,51,,,,XP,MS,,,
2026-03-31T00:39:40.673Z,market,trade,TESTE,100057.42331090318,9,,,,GOLDM,MS,,,
2026-03-31T00:39:40.827Z,market,trade,TESTE,100043.6974483564,149,,,,MS,BARCL,,,
2026-03-31T00:39:40.977Z,market,trade,TESTE,100055.59128553205,40,,,,CS,BTG,,,
2026-03-31T00:39:41.143Z,market,trade,TESTE,100055.56935887368,102,,,,MS,JPM,,,
2026-03-31T00:39:41.307Z,market,trade,TESTE,100040.93485441353,94,,,,JPM,CITI,,,
2026-03-31T00:39:41.458Z,market,trade,TESTE,100040.57532627461,147,,,,CS,CS,,,
2026-03-31T00:39:41.610Z,market,trade,TESTE,100040.67812290271,105,,,,UBS,BARCL,,,
2026-03-31T00:39:41.760Z,market,trade,TESTE,100045.2320324339,172,,,,MS,CS,,,
2026-03-31T00:39:41.911Z,market,trade,TESTE,100051.20259038293,65,,,,BARCL,MS,,,
2026-03-31T00:39:42.073Z,market,trade,TESTE,100046.08875891184,117,,,,UBS,GOLDM,,,
2026-03-31T00:39:42.226Z,market,trade,TESTE,100043.15287645014,190,,,,JPM,BTG,,,
2026-03-31T00:39:42.376Z,market,trade,TESTE,100046.4803358227,56,,,,GOLDM,JPM,,,
2026-03-31T00:39:42.539Z,market,trade,TESTE,100050.90436890569,197,,,,CITI,XP,,,
2026-03-31T00:39:42.692Z,market,trade,TESTE,100058.14069939725,177,,,,BARCL,BARCL,,,
2026-03-31T00:39:42.858Z,market,trade,TESTE,100052.803346731,30,,,,CS,CS,,,
2026-03-31T00:39:43.010Z,market,trade,TESTE,100067.56932524919,45,,,,JPM,BARCL,,,
2026-03-31T00:39:43.161Z,market,trade,TESTE,100070.9104062726,110,,,,BARCL,BTG,,,
2026-03-31T00:39:43.324Z,market,trade,TESTE,100061.7338643614,163,,,,JPM,MS,,,
2026-03-31T00:39:43.488Z,market,trade,TESTE,100067.41271822562,68,,,,JPM,CITI,,,
2026-03-31T00:39:43.641Z,market,trade,TESTE,100058.83169748499,161,,,,BTG,MS,,,
2026-03-31T00:39:43.792Z,market,trade,TESTE,100055.46246262436,75,,,,CITI,BTG,,,
2026-03-31T00:39:43.956Z,market,trade,TESTE,100057.20278106947,15,,,,BTG,BTG,,,
2026-03-31T00:39:44.111Z,market,trade,TESTE,100066.84454197604,27,,,,XP,MS,,,
2026-03-31T00:39:44.273Z,market,trade,TESTE,100065.50541232576,9,,,,CS,GOLDM,,,
2026-03-31T00:39:44.426Z,market,trade,TESTE,100062.76506996647,171,,,,CITI,JPM,,,
2026-03-31T00:39:44.577Z,market,trade,TESTE,100052.74835951696,160,,,,ITAU,BARCL,,,
2026-03-31T00:39:44.742Z,market,trade,TESTE,100066.18940965495,123,,,,CS,ITAU,,,
2026-03-31T00:39:44.907Z,market,trade,TESTE,100066.55708394252,73,,,,MS,BARCL,,,
2026-03-31T00:39:45.058Z,market,trade,TESTE,100066.12294397353,114,,,,UBS,CITI,,,
2026-03-31T00:39:45.209Z,market,trade,TESTE,100069.79081281365,11,,,,MS,UBS,,,
2026-03-31T00:39:45.360Z,market,trade,TESTE,100059.38147256024,199,,,,CITI,MS,,,
2026-03-31T00:39:45.510Z,market,trade,TESTE,100073.64202282853,121,,,,XP,BTG,,,
2026-03-31T00:39:45.673Z,market,trade,TESTE,100071.39557153125,99,,,,XP,CS,,,
2026-03-31T00:39:45.826Z,market,trade,TESTE,100063.8393550302,36,,,,ITAU,XP,,,
2026-03-31T00:39:45.977Z,market,trade,TESTE,100063.00086253331,142,,,,CITI,ITAU,,,
2026-03-31T00:39:46.136Z,market,trade,TESTE,100066.37703150418,5,,,,MS,UBS,,,
2026-03-31T00:39:46.290Z,market,trade,TESTE,100072.23276562204,49,,,,ITAU,UBS,,,
2026-03-31T00:39:46.442Z,market,trade,TESTE,100064.63437272952,169,,,,XP,BTG,,,
2026-03-31T00:39:46.594Z,market,trade,TESTE,100073.38123149125,186,,,,BARCL,CITI,,,
2026-03-31T00:39:46.759Z,market,trade,TESTE,100059.01148601418,73,,,,JPM,BARCL,,,
2026-03-31T00:39:46.921Z,market,trade,TESTE,100066.76739744251,14,,,,JPM,XP,,,
2026-03-31T00:39:47.072Z,market,trade,TESTE,100051.89848357171,25,,,,BARCL,MS,,,
2026-03-31T00:39:47.226Z,market,trade,TESTE,100059.3962336061,134,,,,GOLDM,XP,,,
2026-03-31T00:39:47.377Z,market,trade,TESTE,100048.83061696142,28,,,,UBS,BARCL,,,
2026-03-31T00:39:47.539Z,market,trade,TESTE,100060.28373803379,80,,,,GOLDM,BARCL,,,
2026-03-31T00:39:47.696Z,market,trade,TESTE,100054.84552486915,186,,,,ITAU,BARCL,,,
2026-03-31T00:39:47.858Z,market,trade,TESTE,100066.68662069818,34,,,,CS,MS,,,
2026-03-31T00:39:48.009Z,market,trade,TESTE,100062.36546180598,73,,,,MS,JPM,,,
2026-03-31T00:39:48.173Z,market,trade,TESTE,100053.24588380253,173,,,,CITI,XP,,,
2026-03-31T00:39:48.339Z,market,trade,TESTE,100050.47680454898,156,,,,GOLDM,MS,,,
2026-03-31T00:39:48.494Z,market,trade,TESTE,100046.91945321267,103,,,,XP,ITAU,,,
2026-03-31T00:39:48.658Z,market,trade,TESTE,100055.82905224235,151,,,,XP,JPM,,,
2026-03-31T00:39:48.810Z,market,trade,TESTE,100044.13554537126,82,,,,UBS,ITAU,,,
2026-03-31T00:39:48.962Z,market,trade,TESTE,100055.20579337953,20,,,,GOLDM,MS,,,
2026-03-31T00:39:49.112Z,market,trade,TESTE,100042.87043156358,69,,,,MS,ITAU,,,
2026-03-31T00:39:49.275Z,market,trade,TESTE,100049.9947927795,180,,,,UBS,MS,,,
2026-03-31T00:39:49.426Z,market,trade,TESTE,100052.77291268996,39,,,,JPM,CS,,,
2026-03-31T00:39:49.577Z,market,trade,TESTE,100050.29457827302,191,,,,CITI,UBS,,,
2026-03-31T00:39:49.743Z,market,trade,TESTE,100049.89144966514,28,,,,BARCL,XP,,,
2026-03-31T00:39:49.906Z,market,trade,TESTE,100036.12432355205,155,,,,GOLDM,BTG,,,
2026-03-31T00:39:50.058Z,market,trade,TESTE,100039.65349057813,15,,,,ITAU,ITAU,,,
2026-03-31T00:39:50.209Z,market,trade,TESTE,100048.55992359607,75,,,,ITAU,GOLDM,,,
2026-03-31T00:39:50.359Z,market,trade,TESTE,100034.976651854,137,,,,MS,CITI,,,
2026-03-31T00:39:50.523Z,market,trade,TESTE,100047.96891362876,146,,,,UBS,ITAU,,,
2026-03-31T00:39:50.674Z,market,trade,TESTE,100039.2340925191,177,,,,BARCL,CITI,,,
2026-03-31T00:39:50.827Z,market,trade,TESTE,100050.75638976584,87,,,,XP,ITAU,,,
2026-03-31T00:39:50.977Z,market,trade,TESTE,100037.0095352842,90,,,,XP,GOLDM,,,
2026-03-31T00:39:51.139Z,market,trade,TESTE,100044.0456072746,73,,,,GOLDM,GOLDM,,,
2026-03-31T00:39:51.291Z,market,trade,TESTE,100031.33773345471,130,,,,ITAU,CS,,,
2026-03-31T00:39:51.442Z,market,trade,TESTE,100037.5777593585,136,,,,BTG,ITAU,,,
2026-03-31T00:39:51.594Z,market,trade,TESTE,100026.59121838365,179,,,,GOLDM,XP,,,
2026-03-31T00:39:51.759Z,market,trade,TESTE,100028.1733592977,8,,,,BARCL,ITAU,,,
2026-03-31T00:39:51.923Z,market,trade,TESTE,100037.16558427508,23,,,,ITAU,BTG,,,
2026-03-31T00:39:52.076Z,market,trade,TESTE,100026.81533616014,87,,,,BTG,XP,,,
2026-03-31T00:39:52.226Z,market,trade,TESTE,100031.5627524031,132,,,,UBS,BTG,,,
2026-03-31T00:39:52.377Z,market,trade,TESTE,100039.2126976195,39,,,,JPM,XP,,,
2026-03-31T00:39:52.540Z,market,trade,TESTE,100038.18726042358,60,,,,UBS,MS,,,
2026-03-31T00:39:52.694Z,market,trade,TESTE,100036.09266608935,141,,,,JPM,CITI,,,
2026-03-31T00:39:52.858Z,market,trade,TESTE,100030.03555722715,76,,,,MS,XP,,,
2026-03-31T00:39:53.010Z,market,trade,TESTE,100042.55649918201,147,,,,CS,CITI,,,
2026-03-31T00:39:53.162Z,market,trade,TESTE,100036.1813390262,50,,,,CS,XP,,,
2026-03-31T00:39:53.323Z,market,trade,TESTE,100037.41208923864,112,,,,JPM,GOLDM,,,
2026-03-31T00:39:53.474Z,market,trade,TESTE,100033.3033749868,113,,,,UBS,BTG,,,
2026-03-31T00:39:53.626Z,market,trade,TESTE,100029.46972681844,14,,,,BARCL,BTG,,,
2026-03-31T00:39:53.777Z,market,trade,TESTE,100026.1134349729,45,,,,UBS,GOLDM,,,
2026-03-31T00:39:53.927Z,market,trade,TESTE,100025.75535509984,84,,,,CITI,UBS,,,
2026-03-31T00:39:54.090Z,market,trade,TESTE,100025.83457620612,41,,,,JPM,CS,,,
2026-03-31T00:39:54.241Z,market,trade,TESTE,100035.84191133139,125,,,,CS,CITI,,,
2026-03-31T00:39:54.393Z,market,trade,TESTE,100035.8241215959,77,,,,XP,CS,,,
2026-03-31T00:39:54.554Z,market,trade,TESTE,100032.02826249666,187,,,,MS,BTG,,,
2026-03-31T00:39:54.710Z,market,trade,TESTE,100026.43181730578,118,,,,JPM,BTG,,,
2026-03-31T00:39:54.875Z,market,trade,TESTE,100032.57024236926,5,,,,CITI,UBS,,,
2026-03-31T00:39:55.026Z,market,trade,TESTE,100035.2364860044,186,,,,JPM,MS,,,
2026-03-31T00:39:55.177Z,market,trade,TESTE,100032.95201277042,98,,,,BARCL,UBS,,,
2026-03-31T00:39:55.341Z,market,trade,TESTE,100023.66993570395,170,,,,XP,UBS,,,
2026-03-31T00:39:55.506Z,market,trade,TESTE,100032.50671516926,63,,,,BARCL,JPM,,,
2026-03-31T00:39:55.659Z,market,trade,TESTE,100022.8641640309,127,,,,BARCL,BTG,,,
2026-03-31T00:39:55.810Z,market,trade,TESTE,100021.35425462315,169,,,,GOLDM,CITI,,,
2026-03-31T00:39:55.961Z,market,trade,TESTE,100031.57201692204,177,,,,ITAU,JPM,,,
2026-03-31T00:39:56.123Z,market,trade,TESTE,100024.08677791465,83,,,,ITAU,CS,,,
2026-03-31T00:39:56.275Z,market,trade,TESTE,100028.17401157862,147,,,,CITI,ITAU,,,
2026-03-31T00:39:56.441Z,market,trade,TESTE,100043.08505626119,15,,,,MS,BTG,,,
2026-03-31T00:39:56.592Z,market,trade,TESTE,100034.15157327613,32,,,,CITI,ITAU,,,
2026-03-31T00:39:56.743Z,market,trade,TESTE,100042.5667332405,150,,,,BARCL,GOLDM,,,
2026-03-31T00:39:56.908Z,market,trade,TESTE,100028.8788790908,199,,,,BARCL,CS,,,
2026-03-31T00:39:57.074Z,market,trade,TESTE,100035.90419400789,25,,,,UBS,JPM,,,
2026-03-31T00:39:57.226Z,market,trade,TESTE,100031.40810230408,49,,,,BTG,CS,,,
2026-03-31T00:39:57.377Z,market,trade,TESTE,100032.84593570116,128,,,,MS,JPM,,,
2026-03-31T00:39:57.529Z,market,trade,TESTE,100028.8664809817,178,,,,BTG,BTG,,,
2026-03-31T00:39:57.680Z,market,trade,TESTE,100031.59550111098,157,,,,UBS,ITAU,,,
2026-03-31T00:39:57.842Z,market,trade,TESTE,100021.17396430118,93,,,,MS,CS,,,
2026-03-31T00:39:57.993Z,market,trade,TESTE,100021.62685685336,52,,,,CS,UBS,,,
2026-03-31T00:39:58.156Z,market,trade,TESTE,100020.18797750451,174,,,,UBS,MS,,,
2026-03-31T00:39:58.310Z,market,trade,TESTE,100033.51226015558,104,,,,UBS,UBS,,,
2026-03-31T00:39:58.475Z,market,trade,TESTE,100021.32023206863,108,,,,CS,JPM,,,
2026-03-31T00:39:58.626Z,market,trade,TESTE,100033.69178643795,141,,,,UBS,CS,,,
2026-03-31T00:39:58.777Z,market,trade,TESTE,100032.79967321108,126,,,,JPM,BTG,,,
2026-03-31T00:39:58.938Z,market,trade,TESTE,100022.19143678767,135,,,,JPM,JPM,,,
2026-03-31T00:39:59.090Z,market,trade,TESTE,100035.67494613235,67,,,,BTG,CS,,,
2026-03-31T00:39:59.242Z,market,trade,TESTE,100039.23402312859,77,,,,XP,MS,,,
2026-03-31T00:39:59.393Z,market,trade,TESTE,100039.23388249413,165,,,,MS,BTG,,,
2026-03-31T00:39:59.556Z,market,trade,TESTE,100037.07806909968,92,,,,ITAU,ITAU,,,
2026-03-31T00:39:59.710Z,market,trade,TESTE,100031.88177176518,16,,,,CITI,CS,,,
2026-03-31T00:39:59.874Z,market,trade,TESTE,100027.16924411901,71,,,,BTG,UBS,,,
2026-03-31T00:40:00.026Z,market,trade,TESTE,100027.04065192498,48,,,,MS,GOLDM,,,
2026-03-31T00:40:00.177Z,market,trade,TESTE,100035.10385630505,187,,,,MS,MS,,,
2026-03-31T00:40:00.343Z,market,trade,TESTE,100022.13862122991,20,,,,XP,JPM,,,
2026-03-31T00:40:00.495Z,market,trade,TESTE,100035.3460940133,31,,,,JPM,BARCL,,,
2026-03-31T00:40:00.658Z,market,trade,TESTE,100028.59692495121,69,,,,UBS,CITI,,,
2026-03-31T00:40:00.809Z,market,trade,TESTE,100036.50328875333,156,,,,JPM,ITAU,,,
2026-03-31T00:40:00.962Z,market,trade,TESTE,100034.14114266218,49,,,,CS,JPM,,,
2026-03-31T00:40:01.113Z,market,trade,TESTE,100034.63079531577,38,,,,CS,ITAU,,,
2026-03-31T00:40:01.274Z,market,trade,TESTE,100033.37654204147,95,,,,ITAU,GOLDM,,,
2026-03-31T00:40:01.426Z,market,trade,TESTE,100038.30007857845,60,,,,CS,BTG,,,
2026-03-31T00:40:01.577Z,market,trade,TESTE,100039.00520329727,88,,,,BTG,UBS,,,
2026-03-31T00:40:01.743Z,market,trade,TESTE,100038.10392474523,66,,,,CITI,MS,,,
2026-03-31T00:40:01.905Z,market,trade,TESTE,100037.29324142377,82,,,,CS,JPM,,,
2026-03-31T00:40:02.058Z,market,trade,TESTE,100035.22650090525,119,,,,BARCL,BARCL,,,
2026-03-31T00:40:02.209Z,market,trade,TESTE,100023.23021687486,97,,,,BTG,JPM,,,
2026-03-31T00:40:02.360Z,market,trade,TESTE,100027.95627341101,42,,,,BTG,BARCL,,,
2026-03-31T00:40:02.522Z,market,trade,TESTE,100032.4600521934,118,,,,GOLDM,ITAU,,,
2026-03-31T00:40:02.673Z,market,trade,TESTE,100036.91440502708,47,,,,CS,JPM,,,
2026-03-31T00:40:02.826Z,market,trade,TESTE,100042.7198281556,51,,,,BTG,BTG,,,
2026-03-31T00:40:02.977Z,market,trade,TESTE,100040.88298048677,70,,,,BARCL,JPM,,,
2026-03-31T00:40:03.139Z,market,trade,TESTE,100039.57801682754,117,,,,CITI,BTG,,,
2026-03-31T00:40:03.289Z,market,trade,TESTE,100033.5697168599,190,,,,XP,UBS,,,
2026-03-31T00:40:03.442Z,market,trade,TESTE,100042.5626132688,34,,,,CITI,CS,,,
2026-03-31T00:40:03.592Z,market,trade,TESTE,100031.9769794196,176,,,,UBS,JPM,,,
2026-03-31T00:40:03.744Z,market,trade,TESTE,100028.79834581498,129,,,,UBS,ITAU,,,
2026-03-31T00:40:03.908Z,market,trade,TESTE,100024.6544631969,128,,,,BARCL,CITI,,,
2026-03-31T00:40:04.074Z,market,trade,TESTE,100031.64283573967,150,,,,BARCL,CS,,,
2026-03-31T00:40:04.227Z,market,trade,TESTE,100036.50193358402,194,,,,CITI,ITAU,,,
2026-03-31T00:40:04.388Z,market,trade,TESTE,100037.41745572811,59,,,,CS,GOLDM,,,
2026-03-31T00:40:04.539Z,market,trade,TESTE,100027.00029704047,135,,,,CITI,CS,,,
2026-03-31T00:40:04.692Z,market,trade,TESTE,100038.14958300871,86,,,,GOLDM,CS,,,
2026-03-31T00:40:04.842Z,market,trade,TESTE,100041.6309572654,13,,,,CS,GOLDM,,,
2026-03-31T00:40:04.994Z,market,trade,TESTE,100034.15682703596,104,,,,BARCL,CITI,,,
2026-03-31T00:40:05.157Z,market,trade,TESTE,100037.88454823843,25,,,,BTG,GOLDM,,,
2026-03-31T00:40:05.307Z,market,trade,TESTE,100043.07021497884,64,,,,MS,ITAU,,,
2026-03-31T00:40:05.458Z,market,trade,TESTE,100038.33769473748,65,,,,GOLDM,GOLDM,,,
2026-03-31T00:40:05.609Z,market,trade,TESTE,100036.03301402135,150,,,,ITAU,BARCL,,,
2026-03-31T00:40:05.762Z,market,trade,TESTE,100032.84314528522,20,,,,BARCL,GOLDM,,,
2026-03-31T00:40:05.927Z,market,trade,TESTE,100025.2457733319,33,,,,UBS,CS,,,
2026-03-31T00:40:06.089Z,market,trade,TESTE,100030.30480403868,153,,,,MS,JPM,,,
2026-03-31T00:40:06.242Z,market,trade,TESTE,100027.18177972357,140,,,,ITAU,CS,,,
2026-03-31T00:40:06.392Z,market,trade,TESTE,100023.7244947928,104,,,,MS,JPM,,,
2026-03-31T00:40:06.544Z,market,trade,TESTE,100025.73398803803,93,,,,MS,JPM,,,
2026-03-31T00:40:06.709Z,market,trade,TESTE,100015.72839052277,107,,,,CITI,UBS,,,
2026-03-31T00:40:06.873Z,market,trade,TESTE,100013.74511832908,158,,,,BARCL,BARCL,,,
2026-03-31T00:40:07.029Z,market,trade,TESTE,100024.47882873364,69,,,,XP,GOLDM,,,
2026-03-31T00:40:07.192Z,market,trade,TESTE,100018.97280398167,17,,,,CS,UBS,,,
2026-03-31T00:40:07.357Z,market,trade,TESTE,100018.57223709558,13,,,,BTG,GOLDM,,,
2026-03-31T00:40:07.522Z,market,trade,TESTE,100023.4501897162,65,,,,JPM,GOLDM,,,
2026-03-31T00:40:07.673Z,market,trade,TESTE,100027.49880206355,107,,,,JPM,CS,,,
2026-03-31T00:40:07.825Z,market,trade,TESTE,100033.55270170864,114,,,,CS,CITI,,,
2026-03-31T00:40:07.977Z,market,trade,TESTE,100032.77930799042,103,,,,BTG,CITI,,,
2026-03-31T00:40:08.138Z,market,trade,TESTE,100032.69379792953,85,,,,JPM,UBS,,,
2026-03-31T00:40:08.295Z,market,trade,TESTE,100034.02812091327,85,,,,XP,BARCL,,,
2026-03-31T00:40:08.460Z,market,trade,TESTE,100027.14124857163,22,,,,ITAU,CITI,,,
2026-03-31T00:40:08.610Z,market,trade,TESTE,100040.98207115119,96,,,,GOLDM,UBS,,,
2026-03-31T00:40:08.761Z,market,trade,TESTE,100033.07017250264,188,,,,MS,MS,,,
2026-03-31T00:40:08.922Z,market,trade,TESTE,100040.40493748846,168,,,,CS,ITAU,,,
2026-03-31T00:40:09.080Z,market,trade,TESTE,100034.87991236016,16,,,,MS,XP,,,
2026-03-31T00:40:09.242Z,market,trade,TESTE,100034.95369586765,180,,,,ITAU,XP,,,
2026-03-31T00:40:09.393Z,market,trade,TESTE,100036.1681175442,136,,,,GOLDM,ITAU,,,
2026-03-31T00:40:09.545Z,market,trade,TESTE,100031.54165781364,190,,,,JPM,CS,,,
2026-03-31T00:40:09.695Z,market,trade,TESTE,100040.81027186548,179,,,,UBS,CS,,,
2026-03-31T00:40:09.856Z,market,trade,TESTE,100031.26945397796,99,,,,MS,GOLDM,,,
2026-03-31T00:40:10.009Z,market,trade,TESTE,100041.74432653825,150,,,,UBS,CS,,,
2026-03-31T00:40:10.161Z,market,trade,TESTE,100027.56156595731,135,,,,XP,BARCL,,,
2026-03-31T00:40:10.323Z,market,trade,TESTE,100027.18850405148,23,,,,MS,CS,,,
2026-03-31T00:40:10.477Z,market,trade,TESTE,100022.3246798549,60,,,,BTG,MS,,,
2026-03-31T00:40:10.642Z,market,trade,TESTE,100033.18639740747,113,,,,GOLDM,CS,,,
2026-03-31T00:40:10.793Z,market,trade,TESTE,100029.87023252895,147,,,,BARCL,MS,,,
2026-03-31T00:40:10.956Z,market,trade,TESTE,100033.31257756508,166,,,,GOLDM,CITI,,,
2026-03-31T00:40:11.106Z,market,trade,TESTE,100024.6914008127,179,,,,CS,CITI,,,
2026-03-31T00:40:11.257Z,market,trade,TESTE,100023.03422613152,197,,,,JPM,BTG,,,
2026-03-31T00:40:11.410Z,market,trade,TESTE,100033.75946615053,187,,,,CITI,CS,,,
2026-03-31T00:40:11.562Z,market,trade,TESTE,100029.7404017686,25,,,,BTG,UBS,,,
2026-03-31T00:40:11.726Z,market,trade,TESTE,100029.11395592532,112,,,,GOLDM,ITAU,,,
2026-03-31T00:40:11.879Z,market,trade,TESTE,100015.37884325124,57,,,,JPM,GOLDM,,,
2026-03-31T00:40:12.041Z,market,trade,TESTE,100018.365275585,56,,,,XP,XP,,,
2026-03-31T00:40:12.192Z,market,trade,TESTE,100031.0548445785,119,,,,UBS,JPM,,,
2026-03-31T00:40:12.355Z,market,trade,TESTE,100027.33129122375,168,,,,BTG,UBS,,,
2026-03-31T00:40:12.508Z,market,trade,TESTE,100019.05864972482,116,,,,GOLDM,JPM,,,
2026-03-31T00:40:12.674Z,market,trade,TESTE,100017.36448394338,89,,,,XP,MS,,,
2026-03-31T00:40:12.826Z,market,trade,TESTE,100025.67188546961,98,,,,XP,CITI,,,
2026-03-31T00:40:12.977Z,market,trade,TESTE,100013.0584393317,10,,,,GOLDM,JPM,,,
2026-03-31T00:40:13.128Z,market,trade,TESTE,100021.91581245922,142,,,,CS,ITAU,,,
2026-03-31T00:40:13.289Z,market,trade,TESTE,100014.60681974472,9,,,,CITI,CS,,,
2026-03-31T00:40:13.441Z,market,trade,TESTE,100019.27623856175,71,,,,CS,ITAU,,,
2026-03-31T00:40:13.592Z,market,trade,TESTE,100025.68064104117,13,,,,BARCL,GOLDM,,,
2026-03-31T00:40:13.743Z,market,trade,TESTE,100018.10766848858,55,,,,ITAU,UBS,,,
2026-03-31T00:40:13.906Z,market,trade,TESTE,100031.17390171603,45,,,,ITAU,GOLDM,,,
2026-03-31T00:40:14.058Z,market,trade,TESTE,100034.8101327503,25,,,,MS,MS,,,
2026-03-31T00:40:14.208Z,market,trade,TESTE,100023.91885623836,5,,,,CITI,CS,,,
2026-03-31T00:40:14.361Z,market,trade,TESTE,100037.81822448019,110,,,,JPM,GOLDM,,,
2026-03-31T00:40:14.526Z,market,trade,TESTE,100042.74684297848,137,,,,XP,CITI,,,
2026-03-31T00:40:14.677Z,market,trade,TESTE,100045.03413590911,130,,,,JPM,JPM,,,
2026-03-31T00:40:14.842Z,market,trade,TESTE,100036.22723072616,86,,,,BTG,JPM,,,
2026-03-31T00:40:14.993Z,market,trade,TESTE,100046.44351002418,159,,,,XP,BARCL,,,
2026-03-31T00:40:15.156Z,market,trade,TESTE,100049.57412446424,46,,,,ITAU,MS,,,
2026-03-31T00:40:15.307Z,market,trade,TESTE,100036.52818476231,86,,,,JPM,BTG,,,
2026-03-31T00:40:15.458Z,market,trade,TESTE,100048.39307559913,91,,,,JPM,CS,,,
2026-03-31T00:40:15.610Z,market,trade,TESTE,100040.47979761746,36,,,,MS,XP,,,
2026-03-31T00:40:15.761Z,market,trade,TESTE,100047.34056136808,68,,,,CITI,GOLDM,,,
2026-03-31T00:40:15.921Z,market,trade,TESTE,100045.18652152312,127,,,,ITAU,XP,,,
2026-03-31T00:40:16.075Z,market,trade,TESTE,100040.50843158983,149,,,,JPM,CITI,,,
2026-03-31T00:40:16.225Z,market,trade,TESTE,100039.89638750929,140,,,,CS,CITI,,,
2026-03-31T00:40:16.377Z,market,trade,TESTE,100033.44362355016,8,,,,BTG,XP,,,
2026-03-31T00:40:16.542Z,market,trade,TESTE,100041.28185777452,100,,,,XP,XP,,,
2026-03-31T00:40:16.697Z,market,trade,TESTE,100042.27284573346,20,,,,XP,CS,,,
2026-03-31T00:40:16.858Z,market,trade,TESTE,100034.87509188864,185,,,,BTG,JPM,,,
2026-03-31T00:40:17.010Z,market,trade,TESTE,100049.57757074453,64,,,,CITI,UBS,,,
2026-03-31T00:40:17.162Z,market,trade,TESTE,100037.27110440891,168,,,,CS,JPM,,,
2026-03-31T00:40:17.322Z,market,trade,TESTE,100046.0407123397,76,,,,UBS,ITAU,,,
2026-03-31T00:40:17.474Z,market,trade,TESTE,100041.76269292414,150,,,,UBS,GOLDM,,,
2026-03-31T00:40:17.626Z,market,trade,TESTE,100043.70213032645,181,,,,CITI,CITI,,,
2026-03-31T00:40:17.777Z,market,trade,TESTE,100048.36887861183,23,,,,CITI,BTG,,,
2026-03-31T00:40:17.927Z,market,trade,TESTE,100046.25555944334,56,,,,UBS,UBS,,,
2026-03-31T00:40:18.090Z,market,trade,TESTE,100043.5891439688,158,,,,CS,CITI,,,
2026-03-31T00:40:18.243Z,market,trade,TESTE,100037.65794002423,28,,,,BTG,GOLDM,,,
2026-03-31T00:40:18.394Z,market,trade,TESTE,100034.47439863422,64,,,,BARCL,CITI,,,
2026-03-31T00:40:18.544Z,market,trade,TESTE,100030.42779675471,46,,,,BTG,CS,,,
2026-03-31T00:40:18.709Z,market,trade,TESTE,100035.43961184403,189,,,,CITI,JPM,,,
2026-03-31T00:40:18.874Z,market,trade,TESTE,100031.92918683363,34,,,,BARCL,CITI,,,
2026-03-31T00:40:19.027Z,market,trade,TESTE,100036.89786751088,49,,,,CITI,GOLDM,,,
2026-03-31T00:40:19.192Z,market,trade,TESTE,100040.29538742892,148,,,,BTG,ITAU,,,
2026-03-31T00:40:19.357Z,market,trade,TESTE,100035.80105315767,85,,,,BARCL,JPM,,,
2026-03-31T00:40:19.522Z,market,trade,TESTE,100020.8487970323,197,,,,CS,XP,,,
2026-03-31T00:40:19.673Z,market,trade,TESTE,100023.41497867454,110,,,,BARCL,UBS,,,
2026-03-31T00:40:19.825Z,market,trade,TESTE,100023.33994102736,65,,,,UBS,UBS,,,
2026-03-31T00:40:19.977Z,market,trade,TESTE,100023.50645965242,127,,,,BARCL,ITAU,,,
2026-03-31T00:40:20.141Z,market,trade,TESTE,100031.2055837266,114,,,,CITI,JPM,,,
2026-03-31T00:40:20.294Z,market,trade,TESTE,100032.86601051426,155,,,,BTG,CS,,,
2026-03-31T00:40:20.458Z,market,trade,TESTE,100035.37575270595,40,,,,MS,BTG,,,
2026-03-31T00:40:20.609Z,market,trade,TESTE,100024.27164988825,78,,,,ITAU,GOLDM,,,
2026-03-31T00:40:20.759Z,market,trade,TESTE,100021.2653111391,157,,,,UBS,ITAU,,,
2026-03-31T00:40:20.921Z,market,trade,TESTE,100019.62763066827,29,,,,BTG,XP,,,
2026-03-31T00:40:21.074Z,market,trade,TESTE,100021.91077429942,174,,,,BTG,GOLDM,,,
2026-03-31T00:40:21.225Z,market,trade,TESTE,100022.48351121377,75,,,,ITAU,JPM,,,
2026-03-31T00:40:21.377Z,market,trade,TESTE,100023.12047416902,178,,,,CS,ITAU,,,
2026-03-31T00:40:21.529Z,market,trade,TESTE,100023.53062608073,61,,,,BTG,BARCL,,,
2026-03-31T00:40:21.680Z,market,trade,TESTE,100019.89896026616,175,,,,JPM,ITAU,,,
2026-03-31T00:40:21.842Z,market,trade,TESTE,100029.16972461523,73,,,,CS,XP,,,
2026-03-31T00:40:21.994Z,market,trade,TESTE,100015.74768270523,200,,,,GOLDM,JPM,,,
2026-03-31T00:40:22.156Z,market,trade,TESTE,100020.03724042114,67,,,,CS,MS,,,
2026-03-31T00:40:22.307Z,market,trade,TESTE,100024.05133240494,125,,,,CITI,BTG,,,
2026-03-31T00:40:22.458Z,market,trade,TESTE,100038.08579643321,198,,,,XP,XP,,,
2026-03-31T00:40:22.609Z,market,trade,TESTE,100032.65030157645,21,,,,CS,BARCL,,,
2026-03-31T00:40:22.759Z,market,trade,TESTE,100031.67923949676,17,,,,BARCL,CS,,,
2026-03-31T00:40:22.921Z,market,trade,TESTE,100027.22291897169,127,,,,XP,XP,,,
2026-03-31T00:40:23.073Z,market,trade,TESTE,100038.35183859224,73,,,,BTG,CITI,,,
2026-03-31T00:40:23.225Z,market,trade,TESTE,100032.83322941727,134,,,,MS,UBS,,,
2026-03-31T00:40:23.376Z,market,trade,TESTE,100028.59140651439,62,,,,XP,MS,,,
2026-03-31T00:40:23.538Z,market,trade,TESTE,100029.99838621797,98,,,,ITAU,MS,,,
2026-03-31T00:40:23.696Z,market,trade,TESTE,100037.85724224901,42,,,,XP,CS,,,
2026-03-31T00:40:23.857Z,market,trade,TESTE,100028.63108614493,194,,,,BTG,CITI,,,
2026-03-31T00:40:24.009Z,market,trade,TESTE,100031.74080110401,13,,,,JPM,UBS,,,
2026-03-31T00:40:24.161Z,market,trade,TESTE,100042.26519978711,198,,,,MS,ITAU,,,
2026-03-31T00:40:24.323Z,market,trade,TESTE,100046.59613830998,18,,,,JPM,UBS,,,
2026-03-31T00:40:24.473Z,market,trade,TESTE,100038.6663071148,45,,,,ITAU,BTG,,,
2026-03-31T00:40:24.625Z,market,trade,TESTE,100037.6404586303,37,,,,GOLDM,ITAU,,,
2026-03-31T00:40:24.777Z,market,trade,TESTE,100041.0829156834,7,,,,CS,UBS,,,
2026-03-31T00:40:24.937Z,market,trade,TESTE,100042.79867364683,193,,,,CS,BTG,,,
2026-03-31T00:40:25.094Z,market,trade,TESTE,100050.86040943551,98,,,,JPM,MS,,,
2026-03-31T00:40:25.258Z,market,trade,TESTE,100042.06033729954,29,,,,JPM,ITAU,,,
2026-03-31T00:40:25.409Z,market,trade,TESTE,100055.08441602194,16,,,,JPM,BTG,,,
2026-03-31T00:40:25.562Z,market,trade,TESTE,100045.24319225331,120,,,,BTG,MS,,,
2026-03-31T00:40:25.726Z,market,trade,TESTE,100049.83108063496,153,,,,JPM,BARCL,,,
2026-03-31T00:40:25.889Z,market,trade,TESTE,100050.04683669173,144,,,,XP,GOLDM,,,
2026-03-31T00:40:26.042Z,market,trade,TESTE,100062.12567967032,77,,,,ITAU,BARCL,,,
2026-03-31T00:40:26.193Z,market,trade,TESTE,100061.71302972507,6,,,,XP,UBS,,,
2026-03-31T00:40:26.358Z,market,trade,TESTE,100060.19172732382,198,,,,XP,GOLDM,,,
2026-03-31T00:40:26.521Z,market,trade,TESTE,100064.49005553372,167,,,,GOLDM,CITI,,,
2026-03-31T00:40:26.676Z,market,trade,TESTE,100068.71301197149,200,,,,CS,MS,,,
2026-03-31T00:40:26.842Z,market,trade,TESTE,100069.21202236522,105,,,,ITAU,CS,,,
2026-03-31T00:40:26.994Z,market,trade,TESTE,100067.69987619689,102,,,,XP,UBS,,,
2026-03-31T00:40:27.155Z,market,trade,TESTE,100064.64134165381,62,,,,BTG,CITI,,,
2026-03-31T00:40:27.307Z,market,trade,TESTE,100061.5212693845,197,,,,CITI,MS,,,
2026-03-31T00:40:27.459Z,market,trade,TESTE,100065.73910163828,159,,,,BARCL,XP,,,
2026-03-31T00:40:27.609Z,market,trade,TESTE,100064.14101559436,80,,,,CS,CITI,,,
2026-03-31T00:40:27.762Z,market,trade,TESTE,100066.74263162789,120,,,,UBS,UBS,,,
2026-03-31T00:40:27.922Z,market,trade,TESTE,100061.35388413245,69,,,,ITAU,CS,,,
2026-03-31T00:40:28.074Z,market,trade,TESTE,100065.49766648712,175,,,,ITAU,BTG,,,
2026-03-31T00:40:28.226Z,market,trade,TESTE,100069.34643690396,97,,,,XP,JPM,,,
2026-03-31T00:40:28.377Z,market,trade,TESTE,100083.5558001836,59,,,,MS,BARCL,,,
2026-03-31T00:40:28.540Z,market,trade,TESTE,100072.97540193908,27,,,,MS,BARCL,,,
2026-03-31T00:40:28.694Z,market,trade,TESTE,100083.8027900387,154,,,,GOLDM,ITAU,,,
2026-03-31T00:40:28.858Z,market,trade,TESTE,100083.99127476096,88,,,,UBS,ITAU,,,
2026-03-31T00:40:29.009Z,market,trade,TESTE,100074.43501040398,123,,,,GOLDM,BARCL,,,
2026-03-31T00:40:29.162Z,market,trade,TESTE,100078.77301543696,34,,,,UBS,CITI,,,
2026-03-31T00:40:29.323Z,market,trade,TESTE,100078.9681487759,158,,,,XP,GOLDM,,,
2026-03-31T00:40:29.474Z,market,trade,TESTE,100086.29061878541,99,,,,ITAU,BARCL,,,
2026-03-31T00:40:29.626Z,market,trade,TESTE,100088.67035885362,121,,,,XP,XP,,,
2026-03-31T00:40:29.776Z,market,trade,TESTE,100082.25769487387,50,,,,BARCL,BTG,,,
2026-03-31T00:40:29.928Z,market,trade,TESTE,100095.24015926255,179,,,,GOLDM,GOLDM,,,
2026-03-31T00:40:30.090Z,market,trade,TESTE,100083.79825591441,137,,,,UBS,CS,,,
2026-03-31T00:40:30.242Z,market,trade,TESTE,100083.38539271556,146,,,,XP,MS,,,
2026-03-31T00:40:30.392Z,market,trade,TESTE,100096.40888364102,155,,,,CITI,GOLDM,,,
2026-03-31T00:40:30.557Z,market,trade,TESTE,100088.74890993905,15,,,,UBS,BTG,,,
2026-03-31T00:40:30.709Z,market,trade,TESTE,100096.42661578102,134,,,,UBS,CITI,,,
2026-03-31T00:40:30.875Z,market,trade,TESTE,100087.1861751223,32,,,,CS,ITAU,,,
2026-03-31T00:40:31.026Z,market,trade,TESTE,100091.73194409361,141,,,,XP,UBS,,,
2026-03-31T00:40:31.177Z,market,trade,TESTE,100088.44540121472,191,,,,GOLDM,UBS,,,
2026-03-31T00:40:31.339Z,market,trade,TESTE,100092.47004545163,63,,,,UBS,ITAU,,,
2026-03-31T00:40:31.490Z,market,trade,TESTE,100094.42828352294,89,,,,ITAU,CITI,,,
2026-03-31T00:40:31.642Z,market,trade,TESTE,100093.93815646772,32,,,,JPM,CITI,,,
2026-03-31T00:40:31.794Z,market,trade,TESTE,100098.81203403442,127,,,,JPM,MS,,,
2026-03-31T00:40:31.957Z,market,trade,TESTE,100110.95506549417,61,,,,CS,CITI,,,
2026-03-31T00:40:32.123Z,market,trade,TESTE,100110.90331084626,168,,,,BARCL,ITAU,,,
2026-03-31T00:40:32.274Z,market,trade,TESTE,100114.78210912309,10,,,,CITI,BARCL,,,
2026-03-31T00:40:32.426Z,market,trade,TESTE,100111.49653580945,49,,,,ITAU,MS,,,
2026-03-31T00:40:32.577Z,market,trade,TESTE,100106.00690834002,129,,,,ITAU,MS,,,
2026-03-31T00:40:32.742Z,market,trade,TESTE,100120.23850674422,178,,,,JPM,BARCL,,,
2026-03-31T00:40:32.905Z,market,trade,TESTE,100111.95909788468,110,,,,CS,UBS,,,
2026-03-31T00:40:33.058Z,market,trade,TESTE,100122.56734653625,185,,,,UBS,GOLDM,,,
2026-03-31T00:40:33.209Z,market,trade,TESTE,100117.57218265218,164,,,,BTG,GOLDM,,,
2026-03-31T00:40:33.361Z,market,trade,TESTE,100104.5957610655,35,,,,CITI,BARCL,,,
2026-03-31T00:40:33.513Z,market,trade,TESTE,100106.50044518421,37,,,,CITI,GOLDM,,,
2026-03-31T00:40:33.674Z,market,trade,TESTE,100120.83382066386,75,,,,BTG,ITAU,,,
2026-03-31T00:40:33.826Z,market,trade,TESTE,100108.67907550553,67,,,,UBS,ITAU,,,
2026-03-31T00:40:33.977Z,market,trade,TESTE,100113.19834229593,81,,,,GOLDM,MS,,,
2026-03-31T00:40:34.139Z,market,trade,TESTE,100122.9103747896,190,,,,ITAU,UBS,,,
2026-03-31T00:40:34.290Z,market,trade,TESTE,100124.21585201113,15,,,,JPM,BARCL,,,
2026-03-31T00:40:34.442Z,market,trade,TESTE,100113.17704919585,19,,,,CITI,BTG,,,
2026-03-31T00:40:34.593Z,market,trade,TESTE,100120.03297709189,12,,,,UBS,XP,,,
2026-03-31T00:40:34.759Z,market,trade,TESTE,100123.94719162703,58,,,,CS,GOLDM,,,
2026-03-31T00:40:34.922Z,market,trade,TESTE,100109.36076975899,18,,,,BTG,XP,,,
2026-03-31T00:40:35.075Z,market,trade,TESTE,100107.92786340596,56,,,,CITI,BTG,,,
2026-03-31T00:40:35.242Z,market,trade,TESTE,100117.56045113989,76,,,,JPM,GOLDM,,,
2026-03-31T00:40:35.392Z,market,trade,TESTE,100109.08400796379,95,,,,CITI,JPM,,,
2026-03-31T00:40:35.556Z,market,trade,TESTE,100110.8147823767,159,,,,JPM,CITI,,,
2026-03-31T00:40:35.711Z,market,trade,TESTE,100111.17675507122,25,,,,UBS,CITI,,,
2026-03-31T00:40:35.874Z,market,trade,TESTE,100109.02640833345,121,,,,XP,BTG,,,
2026-03-31T00:40:36.026Z,market,trade,TESTE,100104.84910514836,112,,,,UBS,ITAU,,,
2026-03-31T00:40:36.177Z,market,trade,TESTE,100102.98538740918,61,,,,CS,XP,,,
2026-03-31T00:40:36.339Z,market,trade,TESTE,100113.22280334843,119,,,,XP,UBS,,,
2026-03-31T00:40:36.505Z,market,trade,TESTE,100098.3647556805,68,,,,XP,XP,,,
2026-03-31T00:40:36.657Z,market,trade,TESTE,100094.06779917743,62,,,,BARCL,ITAU,,,
2026-03-31T00:40:36.810Z,market,trade,TESTE,100108.25832669716,143,,,,CS,JPM,,,
2026-03-31T00:40:36.962Z,market,trade,TESTE,100102.0152039502,175,,,,JPM,JPM,,,
2026-03-31T00:40:37.112Z,market,trade,TESTE,100115.84391312806,106,,,,BARCL,CS,,,
2026-03-31T00:40:37.274Z,market,trade,TESTE,100112.1927237287,55,,,,JPM,CITI,,,
2026-03-31T00:40:37.425Z,market,trade,TESTE,100100.55683801128,163,,,,JPM,UBS,,,
2026-03-31T00:40:37.577Z,market,trade,TESTE,100104.17939493847,172,,,,GOLDM,MS,,,
2026-03-31T00:40:37.741Z,market,trade,TESTE,100112.95513079177,36,,,,BARCL,BTG,,,
2026-03-31T00:40:37.906Z,market,trade,TESTE,100103.61562021985,157,,,,CITI,BARCL,,,
2026-03-31T00:40:38.058Z,market,trade,TESTE,100106.57857781518,153,,,,JPM,XP,,,
2026-03-31T00:40:38.209Z,market,trade,TESTE,100119.33038700586,98,,,,ITAU,BTG,,,
2026-03-31T00:40:38.361Z,market,trade,TESTE,100122.80588319074,160,,,,CITI,UBS,,,
2026-03-31T00:40:38.522Z,market,trade,TESTE,100108.39353091591,79,,,,ITAU,MS,,,
2026-03-31T00:40:38.673Z,market,trade,TESTE,100121.24843041078,163,,,,GOLDM,BTG,,,
2026-03-31T00:40:38.826Z,market,trade,TESTE,100119.57191913425,81,,,,MS,UBS,,,
2026-03-31T00:40:38.977Z,market,trade,TESTE,100111.4292927296,56,,,,BARCL,ITAU,,,
2026-03-31T00:40:39.139Z,market,trade,TESTE,100115.77066085971,171,,,,JPM,MS,,,
2026-03-31T00:40:39.290Z,market,trade,TESTE,100123.25041949353,194,,,,ITAU,BARCL,,,
2026-03-31T00:40:39.442Z,market,trade,TESTE,100114.52178069511,12,,,,UBS,MS,,,
2026-03-31T00:40:39.593Z,market,trade,TESTE,100117.06532759359,132,,,,XP,XP,,,
2026-03-31T00:40:39.743Z,market,trade,TESTE,100129.70431292668,55,,,,XP,BARCL,,,
2026-03-31T00:40:39.906Z,market,trade,TESTE,100128.46529426299,112,,,,XP,BARCL,,,
2026-03-31T00:40:40.058Z,market,trade,TESTE,100130.19534619064,171,,,,UBS,MS,,,
2026-03-31T00:40:40.209Z,market,trade,TESTE,100134.99660422221,154,,,,UBS,UBS,,,
2026-03-31T00:40:40.361Z,market,trade,TESTE,100121.90720668406,101,,,,JPM,XP,,,
2026-03-31T00:40:40.522Z,market,trade,TESTE,100127.21978029955,52,,,,XP,XP,,,
2026-03-31T00:40:40.674Z,market,trade,TESTE,100122.17114819726,74,,,,MS,MS,,,
2026-03-31T00:40:40.826Z,market,trade,TESTE,100126.14311442373,151,,,,CS,BARCL,,,
2026-03-31T00:40:40.977Z,market,trade,TESTE,100138.83710754749,163,,,,GOLDM,BARCL,,,
2026-03-31T00:40:41.139Z,market,trade,TESTE,100135.39253968463,88,,,,CS,ITAU,,,
2026-03-31T00:40:41.290Z,market,trade,TESTE,100132.43587846386,168,,,,CITI,XP,,,
2026-03-31T00:40:41.442Z,market,trade,TESTE,100119.79762786631,24,,,,UBS,MS,,,
2026-03-31T00:40:41.593Z,market,trade,TESTE,100121.80073771458,168,,,,CITI,ITAU,,,
2026-03-31T00:40:41.744Z,market,trade,TESTE,100135.76158570328,106,,,,XP,BTG,,,
2026-03-31T00:40:41.897Z,market,trade,TESTE,100138.59962116905,54,,,,UBS,XP,,,
2026-03-31T00:40:42.058Z,market,trade,TESTE,100139.35045164404,46,,,,CS,CS,,,
2026-03-31T00:40:42.208Z,market,trade,TESTE,100128.32310114749,92,,,,CS,BARCL,,,
2026-03-31T00:40:42.362Z,market,trade,TESTE,100135.93327517743,176,,,,CS,BTG,,,
2026-03-31T00:40:42.523Z,market,trade,TESTE,100137.78407602901,39,,,,GOLDM,BTG,,,
2026-03-31T00:40:42.674Z,market,trade,TESTE,100137.49558706714,91,,,,BTG,GOLDM,,,
2026-03-31T00:40:42.825Z,market,trade,TESTE,100128.7633419288,109,,,,JPM,ITAU,,,
2026-03-31T00:40:42.975Z,market,trade,TESTE,100143.23454048486,53,,,,CS,CITI,,,
2026-03-31T00:40:43.127Z,market,trade,TESTE,100136.48301974266,84,,,,UBS,BTG,,,
2026-03-31T00:40:43.290Z,market,trade,TESTE,100132.87355589007,68,,,,JPM,JPM,,,
2026-03-31T00:40:43.441Z,market,trade,TESTE,100143.86762273482,200,,,,BARCL,CS,,,
2026-03-31T00:40:43.592Z,market,trade,TESTE,100131.81141555906,101,,,,BARCL,CS,,,
2026-03-31T00:40:43.758Z,market,trade,TESTE,100131.11226580966,155,,,,BTG,UBS,,,
2026-03-31T00:40:43.921Z,market,trade,TESTE,100141.94190855513,146,,,,MS,BARCL,,,
2026-03-31T00:40:44.072Z,market,trade,TESTE,100138.14478506258,100,,,,CS,GOLDM,,,
2026-03-31T00:40:44.225Z,market,trade,TESTE,100136.11977764114,194,,,,CITI,UBS,,,
2026-03-31T00:40:44.377Z,market,trade,TESTE,100125.29528759925,112,,,,CITI,CITI,,,
2026-03-31T00:40:44.539Z,market,trade,TESTE,100136.13395469038,169,,,,CITI,XP,,,
2026-03-31T00:40:44.692Z,market,trade,TESTE,100137.11888492589,187,,,,GOLDM,GOLDM,,,
2026-03-31T00:40:44.858Z,market,trade,TESTE,100125.1926720858,52,,,,XP,BTG,,,
2026-03-31T00:40:45.009Z,market,trade,TESTE,100134.7830872389,120,,,,XP,CS,,,
2026-03-31T00:40:45.161Z,market,trade,TESTE,100135.17543018487,134,,,,ITAU,ITAU,,,
2026-03-31T00:40:45.322Z,market,trade,TESTE,100131.75904354273,24,,,,BARCL,XP,,,
2026-03-31T00:40:45.478Z,market,trade,TESTE,100132.8153402097,98,,,,MS,CS,,,
2026-03-31T00:40:45.642Z,market,trade,TESTE,100127.07010436877,25,,,,BARCL,JPM,,,
2026-03-31T00:40:45.792Z,market,trade,TESTE,100137.29628926306,15,,,,UBS,GOLDM,,,
2026-03-31T00:40:45.955Z,market,trade,TESTE,100140.67182953308,194,,,,XP,CS,,,
2026-03-31T00:40:46.106Z,market,trade,TESTE,100132.09798662677,87,,,,MS,UBS,,,
2026-03-31T00:40:46.257Z,market,trade,TESTE,100142.45980610658,103,,,,CITI,UBS,,,
2026-03-31T00:40:46.408Z,market,trade,TESTE,100133.9345375639,35,,,,BTG,CITI,,,
2026-03-31T00:40:46.561Z,market,trade,TESTE,100138.71832428938,44,,,,CITI,JPM,,,
2026-03-31T00:40:46.725Z,market,trade,TESTE,100143.30449045646,170,,,,CS,CS,,,
2026-03-31T00:40:46.891Z,market,trade,TESTE,100147.38296613809,134,,,,MS,GOLDM,,,
2026-03-31T00:40:47.043Z,market,trade,TESTE,100149.34415433343,37,,,,BTG,CS,,,
2026-03-31T00:40:47.193Z,market,trade,TESTE,100157.40907730993,86,,,,JPM,MS,,,
2026-03-31T00:40:47.355Z,market,trade,TESTE,100149.0965554493,69,,,,BARCL,BTG,,,
2026-03-31T00:40:47.505Z,market,trade,TESTE,100161.73001939226,174,,,,BTG,GOLDM,,,
2026-03-31T00:40:47.657Z,market,trade,TESTE,100153.0776270097,26,,,,UBS,UBS,,,
2026-03-31T00:40:47.808Z,market,trade,TESTE,100157.6389469719,75,,,,GOLDM,CS,,,
2026-03-31T00:40:47.958Z,market,trade,TESTE,100171.91729268497,43,,,,GOLDM,MS,,,
2026-03-31T00:40:48.108Z,market,trade,TESTE,100159.12134958383,63,,,,BTG,BARCL,,,
2026-03-31T00:40:48.274Z,market,trade,TESTE,100158.33085281987,147,,,,GOLDM,GOLDM,,,
2026-03-31T00:40:48.426Z,market,trade,TESTE,100171.87147254134,10,,,,BTG,CITI,,,
2026-03-31T00:40:48.576Z,market,trade,TESTE,100169.75590068326,43,,,,MS,BARCL,,,
2026-03-31T00:40:48.743Z,market,trade,TESTE,100156.20698995558,164,,,,UBS,BARCL,,,
2026-03-31T00:40:48.906Z,market,trade,TESTE,100156.00887090935,93,,,,GOLDM,BTG,,,
2026-03-31T00:40:49.058Z,market,trade,TESTE,100164.29733904859,21,,,,JPM,GOLDM,,,
2026-03-31T00:40:49.210Z,market,trade,TESTE,100155.88519841859,191,,,,BARCL,UBS,,,
2026-03-31T00:40:49.375Z,market,trade,TESTE,100157.44473380376,120,,,,MS,BARCL,,,
2026-03-31T00:40:49.540Z,market,trade,TESTE,100153.2538398158,54,,,,UBS,BTG,,,
2026-03-31T00:40:49.692Z,market,trade,TESTE,100163.77161115655,79,,,,CITI,XP,,,
2026-03-31T00:40:49.843Z,market,trade,TESTE,100155.64299681583,166,,,,XP,MS,,,
2026-03-31T00:40:50.007Z,market,trade,TESTE,100168.48843549026,25,,,,UBS,MS,,,
2026-03-31T00:40:50.159Z,market,trade,TESTE,100160.37698916088,169,,,,CITI,UBS,,,
2026-03-31T00:40:50.310Z,market,trade,TESTE,100160.0245840461,125,,,,BARCL,BARCL,,,
2026-03-31T00:40:50.473Z,market,trade,TESTE,100167.72770026341,147,,,,UBS,MS,,,
2026-03-31T00:40:50.625Z,market,trade,TESTE,100162.23577316845,127,,,,ITAU,BTG,,,
2026-03-31T00:40:50.777Z,market,trade,TESTE,100164.40069089617,175,,,,BTG,BTG,,,
2026-03-31T00:40:50.939Z,market,trade,TESTE,100159.51286602557,28,,,,XP,GOLDM,,,
2026-03-31T00:40:51.089Z,market,trade,TESTE,100168.51088716926,39,,,,BARCL,CITI,,,
2026-03-31T00:40:51.242Z,market,trade,TESTE,100172.1226192908,86,,,,UBS,XP,,,
2026-03-31T00:40:51.393Z,market,trade,TESTE,100165.57384422515,53,,,,JPM,UBS,,,
2026-03-31T00:40:51.544Z,market,trade,TESTE,100164.39433352853,7,,,,UBS,UBS,,,
2026-03-31T00:40:51.710Z,market,trade,TESTE,100170.18940828336,59,,,,CITI,MS,,,
2026-03-31T00:40:51.860Z,market,trade,TESTE,100161.16294539547,153,,,,BARCL,CS,,,
2026-03-31T00:40:52.010Z,market,trade,TESTE,100168.71087539203,161,,,,CS,CITI,,,
2026-03-31T00:40:52.175Z,market,trade,TESTE,100172.33993539725,146,,,,BARCL,ITAU,,,
2026-03-31T00:40:52.339Z,market,trade,TESTE,100175.41770501086,145,,,,BARCL,BTG,,,
2026-03-31T00:40:52.490Z,market,trade,TESTE,100166.73395427877,169,,,,CS,UBS,,,
2026-03-31T00:40:52.641Z,market,trade,TESTE,100178.17345296702,21,,,,ITAU,MS,,,
2026-03-31T00:40:52.793Z,market,trade,TESTE,100168.54643325598,140,,,,CS,JPM,,,
2026-03-31T00:40:52.957Z,market,trade,TESTE,100179.05814434213,34,,,,MS,ITAU,,,
2026-03-31T00:40:53.121Z,market,trade,TESTE,100183.92162908718,13,,,,XP,CS,,,
2026-03-31T00:40:53.273Z,market,trade,TESTE,100169.78475837331,175,,,,BARCL,XP,,,
2026-03-31T00:40:53.427Z,market,trade,TESTE,100167.74125067133,158,,,,BTG,UBS,,,
2026-03-31T00:40:53.592Z,market,trade,TESTE,100176.77146450175,34,,,,BTG,UBS,,,
2026-03-31T00:40:53.758Z,market,trade,TESTE,100167.88435716876,13,,,,CS,CITI,,,
2026-03-31T00:40:53.910Z,market,trade,TESTE,100174.15047250052,5,,,,BTG,CITI,,,
2026-03-31T00:40:54.074Z,market,trade,TESTE,100175.35807736921,104,,,,BARCL,XP,,,
2026-03-31T00:40:54.226Z,market,trade,TESTE,100163.21011578842,125,,,,UBS,MS,,,
2026-03-31T00:40:54.377Z,market,trade,TESTE,100172.55935388469,50,,,,BTG,ITAU,,,
2026-03-31T00:40:54.539Z,market,trade,TESTE,100160.64360343617,58,,,,JPM,CS,,,
2026-03-31T00:40:54.696Z,market,trade,TESTE,100173.52279541058,145,,,,UBS,CITI,,,
2026-03-31T00:40:54.858Z,market,trade,TESTE,100161.42591256194,200,,,,BTG,BARCL,,,
2026-03-31T00:40:55.010Z,market,trade,TESTE,100166.78579237651,193,,,,BTG,CITI,,,
2026-03-31T00:40:55.160Z,market,trade,TESTE,100166.74943180801,20,,,,BARCL,GOLDM,,,
2026-03-31T00:40:55.324Z,market,trade,TESTE,100157.5413950428,28,,,,JPM,CS,,,
2026-03-31T00:40:55.490Z,market,trade,TESTE,100171.0715524345,16,,,,BARCL,CITI,,,
2026-03-31T00:40:55.642Z,market,trade,TESTE,100170.54540016993,15,,,,CS,CITI,,,
2026-03-31T00:40:55.792Z,market,trade,TESTE,100165.83214129574,62,,,,XP,XP,,,
2026-03-31T00:40:55.957Z,market,trade,TESTE,100154.86467177687,33,,,,BTG,XP,,,
2026-03-31T00:40:56.123Z,market,trade,TESTE,100155.20331246918,70,,,,GOLDM,MS,,,
2026-03-31T00:40:56.275Z,market,trade,TESTE,100167.31159444073,45,,,,ITAU,GOLDM,,,
2026-03-31T00:40:56.425Z,market,trade,TESTE,100160.62877346357,33,,,,XP,UBS,,,
2026-03-31T00:40:56.576Z,market,trade,TESTE,100172.65052693716,27,,,,CS,UBS,,,
2026-03-31T00:40:56.727Z,market,trade,TESTE,100172.84718388002,150,,,,CS,GOLDM,,,
2026-03-31T00:40:56.890Z,market,trade,TESTE,100174.25727019449,13,,,,CITI,BTG,,,
2026-03-31T00:40:57.042Z,market,trade,TESTE,100162.3189459188,175,,,,CITI,BARCL,,,
2026-03-31T00:40:57.192Z,market,trade,TESTE,100167.84110924916,94,,,,GOLDM,GOLDM,,,
2026-03-31T00:40:57.357Z,market,trade,TESTE,100169.27766989144,119,,,,GOLDM,BTG,,,
2026-03-31T00:40:57.511Z,market,trade,TESTE,100166.4724601382,169,,,,CS,JPM,,,
2026-03-31T00:40:57.675Z,market,trade,TESTE,100156.95995295455,120,,,,XP,UBS,,,
2026-03-31T00:40:57.841Z,market,trade,TESTE,100157.3965011263,166,,,,GOLDM,GOLDM,,,
2026-03-31T00:40:57.992Z,market,trade,TESTE,100159.93508917055,102,,,,BTG,BTG,,,
2026-03-31T00:40:58.155Z,market,trade,TESTE,100169.59598751157,43,,,,UBS,BTG,,,
2026-03-31T00:40:58.306Z,market,trade,TESTE,100162.7746815063,42,,,,GOLDM,BTG,,,
2026-03-31T00:40:58.457Z,market,trade,TESTE,100163.2082140394,16,,,,MS,BARCL,,,
2026-03-31T00:40:58.609Z,market,trade,TESTE,100177.72573072533,130,,,,MS,GOLDM,,,
2026-03-31T00:40:58.761Z,market,trade,TESTE,100176.69472003235,179,,,,BARCL,MS,,,
2026-03-31T00:40:58.925Z,market,trade,TESTE,100161.84050734404,168,,,,BTG,BARCL,,,
2026-03-31T00:40:59.090Z,market,trade,TESTE,100176.40893016174,161,,,,BTG,ITAU,,,
2026-03-31T00:40:59.241Z,market,trade,TESTE,100169.44961036151,87,,,,MS,CITI,,,
2026-03-31T00:40:59.392Z,market,trade,TESTE,100183.75140319977,165,,,,ITAU,JPM,,,
2026-03-31T00:40:59.556Z,market,trade,TESTE,100170.5108015308,130,,,,ITAU,BTG,,,
2026-03-31T00:40:59.708Z,market,trade,TESTE,100177.35131842578,34,,,,GOLDM,MS,,,
2026-03-31T00:40:59.874Z,market,trade,TESTE,100162.39012081565,176,,,,BARCL,GOLDM,,,
2026-03-31T00:41:00.026Z,market,trade,TESTE,100165.62438905743,196,,,,XP,CITI,,,
2026-03-31T00:41:00.177Z,market,trade,TESTE,100166.00589643695,130,,,,CITI,CITI,,,
2026-03-31T00:41:00.343Z,market,trade,TESTE,100171.67510487206,185,,,,JPM,JPM,,,
2026-03-31T00:41:00.507Z,market,trade,TESTE,100160.2374513338,33,,,,GOLDM,ITAU,,,
2026-03-31T00:41:00.658Z,market,trade,TESTE,100164.98853810491,72,,,,BARCL,UBS,,,
2026-03-31T00:41:00.809Z,market,trade,TESTE,100163.47120107674,74,,,,UBS,BTG,,,
2026-03-31T00:41:00.961Z,market,trade,TESTE,100173.5588865209,7,,,,CS,CS,,,
2026-03-31T00:41:01.113Z,market,trade,TESTE,100163.33350248079,165,,,,JPM,MS,,,
2026-03-31T00:41:01.275Z,market,trade,TESTE,100160.24133351544,119,,,,GOLDM,BARCL,,,
2026-03-31T00:41:01.426Z,market,trade,TESTE,100162.51674378157,186,,,,BTG,UBS,,,
2026-03-31T00:41:01.577Z,market,trade,TESTE,100175.63479689127,68,,,,JPM,BTG,,,
2026-03-31T00:41:01.742Z,market,trade,TESTE,100177.13241807194,151,,,,UBS,XP,,,
2026-03-31T00:41:01.905Z,market,trade,TESTE,100171.73983232651,130,,,,MS,BARCL,,,
2026-03-31T00:41:02.057Z,market,trade,TESTE,100183.60993970152,45,,,,XP,MS,,,
2026-03-31T00:41:02.209Z,market,trade,TESTE,100183.49907590184,38,,,,ITAU,GOLDM,,,
2026-03-31T00:41:02.361Z,market,trade,TESTE,100179.11447338038,8,,,,CS,CITI,,,
2026-03-31T00:41:02.522Z,market,trade,TESTE,100165.34585383533,196,,,,GOLDM,CS,,,
2026-03-31T00:41:02.675Z,market,trade,TESTE,100175.94801844796,17,,,,JPM,JPM,,,
2026-03-31T00:41:02.826Z,market,trade,TESTE,100170.48525050192,62,,,,MS,CITI,,,
2026-03-31T00:41:02.977Z,market,trade,TESTE,100180.18469667752,7,,,,JPM,GOLDM,,,
2026-03-31T00:41:03.138Z,market,trade,TESTE,100171.49058577107,168,,,,CITI,CITI,,,
2026-03-31T00:41:03.290Z,market,trade,TESTE,100172.21203160295,164,,,,GOLDM,BARCL,,,
2026-03-31T00:41:03.441Z,market,trade,TESTE,100168.20657550078,156,,,,CS,ITAU,,,
2026-03-31T00:41:03.593Z,market,trade,TESTE,100171.44100608265,130,,,,UBS,UBS,,,
2026-03-31T00:41:03.758Z,market,trade,TESTE,100171.87843950014,199,,,,BTG,MS,,,
2026-03-31T00:41:03.922Z,market,trade,TESTE,100180.89942024287,77,,,,XP,JPM,,,
2026-03-31T00:41:04.074Z,market,trade,TESTE,100166.46215897889,59,,,,CITI,BARCL,,,
2026-03-31T00:41:04.225Z,market,trade,TESTE,100163.64883035996,194,,,,JPM,JPM,,,
2026-03-31T00:41:04.376Z,market,trade,TESTE,100161.49802455545,18,,,,XP,BTG,,,
2026-03-31T00:41:04.539Z,market,trade,TESTE,100169.74248354252,45,,,,CS,GOLDM,,,
2026-03-31T00:41:04.692Z,market,trade,TESTE,100160.22447889297,61,,,,BARCL,GOLDM,,,
2026-03-31T00:41:04.857Z,market,trade,TESTE,100156.41423671693,160,,,,MS,BARCL,,,
2026-03-31T00:41:05.009Z,market,trade,TESTE,100168.74285187582,41,,,,XP,BARCL,,,
2026-03-31T00:41:05.161Z,market,trade,TESTE,100168.69833911967,134,,,,CS,GOLDM,,,
2026-03-31T00:41:05.322Z,market,trade,TESTE,100158.28402906083,81,,,,MS,JPM,,,
2026-03-31T00:41:05.474Z,market,trade,TESTE,100164.57632495061,123,,,,ITAU,XP,,,
2026-03-31T00:41:05.626Z,market,trade,TESTE,100167.43034100908,179,,,,CS,CITI,,,
2026-03-31T00:41:05.777Z,market,trade,TESTE,100166.82205553967,68,,,,XP,JPM,,,
2026-03-31T00:41:05.927Z,market,trade,TESTE,100168.772980259,50,,,,BARCL,BARCL,,,
2026-03-31T00:41:06.090Z,market,trade,TESTE,100166.64653556986,144,,,,XP,BTG,,,
2026-03-31T00:41:06.241Z,market,trade,TESTE,100152.06888768835,147,,,,GOLDM,GOLDM,,,
2026-03-31T00:41:06.393Z,market,trade,TESTE,100154.37736092389,136,,,,MS,MS,,,
2026-03-31T00:41:06.554Z,market,trade,TESTE,100155.5368284233,155,,,,XP,BTG,,,
2026-03-31T00:41:06.706Z,market,trade,TESTE,100154.97175899112,131,,,,CITI,GOLDM,,,
2026-03-31T00:41:06.858Z,market,trade,TESTE,100165.21571335815,9,,,,BARCL,ITAU,,,
2026-03-31T00:41:07.009Z,market,trade,TESTE,100162.02687344629,101,,,,BTG,UBS,,,
2026-03-31T00:41:07.161Z,market,trade,TESTE,100156.05787601892,59,,,,ITAU,ITAU,,,
2026-03-31T00:41:07.320Z,market,trade,TESTE,100152.90720752654,21,,,,CS,CITI,,,
2026-03-31T00:41:07.474Z,market,trade,TESTE,100166.26303316254,117,,,,CS,GOLDM,,,
2026-03-31T00:41:07.626Z,market,trade,TESTE,100155.26245426362,23,,,,CS,CS,,,
2026-03-31T00:41:07.777Z,market,trade,TESTE,100158.21981408639,140,,,,BTG,MS,,,
2026-03-31T00:41:07.927Z,market,trade,TESTE,100156.23626181696,56,,,,CS,BTG,,,
2026-03-31T00:41:08.090Z,market,trade,TESTE,100153.70510868508,41,,,,BTG,BTG,,,
2026-03-31T00:41:08.241Z,market,trade,TESTE,100156.17661234,98,,,,CITI,CS,,,
2026-03-31T00:41:08.393Z,market,trade,TESTE,100162.04812303718,113,,,,MS,CITI,,,
2026-03-31T00:41:08.555Z,market,trade,TESTE,100165.35872283674,184,,,,CITI,BARCL,,,
2026-03-31T00:41:08.718Z,market,trade,TESTE,100167.95481640848,173,,,,XP,CS,,,
2026-03-31T00:41:08.874Z,market,trade,TESTE,100156.62761738413,122,,,,CS,JPM,,,
2026-03-31T00:41:09.026Z,market,trade,TESTE,100168.50662271753,85,,,,GOLDM,MS,,,
2026-03-31T00:41:09.177Z,market,trade,TESTE,100164.171930635,192,,,,BARCL,XP,,,
2026-03-31T00:41:09.339Z,market,trade,TESTE,100162.17055757347,24,,,,CITI,JPM,,,
2026-03-31T00:41:09.495Z,market,trade,TESTE,100160.77642000778,115,,,,BTG,ITAU,,,
2026-03-31T00:41:09.658Z,market,trade,TESTE,100146.81816596864,188,,,,XP,ITAU,,,
2026-03-31T00:41:09.809Z,market,trade,TESTE,100153.67272119586,59,,,,JPM,ITAU,,,
2026-03-31T00:41:09.961Z,market,trade,TESTE,100145.91573997383,146,,,,ITAU,UBS,,,
2026-03-31T00:41:10.122Z,market,trade,TESTE,100153.43584513423,183,,,,UBS,ITAU,,,
2026-03-31T00:41:10.274Z,market,trade,TESTE,100153.28436776792,166,,,,CS,CS,,,
2026-03-31T00:41:10.424Z,market,trade,TESTE,100146.78454959173,5,,,,MS,ITAU,,,
2026-03-31T00:41:10.577Z,market,trade,TESTE,100150.53448312166,135,,,,GOLDM,ITAU,,,
2026-03-31T00:41:10.728Z,market,trade,TESTE,100157.85521513553,105,,,,JPM,GOLDM,,,
2026-03-31T00:41:10.889Z,market,trade,TESTE,100158.28877823096,62,,,,CS,UBS,,,
2026-03-31T00:41:11.041Z,market,trade,TESTE,100143.55637132675,197,,,,JPM,CITI,,,
2026-03-31T00:41:11.192Z,market,trade,TESTE,100138.6329874306,69,,,,BTG,ITAU,,,
2026-03-31T00:41:11.357Z,market,trade,TESTE,100146.7243860884,171,,,,BTG,CITI,,,
2026-03-31T00:41:11.522Z,market,trade,TESTE,100145.12055609198,54,,,,MS,BTG,,,
2026-03-31T00:41:11.674Z,market,trade,TESTE,100133.80171277683,170,,,,UBS,CS,,,
2026-03-31T00:41:11.826Z,market,trade,TESTE,100133.04660420732,154,,,,JPM,MS,,,
2026-03-31T00:41:11.977Z,market,trade,TESTE,100138.7045830618,71,,,,XP,UBS,,,
2026-03-31T00:41:12.139Z,market,trade,TESTE,100135.40336166386,130,,,,UBS,BARCL,,,
2026-03-31T00:41:12.290Z,market,trade,TESTE,100123.07828043253,37,,,,CITI,JPM,,,
2026-03-31T00:41:12.445Z,market,trade,TESTE,100121.87863099923,41,,,,ITAU,BARCL,,,
2026-03-31T00:41:12.608Z,market,trade,TESTE,100118.06887032626,28,,,,CS,MS,,,
2026-03-31T00:41:12.759Z,market,trade,TESTE,100118.56850619375,79,,,,JPM,CS,,,
2026-03-31T00:41:12.922Z,market,trade,TESTE,100118.86555270529,92,,,,CS,BTG,,,
2026-03-31T00:41:13.074Z,market,trade,TESTE,100129.2941800427,45,,,,BARCL,MS,,,
2026-03-31T00:41:13.226Z,market,trade,TESTE,100127.25543348248,97,,,,ITAU,CS,,,
2026-03-31T00:41:13.377Z,market,trade,TESTE,100125.81485733847,80,,,,MS,BTG,,,
2026-03-31T00:41:13.539Z,market,trade,TESTE,100123.49186793677,182,,,,XP,BARCL,,,
2026-03-31T00:41:13.694Z,market,trade,TESTE,100124.15413249044,38,,,,JPM,UBS,,,
2026-03-31T00:41:13.858Z,market,trade,TESTE,100112.77242023517,157,,,,JPM,MS,,,
2026-03-31T00:41:14.010Z,market,trade,TESTE,100120.65677273145,160,,,,BTG,BTG,,,
2026-03-31T00:41:14.162Z,market,trade,TESTE,100109.04248292289,141,,,,UBS,CITI,,,
2026-03-31T00:41:14.312Z,market,trade,TESTE,100119.04086944103,22,,,,XP,CS,,,
2026-03-31T00:41:14.474Z,market,trade,TESTE,100104.13422849374,154,,,,XP,GOLDM,,,
2026-03-31T00:41:14.626Z,market,trade,TESTE,100103.86685075847,117,,,,ITAU,BTG,,,
2026-03-31T00:41:14.791Z,market,trade,TESTE,100113.80788630295,125,,,,UBS,CS,,,
2026-03-31T00:41:14.955Z,market,trade,TESTE,100115.0366513386,191,,,,UBS,XP,,,
2026-03-31T00:41:15.106Z,market,trade,TESTE,100115.91678888573,154,,,,BARCL,UBS,,,
2026-03-31T00:41:15.258Z,market,trade,TESTE,100107.47491450745,176,,,,UBS,JPM,,,
2026-03-31T00:41:15.408Z,market,trade,TESTE,100103.52875428571,168,,,,GOLDM,CS,,,
2026-03-31T00:41:15.558Z,market,trade,TESTE,100110.30910126073,138,,,,GOLDM,MS,,,
2026-03-31T00:41:15.709Z,market,trade,TESTE,100097.11283896587,145,,,,XP,CS,,,
2026-03-31T00:41:15.873Z,market,trade,TESTE,100106.79845881532,113,,,,CS,CS,,,
2026-03-31T00:41:16.025Z,market,trade,TESTE,100091.83284714945,10,,,,CITI,MS,,,
2026-03-31T00:41:16.176Z,market,trade,TESTE,100098.07995322409,137,,,,GOLDM,XP,,,
2026-03-31T00:41:16.339Z,market,trade,TESTE,100097.09870785041,33,,,,MS,CITI,,,
2026-03-31T00:41:16.490Z,market,trade,TESTE,100091.65905690425,119,,,,JPM,XP,,,
2026-03-31T00:41:16.642Z,market,trade,TESTE,100099.40989216325,47,,,,BTG,ITAU,,,
2026-03-31T00:41:16.792Z,market,trade,TESTE,100093.18940749623,184,,,,XP,BTG,,,
2026-03-31T00:41:16.955Z,market,trade,TESTE,100106.0562384774,82,,,,CITI,XP,,,
2026-03-31T00:41:17.106Z,market,trade,TESTE,100097.18605349689,151,,,,CS,GOLDM,,,
2026-03-31T00:41:17.258Z,market,trade,TESTE,100109.0413643758,11,,,,CITI,MS,,,
2026-03-31T00:41:17.410Z,market,trade,TESTE,100102.42291798025,163,,,,CITI,JPM,,,
2026-03-31T00:41:17.561Z,market,trade,TESTE,100113.89663601738,79,,,,CS,BTG,,,
2026-03-31T00:41:17.726Z,market,trade,TESTE,100099.4088836287,59,,,,CITI,UBS,,,
2026-03-31T00:41:17.879Z,market,trade,TESTE,100103.60569613597,72,,,,ITAU,XP,,,
2026-03-31T00:41:18.042Z,market,trade,TESTE,100117.51554957138,43,,,,UBS,CITI,,,
2026-03-31T00:41:18.192Z,market,trade,TESTE,100119.02282351122,19,,,,XP,JPM,,,
2026-03-31T00:41:18.356Z,market,trade,TESTE,100122.02107994782,14,,,,ITAU,CITI,,,
2026-03-31T00:41:18.522Z,market,trade,TESTE,100124.7684433765,17,,,,BARCL,JPM,,,
2026-03-31T00:41:18.673Z,market,trade,TESTE,100115.58665475632,10,,,,ITAU,UBS,,,
2026-03-31T00:41:18.826Z,market,trade,TESTE,100117.1756823945,83,,,,BARCL,CS,,,
2026-03-31T00:41:18.977Z,market,trade,TESTE,100125.4647602424,15,,,,MS,XP,,,
2026-03-31T00:41:19.142Z,market,trade,TESTE,100125.08788016334,151,,,,JPM,BTG,,,
2026-03-31T00:41:19.306Z,market,trade,TESTE,100111.03829773694,137,,,,ITAU,BARCL,,,
2026-03-31T00:41:19.458Z,market,trade,TESTE,100125.186562621,128,,,,BTG,ITAU,,,
2026-03-31T00:41:19.609Z,market,trade,TESTE,100121.24621078225,64,,,,CS,CITI,,,
2026-03-31T00:41:19.761Z,market,trade,TESTE,100113.15763247888,13,,,,XP,BTG,,,
2026-03-31T00:41:19.923Z,market,trade,TESTE,100108.936049924,14,,,,BTG,JPM,,,
2026-03-31T00:41:20.075Z,market,trade,TESTE,100122.16381855134,46,,,,BARCL,CITI,,,
2026-03-31T00:41:20.226Z,market,trade,TESTE,100118.87893910707,55,,,,JPM,UBS,,,
2026-03-31T00:41:20.376Z,market,trade,TESTE,100109.42823533475,170,,,,MS,BARCL,,,
2026-03-31T00:41:20.539Z,market,trade,TESTE,100119.95145019084,170,,,,CITI,CITI,,,
2026-03-31T00:41:20.695Z,market,trade,TESTE,100116.66701186005,87,,,,CITI,XP,,,
2026-03-31T00:41:20.858Z,market,trade,TESTE,100117.58043843546,138,,,,BTG,CS,,,
2026-03-31T00:41:21.009Z,market,trade,TESTE,100112.45183112512,9,,,,ITAU,UBS,,,
2026-03-31T00:41:21.161Z,market,trade,TESTE,100120.58203225915,147,,,,MS,BTG,,,
2026-03-31T00:41:21.322Z,market,trade,TESTE,100121.06977688642,87,,,,CITI,MS,,,
2026-03-31T00:41:21.474Z,market,trade,TESTE,100106.16617990474,111,,,,XP,UBS,,,
2026-03-31T00:41:21.625Z,market,trade,TESTE,100112.54952567488,81,,,,GOLDM,ITAU,,,
2026-03-31T00:41:21.777Z,market,trade,TESTE,100111.33008007282,165,,,,XP,UBS,,,
2026-03-31T00:41:21.938Z,market,trade,TESTE,100099.93438100434,140,,,,CS,UBS,,,
2026-03-31T00:41:22.089Z,market,trade,TESTE,100105.52444015231,111,,,,CS,XP,,,
2026-03-31T00:41:22.241Z,market,trade,TESTE,100097.92182224784,114,,,,ITAU,XP,,,
2026-03-31T00:41:22.392Z,market,trade,TESTE,100094.99110042186,127,,,,JPM,ITAU,,,
2026-03-31T00:41:22.555Z,market,trade,TESTE,100106.63211900216,192,,,,CS,UBS,,,
2026-03-31T00:41:22.710Z,market,trade,TESTE,100106.05524273671,93,,,,XP,MS,,,
2026-03-31T00:41:22.875Z,market,trade,TESTE,100108.2157691009,95,,,,JPM,CS,,,
2026-03-31T00:41:23.025Z,market,trade,TESTE,100107.68845580079,123,,,,ITAU,BTG,,,
2026-03-31T00:41:23.177Z,market,trade,TESTE,100092.72162233516,115,,,,CITI,XP,,,
2026-03-31T00:41:23.338Z,market,trade,TESTE,100099.6368670064,151,,,,JPM,MS,,,
2026-03-31T00:41:23.490Z,market,trade,TESTE,100096.57345286707,31,,,,UBS,CS,,,
2026-03-31T00:41:23.641Z,market,trade,TESTE,100086.27350486277,159,,,,UBS,MS,,,
2026-03-31T00:41:23.792Z,market,trade,TESTE,100085.56180295697,181,,,,CITI,GOLDM,,,
2026-03-31T00:41:23.944Z,market,trade,TESTE,100083.33808854538,33,,,,BARCL,CS,,,
2026-03-31T00:41:24.105Z,market,trade,TESTE,100089.20059992795,92,,,,BTG,CITI,,,
2026-03-31T00:41:24.259Z,market,trade,TESTE,100078.06674043273,148,,,,BARCL,JPM,,,
2026-03-31T00:41:24.410Z,market,trade,TESTE,100086.68598400765,34,,,,CITI,UBS,,,
2026-03-31T00:41:24.561Z,market,trade,TESTE,100084.9310182128,137,,,,JPM,MS,,,
2026-03-31T00:41:24.727Z,market,trade,TESTE,100079.27449880785,35,,,,XP,ITAU,,,
2026-03-31T00:41:24.892Z,market,trade,TESTE,100078.91350376942,147,,,,CS,MS,,,
2026-03-31T00:41:25.057Z,market,trade,TESTE,100077.78252004956,184,,,,JPM,MS,,,
2026-03-31T00:41:25.210Z,market,trade,TESTE,100075.72708871974,190,,,,BARCL,XP,,,
2026-03-31T00:41:25.361Z,market,trade,TESTE,100084.0874538444,14,,,,BTG,JPM,,,
2026-03-31T00:41:25.522Z,market,trade,TESTE,100080.17738539743,113,,,,CS,UBS,,,
2026-03-31T00:41:25.675Z,market,trade,TESTE,100078.74753910885,42,,,,BARCL,CS,,,
2026-03-31T00:41:25.826Z,market,trade,TESTE,100083.61353480857,111,,,,UBS,UBS,,,
2026-03-31T00:41:25.991Z,market,trade,TESTE,100084.9995643113,189,,,,CS,CITI,,,
2026-03-31T00:41:26.156Z,market,trade,TESTE,100085.27883680956,105,,,,JPM,BTG,,,
2026-03-31T00:41:26.309Z,market,trade,TESTE,100072.60886138548,194,,,,CS,CITI,,,
2026-03-31T00:41:26.473Z,market,trade,TESTE,100068.84695987507,97,,,,CITI,BARCL,,,
2026-03-31T00:41:26.626Z,market,trade,TESTE,100078.93556936878,158,,,,XP,BTG,,,
2026-03-31T00:41:26.777Z,market,trade,TESTE,100077.4795827915,86,,,,MS,MS,,,
2026-03-31T00:41:26.942Z,market,trade,TESTE,100062.8232283044,70,,,,BARCL,CS,,,
2026-03-31T00:41:27.107Z,market,trade,TESTE,100060.09666717408,46,,,,XP,MS,,,
2026-03-31T00:41:27.258Z,market,trade,TESTE,100061.6312794608,88,,,,UBS,ITAU,,,
2026-03-31T00:41:27.409Z,market,trade,TESTE,100076.05516197534,25,,,,XP,ITAU,,,
2026-03-31T00:41:27.561Z,market,trade,TESTE,100071.08168502196,86,,,,BTG,CITI,,,
2026-03-31T00:41:27.726Z,market,trade,TESTE,100057.81119818147,173,,,,CITI,CITI,,,
2026-03-31T00:41:27.877Z,market,trade,TESTE,100072.1894520843,27,,,,XP,ITAU,,,
2026-03-31T00:41:28.042Z,market,trade,TESTE,100060.23733863134,192,,,,MS,ITAU,,,
2026-03-31T00:41:28.193Z,market,trade,TESTE,100072.07701107347,148,,,,BARCL,BARCL,,,
2026-03-31T00:41:28.356Z,market,trade,TESTE,100065.1972617602,75,,,,CS,UBS,,,
2026-03-31T00:41:28.506Z,market,trade,TESTE,100073.75371417427,124,,,,XP,BTG,,,
2026-03-31T00:41:28.658Z,market,trade,TESTE,100069.25402681,84,,,,BARCL,UBS,,,
2026-03-31T00:41:28.810Z,market,trade,TESTE,100072.68698729578,166,,,,ITAU,CS,,,
2026-03-31T00:41:28.961Z,market,trade,TESTE,100077.64665074441,88,,,,CS,GOLDM,,,
2026-03-31T00:41:29.122Z,market,trade,TESTE,100062.72781530331,67,,,,MS,XP,,,
2026-03-31T00:41:29.273Z,market,trade,TESTE,100063.1056798352,28,,,,XP,JPM,,,
2026-03-31T00:41:29.426Z,market,trade,TESTE,100060.36500984013,14,,,,MS,CS,,,
2026-03-31T00:41:29.577Z,market,trade,TESTE,100071.59063140892,44,,,,UBS,MS,,,
2026-03-31T00:41:29.742Z,market,trade,TESTE,100072.09505073223,89,,,,ITAU,UBS,,,
2026-03-31T00:41:29.894Z,market,trade,TESTE,100076.5993921669,153,,,,UBS,UBS,,,
2026-03-31T00:41:30.058Z,market,trade,TESTE,100067.81445502765,124,,,,ITAU,GOLDM,,,
2026-03-31T00:41:30.210Z,market,trade,TESTE,100064.93360112813,193,,,,CITI,CITI,,,
2026-03-31T00:41:30.361Z,market,trade,TESTE,100068.19012957353,6,,,,CITI,JPM,,,
2026-03-31T00:41:30.522Z,market,trade,TESTE,100078.45280907073,77,,,,BTG,BTG,,,
2026-03-31T00:41:30.673Z,market,trade,TESTE,100081.89706055197,176,,,,CS,MS,,,
2026-03-31T00:41:30.825Z,market,trade,TESTE,100077.69192303249,96,,,,CITI,GOLDM,,,
2026-03-31T00:41:30.977Z,market,trade,TESTE,100079.43670240874,186,,,,JPM,BARCL,,,
2026-03-31T00:41:31.128Z,market,trade,TESTE,100083.06059380059,124,,,,JPM,BTG,,,
2026-03-31T00:41:31.290Z,market,trade,TESTE,100080.74381369728,169,,,,CS,JPM,,,
2026-03-31T00:41:31.442Z,market,trade,TESTE,100080.163582585,55,,,,MS,XP,,,
2026-03-31T00:41:31.593Z,market,trade,TESTE,100083.74948790797,46,,,,BTG,JPM,,,
2026-03-31T00:41:31.759Z,market,trade,TESTE,100077.0906661456,92,,,,UBS,JPM,,,
2026-03-31T00:41:31.920Z,market,trade,TESTE,100084.90154118945,129,,,,CS,JPM,,,
2026-03-31T00:41:32.074Z,market,trade,TESTE,100077.06565574948,144,,,,BTG,JPM,,,
2026-03-31T00:41:32.226Z,market,trade,TESTE,100080.09443292633,103,,,,UBS,JPM,,,
2026-03-31T00:41:32.376Z,market,trade,TESTE,100076.9895826028,188,,,,JPM,UBS,,,
2026-03-31T00:41:32.538Z,market,trade,TESTE,100081.30681276938,166,,,,JPM,CITI,,,
2026-03-31T00:41:32.695Z,market,trade,TESTE,100085.02544555212,72,,,,GOLDM,CITI,,,
2026-03-31T00:41:32.857Z,market,trade,TESTE,100088.40439070525,103,,,,CITI,GOLDM,,,
2026-03-31T00:41:33.009Z,market,trade,TESTE,100096.38357953563,26,,,,XP,BTG,,,
2026-03-31T00:41:33.161Z,market,trade,TESTE,100094.54742264877,117,,,,CS,BTG,,,
2026-03-31T00:41:33.321Z,market,trade,TESTE,100090.50007455042,27,,,,MS,JPM,,,
2026-03-31T00:41:33.474Z,market,trade,TESTE,100094.81577136632,10,,,,UBS,BARCL,,,
2026-03-31T00:41:33.625Z,market,trade,TESTE,100084.20301030153,39,,,,CITI,UBS,,,
2026-03-31T00:41:33.777Z,market,trade,TESTE,100082.29682890735,51,,,,BARCL,GOLDM,,,
2026-03-31T00:41:33.939Z,market,trade,TESTE,100096.89773455443,22,,,,ITAU,ITAU,,,
2026-03-31T00:41:34.105Z,market,trade,TESTE,100100.20378408094,129,,,,ITAU,CITI,,,
2026-03-31T00:41:34.257Z,market,trade,TESTE,100087.84117123437,169,,,,UBS,CS,,,
2026-03-31T00:41:34.409Z,market,trade,TESTE,100095.16643953393,51,,,,GOLDM,MS,,,
2026-03-31T00:41:34.561Z,market,trade,TESTE,100086.98530722657,24,,,,ITAU,CITI,,,
2026-03-31T00:41:34.724Z,market,trade,TESTE,100093.35737038148,89,,,,XP,BTG,,,
2026-03-31T00:41:34.874Z,market,trade,TESTE,100088.43319124772,175,,,,GOLDM,MS,,,
2026-03-31T00:41:35.025Z,market,trade,TESTE,100074.79151693286,141,,,,UBS,JPM,,,
2026-03-31T00:41:35.177Z,market,trade,TESTE,100070.43192183362,161,,,,JPM,CITI,,,
2026-03-31T00:41:35.339Z,market,trade,TESTE,100082.6680264751,16,,,,MS,XP,,,
2026-03-31T00:41:35.490Z,market,trade,TESTE,100084.64679876092,119,,,,XP,GOLDM,,,
2026-03-31T00:41:35.642Z,market,trade,TESTE,100087.44407305092,169,,,,JPM,CS,,,
2026-03-31T00:41:35.793Z,market,trade,TESTE,100092.09789173525,134,,,,MS,GOLDM,,,
2026-03-31T00:41:35.945Z,market,trade,TESTE,100087.79203799705,132,,,,ITAU,XP,,,
2026-03-31T00:41:36.106Z,market,trade,TESTE,100089.18078476269,200,,,,UBS,BTG,,,
2026-03-31T00:41:36.258Z,market,trade,TESTE,100090.58572692366,57,,,,CS,BARCL,,,
2026-03-31T00:41:36.409Z,market,trade,TESTE,100093.81433016625,21,,,,MS,XP,,,
2026-03-31T00:41:36.560Z,market,trade,TESTE,100079.25328303948,138,,,,MS,XP,,,
2026-03-31T00:41:36.710Z,market,trade,TESTE,100077.32943927067,185,,,,XP,MS,,,
2026-03-31T00:41:36.872Z,market,trade,TESTE,100073.57737790576,198,,,,CITI,UBS,,,
2026-03-31T00:41:37.026Z,market,trade,TESTE,100074.79522716544,161,,,,ITAU,XP,,,
2026-03-31T00:41:37.177Z,market,trade,TESTE,100070.7464499255,40,,,,XP,CS,,,
2026-03-31T00:41:37.338Z,market,trade,TESTE,100080.30909445157,155,,,,CS,GOLDM,,,
2026-03-31T00:41:37.489Z,market,trade,TESTE,100082.27186828107,147,,,,JPM,CS,,,
2026-03-31T00:41:37.641Z,market,trade,TESTE,100077.0408004672,93,,,,BTG,JPM,,,
2026-03-31T00:41:37.793Z,market,trade,TESTE,100087.23218021257,93,,,,UBS,MS,,,
2026-03-31T00:41:37.955Z,market,trade,TESTE,100086.8176864122,122,,,,BTG,GOLDM,,,
2026-03-31T00:41:38.107Z,market,trade,TESTE,100087.54382698437,11,,,,XP,BARCL,,,
2026-03-31T00:41:38.258Z,market,trade,TESTE,100076.28442991432,175,,,,JPM,BTG,,,
2026-03-31T00:41:38.409Z,market,trade,TESTE,100087.26517930554,108,,,,GOLDM,MS,,,
2026-03-31T00:41:38.561Z,market,trade,TESTE,100077.50960459752,40,,,,JPM,CITI,,,
2026-03-31T00:41:38.726Z,market,trade,TESTE,100089.56862267674,11,,,,MS,MS,,,
2026-03-31T00:41:38.890Z,market,trade,TESTE,100083.6438312228,33,,,,UBS,JPM,,,
2026-03-31T00:41:39.042Z,market,trade,TESTE,100097.77499594232,72,,,,GOLDM,GOLDM,,,
2026-03-31T00:41:39.192Z,market,trade,TESTE,100084.2327647349,174,,,,BARCL,JPM,,,
2026-03-31T00:41:39.357Z,market,trade,TESTE,100080.70874719444,199,,,,JPM,ITAU,,,
2026-03-31T00:41:39.510Z,market,trade,TESTE,100090.68161636613,185,,,,UBS,BTG,,,
2026-03-31T00:41:39.673Z,market,trade,TESTE,100091.36921750575,19,,,,GOLDM,BARCL,,,
2026-03-31T00:41:39.826Z,market,trade,TESTE,100080.05066653366,59,,,,JPM,MS,,,
2026-03-31T00:41:39.976Z,market,trade,TESTE,100082.01099250524,125,,,,CS,GOLDM,,,
2026-03-31T00:41:40.139Z,market,trade,TESTE,100081.14954492697,173,,,,BTG,BARCL,,,
2026-03-31T00:41:40.290Z,market,trade,TESTE,100077.33493375062,50,,,,MS,CS,,,
2026-03-31T00:41:40.442Z,market,trade,TESTE,100087.59911419795,69,,,,CS,CITI,,,
2026-03-31T00:41:40.593Z,market,trade,TESTE,100090.45320685246,23,,,,BARCL,ITAU,,,
2026-03-31T00:41:40.744Z,market,trade,TESTE,100078.25503458832,189,,,,CITI,CITI,,,
2026-03-31T00:41:40.908Z,market,trade,TESTE,100073.74246834547,69,,,,CS,GOLDM,,,
2026-03-31T00:41:41.060Z,market,trade,TESTE,100078.25465048719,23,,,,ITAU,UBS,,,
2026-03-31T00:41:41.225Z,market,trade,TESTE,100073.41302482694,36,,,,BTG,CITI,,,
2026-03-31T00:41:41.377Z,market,trade,TESTE,100074.39122646156,120,,,,MS,XP,,,
2026-03-31T00:41:41.539Z,market,trade,TESTE,100073.82213266572,54,,,,CITI,CITI,,,
2026-03-31T00:41:41.692Z,market,trade,TESTE,100073.23077393808,95,,,,MS,UBS,,,
2026-03-31T00:41:41.858Z,market,trade,TESTE,100082.63258412926,89,,,,GOLDM,UBS,,,
2026-03-31T00:41:42.010Z,market,trade,TESTE,100075.55505798895,28,,,,CS,MS,,,
2026-03-31T00:41:42.160Z,market,trade,TESTE,100085.00146787358,117,,,,ITAU,BARCL,,,
2026-03-31T00:41:42.322Z,market,trade,TESTE,100071.19173683257,93,,,,ITAU,CITI,,,
2026-03-31T00:41:42.473Z,market,trade,TESTE,100078.99322365626,118,,,,UBS,BTG,,,
2026-03-31T00:41:42.625Z,market,trade,TESTE,100069.41506947229,99,,,,ITAU,JPM,,,
2026-03-31T00:41:42.776Z,market,trade,TESTE,100074.6557939,200,,,,JPM,XP,,,
2026-03-31T00:41:42.942Z,market,trade,TESTE,100072.53056127558,35,,,,BTG,CITI,,,
2026-03-31T00:41:43.093Z,market,trade,TESTE,100070.97945111697,196,,,,CS,MS,,,
2026-03-31T00:41:43.258Z,market,trade,TESTE,100058.23893470867,136,,,,GOLDM,MS,,,
2026-03-31T00:41:43.409Z,market,trade,TESTE,100058.30743766927,48,,,,CS,BARCL,,,
2026-03-31T00:41:43.561Z,market,trade,TESTE,100055.4763494402,130,,,,CITI,ITAU,,,
2026-03-31T00:41:43.725Z,market,trade,TESTE,100053.23146316515,31,,,,CITI,UBS,,,
2026-03-31T00:41:43.889Z,market,trade,TESTE,100065.6123241657,44,,,,CS,UBS,,,
2026-03-31T00:41:44.042Z,market,trade,TESTE,100062.82571641858,58,,,,XP,UBS,,,
2026-03-31T00:41:44.193Z,market,trade,TESTE,100061.07221446482,116,,,,XP,BARCL,,,
2026-03-31T00:41:44.344Z,market,trade,TESTE,100054.9557172983,106,,,,BARCL,MS,,,
2026-03-31T00:41:44.507Z,market,trade,TESTE,100063.22093817261,145,,,,ITAU,GOLDM,,,
2026-03-31T00:41:44.658Z,market,trade,TESTE,100066.43344183214,104,,,,JPM,CS,,,
2026-03-31T00:41:44.809Z,market,trade,TESTE,100055.59558706243,38,,,,GOLDM,BARCL,,,
2026-03-31T00:41:44.960Z,market,trade,TESTE,100056.05794902281,175,,,,BTG,UBS,,,
2026-03-31T00:41:45.124Z,market,trade,TESTE,100066.20330662023,108,,,,CITI,CS,,,
2026-03-31T00:41:45.290Z,market,trade,TESTE,100052.89444781895,135,,,,CS,JPM,,,
2026-03-31T00:41:45.441Z,market,trade,TESTE,100058.90030211459,156,,,,BTG,JPM,,,
2026-03-31T00:41:45.592Z,market,trade,TESTE,100056.15596156158,154,,,,ITAU,GOLDM,,,
2026-03-31T00:41:45.758Z,market,trade,TESTE,100051.77727958743,130,,,,ITAU,CITI,,,
2026-03-31T00:41:45.922Z,market,trade,TESTE,100037.82285910388,30,,,,UBS,BTG,,,
2026-03-31T00:41:46.076Z,market,trade,TESTE,100038.70076924666,157,,,,CITI,BTG,,,
2026-03-31T00:41:46.241Z,market,trade,TESTE,100041.49923869973,83,,,,BTG,GOLDM,,,
2026-03-31T00:41:46.393Z,market,trade,TESTE,100036.62062849132,27,,,,XP,XP,,,
2026-03-31T00:41:46.555Z,market,trade,TESTE,100046.35416974475,52,,,,CS,ITAU,,,
2026-03-31T00:41:46.711Z,market,trade,TESTE,100032.5907267087,164,,,,BARCL,CITI,,,
2026-03-31T00:41:46.874Z,market,trade,TESTE,100028.79230632324,25,,,,JPM,UBS,,,
2026-03-31T00:41:47.026Z,market,trade,TESTE,100039.49742252915,88,,,,GOLDM,UBS,,,
2026-03-31T00:41:47.176Z,market,trade,TESTE,100044.39098674293,109,,,,BTG,MS,,,
2026-03-31T00:41:47.338Z,market,trade,TESTE,100044.0815835102,99,,,,ITAU,CITI,,,
2026-03-31T00:41:47.489Z,market,trade,TESTE,100043.58124762816,47,,,,BARCL,CITI,,,
2026-03-31T00:41:47.641Z,market,trade,TESTE,100031.42551775645,170,,,,BTG,GOLDM,,,
2026-03-31T00:41:47.792Z,market,trade,TESTE,100037.41590879393,180,,,,UBS,MS,,,
2026-03-31T00:41:47.945Z,market,trade,TESTE,100037.61292299897,193,,,,CITI,XP,,,
2026-03-31T00:41:48.108Z,market,trade,TESTE,100027.04060644875,60,,,,CS,BTG,,,
2026-03-31T00:41:48.259Z,market,trade,TESTE,100028.20276944249,86,,,,CITI,BTG,,,
2026-03-31T00:41:48.409Z,market,trade,TESTE,100031.56925396122,111,,,,CS,GOLDM,,,
2026-03-31T00:41:48.561Z,market,trade,TESTE,100039.72799580704,114,,,,GOLDM,GOLDM,,,
2026-03-31T00:41:48.726Z,market,trade,TESTE,100038.25605081322,119,,,,GOLDM,CS,,,
2026-03-31T00:41:48.888Z,market,trade,TESTE,100039.1667838357,50,,,,MS,JPM,,,
2026-03-31T00:41:49.040Z,market,trade,TESTE,100037.64846089018,36,,,,BARCL,CS,,,
2026-03-31T00:41:49.191Z,market,trade,TESTE,100035.85370911457,83,,,,ITAU,BTG,,,
2026-03-31T00:41:49.353Z,market,trade,TESTE,100036.17548112302,107,,,,CITI,JPM,,,
2026-03-31T00:41:49.505Z,market,trade,TESTE,100022.16095503702,27,,,,XP,XP,,,
2026-03-31T00:41:49.656Z,market,trade,TESTE,100019.53223224453,183,,,,JPM,BTG,,,
2026-03-31T00:41:49.808Z,market,trade,TESTE,100021.50987539545,190,,,,UBS,MS,,,
2026-03-31T00:41:49.961Z,market,trade,TESTE,100016.66231854876,130,,,,UBS,BARCL,,,
2026-03-31T00:41:50.126Z,market,trade,TESTE,100030.56387643208,153,,,,XP,JPM,,,
2026-03-31T00:41:50.278Z,market,trade,TESTE,100023.24133825574,121,,,,JPM,CS,,,
2026-03-31T00:41:50.441Z,market,trade,TESTE,100037.22317109593,31,,,,JPM,XP,,,
2026-03-31T00:41:50.591Z,market,trade,TESTE,100029.05764359738,91,,,,CS,ITAU,,,
2026-03-31T00:41:50.743Z,market,trade,TESTE,100032.3761354433,70,,,,JPM,BARCL,,,
2026-03-31T00:41:50.906Z,market,trade,TESTE,100043.558697049,130,,,,GOLDM,CITI,,,
2026-03-31T00:41:51.058Z,market,trade,TESTE,100048.31922076643,157,,,,ITAU,GOLDM,,,
2026-03-31T00:41:51.209Z,market,trade,TESTE,100052.50005222137,191,,,,MS,BTG,,,
2026-03-31T00:41:51.360Z,market,trade,TESTE,100044.00563318367,191,,,,CS,MS,,,
2026-03-31T00:41:51.510Z,market,trade,TESTE,100041.24337100479,136,,,,CS,BTG,,,
2026-03-31T00:41:51.674Z,market,trade,TESTE,100055.07978924717,125,,,,MS,JPM,,,
2026-03-31T00:41:51.826Z,market,trade,TESTE,100049.2070241307,86,,,,XP,MS,,,
2026-03-31T00:41:51.992Z,market,trade,TESTE,100045.83881740451,188,,,,XP,BTG,,,
2026-03-31T00:41:52.158Z,market,trade,TESTE,100053.59462103806,66,,,,UBS,CITI,,,
2026-03-31T00:41:52.320Z,market,trade,TESTE,100057.56847147555,183,,,,ITAU,ITAU,,,
2026-03-31T00:41:52.472Z,market,trade,TESTE,100057.37752960787,26,,,,CS,ITAU,,,
2026-03-31T00:41:52.626Z,market,trade,TESTE,100058.8075359138,20,,,,BTG,UBS,,,
2026-03-31T00:41:52.776Z,market,trade,TESTE,100045.18993513938,130,,,,XP,CS,,,
2026-03-31T00:41:52.939Z,market,trade,TESTE,100042.93267862019,136,,,,JPM,ITAU,,,
2026-03-31T00:41:53.090Z,market,trade,TESTE,100049.24122911788,170,,,,BTG,UBS,,,
2026-03-31T00:41:53.242Z,market,trade,TESTE,100052.10250513615,6,,,,ITAU,CS,,,
2026-03-31T00:41:53.393Z,market,trade,TESTE,100052.93122755404,160,,,,CITI,MS,,,
2026-03-31T00:41:53.555Z,market,trade,TESTE,100047.40877316562,10,,,,GOLDM,XP,,,
2026-03-31T00:41:53.709Z,market,trade,TESTE,100052.91690932382,20,,,,ITAU,JPM,,,
2026-03-31T00:41:53.872Z,market,trade,TESTE,100046.54992322993,101,,,,MS,UBS,,,
2026-03-31T00:41:54.025Z,market,trade,TESTE,100048.92362360614,148,,,,MS,CS,,,
2026-03-31T00:41:54.176Z,market,trade,TESTE,100063.24460289527,65,,,,BARCL,JPM,,,
2026-03-31T00:41:54.336Z,market,trade,TESTE,100057.27259974019,174,,,,XP,JPM,,,
2026-03-31T00:41:54.490Z,market,trade,TESTE,100059.89030081086,174,,,,GOLDM,BARCL,,,
2026-03-31T00:41:54.642Z,market,trade,TESTE,100060.64501674911,142,,,,ITAU,CITI,,,
2026-03-31T00:41:54.793Z,market,trade,TESTE,100069.36398234298,185,,,,BARCL,MS,,,
2026-03-31T00:41:54.956Z,market,trade,TESTE,100055.52815251636,100,,,,UBS,UBS,,,
2026-03-31T00:41:55.111Z,market,trade,TESTE,100065.50955617373,123,,,,MS,XP,,,
2026-03-31T00:41:55.274Z,market,trade,TESTE,100058.1046487692,109,,,,CITI,JPM,,,
2026-03-31T00:41:55.424Z,market,trade,TESTE,100070.49154357298,8,,,,JPM,BARCL,,,
2026-03-31T00:41:55.577Z,market,trade,TESTE,100074.50099045751,177,,,,GOLDM,MS,,,
2026-03-31T00:41:55.742Z,market,trade,TESTE,100070.10338472427,14,,,,ITAU,GOLDM,,,
2026-03-31T00:41:55.904Z,market,trade,TESTE,100058.9671879982,52,,,,UBS,BTG,,,
2026-03-31T00:41:56.058Z,market,trade,TESTE,100056.78264962288,158,,,,BARCL,JPM,,,
2026-03-31T00:41:56.209Z,market,trade,TESTE,100052.38941014452,48,,,,GOLDM,UBS,,,
2026-03-31T00:41:56.360Z,market,trade,TESTE,100062.22366249187,107,,,,UBS,UBS,,,
2026-03-31T00:41:56.522Z,market,trade,TESTE,100055.24027324072,117,,,,MS,GOLDM,,,
2026-03-31T00:41:56.673Z,market,trade,TESTE,100052.81516745593,108,,,,BTG,CITI,,,
2026-03-31T00:41:56.825Z,market,trade,TESTE,100066.30954387694,132,,,,BTG,JPM,,,
2026-03-31T00:41:56.976Z,market,trade,TESTE,100057.34780719131,90,,,,MS,CITI,,,
2026-03-31T00:41:57.137Z,market,trade,TESTE,100072.00645467796,65,,,,BARCL,BTG,,,
2026-03-31T00:41:57.288Z,market,trade,TESTE,100069.4541099713,120,,,,MS,ITAU,,,
2026-03-31T00:41:57.440Z,market,trade,TESTE,100057.60179470167,164,,,,JPM,CS,,,
2026-03-31T00:41:57.592Z,market,trade,TESTE,100057.64911223162,144,,,,ITAU,JPM,,,
2026-03-31T00:41:57.742Z,market,trade,TESTE,100068.22674860775,20,,,,JPM,JPM,,,
2026-03-31T00:41:57.905Z,market,trade,TESTE,100056.26077949723,15,,,,UBS,ITAU,,,
2026-03-31T00:41:58.058Z,market,trade,TESTE,100068.84736057957,114,,,,BARCL,GOLDM,,,
2026-03-31T00:41:58.210Z,market,trade,TESTE,100059.72148288041,143,,,,XP,CS,,,
2026-03-31T00:41:58.361Z,market,trade,TESTE,100073.87223536358,191,,,,CITI,BTG,,,
2026-03-31T00:41:58.521Z,market,trade,TESTE,100071.98698652032,191,,,,BTG,ITAU,,,
2026-03-31T00:41:58.672Z,market,trade,TESTE,100074.82704502933,129,,,,CS,BTG,,,
2026-03-31T00:41:58.825Z,market,trade,TESTE,100063.79637469856,78,,,,JPM,XP,,,
2026-03-31T00:41:58.976Z,market,trade,TESTE,100065.97391697988,53,,,,XP,XP,,,
2026-03-31T00:41:59.138Z,market,trade,TESTE,100062.2999796692,42,,,,JPM,MS,,,
2026-03-31T00:41:59.289Z,market,trade,TESTE,100058.34927406788,172,,,,ITAU,ITAU,,,
2026-03-31T00:41:59.442Z,market,trade,TESTE,100054.78609993942,94,,,,BARCL,UBS,,,
2026-03-31T00:41:59.593Z,market,trade,TESTE,100054.14407833782,36,,,,BTG,BARCL,,,
2026-03-31T00:41:59.758Z,market,trade,TESTE,100051.59333500947,13,,,,GOLDM,CITI,,,
2026-03-31T00:41:59.910Z,market,trade,TESTE,100061.34529572795,194,,,,UBS,CS,,,
2026-03-31T00:42:00.074Z,market,trade,TESTE,100051.28016559106,125,,,,CS,JPM,,,
2026-03-31T00:42:00.226Z,market,trade,TESTE,100059.52174444923,164,,,,JPM,UBS,,,
2026-03-31T00:42:00.377Z,market,trade,TESTE,100059.52615457594,51,,,,BARCL,CITI,,,
2026-03-31T00:42:00.538Z,market,trade,TESTE,100048.53089218549,166,,,,XP,UBS,,,
2026-03-31T00:42:00.695Z,market,trade,TESTE,100051.83930005279,193,,,,XP,MS,,,
2026-03-31T00:42:00.857Z,market,trade,TESTE,100065.78028935839,158,,,,CITI,BTG,,,
2026-03-31T00:42:01.009Z,market,trade,TESTE,100054.38942537665,45,,,,CS,BARCL,,,
2026-03-31T00:42:01.161Z,market,trade,TESTE,100069.28688529544,12,,,,BARCL,XP,,,
2026-03-31T00:42:01.322Z,market,trade,TESTE,100068.80125817622,97,,,,CITI,GOLDM,,,
2026-03-31T00:42:01.474Z,market,trade,TESTE,100065.77959429885,44,,,,ITAU,MS,,,
2026-03-31T00:42:01.626Z,market,trade,TESTE,100052.89395292048,174,,,,MS,JPM,,,
2026-03-31T00:42:01.777Z,market,trade,TESTE,100049.96467584121,35,,,,MS,GOLDM,,,
2026-03-31T00:42:01.939Z,market,trade,TESTE,100046.14408532655,124,,,,CS,UBS,,,
2026-03-31T00:42:02.089Z,market,trade,TESTE,100055.64118446305,136,,,,UBS,MS,,,
2026-03-31T00:42:02.242Z,market,trade,TESTE,100045.45772594666,138,,,,CS,UBS,,,
2026-03-31T00:42:02.392Z,market,trade,TESTE,100052.46862568203,153,,,,UBS,BARCL,,,
2026-03-31T00:42:02.555Z,market,trade,TESTE,100054.13746195789,54,,,,GOLDM,CITI,,,
2026-03-31T00:42:02.710Z,market,trade,TESTE,100044.43184961526,27,,,,JPM,BTG,,,
2026-03-31T00:42:02.873Z,market,trade,TESTE,100053.75147423829,16,,,,ITAU,UBS,,,
2026-03-31T00:42:03.026Z,market,trade,TESTE,100043.17838550545,109,,,,MS,XP,,,
2026-03-31T00:42:03.176Z,market,trade,TESTE,100039.77560997666,92,,,,BTG,CITI,,,
2026-03-31T00:42:03.338Z,market,trade,TESTE,100045.45782288205,135,,,,GOLDM,CS,,,
2026-03-31T00:42:03.494Z,market,trade,TESTE,100040.67396355468,7,,,,ITAU,ITAU,,,
2026-03-31T00:42:03.659Z,market,trade,TESTE,100039.12915848369,170,,,,CITI,BTG,,,
2026-03-31T00:42:03.810Z,market,trade,TESTE,100029.62785785232,35,,,,ITAU,CITI,,,
2026-03-31T00:42:03.961Z,market,trade,TESTE,100034.33699983079,31,,,,XP,GOLDM,,,
2026-03-31T00:42:04.122Z,market,trade,TESTE,100035.75077440341,197,,,,CS,CS,,,
2026-03-31T00:42:04.275Z,market,trade,TESTE,100031.74692190974,163,,,,ITAU,CITI,,,
2026-03-31T00:42:04.426Z,market,trade,TESTE,100027.4641175207,192,,,,ITAU,GOLDM,,,
2026-03-31T00:42:04.576Z,market,trade,TESTE,100039.12897836548,32,,,,CS,CS,,,
2026-03-31T00:42:04.729Z,market,trade,TESTE,100037.13505483187,104,,,,MS,BARCL,,,
2026-03-31T00:42:04.890Z,market,trade,TESTE,100038.5346846758,43,,,,UBS,JPM,,,
2026-03-31T00:42:05.041Z,market,trade,TESTE,100025.08147910358,133,,,,CITI,CITI,,,
2026-03-31T00:42:05.192Z,market,trade,TESTE,100028.19577073026,87,,,,JPM,XP,,,
2026-03-31T00:42:05.354Z,market,trade,TESTE,100037.12765660997,138,,,,BTG,MS,,,
2026-03-31T00:42:05.506Z,market,trade,TESTE,100031.11977731677,129,,,,BARCL,GOLDM,,,
2026-03-31T00:42:05.657Z,market,trade,TESTE,100041.77153416253,101,,,,ITAU,BTG,,,
2026-03-31T00:42:05.809Z,market,trade,TESTE,100038.40884302057,194,,,,CITI,ITAU,,,
2026-03-31T00:42:05.959Z,market,trade,TESTE,100032.16748488638,167,,,,GOLDM,BTG,,,
2026-03-31T00:42:06.122Z,market,trade,TESTE,100027.28566082673,132,,,,BTG,MS,,,
2026-03-31T00:42:06.275Z,market,trade,TESTE,100028.74514992326,187,,,,XP,UBS,,,
2026-03-31T00:42:06.425Z,market,trade,TESTE,100035.12519109191,69,,,,BARCL,BTG,,,
2026-03-31T00:42:06.577Z,market,trade,TESTE,100036.24309511813,175,,,,GOLDM,ITAU,,,
2026-03-31T00:42:06.742Z,market,trade,TESTE,100028.42462696775,122,,,,BARCL,CS,,,
2026-03-31T00:42:06.905Z,market,trade,TESTE,100041.86306407358,117,,,,ITAU,JPM,,,
2026-03-31T00:42:07.058Z,market,trade,TESTE,100035.74689306824,173,,,,CITI,ITAU,,,
2026-03-31T00:42:07.210Z,market,trade,TESTE,100038.9494410417,88,,,,CS,MS,,,
2026-03-31T00:42:07.361Z,market,trade,TESTE,100047.48857438279,10,,,,MS,UBS,,,
2026-03-31T00:42:07.521Z,market,trade,TESTE,100041.81983015855,120,,,,UBS,JPM,,,
2026-03-31T00:42:07.674Z,market,trade,TESTE,100045.26512958104,10,,,,ITAU,XP,,,
2026-03-31T00:42:07.825Z,market,trade,TESTE,100045.56768974639,32,,,,CITI,CS,,,
2026-03-31T00:42:07.976Z,market,trade,TESTE,100050.32822949124,108,,,,JPM,ITAU,,,
2026-03-31T00:42:08.141Z,market,trade,TESTE,100063.68703367926,185,,,,XP,BTG,,,
2026-03-31T00:42:08.294Z,market,trade,TESTE,100061.20617813051,174,,,,GOLDM,BARCL,,,
2026-03-31T00:42:08.457Z,market,trade,TESTE,100046.6757981088,16,,,,UBS,BTG,,,
2026-03-31T00:42:08.609Z,market,trade,TESTE,100048.20745331551,177,,,,CITI,UBS,,,
2026-03-31T00:42:08.761Z,market,trade,TESTE,100061.06592785075,111,,,,ITAU,BTG,,,
2026-03-31T00:42:08.921Z,market,trade,TESTE,100052.14642522809,175,,,,MS,BARCL,,,
2026-03-31T00:42:09.073Z,market,trade,TESTE,100058.14597119225,106,,,,CITI,ITAU,,,
2026-03-31T00:42:09.225Z,market,trade,TESTE,100046.88662995753,157,,,,XP,CS,,,
2026-03-31T00:42:09.376Z,market,trade,TESTE,100048.54336890494,102,,,,BARCL,ITAU,,,
2026-03-31T00:42:09.528Z,market,trade,TESTE,100047.11248379326,75,,,,CITI,MS,,,
2026-03-31T00:42:09.679Z,market,trade,TESTE,100042.7277848628,135,,,,XP,UBS,,,
2026-03-31T00:42:09.841Z,market,trade,TESTE,100048.2326625539,160,,,,JPM,MS,,,
2026-03-31T00:42:09.991Z,market,trade,TESTE,100047.8936050205,91,,,,JPM,MS,,,
2026-03-31T00:42:10.155Z,market,trade,TESTE,100040.57158899093,52,,,,JPM,ITAU,,,
2026-03-31T00:42:10.309Z,market,trade,TESTE,100048.11460321833,165,,,,XP,ITAU,,,
2026-03-31T00:42:10.474Z,market,trade,TESTE,100052.89732917685,111,,,,JPM,CITI,,,
2026-03-31T00:42:10.626Z,market,trade,TESTE,100055.9020404765,155,,,,UBS,BARCL,,,
2026-03-31T00:42:10.776Z,market,trade,TESTE,100044.53193343968,28,,,,XP,BTG,,,
2026-03-31T00:42:10.939Z,market,trade,TESTE,100040.57694486472,192,,,,ITAU,GOLDM,,,
2026-03-31T00:42:11.092Z,market,trade,TESTE,100037.00103599674,6,,,,BTG,UBS,,,
2026-03-31T00:42:11.243Z,market,trade,TESTE,100032.50191988512,122,,,,BARCL,BARCL,,,
2026-03-31T00:42:11.409Z,market,trade,TESTE,100033.94613184479,103,,,,ITAU,UBS,,,
2026-03-31T00:42:11.561Z,market,trade,TESTE,100043.29174657215,15,,,,MS,ITAU,,,
2026-03-31T00:42:11.726Z,market,trade,TESTE,100039.92193814303,149,,,,XP,BTG,,,
2026-03-31T00:42:11.879Z,market,trade,TESTE,100038.21732986129,66,,,,UBS,GOLDM,,,
2026-03-31T00:42:12.042Z,market,trade,TESTE,100025.59867079298,147,,,,MS,MS,,,
2026-03-31T00:42:12.193Z,market,trade,TESTE,100024.63466780816,90,,,,ITAU,CS,,,
2026-03-31T00:42:12.357Z,market,trade,TESTE,100023.71465960685,143,,,,XP,BARCL,,,
2026-03-31T00:42:12.521Z,market,trade,TESTE,100027.14663815721,132,,,,CS,JPM,,,
2026-03-31T00:42:12.674Z,market,trade,TESTE,100026.02072291152,153,,,,BARCL,BTG,,,
2026-03-31T00:42:12.825Z,market,trade,TESTE,100026.06329468361,151,,,,JPM,XP,,,
2026-03-31T00:42:12.977Z,market,trade,TESTE,100039.48718250023,152,,,,GOLDM,CS,,,
2026-03-31T00:42:13.127Z,market,trade,TESTE,100039.04577168185,74,,,,UBS,BARCL,,,
2026-03-31T00:42:13.291Z,market,trade,TESTE,100039.71859808957,48,,,,GOLDM,JPM,,,
2026-03-31T00:42:13.442Z,market,trade,TESTE,100025.26607062343,158,,,,XP,MS,,,
2026-03-31T00:42:13.592Z,market,trade,TESTE,100021.2560910674,116,,,,XP,UBS,,,
2026-03-31T00:42:13.743Z,market,trade,TESTE,100018.22353536644,149,,,,BTG,ITAU,,,
2026-03-31T00:42:13.905Z,market,trade,TESTE,100032.80443722087,76,,,,XP,GOLDM,,,
2026-03-31T00:42:14.058Z,market,trade,TESTE,100023.54084319744,34,,,,MS,JPM,,,
2026-03-31T00:42:14.209Z,market,trade,TESTE,100029.11630140136,105,,,,JPM,CITI,,,
2026-03-31T00:42:14.360Z,market,trade,TESTE,100030.45670936952,121,,,,BTG,CITI,,,
2026-03-31T00:42:14.522Z,market,trade,TESTE,100019.99741898062,165,,,,CS,BTG,,,
2026-03-31T00:42:14.673Z,market,trade,TESTE,100021.74907532342,103,,,,BTG,ITAU,,,
2026-03-31T00:42:14.826Z,market,trade,TESTE,100019.08771747543,142,,,,GOLDM,CITI,,,
2026-03-31T00:42:14.977Z,market,trade,TESTE,100033.94061888936,161,,,,ITAU,XP,,,
2026-03-31T00:42:15.139Z,market,trade,TESTE,100025.34061559041,127,,,,CS,MS,,,
2026-03-31T00:42:15.292Z,market,trade,TESTE,100034.81168441502,158,,,,UBS,CS,,,
2026-03-31T00:42:15.457Z,market,trade,TESTE,100028.84367192912,171,,,,XP,XP,,,
2026-03-31T00:42:15.608Z,market,trade,TESTE,100040.09833716201,112,,,,UBS,UBS,,,
2026-03-31T00:42:15.760Z,market,trade,TESTE,100028.47057396261,59,,,,CS,XP,,,
2026-03-31T00:42:15.922Z,market,trade,TESTE,100027.9637871317,131,,,,CS,BARCL,,,
2026-03-31T00:42:16.074Z,market,trade,TESTE,100036.58744168877,81,,,,CS,XP,,,
2026-03-31T00:42:16.225Z,market,trade,TESTE,100028.77162878685,142,,,,BTG,JPM,,,
2026-03-31T00:42:16.376Z,market,trade,TESTE,100043.37090515051,28,,,,ITAU,ITAU,,,
2026-03-31T00:42:16.537Z,market,trade,TESTE,100029.24670342915,54,,,,ITAU,BTG,,,
2026-03-31T00:42:16.694Z,market,trade,TESTE,100037.58015924806,155,,,,BTG,BTG,,,
2026-03-31T00:42:16.858Z,market,trade,TESTE,100033.1885840623,38,,,,JPM,XP,,,
2026-03-31T00:42:17.008Z,market,trade,TESTE,100036.87632889186,68,,,,JPM,BTG,,,
2026-03-31T00:42:17.161Z,market,trade,TESTE,100024.93740556926,143,,,,CS,CITI,,,
2026-03-31T00:42:17.326Z,market,trade,TESTE,100028.56581334735,166,,,,XP,ITAU,,,
2026-03-31T00:42:17.492Z,market,trade,TESTE,100032.32455888491,65,,,,CITI,GOLDM,,,
2026-03-31T00:42:17.657Z,market,trade,TESTE,100038.97820920777,61,,,,ITAU,BTG,,,
2026-03-31T00:42:17.809Z,market,trade,TESTE,100036.93669793567,118,,,,JPM,MS,,,
2026-03-31T00:42:17.960Z,market,trade,TESTE,100029.24867982126,126,,,,BTG,XP,,,
2026-03-31T00:42:18.122Z,market,trade,TESTE,100033.51738880374,74,,,,XP,BARCL,,,
2026-03-31T00:42:18.273Z,market,trade,TESTE,100042.19863158072,146,,,,ITAU,CS,,,
2026-03-31T00:42:18.426Z,market,trade,TESTE,100044.280824113,79,,,,UBS,JPM,,,
2026-03-31T00:42:18.576Z,market,trade,TESTE,100032.16305274423,30,,,,BTG,GOLDM,,,
2026-03-31T00:42:18.743Z,market,trade,TESTE,100029.37448130694,187,,,,BTG,JPM,,,
2026-03-31T00:42:18.906Z,market,trade,TESTE,100028.83960137174,78,,,,UBS,GOLDM,,,
2026-03-31T00:42:19.058Z,market,trade,TESTE,100036.04096174435,186,,,,XP,XP,,,
2026-03-31T00:42:19.209Z,market,trade,TESTE,100026.96208651506,122,,,,CS,JPM,,,
2026-03-31T00:42:19.375Z,market,trade,TESTE,100028.34903535736,159,,,,CITI,CS,,,
2026-03-31T00:42:19.537Z,market,trade,TESTE,100042.61068333895,173,,,,ITAU,MS,,,
2026-03-31T00:42:19.692Z,market,trade,TESTE,100043.21083087799,199,,,,XP,MS,,,
2026-03-31T00:42:19.858Z,market,trade,TESTE,100042.80313534725,100,,,,XP,JPM,,,
2026-03-31T00:42:20.009Z,market,trade,TESTE,100034.5455168506,127,,,,GOLDM,CS,,,
2026-03-31T00:42:20.161Z,market,trade,TESTE,100047.78694678961,172,,,,XP,ITAU,,,
2026-03-31T00:42:20.313Z,market,trade,TESTE,100051.469801572,43,,,,GOLDM,CITI,,,
2026-03-31T00:42:20.474Z,market,trade,TESTE,100050.59860216438,161,,,,CITI,ITAU,,,
2026-03-31T00:42:20.626Z,market,trade,TESTE,100054.9200285563,190,,,,GOLDM,BARCL,,,
2026-03-31T00:42:20.777Z,market,trade,TESTE,100051.97479844213,151,,,,BARCL,UBS,,,
2026-03-31T00:42:20.938Z,market,trade,TESTE,100047.68109220799,80,,,,XP,JPM,,,
2026-03-31T00:42:21.090Z,market,trade,TESTE,100050.57072493095,63,,,,XP,GOLDM,,,
2026-03-31T00:42:21.241Z,market,trade,TESTE,100040.03224616266,115,,,,JPM,CITI,,,
2026-03-31T00:42:21.392Z,market,trade,TESTE,100041.65156597784,22,,,,XP,JPM,,,
2026-03-31T00:42:21.545Z,market,trade,TESTE,100049.2349768277,167,,,,MS,GOLDM,,,
2026-03-31T00:42:21.709Z,market,trade,TESTE,100044.72559709515,185,,,,BTG,JPM,,,
2026-03-31T00:42:21.874Z,market,trade,TESTE,100043.09674167074,137,,,,BTG,CITI,,,
2026-03-31T00:42:22.026Z,market,trade,TESTE,100028.60138564013,49,,,,BARCL,JPM,,,
2026-03-31T00:42:22.176Z,market,trade,TESTE,100030.62147259626,163,,,,JPM,UBS,,,
2026-03-31T00:42:22.338Z,market,trade,TESTE,100045.51038860288,23,,,,BARCL,CS,,,
2026-03-31T00:42:22.490Z,market,trade,TESTE,100036.21464984828,16,,,,CITI,BTG,,,
2026-03-31T00:42:22.641Z,market,trade,TESTE,100046.8362851533,11,,,,XP,GOLDM,,,
2026-03-31T00:42:22.791Z,market,trade,TESTE,100042.41803708648,50,,,,XP,CITI,,,
2026-03-31T00:42:22.954Z,market,trade,TESTE,100039.68470388027,94,,,,XP,CS,,,
2026-03-31T00:42:23.106Z,market,trade,TESTE,100026.84752628858,76,,,,CITI,BARCL,,,
2026-03-31T00:42:23.257Z,market,trade,TESTE,100038.69950000853,108,,,,GOLDM,CITI,,,
2026-03-31T00:42:23.410Z,market,trade,TESTE,100031.4833420182,55,,,,BARCL,XP,,,
2026-03-31T00:42:23.561Z,market,trade,TESTE,100032.62854724702,159,,,,CS,BARCL,,,
2026-03-31T00:42:23.726Z,market,trade,TESTE,100046.22192241906,79,,,,BARCL,UBS,,,
2026-03-31T00:42:23.878Z,market,trade,TESTE,100046.6599712415,60,,,,MS,CITI,,,
2026-03-31T00:42:24.041Z,market,trade,TESTE,100044.43999000677,183,,,,BTG,BARCL,,,
2026-03-31T00:42:24.192Z,market,trade,TESTE,100035.88632257028,18,,,,CITI,ITAU,,,
2026-03-31T00:42:24.344Z,market,trade,TESTE,100046.70075594286,41,,,,MS,CITI,,,
2026-03-31T00:42:24.505Z,market,trade,TESTE,100047.69935660128,96,,,,BTG,BTG,,,
2026-03-31T00:42:24.657Z,market,trade,TESTE,100045.31983422666,75,,,,CITI,ITAU,,,
2026-03-31T00:42:24.809Z,market,trade,TESTE,100037.8171638585,44,,,,UBS,MS,,,
2026-03-31T00:42:24.961Z,market,trade,TESTE,100035.73175593247,128,,,,CITI,XP,,,
2026-03-31T00:42:25.112Z,market,trade,TESTE,100044.44736483441,34,,,,CS,BARCL,,,
2026-03-31T00:42:25.273Z,market,trade,TESTE,100041.09129967817,143,,,,GOLDM,ITAU,,,
2026-03-31T00:42:25.426Z,market,trade,TESTE,100037.01853340847,178,,,,BARCL,BTG,,,
2026-03-31T00:42:25.576Z,market,trade,TESTE,100025.0651505298,58,,,,UBS,CITI,,,
2026-03-31T00:42:25.742Z,market,trade,TESTE,100020.13392579563,183,,,,ITAU,CITI,,,
2026-03-31T00:42:25.905Z,market,trade,TESTE,100023.70032244633,9,,,,BTG,ITAU,,,
2026-03-31T00:42:26.058Z,market,trade,TESTE,100026.8301731162,134,,,,JPM,GOLDM,,,
2026-03-31T00:42:26.208Z,market,trade,TESTE,100031.724863346,51,,,,ITAU,CITI,,,
2026-03-31T00:42:26.360Z,market,trade,TESTE,100043.36416258445,145,,,,GOLDM,JPM,,,
2026-03-31T00:42:26.522Z,market,trade,TESTE,100039.06769865532,161,,,,GOLDM,ITAU,,,
2026-03-31T00:42:26.673Z,market,trade,TESTE,100037.10160361993,64,,,,XP,MS,,,
2026-03-31T00:42:26.825Z,market,trade,TESTE,100042.07335675295,117,,,,UBS,GOLDM,,,
2026-03-31T00:42:26.976Z,market,trade,TESTE,100038.29489402327,167,,,,MS,JPM,,,
2026-03-31T00:42:27.143Z,market,trade,TESTE,100028.72571466476,174,,,,BTG,GOLDM,,,
2026-03-31T00:42:27.306Z,market,trade,TESTE,100037.50773581288,54,,,,GOLDM,BTG,,,
2026-03-31T00:42:27.458Z,market,trade,TESTE,100026.05221189228,61,,,,BARCL,CS,,,
2026-03-31T00:42:27.608Z,market,trade,TESTE,100038.84485595046,39,,,,ITAU,CITI,,,
2026-03-31T00:42:27.759Z,market,trade,TESTE,100026.20502342898,143,,,,BARCL,CS,,,
2026-03-31T00:42:27.921Z,market,trade,TESTE,100035.5060508004,191,,,,CS,CITI,,,
2026-03-31T00:42:28.073Z,market,trade,TESTE,100039.86203461255,81,,,,BTG,BTG,,,
2026-03-31T00:42:28.225Z,market,trade,TESTE,100032.28727326413,46,,,,BARCL,GOLDM,,,
2026-03-31T00:42:28.376Z,market,trade,TESTE,100037.77271198996,104,,,,GOLDM,ITAU,,,
2026-03-31T00:42:28.538Z,market,trade,TESTE,100029.58025101188,39,,,,CITI,ITAU,,,
2026-03-31T00:42:28.693Z,market,trade,TESTE,100041.68086198732,169,,,,CS,BTG,,,
2026-03-31T00:42:28.858Z,market,trade,TESTE,100044.64643670856,121,,,,XP,JPM,,,
2026-03-31T00:42:29.009Z,market,trade,TESTE,100040.07663883404,16,,,,BTG,BTG,,,
2026-03-31T00:42:29.160Z,market,trade,TESTE,100034.81231581749,34,,,,MS,BARCL,,,
2026-03-31T00:42:29.322Z,market,trade,TESTE,100030.75625057092,18,,,,CS,ITAU,,,
2026-03-31T00:42:29.474Z,market,trade,TESTE,100036.45691943687,163,,,,JPM,XP,,,
2026-03-31T00:42:29.625Z,market,trade,TESTE,100021.47207612722,111,,,,UBS,BARCL,,,
2026-03-31T00:42:29.777Z,market,trade,TESTE,100021.25599420902,111,,,,CS,XP,,,
2026-03-31T00:42:29.929Z,market,trade,TESTE,100025.52760487469,41,,,,ITAU,MS,,,
2026-03-31T00:42:30.090Z,market,trade,TESTE,100028.79525310594,16,,,,BTG,CS,,,
2026-03-31T00:42:30.243Z,market,trade,TESTE,100034.03125123653,168,,,,CITI,UBS,,,
2026-03-31T00:42:30.408Z,market,trade,TESTE,100029.88952177468,9,,,,UBS,JPM,,,
2026-03-31T00:42:30.561Z,market,trade,TESTE,100016.21378807392,94,,,,BTG,UBS,,,
2026-03-31T00:42:30.725Z,market,trade,TESTE,100021.9509052968,9,,,,XP,UBS,,,
2026-03-31T00:42:30.889Z,market,trade,TESTE,100023.85077047689,139,,,,JPM,MS,,,
2026-03-31T00:42:31.041Z,market,trade,TESTE,100024.02843565372,119,,,,GOLDM,UBS,,,
2026-03-31T00:42:31.192Z,market,trade,TESTE,100015.38683333187,68,,,,BTG,BTG,,,
2026-03-31T00:42:31.354Z,market,trade,TESTE,100017.25439508825,34,,,,MS,ITAU,,,
2026-03-31T00:42:31.507Z,market,trade,TESTE,100022.7439140087,99,,,,CS,MS,,,
2026-03-31T00:42:31.674Z,market,trade,TESTE,100020.54098194178,153,,,,BARCL,BTG,,,
2026-03-31T00:42:31.825Z,market,trade,TESTE,100009.3179412071,87,,,,BARCL,UBS,,,
2026-03-31T00:42:31.977Z,market,trade,TESTE,100016.49004754396,86,,,,CS,CS,,,
2026-03-31T00:42:32.139Z,market,trade,TESTE,100018.01106019285,183,,,,CS,MS,,,
2026-03-31T00:42:32.293Z,market,trade,TESTE,100018.96906524699,170,,,,GOLDM,GOLDM,,,
2026-03-31T00:42:32.458Z,market,trade,TESTE,100006.46365326551,182,,,,CS,BARCL,,,
2026-03-31T00:42:32.608Z,market,trade,TESTE,100004.93651677387,122,,,,UBS,CITI,,,
2026-03-31T00:42:32.761Z,market,trade,TESTE,100015.1452406692,35,,,,BTG,GOLDM,,,
2026-03-31T00:42:32.924Z,market,trade,TESTE,100000.27541956998,171,,,,ITAU,XP,,,
2026-03-31T00:42:33.090Z,market,trade,TESTE,100010.76892898082,198,,,,CITI,XP,,,
2026-03-31T00:42:33.241Z,market,trade,TESTE,100011.16085760017,198,,,,BARCL,BARCL,,,
2026-03-31T00:42:33.392Z,market,trade,TESTE,100013.96027476939,126,,,,BTG,CS,,,
2026-03-31T00:42:33.544Z,market,trade,TESTE,100014.42102205173,186,,,,CITI,ITAU,,,
2026-03-31T00:42:33.708Z,market,trade,TESTE,100018.92919171538,48,,,,MS,MS,,,
2026-03-31T00:42:33.873Z,market,trade,TESTE,100011.45350464515,165,,,,BTG,MS,,,
2026-03-31T00:42:34.025Z,market,trade,TESTE,100016.06667566634,178,,,,UBS,UBS,,,
2026-03-31T00:42:34.176Z,market,trade,TESTE,100013.48423224862,72,,,,CITI,BTG,,,
2026-03-31T00:42:34.339Z,market,trade,TESTE,100012.05942111202,162,,,,BARCL,BARCL,,,
2026-03-31T00:42:34.492Z,market,trade,TESTE,100018.72787755115,145,,,,UBS,BARCL,,,
2026-03-31T00:42:34.658Z,market,trade,TESTE,100013.6053257138,22,,,,GOLDM,JPM,,,
2026-03-31T00:42:34.808Z,market,trade,TESTE,100018.71705868078,191,,,,XP,BARCL,,,
2026-03-31T00:42:34.961Z,market,trade,TESTE,100016.2411866523,103,,,,CITI,BARCL,,,
2026-03-31T00:42:35.122Z,market,trade,TESTE,100008.1551428143,131,,,,ITAU,CS,,,
2026-03-31T00:42:35.273Z,market,trade,TESTE,100021.97729557552,87,,,,GOLDM,MS,,,
2026-03-31T00:42:35.426Z,market,trade,TESTE,100013.00828850345,111,,,,BARCL,CITI,,,
2026-03-31T00:42:35.592Z,market,trade,TESTE,100026.32195036046,42,,,,GOLDM,CITI,,,
2026-03-31T00:42:35.758Z,market,trade,TESTE,100017.55985836811,166,,,,UBS,GOLDM,,,
2026-03-31T00:42:35.909Z,market,trade,TESTE,100030.40823017851,106,,,,ITAU,CS,,,
2026-03-31T00:42:36.073Z,market,trade,TESTE,100021.62903207912,126,,,,CITI,BARCL,,,
2026-03-31T00:42:36.225Z,market,trade,TESTE,100029.88531382766,74,,,,BTG,BTG,,,
2026-03-31T00:42:36.376Z,market,trade,TESTE,100019.92061838228,30,,,,XP,BARCL,,,
2026-03-31T00:42:36.541Z,market,trade,TESTE,100020.24795952582,195,,,,XP,ITAU,,,
2026-03-31T00:42:36.695Z,market,trade,TESTE,100022.52311447103,45,,,,CITI,UBS,,,
2026-03-31T00:42:36.857Z,market,trade,TESTE,100036.35711271371,190,,,,ITAU,UBS,,,
2026-03-31T00:42:37.009Z,market,trade,TESTE,100035.24660460606,90,,,,BTG,XP,,,
2026-03-31T00:42:37.160Z,market,trade,TESTE,100034.91114653255,40,,,,CITI,UBS,,,
2026-03-31T00:42:37.326Z,market,trade,TESTE,100021.60626387992,135,,,,UBS,BTG,,,
2026-03-31T00:42:37.477Z,market,trade,TESTE,100022.47001525285,19,,,,MS,GOLDM,,,
2026-03-31T00:42:37.641Z,market,trade,TESTE,100022.34584456262,13,,,,BTG,ITAU,,,
2026-03-31T00:42:37.793Z,market,trade,TESTE,100027.1261630199,66,,,,ITAU,CITI,,,
2026-03-31T00:42:37.956Z,market,trade,TESTE,100022.34735220612,169,,,,XP,CITI,,,
2026-03-31T00:42:38.121Z,market,trade,TESTE,100019.9530351631,175,,,,BTG,BTG,,,
2026-03-31T00:42:38.273Z,market,trade,TESTE,100021.42632361314,93,,,,MS,CITI,,,
2026-03-31T00:42:38.425Z,market,trade,TESTE,100022.48882871935,77,,,,ITAU,UBS,,,
2026-03-31T00:42:38.576Z,market,trade,TESTE,100023.84222214948,124,,,,JPM,CITI,,,
2026-03-31T00:42:38.741Z,market,trade,TESTE,100035.56797864338,200,,,,CS,MS,,,
2026-03-31T00:42:38.905Z,market,trade,TESTE,100020.57691742336,138,,,,ITAU,BTG,,,
2026-03-31T00:42:39.057Z,market,trade,TESTE,100033.42029910612,9,,,,BARCL,GOLDM,,,
2026-03-31T00:42:39.209Z,market,trade,TESTE,100027.39084197229,70,,,,MS,CS,,,
2026-03-31T00:42:39.359Z,market,trade,TESTE,100031.1107122622,174,,,,CITI,XP,,,
2026-03-31T00:42:39.510Z,market,trade,TESTE,100028.34650958823,97,,,,CITI,UBS,,,
2026-03-31T00:42:39.674Z,market,trade,TESTE,100036.56097078644,200,,,,BTG,CITI,,,
2026-03-31T00:42:39.825Z,market,trade,TESTE,100039.94597156177,122,,,,BTG,BARCL,,,
2026-03-31T00:42:39.976Z,market,trade,TESTE,100027.61057775271,92,,,,UBS,ITAU,,,
2026-03-31T00:42:40.139Z,market,trade,TESTE,100041.01655063705,51,,,,CS,ITAU,,,
2026-03-31T00:42:40.290Z,market,trade,TESTE,100031.15598171008,40,,,,JPM,GOLDM,,,
2026-03-31T00:42:40.441Z,market,trade,TESTE,100045.85232592827,125,,,,CS,CITI,,,
2026-03-31T00:42:40.592Z,market,trade,TESTE,100048.02740964855,88,,,,JPM,BTG,,,
2026-03-31T00:42:40.744Z,market,trade,TESTE,100049.75175954647,144,,,,CITI,BTG,,,
2026-03-31T00:42:40.905Z,market,trade,TESTE,100038.54815348853,116,,,,BARCL,GOLDM,,,
2026-03-31T00:42:41.058Z,market,trade,TESTE,100047.76993669904,159,,,,UBS,XP,,,
2026-03-31T00:42:41.209Z,market,trade,TESTE,100043.76629346269,165,,,,ITAU,UBS,,,
2026-03-31T00:42:41.361Z,market,trade,TESTE,100032.08438071293,91,,,,ITAU,GOLDM,,,
2026-03-31T00:42:41.522Z,market,trade,TESTE,100027.91399954811,98,,,,BTG,ITAU,,,
2026-03-31T00:42:41.674Z,market,trade,TESTE,100027.96053082545,194,,,,CS,GOLDM,,,
2026-03-31T00:42:41.825Z,market,trade,TESTE,100025.5730955131,190,,,,JPM,JPM,,,
2026-03-31T00:42:41.977Z,market,trade,TESTE,100029.04751226825,150,,,,BTG,BARCL,,,
2026-03-31T00:42:42.136Z,market,trade,TESTE,100039.46658392753,197,,,,GOLDM,BARCL,,,
2026-03-31T00:42:42.290Z,market,trade,TESTE,100042.35873275474,134,,,,UBS,MS,,,
2026-03-31T00:42:42.442Z,market,trade,TESTE,100038.99387076082,84,,,,JPM,GOLDM,,,
2026-03-31T00:42:42.593Z,market,trade,TESTE,100041.48130543437,189,,,,BTG,UBS,,,
2026-03-31T00:42:42.758Z,market,trade,TESTE,100040.64549797015,164,,,,JPM,BTG,,,
2026-03-31T00:42:42.921Z,market,trade,TESTE,100028.05104468053,126,,,,XP,XP,,,
2026-03-31T00:42:43.073Z,market,trade,TESTE,100034.77420754923,120,,,,MS,ITAU,,,
2026-03-31T00:42:43.226Z,market,trade,TESTE,100028.6254711798,200,,,,GOLDM,ITAU,,,
2026-03-31T00:42:43.376Z,market,trade,TESTE,100042.2152550434,47,,,,JPM,CS,,,
2026-03-31T00:42:43.538Z,market,trade,TESTE,100044.39794433134,173,,,,JPM,BTG,,,
2026-03-31T00:42:43.692Z,market,trade,TESTE,100039.19389021926,105,,,,JPM,UBS,,,
2026-03-31T00:42:43.857Z,market,trade,TESTE,100048.52934719267,134,,,,BARCL,ITAU,,,
2026-03-31T00:42:44.008Z,market,trade,TESTE,100037.86092341399,66,,,,BTG,XP,,,
2026-03-31T00:42:44.161Z,market,trade,TESTE,100042.97227617216,133,,,,XP,XP,,,
2026-03-31T00:42:44.312Z,market,trade,TESTE,100035.68837277913,189,,,,BARCL,CS,,,
2026-03-31T00:42:44.473Z,market,trade,TESTE,100044.51400799784,147,,,,JPM,UBS,,,
2026-03-31T00:42:44.625Z,market,trade,TESTE,100034.36206998042,194,,,,ITAU,MS,,,
2026-03-31T00:42:44.788Z,market,trade,TESTE,100038.26168620272,59,,,,ITAU,BARCL,,,
2026-03-31T00:42:44.939Z,market,trade,TESTE,100050.83986628693,11,,,,JPM,ITAU,,,
2026-03-31T00:42:45.090Z,market,trade,TESTE,100041.39740906293,161,,,,JPM,UBS,,,
2026-03-31T00:42:45.241Z,market,trade,TESTE,100050.02059866974,189,,,,UBS,CS,,,
2026-03-31T00:42:45.392Z,market,trade,TESTE,100042.11728366948,186,,,,GOLDM,ITAU,,,
2026-03-31T00:42:45.543Z,market,trade,TESTE,100042.97071759122,154,,,,UBS,GOLDM,,,
2026-03-31T00:42:45.708Z,market,trade,TESTE,100042.50893760152,166,,,,BTG,CITI,,,
2026-03-31T00:42:45.858Z,market,trade,TESTE,100040.62935342522,122,,,,CS,CITI,,,
2026-03-31T00:42:46.027Z,market,trade,TESTE,100044.14527268022,146,,,,ITAU,CITI,,,
2026-03-31T00:42:46.192Z,market,trade,TESTE,100053.25044416648,101,,,,GOLDM,XP,,,
2026-03-31T00:42:46.356Z,market,trade,TESTE,100047.47385052675,166,,,,UBS,JPM,,,
2026-03-31T00:42:46.506Z,market,trade,TESTE,100060.21324160969,157,,,,ITAU,JPM,,,
2026-03-31T00:42:46.658Z,market,trade,TESTE,100059.54993971744,64,,,,BARCL,MS,,,
2026-03-31T00:42:46.809Z,market,trade,TESTE,100045.44647030147,118,,,,JPM,UBS,,,
2026-03-31T00:42:46.961Z,market,trade,TESTE,100049.87325843793,123,,,,CS,BARCL,,,
2026-03-31T00:42:47.122Z,market,trade,TESTE,100063.11106838605,70,,,,MS,MS,,,
2026-03-31T00:42:47.273Z,market,trade,TESTE,100049.9957174203,109,,,,MS,MS,,,
2026-03-31T00:42:47.426Z,market,trade,TESTE,100055.78766067536,161,,,,ITAU,JPM,,,
2026-03-31T00:42:47.592Z,market,trade,TESTE,100042.92949182831,142,,,,GOLDM,BARCL,,,
2026-03-31T00:42:47.758Z,market,trade,TESTE,100043.90125288219,170,,,,BARCL,BTG,,,
2026-03-31T00:42:47.909Z,market,trade,TESTE,100045.70423389255,200,,,,CITI,CITI,,,
2026-03-31T00:42:48.073Z,market,trade,TESTE,100055.76355598624,178,,,,BTG,BTG,,,
2026-03-31T00:42:48.225Z,market,trade,TESTE,100056.91749302014,16,,,,BTG,BTG,,,
2026-03-31T00:42:48.376Z,market,trade,TESTE,100061.64609480357,103,,,,MS,JPM,,,
2026-03-31T00:42:48.539Z,market,trade,TESTE,100062.24302248406,181,,,,BARCL,MS,,,
2026-03-31T00:42:48.696Z,market,trade,TESTE,100049.4409271927,175,,,,MS,BARCL,,,
2026-03-31T00:42:48.857Z,market,trade,TESTE,100055.1315421201,55,,,,UBS,CS,,,
2026-03-31T00:42:49.009Z,market,trade,TESTE,100060.07101774293,58,,,,JPM,BTG,,,
2026-03-31T00:42:49.160Z,market,trade,TESTE,100051.25926231325,131,,,,CITI,UBS,,,
2026-03-31T00:42:49.322Z,market,trade,TESTE,100062.05794414415,64,,,,MS,JPM,,,
2026-03-31T00:42:49.474Z,market,trade,TESTE,100049.29724057374,170,,,,UBS,CITI,,,
2026-03-31T00:42:49.625Z,market,trade,TESTE,100058.22615422212,68,,,,ITAU,XP,,,
2026-03-31T00:42:49.776Z,market,trade,TESTE,100057.23510721911,177,,,,BARCL,CITI,,,
2026-03-31T00:42:49.926Z,market,trade,TESTE,100043.73709897562,144,,,,MS,GOLDM,,,
2026-03-31T00:42:50.089Z,market,trade,TESTE,100045.40960725553,169,,,,BTG,GOLDM,,,
2026-03-31T00:42:50.241Z,market,trade,TESTE,100056.55435863174,92,,,,XP,CITI,,,
2026-03-31T00:42:50.393Z,market,trade,TESTE,100043.58882275355,107,,,,GOLDM,JPM,,,
2026-03-31T00:42:50.555Z,market,trade,TESTE,100056.53317754026,77,,,,BARCL,UBS,,,
2026-03-31T00:42:50.708Z,market,trade,TESTE,100047.74054359898,129,,,,MS,BTG,,,
2026-03-31T00:42:50.873Z,market,trade,TESTE,100042.95706306626,11,,,,UBS,BTG,,,
2026-03-31T00:42:51.025Z,market,trade,TESTE,100041.29359007915,20,,,,GOLDM,XP,,,
2026-03-31T00:42:51.176Z,market,trade,TESTE,100046.81681748501,68,,,,BTG,GOLDM,,,
2026-03-31T00:42:51.339Z,market,trade,TESTE,100041.16421245685,84,,,,UBS,GOLDM,,,
2026-03-31T00:42:51.494Z,market,trade,TESTE,100045.7937514017,26,,,,JPM,XP,,,
2026-03-31T00:42:51.659Z,market,trade,TESTE,100042.81974532461,131,,,,GOLDM,GOLDM,,,
2026-03-31T00:42:51.825Z,market,trade,TESTE,100047.75403156053,81,,,,BTG,MS,,,
2026-03-31T00:42:51.976Z,market,trade,TESTE,100055.6176776497,119,,,,GOLDM,BARCL,,,
2026-03-31T00:42:52.138Z,market,trade,TESTE,100042.85441537182,145,,,,UBS,BARCL,,,
2026-03-31T00:42:52.288Z,market,trade,TESTE,100053.73756384573,12,,,,XP,UBS,,,
2026-03-31T00:42:52.441Z,market,trade,TESTE,100054.32133626177,23,,,,JPM,MS,,,
2026-03-31T00:42:52.592Z,market,trade,TESTE,100048.76588806158,28,,,,UBS,BTG,,,
2026-03-31T00:42:52.744Z,market,trade,TESTE,100062.55514549225,33,,,,XP,CS,,,
2026-03-31T00:42:52.905Z,market,trade,TESTE,100048.93363082864,117,,,,CS,BARCL,,,
2026-03-31T00:42:53.058Z,market,trade,TESTE,100054.13562456035,139,,,,XP,CITI,,,
2026-03-31T00:42:53.209Z,market,trade,TESTE,100054.25755142272,106,,,,MS,ITAU,,,
2026-03-31T00:42:53.361Z,market,trade,TESTE,100056.26767345263,97,,,,BTG,UBS,,,
2026-03-31T00:42:53.524Z,market,trade,TESTE,100050.16193020371,111,,,,JPM,CS,,,
2026-03-31T00:42:53.675Z,market,trade,TESTE,100051.80561630831,68,,,,GOLDM,CS,,,
2026-03-31T00:42:53.841Z,market,trade,TESTE,100056.59646086121,193,,,,MS,UBS,,,
2026-03-31T00:42:53.992Z,market,trade,TESTE,100058.82091749008,172,,,,GOLDM,CS,,,
2026-03-31T00:42:54.157Z,market,trade,TESTE,100067.1253407741,190,,,,UBS,UBS,,,
2026-03-31T00:42:54.319Z,market,trade,TESTE,100063.5828769553,186,,,,MS,XP,,,
2026-03-31T00:42:54.474Z,market,trade,TESTE,100067.50854125117,33,,,,BARCL,BTG,,,
2026-03-31T00:42:54.624Z,market,trade,TESTE,100067.37971157565,18,,,,UBS,MS,,,
2026-03-31T00:42:54.776Z,market,trade,TESTE,100069.83410451049,93,,,,MS,ITAU,,,
2026-03-31T00:42:54.939Z,market,trade,TESTE,100070.45368335648,63,,,,XP,JPM,,,
2026-03-31T00:42:55.093Z,market,trade,TESTE,100066.77477974833,25,,,,BARCL,MS,,,
2026-03-31T00:42:55.256Z,market,trade,TESTE,100054.79865639273,179,,,,CS,CITI,,,
2026-03-31T00:42:55.408Z,market,trade,TESTE,100058.80512476101,166,,,,CS,ITAU,,,
2026-03-31T00:42:55.561Z,market,trade,TESTE,100073.5502694411,167,,,,GOLDM,ITAU,,,
2026-03-31T00:42:55.723Z,market,trade,TESTE,100064.63319413867,112,,,,JPM,JPM,,,
2026-03-31T00:42:55.889Z,market,trade,TESTE,100073.2113776774,59,,,,XP,MS,,,
2026-03-31T00:42:56.041Z,market,trade,TESTE,100072.76728199041,169,,,,XP,CS,,,
2026-03-31T00:42:56.193Z,market,trade,TESTE,100061.05055937811,133,,,,BARCL,BTG,,,
2026-03-31T00:42:56.344Z,market,trade,TESTE,100075.45134961733,116,,,,BTG,GOLDM,,,
2026-03-31T00:42:56.505Z,market,trade,TESTE,100074.34698975988,118,,,,ITAU,UBS,,,
2026-03-31T00:42:56.658Z,market,trade,TESTE,100067.95646195761,97,,,,XP,BARCL,,,
2026-03-31T00:42:56.809Z,market,trade,TESTE,100070.94773642108,27,,,,BARCL,UBS,,,
2026-03-31T00:42:56.961Z,market,trade,TESTE,100071.92637598403,96,,,,MS,GOLDM,,,
2026-03-31T00:42:57.122Z,market,trade,TESTE,100082.79689893429,195,,,,XP,CITI,,,
2026-03-31T00:42:57.273Z,market,trade,TESTE,100072.82326152474,20,,,,UBS,GOLDM,,,
2026-03-31T00:42:57.425Z,market,trade,TESTE,100087.23613279236,104,,,,CS,JPM,,,
2026-03-31T00:42:57.576Z,market,trade,TESTE,100089.51347198922,74,,,,BTG,GOLDM,,,
2026-03-31T00:42:57.726Z,market,trade,TESTE,100090.63713466913,179,,,,UBS,CS,,,
2026-03-31T00:42:57.887Z,market,trade,TESTE,100084.82795538388,183,,,,BARCL,XP,,,
2026-03-31T00:42:58.041Z,market,trade,TESTE,100088.95514224151,47,,,,ITAU,CS,,,
2026-03-31T00:42:58.191Z,market,trade,TESTE,100099.08497629805,108,,,,UBS,XP,,,
2026-03-31T00:42:58.354Z,market,trade,TESTE,100093.62620784543,53,,,,MS,GOLDM,,,
2026-03-31T00:42:58.505Z,market,trade,TESTE,100103.2297141949,141,,,,CS,BARCL,,,
2026-03-31T00:42:58.657Z,market,trade,TESTE,100090.63221099765,27,,,,XP,UBS,,,
2026-03-31T00:42:58.809Z,market,trade,TESTE,100101.74918151306,124,,,,UBS,BTG,,,
2026-03-31T00:42:58.961Z,market,trade,TESTE,100101.17587921453,41,,,,CS,UBS,,,
2026-03-31T00:42:59.121Z,market,trade,TESTE,100095.9366378465,110,,,,ITAU,MS,,,
2026-03-31T00:42:59.274Z,market,trade,TESTE,100102.00346385315,19,,,,ITAU,BARCL,,,
2026-03-31T00:42:59.425Z,market,trade,TESTE,100087.56862017784,162,,,,CS,MS,,,
2026-03-31T00:42:59.576Z,market,trade,TESTE,100101.41863951035,61,,,,BARCL,BARCL,,,
2026-03-31T00:42:59.739Z,market,trade,TESTE,100099.22071666841,44,,,,CS,UBS,,,
2026-03-31T00:42:59.892Z,market,trade,TESTE,100084.94361545799,89,,,,CITI,UBS,,,
2026-03-31T00:43:00.057Z,market,trade,TESTE,100089.04079999006,51,,,,MS,JPM,,,
2026-03-31T00:43:00.208Z,market,trade,TESTE,100085.17474337858,5,,,,XP,UBS,,,
2026-03-31T00:43:00.360Z,market,trade,TESTE,100082.04604609513,75,,,,BARCL,XP,,,
2026-03-31T00:43:00.519Z,market,trade,TESTE,100084.51623186393,135,,,,XP,ITAU,,,
2026-03-31T00:43:00.673Z,market,trade,TESTE,100088.7724762764,26,,,,JPM,CS,,,
2026-03-31T00:43:00.824Z,market,trade,TESTE,100101.59665498328,153,,,,UBS,CITI,,,
2026-03-31T00:43:00.976Z,market,trade,TESTE,100097.94309509196,170,,,,MS,BARCL,,,
2026-03-31T00:43:01.127Z,market,trade,TESTE,100102.59256538062,148,,,,UBS,UBS,,,
2026-03-31T00:43:01.289Z,market,trade,TESTE,100096.36721004463,19,,,,BARCL,UBS,,,
2026-03-31T00:43:01.440Z,market,trade,TESTE,100106.22175282502,51,,,,UBS,GOLDM,,,
2026-03-31T00:43:01.591Z,market,trade,TESTE,100095.31172143569,79,,,,GOLDM,JPM,,,
2026-03-31T00:43:01.742Z,market,trade,TESTE,100097.96891902458,46,,,,BTG,XP,,,
2026-03-31T00:43:01.906Z,market,trade,TESTE,100111.04647714834,100,,,,CITI,JPM,,,
2026-03-31T00:43:02.058Z,market,trade,TESTE,100106.80658146218,67,,,,GOLDM,CITI,,,
2026-03-31T00:43:02.208Z,market,trade,TESTE,100096.56516315974,183,,,,CS,XP,,,
2026-03-31T00:43:02.359Z,market,trade,TESTE,100097.0239506002,105,,,,MS,CS,,,
2026-03-31T00:43:02.521Z,market,trade,TESTE,100108.29794622389,111,,,,JPM,UBS,,,
2026-03-31T00:43:02.674Z,market,trade,TESTE,100097.49384011724,92,,,,CS,GOLDM,,,
2026-03-31T00:43:02.826Z,market,trade,TESTE,100110.44293283013,171,,,,BTG,UBS,,,
2026-03-31T00:43:02.976Z,market,trade,TESTE,100109.51190076885,196,,,,CS,XP,,,
2026-03-31T00:43:03.138Z,market,trade,TESTE,100106.34416925817,47,,,,JPM,CS,,,
2026-03-31T00:43:03.303Z,market,trade,TESTE,100111.28096098648,161,,,,JPM,MS,,,
2026-03-31T00:43:03.457Z,market,trade,TESTE,100103.45431762499,134,,,,UBS,CS,,,
2026-03-31T00:43:03.608Z,market,trade,TESTE,100105.53806261726,113,,,,JPM,ITAU,,,
2026-03-31T00:43:03.772Z,market,trade,TESTE,100104.014138822,23,,,,MS,CITI,,,
2026-03-31T00:43:03.939Z,market,trade,TESTE,100105.24139182022,162,,,,BARCL,BTG,,,
2026-03-31T00:43:04.091Z,market,trade,TESTE,100109.422991956,62,,,,JPM,XP,,,
2026-03-31T00:43:04.242Z,market,trade,TESTE,100112.08153359583,23,,,,BTG,BTG,,,
2026-03-31T00:43:04.392Z,market,trade,TESTE,100121.95694440253,139,,,,UBS,JPM,,,
2026-03-31T00:43:04.553Z,market,trade,TESTE,100112.0011260624,157,,,,BTG,CITI,,,
2026-03-31T00:43:04.708Z,market,trade,TESTE,100114.96037155275,74,,,,XP,BTG,,,
2026-03-31T00:43:04.872Z,market,trade,TESTE,100121.22959282376,102,,,,GOLDM,BTG,,,
2026-03-31T00:43:05.026Z,market,trade,TESTE,100115.29481314821,86,,,,ITAU,UBS,,,
2026-03-31T00:43:05.176Z,market,trade,TESTE,100112.83958170556,11,,,,XP,UBS,,,
2026-03-31T00:43:05.335Z,market,trade,TESTE,100114.80065554006,29,,,,CITI,CS,,,
2026-03-31T00:43:05.489Z,market,trade,TESTE,100124.63839320098,160,,,,CITI,BARCL,,,
2026-03-31T00:43:05.641Z,market,trade,TESTE,100119.3801665814,112,,,,CS,BARCL,,,
2026-03-31T00:43:05.791Z,market,trade,TESTE,100121.83356106456,197,,,,JPM,MS,,,
2026-03-31T00:43:05.944Z,market,trade,TESTE,100123.60561904311,103,,,,JPM,GOLDM,,,
2026-03-31T00:43:06.105Z,market,trade,TESTE,100135.1803660151,12,,,,JPM,UBS,,,
2026-03-31T00:43:06.257Z,market,trade,TESTE,100136.99975388155,75,,,,CITI,BARCL,,,
2026-03-31T00:43:06.409Z,market,trade,TESTE,100140.85469178061,29,,,,JPM,CITI,,,
2026-03-31T00:43:06.561Z,market,trade,TESTE,100134.98194521174,199,,,,MS,GOLDM,,,
2026-03-31T00:43:06.725Z,market,trade,TESTE,100138.17433768204,178,,,,UBS,CS,,,
2026-03-31T00:43:06.889Z,market,trade,TESTE,100140.75866459012,62,,,,JPM,BARCL,,,
2026-03-31T00:43:07.041Z,market,trade,TESTE,100142.01534622618,47,,,,MS,MS,,,
2026-03-31T00:43:07.192Z,market,trade,TESTE,100149.53857713827,95,,,,BTG,BTG,,,
2026-03-31T00:43:07.354Z,market,trade,TESTE,100151.39500162158,92,,,,CITI,BTG,,,
2026-03-31T00:43:07.505Z,market,trade,TESTE,100155.04215829805,110,,,,ITAU,CITI,,,
2026-03-31T00:43:07.657Z,market,trade,TESTE,100157.48223243092,50,,,,ITAU,GOLDM,,,
2026-03-31T00:43:07.809Z,market,trade,TESTE,100150.39899086383,55,,,,MS,BTG,,,
2026-03-31T00:43:07.961Z,market,trade,TESTE,100155.15570676315,34,,,,BTG,MS,,,
2026-03-31T00:43:08.122Z,market,trade,TESTE,100158.29853745736,91,,,,XP,UBS,,,
2026-03-31T00:43:08.278Z,market,trade,TESTE,100160.41682078569,114,,,,ITAU,XP,,,
2026-03-31T00:43:08.440Z,market,trade,TESTE,100171.08498245035,137,,,,BTG,MS,,,
2026-03-31T00:43:08.591Z,market,trade,TESTE,100166.22206604175,169,,,,ITAU,UBS,,,
2026-03-31T00:43:08.742Z,market,trade,TESTE,100161.06409083205,118,,,,CITI,JPM,,,
2026-03-31T00:43:08.906Z,market,trade,TESTE,100157.78054542442,59,,,,JPM,GOLDM,,,
2026-03-31T00:43:09.058Z,market,trade,TESTE,100169.12808677932,7,,,,MS,JPM,,,
2026-03-31T00:43:09.208Z,market,trade,TESTE,100168.89747314161,82,,,,BARCL,JPM,,,
2026-03-31T00:43:09.360Z,market,trade,TESTE,100171.04090790945,183,,,,MS,CITI,,,
2026-03-31T00:43:09.511Z,market,trade,TESTE,100165.58077719928,93,,,,CITI,MS,,,
2026-03-31T00:43:09.673Z,market,trade,TESTE,100171.7823362909,78,,,,BARCL,GOLDM,,,
2026-03-31T00:43:09.825Z,market,trade,TESTE,100158.06275231995,168,,,,BARCL,XP,,,
2026-03-31T00:43:09.976Z,market,trade,TESTE,100163.77248123841,36,,,,CS,XP,,,
2026-03-31T00:43:10.138Z,market,trade,TESTE,100148.97963165694,95,,,,GOLDM,MS,,,
2026-03-31T00:43:10.292Z,market,trade,TESTE,100155.91731752444,22,,,,GOLDM,JPM,,,
2026-03-31T00:43:10.457Z,market,trade,TESTE,100154.64062751379,151,,,,GOLDM,MS,,,
2026-03-31T00:43:10.608Z,market,trade,TESTE,100153.04594434603,144,,,,BARCL,CITI,,,
2026-03-31T00:43:10.761Z,market,trade,TESTE,100143.9703179512,137,,,,MS,XP,,,
2026-03-31T00:43:10.923Z,market,trade,TESTE,100148.66159995849,183,,,,JPM,ITAU,,,
2026-03-31T00:43:11.074Z,market,trade,TESTE,100156.89668484798,33,,,,GOLDM,CITI,,,
2026-03-31T00:43:11.225Z,market,trade,TESTE,100149.02699463817,79,,,,CS,BARCL,,,
2026-03-31T00:43:11.376Z,market,trade,TESTE,100161.48178658493,56,,,,JPM,MS,,,
2026-03-31T00:43:11.538Z,market,trade,TESTE,100160.19288257473,194,,,,JPM,ITAU,,,
2026-03-31T00:43:11.694Z,market,trade,TESTE,100160.63208123675,187,,,,CS,UBS,,,
2026-03-31T00:43:11.859Z,market,trade,TESTE,100146.62411662481,143,,,,CS,XP,,,
2026-03-31T00:43:12.025Z,market,trade,TESTE,100142.23356254627,70,,,,XP,CITI,,,
2026-03-31T00:43:12.176Z,market,trade,TESTE,100150.04905076038,48,,,,BARCL,XP,,,
2026-03-31T00:43:12.338Z,market,trade,TESTE,100139.41907154792,38,,,,GOLDM,XP,,,
2026-03-31T00:43:12.490Z,market,trade,TESTE,100152.1477729894,71,,,,JPM,MS,,,
2026-03-31T00:43:12.641Z,market,trade,TESTE,100140.68778294386,33,,,,UBS,MS,,,
2026-03-31T00:43:12.792Z,market,trade,TESTE,100139.57020263893,51,,,,CITI,BARCL,,,
2026-03-31T00:43:12.955Z,market,trade,TESTE,100149.7141406167,84,,,,JPM,MS,,,
2026-03-31T00:43:13.111Z,market,trade,TESTE,100147.00987983313,73,,,,UBS,MS,,,
2026-03-31T00:43:13.273Z,market,trade,TESTE,100146.49053894586,41,,,,JPM,BARCL,,,
2026-03-31T00:43:13.425Z,market,trade,TESTE,100141.25147278333,141,,,,XP,UBS,,,
2026-03-31T00:43:13.576Z,market,trade,TESTE,100153.95316675167,112,,,,ITAU,CITI,,,
2026-03-31T00:43:13.742Z,market,trade,TESTE,100139.99109882671,66,,,,MS,MS,,,
2026-03-31T00:43:13.907Z,market,trade,TESTE,100146.57407671522,97,,,,GOLDM,BARCL,,,
2026-03-31T00:43:14.058Z,market,trade,TESTE,100143.44716989026,179,,,,BTG,JPM,,,
2026-03-31T00:43:14.208Z,market,trade,TESTE,100145.61126980624,182,,,,CITI,UBS,,,
2026-03-31T00:43:14.360Z,market,trade,TESTE,100146.9679241335,43,,,,GOLDM,BTG,,,
2026-03-31T00:43:14.522Z,market,trade,TESTE,100132.80757691915,41,,,,BARCL,BTG,,,
2026-03-31T00:43:14.674Z,market,trade,TESTE,100131.81081847206,90,,,,ITAU,JPM,,,
2026-03-31T00:43:14.825Z,market,trade,TESTE,100137.7348142833,25,,,,UBS,MS,,,
2026-03-31T00:43:14.976Z,market,trade,TESTE,100136.84791027199,198,,,,UBS,CITI,,,
2026-03-31T00:43:15.139Z,market,trade,TESTE,100136.92102776887,75,,,,ITAU,BARCL,,,
2026-03-31T00:43:15.290Z,market,trade,TESTE,100135.36971413181,148,,,,CITI,XP,,,
2026-03-31T00:43:15.442Z,market,trade,TESTE,100135.46136809628,95,,,,XP,XP,,,
2026-03-31T00:43:15.608Z,market,trade,TESTE,100124.67756587085,141,,,,CITI,BTG,,,
2026-03-31T00:43:15.759Z,market,trade,TESTE,100133.11060776959,109,,,,JPM,BTG,,,
2026-03-31T00:43:15.909Z,market,trade,TESTE,100136.68515629655,163,,,,BARCL,MS,,,
2026-03-31T00:43:16.073Z,market,trade,TESTE,100129.65119580968,199,,,,XP,BARCL,,,
2026-03-31T00:43:16.225Z,market,trade,TESTE,100131.01336012033,96,,,,CS,ITAU,,,
2026-03-31T00:43:16.376Z,market,trade,TESTE,100127.67551532452,114,,,,UBS,XP,,,
2026-03-31T00:43:16.542Z,market,trade,TESTE,100137.7790147763,164,,,,GOLDM,BARCL,,,
2026-03-31T00:43:16.693Z,market,trade,TESTE,100141.1365841472,96,,,,GOLDM,MS,,,
2026-03-31T00:43:16.857Z,market,trade,TESTE,100142.08470641643,20,,,,CS,UBS,,,
2026-03-31T00:43:17.010Z,market,trade,TESTE,100128.15496968475,30,,,,GOLDM,CS,,,
2026-03-31T00:43:17.161Z,market,trade,TESTE,100136.04330591242,14,,,,CS,BTG,,,
2026-03-31T00:43:17.322Z,market,trade,TESTE,100123.51340054753,44,,,,BTG,MS,,,
2026-03-31T00:43:17.473Z,market,trade,TESTE,100124.7459462567,132,,,,UBS,GOLDM,,,
2026-03-31T00:43:17.625Z,market,trade,TESTE,100121.2424575129,173,,,,BARCL,ITAU,,,
2026-03-31T00:43:17.776Z,market,trade,TESTE,100134.2860895921,83,,,,UBS,GOLDM,,,
2026-03-31T00:43:17.929Z,market,trade,TESTE,100120.13798453717,174,,,,ITAU,XP,,,
2026-03-31T00:43:18.091Z,market,trade,TESTE,100119.46889718006,115,,,,UBS,XP,,,
2026-03-31T00:43:18.241Z,market,trade,TESTE,100121.91132302661,36,,,,XP,GOLDM,,,
2026-03-31T00:43:18.393Z,market,trade,TESTE,100117.8079438796,175,,,,BARCL,CS,,,
2026-03-31T00:43:18.556Z,market,trade,TESTE,100121.57019244296,133,,,,XP,GOLDM,,,
2026-03-31T00:43:18.710Z,market,trade,TESTE,100119.27729635655,116,,,,JPM,GOLDM,,,
2026-03-31T00:43:18.873Z,market,trade,TESTE,100116.0588700944,172,,,,UBS,BARCL,,,
2026-03-31T00:43:19.025Z,market,trade,TESTE,100116.5990031605,111,,,,ITAU,ITAU,,,
2026-03-31T00:43:19.176Z,market,trade,TESTE,100130.90957126436,84,,,,MS,CITI,,,
2026-03-31T00:43:19.337Z,market,trade,TESTE,100118.04201673114,92,,,,CS,CITI,,,
2026-03-31T00:43:19.489Z,market,trade,TESTE,100117.12040928447,166,,,,UBS,XP,,,
2026-03-31T00:43:19.642Z,market,trade,TESTE,100116.84613342778,10,,,,GOLDM,MS,,,
2026-03-31T00:43:19.793Z,market,trade,TESTE,100121.13577990449,49,,,,BTG,XP,,,
2026-03-31T00:43:19.943Z,market,trade,TESTE,100127.03286740351,40,,,,MS,GOLDM,,,
2026-03-31T00:43:20.105Z,market,trade,TESTE,100112.95783315593,142,,,,BTG,GOLDM,,,
2026-03-31T00:43:20.257Z,market,trade,TESTE,100124.65316468301,36,,,,CS,GOLDM,,,
2026-03-31T00:43:20.408Z,market,trade,TESTE,100121.46458190528,108,,,,BARCL,JPM,,,
2026-03-31T00:43:20.561Z,market,trade,TESTE,100119.854074871,136,,,,BARCL,JPM,,,
2026-03-31T00:43:20.725Z,market,trade,TESTE,100105.63849102192,18,,,,XP,ITAU,,,
2026-03-31T00:43:20.889Z,market,trade,TESTE,100118.23581462976,65,,,,BARCL,JPM,,,
2026-03-31T00:43:21.042Z,market,trade,TESTE,100111.94851049104,113,,,,JPM,JPM,,,
2026-03-31T00:43:21.193Z,market,trade,TESTE,100107.6190833718,68,,,,BTG,MS,,,
2026-03-31T00:43:21.355Z,market,trade,TESTE,100118.00478433286,23,,,,CS,CS,,,
2026-03-31T00:43:21.510Z,market,trade,TESTE,100105.7495973355,24,,,,ITAU,CS,,,
2026-03-31T00:43:21.673Z,market,trade,TESTE,100114.52233815315,39,,,,BTG,XP,,,
2026-03-31T00:43:21.825Z,market,trade,TESTE,100102.32613549341,130,,,,JPM,GOLDM,,,
2026-03-31T00:43:21.976Z,market,trade,TESTE,100103.78042526613,159,,,,ITAU,XP,,,
2026-03-31T00:43:22.138Z,market,trade,TESTE,100110.81454233955,48,,,,XP,XP,,,
2026-03-31T00:43:22.289Z,market,trade,TESTE,100096.41145011577,149,,,,BTG,BTG,,,
2026-03-31T00:43:22.441Z,market,trade,TESTE,100092.54888275589,67,,,,MS,XP,,,
2026-03-31T00:43:22.591Z,market,trade,TESTE,100102.40698486962,131,,,,BARCL,BARCL,,,
2026-03-31T00:43:22.743Z,market,trade,TESTE,100100.64582521126,164,,,,MS,ITAU,,,
2026-03-31T00:43:22.905Z,market,trade,TESTE,100090.8782565764,163,,,,UBS,JPM,,,
2026-03-31T00:43:23.057Z,market,trade,TESTE,100101.3696387077,16,,,,XP,BARCL,,,
2026-03-31T00:43:23.208Z,market,trade,TESTE,100104.81836596869,150,,,,BARCL,CITI,,,
2026-03-31T00:43:23.361Z,market,trade,TESTE,100092.54452915025,38,,,,GOLDM,MS,,,
2026-03-31T00:43:23.524Z,market,trade,TESTE,100103.6347224628,40,,,,CS,MS,,,
2026-03-31T00:43:23.678Z,market,trade,TESTE,100095.92926370658,151,,,,MS,UBS,,,
2026-03-31T00:43:23.841Z,market,trade,TESTE,100099.07725343358,34,,,,ITAU,JPM,,,
2026-03-31T00:43:24.006Z,market,trade,TESTE,100106.76067894937,200,,,,BTG,ITAU,,,
2026-03-31T00:43:24.176Z,market,trade,TESTE,100111.3952969387,103,,,,GOLDM,CS,,,
2026-03-31T00:43:24.338Z,market,trade,TESTE,100104.97565509546,149,,,,UBS,UBS,,,
2026-03-31T00:43:24.489Z,market,trade,TESTE,100115.01437537023,64,,,,XP,XP,,,
2026-03-31T00:43:24.641Z,market,trade,TESTE,100119.82216746993,67,,,,BARCL,ITAU,,,
2026-03-31T00:43:24.792Z,market,trade,TESTE,100120.14537630326,44,,,,CITI,GOLDM,,,
2026-03-31T00:43:24.954Z,market,trade,TESTE,100114.19329695188,172,,,,MS,JPM,,,
2026-03-31T00:43:25.109Z,market,trade,TESTE,100126.40525435384,45,,,,JPM,CITI,,,
2026-03-31T00:43:25.273Z,market,trade,TESTE,100126.1775032434,109,,,,JPM,UBS,,,
2026-03-31T00:43:25.425Z,market,trade,TESTE,100125.63310767653,131,,,,BTG,BARCL,,,
2026-03-31T00:43:25.576Z,market,trade,TESTE,100112.36957438593,114,,,,XP,GOLDM,,,
2026-03-31T00:43:25.742Z,market,trade,TESTE,100121.4869116358,136,,,,BARCL,BTG,,,
2026-03-31T00:43:25.905Z,market,trade,TESTE,100111.39165664121,66,,,,JPM,MS,,,
2026-03-31T00:43:26.057Z,market,trade,TESTE,100113.80692853263,147,,,,BTG,JPM,,,
2026-03-31T00:43:26.208Z,market,trade,TESTE,100111.26015416799,28,,,,MS,JPM,,,
2026-03-31T00:43:26.360Z,market,trade,TESTE,100125.14122701848,102,,,,JPM,GOLDM,,,
2026-03-31T00:43:26.522Z,market,trade,TESTE,100120.92959886977,23,,,,BTG,CITI,,,
2026-03-31T00:43:26.674Z,market,trade,TESTE,100118.39666617941,80,,,,ITAU,MS,,,
2026-03-31T00:43:26.825Z,market,trade,TESTE,100111.17566721361,114,,,,GOLDM,GOLDM,,,
2026-03-31T00:43:26.990Z,market,trade,TESTE,100118.89597194958,106,,,,UBS,BARCL,,,
2026-03-31T00:43:27.155Z,market,trade,TESTE,100109.78204222303,152,,,,MS,CS,,,
2026-03-31T00:43:27.305Z,market,trade,TESTE,100124.14474769939,197,,,,XP,XP,,,
2026-03-31T00:43:27.457Z,market,trade,TESTE,100109.46654977529,78,,,,MS,BTG,,,
2026-03-31T00:43:27.609Z,market,trade,TESTE,100108.61073458513,40,,,,MS,CITI,,,
2026-03-31T00:43:27.761Z,market,trade,TESTE,100105.68077464808,170,,,,BTG,ITAU,,,
2026-03-31T00:43:27.922Z,market,trade,TESTE,100108.66416204249,162,,,,GOLDM,JPM,,,
2026-03-31T00:43:28.074Z,market,trade,TESTE,100104.69947508321,161,,,,XP,ITAU,,,
2026-03-31T00:43:28.224Z,market,trade,TESTE,100110.56384924873,101,,,,XP,CITI,,,
2026-03-31T00:43:28.376Z,market,trade,TESTE,100095.96063841193,110,,,,BTG,ITAU,,,
2026-03-31T00:43:28.541Z,market,trade,TESTE,100099.89015850391,32,,,,ITAU,UBS,,,
2026-03-31T00:43:28.694Z,market,trade,TESTE,100098.80187572794,110,,,,JPM,XP,,,
2026-03-31T00:43:28.857Z,market,trade,TESTE,100094.34978816325,183,,,,BTG,MS,,,
2026-03-31T00:43:29.007Z,market,trade,TESTE,100101.40234365233,62,,,,GOLDM,GOLDM,,,
2026-03-31T00:43:29.160Z,market,trade,TESTE,100087.28889563095,78,,,,BTG,ITAU,,,
2026-03-31T00:43:29.321Z,market,trade,TESTE,100094.51054731944,175,,,,ITAU,XP,,,
2026-03-31T00:43:29.473Z,market,trade,TESTE,100086.53699905313,35,,,,CS,JPM,,,
2026-03-31T00:43:29.625Z,market,trade,TESTE,100086.39136938062,125,,,,GOLDM,CS,,,
2026-03-31T00:43:29.776Z,market,trade,TESTE,100082.6798404377,68,,,,JPM,XP,,,
2026-03-31T00:43:29.928Z,market,trade,TESTE,100078.29773062324,113,,,,JPM,JPM,,,
2026-03-31T00:43:30.093Z,market,trade,TESTE,100081.2261340105,157,,,,BTG,JPM,,,
2026-03-31T00:43:30.258Z,market,trade,TESTE,100088.478350723,113,,,,BTG,BARCL,,,
2026-03-31T00:43:30.409Z,market,trade,TESTE,100074.54796890389,48,,,,GOLDM,ITAU,,,
2026-03-31T00:43:30.561Z,market,trade,TESTE,100080.00324655478,47,,,,ITAU,JPM,,,
2026-03-31T00:43:30.724Z,market,trade,TESTE,100066.53823526812,174,,,,BARCL,JPM,,,
2026-03-31T00:43:30.889Z,market,trade,TESTE,100062.95250506667,119,,,,GOLDM,UBS,,,
2026-03-31T00:43:31.041Z,market,trade,TESTE,100062.96933955514,50,,,,GOLDM,CITI,,,
2026-03-31T00:43:31.192Z,market,trade,TESTE,100063.64034427139,86,,,,ITAU,CITI,,,
2026-03-31T00:43:31.355Z,market,trade,TESTE,100060.03500298814,42,,,,JPM,UBS,,,
2026-03-31T00:43:31.506Z,market,trade,TESTE,100055.0722368892,163,,,,GOLDM,BTG,,,
2026-03-31T00:43:31.658Z,market,trade,TESTE,100050.40336784693,18,,,,CS,GOLDM,,,
2026-03-31T00:43:31.809Z,market,trade,TESTE,100048.56830041691,85,,,,CITI,ITAU,,,
2026-03-31T00:43:31.961Z,market,trade,TESTE,100056.99551467618,17,,,,UBS,CITI,,,
2026-03-31T00:43:32.123Z,market,trade,TESTE,100048.69817560626,92,,,,MS,XP,,,
2026-03-31T00:43:32.278Z,market,trade,TESTE,100049.61071082899,179,,,,CS,ITAU,,,
2026-03-31T00:43:32.441Z,market,trade,TESTE,100058.16982608764,93,,,,BARCL,UBS,,,
2026-03-31T00:43:32.592Z,market,trade,TESTE,100050.77529743552,177,,,,JPM,JPM,,,
2026-03-31T00:43:32.758Z,market,trade,TESTE,100057.40215963528,177,,,,ITAU,CITI,,,
2026-03-31T00:43:32.921Z,market,trade,TESTE,100050.50965725411,101,,,,MS,BARCL,,,
2026-03-31T00:43:33.075Z,market,trade,TESTE,100060.58537866632,74,,,,BTG,ITAU,,,
2026-03-31T00:43:33.241Z,market,trade,TESTE,100063.70775140093,179,,,,GOLDM,GOLDM,,,
2026-03-31T00:43:33.392Z,market,trade,TESTE,100064.85899927253,152,,,,ITAU,GOLDM,,,
2026-03-31T00:43:33.543Z,market,trade,TESTE,100068.18671712076,55,,,,MS,GOLDM,,,
2026-03-31T00:43:33.708Z,market,trade,TESTE,100056.79335651435,161,,,,XP,UBS,,,
2026-03-31T00:43:33.873Z,market,trade,TESTE,100052.96610141675,50,,,,CS,BTG,,,
2026-03-31T00:43:34.025Z,market,trade,TESTE,100048.58734619178,99,,,,CS,XP,,,
2026-03-31T00:43:34.176Z,market,trade,TESTE,100047.36098906897,175,,,,UBS,CITI,,,
2026-03-31T00:43:34.338Z,market,trade,TESTE,100047.45673352294,67,,,,ITAU,BARCL,,,
2026-03-31T00:43:34.489Z,market,trade,TESTE,100051.3318107314,115,,,,UBS,ITAU,,,
2026-03-31T00:43:34.641Z,market,trade,TESTE,100057.56942912134,6,,,,BARCL,CS,,,
2026-03-31T00:43:34.793Z,market,trade,TESTE,100045.65569627471,134,,,,CITI,GOLDM,,,
2026-03-31T00:43:34.955Z,market,trade,TESTE,100043.30347290286,174,,,,GOLDM,GOLDM,,,
2026-03-31T00:43:35.108Z,market,trade,TESTE,100043.45245008892,108,,,,MS,BTG,,,
2026-03-31T00:43:35.274Z,market,trade,TESTE,100043.45306245591,200,,,,XP,XP,,,
2026-03-31T00:43:35.425Z,market,trade,TESTE,100045.49780397744,121,,,,GOLDM,JPM,,,
2026-03-31T00:43:35.575Z,market,trade,TESTE,100047.24030072792,141,,,,XP,CS,,,
2026-03-31T00:43:35.726Z,market,trade,TESTE,100061.03178159142,64,,,,GOLDM,BARCL,,,
2026-03-31T00:43:35.888Z,market,trade,TESTE,100059.06234528605,24,,,,BTG,JPM,,,
2026-03-31T00:43:36.042Z,market,trade,TESTE,100060.64543421923,57,,,,CS,GOLDM,,,
2026-03-31T00:43:36.193Z,market,trade,TESTE,100057.62965473149,139,,,,XP,JPM,,,
2026-03-31T00:43:36.355Z,market,trade,TESTE,100046.6684669041,41,,,,MS,GOLDM,,,
2026-03-31T00:43:36.505Z,market,trade,TESTE,100054.50824731326,189,,,,BARCL,BARCL,,,
2026-03-31T00:43:36.657Z,market,trade,TESTE,100050.83490718078,188,,,,GOLDM,MS,,,
2026-03-31T00:43:36.809Z,market,trade,TESTE,100037.53975616148,156,,,,ITAU,XP,,,
2026-03-31T00:43:36.961Z,market,trade,TESTE,100042.14257321577,116,,,,XP,BARCL,,,
2026-03-31T00:43:37.127Z,market,trade,TESTE,100038.10230079392,129,,,,BTG,GOLDM,,,
2026-03-31T00:43:37.289Z,market,trade,TESTE,100045.08666502999,13,,,,BARCL,MS,,,
2026-03-31T00:43:37.442Z,market,trade,TESTE,100035.86766125297,21,,,,MS,UBS,,,
2026-03-31T00:43:37.592Z,market,trade,TESTE,100050.1312707968,53,,,,BARCL,GOLDM,,,
2026-03-31T00:43:37.758Z,market,trade,TESTE,100050.7002933822,30,,,,BARCL,CITI,,,
2026-03-31T00:43:37.924Z,market,trade,TESTE,100055.02488966036,188,,,,ITAU,ITAU,,,
2026-03-31T00:43:38.076Z,market,trade,TESTE,100057.32548597975,84,,,,CS,CS,,,
2026-03-31T00:43:38.241Z,market,trade,TESTE,100061.09561319622,180,,,,BARCL,CS,,,
2026-03-31T00:43:38.393Z,market,trade,TESTE,100048.82519302562,96,,,,XP,GOLDM,,,
2026-03-31T00:43:38.555Z,market,trade,TESTE,100058.38250644354,13,,,,CS,XP,,,
2026-03-31T00:43:38.709Z,market,trade,TESTE,100048.07036055012,167,,,,UBS,JPM,,,
2026-03-31T00:43:38.873Z,market,trade,TESTE,100045.78850846863,18,,,,CS,CITI,,,
2026-03-31T00:43:39.025Z,market,trade,TESTE,100042.11862349807,107,,,,BTG,MS,,,
2026-03-31T00:43:39.176Z,market,trade,TESTE,100050.40564893058,155,,,,CITI,MS,,,
2026-03-31T00:43:39.339Z,market,trade,TESTE,100048.12189998699,153,,,,XP,MS,,,
2026-03-31T00:43:39.494Z,market,trade,TESTE,100036.13299247876,116,,,,ITAU,JPM,,,
2026-03-31T00:43:39.658Z,market,trade,TESTE,100041.15388641263,22,,,,XP,UBS,,,
2026-03-31T00:43:39.808Z,market,trade,TESTE,100038.10660648042,119,,,,ITAU,ITAU,,,
2026-03-31T00:43:39.959Z,market,trade,TESTE,100035.63698298807,84,,,,XP,BARCL,,,
2026-03-31T00:43:40.110Z,market,trade,TESTE,100025.56881769326,97,,,,JPM,BTG,,,
2026-03-31T00:43:40.273Z,market,trade,TESTE,100030.22479353611,145,,,,MS,CITI,,,
2026-03-31T00:43:40.425Z,market,trade,TESTE,100044.56386843328,186,,,,BTG,GOLDM,,,
2026-03-31T00:43:40.576Z,market,trade,TESTE,100034.94824429914,153,,,,CITI,BARCL,,,
2026-03-31T00:43:40.726Z,market,trade,TESTE,100031.08327816098,137,,,,XP,ITAU,,,
2026-03-31T00:43:40.889Z,market,trade,TESTE,100027.9386109102,96,,,,GOLDM,BARCL,,,
2026-03-31T00:43:41.041Z,market,trade,TESTE,100033.01059549174,170,,,,JPM,BTG,,,
2026-03-31T00:43:41.192Z,market,trade,TESTE,100032.80917130741,20,,,,CS,BARCL,,,
2026-03-31T00:43:41.355Z,market,trade,TESTE,100032.78978371296,128,,,,GOLDM,BARCL,,,
2026-03-31T00:43:41.506Z,market,trade,TESTE,100022.78921615952,186,,,,UBS,CS,,,
2026-03-31T00:43:41.673Z,market,trade,TESTE,100032.56779734082,36,,,,CITI,GOLDM,,,
2026-03-31T00:43:41.825Z,market,trade,TESTE,100029.98410945732,164,,,,BARCL,JPM,,,
2026-03-31T00:43:41.975Z,market,trade,TESTE,100024.77068178143,138,,,,GOLDM,CITI,,,
2026-03-31T00:43:42.141Z,market,trade,TESTE,100031.20652245835,166,,,,UBS,CITI,,,
2026-03-31T00:43:42.304Z,market,trade,TESTE,100026.24889311203,70,,,,GOLDM,MS,,,
2026-03-31T00:43:42.456Z,market,trade,TESTE,100027.95038846538,101,,,,BARCL,CS,,,
2026-03-31T00:43:42.609Z,market,trade,TESTE,100024.23044690782,131,,,,JPM,BARCL,,,
2026-03-31T00:43:42.761Z,market,trade,TESTE,100019.32690330328,103,,,,BTG,ITAU,,,
2026-03-31T00:43:42.921Z,market,trade,TESTE,100011.16071972808,81,,,,XP,XP,,,
2026-03-31T00:43:43.073Z,market,trade,TESTE,100024.02702736905,122,,,,BARCL,JPM,,,
2026-03-31T00:43:43.225Z,market,trade,TESTE,100013.3998443505,196,,,,GOLDM,CITI,,,
2026-03-31T00:43:43.376Z,market,trade,TESTE,100010.91847749421,135,,,,XP,ITAU,,,
2026-03-31T00:43:43.538Z,market,trade,TESTE,100006.49413852682,8,,,,BTG,MS,,,
2026-03-31T00:43:43.693Z,market,trade,TESTE,100002.83858702182,169,,,,ITAU,UBS,,,
2026-03-31T00:43:43.857Z,market,trade,TESTE,100008.86320961728,131,,,,BTG,ITAU,,,
2026-03-31T00:43:44.008Z,market,trade,TESTE,100001.94140419699,179,,,,ITAU,CS,,,
2026-03-31T00:43:44.159Z,market,trade,TESTE,100010.28513010811,173,,,,BTG,ITAU,,,
2026-03-31T00:43:44.309Z,market,trade,TESTE,100006.23106461635,91,,,,UBS,BTG,,,
2026-03-31T00:43:44.473Z,market,trade,TESTE,100000.84398107609,131,,,,BTG,GOLDM,,,
2026-03-31T00:43:44.625Z,market,trade,TESTE,100009.85560145072,111,,,,MS,BARCL,,,
2026-03-31T00:43:44.776Z,market,trade,TESTE,100001.77650110601,169,,,,BTG,JPM,,,
2026-03-31T00:43:44.937Z,market,trade,TESTE,100003.13782572403,191,,,,BARCL,UBS,,,
2026-03-31T00:43:45.089Z,market,trade,TESTE,100006.10661712581,47,,,,GOLDM,UBS,,,
2026-03-31T00:43:45.241Z,market,trade,TESTE,100004.94927588032,102,,,,GOLDM,GOLDM,,,
2026-03-31T00:43:45.391Z,market,trade,TESTE,100001.25109836605,43,,,,CS,UBS,,,
2026-03-31T00:43:45.542Z,market,trade,TESTE,100003.64959611562,66,,,,JPM,CITI,,,
2026-03-31T00:43:45.694Z,market,trade,TESTE,100007.47699009944,198,,,,MS,CITI,,,
2026-03-31T00:43:45.858Z,market,trade,TESTE,100010.30133454138,106,,,,CITI,GOLDM,,,
2026-03-31T00:43:46.008Z,market,trade,TESTE,100021.67586357251,89,,,,CITI,UBS,,,
2026-03-31T00:43:46.159Z,market,trade,TESTE,100014.8131616168,186,,,,UBS,MS,,,
2026-03-31T00:43:46.323Z,market,trade,TESTE,100011.08384389833,51,,,,JPM,BARCL,,,
2026-03-31T00:43:46.474Z,market,trade,TESTE,100011.49211234358,195,,,,UBS,CS,,,
2026-03-31T00:43:46.625Z,market,trade,TESTE,100018.69796050416,42,,,,XP,UBS,,,
2026-03-31T00:43:46.776Z,market,trade,TESTE,100006.84004590951,99,,,,ITAU,BTG,,,
2026-03-31T00:43:46.939Z,market,trade,TESTE,100002.51214386694,137,,,,CITI,BTG,,,
2026-03-31T00:43:47.089Z,market,trade,TESTE,100004.51141764871,72,,,,GOLDM,BTG,,,
2026-03-31T00:43:47.241Z,market,trade,TESTE,100013.0315530821,173,,,,BARCL,GOLDM,,,
2026-03-31T00:43:47.393Z,market,trade,TESTE,100005.38542361083,131,,,,GOLDM,GOLDM,,,
2026-03-31T00:43:47.555Z,market,trade,TESTE,100015.62812578227,43,,,,UBS,CITI,,,
2026-03-31T00:43:47.708Z,market,trade,TESTE,100009.4210519341,174,,,,BTG,CITI,,,
2026-03-31T00:43:47.874Z,market,trade,TESTE,100005.39880032235,37,,,,BARCL,CS,,,
2026-03-31T00:43:48.025Z,market,trade,TESTE,100007.01074654605,141,,,,MS,CITI,,,
2026-03-31T00:43:48.186Z,market,trade,TESTE,100015.32075923147,139,,,,CS,UBS,,,
2026-03-31T00:43:48.339Z,market,trade,TESTE,100006.14928459981,24,,,,GOLDM,ITAU,,,
2026-03-31T00:43:48.505Z,market,trade,TESTE,100017.76071771,124,,,,BARCL,BARCL,,,
2026-03-31T00:43:48.656Z,market,trade,TESTE,100003.06177241473,45,,,,JPM,BTG,,,
2026-03-31T00:43:48.809Z,market,trade,TESTE,100016.32686744288,196,,,,CITI,GOLDM,,,
2026-03-31T00:43:48.961Z,market,trade,TESTE,100017.67003303519,13,,,,CS,XP,,,
2026-03-31T00:43:49.112Z,market,trade,TESTE,100016.19940803526,135,,,,MS,UBS,,,
2026-03-31T00:43:49.273Z,market,trade,TESTE,100016.08785799838,85,,,,ITAU,CS,,,
2026-03-31T00:43:49.425Z,market,trade,TESTE,100015.73244904113,154,,,,JPM,GOLDM,,,
2026-03-31T00:43:49.576Z,market,trade,TESTE,100018.47867714275,147,,,,CITI,BTG,,,
2026-03-31T00:43:49.727Z,market,trade,TESTE,100005.0290337396,142,,,,XP,XP,,,
2026-03-31T00:43:49.888Z,market,trade,TESTE,100005.85271966494,123,,,,JPM,MS,,,
2026-03-31T00:43:50.040Z,market,trade,TESTE,100004.9034750258,112,,,,JPM,CITI,,,
2026-03-31T00:43:50.192Z,market,trade,TESTE,100007.63800656171,196,,,,CITI,MS,,,
2026-03-31T00:43:50.345Z,market,trade,TESTE,100012.44288635418,198,,,,BARCL,GOLDM,,,
2026-03-31T00:43:50.505Z,market,trade,TESTE,100014.96668438337,29,,,,XP,GOLDM,,,
2026-03-31T00:43:50.658Z,market,trade,TESTE,100026.62606139503,35,,,,ITAU,MS,,,
2026-03-31T00:43:50.809Z,market,trade,TESTE,100014.82427772264,76,,,,XP,XP,,,
2026-03-31T00:43:50.960Z,market,trade,TESTE,100021.02755478682,41,,,,MS,CITI,,,
2026-03-31T00:43:51.121Z,market,trade,TESTE,100021.67627488243,144,,,,CS,CS,,,
2026-03-31T00:43:51.275Z,market,trade,TESTE,100026.08803310529,52,,,,ITAU,XP,,,
2026-03-31T00:43:51.441Z,market,trade,TESTE,100013.57119561751,137,,,,XP,CS,,,
2026-03-31T00:43:51.593Z,market,trade,TESTE,100021.2095449352,79,,,,GOLDM,GOLDM,,,
2026-03-31T00:43:51.758Z,market,trade,TESTE,100007.16504904188,59,,,,ITAU,BTG,,,
2026-03-31T00:43:51.922Z,market,trade,TESTE,100014.013820443,144,,,,BTG,MS,,,
2026-03-31T00:43:52.073Z,market,trade,TESTE,100011.11191842669,99,,,,GOLDM,BTG,,,
2026-03-31T00:43:52.225Z,market,trade,TESTE,100000.28029955225,115,,,,BTG,UBS,,,
2026-03-31T00:43:52.376Z,market,trade,TESTE,100010.66336019391,7,,,,GOLDM,ITAU,,,
2026-03-31T00:43:52.539Z,market,trade,TESTE,100003.43070374794,178,,,,JPM,ITAU,,,
2026-03-31T00:43:52.693Z,market,trade,TESTE,100014.67999850921,33,,,,MS,BARCL,,,
2026-03-31T00:43:52.858Z,market,trade,TESTE,100006.82387655391,6,,,,GOLDM,CITI,,,
2026-03-31T00:43:53.008Z,market,trade,TESTE,100014.90409691066,11,,,,MS,BTG,,,
2026-03-31T00:43:53.160Z,market,trade,TESTE,100016.82827726162,28,,,,CITI,GOLDM,,,
2026-03-31T00:43:53.322Z,market,trade,TESTE,100020.12140538069,99,,,,XP,XP,,,
2026-03-31T00:43:53.473Z,market,trade,TESTE,100011.85772994466,21,,,,BARCL,XP,,,
2026-03-31T00:43:53.625Z,market,trade,TESTE,100022.27834129534,87,,,,MS,UBS,,,
2026-03-31T00:43:53.776Z,market,trade,TESTE,100024.26589316326,64,,,,XP,CS,,,
2026-03-31T00:43:53.929Z,market,trade,TESTE,100026.89703150348,100,,,,BTG,MS,,,
2026-03-31T00:43:54.089Z,market,trade,TESTE,100030.22969659175,190,,,,JPM,CITI,,,
2026-03-31T00:43:54.242Z,market,trade,TESTE,100026.64219785237,30,,,,MS,BARCL,,,
2026-03-31T00:43:54.407Z,market,trade,TESTE,100026.2402958809,87,,,,BARCL,CS,,,
2026-03-31T00:43:54.561Z,market,trade,TESTE,100031.1421150218,98,,,,MS,UBS,,,
2026-03-31T00:43:54.725Z,market,trade,TESTE,100035.25867072429,53,,,,CS,UBS,,,
2026-03-31T00:43:54.889Z,market,trade,TESTE,100023.51780726011,170,,,,BARCL,CS,,,
2026-03-31T00:43:55.040Z,market,trade,TESTE,100019.14794075338,103,,,,BARCL,BTG,,,
2026-03-31T00:43:55.193Z,market,trade,TESTE,100032.69458053783,21,,,,CITI,BARCL,,,
2026-03-31T00:43:55.355Z,market,trade,TESTE,100037.3221027307,135,,,,BARCL,BTG,,,
2026-03-31T00:43:55.522Z,market,trade,TESTE,100022.55754493477,43,,,,BARCL,CS,,,
2026-03-31T00:43:55.673Z,market,trade,TESTE,100032.75903227672,47,,,,ITAU,ITAU,,,
2026-03-31T00:43:55.825Z,market,trade,TESTE,100022.42123634288,186,,,,BTG,GOLDM,,,
2026-03-31T00:43:55.976Z,market,trade,TESTE,100033.45419996175,111,,,,CITI,CS,,,
2026-03-31T00:43:56.136Z,market,trade,TESTE,100031.3044144054,81,,,,ITAU,CS,,,
2026-03-31T00:43:56.293Z,market,trade,TESTE,100034.43229034755,183,,,,CS,UBS,,,
2026-03-31T00:43:56.456Z,market,trade,TESTE,100029.13635615206,75,,,,ITAU,UBS,,,
2026-03-31T00:43:56.609Z,market,trade,TESTE,100041.75508002182,138,,,,BARCL,MS,,,
2026-03-31T00:43:56.759Z,market,trade,TESTE,100029.76118952477,114,,,,GOLDM,CITI,,,
2026-03-31T00:43:56.910Z,market,trade,TESTE,100036.29903982209,198,,,,GOLDM,CITI,,,
2026-03-31T00:43:57.075Z,market,trade,TESTE,100021.42100963031,37,,,,UBS,UBS,,,
2026-03-31T00:43:57.226Z,market,trade,TESTE,100032.76518113495,51,,,,MS,JPM,,,
2026-03-31T00:43:57.391Z,market,trade,TESTE,100037.53880600655,107,,,,BTG,GOLDM,,,
2026-03-31T00:43:57.543Z,market,trade,TESTE,100037.10900262855,29,,,,UBS,BTG,,,
2026-03-31T00:43:57.693Z,market,trade,TESTE,100033.15486574608,40,,,,UBS,GOLDM,,,
2026-03-31T00:43:57.844Z,market,trade,TESTE,100029.62530516989,6,,,,BARCL,XP,,,
2026-03-31T00:43:58.008Z,market,trade,TESTE,100028.36992045274,195,,,,UBS,JPM,,,
2026-03-31T00:43:58.159Z,market,trade,TESTE,100031.66598230283,58,,,,UBS,BTG,,,
2026-03-31T00:43:58.325Z,market,trade,TESTE,100031.08841373373,33,,,,XP,JPM,,,
2026-03-31T00:43:58.476Z,market,trade,TESTE,100025.44654085797,47,,,,UBS,MS,,,
2026-03-31T00:43:58.640Z,market,trade,TESTE,100022.76208807142,37,,,,BTG,CS,,,
2026-03-31T00:43:58.792Z,market,trade,TESTE,100035.2501188636,121,,,,JPM,BARCL,,,
2026-03-31T00:43:58.943Z,market,trade,TESTE,100026.42627987303,181,,,,UBS,BTG,,,
2026-03-31T00:43:59.093Z,market,trade,TESTE,100032.71279749021,160,,,,ITAU,BTG,,,
2026-03-31T00:43:59.246Z,market,trade,TESTE,100037.17941689692,20,,,,BTG,BTG,,,
2026-03-31T00:43:59.397Z,market,trade,TESTE,100028.83033633398,130,,,,BARCL,BTG,,,
2026-03-31T00:43:59.559Z,market,trade,TESTE,100029.65653546902,54,,,,CS,CS,,,
2026-03-31T00:43:59.714Z,market,trade,TESTE,100041.22664117347,110,,,,ITAU,CS,,,
2026-03-31T00:43:59.878Z,market,trade,TESTE,100037.16200015109,129,,,,BTG,BARCL,,,
2026-03-31T00:44:00.035Z,market,trade,TESTE,100038.1122804043,58,,,,UBS,BARCL,,,
2026-03-31T00:44:00.193Z,market,trade,TESTE,100030.92595930868,199,,,,CITI,MS,,,
2026-03-31T00:44:00.357Z,market,trade,TESTE,100044.1237901356,183,,,,UBS,ITAU,,,
2026-03-31T00:44:00.508Z,market,trade,TESTE,100036.17446042744,77,,,,CITI,CITI,,,
2026-03-31T00:44:00.659Z,market,trade,TESTE,100033.15592553595,200,,,,GOLDM,XP,,,
2026-03-31T00:44:00.823Z,market,trade,TESTE,100042.12150543515,174,,,,UBS,CS,,,
2026-03-31T00:44:00.984Z,market,trade,TESTE,100042.44062692176,27,,,,ITAU,BARCL,,,
2026-03-31T00:44:01.143Z,market,trade,TESTE,100036.53725223373,190,,,,XP,MS,,,
2026-03-31T00:44:01.309Z,market,trade,TESTE,100047.52671261822,19,,,,BTG,MS,,,
2026-03-31T00:44:01.475Z,market,trade,TESTE,100045.5386314657,141,,,,CS,JPM,,,
2026-03-31T00:44:01.633Z,market,trade,TESTE,100050.00721424108,158,,,,CS,XP,,,
2026-03-31T00:44:01.791Z,market,trade,TESTE,100043.98426542169,59,,,,ITAU,CS,,,
2026-03-31T00:44:01.943Z,market,trade,TESTE,100042.54866580285,123,,,,JPM,MS,,,
2026-03-31T00:44:02.098Z,market,trade,TESTE,100038.17931942739,81,,,,BARCL,MS,,,
2026-03-31T00:44:02.248Z,market,trade,TESTE,100044.35038766311,75,,,,JPM,JPM,,,
2026-03-31T00:44:02.407Z,market,trade,TESTE,100031.39635630067,68,,,,MS,CITI,,,
2026-03-31T00:44:02.568Z,market,trade,TESTE,100042.0780187195,86,,,,ITAU,CITI,,,
2026-03-31T00:44:02.725Z,market,trade,TESTE,100028.43954015058,199,,,,UBS,CS,,,
2026-03-31T00:44:02.889Z,market,trade,TESTE,100030.59734637791,73,,,,BARCL,XP,,,
2026-03-31T00:44:03.055Z,market,trade,TESTE,100034.58442405083,152,,,,GOLDM,BTG,,,
2026-03-31T00:44:03.206Z,market,trade,TESTE,100034.5424406341,84,,,,BTG,CS,,,
2026-03-31T00:44:03.357Z,market,trade,TESTE,100032.51605156873,156,,,,CS,BARCL,,,
2026-03-31T00:44:03.508Z,market,trade,TESTE,100036.20169627656,34,,,,CS,XP,,,
2026-03-31T00:44:03.672Z,market,trade,TESTE,100045.02296001808,56,,,,JPM,BARCL,,,
2026-03-31T00:44:03.823Z,market,trade,TESTE,100043.00670399533,191,,,,JPM,BARCL,,,
2026-03-31T00:44:03.986Z,market,trade,TESTE,100044.23820554043,180,,,,MS,CS,,,
2026-03-31T00:44:04.138Z,market,trade,TESTE,100035.66668112895,163,,,,UBS,BTG,,,
2026-03-31T00:44:04.303Z,market,trade,TESTE,100048.2863117617,70,,,,XP,BARCL,,,
2026-03-31T00:44:04.455Z,market,trade,TESTE,100041.18946575967,52,,,,BARCL,MS,,,
2026-03-31T00:44:04.607Z,market,trade,TESTE,100050.34984597385,43,,,,JPM,GOLDM,,,
2026-03-31T00:44:04.760Z,market,trade,TESTE,100050.88356195536,111,,,,GOLDM,ITAU,,,
2026-03-31T00:44:04.919Z,market,trade,TESTE,100044.60757300326,47,,,,JPM,XP,,,
2026-03-31T00:44:05.073Z,market,trade,TESTE,100053.28375666277,43,,,,ITAU,ITAU,,,
2026-03-31T00:44:05.238Z,market,trade,TESTE,100048.02910766634,35,,,,BARCL,CITI,,,
2026-03-31T00:44:05.391Z,market,trade,TESTE,100049.46038440026,64,,,,MS,BTG,,,
2026-03-31T00:44:05.554Z,market,trade,TESTE,100053.78551235836,53,,,,UBS,ITAU,,,
2026-03-31T00:44:05.710Z,market,trade,TESTE,100063.94856240797,183,,,,CS,XP,,,
2026-03-31T00:44:05.871Z,market,trade,TESTE,100056.8890886881,74,,,,JPM,XP,,,
2026-03-31T00:44:06.037Z,market,trade,TESTE,100053.38322243778,37,,,,JPM,UBS,,,
2026-03-31T00:44:06.200Z,market,trade,TESTE,100061.85218628761,193,,,,GOLDM,BTG,,,
2026-03-31T00:44:06.358Z,market,trade,TESTE,100050.82366789147,54,,,,BTG,UBS,,,
2026-03-31T00:44:06.518Z,market,trade,TESTE,100053.25557538266,48,,,,BTG,BTG,,,
2026-03-31T00:44:06.673Z,market,trade,TESTE,100057.13038218782,196,,,,JPM,CITI,,,
2026-03-31T00:44:06.837Z,market,trade,TESTE,100054.86738950633,170,,,,JPM,CITI,,,
2026-03-31T00:44:06.988Z,market,trade,TESTE,100060.25001119066,120,,,,JPM,CS,,,
2026-03-31T00:44:07.141Z,market,trade,TESTE,100060.87898332316,70,,,,MS,ITAU,,,
2026-03-31T00:44:07.292Z,market,trade,TESTE,100064.42264694709,61,,,,BARCL,GOLDM,,,
2026-03-31T00:44:07.486Z,market,trade,TESTE,100062.83809477549,126,,,,ITAU,BARCL,,,
2026-03-31T00:44:07.642Z,market,trade,TESTE,100054.2668654263,189,,,,MS,XP,,,
2026-03-31T00:44:07.806Z,market,trade,TESTE,100062.89922037287,188,,,,CITI,GOLDM,,,
2026-03-31T00:44:07.972Z,market,trade,TESTE,100053.1303098538,159,,,,CS,JPM,,,
2026-03-31T00:44:08.161Z,market,trade,TESTE,100050.50284969057,34,,,,MS,CS,,,
2026-03-31T00:44:08.352Z,market,trade,TESTE,100064.5267673008,118,,,,CS,MS,,,
2026-03-31T00:44:08.506Z,market,trade,TESTE,100056.38558346295,147,,,,UBS,XP,,,
2026-03-31T00:44:08.683Z,market,trade,TESTE,100067.13892531468,78,,,,BTG,JPM,,,
2026-03-31T00:44:08.849Z,market,trade,TESTE,100067.60310543452,125,,,,CITI,JPM,,,
2026-03-31T00:44:09.007Z,market,trade,TESTE,100054.28097417162,53,,,,UBS,CS,,,
2026-03-31T00:44:09.187Z,market,trade,TESTE,100063.80733208671,178,,,,XP,JPM,,,
2026-03-31T00:44:09.351Z,market,trade,TESTE,100049.19937807773,51,,,,UBS,MS,,,
2026-03-31T00:44:09.511Z,market,trade,TESTE,100055.23254730884,98,,,,GOLDM,XP,,,
2026-03-31T00:44:09.679Z,market,trade,TESTE,100048.45139302517,180,,,,BARCL,CITI,,,
2026-03-31T00:44:09.847Z,market,trade,TESTE,100054.35956229923,158,,,,CITI,BTG,,,
2026-03-31T00:44:10.012Z,market,trade,TESTE,100045.8975645185,159,,,,UBS,BTG,,,
2026-03-31T00:44:10.178Z,market,trade,TESTE,100054.32841938351,184,,,,UBS,MS,,,
2026-03-31T00:44:10.346Z,market,trade,TESTE,100051.35772611147,24,,,,CITI,UBS,,,
2026-03-31T00:44:10.521Z,market,trade,TESTE,100054.4299979953,132,,,,JPM,MS,,,
2026-03-31T00:44:10.679Z,market,trade,TESTE,100045.85870166036,135,,,,GOLDM,ITAU,,,
2026-03-31T00:44:10.851Z,market,trade,TESTE,100047.87158920031,124,,,,UBS,CS,,,
2026-03-31T00:44:11.016Z,market,trade,TESTE,100056.86801925467,31,,,,BTG,BARCL,,,
2026-03-31T00:44:11.183Z,market,trade,TESTE,100044.3410592507,115,,,,CITI,MS,,,
2026-03-31T00:44:11.337Z,market,trade,TESTE,100047.27294337914,181,,,,GOLDM,CITI,,,
2026-03-31T00:44:11.488Z,market,trade,TESTE,100053.74768627691,118,,,,JPM,CS,,,
2026-03-31T00:44:11.639Z,market,trade,TESTE,100050.55179452624,24,,,,BARCL,CITI,,,
2026-03-31T00:44:11.791Z,market,trade,TESTE,100049.65455549855,125,,,,CS,MS,,,
2026-03-31T00:44:11.957Z,market,trade,TESTE,100036.34326393955,169,,,,BTG,JPM,,,
2026-03-31T00:44:12.123Z,market,trade,TESTE,100031.39320414687,45,,,,CITI,BARCL,,,
2026-03-31T00:44:12.276Z,market,trade,TESTE,100037.9352863968,24,,,,BTG,ITAU,,,
2026-03-31T00:44:12.441Z,market,trade,TESTE,100034.19886491292,91,,,,BARCL,GOLDM,,,
2026-03-31T00:44:12.605Z,market,trade,TESTE,100025.68993758503,27,,,,BTG,UBS,,,
2026-03-31T00:44:12.759Z,market,trade,TESTE,100023.17841271541,197,,,,MS,BTG,,,
2026-03-31T00:44:12.920Z,market,trade,TESTE,100019.78626878273,188,,,,BARCL,JPM,,,
2026-03-31T00:44:13.072Z,market,trade,TESTE,100028.30553683308,139,,,,UBS,UBS,,,
2026-03-31T00:44:13.223Z,market,trade,TESTE,100024.24413522717,44,,,,JPM,BTG,,,
2026-03-31T00:44:13.388Z,market,trade,TESTE,100017.92322117584,17,,,,BTG,BTG,,,
2026-03-31T00:44:13.553Z,market,trade,TESTE,100024.98828367156,86,,,,BTG,XP,,,
2026-03-31T00:44:13.707Z,market,trade,TESTE,100023.92178670649,81,,,,GOLDM,UBS,,,
2026-03-31T00:44:13.872Z,market,trade,TESTE,100015.37103803857,63,,,,GOLDM,CS,,,
2026-03-31T00:44:14.025Z,market,trade,TESTE,100028.41642598867,196,,,,UBS,BARCL,,,
2026-03-31T00:44:14.187Z,market,trade,TESTE,100020.955642224,85,,,,JPM,BTG,,,
2026-03-31T00:44:14.342Z,market,trade,TESTE,100029.67342399545,47,,,,BARCL,CITI,,,
2026-03-31T00:44:14.493Z,market,trade,TESTE,100016.03676296966,97,,,,BTG,MS,,,
2026-03-31T00:44:14.655Z,market,trade,TESTE,100018.64600549292,27,,,,XP,UBS,,,
2026-03-31T00:44:14.806Z,market,trade,TESTE,100032.12883552385,175,,,,CITI,GOLDM,,,
2026-03-31T00:44:14.970Z,market,trade,TESTE,100017.25392176685,72,,,,BARCL,JPM,,,
2026-03-31T00:44:15.123Z,market,trade,TESTE,100028.82785812183,151,,,,BTG,ITAU,,,
2026-03-31T00:44:15.273Z,market,trade,TESTE,100016.08181586568,61,,,,XP,GOLDM,,,
2026-03-31T00:44:15.424Z,market,trade,TESTE,100020.62713195164,108,,,,GOLDM,CITI,,,
2026-03-31T00:44:15.575Z,market,trade,TESTE,100026.46089175408,55,,,,MS,CITI,,,
2026-03-31T00:44:15.742Z,market,trade,TESTE,100022.57677138977,175,,,,GOLDM,GOLDM,,,
2026-03-31T00:44:15.905Z,market,trade,TESTE,100017.2509058337,56,,,,ITAU,BARCL,,,
2026-03-31T00:44:16.056Z,market,trade,TESTE,100015.89781356188,21,,,,CITI,XP,,,
2026-03-31T00:44:16.221Z,market,trade,TESTE,100017.97936019843,140,,,,ITAU,XP,,,
2026-03-31T00:44:16.373Z,market,trade,TESTE,100020.8305164732,121,,,,XP,JPM,,,
2026-03-31T00:44:16.524Z,market,trade,TESTE,100015.84788785392,85,,,,BTG,BTG,,,
2026-03-31T00:44:16.675Z,market,trade,TESTE,100021.79762061544,22,,,,UBS,XP,,,
2026-03-31T00:44:16.838Z,market,trade,TESTE,100010.63003832646,33,,,,UBS,GOLDM,,,
2026-03-31T00:44:17.004Z,market,trade,TESTE,100013.18339921812,12,,,,ITAU,GOLDM,,,
2026-03-31T00:44:17.154Z,market,trade,TESTE,100009.7347683578,115,,,,UBS,CS,,,
2026-03-31T00:44:17.307Z,market,trade,TESTE,100015.04088132993,126,,,,BARCL,ITAU,,,
2026-03-31T00:44:17.458Z,market,trade,TESTE,100010.68649441305,56,,,,ITAU,JPM,,,
2026-03-31T00:44:17.622Z,market,trade,TESTE,100009.54837304137,87,,,,MS,ITAU,,,
2026-03-31T00:44:17.774Z,market,trade,TESTE,100014.21087990452,173,,,,JPM,GOLDM,,,
2026-03-31T00:44:17.926Z,market,trade,TESTE,100011.2533997999,166,,,,BTG,CITI,,,
2026-03-31T00:44:18.089Z,market,trade,TESTE,100010.65293267781,8,,,,JPM,ITAU,,,
2026-03-31T00:44:18.255Z,market,trade,TESTE,99999.01869450153,61,,,,MS,ITAU,,,
2026-03-31T00:44:18.420Z,market,trade,TESTE,99996.83934606457,183,,,,BTG,GOLDM,,,
2026-03-31T00:44:18.574Z,market,trade,TESTE,99996.0733417174,20,,,,BARCL,ITAU,,,
2026-03-31T00:44:18.742Z,market,trade,TESTE,99992.56587438588,188,,,,ITAU,ITAU,,,
2026-03-31T00:44:18.906Z,market,trade,TESTE,99991.27665799863,117,,,,MS,CITI,,,
2026-03-31T00:44:19.071Z,market,trade,TESTE,99996.04780854734,10,,,,XP,BARCL,,,
2026-03-31T00:44:19.222Z,market,trade,TESTE,99999.99946182896,149,,,,XP,GOLDM,,,
2026-03-31T00:44:19.388Z,market,trade,TESTE,99996.29627377879,53,,,,ITAU,BTG,,,
2026-03-31T00:44:19.540Z,market,trade,TESTE,100001.5174271691,36,,,,MS,GOLDM,,,
2026-03-31T00:44:19.709Z,market,trade,TESTE,100005.82259818254,85,,,,JPM,XP,,,
2026-03-31T00:44:19.871Z,market,trade,TESTE,100001.90148826325,106,,,,ITAU,GOLDM,,,
2026-03-31T00:44:20.033Z,market,trade,TESTE,100002.57598342627,166,,,,GOLDM,JPM,,,
2026-03-31T00:44:20.191Z,market,trade,TESTE,100004.30311467675,43,,,,BARCL,BARCL,,,
2026-03-31T00:44:20.342Z,market,trade,TESTE,100007.27317682336,144,,,,XP,JPM,,,
2026-03-31T00:44:20.508Z,market,trade,TESTE,100009.97821207048,61,,,,UBS,CITI,,,
2026-03-31T00:44:20.670Z,market,trade,TESTE,100003.95165820335,12,,,,CITI,XP,,,
2026-03-31T00:44:20.822Z,market,trade,TESTE,100011.76204963471,74,,,,CITI,CS,,,
2026-03-31T00:44:20.973Z,market,trade,TESTE,99996.77877497862,130,,,,XP,ITAU,,,
2026-03-31T00:44:21.124Z,market,trade,TESTE,100011.14788757544,49,,,,JPM,MS,,,
2026-03-31T00:44:21.288Z,market,trade,TESTE,100009.93405761538,118,,,,XP,MS,,,
2026-03-31T00:44:21.440Z,market,trade,TESTE,100005.71981493071,15,,,,ITAU,JPM,,,
2026-03-31T00:44:21.605Z,market,trade,TESTE,100000.04704346636,79,,,,BARCL,BTG,,,
2026-03-31T00:44:21.758Z,market,trade,TESTE,100006.99910339803,143,,,,CITI,ITAU,,,
2026-03-31T00:44:21.922Z,market,trade,TESTE,100001.65851608063,114,,,,BARCL,JPM,,,
2026-03-31T00:44:22.075Z,market,trade,TESTE,99999.58715205392,130,,,,CS,ITAU,,,
2026-03-31T00:44:22.237Z,market,trade,TESTE,100010.72813409731,31,,,,MS,BARCL,,,
2026-03-31T00:44:22.402Z,market,trade,TESTE,100000.58334397132,81,,,,XP,JPM,,,
2026-03-31T00:44:22.556Z,market,trade,TESTE,100001.2743294918,52,,,,XP,CS,,,
2026-03-31T00:44:22.709Z,market,trade,TESTE,100010.61851339907,81,,,,BTG,JPM,,,
2026-03-31T00:44:22.872Z,market,trade,TESTE,100015.41881679506,112,,,,JPM,GOLDM,,,
2026-03-31T00:44:23.037Z,market,trade,TESTE,100005.88010404342,24,,,,XP,BTG,,,
2026-03-31T00:44:23.189Z,market,trade,TESTE,100018.54823725185,184,,,,CS,UBS,,,
2026-03-31T00:44:23.354Z,market,trade,TESTE,100022.50312289588,18,,,,XP,GOLDM,,,
2026-03-31T00:44:23.510Z,market,trade,TESTE,100016.11609328764,72,,,,JPM,CS,,,
2026-03-31T00:44:23.672Z,market,trade,TESTE,100029.99962913885,86,,,,CITI,BARCL,,,
2026-03-31T00:44:23.822Z,market,trade,TESTE,100025.92759033141,30,,,,MS,GOLDM,,,
2026-03-31T00:44:23.974Z,market,trade,TESTE,100029.33886590574,87,,,,JPM,XP,,,
2026-03-31T00:44:24.138Z,market,trade,TESTE,100022.11610890753,147,,,,XP,CITI,,,
2026-03-31T00:44:24.291Z,market,trade,TESTE,100023.18195710581,19,,,,BTG,CS,,,
2026-03-31T00:44:24.453Z,market,trade,TESTE,100028.11051371375,117,,,,CS,BTG,,,
2026-03-31T00:44:24.605Z,market,trade,TESTE,100029.83399836576,139,,,,BTG,MS,,,
2026-03-31T00:44:24.756Z,market,trade,TESTE,100039.73819297411,177,,,,JPM,BARCL,,,
2026-03-31T00:44:24.921Z,market,trade,TESTE,100035.65050761601,51,,,,ITAU,CS,,,
2026-03-31T00:44:25.072Z,market,trade,TESTE,100024.05737453204,177,,,,CS,ITAU,,,
2026-03-31T00:44:25.224Z,market,trade,TESTE,100022.82826218085,99,,,,XP,JPM,,,
2026-03-31T00:44:25.389Z,market,trade,TESTE,100028.21030246199,91,,,,ITAU,GOLDM,,,
2026-03-31T00:44:25.541Z,market,trade,TESTE,100014.25156563072,20,,,,CS,CITI,,,
2026-03-31T00:44:25.692Z,market,trade,TESTE,100027.40367499032,196,,,,BTG,BTG,,,
2026-03-31T00:44:25.843Z,market,trade,TESTE,100030.15948545712,98,,,,BARCL,BARCL,,,
2026-03-31T00:44:26.001Z,market,trade,TESTE,100026.79220574467,26,,,,CITI,CS,,,
2026-03-31T00:44:26.153Z,market,trade,TESTE,100017.94078000486,169,,,,GOLDM,MS,,,
2026-03-31T00:44:26.307Z,market,trade,TESTE,100013.71615514951,38,,,,BTG,JPM,,,
2026-03-31T00:44:26.459Z,market,trade,TESTE,100021.90191935639,78,,,,BARCL,GOLDM,,,
2026-03-31T00:44:26.622Z,market,trade,TESTE,100011.68793973861,16,,,,XP,XP,,,
2026-03-31T00:44:26.774Z,market,trade,TESTE,100023.93866622506,15,,,,ITAU,JPM,,,
2026-03-31T00:44:26.937Z,market,trade,TESTE,100018.4643003066,107,,,,CITI,BARCL,,,
2026-03-31T00:44:27.090Z,market,trade,TESTE,100029.41724134528,119,,,,MS,CITI,,,
2026-03-31T00:44:27.242Z,market,trade,TESTE,100028.26615401817,11,,,,GOLDM,ITAU,,,
2026-03-31T00:44:27.393Z,market,trade,TESTE,100031.35288282383,132,,,,CS,CS,,,
2026-03-31T00:44:27.558Z,market,trade,TESTE,100022.56710484285,130,,,,XP,XP,,,
2026-03-31T00:44:27.723Z,market,trade,TESTE,100028.96482325654,136,,,,CS,JPM,,,
2026-03-31T00:44:27.875Z,market,trade,TESTE,100016.14769235422,177,,,,UBS,XP,,,
2026-03-31T00:44:28.025Z,market,trade,TESTE,100017.46972140779,50,,,,GOLDM,GOLDM,,,
2026-03-31T00:44:28.188Z,market,trade,TESTE,100029.30703569131,71,,,,MS,BARCL,,,
2026-03-31T00:44:28.339Z,market,trade,TESTE,100028.6507693289,113,,,,UBS,XP,,,
2026-03-31T00:44:28.504Z,market,trade,TESTE,100019.28563903981,47,,,,GOLDM,UBS,,,
2026-03-31T00:44:28.669Z,market,trade,TESTE,100018.85805950504,61,,,,UBS,GOLDM,,,
2026-03-31T00:44:28.826Z,market,trade,TESTE,100021.38258397146,35,,,,ITAU,BARCL,,,
2026-03-31T00:44:28.989Z,market,trade,TESTE,100035.36840542809,44,,,,BTG,XP,,,
2026-03-31T00:44:29.152Z,market,trade,TESTE,100038.07894914881,144,,,,ITAU,MS,,,
2026-03-31T00:44:29.303Z,market,trade,TESTE,100024.68640339891,85,,,,BARCL,GOLDM,,,
2026-03-31T00:44:29.454Z,market,trade,TESTE,100037.77109847595,32,,,,UBS,MS,,,
2026-03-31T00:44:29.609Z,market,trade,TESTE,100027.69950490036,45,,,,UBS,CITI,,,
2026-03-31T00:44:29.759Z,market,trade,TESTE,100036.15369837468,22,,,,CS,UBS,,,
2026-03-31T00:44:29.910Z,market,trade,TESTE,100021.31815684815,72,,,,CS,BTG,,,
2026-03-31T00:44:30.075Z,market,trade,TESTE,100018.27299957398,14,,,,BARCL,JPM,,,
2026-03-31T00:44:30.236Z,market,trade,TESTE,100020.79259521342,59,,,,ITAU,XP,,,
2026-03-31T00:44:30.401Z,market,trade,TESTE,100032.66477403116,137,,,,XP,CS,,,
2026-03-31T00:44:30.556Z,market,trade,TESTE,100032.05319695559,73,,,,UBS,CITI,,,
2026-03-31T00:44:30.708Z,market,trade,TESTE,100030.31200172387,137,,,,CS,ITAU,,,
2026-03-31T00:44:30.872Z,market,trade,TESTE,100029.21814929874,131,,,,JPM,CS,,,
2026-03-31T00:44:31.022Z,market,trade,TESTE,100022.85046941265,24,,,,UBS,CITI,,,
2026-03-31T00:44:31.174Z,market,trade,TESTE,100027.93409153048,196,,,,BARCL,ITAU,,,
2026-03-31T00:44:31.338Z,market,trade,TESTE,100013.00403167559,151,,,,MS,GOLDM,,,
2026-03-31T00:44:31.489Z,market,trade,TESTE,100025.81967558454,46,,,,JPM,BTG,,,
2026-03-31T00:44:31.653Z,market,trade,TESTE,100020.13535836997,35,,,,CS,UBS,,,
2026-03-31T00:44:31.807Z,market,trade,TESTE,100015.96379477941,183,,,,MS,UBS,,,
2026-03-31T00:44:31.971Z,market,trade,TESTE,100021.72429463842,59,,,,BARCL,BARCL,,,
2026-03-31T00:44:32.123Z,market,trade,TESTE,100024.75907126663,24,,,,CITI,CITI,,,
2026-03-31T00:44:32.276Z,market,trade,TESTE,100023.54465683593,81,,,,GOLDM,CITI,,,
2026-03-31T00:44:32.437Z,market,trade,TESTE,100019.93231479438,178,,,,CS,BARCL,,,
2026-03-31T00:44:32.589Z,market,trade,TESTE,100013.2781392366,11,,,,ITAU,ITAU,,,
2026-03-31T00:44:32.742Z,market,trade,TESTE,100017.74545907111,156,,,,UBS,XP,,,
2026-03-31T00:44:32.905Z,market,trade,TESTE,100030.715433064,133,,,,BTG,ITAU,,,
2026-03-31T00:44:33.056Z,market,trade,TESTE,100025.15640719185,137,,,,BTG,MS,,,
2026-03-31T00:44:33.208Z,market,trade,TESTE,100037.94386686212,66,,,,GOLDM,BARCL,,,
2026-03-31T00:44:33.369Z,market,trade,TESTE,100039.16288628345,131,,,,BARCL,ITAU,,,
2026-03-31T00:44:33.525Z,market,trade,TESTE,100024.31893979418,80,,,,BTG,XP,,,
2026-03-31T00:44:33.675Z,market,trade,TESTE,100031.68761245802,93,,,,BARCL,MS,,,
2026-03-31T00:44:33.825Z,market,trade,TESTE,100033.79506502661,40,,,,CS,MS,,,
2026-03-31T00:44:33.976Z,market,trade,TESTE,100033.62138633967,117,,,,GOLDM,UBS,,,
2026-03-31T00:44:34.141Z,market,trade,TESTE,100028.2175442965,123,,,,ITAU,XP,,,
2026-03-31T00:44:34.305Z,market,trade,TESTE,100027.50163289488,155,,,,CS,UBS,,,
2026-03-31T00:44:34.455Z,market,trade,TESTE,100041.17665935877,23,,,,MS,UBS,,,
2026-03-31T00:44:34.606Z,market,trade,TESTE,100038.59207239513,59,,,,GOLDM,ITAU,,,
2026-03-31T00:44:34.757Z,market,trade,TESTE,100042.6466517558,194,,,,MS,BARCL,,,
2026-03-31T00:44:34.909Z,market,trade,TESTE,100036.359718489,6,,,,MS,CS,,,
2026-03-31T00:44:35.074Z,market,trade,TESTE,100043.96559744468,120,,,,MS,ITAU,,,
2026-03-31T00:44:35.237Z,market,trade,TESTE,100032.3267828681,10,,,,ITAU,MS,,,
2026-03-31T00:44:35.402Z,market,trade,TESTE,100042.65040264613,165,,,,CS,XP,,,
2026-03-31T00:44:35.553Z,market,trade,TESTE,100041.97775189468,150,,,,BARCL,JPM,,,
2026-03-31T00:44:35.720Z,market,trade,TESTE,100043.83220320221,91,,,,ITAU,UBS,,,
2026-03-31T00:44:35.871Z,market,trade,TESTE,100043.35867447204,26,,,,BTG,MS,,,
2026-03-31T00:44:36.024Z,market,trade,TESTE,100033.70287115315,144,,,,JPM,UBS,,,
2026-03-31T00:44:36.189Z,market,trade,TESTE,100031.27799555803,93,,,,UBS,XP,,,
2026-03-31T00:44:36.354Z,market,trade,TESTE,100044.59926798771,189,,,,ITAU,GOLDM,,,
2026-03-31T00:44:36.520Z,market,trade,TESTE,100036.26191699944,117,,,,CITI,ITAU,,,
2026-03-31T00:44:36.670Z,market,trade,TESTE,100035.14864915238,128,,,,BTG,GOLDM,,,
2026-03-31T00:44:36.821Z,market,trade,TESTE,100035.83602780824,62,,,,CS,BTG,,,
2026-03-31T00:44:36.973Z,market,trade,TESTE,100049.18958538586,43,,,,CITI,BARCL,,,
2026-03-31T00:44:37.126Z,market,trade,TESTE,100050.77991687179,163,,,,CS,MS,,,
2026-03-31T00:44:37.285Z,market,trade,TESTE,100051.2115852548,138,,,,MS,MS,,,
2026-03-31T00:44:37.437Z,market,trade,TESTE,100042.74988752294,196,,,,JPM,MS,,,
2026-03-31T00:44:37.590Z,market,trade,TESTE,100049.41604310043,55,,,,BARCL,CS,,,
2026-03-31T00:44:37.742Z,market,trade,TESTE,100043.84093743529,72,,,,CS,JPM,,,
2026-03-31T00:44:37.902Z,market,trade,TESTE,100040.52227095683,46,,,,BARCL,MS,,,
2026-03-31T00:44:38.058Z,market,trade,TESTE,100047.75014137223,194,,,,MS,JPM,,,
2026-03-31T00:44:38.209Z,market,trade,TESTE,100035.37582098517,126,,,,JPM,ITAU,,,
2026-03-31T00:44:38.359Z,market,trade,TESTE,100039.61589159047,168,,,,UBS,BARCL,,,
2026-03-31T00:44:38.520Z,market,trade,TESTE,100047.05279715007,127,,,,BARCL,GOLDM,,,
2026-03-31T00:44:38.672Z,market,trade,TESTE,100042.04560410806,73,,,,CS,XP,,,
2026-03-31T00:44:38.824Z,market,trade,TESTE,100046.06787287533,118,,,,CS,JPM,,,
2026-03-31T00:44:38.988Z,market,trade,TESTE,100044.28424126406,84,,,,BTG,ITAU,,,
2026-03-31T00:44:39.140Z,market,trade,TESTE,100052.43272781072,158,,,,CS,UBS,,,
2026-03-31T00:44:39.301Z,market,trade,TESTE,100049.47643454629,34,,,,MS,MS,,,
2026-03-31T00:44:39.455Z,market,trade,TESTE,100051.30454087525,88,,,,BARCL,JPM,,,
2026-03-31T00:44:39.607Z,market,trade,TESTE,100044.30232984404,155,,,,XP,BARCL,,,
2026-03-31T00:44:39.759Z,market,trade,TESTE,100039.96551162114,183,,,,BTG,CS,,,
2026-03-31T00:44:39.921Z,market,trade,TESTE,100053.51485875572,156,,,,BTG,UBS,,,
2026-03-31T00:44:40.071Z,market,trade,TESTE,100042.0181057038,196,,,,CS,MS,,,
2026-03-31T00:44:40.237Z,market,trade,TESTE,100039.16819308113,63,,,,BTG,XP,,,
2026-03-31T00:44:40.389Z,market,trade,TESTE,100052.00772510537,184,,,,BTG,ITAU,,,
2026-03-31T00:44:40.555Z,market,trade,TESTE,100051.25146410182,102,,,,BARCL,UBS,,,
2026-03-31T00:44:40.710Z,market,trade,TESTE,100040.48379286265,87,,,,ITAU,JPM,,,
2026-03-31T00:44:40.869Z,market,trade,TESTE,100048.89032347231,129,,,,BTG,XP,,,
2026-03-31T00:44:41.035Z,market,trade,TESTE,100045.18872727305,114,,,,XP,MS,,,
2026-03-31T00:44:41.192Z,market,trade,TESTE,100042.41532398756,31,,,,BTG,GOLDM,,,
2026-03-31T00:44:41.354Z,market,trade,TESTE,100045.31937637205,96,,,,CS,XP,,,
2026-03-31T00:44:41.504Z,market,trade,TESTE,100043.78144807706,98,,,,JPM,GOLDM,,,
2026-03-31T00:44:41.669Z,market,trade,TESTE,100044.45084114702,118,,,,UBS,CITI,,,
2026-03-31T00:44:41.821Z,market,trade,TESTE,100045.27283727514,74,,,,ITAU,MS,,,
2026-03-31T00:44:41.980Z,market,trade,TESTE,100048.94684280326,181,,,,CS,CS,,,
2026-03-31T00:44:42.138Z,market,trade,TESTE,100048.23613547391,44,,,,UBS,XP,,,
2026-03-31T00:44:42.307Z,market,trade,TESTE,100048.4242695587,158,,,,CS,GOLDM,,,
2026-03-31T00:44:42.473Z,market,trade,TESTE,100049.4301867418,84,,,,BTG,GOLDM,,,
2026-03-31T00:44:42.626Z,market,trade,TESTE,100037.13394585895,151,,,,CS,GOLDM,,,
2026-03-31T00:44:42.790Z,market,trade,TESTE,100035.30245796272,18,,,,BTG,JPM,,,
2026-03-31T00:44:42.952Z,market,trade,TESTE,100047.7498478645,23,,,,ITAU,XP,,,
2026-03-31T00:44:43.123Z,market,trade,TESTE,100049.03630175197,151,,,,BARCL,UBS,,,
2026-03-31T00:44:43.276Z,market,trade,TESTE,100052.61418109287,50,,,,ITAU,CITI,,,
2026-03-31T00:44:43.441Z,market,trade,TESTE,100050.72782114854,151,,,,BTG,MS,,,
2026-03-31T00:44:43.603Z,market,trade,TESTE,100054.7908589311,47,,,,JPM,XP,,,
2026-03-31T00:44:43.760Z,market,trade,TESTE,100050.65908060945,72,,,,XP,ITAU,,,
2026-03-31T00:44:43.922Z,market,trade,TESTE,100046.18439186839,28,,,,MS,GOLDM,,,
2026-03-31T00:44:44.076Z,market,trade,TESTE,100044.30331408836,189,,,,BTG,ITAU,,,
2026-03-31T00:44:44.228Z,market,trade,TESTE,100047.84142018345,79,,,,BARCL,BTG,,,
2026-03-31T00:44:44.388Z,market,trade,TESTE,100039.07830803766,65,,,,GOLDM,XP,,,
2026-03-31T00:44:44.538Z,market,trade,TESTE,100039.09152537331,125,,,,GOLDM,CITI,,,
2026-03-31T00:44:44.692Z,market,trade,TESTE,100037.78031084339,86,,,,XP,BTG,,,
2026-03-31T00:44:44.858Z,market,trade,TESTE,100036.02519996434,52,,,,CS,CS,,,
2026-03-31T00:44:45.009Z,market,trade,TESTE,100046.59165950457,116,,,,CITI,ITAU,,,
2026-03-31T00:44:45.162Z,market,trade,TESTE,100042.19805813226,164,,,,UBS,ITAU,,,
2026-03-31T00:44:45.326Z,market,trade,TESTE,100032.6780724417,114,,,,BARCL,JPM,,,
2026-03-31T00:44:45.491Z,market,trade,TESTE,100032.35243372968,69,,,,GOLDM,BTG,,,
2026-03-31T00:44:45.642Z,market,trade,TESTE,100043.12418133543,73,,,,MS,UBS,,,
2026-03-31T00:44:45.807Z,market,trade,TESTE,100029.72815090884,104,,,,BTG,ITAU,,,
2026-03-31T00:44:45.970Z,market,trade,TESTE,100031.101274711,158,,,,CS,BTG,,,
2026-03-31T00:44:46.123Z,market,trade,TESTE,100031.37790842689,96,,,,UBS,ITAU,,,
2026-03-31T00:44:46.277Z,market,trade,TESTE,100027.08051463724,95,,,,XP,BARCL,,,
2026-03-31T00:44:46.433Z,market,trade,TESTE,100033.76981658378,185,,,,BARCL,BARCL,,,
2026-03-31T00:44:46.584Z,market,trade,TESTE,100037.78691973184,118,,,,XP,XP,,,
2026-03-31T00:44:46.738Z,market,trade,TESTE,100037.05404013876,100,,,,XP,BARCL,,,
2026-03-31T00:44:46.891Z,market,trade,TESTE,100025.13024502591,63,,,,UBS,BTG,,,
2026-03-31T00:44:47.042Z,market,trade,TESTE,100025.59312939525,17,,,,GOLDM,UBS,,,
2026-03-31T00:44:47.194Z,market,trade,TESTE,100037.82829297222,68,,,,BARCL,MS,,,
2026-03-31T00:44:47.357Z,market,trade,TESTE,100029.47483370226,77,,,,CITI,MS,,,
2026-03-31T00:44:47.526Z,market,trade,TESTE,100027.4813524915,122,,,,CS,BTG,,,
2026-03-31T00:44:47.678Z,market,trade,TESTE,100027.23634728335,138,,,,MS,BARCL,,,
2026-03-31T00:44:47.840Z,market,trade,TESTE,100039.69149524062,152,,,,GOLDM,UBS,,,
2026-03-31T00:44:47.993Z,market,trade,TESTE,100042.80503270643,40,,,,JPM,GOLDM,,,
2026-03-31T00:44:48.153Z,market,trade,TESTE,100041.31509058966,27,,,,MS,BTG,,,
2026-03-31T00:44:48.310Z,market,trade,TESTE,100035.37945656112,14,,,,BARCL,UBS,,,
2026-03-31T00:44:48.471Z,market,trade,TESTE,100038.97846278975,165,,,,BTG,XP,,,
2026-03-31T00:44:48.637Z,market,trade,TESTE,100039.90859020062,28,,,,BTG,UBS,,,
2026-03-31T00:44:48.788Z,market,trade,TESTE,100041.10040890152,26,,,,ITAU,BTG,,,
2026-03-31T00:44:48.941Z,market,trade,TESTE,100037.39807393117,18,,,,ITAU,BTG,,,
2026-03-31T00:44:49.105Z,market,trade,TESTE,100046.73619478829,76,,,,UBS,MS,,,
2026-03-31T00:44:49.259Z,market,trade,TESTE,100047.98122995379,17,,,,UBS,CITI,,,
2026-03-31T00:44:49.424Z,market,trade,TESTE,100045.06337419973,157,,,,BTG,UBS,,,
2026-03-31T00:44:49.586Z,market,trade,TESTE,100046.94190949129,181,,,,JPM,UBS,,,
2026-03-31T00:44:49.742Z,market,trade,TESTE,100046.06146681812,73,,,,GOLDM,CITI,,,
2026-03-31T00:44:49.903Z,market,trade,TESTE,100035.39702165793,147,,,,CS,MS,,,
2026-03-31T00:44:50.058Z,market,trade,TESTE,100044.61958861598,119,,,,UBS,BTG,,,
2026-03-31T00:44:50.209Z,market,trade,TESTE,100040.59455341642,14,,,,BTG,BARCL,,,
2026-03-31T00:44:50.371Z,market,trade,TESTE,100045.15815442026,101,,,,MS,BTG,,,
2026-03-31T00:44:50.535Z,market,trade,TESTE,100033.6973857743,154,,,,BTG,GOLDM,,,
2026-03-31T00:44:50.689Z,market,trade,TESTE,100048.27256722921,105,,,,XP,UBS,,,
2026-03-31T00:44:50.854Z,market,trade,TESTE,100036.80392990996,161,,,,JPM,XP,,,
2026-03-31T00:44:51.008Z,market,trade,TESTE,100045.48293975186,137,,,,BARCL,GOLDM,,,
2026-03-31T00:44:51.172Z,market,trade,TESTE,100030.62867739728,195,,,,CITI,ITAU,,,
2026-03-31T00:44:51.329Z,market,trade,TESTE,100034.73094704746,64,,,,ITAU,UBS,,,
2026-03-31T00:44:51.492Z,market,trade,TESTE,100047.00946331432,126,,,,CITI,MS,,,
2026-03-31T00:44:51.643Z,market,trade,TESTE,100032.22994089441,12,,,,BTG,BTG,,,
2026-03-31T00:44:51.796Z,market,trade,TESTE,100044.88904552654,86,,,,XP,CITI,,,
2026-03-31T00:44:51.957Z,market,trade,TESTE,100044.62605861251,50,,,,BARCL,JPM,,,
2026-03-31T00:44:52.122Z,market,trade,TESTE,100045.41636242082,182,,,,ITAU,ITAU,,,
2026-03-31T00:44:52.277Z,market,trade,TESTE,100032.15022307841,138,,,,ITAU,GOLDM,,,
2026-03-31T00:44:52.429Z,market,trade,TESTE,100046.6050413056,100,,,,MS,CS,,,
2026-03-31T00:44:52.581Z,market,trade,TESTE,100046.26349085975,59,,,,BTG,CS,,,
2026-03-31T00:44:52.742Z,market,trade,TESTE,100031.62070937827,6,,,,CITI,CS,,,
2026-03-31T00:44:52.907Z,market,trade,TESTE,100034.72750414915,157,,,,XP,UBS,,,
2026-03-31T00:44:53.059Z,market,trade,TESTE,100030.82323690093,104,,,,MS,GOLDM,,,
2026-03-31T00:44:53.224Z,market,trade,TESTE,100034.88560822072,97,,,,MS,MS,,,
2026-03-31T00:44:53.382Z,market,trade,TESTE,100038.8179803971,156,,,,BTG,ITAU,,,
2026-03-31T00:44:53.543Z,market,trade,TESTE,100049.50160726864,37,,,,BARCL,GOLDM,,,
2026-03-31T00:44:53.694Z,market,trade,TESTE,100046.18604368334,28,,,,CS,JPM,,,
2026-03-31T00:44:53.859Z,market,trade,TESTE,100036.09092179198,156,,,,CS,ITAU,,,
2026-03-31T00:44:54.010Z,market,trade,TESTE,100038.9025143962,200,,,,CITI,UBS,,,
2026-03-31T00:44:54.175Z,market,trade,TESTE,100050.66103766469,36,,,,XP,XP,,,
2026-03-31T00:44:54.327Z,market,trade,TESTE,100054.329210346,35,,,,BARCL,GOLDM,,,
2026-03-31T00:44:54.492Z,market,trade,TESTE,100047.71391720076,194,,,,UBS,CS,,,
2026-03-31T00:44:54.642Z,market,trade,TESTE,100050.6514367906,81,,,,UBS,CITI,,,
2026-03-31T00:44:54.810Z,market,trade,TESTE,100048.9146170382,83,,,,JPM,MS,,,
2026-03-31T00:44:54.960Z,market,trade,TESTE,100053.50924382667,110,,,,CITI,ITAU,,,
2026-03-31T00:44:55.111Z,market,trade,TESTE,100051.00678467444,182,,,,CITI,CITI,,,
2026-03-31T00:44:55.269Z,market,trade,TESTE,100051.58889933159,170,,,,JPM,CS,,,
2026-03-31T00:44:55.423Z,market,trade,TESTE,100056.88502768474,87,,,,CS,XP,,,
2026-03-31T00:44:55.576Z,market,trade,TESTE,100051.80483299318,127,,,,BTG,UBS,,,
2026-03-31T00:44:55.742Z,market,trade,TESTE,100058.83327491872,163,,,,JPM,XP,,,
2026-03-31T00:44:55.893Z,market,trade,TESTE,100047.88251701315,151,,,,JPM,BARCL,,,
2026-03-31T00:44:56.049Z,market,trade,TESTE,100047.14319769686,19,,,,CS,UBS,,,
2026-03-31T00:44:56.208Z,market,trade,TESTE,100054.63975893117,128,,,,UBS,XP,,,
2026-03-31T00:44:56.372Z,market,trade,TESTE,100039.81162305421,104,,,,CITI,GOLDM,,,
2026-03-31T00:44:56.523Z,market,trade,TESTE,100042.03379798697,29,,,,BTG,ITAU,,,
2026-03-31T00:44:56.674Z,market,trade,TESTE,100049.45245304673,143,,,,MS,MS,,,
2026-03-31T00:44:56.839Z,market,trade,TESTE,100042.4253664656,92,,,,BTG,BTG,,,
2026-03-31T00:44:56.989Z,market,trade,TESTE,100056.29051936581,41,,,,JPM,XP,,,
2026-03-31T00:44:57.141Z,market,trade,TESTE,100042.07624972332,56,,,,JPM,XP,,,
2026-03-31T00:44:57.297Z,market,trade,TESTE,100039.44425967653,170,,,,JPM,CITI,,,
2026-03-31T00:44:57.454Z,market,trade,TESTE,100051.36797516051,19,,,,JPM,GOLDM,,,
2026-03-31T00:44:57.609Z,market,trade,TESTE,100039.75807529401,81,,,,JPM,CITI,,,
2026-03-31T00:44:57.774Z,market,trade,TESTE,100049.9933105396,116,,,,ITAU,XP,,,
2026-03-31T00:44:57.937Z,market,trade,TESTE,100054.73704523488,172,,,,MS,XP,,,
2026-03-31T00:44:58.089Z,market,trade,TESTE,100057.82050828687,41,,,,BTG,UBS,,,
2026-03-31T00:44:58.254Z,market,trade,TESTE,100044.65129935196,200,,,,UBS,CITI,,,
2026-03-31T00:44:58.405Z,market,trade,TESTE,100059.54034083828,119,,,,JPM,CITI,,,
2026-03-31T00:44:58.571Z,market,trade,TESTE,100049.45205055537,27,,,,BARCL,CITI,,,
2026-03-31T00:44:58.724Z,market,trade,TESTE,100061.54554245282,170,,,,MS,XP,,,
2026-03-31T00:44:58.889Z,market,trade,TESTE,100051.76776377104,179,,,,CS,BTG,,,
2026-03-31T00:44:59.055Z,market,trade,TESTE,100065.02445396973,165,,,,UBS,CS,,,
2026-03-31T00:44:59.206Z,market,trade,TESTE,100061.7862406247,169,,,,UBS,GOLDM,,,
2026-03-31T00:44:59.356Z,market,trade,TESTE,100059.3250770994,179,,,,CITI,GOLDM,,,
2026-03-31T00:44:59.522Z,market,trade,TESTE,100048.39330182089,43,,,,XP,GOLDM,,,
2026-03-31T00:44:59.673Z,market,trade,TESTE,100050.61800718079,169,,,,GOLDM,UBS,,,
2026-03-31T00:44:59.836Z,market,trade,TESTE,100054.00932084152,18,,,,CS,BTG,,,
2026-03-31T00:45:00.001Z,market,trade,TESTE,100066.40759242534,50,,,,CITI,UBS,,,
2026-03-31T00:45:00.156Z,market,trade,TESTE,100057.72053261782,5,,,,CS,ITAU,,,
2026-03-31T00:45:00.321Z,market,trade,TESTE,100059.43587431936,161,,,,BTG,JPM,,,
2026-03-31T00:45:00.472Z,market,trade,TESTE,100074.29438006274,55,,,,BARCL,GOLDM,,,
2026-03-31T00:45:00.622Z,market,trade,TESTE,100064.42667600127,14,,,,XP,MS,,,
2026-03-31T00:45:00.773Z,market,trade,TESTE,100064.17693890752,174,,,,BTG,UBS,,,
2026-03-31T00:45:00.939Z,market,trade,TESTE,100067.17732357062,134,,,,CITI,GOLDM,,,
2026-03-31T00:45:01.090Z,market,trade,TESTE,100071.4968244239,197,,,,MS,CITI,,,
2026-03-31T00:45:01.240Z,market,trade,TESTE,100083.88783308535,118,,,,BTG,BTG,,,
2026-03-31T00:45:01.404Z,market,trade,TESTE,100075.9007903447,24,,,,CS,ITAU,,,
2026-03-31T00:45:01.569Z,market,trade,TESTE,100080.20099163002,16,,,,BTG,BTG,,,
2026-03-31T00:45:01.724Z,market,trade,TESTE,100092.62520602747,68,,,,XP,BARCL,,,
2026-03-31T00:45:01.887Z,market,trade,TESTE,100096.99514472969,61,,,,XP,UBS,,,
2026-03-31T00:45:02.039Z,market,trade,TESTE,100093.34074142968,43,,,,UBS,BARCL,,,
2026-03-31T00:45:02.191Z,market,trade,TESTE,100085.0992521328,183,,,,JPM,XP,,,
2026-03-31T00:45:02.354Z,market,trade,TESTE,100096.6282276361,51,,,,MS,BTG,,,
2026-03-31T00:45:02.520Z,market,trade,TESTE,100082.21888961911,195,,,,ITAU,GOLDM,,,
2026-03-31T00:45:02.672Z,market,trade,TESTE,100077.4805056936,147,,,,UBS,MS,,,
2026-03-31T00:45:02.837Z,market,trade,TESTE,100081.07265729342,189,,,,BARCL,ITAU,,,
2026-03-31T00:45:02.988Z,market,trade,TESTE,100081.61312571313,161,,,,ITAU,ITAU,,,
2026-03-31T00:45:03.154Z,market,trade,TESTE,100094.84953685557,159,,,,XP,BARCL,,,
2026-03-31T00:45:03.305Z,market,trade,TESTE,100085.63863062864,27,,,,ITAU,XP,,,
2026-03-31T00:45:03.459Z,market,trade,TESTE,100095.82264153053,16,,,,BARCL,JPM,,,
2026-03-31T00:45:03.610Z,market,trade,TESTE,100081.89833885212,100,,,,UBS,GOLDM,,,
2026-03-31T00:45:03.774Z,market,trade,TESTE,100091.08726797716,175,,,,XP,UBS,,,
2026-03-31T00:45:03.938Z,market,trade,TESTE,100092.76385975104,125,,,,CITI,CS,,,
2026-03-31T00:45:04.089Z,market,trade,TESTE,100096.97285773547,30,,,,GOLDM,CS,,,
2026-03-31T00:45:04.241Z,market,trade,TESTE,100088.06006787826,10,,,,XP,CITI,,,
2026-03-31T00:45:04.406Z,market,trade,TESTE,100086.18111343481,81,,,,ITAU,CS,,,
2026-03-31T00:45:04.571Z,market,trade,TESTE,100090.66512211486,165,,,,BARCL,MS,,,
2026-03-31T00:45:04.724Z,market,trade,TESTE,100101.00106337701,131,,,,BTG,BARCL,,,
2026-03-31T00:45:04.888Z,market,trade,TESTE,100088.7052323672,179,,,,JPM,CS,,,
2026-03-31T00:45:05.039Z,market,trade,TESTE,100092.53781496092,49,,,,GOLDM,CITI,,,
2026-03-31T00:45:05.192Z,market,trade,TESTE,100090.28329087823,68,,,,CS,GOLDM,,,
2026-03-31T00:45:05.354Z,market,trade,TESTE,100096.33453566817,21,,,,JPM,MS,,,
2026-03-31T00:45:05.520Z,market,trade,TESTE,100100.02552352619,80,,,,MS,JPM,,,
2026-03-31T00:45:05.674Z,market,trade,TESTE,100089.25986094461,191,,,,XP,CS,,,
2026-03-31T00:45:05.840Z,market,trade,TESTE,100098.89171533809,15,,,,GOLDM,CS,,,
2026-03-31T00:45:06.005Z,market,trade,TESTE,100102.80661218816,106,,,,UBS,XP,,,
2026-03-31T00:45:06.171Z,market,trade,TESTE,100104.2540282104,30,,,,XP,JPM,,,
2026-03-31T00:45:06.336Z,market,trade,TESTE,100095.4356895931,114,,,,MS,BARCL,,,
2026-03-31T00:45:06.489Z,market,trade,TESTE,100106.07069168566,169,,,,MS,XP,,,
2026-03-31T00:45:06.640Z,market,trade,TESTE,100109.78620648813,197,,,,BTG,XP,,,
2026-03-31T00:45:06.791Z,market,trade,TESTE,100100.07803154686,13,,,,XP,ITAU,,,
2026-03-31T00:45:06.943Z,market,trade,TESTE,100100.02345822359,45,,,,BTG,ITAU,,,
2026-03-31T00:45:07.095Z,market,trade,TESTE,100098.70640522717,138,,,,BARCL,CS,,,
2026-03-31T00:45:07.256Z,market,trade,TESTE,100102.28614349851,15,,,,XP,XP,,,
2026-03-31T00:45:07.409Z,market,trade,TESTE,100109.89102181743,86,,,,CITI,UBS,,,
2026-03-31T00:45:07.574Z,market,trade,TESTE,100101.462215486,81,,,,XP,ITAU,,,
2026-03-31T00:45:07.726Z,market,trade,TESTE,100109.04369747298,115,,,,UBS,JPM,,,
2026-03-31T00:45:07.876Z,market,trade,TESTE,100094.47385399083,25,,,,BARCL,CS,,,
2026-03-31T00:45:08.026Z,market,trade,TESTE,100105.96160466236,153,,,,UBS,XP,,,
2026-03-31T00:45:08.179Z,market,trade,TESTE,100092.20813609744,174,,,,CS,MS,,,
2026-03-31T00:45:08.331Z,market,trade,TESTE,100099.48813879755,19,,,,CS,CS,,,
2026-03-31T00:45:08.481Z,market,trade,TESTE,100087.62905431914,26,,,,CS,UBS,,,
2026-03-31T00:45:08.635Z,market,trade,TESTE,100088.68539966807,98,,,,UBS,UBS,,,
2026-03-31T00:45:08.791Z,market,trade,TESTE,100085.59864381909,116,,,,JPM,BARCL,,,
2026-03-31T00:45:08.941Z,market,trade,TESTE,100081.9738755093,11,,,,BTG,GOLDM,,,
2026-03-31T00:45:09.091Z,market,trade,TESTE,100087.62454778847,81,,,,UBS,MS,,,
2026-03-31T00:45:09.242Z,market,trade,TESTE,100074.58258351916,61,,,,GOLDM,GOLDM,,,
2026-03-31T00:45:09.408Z,market,trade,TESTE,100070.40553098914,65,,,,XP,CS,,,
2026-03-31T00:45:09.558Z,market,trade,TESTE,100067.5348125112,26,,,,ITAU,MS,,,
2026-03-31T00:45:09.717Z,market,trade,TESTE,100071.1266688673,187,,,,JPM,MS,,,
2026-03-31T00:45:09.875Z,market,trade,TESTE,100085.03755717992,123,,,,GOLDM,GOLDM,,,
2026-03-31T00:45:10.025Z,market,trade,TESTE,100081.61832678864,129,,,,BARCL,CITI,,,
2026-03-31T00:45:10.179Z,market,trade,TESTE,100076.39025546178,8,,,,JPM,UBS,,,
2026-03-31T00:45:10.342Z,market,trade,TESTE,100080.9231150202,117,,,,BARCL,CITI,,,
2026-03-31T00:45:10.493Z,market,trade,TESTE,100076.0093236634,35,,,,UBS,ITAU,,,
2026-03-31T00:45:10.644Z,market,trade,TESTE,100090.85255696636,35,,,,CS,XP,,,
2026-03-31T00:45:10.808Z,market,trade,TESTE,100079.43925056799,85,,,,ITAU,BTG,,,
2026-03-31T00:45:10.959Z,market,trade,TESTE,100082.65918209926,85,,,,CITI,GOLDM,,,
2026-03-31T00:45:11.111Z,market,trade,TESTE,100088.50827506925,125,,,,ITAU,UBS,,,
2026-03-31T00:45:11.273Z,market,trade,TESTE,100093.20877715044,53,,,,UBS,GOLDM,,,
2026-03-31T00:45:11.429Z,market,trade,TESTE,100092.57828224164,92,,,,JPM,UBS,,,
2026-03-31T00:45:11.586Z,market,trade,TESTE,100089.361060626,96,,,,MS,GOLDM,,,
2026-03-31T00:45:11.739Z,market,trade,TESTE,100078.5913846247,167,,,,GOLDM,CS,,,
2026-03-31T00:45:11.889Z,market,trade,TESTE,100080.61345985382,76,,,,GOLDM,XP,,,
2026-03-31T00:45:12.042Z,market,trade,TESTE,100076.53465887644,55,,,,JPM,BTG,,,
2026-03-31T00:45:12.193Z,market,trade,TESTE,100077.6005184741,197,,,,XP,CS,,,
2026-03-31T00:45:12.343Z,market,trade,TESTE,100075.1355300737,131,,,,UBS,XP,,,
2026-03-31T00:45:12.509Z,market,trade,TESTE,100076.79106651006,161,,,,XP,UBS,,,
2026-03-31T00:45:12.660Z,market,trade,TESTE,100082.55060293207,171,,,,GOLDM,ITAU,,,
2026-03-31T00:45:12.812Z,market,trade,TESTE,100067.72840536201,109,,,,XP,MS,,,
2026-03-31T00:45:12.975Z,market,trade,TESTE,100076.63431608312,179,,,,JPM,BARCL,,,
2026-03-31T00:45:13.127Z,market,trade,TESTE,100078.37999509,135,,,,BTG,MS,,,
2026-03-31T00:45:13.291Z,market,trade,TESTE,100065.7780339987,52,,,,GOLDM,ITAU,,,
2026-03-31T00:45:13.451Z,market,trade,TESTE,100065.10230930161,183,,,,GOLDM,XP,,,
2026-03-31T00:45:13.605Z,market,trade,TESTE,100076.20286233758,69,,,,BARCL,CITI,,,
2026-03-31T00:45:13.756Z,market,trade,TESTE,100061.64660497729,90,,,,CS,CITI,,,
2026-03-31T00:45:13.907Z,market,trade,TESTE,100060.6322489325,122,,,,BARCL,UBS,,,
2026-03-31T00:45:14.070Z,market,trade,TESTE,100061.23245081575,54,,,,JPM,GOLDM,,,
2026-03-31T00:45:14.235Z,market,trade,TESTE,100069.71200220134,14,,,,GOLDM,UBS,,,
2026-03-31T00:45:14.392Z,market,trade,TESTE,100056.29870205569,12,,,,XP,BARCL,,,
2026-03-31T00:45:14.544Z,market,trade,TESTE,100057.67175396152,87,,,,JPM,BTG,,,
2026-03-31T00:45:14.707Z,market,trade,TESTE,100053.55679659318,165,,,,UBS,CITI,,,
2026-03-31T00:45:14.872Z,market,trade,TESTE,100055.74821268846,39,,,,GOLDM,CS,,,
2026-03-31T00:45:15.036Z,market,trade,TESTE,100061.33421709598,133,,,,UBS,ITAU,,,
2026-03-31T00:45:15.195Z,market,trade,TESTE,100056.19415151389,131,,,,ITAU,GOLDM,,,
2026-03-31T00:45:15.356Z,market,trade,TESTE,100052.23628167158,64,,,,UBS,CITI,,,
2026-03-31T00:45:15.508Z,market,trade,TESTE,100052.72679132762,56,,,,ITAU,UBS,,,
2026-03-31T00:45:15.672Z,market,trade,TESTE,100052.0983919027,84,,,,JPM,CITI,,,
2026-03-31T00:45:15.823Z,market,trade,TESTE,100059.63081204687,62,,,,UBS,CS,,,
2026-03-31T00:45:15.975Z,market,trade,TESTE,100054.3607494242,126,,,,CS,CITI,,,
2026-03-31T00:45:16.128Z,market,trade,TESTE,100064.34662523697,34,,,,JPM,ITAU,,,
2026-03-31T00:45:16.291Z,market,trade,TESTE,100052.98436030922,74,,,,CS,BTG,,,
2026-03-31T00:45:16.441Z,market,trade,TESTE,100062.91128847763,80,,,,CITI,MS,,,
2026-03-31T00:45:16.602Z,market,trade,TESTE,100066.64636799003,7,,,,ITAU,BARCL,,,
2026-03-31T00:45:16.759Z,market,trade,TESTE,100065.30717725489,5,,,,GOLDM,MS,,,
2026-03-31T00:45:16.920Z,market,trade,TESTE,100050.97569106106,6,,,,CITI,ITAU,,,
2026-03-31T00:45:17.071Z,market,trade,TESTE,100046.80104111713,196,,,,BARCL,BARCL,,,
2026-03-31T00:45:17.237Z,market,trade,TESTE,100056.55288865192,46,,,,CITI,BARCL,,,
2026-03-31T00:45:17.390Z,market,trade,TESTE,100061.35679522394,152,,,,XP,CITI,,,
2026-03-31T00:45:17.553Z,market,trade,TESTE,100065.48409743494,161,,,,ITAU,XP,,,
2026-03-31T00:45:17.708Z,market,trade,TESTE,100058.1162433933,86,,,,XP,UBS,,,
2026-03-31T00:45:17.872Z,market,trade,TESTE,100060.32353344855,147,,,,BARCL,JPM,,,
2026-03-31T00:45:18.025Z,market,trade,TESTE,100071.45367994935,87,,,,CITI,MS,,,
2026-03-31T00:45:18.175Z,market,trade,TESTE,100063.21038265777,50,,,,CITI,BARCL,,,
2026-03-31T00:45:18.340Z,market,trade,TESTE,100065.0011441699,11,,,,ITAU,CITI,,,
2026-03-31T00:45:18.491Z,market,trade,TESTE,100065.83040309364,114,,,,GOLDM,CITI,,,
2026-03-31T00:45:18.642Z,market,trade,TESTE,100063.17434203003,121,,,,GOLDM,ITAU,,,
2026-03-31T00:45:18.795Z,market,trade,TESTE,100069.02104778597,153,,,,ITAU,ITAU,,,
2026-03-31T00:45:18.951Z,market,trade,TESTE,100057.72504909209,34,,,,BARCL,XP,,,
2026-03-31T00:45:19.103Z,market,trade,TESTE,100064.32092818641,182,,,,UBS,ITAU,,,
2026-03-31T00:45:19.257Z,market,trade,TESTE,100054.2558732972,173,,,,MS,CITI,,,
2026-03-31T00:45:19.422Z,market,trade,TESTE,100068.0363870171,179,,,,JPM,JPM,,,
2026-03-31T00:45:19.587Z,market,trade,TESTE,100063.25587259469,164,,,,GOLDM,CITI,,,
2026-03-31T00:45:19.742Z,market,trade,TESTE,100058.37305143189,80,,,,MS,CS,,,
2026-03-31T00:45:19.904Z,market,trade,TESTE,100057.87799003861,76,,,,ITAU,ITAU,,,
2026-03-31T00:45:20.055Z,market,trade,TESTE,100045.45280341333,176,,,,MS,GOLDM,,,
2026-03-31T00:45:20.206Z,market,trade,TESTE,100048.81334882134,70,,,,XP,ITAU,,,
2026-03-31T00:45:20.358Z,market,trade,TESTE,100050.92679462292,126,,,,XP,CS,,,
2026-03-31T00:45:20.521Z,market,trade,TESTE,100056.04517013363,92,,,,XP,CS,,,
2026-03-31T00:45:20.671Z,market,trade,TESTE,100059.78742525016,159,,,,GOLDM,XP,,,
2026-03-31T00:45:20.822Z,market,trade,TESTE,100047.62829130045,165,,,,GOLDM,MS,,,
2026-03-31T00:45:20.986Z,market,trade,TESTE,100059.81451450569,142,,,,BARCL,ITAU,,,
2026-03-31T00:45:21.139Z,market,trade,TESTE,100061.7467478894,174,,,,GOLDM,CS,,,
2026-03-31T00:45:21.304Z,market,trade,TESTE,100052.82390000254,78,,,,CITI,CITI,,,
2026-03-31T00:45:21.470Z,market,trade,TESTE,100049.64121015309,12,,,,GOLDM,CS,,,
2026-03-31T00:45:21.621Z,market,trade,TESTE,100056.74997857858,138,,,,BARCL,MS,,,
2026-03-31T00:45:21.774Z,market,trade,TESTE,100042.60957230676,38,,,,CITI,JPM,,,
2026-03-31T00:45:21.936Z,market,trade,TESTE,100039.20883945494,148,,,,BARCL,BTG,,,
2026-03-31T00:45:22.086Z,market,trade,TESTE,100053.55150193725,162,,,,XP,XP,,,
2026-03-31T00:45:22.239Z,market,trade,TESTE,100047.51620009674,119,,,,BTG,CS,,,
2026-03-31T00:45:22.391Z,market,trade,TESTE,100058.21836435975,150,,,,JPM,ITAU,,,
2026-03-31T00:45:22.554Z,market,trade,TESTE,100062.85132071038,177,,,,CITI,XP,,,
2026-03-31T00:45:22.709Z,market,trade,TESTE,100063.08184822818,7,,,,CS,ITAU,,,
2026-03-31T00:45:22.869Z,market,trade,TESTE,100054.22761453662,129,,,,BARCL,CS,,,
2026-03-31T00:45:23.020Z,market,trade,TESTE,100067.04090690565,42,,,,UBS,XP,,,
2026-03-31T00:45:23.172Z,market,trade,TESTE,100055.87982057825,46,,,,ITAU,UBS,,,
2026-03-31T00:45:23.335Z,market,trade,TESTE,100068.97082898875,123,,,,CITI,BTG,,,
2026-03-31T00:45:23.489Z,market,trade,TESTE,100072.01068441207,111,,,,XP,JPM,,,
2026-03-31T00:45:23.639Z,market,trade,TESTE,100065.52671907532,161,,,,ITAU,GOLDM,,,
2026-03-31T00:45:23.790Z,market,trade,TESTE,100064.35971378579,133,,,,GOLDM,JPM,,,
2026-03-31T00:45:23.940Z,market,trade,TESTE,100073.8228045759,182,,,,BTG,MS,,,
2026-03-31T00:45:24.104Z,market,trade,TESTE,100076.9222376719,98,,,,BTG,ITAU,,,
2026-03-31T00:45:24.255Z,market,trade,TESTE,100079.26881800164,152,,,,GOLDM,CS,,,
2026-03-31T00:45:24.407Z,market,trade,TESTE,100075.71924767498,109,,,,UBS,CITI,,,
2026-03-31T00:45:24.570Z,market,trade,TESTE,100061.62522097798,48,,,,UBS,CS,,,
2026-03-31T00:45:24.724Z,market,trade,TESTE,100075.51459845649,162,,,,XP,GOLDM,,,
2026-03-31T00:45:24.887Z,market,trade,TESTE,100063.90234461463,53,,,,UBS,CITI,,,
2026-03-31T00:45:25.053Z,market,trade,TESTE,100066.68405485133,138,,,,XP,CS,,,
2026-03-31T00:45:25.209Z,market,trade,TESTE,100078.10997698845,92,,,,BTG,GOLDM,,,
2026-03-31T00:45:25.360Z,market,trade,TESTE,100079.45937305794,81,,,,ITAU,ITAU,,,
2026-03-31T00:45:25.523Z,market,trade,TESTE,100072.50071212444,148,,,,CS,JPM,,,
2026-03-31T00:45:25.673Z,market,trade,TESTE,100071.81533890283,80,,,,ITAU,CS,,,
2026-03-31T00:45:25.826Z,market,trade,TESTE,100076.82447880889,161,,,,ITAU,JPM,,,
2026-03-31T00:45:25.991Z,market,trade,TESTE,100063.39508376678,98,,,,JPM,BTG,,,
2026-03-31T00:45:26.141Z,market,trade,TESTE,100062.34733102129,176,,,,ITAU,JPM,,,
2026-03-31T00:45:26.292Z,market,trade,TESTE,100058.11347392776,63,,,,XP,JPM,,,
2026-03-31T00:45:26.447Z,market,trade,TESTE,100059.50407821307,132,,,,BTG,XP,,,
2026-03-31T00:45:26.608Z,market,trade,TESTE,100070.79910892998,107,,,,UBS,JPM,,,
2026-03-31T00:45:26.773Z,market,trade,TESTE,100058.9599248351,22,,,,BTG,BARCL,,,
2026-03-31T00:45:26.938Z,market,trade,TESTE,100056.13003999257,104,,,,UBS,ITAU,,,
2026-03-31T00:45:27.104Z,market,trade,TESTE,100055.76034774314,162,,,,XP,BTG,,,
2026-03-31T00:45:27.254Z,market,trade,TESTE,100065.7248601124,7,,,,MS,GOLDM,,,
2026-03-31T00:45:27.406Z,market,trade,TESTE,100054.16024248979,116,,,,ITAU,BTG,,,
2026-03-31T00:45:27.569Z,market,trade,TESTE,100059.81153205351,51,,,,XP,BARCL,,,
2026-03-31T00:45:27.725Z,market,trade,TESTE,100048.9164627545,78,,,,CITI,CITI,,,
2026-03-31T00:45:27.875Z,market,trade,TESTE,100057.35854716772,46,,,,GOLDM,CITI,,,
2026-03-31T00:45:28.027Z,market,trade,TESTE,100052.61972696116,95,,,,BTG,MS,,,
2026-03-31T00:45:28.177Z,market,trade,TESTE,100039.12744459562,94,,,,JPM,CS,,,
2026-03-31T00:45:28.329Z,market,trade,TESTE,100049.45168500059,100,,,,CITI,GOLDM,,,
2026-03-31T00:45:28.490Z,market,trade,TESTE,100052.8835480184,155,,,,JPM,CS,,,
2026-03-31T00:45:28.656Z,market,trade,TESTE,100046.14423704291,162,,,,GOLDM,UBS,,,
2026-03-31T00:45:28.821Z,market,trade,TESTE,100044.36142542749,133,,,,CS,ITAU,,,
2026-03-31T00:45:28.972Z,market,trade,TESTE,100046.52474775833,191,,,,ITAU,JPM,,,
2026-03-31T00:45:29.123Z,market,trade,TESTE,100046.05370032847,171,,,,XP,JPM,,,
2026-03-31T00:45:29.274Z,market,trade,TESTE,100059.20230308974,48,,,,XP,JPM,,,
2026-03-31T00:45:29.425Z,market,trade,TESTE,100062.24082845647,191,,,,GOLDM,GOLDM,,,
2026-03-31T00:45:29.575Z,market,trade,TESTE,100048.81301279615,150,,,,BARCL,CS,,,
2026-03-31T00:45:29.726Z,market,trade,TESTE,100048.27654481026,87,,,,BTG,JPM,,,
2026-03-31T00:45:29.876Z,market,trade,TESTE,100045.29149113836,170,,,,CS,CS,,,
2026-03-31T00:45:30.040Z,market,trade,TESTE,100051.05998207528,22,,,,GOLDM,ITAU,,,
2026-03-31T00:45:30.191Z,market,trade,TESTE,100047.70532570378,194,,,,ITAU,ITAU,,,
2026-03-31T00:45:30.356Z,market,trade,TESTE,100039.44401028467,117,,,,GOLDM,CITI,,,
2026-03-31T00:45:30.507Z,market,trade,TESTE,100037.99563575542,129,,,,BARCL,MS,,,
2026-03-31T00:45:30.658Z,market,trade,TESTE,100041.45207801771,117,,,,UBS,BARCL,,,
2026-03-31T00:45:30.809Z,market,trade,TESTE,100046.93973713626,197,,,,ITAU,BTG,,,
2026-03-31T00:45:30.974Z,market,trade,TESTE,100048.06022727606,99,,,,MS,XP,,,
2026-03-31T00:45:31.124Z,market,trade,TESTE,100051.06747262499,187,,,,CS,MS,,,
2026-03-31T00:45:31.275Z,market,trade,TESTE,100040.44292485077,159,,,,UBS,CS,,,
2026-03-31T00:45:31.439Z,market,trade,TESTE,100039.05086981044,142,,,,UBS,BTG,,,
2026-03-31T00:45:31.591Z,market,trade,TESTE,100051.34873287196,79,,,,GOLDM,BARCL,,,
2026-03-31T00:45:31.741Z,market,trade,TESTE,100044.4664771284,195,,,,ITAU,BARCL,,,
2026-03-31T00:45:31.892Z,market,trade,TESTE,100059.44699080233,119,,,,JPM,CS,,,
2026-03-31T00:45:32.057Z,market,trade,TESTE,100063.38792807856,129,,,,UBS,XP,,,
2026-03-31T00:45:32.208Z,market,trade,TESTE,100060.80742266355,122,,,,XP,JPM,,,
2026-03-31T00:45:32.359Z,market,trade,TESTE,100058.47644551654,180,,,,MS,JPM,,,
2026-03-31T00:45:32.511Z,market,trade,TESTE,100051.8385351342,174,,,,ITAU,CS,,,
2026-03-31T00:45:32.673Z,market,trade,TESTE,100058.55736680732,115,,,,JPM,JPM,,,
2026-03-31T00:45:32.826Z,market,trade,TESTE,100044.66139033336,63,,,,CITI,CITI,,,
2026-03-31T00:45:32.986Z,market,trade,TESTE,100041.92281073831,56,,,,JPM,ITAU,,,
2026-03-31T00:45:33.152Z,market,trade,TESTE,100051.24107894381,189,,,,JPM,GOLDM,,,
2026-03-31T00:45:33.308Z,market,trade,TESTE,100050.67025936928,111,,,,MS,BTG,,,
2026-03-31T00:45:33.459Z,market,trade,TESTE,100050.02144705878,126,,,,GOLDM,BTG,,,
2026-03-31T00:45:33.610Z,market,trade,TESTE,100052.29999692687,66,,,,CS,JPM,,,
2026-03-31T00:45:33.774Z,market,trade,TESTE,100038.36982051701,193,,,,XP,BARCL,,,
2026-03-31T00:45:33.938Z,market,trade,TESTE,100036.59603113189,77,,,,CITI,XP,,,
2026-03-31T00:45:34.107Z,market,trade,TESTE,100035.30191960566,178,,,,GOLDM,MS,,,
2026-03-31T00:45:34.260Z,market,trade,TESTE,100049.38003833983,56,,,,JPM,XP,,,
2026-03-31T00:45:34.417Z,market,trade,TESTE,100046.62642817003,142,,,,ITAU,JPM,,,
2026-03-31T00:45:34.572Z,market,trade,TESTE,100047.41879907425,147,,,,GOLDM,BARCL,,,
2026-03-31T00:45:34.725Z,market,trade,TESTE,100049.81401724706,141,,,,MS,ITAU,,,
2026-03-31T00:45:34.882Z,market,trade,TESTE,100039.93549222601,27,,,,CITI,JPM,,,
2026-03-31T00:45:35.040Z,market,trade,TESTE,100044.192037393,117,,,,JPM,MS,,,
2026-03-31T00:45:35.191Z,market,trade,TESTE,100052.33914712233,197,,,,CITI,MS,,,
2026-03-31T00:45:35.343Z,market,trade,TESTE,100055.77622587928,64,,,,ITAU,MS,,,
2026-03-31T00:45:35.497Z,market,trade,TESTE,100051.2604484936,177,,,,JPM,MS,,,
2026-03-31T00:45:35.658Z,market,trade,TESTE,100049.68003747128,133,,,,BTG,BTG,,,
2026-03-31T00:45:35.809Z,market,trade,TESTE,100043.79228871927,163,,,,GOLDM,MS,,,
2026-03-31T00:45:35.959Z,market,trade,TESTE,100054.52785144001,28,,,,BARCL,XP,,,
2026-03-31T00:45:36.123Z,market,trade,TESTE,100044.88816603842,166,,,,JPM,MS,,,
2026-03-31T00:45:36.273Z,market,trade,TESTE,100045.93799741955,48,,,,CITI,GOLDM,,,
2026-03-31T00:45:36.425Z,market,trade,TESTE,100042.3128127087,200,,,,JPM,GOLDM,,,
2026-03-31T00:45:36.591Z,market,trade,TESTE,100049.12887870005,177,,,,BARCL,ITAU,,,
2026-03-31T00:45:36.742Z,market,trade,TESTE,100035.55987825735,186,,,,GOLDM,ITAU,,,
2026-03-31T00:45:36.903Z,market,trade,TESTE,100035.30133896963,69,,,,UBS,BARCL,,,
2026-03-31T00:45:37.067Z,market,trade,TESTE,100031.81295918579,113,,,,JPM,GOLDM,,,
2026-03-31T00:45:37.221Z,market,trade,TESTE,100046.04880563615,122,,,,BTG,BTG,,,
2026-03-31T00:45:37.375Z,market,trade,TESTE,100035.46787679433,105,,,,UBS,UBS,,,
2026-03-31T00:45:37.540Z,market,trade,TESTE,100036.03751318788,192,,,,BTG,GOLDM,,,
2026-03-31T00:45:37.691Z,market,trade,TESTE,100046.0667768498,56,,,,ITAU,CS,,,
2026-03-31T00:45:37.842Z,market,trade,TESTE,100048.0297867483,144,,,,UBS,XP,,,
2026-03-31T00:45:38.008Z,market,trade,TESTE,100038.19082769072,92,,,,UBS,ITAU,,,
2026-03-31T00:45:38.172Z,market,trade,TESTE,100052.01478860671,49,,,,JPM,CITI,,,
2026-03-31T00:45:38.325Z,market,trade,TESTE,100054.2038439119,111,,,,CITI,JPM,,,
2026-03-31T00:45:38.491Z,market,trade,TESTE,100047.58565633181,158,,,,JPM,BARCL,,,
2026-03-31T00:45:38.641Z,market,trade,TESTE,100046.48884449506,43,,,,UBS,ITAU,,,
2026-03-31T00:45:38.806Z,market,trade,TESTE,100056.97622856601,154,,,,JPM,UBS,,,
2026-03-31T00:45:38.971Z,market,trade,TESTE,100049.07133469857,172,,,,XP,CITI,,,
2026-03-31T00:45:39.123Z,market,trade,TESTE,100052.15732264197,181,,,,UBS,BARCL,,,
2026-03-31T00:45:39.274Z,market,trade,TESTE,100050.25199990066,12,,,,CS,BTG,,,
2026-03-31T00:45:39.425Z,market,trade,TESTE,100049.13951849715,25,,,,CITI,MS,,,
2026-03-31T00:45:39.591Z,market,trade,TESTE,100045.60746986925,25,,,,CITI,CITI,,,
2026-03-31T00:45:39.742Z,market,trade,TESTE,100057.26385038022,97,,,,JPM,CS,,,
2026-03-31T00:45:39.893Z,market,trade,TESTE,100048.55307955419,71,,,,MS,GOLDM,,,
2026-03-31T00:45:40.056Z,market,trade,TESTE,100045.6019140287,58,,,,ITAU,XP,,,
2026-03-31T00:45:40.207Z,market,trade,TESTE,100057.11357521966,152,,,,CS,CS,,,
2026-03-31T00:45:40.371Z,market,trade,TESTE,100043.68859843352,159,,,,ITAU,BARCL,,,
2026-03-31T00:45:40.524Z,market,trade,TESTE,100043.1155183843,111,,,,BARCL,BARCL,,,
2026-03-31T00:45:40.689Z,market,trade,TESTE,100050.27092011085,129,,,,BARCL,MS,,,
2026-03-31T00:45:40.840Z,market,trade,TESTE,100052.60403328166,126,,,,BARCL,UBS,,,
2026-03-31T00:45:40.992Z,market,trade,TESTE,100046.68416995161,96,,,,XP,ITAU,,,
2026-03-31T00:45:41.155Z,market,trade,TESTE,100043.26474260468,93,,,,MS,CS,,,
2026-03-31T00:45:41.305Z,market,trade,TESTE,100051.96977969195,35,,,,CITI,BTG,,,
2026-03-31T00:45:41.460Z,market,trade,TESTE,100051.95069558761,147,,,,GOLDM,BTG,,,
2026-03-31T00:45:41.625Z,market,trade,TESTE,100052.87016135977,42,,,,CITI,XP,,,
2026-03-31T00:45:41.792Z,market,trade,TESTE,100053.53756158486,169,,,,JPM,XP,,,
2026-03-31T00:45:41.957Z,market,trade,TESTE,100043.32682490427,30,,,,JPM,CS,,,
2026-03-31T00:45:42.108Z,market,trade,TESTE,100045.55780757371,24,,,,MS,GOLDM,,,
2026-03-31T00:45:42.267Z,market,trade,TESTE,100042.76592108341,56,,,,GOLDM,UBS,,,
2026-03-31T00:45:42.432Z,market,trade,TESTE,100044.90571604752,108,,,,BTG,MS,,,
2026-03-31T00:45:42.604Z,market,trade,TESTE,100041.96390280634,157,,,,CITI,BTG,,,
2026-03-31T00:45:42.757Z,market,trade,TESTE,100044.1359443125,103,,,,CS,BARCL,,,
2026-03-31T00:45:42.911Z,market,trade,TESTE,100054.40639776803,165,,,,MS,JPM,,,
2026-03-31T00:45:43.073Z,market,trade,TESTE,100056.15167077689,141,,,,CS,UBS,,,
2026-03-31T00:45:43.225Z,market,trade,TESTE,100048.01180897267,67,,,,MS,UBS,,,
2026-03-31T00:45:43.389Z,market,trade,TESTE,100046.81499970955,157,,,,ITAU,GOLDM,,,
2026-03-31T00:45:43.546Z,market,trade,TESTE,100042.14702795875,64,,,,XP,GOLDM,,,
2026-03-31T00:45:43.707Z,market,trade,TESTE,100040.55316624313,97,,,,BARCL,CITI,,,
2026-03-31T00:45:43.871Z,market,trade,TESTE,100053.06268735282,115,,,,JPM,BTG,,,
2026-03-31T00:45:44.028Z,market,trade,TESTE,100046.27011561874,182,,,,XP,UBS,,,
2026-03-31T00:45:44.185Z,market,trade,TESTE,100050.80355141452,190,,,,CITI,XP,,,
2026-03-31T00:45:44.338Z,market,trade,TESTE,100057.38749812139,191,,,,BARCL,BARCL,,,
2026-03-31T00:45:44.492Z,market,trade,TESTE,100055.26023386455,38,,,,BTG,CS,,,
2026-03-31T00:45:44.657Z,market,trade,TESTE,100043.59428340582,165,,,,XP,UBS,,,
2026-03-31T00:45:44.811Z,market,trade,TESTE,100043.79375938998,130,,,,BARCL,CS,,,
2026-03-31T00:45:44.962Z,market,trade,TESTE,100056.22649488154,55,,,,BTG,XP,,,
2026-03-31T00:45:45.121Z,market,trade,TESTE,100045.35137493601,93,,,,CS,XP,,,
2026-03-31T00:45:45.278Z,market,trade,TESTE,100058.04869251489,101,,,,GOLDM,XP,,,
2026-03-31T00:45:45.439Z,market,trade,TESTE,100053.73471603886,86,,,,JPM,CITI,,,
2026-03-31T00:45:45.590Z,market,trade,TESTE,100044.01441745018,11,,,,GOLDM,CS,,,
2026-03-31T00:45:45.741Z,market,trade,TESTE,100049.78149807162,169,,,,BARCL,UBS,,,
2026-03-31T00:45:45.904Z,market,trade,TESTE,100049.63231956433,176,,,,BTG,ITAU,,,
2026-03-31T00:45:46.070Z,market,trade,TESTE,100041.1106683834,30,,,,BTG,BARCL,,,
2026-03-31T00:45:46.220Z,market,trade,TESTE,100051.52253685344,22,,,,GOLDM,MS,,,
2026-03-31T00:45:46.375Z,market,trade,TESTE,100053.83026245529,192,,,,UBS,CS,,,
2026-03-31T00:45:46.526Z,market,trade,TESTE,100044.02623723596,198,,,,MS,GOLDM,,,
2026-03-31T00:45:46.689Z,market,trade,TESTE,100049.81705713789,64,,,,XP,XP,,,
2026-03-31T00:45:46.855Z,market,trade,TESTE,100052.63114317939,146,,,,ITAU,XP,,,
2026-03-31T00:45:47.006Z,market,trade,TESTE,100043.74834729198,199,,,,BTG,CS,,,
2026-03-31T00:45:47.165Z,market,trade,TESTE,100047.45154808219,177,,,,XP,CITI,,,
2026-03-31T00:45:47.324Z,market,trade,TESTE,100044.37380885141,142,,,,ITAU,BARCL,,,
2026-03-31T00:45:47.483Z,market,trade,TESTE,100047.99258209633,26,,,,UBS,JPM,,,
2026-03-31T00:45:47.642Z,market,trade,TESTE,100062.38163912465,59,,,,CITI,CITI,,,
2026-03-31T00:45:47.801Z,market,trade,TESTE,100049.57152632788,182,,,,JPM,GOLDM,,,
2026-03-31T00:45:47.959Z,market,trade,TESTE,100049.86524883853,86,,,,JPM,GOLDM,,,
2026-03-31T00:45:48.118Z,market,trade,TESTE,100062.55794293716,10,,,,UBS,UBS,,,
2026-03-31T00:45:48.276Z,market,trade,TESTE,100054.21993409962,165,,,,BTG,CITI,,,
2026-03-31T00:45:48.437Z,market,trade,TESTE,100053.08035518919,93,,,,XP,CS,,,
2026-03-31T00:45:48.598Z,market,trade,TESTE,100063.09865389344,18,,,,BARCL,JPM,,,
2026-03-31T00:45:48.751Z,market,trade,TESTE,100061.31070553046,32,,,,BARCL,CS,,,
2026-03-31T00:45:48.916Z,market,trade,TESTE,100054.34360577851,161,,,,CITI,CS,,,
2026-03-31T00:45:49.075Z,market,trade,TESTE,100056.6440993777,84,,,,MS,ITAU,,,
2026-03-31T00:45:49.226Z,market,trade,TESTE,100053.85989782862,114,,,,CITI,CITI,,,
2026-03-31T00:45:49.391Z,market,trade,TESTE,100050.41295348796,110,,,,BTG,XP,,,
2026-03-31T00:45:49.543Z,market,trade,TESTE,100056.74466045872,56,,,,ITAU,CITI,,,
2026-03-31T00:45:49.695Z,market,trade,TESTE,100056.97351016913,73,,,,GOLDM,XP,,,
2026-03-31T00:45:49.847Z,market,trade,TESTE,100053.7073114699,129,,,,UBS,MS,,,
2026-03-31T00:45:49.999Z,market,trade,TESTE,100048.06322249988,50,,,,BARCL,CS,,,
2026-03-31T00:45:50.159Z,market,trade,TESTE,100049.70522500253,183,,,,CITI,GOLDM,,,
2026-03-31T00:45:50.309Z,market,trade,TESTE,100048.85943861998,181,,,,JPM,ITAU,,,
2026-03-31T00:45:50.462Z,market,trade,TESTE,100049.36002310985,107,,,,MS,CS,,,
2026-03-31T00:45:50.627Z,market,trade,TESTE,100053.54736582827,87,,,,XP,ITAU,,,
2026-03-31T00:45:50.777Z,market,trade,TESTE,100059.72973499972,57,,,,CS,CITI,,,
2026-03-31T00:45:50.930Z,market,trade,TESTE,100063.0018684853,44,,,,CITI,XP,,,
2026-03-31T00:45:51.099Z,market,trade,TESTE,100055.06930495413,129,,,,CITI,CITI,,,
2026-03-31T00:45:51.265Z,market,trade,TESTE,100065.13638029058,170,,,,JPM,UBS,,,
2026-03-31T00:45:51.445Z,market,trade,TESTE,100053.09593389076,65,,,,JPM,XP,,,
2026-03-31T00:45:51.629Z,market,trade,TESTE,100053.26748647155,111,,,,JPM,MS,,,
2026-03-31T00:45:51.816Z,market,trade,TESTE,100068.0795410177,49,,,,CS,BTG,,,
2026-03-31T00:45:51.987Z,market,trade,TESTE,100060.78846934222,112,,,,XP,MS,,,
2026-03-31T00:45:52.151Z,market,trade,TESTE,100075.17704770462,129,,,,BTG,GOLDM,,,
2026-03-31T00:45:52.318Z,market,trade,TESTE,100070.80461615609,125,,,,BTG,UBS,,,
2026-03-31T00:45:52.475Z,market,trade,TESTE,100070.23827530992,48,,,,UBS,XP,,,
2026-03-31T00:45:52.637Z,market,trade,TESTE,100059.4163321174,199,,,,BTG,UBS,,,
2026-03-31T00:45:52.791Z,market,trade,TESTE,100057.93083492626,191,,,,CITI,JPM,,,
2026-03-31T00:45:53.005Z,market,trade,TESTE,100071.61367209489,142,,,,UBS,JPM,,,
2026-03-31T00:45:53.161Z,market,trade,TESTE,100076.19674592905,17,,,,XP,CITI,,,
2026-03-31T00:45:53.313Z,market,trade,TESTE,100066.22570043705,59,,,,CS,JPM,,,
2026-03-31T00:45:53.486Z,market,trade,TESTE,100080.45381764832,109,,,,XP,XP,,,
2026-03-31T00:45:53.639Z,market,trade,TESTE,100069.42719072409,172,,,,JPM,XP,,,
2026-03-31T00:45:53.822Z,market,trade,TESTE,100065.13145951755,10,,,,JPM,BARCL,,,
2026-03-31T00:45:53.982Z,market,trade,TESTE,100079.89195841258,176,,,,BARCL,GOLDM,,,
2026-03-31T00:45:54.135Z,market,trade,TESTE,100074.11303192576,148,,,,CS,CITI,,,
2026-03-31T00:45:54.298Z,market,trade,TESTE,100079.99968314978,106,,,,BARCL,ITAU,,,
2026-03-31T00:45:54.460Z,market,trade,TESTE,100080.97737641192,5,,,,XP,CITI,,,
2026-03-31T00:45:54.632Z,market,trade,TESTE,100071.78955891909,61,,,,CS,UBS,,,
2026-03-31T00:45:54.817Z,market,trade,TESTE,100071.92722293947,167,,,,CITI,UBS,,,
2026-03-31T00:45:55.006Z,market,trade,TESTE,100074.37645130744,34,,,,BTG,UBS,,,
2026-03-31T00:45:55.187Z,market,trade,TESTE,100075.87641565566,164,,,,BARCL,UBS,,,
2026-03-31T00:45:55.355Z,market,trade,TESTE,100080.1411855875,82,,,,BARCL,ITAU,,,
2026-03-31T00:45:55.535Z,market,trade,TESTE,100082.67740223528,132,,,,XP,MS,,,
2026-03-31T00:45:55.695Z,market,trade,TESTE,100078.98352504538,22,,,,UBS,BTG,,,
2026-03-31T00:45:55.891Z,market,trade,TESTE,100092.5962932671,104,,,,XP,XP,,,
2026-03-31T00:45:56.166Z,market,trade,TESTE,100096.53099686687,89,,,,MS,JPM,,,
2026-03-31T00:45:56.402Z,market,trade,TESTE,100100.39710859953,102,,,,CS,MS,,,
2026-03-31T00:45:56.564Z,market,trade,TESTE,100101.35583366193,76,,,,CITI,CITI,,,
2026-03-31T00:45:56.784Z,market,trade,TESTE,100090.12744987219,98,,,,GOLDM,BTG,,,
2026-03-31T00:45:56.953Z,market,trade,TESTE,100093.10019450095,182,,,,ITAU,CITI,,,
2026-03-31T00:45:57.117Z,market,trade,TESTE,100092.42115148052,140,,,,MS,UBS,,,
2026-03-31T00:45:57.281Z,market,trade,TESTE,100102.25854642826,11,,,,BTG,ITAU,,,
2026-03-31T00:45:57.460Z,market,trade,TESTE,100105.81354468508,195,,,,ITAU,CS,,,
2026-03-31T00:45:57.616Z,market,trade,TESTE,100107.48564610456,188,,,,CITI,ITAU,,,
2026-03-31T00:45:57.770Z,market,trade,TESTE,100094.5920019115,164,,,,XP,GOLDM,,,
2026-03-31T00:45:57.937Z,market,trade,TESTE,100105.03928886184,146,,,,JPM,JPM,,,
2026-03-31T00:45:58.093Z,market,trade,TESTE,100104.84473468701,193,,,,XP,BARCL,,,
2026-03-31T00:45:58.254Z,market,trade,TESTE,100101.11942183769,34,,,,ITAU,BARCL,,,
2026-03-31T00:45:58.433Z,market,trade,TESTE,100088.98668971387,110,,,,CITI,ITAU,,,
2026-03-31T00:45:58.597Z,market,trade,TESTE,100088.15962627076,19,,,,BARCL,UBS,,,
2026-03-31T00:45:58.758Z,market,trade,TESTE,100095.58641274956,200,,,,CS,CITI,,,
2026-03-31T00:45:58.922Z,market,trade,TESTE,100084.8052420561,40,,,,CS,JPM,,,
2026-03-31T00:45:59.083Z,market,trade,TESTE,100091.25712178688,140,,,,CITI,ITAU,,,
2026-03-31T00:45:59.236Z,market,trade,TESTE,100090.1717208472,134,,,,UBS,MS,,,
2026-03-31T00:45:59.387Z,market,trade,TESTE,100093.02365263486,50,,,,ITAU,GOLDM,,,
2026-03-31T00:45:59.545Z,market,trade,TESTE,100093.80446904596,55,,,,BTG,BTG,,,
2026-03-31T00:45:59.711Z,market,trade,TESTE,100096.11593681705,185,,,,CITI,GOLDM,,,
2026-03-31T00:45:59.875Z,market,trade,TESTE,100095.07387324487,60,,,,JPM,MS,,,
2026-03-31T00:46:00.028Z,market,trade,TESTE,100096.24754311678,17,,,,CS,JPM,,,
2026-03-31T00:46:00.193Z,market,trade,TESTE,100096.20570830532,77,,,,ITAU,XP,,,
2026-03-31T00:46:00.357Z,market,trade,TESTE,100082.03996873953,193,,,,BARCL,GOLDM,,,
2026-03-31T00:46:00.507Z,market,trade,TESTE,100091.12102085333,166,,,,GOLDM,MS,,,
2026-03-31T00:46:00.659Z,market,trade,TESTE,100082.70851989875,138,,,,XP,ITAU,,,
2026-03-31T00:46:00.824Z,market,trade,TESTE,100082.70651816593,132,,,,ITAU,CS,,,
2026-03-31T00:46:00.977Z,market,trade,TESTE,100092.90563011395,25,,,,JPM,CS,,,
2026-03-31T00:46:01.141Z,market,trade,TESTE,100081.44547239537,112,,,,XP,UBS,,,
2026-03-31T00:46:01.292Z,market,trade,TESTE,100090.2149418893,66,,,,GOLDM,BARCL,,,
2026-03-31T00:46:01.458Z,market,trade,TESTE,100089.69882134846,111,,,,ITAU,CS,,,
2026-03-31T00:46:01.624Z,market,trade,TESTE,100093.01148830992,96,,,,ITAU,CITI,,,
2026-03-31T00:46:01.776Z,market,trade,TESTE,100090.98169442649,195,,,,UBS,MS,,,
2026-03-31T00:46:01.938Z,market,trade,TESTE,100086.78094166757,178,,,,CS,CS,,,
2026-03-31T00:46:02.091Z,market,trade,TESTE,100087.4081757458,165,,,,MS,CITI,,,
2026-03-31T00:46:02.241Z,market,trade,TESTE,100092.0242797456,144,,,,CITI,CITI,,,
2026-03-31T00:46:02.392Z,market,trade,TESTE,100087.49267827657,12,,,,MS,MS,,,
2026-03-31T00:46:02.558Z,market,trade,TESTE,100076.132800845,50,,,,BTG,MS,,,
2026-03-31T00:46:02.724Z,market,trade,TESTE,100072.96848922665,82,,,,BTG,BTG,,,
2026-03-31T00:46:02.875Z,market,trade,TESTE,100076.88921475358,157,,,,UBS,GOLDM,,,
2026-03-31T00:46:03.041Z,market,trade,TESTE,100074.01812446116,165,,,,BTG,ITAU,,,
2026-03-31T01:04:10.984Z,market,trade,TESTE,100001.04926204168,194,,,,MS,ITAU,,,
2026-03-31T01:04:11.135Z,market,trade,TESTE,99987.65874059525,108,,,,ITAU,BARCL,,,
2026-03-31T01:04:11.287Z,market,flow_inversion,,,,,,,,,0,78,BTG
2026-03-31T01:04:11.287Z,market,trade,TESTE,99995.27571135401,78,,,,BTG,ITAU,,,
2026-03-31T01:04:11.450Z,market,trade,TESTE,99994.34587897274,62,,,,JPM,ITAU,,,
2026-03-31T01:04:11.602Z,market,trade,TESTE,99982.90823501004,38,,,,CS,MS,,,
2026-03-31T01:04:11.767Z,market,flow_inversion,,,,,,,,,0,45,UBS
2026-03-31T01:04:11.767Z,market,trade,TESTE,99983.278673744,45,,,,UBS,BTG,,,
2026-03-31T01:04:11.924Z,market,trade,TESTE,99989.47325112915,37,,,,XP,CITI,,,
2026-03-31T01:04:12.086Z,market,trade,TESTE,99979.17198598546,158,,,,MS,BTG,,,
2026-03-31T01:04:12.245Z,market,trade,TESTE,99988.00301315788,81,,,,ITAU,XP,,,
2026-03-31T01:04:12.401Z,market,trade,TESTE,99973.48293900891,166,,,,CS,CS,,,
2026-03-31T01:04:12.553Z,market,trade,TESTE,99970.44517277803,97,,,,GOLDM,BARCL,,,
2026-03-31T01:04:12.708Z,market,trade,TESTE,99970.66053520358,84,,,,CITI,CITI,,,
2026-03-31T01:04:12.858Z,market,trade,TESTE,99983.79001308723,20,,,,GOLDM,CS,,,
2026-03-31T01:04:13.010Z,market,trade,TESTE,99982.67887917245,52,,,,XP,GOLDM,,,
2026-03-31T01:04:13.160Z,market,trade,TESTE,99973.74926752187,170,,,,MS,MS,,,
2026-03-31T01:04:13.316Z,market,trade,TESTE,99982.89344934841,62,,,,JPM,MS,,,
2026-03-31T01:04:13.468Z,market,trade,TESTE,99970.61226888026,33,,,,GOLDM,JPM,,,
2026-03-31T01:04:13.618Z,market,trade,TESTE,99966.57313468169,160,,,,BTG,MS,,,
2026-03-31T01:04:13.784Z,market,trade,TESTE,99972.81803895785,192,,,,ITAU,MS,,,
2026-03-31T01:04:13.936Z,market,trade,TESTE,99966.78133787874,5,,,,CITI,BTG,,,
2026-03-31T01:04:14.099Z,market,flow_inversion,,,,,,,,,73,-65,BTG
2026-03-31T01:04:14.099Z,market,trade,TESTE,99979.7724811498,138,,,,JPM,BTG,,,
2026-03-31T01:04:14.250Z,market,trade,TESTE,99968.07860846641,92,,,,ITAU,ITAU,,,
2026-03-31T01:04:14.403Z,market,trade,TESTE,99975.82334403416,153,,,,JPM,XP,,,
2026-03-31T01:04:14.554Z,market,trade,TESTE,99976.14678832752,61,,,,ITAU,CS,,,
2026-03-31T01:04:14.713Z,market,trade,TESTE,99967.3584531399,109,,,,BTG,GOLDM,,,
2026-03-31T01:04:14.865Z,market,flow_inversion,,,,,,,,,45,-35,UBS
2026-03-31T01:04:14.865Z,market,trade,TESTE,99966.83423272117,80,,,,ITAU,UBS,,,
2026-03-31T01:04:15.016Z,market,trade,TESTE,99967.12319574329,136,,,,ITAU,CS,,,
2026-03-31T01:04:15.182Z,market,trade,TESTE,99970.81329909601,167,,,,UBS,BARCL,,,
2026-03-31T01:04:15.333Z,market,trade,TESTE,99966.91361605655,112,,,,XP,ITAU,,,
2026-03-31T01:04:15.486Z,market,trade,TESTE,99980.06114334238,199,,,,XP,UBS,,,
2026-03-31T01:04:15.650Z,market,trade,TESTE,99977.44081571695,147,,,,UBS,CITI,,,
2026-03-31T01:04:15.801Z,market,trade,TESTE,99980.55643817085,174,,,,ITAU,XP,,,
2026-03-31T01:04:15.953Z,market,trade,TESTE,99967.03535683003,28,,,,GOLDM,ITAU,,,
2026-03-31T01:04:16.116Z,market,trade,TESTE,99972.48810672187,186,,,,BARCL,JPM,,,
2026-03-31T01:04:16.282Z,market,trade,TESTE,99966.26692282008,149,,,,MS,CITI,,,
2026-03-31T01:04:16.433Z,market,trade,TESTE,99961.92870133095,163,,,,MS,XP,,,
2026-03-31T01:04:16.584Z,market,trade,TESTE,99967.66081337798,121,,,,BARCL,UBS,,,
2026-03-31T01:04:16.735Z,market,trade,TESTE,99972.19421023873,106,,,,BARCL,MS,,,
2026-03-31T01:04:16.887Z,market,trade,TESTE,99972.53497556661,160,,,,BARCL,JPM,,,
2026-03-31T01:04:17.048Z,market,trade,TESTE,99975.4179974641,54,,,,UBS,ITAU,,,
2026-03-31T01:04:17.201Z,market,trade,TESTE,99969.49413182276,101,,,,BARCL,CITI,,,
2026-03-31T01:04:17.352Z,market,trade,TESTE,99974.31812301942,27,,,,ITAU,XP,,,
2026-03-31T01:04:17.503Z,market,trade,TESTE,99977.53226024348,13,,,,GOLDM,CITI,,,
2026-03-31T01:04:17.656Z,market,trade,TESTE,99990.37187334684,122,,,,UBS,CITI,,,
2026-03-31T01:04:17.818Z,market,trade,TESTE,99981.6961005769,195,,,,UBS,MS,,,
2026-03-31T01:04:17.970Z,market,trade,TESTE,99984.80780046985,68,,,,GOLDM,XP,,,
2026-03-31T01:04:18.134Z,market,trade,TESTE,99985.68327035132,34,,,,UBS,UBS,,,
2026-03-31T01:04:18.286Z,market,trade,TESTE,99997.48631954739,120,,,,UBS,ITAU,,,
2026-03-31T01:04:18.437Z,market,trade,TESTE,99992.53342260828,171,,,,XP,ITAU,,,
2026-03-31T01:04:18.602Z,market,trade,TESTE,99984.72741627574,154,,,,GOLDM,XP,,,
2026-03-31T01:04:18.753Z,market,trade,TESTE,99990.12598752938,57,,,,BARCL,ITAU,,,
2026-03-31T01:04:18.919Z,market,trade,TESTE,99980.90396594041,36,,,,CS,GOLDM,,,
2026-03-31T01:04:19.082Z,market,trade,TESTE,99984.78257039211,129,,,,JPM,BTG,,,
2026-03-31T01:04:19.248Z,market,trade,TESTE,99991.48170324661,100,,,,BARCL,BARCL,,,
2026-03-31T01:04:19.399Z,market,trade,TESTE,99985.47488905846,19,,,,UBS,GOLDM,,,
2026-03-31T01:04:19.550Z,market,trade,TESTE,99984.3940854307,12,,,,GOLDM,MS,,,
2026-03-31T01:04:19.715Z,market,trade,TESTE,99994.62351390933,15,,,,UBS,GOLDM,,,
2026-03-31T01:04:19.868Z,market,trade,TESTE,99982.03395032397,107,,,,GOLDM,CS,,,
2026-03-31T01:04:20.019Z,market,trade,TESTE,99991.37873991366,129,,,,BARCL,CITI,,,
2026-03-31T01:04:20.170Z,market,trade,TESTE,99984.58091035641,158,,,,BTG,MS,,,
2026-03-31T01:04:20.334Z,market,trade,TESTE,99997.39434767517,88,,,,BARCL,BTG,,,
2026-03-31T01:04:20.499Z,market,trade,TESTE,99992.64311317635,69,,,,BARCL,JPM,,,
2026-03-31T01:04:20.652Z,market,trade,TESTE,99978.14438847618,90,,,,JPM,CS,,,
2026-03-31T01:04:20.815Z,market,trade,TESTE,99981.1028772723,96,,,,XP,BTG,,,
2026-03-31T01:04:20.970Z,market,trade,TESTE,99984.00424879548,17,,,,MS,MS,,,
2026-03-31T01:04:21.120Z,market,trade,TESTE,99990.27693422943,144,,,,CITI,XP,,,
2026-03-31T01:04:21.283Z,market,trade,TESTE,99991.23697338377,195,,,,BARCL,MS,,,
2026-03-31T01:04:21.433Z,market,trade,TESTE,99994.97239306645,16,,,,UBS,CS,,,
2026-03-31T01:04:21.600Z,market,trade,TESTE,99999.87470787334,88,,,,BTG,ITAU,,,
2026-03-31T01:04:21.764Z,market,trade,TESTE,100001.4462022801,165,,,,MS,BARCL,,,
2026-03-31T01:04:21.917Z,market,trade,TESTE,99986.8384513404,121,,,,BARCL,GOLDM,,,
2026-03-31T01:04:22.069Z,market,trade,TESTE,99995.71825410773,20,,,,MS,CS,,,
2026-03-31T01:04:22.221Z,market,trade,TESTE,99982.95496473664,187,,,,CS,CS,,,
2026-03-31T01:04:22.386Z,market,flow_inversion,,,,,,,,,-182,8,GOLDM
2026-03-31T01:04:22.386Z,market,trade,TESTE,99996.23458276597,190,,,,GOLDM,CITI,,,
2026-03-31T01:04:22.549Z,market,trade,TESTE,100000.67717396712,161,,,,JPM,XP,,,
2026-03-31T01:04:22.701Z,market,trade,TESTE,100001.98789287554,166,,,,BARCL,GOLDM,,,
2026-03-31T01:04:22.865Z,market,trade,TESTE,99991.4749169536,38,,,,GOLDM,XP,,,
2026-03-31T01:04:23.016Z,market,trade,TESTE,99999.59885573793,41,,,,CITI,GOLDM,,,
2026-03-31T01:04:23.167Z,market,trade,TESTE,99991.36079880012,166,,,,CITI,ITAU,,,
2026-03-31T01:04:23.333Z,market,trade,TESTE,99994.27370785222,127,,,,ITAU,CS,,,
2026-03-31T01:04:23.484Z,market,trade,TESTE,99998.98968889807,176,,,,CITI,BTG,,,
2026-03-31T01:04:23.635Z,market,trade,TESTE,100007.27893768942,137,,,,CS,ITAU,,,
2026-03-31T01:04:23.786Z,market,trade,TESTE,100008.7079543961,153,,,,MS,JPM,,,
2026-03-31T01:04:23.937Z,market,trade,TESTE,100000.82597904958,58,,,,XP,GOLDM,,,
2026-03-31T01:04:24.100Z,market,trade,TESTE,100012.5899339416,38,,,,CS,BTG,,,
2026-03-31T01:04:24.251Z,market,trade,TESTE,100014.68265833503,187,,,,XP,CITI,,,
2026-03-31T01:04:24.403Z,market,trade,TESTE,100010.52985083507,95,,,,XP,GOLDM,,,
2026-03-31T01:04:24.555Z,market,trade,TESTE,99996.59001161109,42,,,,UBS,ITAU,,,
2026-03-31T01:04:24.705Z,market,trade,TESTE,100003.55318318977,81,,,,GOLDM,MS,,,
2026-03-31T01:04:24.855Z,market,trade,TESTE,100006.9558630087,43,,,,MS,XP,,,
2026-03-31T01:04:25.009Z,market,trade,TESTE,100011.66325857365,39,,,,XP,GOLDM,,,
2026-03-31T01:04:25.159Z,market,trade,TESTE,99998.16814640323,109,,,,BARCL,JPM,,,
2026-03-31T01:04:25.313Z,market,trade,TESTE,100011.9275351066,183,,,,ITAU,GOLDM,,,
2026-03-31T01:04:25.465Z,market,trade,TESTE,99997.9024114834,179,,,,XP,JPM,,,
2026-03-31T01:04:25.620Z,market,trade,TESTE,99997.78267873728,125,,,,ITAU,MS,,,
2026-03-31T01:04:25.785Z,market,trade,TESTE,100000.47800279983,81,,,,XP,BARCL,,,
2026-03-31T01:04:25.937Z,market,trade,TESTE,100015.15944182513,118,,,,CITI,BARCL,,,
2026-03-31T01:04:26.101Z,market,flow_inversion,,,,,,,,,-155,11,UBS
2026-03-31T01:04:26.101Z,market,trade,TESTE,100006.12240826766,166,,,,UBS,CITI,,,
2026-03-31T01:04:26.254Z,market,trade,TESTE,100014.58742802391,156,,,,UBS,MS,,,
2026-03-31T01:04:26.416Z,market,trade,TESTE,100017.62406009235,95,,,,CITI,MS,,,
2026-03-31T01:04:26.567Z,market,trade,TESTE,100006.51089112576,188,,,,CITI,BARCL,,,
2026-03-31T01:04:26.718Z,market,trade,TESTE,100017.41179413743,35,,,,JPM,CS,,,
2026-03-31T01:04:26.877Z,market,trade,TESTE,100004.66101859284,7,,,,BARCL,BTG,,,
2026-03-31T01:04:27.032Z,market,trade,TESTE,100012.52221554678,183,,,,UBS,UBS,,,
2026-03-31T01:04:27.192Z,market,trade,TESTE,100011.70692884988,114,,,,GOLDM,MS,,,
2026-03-31T01:04:27.349Z,market,trade,TESTE,100001.96369381073,60,,,,UBS,CS,,,
2026-03-31T01:04:27.509Z,market,trade,TESTE,99999.62077603719,75,,,,UBS,JPM,,,
2026-03-31T01:04:27.669Z,market,trade,TESTE,99998.83775397019,198,,,,GOLDM,CITI,,,
2026-03-31T01:04:27.829Z,market,trade,TESTE,99996.4002788949,100,,,,BARCL,GOLDM,,,
2026-03-31T01:04:27.989Z,market,trade,TESTE,99997.96782613773,160,,,,ITAU,CS,,,
2026-03-31T01:04:28.147Z,market,trade,TESTE,99993.81633820172,47,,,,XP,CS,,,
2026-03-31T01:04:28.307Z,market,trade,TESTE,99993.18252783599,178,,,,XP,CS,,,
2026-03-31T01:04:28.466Z,market,trade,TESTE,99990.1073537304,145,,,,BTG,CS,,,
2026-03-31T01:04:28.626Z,market,trade,TESTE,99996.02549418907,167,,,,XP,XP,,,
2026-03-31T01:04:28.783Z,market,trade,TESTE,99992.36971862898,126,,,,GOLDM,BTG,,,
2026-03-31T01:04:28.942Z,market,trade,TESTE,99977.39693754414,135,,,,BARCL,BARCL,,,
2026-03-31T01:04:29.100Z,market,trade,TESTE,99975.80001917652,162,,,,CITI,GOLDM,,,
2026-03-31T01:04:29.259Z,market,trade,TESTE,99976.16322220482,186,,,,ITAU,GOLDM,,,
2026-03-31T01:04:29.417Z,market,trade,TESTE,99987.4974839108,157,,,,BTG,JPM,,,
2026-03-31T01:04:29.576Z,market,trade,TESTE,99978.20098562134,15,,,,BARCL,CITI,,,
2026-03-31T01:04:29.735Z,market,trade,TESTE,99975.11973095272,149,,,,MS,JPM,,,
2026-03-31T01:04:29.894Z,market,trade,TESTE,99976.49409332479,67,,,,MS,BARCL,,,
2026-03-31T01:04:30.051Z,market,trade,TESTE,99987.12658620218,176,,,,CS,CITI,,,
2026-03-31T01:04:30.211Z,market,trade,TESTE,99975.45312953125,200,,,,CS,JPM,,,
2026-03-31T01:04:30.367Z,market,trade,TESTE,99982.25144250321,78,,,,CITI,MS,,,
2026-03-31T01:04:30.525Z,market,trade,TESTE,99985.92525018199,72,,,,JPM,ITAU,,,
2026-03-31T01:04:30.684Z,market,trade,TESTE,99989.64476005315,133,,,,GOLDM,UBS,,,
2026-03-31T01:04:30.847Z,market,trade,TESTE,99994.63603401194,171,,,,UBS,CITI,,,
2026-03-31T01:04:31.007Z,market,trade,TESTE,99994.6798012815,23,,,,CITI,GOLDM,,,
2026-03-31T01:04:31.166Z,market,trade,TESTE,99980.19722572186,140,,,,CITI,UBS,,,
2026-03-31T01:04:31.325Z,market,trade,TESTE,99992.47629594716,81,,,,ITAU,BTG,,,
2026-03-31T01:04:31.486Z,market,trade,TESTE,99995.3817590773,98,,,,MS,CITI,,,
2026-03-31T01:04:31.644Z,market,trade,TESTE,99983.54016245992,132,,,,BARCL,XP,,,
2026-03-31T01:04:31.799Z,market,trade,TESTE,99985.31975369177,181,,,,CS,CS,,,
2026-03-31T01:04:31.957Z,market,trade,TESTE,99982.20948032838,35,,,,MS,BARCL,,,
2026-03-31T01:04:32.115Z,market,trade,TESTE,99987.75206583191,27,,,,BARCL,JPM,,,
2026-03-31T01:04:32.273Z,market,trade,TESTE,99991.617638311,134,,,,MS,MS,,,
2026-03-31T01:04:32.433Z,market,trade,TESTE,99981.93274713884,103,,,,JPM,CITI,,,
2026-03-31T01:04:32.591Z,market,trade,TESTE,99989.15028603966,128,,,,MS,XP,,,
2026-03-31T01:04:32.751Z,market,trade,TESTE,99978.11492821005,188,,,,BARCL,GOLDM,,,
2026-03-31T01:04:32.908Z,market,trade,TESTE,99979.04463021927,66,,,,MS,UBS,,,
2026-03-31T01:04:33.067Z,market,trade,TESTE,99982.36265374374,19,,,,MS,XP,,,
2026-03-31T01:04:33.225Z,market,trade,TESTE,99979.45390270549,100,,,,JPM,UBS,,,
2026-03-31T01:04:33.383Z,market,trade,TESTE,99986.29190245667,83,,,,MS,MS,,,
2026-03-31T01:04:33.542Z,market,trade,TESTE,99988.52569030505,160,,,,MS,BTG,,,
2026-03-31T01:04:33.702Z,market,trade,TESTE,99991.1831427979,94,,,,CS,CITI,,,
2026-03-31T01:04:33.864Z,market,trade,TESTE,99983.61260294986,92,,,,GOLDM,JPM,,,
2026-03-31T01:04:34.022Z,market,trade,TESTE,99989.88744558257,123,,,,BTG,MS,,,
2026-03-31T01:04:34.181Z,market,trade,TESTE,99989.88747561573,178,,,,GOLDM,MS,,,
2026-03-31T01:04:34.340Z,market,trade,TESTE,99976.88255935951,43,,,,XP,CITI,,,
2026-03-31T01:04:34.500Z,market,trade,TESTE,99976.99444065329,159,,,,BARCL,ITAU,,,
2026-03-31T01:04:34.659Z,market,trade,TESTE,99973.93145619168,81,,,,CITI,MS,,,
2026-03-31T01:04:34.818Z,market,trade,TESTE,99969.51231957774,127,,,,GOLDM,JPM,,,
2026-03-31T01:04:34.982Z,market,trade,TESTE,99973.91134781005,64,,,,CS,BARCL,,,
2026-03-31T01:04:35.136Z,market,trade,TESTE,99973.23284541543,200,,,,UBS,XP,,,
2026-03-31T01:04:35.297Z,market,trade,TESTE,99969.89906642691,100,,,,ITAU,GOLDM,,,
2026-03-31T01:04:35.457Z,market,trade,TESTE,99976.93176633112,192,,,,CS,XP,,,
2026-03-31T01:04:35.617Z,market,trade,TESTE,99977.27731263528,40,,,,XP,MS,,,
2026-03-31T01:04:35.769Z,market,trade,TESTE,99981.24289141166,181,,,,BARCL,UBS,,,
2026-03-31T01:04:35.929Z,market,trade,TESTE,99976.59126225662,92,,,,XP,MS,,,
2026-03-31T01:04:36.090Z,market,trade,TESTE,99972.04449868362,163,,,,ITAU,BTG,,,
2026-03-31T01:04:36.250Z,market,trade,TESTE,99962.8435839339,171,,,,BARCL,CS,,,
2026-03-31T01:04:36.410Z,market,trade,TESTE,99961.16393204674,42,,,,MS,JPM,,,
2026-03-31T01:04:36.570Z,market,trade,TESTE,99962.35822714065,79,,,,BTG,ITAU,,,
2026-03-31T01:04:36.731Z,market,trade,TESTE,99963.1141414026,60,,,,XP,BARCL,,,
2026-03-31T01:04:36.881Z,market,trade,TESTE,99960.52989882042,23,,,,JPM,XP,,,
2026-03-31T01:04:37.042Z,market,trade,TESTE,99969.93875531267,92,,,,XP,GOLDM,,,
2026-03-31T01:04:37.202Z,market,trade,TESTE,99959.5822622335,43,,,,JPM,MS,,,
2026-03-31T01:04:37.362Z,market,trade,TESTE,99961.88785368817,56,,,,JPM,MS,,,
2026-03-31T01:04:37.520Z,market,trade,TESTE,99960.70301139749,162,,,,XP,MS,,,
2026-03-31T01:04:37.680Z,market,trade,TESTE,99957.23620713099,128,,,,ITAU,JPM,,,
2026-03-31T01:04:37.834Z,market,flow_inversion,,,,,,,,,36,-95,UBS
2026-03-31T01:04:37.834Z,market,trade,TESTE,99962.0852357818,131,,,,CITI,UBS,,,
2026-03-31T01:04:37.995Z,market,flow_inversion,,,,,,,,,15,-169,GOLDM
2026-03-31T01:04:37.995Z,market,trade,TESTE,99963.54730398828,184,,,,CS,GOLDM,,,
2026-03-31T01:04:38.155Z,market,trade,TESTE,99964.61150043682,47,,,,ITAU,BTG,,,
2026-03-31T01:04:38.316Z,market,trade,TESTE,99963.17694923152,51,,,,BTG,JPM,,,
2026-03-31T01:04:38.477Z,market,trade,TESTE,99969.80805907342,62,,,,XP,UBS,,,
2026-03-31T01:04:38.637Z,market,trade,TESTE,99969.85608971228,128,,,,GOLDM,BTG,,,
2026-03-31T01:04:38.801Z,market,trade,TESTE,99963.36397489779,181,,,,UBS,BTG,,,
2026-03-31T01:04:38.964Z,market,trade,TESTE,99972.36111856876,149,,,,BTG,JPM,,,
2026-03-31T01:04:39.124Z,market,trade,TESTE,99967.43286100702,45,,,,CITI,MS,,,
2026-03-31T01:04:39.282Z,market,trade,TESTE,99953.45803865138,182,,,,BARCL,BARCL,,,
2026-03-31T01:04:39.440Z,market,trade,TESTE,99959.28707522641,17,,,,CITI,GOLDM,,,
2026-03-31T01:04:39.597Z,market,trade,TESTE,99950.26758514148,57,,,,ITAU,CITI,,,
2026-03-31T01:04:39.754Z,market,trade,TESTE,99955.5057706947,69,,,,MS,MS,,,
2026-03-31T01:04:39.916Z,market,trade,TESTE,99958.81563837126,191,,,,XP,MS,,,
2026-03-31T01:04:40.066Z,market,trade,TESTE,99959.10733729438,6,,,,MS,UBS,,,
2026-03-31T01:04:40.226Z,market,trade,TESTE,99949.02148946529,127,,,,MS,UBS,,,
2026-03-31T01:04:40.385Z,market,trade,TESTE,99961.51921220365,137,,,,UBS,MS,,,
2026-03-31T01:04:40.544Z,market,trade,TESTE,99949.83416323282,78,,,,MS,JPM,,,
2026-03-31T01:04:40.703Z,market,trade,TESTE,99960.87085223674,180,,,,UBS,CS,,,
2026-03-31T01:04:40.869Z,market,trade,TESTE,99954.98172265061,158,,,,CS,MS,,,
2026-03-31T01:04:41.030Z,market,trade,TESTE,99967.9623140263,126,,,,ITAU,BARCL,,,
2026-03-31T01:04:41.194Z,market,trade,TESTE,99968.76764386607,139,,,,BARCL,MS,,,
2026-03-31T01:04:41.348Z,market,trade,TESTE,99953.89567754258,102,,,,CS,BTG,,,
2026-03-31T01:04:41.508Z,market,trade,TESTE,99960.86204919536,164,,,,JPM,CS,,,
2026-03-31T01:04:41.668Z,market,trade,TESTE,99962.42067022037,66,,,,CS,BARCL,,,
2026-03-31T01:04:41.820Z,market,trade,TESTE,99960.48483801176,49,,,,CS,ITAU,,,
2026-03-31T01:04:41.980Z,market,trade,TESTE,99957.81850270867,19,,,,JPM,CS,,,
2026-03-31T01:04:42.140Z,market,trade,TESTE,99949.86060027752,105,,,,CS,ITAU,,,
2026-03-31T01:04:42.297Z,market,trade,TESTE,99951.29494205727,159,,,,CS,GOLDM,,,
2026-03-31T01:04:42.457Z,market,trade,TESTE,99950.07380958974,169,,,,BTG,BTG,,,
2026-03-31T01:04:42.615Z,market,trade,TESTE,99955.21833869518,126,,,,BARCL,MS,,,
2026-03-31T01:04:42.775Z,market,trade,TESTE,99953.99031992174,33,,,,CS,CITI,,,
2026-03-31T01:04:42.932Z,market,trade,TESTE,99949.70114978368,91,,,,XP,ITAU,,,
2026-03-31T01:04:43.092Z,market,trade,TESTE,99944.98127530269,24,,,,BARCL,XP,,,
2026-03-31T01:04:43.249Z,market,trade,TESTE,99931.38139339458,197,,,,CITI,CS,,,
2026-03-31T01:04:43.414Z,market,trade,TESTE,99934.83389208064,65,,,,MS,MS,,,
2026-03-31T01:04:43.573Z,market,trade,TESTE,99937.99136055437,30,,,,ITAU,CITI,,,
2026-03-31T01:04:43.732Z,market,trade,TESTE,99933.48608904591,162,,,,JPM,MS,,,
2026-03-31T01:04:43.886Z,market,trade,TESTE,99936.38087717244,119,,,,CS,BARCL,,,
2026-03-31T01:04:44.045Z,market,trade,TESTE,99948.25606085615,200,,,,MS,CS,,,
2026-03-31T01:04:44.201Z,market,trade,TESTE,99945.69815756522,114,,,,UBS,CITI,,,
2026-03-31T01:04:44.353Z,market,trade,TESTE,99936.87173093791,13,,,,GOLDM,CS,,,
2026-03-31T01:04:44.504Z,market,trade,TESTE,99946.58779815886,28,,,,BTG,ITAU,,,
2026-03-31T01:04:44.670Z,market,trade,TESTE,99933.73493193125,181,,,,XP,BARCL,,,
2026-03-31T01:04:44.821Z,market,trade,TESTE,99943.51217440858,71,,,,BARCL,JPM,,,
2026-03-31T01:04:44.985Z,market,trade,TESTE,99931.69273390829,120,,,,GOLDM,BARCL,,,
2026-03-31T01:04:45.144Z,market,trade,TESTE,99935.01928750165,42,,,,CS,UBS,,,
2026-03-31T01:04:45.303Z,market,trade,TESTE,99937.94978858579,25,,,,BTG,BTG,,,
2026-03-31T01:04:45.469Z,market,trade,TESTE,99937.4963573064,106,,,,ITAU,CS,,,
2026-03-31T01:04:45.621Z,market,trade,TESTE,99945.59275896114,103,,,,CS,BARCL,,,
2026-03-31T01:04:45.781Z,market,trade,TESTE,99949.85946955241,38,,,,MS,XP,,,
2026-03-31T01:04:45.947Z,market,trade,TESTE,99950.49603777759,13,,,,CITI,ITAU,,,
2026-03-31T01:04:46.101Z,market,trade,TESTE,99940.04251202873,198,,,,UBS,UBS,,,
2026-03-31T01:04:46.251Z,market,trade,TESTE,99952.35144197433,185,,,,BARCL,MS,,,
2026-03-31T01:06:22.972Z,market,trade,TESTE,99997.74172566332,28,,,,ITAU,CITI,,,
2026-03-31T01:06:23.132Z,market,trade,TESTE,99994.82082922023,164,,,,BTG,JPM,,,
2026-03-31T01:06:23.287Z,market,trade,TESTE,99994.37625981777,172,,,,BARCL,BTG,,,
2026-03-31T01:06:23.439Z,market,trade,TESTE,100004.15347205014,181,,,,MS,ITAU,,,
2026-03-31T01:06:23.600Z,market,trade,TESTE,99997.0843499515,81,,,,CITI,BARCL,,,
2026-03-31T01:06:23.755Z,market,trade,TESTE,100009.47598359306,73,,,,BARCL,CITI,,,
2026-03-31T01:06:23.920Z,market,trade,TESTE,100006.38441096128,59,,,,BTG,CS,,,
2026-03-31T01:06:24.074Z,market,trade,TESTE,100010.41778657498,89,,,,UBS,UBS,,,
2026-03-31T01:06:24.230Z,market,trade,TESTE,100004.73354627432,19,,,,XP,BARCL,,,
2026-03-31T01:06:24.382Z,market,trade,TESTE,100001.78536513654,108,,,,MS,CS,,,
2026-03-31T01:06:24.548Z,market,flow_inversion,,,,,,,,,0,182,GOLDM
2026-03-31T01:06:24.548Z,market,trade,TESTE,100014.84474411674,182,,,,GOLDM,JPM,,,
2026-03-31T01:06:24.699Z,market,trade,TESTE,100012.4161082774,157,,,,BARCL,CITI,,,
2026-03-31T01:06:24.864Z,market,trade,TESTE,100012.56728173186,110,,,,MS,GOLDM,,,
2026-03-31T01:06:25.022Z,market,trade,TESTE,100006.14603742349,181,,,,XP,ITAU,,,
2026-03-31T01:06:25.186Z,market,trade,TESTE,100008.12744337838,127,,,,ITAU,BTG,,,
2026-03-31T01:06:25.344Z,market,trade,TESTE,100015.35872547649,30,,,,XP,JPM,,,
2026-03-31T01:06:25.499Z,market,trade,TESTE,100017.58012083184,159,,,,CS,UBS,,,
2026-03-31T01:06:25.660Z,market,trade,TESTE,100017.78009195082,158,,,,BARCL,BTG,,,
2026-03-31T01:06:25.817Z,market,flow_inversion,,,,,,,,,-89,107,UBS
2026-03-31T01:06:25.817Z,market,trade,TESTE,100012.3114065793,196,,,,UBS,BTG,,,
2026-03-31T01:06:25.978Z,market,trade,TESTE,100027.17939919629,54,,,,ITAU,BARCL,,,
2026-03-31T01:06:26.138Z,market,trade,TESTE,100027.76797453829,101,,,,JPM,CS,,,
2026-03-31T01:06:26.294Z,market,trade,TESTE,100014.57772549831,117,,,,CS,XP,,,
2026-03-31T01:06:26.451Z,market,trade,TESTE,100028.97825189686,177,,,,GOLDM,GOLDM,,,
2026-03-31T01:06:26.601Z,market,trade,TESTE,100024.05445796135,89,,,,CS,ITAU,,,
2026-03-31T01:06:26.759Z,market,trade,TESTE,100011.26657271528,187,,,,CS,XP,,,
2026-03-31T01:06:26.910Z,market,trade,TESTE,100016.87966763548,172,,,,UBS,CS,,,
2026-03-31T01:06:27.066Z,market,trade,TESTE,100018.05338318308,89,,,,MS,CITI,,,
2026-03-31T01:06:27.222Z,market,trade,TESTE,100019.76723620598,135,,,,CITI,CS,,,
2026-03-31T01:06:27.385Z,market,trade,TESTE,100015.17674648545,188,,,,CS,UBS,,,
2026-03-31T01:06:27.535Z,market,trade,TESTE,100012.49208005055,106,,,,GOLDM,BTG,,,
2026-03-31T01:06:27.686Z,market,trade,TESTE,100014.79653483078,48,,,,XP,MS,,,
2026-03-31T01:06:27.839Z,market,trade,TESTE,100013.89834828317,61,,,,BTG,GOLDM,,,
2026-03-31T01:06:27.993Z,market,trade,TESTE,100002.19759446876,28,,,,BTG,JPM,,,
2026-03-31T01:06:28.156Z,market,trade,TESTE,100006.21837904226,57,,,,UBS,CS,,,
2026-03-31T01:06:28.315Z,market,trade,TESTE,100016.88864255219,200,,,,MS,GOLDM,,,
2026-03-31T01:06:28.474Z,market,trade,TESTE,100009.62927891783,124,,,,UBS,GOLDM,,,
2026-03-31T01:06:28.631Z,market,trade,TESTE,100018.10686118821,184,,,,GOLDM,CITI,,,
2026-03-31T01:06:28.789Z,market,trade,TESTE,100017.76574049136,121,,,,GOLDM,BTG,,,
2026-03-31T01:06:28.946Z,market,trade,TESTE,100018.36254677908,26,,,,JPM,CITI,,,
2026-03-31T01:06:29.104Z,market,trade,TESTE,100008.89637498323,198,,,,BARCL,UBS,,,
2026-03-31T01:06:29.260Z,market,trade,TESTE,100019.83158082298,95,,,,MS,CITI,,,
2026-03-31T01:06:29.414Z,market,trade,TESTE,100023.44916640318,58,,,,UBS,CS,,,
2026-03-31T01:06:29.573Z,market,trade,TESTE,100021.55401067625,9,,,,CITI,GOLDM,,,
2026-03-31T01:06:29.728Z,market,trade,TESTE,100023.51693027676,101,,,,UBS,CS,,,
2026-03-31T01:06:29.887Z,market,trade,TESTE,100023.76851578878,133,,,,MS,ITAU,,,
2026-03-31T01:06:30.043Z,market,trade,TESTE,100023.92707994508,39,,,,ITAU,GOLDM,,,
2026-03-31T01:06:30.194Z,market,trade,TESTE,100025.55133828835,21,,,,BARCL,BARCL,,,
2026-03-31T01:06:30.351Z,market,trade,TESTE,100030.36710001036,36,,,,ITAU,JPM,,,
2026-03-31T01:06:30.508Z,market,trade,TESTE,100017.46611117713,97,,,,BTG,ITAU,,,
2026-03-31T01:06:30.665Z,market,trade,TESTE,100022.6396212207,157,,,,CITI,XP,,,
2026-03-31T01:06:30.823Z,market,trade,TESTE,100021.31485853177,151,,,,BARCL,XP,,,
2026-03-31T01:06:30.981Z,market,trade,TESTE,100020.95513393985,79,,,,MS,ITAU,,,
2026-03-31T01:06:31.136Z,market,trade,TESTE,100006.18211565868,122,,,,ITAU,BARCL,,,
2026-03-31T01:06:31.299Z,market,trade,TESTE,100011.14244572635,38,,,,CS,CS,,,
2026-03-31T01:06:31.451Z,market,trade,TESTE,100022.46112302181,19,,,,BTG,XP,,,
2026-03-31T01:06:31.605Z,market,trade,TESTE,100023.3310069879,74,,,,ITAU,JPM,,,
2026-03-31T01:06:31.766Z,market,trade,TESTE,100027.39573486253,176,,,,JPM,MS,,,
2026-03-31T01:06:31.930Z,market,trade,TESTE,100012.68219681042,93,,,,JPM,BARCL,,,
2026-03-31T01:06:32.088Z,market,trade,TESTE,100013.49724702246,95,,,,UBS,GOLDM,,,
2026-03-31T01:06:32.248Z,market,trade,TESTE,100019.88933551502,101,,,,JPM,BARCL,,,
2026-03-31T01:06:32.406Z,market,trade,TESTE,100017.45568986905,87,,,,ITAU,GOLDM,,,
2026-03-31T01:06:32.562Z,market,trade,TESTE,100017.53513002771,5,,,,BARCL,BARCL,,,
2026-03-31T01:06:32.721Z,market,flow_inversion,,,,,,,,,-94,17,BTG
2026-03-31T01:06:32.721Z,market,trade,TESTE,100016.43952727105,111,,,,BTG,GOLDM,,,
2026-03-31T01:06:32.882Z,market,trade,TESTE,100003.98466600664,24,,,,ITAU,UBS,,,
2026-03-31T01:06:33.034Z,market,trade,TESTE,100011.08443816258,188,,,,JPM,MS,,,
2026-03-31T01:06:33.185Z,market,trade,TESTE,99999.08728730264,197,,,,BARCL,XP,,,
2026-03-31T01:06:33.351Z,market,trade,TESTE,99997.82966858015,25,,,,UBS,JPM,,,
2026-03-31T01:06:33.502Z,market,trade,TESTE,100008.61423442709,29,,,,UBS,JPM,,,
2026-03-31T01:06:33.653Z,market,trade,TESTE,99995.52901953035,17,,,,ITAU,BARCL,,,
2026-03-31T01:06:33.804Z,market,trade,TESTE,99997.32366083063,167,,,,BARCL,CITI,,,
2026-03-31T01:06:33.955Z,market,trade,TESTE,100000.71959544183,110,,,,JPM,CS,,,
2026-03-31T01:06:34.119Z,market,trade,TESTE,100002.96701128568,87,,,,BTG,BARCL,,,
2026-03-31T01:06:34.270Z,market,trade,TESTE,99998.15862888693,193,,,,XP,CS,,,
2026-03-31T01:06:34.433Z,market,trade,TESTE,100008.35126742396,28,,,,CITI,BTG,,,
2026-03-31T01:06:34.585Z,market,trade,TESTE,100009.3697940661,138,,,,GOLDM,CS,,,
2026-03-31T01:06:34.736Z,market,trade,TESTE,100004.45809387689,169,,,,JPM,JPM,,,
2026-03-31T01:06:34.902Z,market,trade,TESTE,100004.38912324923,150,,,,XP,JPM,,,
2026-03-31T01:06:35.053Z,market,trade,TESTE,99993.71201614954,120,,,,XP,UBS,,,
2026-03-31T01:06:35.203Z,market,trade,TESTE,99990.09493606992,37,,,,MS,CS,,,
2026-03-31T01:06:35.356Z,market,trade,TESTE,100000.824176849,71,,,,MS,MS,,,
2026-03-31T01:06:35.511Z,market,trade,TESTE,99988.43012018908,114,,,,CITI,BARCL,,,
2026-03-31T01:06:35.665Z,market,trade,TESTE,99999.4433939332,29,,,,GOLDM,ITAU,,,
2026-03-31T01:06:35.816Z,market,trade,TESTE,99987.71403638086,137,,,,JPM,XP,,,
2026-03-31T01:06:35.967Z,market,trade,TESTE,99993.31591842468,128,,,,BTG,UBS,,,
2026-03-31T01:06:36.123Z,market,trade,TESTE,99984.9464950958,26,,,,XP,ITAU,,,
2026-03-31T01:06:36.286Z,market,trade,TESTE,99982.78621075682,178,,,,UBS,GOLDM,,,
2026-03-31T01:06:36.436Z,market,trade,TESTE,99996.79949804461,197,,,,GOLDM,GOLDM,,,
2026-03-31T01:06:36.587Z,market,trade,TESTE,100001.56198383926,158,,,,ITAU,CITI,,,
2026-03-31T01:06:36.751Z,market,trade,TESTE,99994.44493502444,48,,,,JPM,XP,,,
2026-03-31T01:06:36.920Z,market,trade,TESTE,100007.46727830515,165,,,,JPM,UBS,,,
2026-03-31T01:06:37.086Z,market,trade,TESTE,100012.13235773004,38,,,,CITI,CITI,,,
2026-03-31T01:06:37.248Z,market,trade,TESTE,100000.30590185175,90,,,,UBS,UBS,,,
2026-03-31T01:06:37.401Z,market,trade,TESTE,100014.61567002507,79,,,,CS,JPM,,,
2026-03-31T01:06:37.564Z,market,trade,TESTE,100008.24414845013,117,,,,MS,BARCL,,,
2026-03-31T01:06:37.718Z,market,trade,TESTE,100022.32944141126,130,,,,JPM,JPM,,,
2026-03-31T01:06:37.869Z,market,trade,TESTE,100020.75975966462,181,,,,GOLDM,JPM,,,
2026-03-31T01:06:38.020Z,market,trade,TESTE,100011.20108005776,89,,,,MS,GOLDM,,,
2026-03-31T01:06:38.171Z,market,trade,TESTE,100010.94446473851,9,,,,CS,BARCL,,,
2026-03-31T01:06:38.322Z,market,trade,TESTE,100010.22561660776,160,,,,BARCL,JPM,,,
2026-03-31T01:06:38.475Z,market,trade,TESTE,100011.18717080889,77,,,,XP,BARCL,,,
2026-03-31T01:06:38.627Z,market,trade,TESTE,100022.28577708651,82,,,,XP,CS,,,
2026-03-31T01:06:38.786Z,market,trade,TESTE,100012.43934897067,49,,,,ITAU,CS,,,
2026-03-31T01:06:38.952Z,market,trade,TESTE,100015.61528436378,12,,,,CS,ITAU,,,
2026-03-31T01:06:39.102Z,market,trade,TESTE,100017.62740975789,186,,,,JPM,CITI,,,
2026-03-31T01:06:39.253Z,market,trade,TESTE,100017.30160607347,178,,,,BARCL,CITI,,,
2026-03-31T01:06:39.409Z,market,trade,TESTE,100024.62705581624,96,,,,UBS,BTG,,,
2026-03-31T01:06:39.565Z,market,trade,TESTE,100022.41460338964,53,,,,GOLDM,UBS,,,
2026-03-31T01:06:39.716Z,market,trade,TESTE,100019.31448720171,184,,,,JPM,GOLDM,,,
2026-03-31T01:06:39.869Z,market,trade,TESTE,100017.99015258945,187,,,,JPM,XP,,,
2026-03-31T01:06:40.019Z,market,trade,TESTE,100003.38744209423,198,,,,XP,ITAU,,,
2026-03-31T01:06:40.170Z,market,trade,TESTE,100002.53947037351,113,,,,CITI,UBS,,,
2026-03-31T01:06:40.334Z,market,trade,TESTE,100010.74810342105,149,,,,UBS,BARCL,,,
2026-03-31T01:06:40.486Z,market,trade,TESTE,100011.28377287123,137,,,,GOLDM,BARCL,,,
2026-03-31T01:06:40.651Z,market,trade,TESTE,100006.51520216152,127,,,,JPM,BARCL,,,
2026-03-31T01:06:40.814Z,market,trade,TESTE,100005.67407355289,96,,,,UBS,CITI,,,
2026-03-31T01:06:40.968Z,market,trade,TESTE,100010.29645261994,148,,,,XP,GOLDM,,,
2026-03-31T01:06:41.132Z,market,trade,TESTE,100000.78069987333,96,,,,CS,CS,,,
2026-03-31T01:06:41.284Z,market,trade,TESTE,100000.94641650008,189,,,,CITI,CS,,,
2026-03-31T01:06:41.448Z,market,trade,TESTE,100004.7359895383,104,,,,UBS,CITI,,,
2026-03-31T01:06:41.599Z,market,trade,TESTE,100013.70939901422,23,,,,ITAU,BARCL,,,
2026-03-31T01:06:41.765Z,market,trade,TESTE,100011.45937535148,14,,,,ITAU,CITI,,,
2026-03-31T01:06:41.918Z,market,trade,TESTE,99997.13538387454,145,,,,XP,JPM,,,
2026-03-31T01:06:42.081Z,market,trade,TESTE,100006.88869427542,184,,,,JPM,BARCL,,,
2026-03-31T01:06:42.233Z,market,trade,TESTE,100006.0254009776,65,,,,MS,BARCL,,,
2026-03-31T01:06:42.397Z,market,trade,TESTE,99995.10807295538,195,,,,XP,MS,,,
2026-03-31T01:06:42.549Z,market,trade,TESTE,100001.81756306296,18,,,,XP,MS,,,
2026-03-31T01:06:42.699Z,market,trade,TESTE,99994.70186772906,170,,,,CS,BARCL,,,
2026-03-31T01:06:42.851Z,market,trade,TESTE,100008.3335468872,193,,,,BTG,XP,,,
2026-03-31T01:06:43.016Z,market,trade,TESTE,100003.73186664657,85,,,,ITAU,CS,,,
2026-03-31T01:06:43.178Z,market,trade,TESTE,100003.47647915795,58,,,,BTG,UBS,,,
2026-03-31T01:06:43.331Z,market,trade,TESTE,100007.5637820335,151,,,,MS,JPM,,,
2026-03-31T01:06:43.483Z,market,trade,TESTE,99993.22361464446,104,,,,BTG,ITAU,,,
2026-03-31T01:06:43.633Z,market,trade,TESTE,100003.72110581979,83,,,,BARCL,ITAU,,,
2026-03-31T01:06:43.798Z,market,trade,TESTE,99999.78293118678,84,,,,UBS,BTG,,,
2026-03-31T01:06:43.951Z,market,trade,TESTE,99996.32006113525,67,,,,GOLDM,CITI,,,
2026-03-31T01:06:44.115Z,market,trade,TESTE,99991.8478975714,120,,,,XP,ITAU,,,
2026-03-31T01:06:44.265Z,market,trade,TESTE,99991.61287426058,91,,,,CITI,BTG,,,
2026-03-31T01:06:44.419Z,market,trade,TESTE,99989.56143355326,59,,,,JPM,XP,,,
2026-03-31T01:06:44.569Z,market,trade,TESTE,99982.46799560703,68,,,,BTG,MS,,,
2026-03-31T01:06:44.732Z,market,trade,TESTE,99984.97424416954,94,,,,JPM,XP,,,
2026-03-31T01:06:44.886Z,market,trade,TESTE,99991.74397403783,66,,,,BTG,JPM,,,
2026-03-31T01:06:45.037Z,market,trade,TESTE,99996.1503932413,73,,,,ITAU,UBS,,,
2026-03-31T01:06:45.201Z,market,trade,TESTE,99998.245486965,68,,,,CS,CITI,,,
2026-03-31T01:06:45.370Z,market,trade,TESTE,99987.15977826658,149,,,,XP,BARCL,,,
2026-03-31T01:06:45.532Z,market,trade,TESTE,99990.81664433758,163,,,,BTG,ITAU,,,
2026-03-31T01:06:45.683Z,market,trade,TESTE,100005.52305228137,165,,,,CS,ITAU,,,
2026-03-31T01:06:45.847Z,market,trade,TESTE,100001.53276005587,16,,,,CS,XP,,,
2026-03-31T01:06:45.999Z,market,trade,TESTE,99988.5680956512,108,,,,GOLDM,BTG,,,
2026-03-31T01:06:46.151Z,market,trade,TESTE,99993.2996529167,106,,,,ITAU,BTG,,,
2026-03-31T01:06:46.314Z,market,trade,TESTE,100002.47521336502,95,,,,GOLDM,ITAU,,,
2026-03-31T01:06:46.465Z,market,trade,TESTE,99994.75152864883,7,,,,XP,JPM,,,
2026-03-31T01:06:46.618Z,market,trade,TESTE,100009.487940781,99,,,,GOLDM,ITAU,,,
2026-03-31T01:06:46.781Z,market,trade,TESTE,99998.56531173008,40,,,,CITI,CITI,,,
2026-03-31T01:06:46.935Z,market,trade,TESTE,100012.1312986161,162,,,,CS,ITAU,,,
2026-03-31T01:06:47.098Z,market,trade,TESTE,100005.91897720264,176,,,,UBS,CS,,,
2026-03-31T01:06:47.250Z,market,trade,TESTE,100002.87489417012,178,,,,MS,ITAU,,,
2026-03-31T01:06:47.402Z,market,trade,TESTE,100004.2852219856,7,,,,UBS,GOLDM,,,
2026-03-31T01:06:47.564Z,market,trade,TESTE,100003.84045431965,23,,,,JPM,XP,,,
2026-03-31T01:06:47.715Z,market,trade,TESTE,99999.2913450666,57,,,,ITAU,MS,,,
2026-03-31T01:06:47.865Z,market,trade,TESTE,100008.70547540409,14,,,,GOLDM,ITAU,,,
2026-03-31T01:06:48.031Z,market,trade,TESTE,100006.25638383068,101,,,,JPM,BARCL,,,
2026-03-31T01:06:48.183Z,market,trade,TESTE,100006.70368364747,101,,,,CITI,XP,,,
2026-03-31T01:06:48.335Z,market,trade,TESTE,100005.17119339916,167,,,,JPM,BARCL,,,
2026-03-31T01:06:48.486Z,market,trade,TESTE,100009.81113414674,26,,,,ITAU,UBS,,,
2026-03-31T01:06:48.648Z,market,trade,TESTE,99995.18946371063,68,,,,JPM,GOLDM,,,
2026-03-31T01:06:48.799Z,market,trade,TESTE,100009.07158746109,67,,,,BARCL,ITAU,,,
2026-03-31T01:06:48.950Z,market,trade,TESTE,100006.14433467368,9,,,,UBS,JPM,,,
2026-03-31T01:06:49.103Z,market,trade,TESTE,100009.39499694694,108,,,,CS,CS,,,
2026-03-31T01:06:49.254Z,market,trade,TESTE,100012.2018596732,43,,,,ITAU,GOLDM,,,
2026-03-31T01:06:49.411Z,market,trade,TESTE,100005.10345878938,7,,,,GOLDM,BTG,,,
2026-03-31T01:06:49.565Z,market,trade,TESTE,100008.52039494178,143,,,,BTG,GOLDM,,,
2026-03-31T01:06:49.730Z,market,trade,TESTE,100014.94621218224,116,,,,GOLDM,UBS,,,
2026-03-31T01:06:49.885Z,market,trade,TESTE,100018.23858552566,21,,,,BARCL,XP,,,
2026-03-31T01:06:50.049Z,market,trade,TESTE,100017.77625736353,142,,,,JPM,ITAU,,,
2026-03-31T01:06:50.224Z,market,trade,TESTE,100013.16076278442,62,,,,UBS,MS,,,
2026-03-31T01:06:50.385Z,market,trade,TESTE,100012.96020351836,145,,,,BTG,MS,,,
2026-03-31T01:06:50.556Z,market,trade,TESTE,100011.85659413121,20,,,,UBS,XP,,,
2026-03-31T01:06:50.715Z,market,trade,TESTE,100008.93344679732,122,,,,MS,CITI,,,
2026-03-31T01:06:50.874Z,market,trade,TESTE,99997.4838693133,131,,,,CITI,JPM,,,
2026-03-31T01:06:51.029Z,market,trade,TESTE,99994.84059694629,91,,,,XP,CS,,,
2026-03-31T01:06:51.186Z,market,trade,TESTE,99992.47643927744,178,,,,BTG,BARCL,,,
2026-03-31T01:06:51.338Z,market,trade,TESTE,99999.37084896649,58,,,,CS,BARCL,,,
2026-03-31T01:06:51.496Z,market,trade,TESTE,99990.33756848764,78,,,,CITI,UBS,,,
2026-03-31T01:06:51.650Z,market,trade,TESTE,99992.40064531636,98,,,,GOLDM,MS,,,
2026-03-31T01:06:51.812Z,market,trade,TESTE,99999.5735839756,64,,,,UBS,UBS,,,
2026-03-31T01:06:51.999Z,market,trade,TESTE,100004.49990706744,10,,,,UBS,CS,,,
2026-03-31T01:06:52.150Z,market,trade,TESTE,99997.14161014969,184,,,,GOLDM,JPM,,,
2026-03-31T01:06:52.301Z,market,trade,TESTE,100001.59633147693,50,,,,JPM,UBS,,,
2026-03-31T01:06:52.453Z,market,trade,TESTE,100010.52636445242,74,,,,UBS,BARCL,,,
2026-03-31T01:06:52.617Z,market,trade,TESTE,99998.54054825527,95,,,,BARCL,BTG,,,
2026-03-31T01:06:52.768Z,market,trade,TESTE,99997.6723752955,58,,,,BTG,CS,,,
2026-03-31T01:06:52.932Z,market,trade,TESTE,100008.0670613516,123,,,,CITI,ITAU,,,
2026-03-31T01:06:53.083Z,market,trade,TESTE,100002.52737719359,41,,,,MS,MS,,,
2026-03-31T01:06:53.236Z,market,trade,TESTE,100007.9065451688,160,,,,GOLDM,MS,,,
2026-03-31T01:06:53.401Z,market,trade,TESTE,100006.05519448729,159,,,,JPM,BARCL,,,
2026-03-31T01:06:53.552Z,market,trade,TESTE,100002.48742554283,163,,,,UBS,ITAU,,,
2026-03-31T01:06:53.703Z,market,trade,TESTE,100004.59329277967,79,,,,JPM,JPM,,,
2026-03-31T01:06:53.865Z,market,trade,TESTE,100005.29100500519,184,,,,BTG,UBS,,,
2026-03-31T01:06:54.026Z,market,trade,TESTE,100003.76577696718,96,,,,UBS,ITAU,,,
2026-03-31T01:06:54.186Z,market,trade,TESTE,100008.17703687632,134,,,,BARCL,BTG,,,
2026-03-31T01:06:54.336Z,market,trade,TESTE,99997.03639780506,164,,,,XP,GOLDM,,,
2026-03-31T01:06:54.499Z,market,trade,TESTE,100004.24608552491,139,,,,GOLDM,GOLDM,,,
2026-03-31T01:06:54.653Z,market,trade,TESTE,100005.23153732614,108,,,,CITI,ITAU,,,
2026-03-31T01:06:54.815Z,market,trade,TESTE,100001.31153553976,112,,,,UBS,UBS,,,
2026-03-31T01:06:54.983Z,market,trade,TESTE,100001.94897805672,131,,,,BTG,JPM,,,
2026-03-31T01:06:55.135Z,market,trade,TESTE,99991.80322847428,80,,,,CITI,GOLDM,,,
2026-03-31T01:06:55.286Z,market,trade,TESTE,100005.58144149944,81,,,,BTG,CS,,,
2026-03-31T01:06:55.452Z,market,trade,TESTE,100004.29158487107,51,,,,ITAU,CITI,,,
2026-03-31T01:06:55.615Z,market,trade,TESTE,99995.15185843896,155,,,,ITAU,CITI,,,
2026-03-31T01:06:55.766Z,market,trade,TESTE,99997.59713096826,113,,,,ITAU,BARCL,,,
2026-03-31T01:06:55.920Z,market,trade,TESTE,100002.18928515904,39,,,,CITI,JPM,,,
2026-03-31T01:06:56.070Z,market,trade,TESTE,99998.98838466397,138,,,,CITI,BARCL,,,
2026-03-31T01:06:56.234Z,market,trade,TESTE,100013.483954239,166,,,,XP,BTG,,,
2026-03-31T01:06:56.385Z,market,trade,TESTE,100011.20646005307,88,,,,MS,MS,,,
2026-03-31T01:06:56.549Z,market,trade,TESTE,100011.05007092476,14,,,,GOLDM,BTG,,,
2026-03-31T01:06:56.703Z,market,trade,TESTE,100002.60735163238,112,,,,MS,BARCL,,,
2026-03-31T01:06:56.864Z,market,trade,TESTE,100000.81806861656,94,,,,ITAU,MS,,,
2026-03-31T01:06:57.017Z,market,trade,TESTE,100010.53876528425,103,,,,XP,UBS,,,
2026-03-31T01:06:57.180Z,market,trade,TESTE,100007.04255410715,17,,,,JPM,BTG,,,
2026-03-31T01:06:57.335Z,market,trade,TESTE,100001.60260542389,102,,,,UBS,ITAU,,,
2026-03-31T01:06:57.498Z,market,trade,TESTE,99998.87506190345,94,,,,JPM,CS,,,
2026-03-31T01:06:57.649Z,market,trade,TESTE,100007.99608971951,138,,,,UBS,JPM,,,
2026-03-31T01:06:57.803Z,market,trade,TESTE,100006.90785681097,29,,,,XP,BARCL,,,
2026-03-31T01:06:57.968Z,market,trade,TESTE,99994.08642434175,136,,,,GOLDM,CS,,,
2026-03-31T01:06:58.120Z,market,trade,TESTE,99996.59765607538,67,,,,CS,ITAU,,,
2026-03-31T01:06:58.270Z,market,trade,TESTE,100011.15534856953,199,,,,BTG,BARCL,,,
2026-03-31T01:06:58.435Z,market,trade,TESTE,100009.30632039899,50,,,,ITAU,MS,,,
2026-03-31T01:06:58.598Z,market,trade,TESTE,99997.41203903065,14,,,,MS,CITI,,,
2026-03-31T01:06:58.750Z,market,trade,TESTE,99999.3339103076,44,,,,BARCL,UBS,,,
2026-03-31T01:06:58.914Z,market,trade,TESTE,100003.02284018573,193,,,,CITI,XP,,,
2026-03-31T01:06:59.069Z,market,trade,TESTE,100013.46196149854,145,,,,ITAU,CITI,,,
2026-03-31T01:06:59.234Z,market,trade,TESTE,99999.28173872633,135,,,,XP,GOLDM,,,
2026-03-31T01:06:59.386Z,market,trade,TESTE,100011.43894088881,168,,,,ITAU,XP,,,
2026-03-31T01:06:59.549Z,market,trade,TESTE,100007.58642968764,57,,,,CS,GOLDM,,,
2026-03-31T01:06:59.702Z,market,trade,TESTE,100007.01522147459,160,,,,ITAU,BTG,,,
2026-03-31T01:06:59.869Z,market,trade,TESTE,100010.6782760123,73,,,,JPM,XP,,,
2026-03-31T01:07:00.020Z,market,trade,TESTE,100000.65792943894,176,,,,XP,UBS,,,
2026-03-31T01:07:00.185Z,market,trade,TESTE,100001.26808390085,182,,,,GOLDM,CS,,,
2026-03-31T01:07:00.349Z,market,trade,TESTE,100013.07064143986,64,,,,MS,UBS,,,
2026-03-31T01:07:00.500Z,market,trade,TESTE,100010.07044791739,162,,,,CITI,MS,,,
2026-03-31T01:07:00.665Z,market,trade,TESTE,100010.43184688991,199,,,,UBS,BTG,,,
2026-03-31T01:07:00.816Z,market,trade,TESTE,100005.87841875397,101,,,,CITI,JPM,,,
2026-03-31T01:07:00.967Z,market,trade,TESTE,99999.29336280367,186,,,,JPM,MS,,,
2026-03-31T01:07:01.137Z,market,trade,TESTE,100011.97012940577,94,,,,BTG,MS,,,
2026-03-31T01:07:01.302Z,market,trade,TESTE,100009.80004586988,112,,,,JPM,CS,,,
2026-03-31T01:07:01.452Z,market,trade,TESTE,100005.72101619965,36,,,,UBS,ITAU,,,
2026-03-31T01:07:01.614Z,market,trade,TESTE,100008.31955715329,56,,,,MS,CITI,,,
2026-03-31T01:07:01.768Z,market,trade,TESTE,100001.66998895889,183,,,,BARCL,GOLDM,,,
2026-03-31T01:07:01.935Z,market,trade,TESTE,100002.07069570993,145,,,,CITI,BTG,,,
2026-03-31T01:07:02.086Z,market,trade,TESTE,100001.80342303553,111,,,,ITAU,XP,,,
2026-03-31T01:07:02.252Z,market,trade,TESTE,99998.15079346597,65,,,,CS,BTG,,,
2026-03-31T01:07:02.403Z,market,trade,TESTE,99994.15096391342,49,,,,CS,GOLDM,,,
2026-03-31T01:07:02.566Z,market,trade,TESTE,99993.04626031744,169,,,,UBS,UBS,,,
2026-03-31T01:07:02.729Z,market,trade,TESTE,99989.70681203192,155,,,,UBS,JPM,,,
2026-03-31T01:07:02.883Z,market,trade,TESTE,99993.69787059797,142,,,,CS,CITI,,,
2026-03-31T01:07:03.037Z,market,trade,TESTE,100000.94602713356,111,,,,XP,XP,,,
2026-03-31T01:07:03.214Z,market,trade,TESTE,99998.14690967048,118,,,,GOLDM,ITAU,,,
2026-03-31T01:07:03.380Z,market,trade,TESTE,99994.80755565096,61,,,,BTG,MS,,,
2026-03-31T01:07:03.538Z,market,trade,TESTE,99983.41500264213,198,,,,GOLDM,UBS,,,
2026-03-31T01:07:03.698Z,market,trade,TESTE,99986.68111457901,59,,,,UBS,CITI,,,
2026-03-31T01:07:03.853Z,market,trade,TESTE,99983.70128672816,113,,,,CITI,BTG,,,
2026-03-31T01:07:04.014Z,market,trade,TESTE,99988.33248975755,154,,,,MS,CITI,,,
2026-03-31T01:07:04.167Z,market,trade,TESTE,99985.34888068063,121,,,,CS,MS,,,
2026-03-31T01:07:04.320Z,market,trade,TESTE,99980.87473134322,36,,,,BTG,JPM,,,
2026-03-31T01:07:04.471Z,market,trade,TESTE,99981.30948906696,161,,,,CS,CITI,,,
2026-03-31T01:07:04.622Z,market,trade,TESTE,99985.10143679888,49,,,,ITAU,ITAU,,,
2026-03-31T01:07:04.773Z,market,trade,TESTE,99986.74752693297,131,,,,ITAU,BTG,,,
2026-03-31T01:07:04.928Z,market,trade,TESTE,99982.84025692682,94,,,,CS,BTG,,,
2026-03-31T01:07:05.083Z,market,trade,TESTE,99978.08494458073,80,,,,ITAU,CS,,,
2026-03-31T01:07:05.249Z,market,trade,TESTE,99976.75547294882,121,,,,CITI,BARCL,,,
2026-03-31T01:07:05.401Z,market,trade,TESTE,99979.20406955708,99,,,,UBS,MS,,,
2026-03-31T01:07:05.571Z,market,trade,TESTE,99982.53578960974,56,,,,GOLDM,ITAU,,,
2026-03-31T01:07:05.723Z,market,trade,TESTE,99989.01787828642,23,,,,GOLDM,CS,,,
2026-03-31T01:07:05.879Z,market,trade,TESTE,99993.1578484175,24,,,,CS,BTG,,,
2026-03-31T01:07:06.036Z,market,trade,TESTE,99986.66261280098,186,,,,CS,MS,,,
2026-03-31T01:07:06.202Z,market,trade,TESTE,99992.71463463793,96,,,,XP,BTG,,,
2026-03-31T01:07:06.353Z,market,trade,TESTE,99986.37412937653,150,,,,BTG,CS,,,
2026-03-31T01:07:06.506Z,market,trade,TESTE,99990.60611135789,34,,,,BARCL,CITI,,,
2026-03-31T01:07:06.656Z,market,trade,TESTE,100003.0408361357,77,,,,XP,MS,,,
2026-03-31T01:07:06.818Z,market,trade,TESTE,100000.60488695183,174,,,,JPM,GOLDM,,,
2026-03-31T01:07:06.969Z,market,trade,TESTE,99990.07781680263,163,,,,ITAU,JPM,,,
2026-03-31T01:07:07.120Z,market,trade,TESTE,99992.80486921614,10,,,,CITI,UBS,,,
2026-03-31T01:07:07.275Z,market,trade,TESTE,99989.15808681943,152,,,,CITI,BTG,,,
2026-03-31T01:07:07.426Z,market,trade,TESTE,99995.27408295982,171,,,,BARCL,XP,,,
2026-03-31T01:07:07.576Z,market,trade,TESTE,99983.55967749248,192,,,,UBS,GOLDM,,,
2026-03-31T01:07:07.735Z,market,trade,TESTE,99995.97857203391,86,,,,GOLDM,BARCL,,,
2026-03-31T01:07:07.887Z,market,trade,TESTE,99985.61156336189,140,,,,MS,MS,,,
2026-03-31T01:07:08.039Z,market,trade,TESTE,100000.53294229048,47,,,,JPM,JPM,,,
2026-03-31T01:07:08.201Z,market,trade,TESTE,99989.30619134413,13,,,,JPM,JPM,,,
2026-03-31T01:07:08.352Z,market,trade,TESTE,99998.97427685233,63,,,,CITI,JPM,,,
2026-03-31T01:07:08.519Z,market,trade,TESTE,99995.4414825854,118,,,,ITAU,MS,,,
2026-03-31T01:07:08.683Z,market,trade,TESTE,100000.19608234618,198,,,,ITAU,ITAU,,,
2026-03-31T01:07:08.843Z,market,trade,TESTE,99989.8695225624,48,,,,UBS,UBS,,,
2026-03-31T01:07:08.996Z,market,trade,TESTE,99997.62456452071,179,,,,BTG,JPM,,,
2026-03-31T01:07:09.147Z,market,trade,TESTE,99993.43207458187,129,,,,GOLDM,ITAU,,,
2026-03-31T01:07:09.300Z,market,trade,TESTE,99997.32114958126,194,,,,BARCL,BTG,,,
2026-03-31T01:07:09.452Z,market,trade,TESTE,99993.80872544195,172,,,,XP,CS,,,
2026-03-31T01:07:09.616Z,market,trade,TESTE,99992.33532637775,30,,,,UBS,XP,,,
2026-03-31T01:07:09.766Z,market,trade,TESTE,99994.7975121852,192,,,,CS,BARCL,,,
2026-03-31T01:07:09.917Z,market,trade,TESTE,99990.20933920506,42,,,,JPM,ITAU,,,
2026-03-31T01:07:10.069Z,market,trade,TESTE,99984.66550985075,169,,,,ITAU,GOLDM,,,
2026-03-31T01:07:10.233Z,market,trade,TESTE,99982.02686678461,74,,,,BTG,MS,,,
2026-03-31T01:07:10.389Z,market,trade,TESTE,99978.66897928003,27,,,,JPM,UBS,,,
2026-03-31T01:07:10.548Z,market,trade,TESTE,99989.92953786723,29,,,,MS,GOLDM,,,
2026-03-31T01:07:10.698Z,market,trade,TESTE,99989.3896980803,60,,,,CITI,GOLDM,,,
2026-03-31T01:07:10.854Z,market,trade,TESTE,99988.34700385039,106,,,,GOLDM,CS,,,
2026-03-31T01:07:11.006Z,market,trade,TESTE,99974.42837112122,149,,,,JPM,UBS,,,
2026-03-31T01:07:11.156Z,market,trade,TESTE,99971.57720342331,85,,,,CS,CITI,,,
2026-03-31T01:07:11.319Z,market,trade,TESTE,99979.38091452191,62,,,,CS,BTG,,,
2026-03-31T01:07:11.470Z,market,trade,TESTE,99969.68979051562,19,,,,XP,CITI,,,
2026-03-31T01:07:11.635Z,market,trade,TESTE,99967.48490005036,48,,,,GOLDM,MS,,,
2026-03-31T01:07:11.786Z,market,trade,TESTE,99973.07151213054,91,,,,ITAU,XP,,,
2026-03-31T01:07:11.952Z,market,trade,TESTE,99974.5991200034,87,,,,BARCL,ITAU,,,
2026-03-31T01:07:12.109Z,market,trade,TESTE,99962.80335738315,63,,,,MS,ITAU,,,
2026-03-31T01:07:12.259Z,market,trade,TESTE,99971.14263567844,22,,,,GOLDM,UBS,,,
2026-03-31T01:07:12.416Z,market,trade,TESTE,99966.62011113181,124,,,,GOLDM,GOLDM,,,
2026-03-31T01:07:12.593Z,market,trade,TESTE,99954.04536440672,16,,,,BTG,GOLDM,,,
2026-03-31T01:07:12.752Z,market,trade,TESTE,99949.25043618637,24,,,,CITI,CS,,,
2026-03-31T01:07:12.915Z,market,trade,TESTE,99945.89056926918,200,,,,XP,ITAU,,,
2026-03-31T01:07:13.075Z,market,trade,TESTE,99957.92816011366,48,,,,CS,MS,,,
2026-03-31T01:07:13.243Z,market,trade,TESTE,99947.90462867027,19,,,,MS,MS,,,
2026-03-31T01:07:13.409Z,market,trade,TESTE,99951.2185708112,186,,,,BARCL,JPM,,,
2026-03-31T01:07:13.564Z,market,trade,TESTE,99948.88094723072,75,,,,CS,XP,,,
2026-03-31T01:07:13.756Z,market,trade,TESTE,99959.48387211049,72,,,,CS,UBS,,,
2026-03-31T01:07:13.927Z,market,trade,TESTE,99948.36703560808,163,,,,JPM,BTG,,,
2026-03-31T01:07:14.095Z,market,trade,TESTE,99946.11098014725,140,,,,BTG,BARCL,,,
2026-03-31T01:07:14.268Z,market,trade,TESTE,99949.12980962246,170,,,,ITAU,CS,,,
2026-03-31T01:07:14.425Z,market,trade,TESTE,99951.01114204887,24,,,,GOLDM,XP,,,
2026-03-31T01:07:14.580Z,market,trade,TESTE,99955.43170690395,153,,,,CITI,JPM,,,
2026-03-31T01:07:14.761Z,market,trade,TESTE,99965.99496409408,111,,,,BARCL,CITI,,,
2026-03-31T01:07:14.927Z,market,trade,TESTE,99955.73084014065,17,,,,UBS,MS,,,
2026-03-31T01:07:15.097Z,market,trade,TESTE,99954.88587179524,8,,,,CITI,JPM,,,
2026-03-31T01:07:15.268Z,market,trade,TESTE,99956.25723309988,111,,,,ITAU,CITI,,,
2026-03-31T01:07:15.428Z,market,trade,TESTE,99957.71125840944,173,,,,GOLDM,MS,,,
2026-03-31T01:07:15.579Z,market,trade,TESTE,99959.93370289238,87,,,,GOLDM,GOLDM,,,
2026-03-31T01:07:15.733Z,market,trade,TESTE,99971.38738994315,177,,,,XP,GOLDM,,,
2026-03-31T01:07:15.889Z,market,trade,TESTE,99958.35325480525,180,,,,JPM,BTG,,,
2026-03-31T01:07:16.050Z,market,trade,TESTE,99957.17343224684,29,,,,BTG,UBS,,,
2026-03-31T01:07:16.211Z,market,trade,TESTE,99962.713664987,153,,,,CITI,CS,,,
2026-03-31T01:07:16.378Z,market,trade,TESTE,99967.62580713679,25,,,,BTG,ITAU,,,
2026-03-31T01:07:16.561Z,market,trade,TESTE,99967.14339896887,175,,,,CITI,BARCL,,,
2026-03-31T01:07:16.732Z,market,trade,TESTE,99960.04297079996,138,,,,BTG,JPM,,,
2026-03-31T01:07:16.890Z,market,trade,TESTE,99955.73592913972,54,,,,GOLDM,CS,,,
2026-03-31T01:07:17.041Z,market,trade,TESTE,99964.53214148279,176,,,,BTG,MS,,,
2026-03-31T01:07:17.197Z,market,trade,TESTE,99955.21202121557,163,,,,CS,MS,,,
2026-03-31T01:07:17.359Z,market,trade,TESTE,99969.24080206396,180,,,,CS,UBS,,,
2026-03-31T01:07:17.516Z,market,trade,TESTE,99963.74975051403,46,,,,MS,MS,,,
2026-03-31T01:07:17.676Z,market,trade,TESTE,99961.53911972609,131,,,,CITI,ITAU,,,
2026-03-31T01:07:17.832Z,market,trade,TESTE,99970.22136916075,21,,,,MS,JPM,,,
2026-03-31T01:07:17.996Z,market,trade,TESTE,99969.31354195245,177,,,,BARCL,GOLDM,,,
2026-03-31T01:07:18.156Z,market,trade,TESTE,99972.48560136919,167,,,,BTG,BTG,,,
2026-03-31T01:07:18.323Z,market,trade,TESTE,99959.91754827832,76,,,,BARCL,ITAU,,,
2026-03-31T01:07:18.480Z,market,trade,TESTE,99974.10919839,159,,,,JPM,ITAU,,,
2026-03-31T01:07:18.648Z,market,trade,TESTE,99972.0481292898,93,,,,BTG,BTG,,,
2026-03-31T01:07:18.810Z,market,trade,TESTE,99960.47461194315,97,,,,MS,ITAU,,,
2026-03-31T01:07:18.968Z,market,trade,TESTE,99955.72615069596,185,,,,CITI,CITI,,,
2026-03-31T01:07:19.124Z,market,trade,TESTE,99957.32869831349,114,,,,CITI,BARCL,,,
2026-03-31T01:07:19.285Z,market,trade,TESTE,99967.62533574329,82,,,,GOLDM,BARCL,,,
2026-03-31T01:07:19.440Z,market,trade,TESTE,99963.3881244655,176,,,,MS,BTG,,,
2026-03-31T01:07:19.600Z,market,trade,TESTE,99955.99434492298,34,,,,XP,UBS,,,
2026-03-31T01:07:19.757Z,market,trade,TESTE,99965.99277254671,141,,,,CS,BTG,,,
2026-03-31T01:07:19.916Z,market,trade,TESTE,99952.54659349768,158,,,,CS,XP,,,
2026-03-31T01:07:20.074Z,market,trade,TESTE,99962.29939794348,81,,,,ITAU,MS,,,
2026-03-31T01:07:20.226Z,market,trade,TESTE,99957.94950784568,162,,,,GOLDM,CITI,,,
2026-03-31T01:07:20.382Z,market,trade,TESTE,99961.67055058219,96,,,,CITI,BTG,,,
2026-03-31T01:07:20.539Z,market,trade,TESTE,99957.5660652975,185,,,,CITI,UBS,,,
2026-03-31T01:07:20.695Z,market,trade,TESTE,99960.48212578923,106,,,,GOLDM,JPM,,,
2026-03-31T01:07:20.859Z,market,trade,TESTE,99952.63135232912,150,,,,CS,UBS,,,
2026-03-31T01:07:21.025Z,market,trade,TESTE,99964.90835118221,125,,,,ITAU,UBS,,,
2026-03-31T01:07:21.188Z,market,trade,TESTE,99965.16521255959,25,,,,MS,BARCL,,,
2026-03-31T01:07:21.342Z,market,trade,TESTE,99958.77593950513,177,,,,BTG,CITI,,,
2026-03-31T01:07:21.498Z,market,trade,TESTE,99960.97081824511,80,,,,MS,CS,,,
2026-03-31T01:07:21.664Z,market,trade,TESTE,99972.63156834553,38,,,,BARCL,ITAU,,,
2026-03-31T01:07:21.831Z,market,trade,TESTE,99960.57038746976,129,,,,BTG,BARCL,,,
2026-03-31T01:07:22.005Z,market,trade,TESTE,99972.49748828377,118,,,,CITI,JPM,,,
2026-03-31T01:07:22.172Z,market,trade,TESTE,99974.42191382556,190,,,,MS,UBS,,,
2026-03-31T01:07:22.334Z,market,trade,TESTE,99959.66342369946,46,,,,JPM,BTG,,,
2026-03-31T01:07:22.500Z,market,trade,TESTE,99972.26113937993,184,,,,JPM,CITI,,,
2026-03-31T01:07:22.663Z,market,trade,TESTE,99971.2840626944,196,,,,GOLDM,XP,,,
2026-03-31T01:07:22.829Z,market,trade,TESTE,99975.38651877301,128,,,,CS,CITI,,,
2026-03-31T01:07:22.988Z,market,trade,TESTE,99969.86562893982,40,,,,CS,XP,,,
2026-03-31T01:07:23.152Z,market,trade,TESTE,99970.8414508933,29,,,,BTG,XP,,,
2026-03-31T01:07:23.316Z,market,trade,TESTE,99984.96817781328,147,,,,CS,BTG,,,
2026-03-31T01:07:23.484Z,market,trade,TESTE,99973.26870184121,45,,,,GOLDM,CS,,,
2026-03-31T01:07:23.658Z,market,trade,TESTE,99980.67946911253,126,,,,ITAU,CITI,,,
2026-03-31T01:07:23.822Z,market,trade,TESTE,99973.78224059175,59,,,,ITAU,XP,,,
2026-03-31T01:07:23.983Z,market,trade,TESTE,99987.07386341777,192,,,,BTG,XP,,,
2026-03-31T01:07:24.142Z,market,trade,TESTE,99990.50464330737,188,,,,BTG,UBS,,,
2026-03-31T01:07:24.314Z,market,trade,TESTE,99982.66708872495,166,,,,CS,MS,,,
2026-03-31T01:07:24.471Z,market,trade,TESTE,99979.24737683551,45,,,,XP,CITI,,,
2026-03-31T01:07:24.631Z,market,trade,TESTE,99975.46104029352,65,,,,MS,UBS,,,
2026-03-31T01:07:24.795Z,market,trade,TESTE,99988.20360776252,145,,,,JPM,GOLDM,,,
2026-03-31T01:07:24.961Z,market,trade,TESTE,99982.64412964201,74,,,,BARCL,UBS,,,
2026-03-31T01:07:25.117Z,market,trade,TESTE,99984.23012682745,110,,,,BTG,GOLDM,,,
2026-03-31T01:07:25.275Z,market,trade,TESTE,99981.05209847321,36,,,,BARCL,MS,,,
2026-03-31T01:07:25.441Z,market,trade,TESTE,99982.99533103412,97,,,,JPM,ITAU,,,
2026-03-31T01:07:25.598Z,market,trade,TESTE,99986.23537197211,111,,,,UBS,CITI,,,
2026-03-31T01:07:25.756Z,market,trade,TESTE,99997.8694400088,174,,,,CITI,CS,,,
2026-03-31T01:07:25.912Z,market,trade,TESTE,99985.26171135096,124,,,,BARCL,CS,,,
2026-03-31T01:07:26.078Z,market,trade,TESTE,99989.08724486324,119,,,,JPM,CS,,,
2026-03-31T01:07:26.232Z,market,trade,TESTE,100002.98349454002,130,,,,BTG,JPM,,,
2026-03-31T01:07:26.391Z,market,trade,TESTE,99992.1833602389,136,,,,BARCL,JPM,,,
2026-03-31T01:07:26.547Z,market,trade,TESTE,99990.367194649,69,,,,UBS,CS,,,
2026-03-31T01:07:26.701Z,market,trade,TESTE,100002.16661837102,172,,,,CITI,XP,,,
2026-03-31T01:07:26.856Z,market,trade,TESTE,99988.5366475291,85,,,,BARCL,GOLDM,,,
2026-03-31T01:07:27.015Z,market,trade,TESTE,99991.00548031768,198,,,,CS,XP,,,
2026-03-31T01:07:27.171Z,market,trade,TESTE,99999.30510506341,172,,,,UBS,MS,,,
2026-03-31T01:07:27.333Z,market,trade,TESTE,99996.74773905012,187,,,,UBS,CS,,,
2026-03-31T01:07:27.487Z,market,trade,TESTE,100001.04616656186,120,,,,UBS,MS,,,
2026-03-31T01:07:27.646Z,market,trade,TESTE,99993.35874899339,38,,,,JPM,UBS,,,
2026-03-31T01:07:27.796Z,market,trade,TESTE,100003.16703281333,115,,,,UBS,XP,,,
2026-03-31T01:07:27.956Z,market,trade,TESTE,100005.4112468647,139,,,,MS,BARCL,,,
2026-03-31T01:07:28.116Z,market,trade,TESTE,100010.32909756084,16,,,,ITAU,XP,,,
2026-03-31T01:07:28.271Z,market,trade,TESTE,100004.60752474554,140,,,,UBS,JPM,,,
2026-03-31T01:07:28.426Z,market,trade,TESTE,100007.31512869113,113,,,,JPM,CS,,,
2026-03-31T01:07:28.581Z,market,trade,TESTE,100021.02929479364,46,,,,CITI,CS,,,
2026-03-31T01:07:28.736Z,market,trade,TESTE,100018.05256675578,95,,,,ITAU,CITI,,,
2026-03-31T01:07:28.892Z,market,trade,TESTE,100014.4047239714,127,,,,CITI,JPM,,,
2026-03-31T01:07:29.048Z,market,trade,TESTE,100013.5105415232,185,,,,GOLDM,ITAU,,,
2026-03-31T01:07:29.205Z,market,trade,TESTE,100009.5325401424,37,,,,ITAU,MS,,,
2026-03-31T01:07:29.359Z,market,trade,TESTE,100001.98241570343,163,,,,BARCL,CITI,,,
2026-03-31T01:07:29.514Z,market,trade,TESTE,100014.8909216951,131,,,,CS,MS,,,
2026-03-31T01:07:29.669Z,market,trade,TESTE,100011.55697471373,26,,,,JPM,BARCL,,,
2026-03-31T01:07:29.824Z,market,trade,TESTE,100012.55484963028,157,,,,GOLDM,UBS,,,
2026-03-31T01:07:29.980Z,market,trade,TESTE,100000.80639664906,67,,,,XP,JPM,,,
2026-03-31T01:07:30.136Z,market,trade,TESTE,100006.51017940938,149,,,,UBS,MS,,,
2026-03-31T01:07:30.297Z,market,trade,TESTE,99999.02748891187,20,,,,BTG,JPM,,,
2026-03-31T01:07:30.451Z,market,trade,TESTE,99999.3238876083,39,,,,CITI,BTG,,,
2026-03-31T01:07:30.607Z,market,trade,TESTE,99995.4077709364,159,,,,ITAU,MS,,,
2026-03-31T01:07:30.765Z,market,trade,TESTE,99994.7762840351,148,,,,CS,BARCL,,,
2026-03-31T01:07:30.925Z,market,trade,TESTE,99994.19993404504,111,,,,ITAU,ITAU,,,
2026-03-31T01:07:31.080Z,market,trade,TESTE,100004.94427750657,100,,,,UBS,XP,,,
2026-03-31T01:07:31.235Z,market,trade,TESTE,99995.51322421205,182,,,,UBS,MS,,,
2026-03-31T01:07:31.392Z,market,trade,TESTE,100008.17894419524,75,,,,XP,BARCL,,,
2026-03-31T01:07:31.545Z,market,trade,TESTE,99993.9368671406,66,,,,UBS,CITI,,,
2026-03-31T01:07:31.706Z,market,trade,TESTE,100008.68357907713,137,,,,BARCL,BTG,,,
2026-03-31T01:07:31.862Z,market,trade,TESTE,100004.32548590806,174,,,,BTG,XP,,,
2026-03-31T01:07:32.017Z,market,trade,TESTE,99996.08265177436,24,,,,CITI,GOLDM,,,
2026-03-31T01:07:32.174Z,market,trade,TESTE,99997.31901286647,164,,,,CITI,UBS,,,
2026-03-31T01:07:32.339Z,market,trade,TESTE,100009.39567957375,61,,,,GOLDM,GOLDM,,,
2026-03-31T01:07:32.497Z,market,trade,TESTE,100002.22079145342,81,,,,JPM,JPM,,,
2026-03-31T01:07:32.654Z,market,trade,TESTE,100008.91855141132,92,,,,UBS,CITI,,,
2026-03-31T01:07:32.808Z,market,trade,TESTE,100000.01097257271,125,,,,BARCL,BARCL,,,
2026-03-31T01:07:32.966Z,market,trade,TESTE,100003.64581467268,95,,,,XP,GOLDM,,,
2026-03-31T01:07:33.120Z,market,trade,TESTE,100018.60794295302,25,,,,UBS,BTG,,,
2026-03-31T01:07:33.274Z,market,trade,TESTE,100011.23706734098,49,,,,ITAU,UBS,,,
2026-03-31T01:07:33.433Z,market,trade,TESTE,100010.67400820133,191,,,,CS,CS,,,
2026-03-31T01:07:33.589Z,market,trade,TESTE,100018.35976682683,171,,,,CITI,UBS,,,
2026-03-31T01:07:33.739Z,market,trade,TESTE,100014.15790659643,22,,,,CITI,BARCL,,,
2026-03-31T01:07:33.895Z,market,trade,TESTE,100012.26488376145,165,,,,ITAU,BTG,,,
2026-03-31T01:07:34.051Z,market,trade,TESTE,100006.00304647455,105,,,,CITI,CITI,,,
2026-03-31T01:07:34.207Z,market,trade,TESTE,100011.25376272458,76,,,,CITI,BTG,,,
2026-03-31T01:07:34.365Z,market,trade,TESTE,100004.83316863215,13,,,,UBS,GOLDM,,,
2026-03-31T01:07:34.517Z,market,trade,TESTE,100006.78474504329,105,,,,ITAU,CITI,,,
2026-03-31T01:07:34.673Z,market,trade,TESTE,100013.88933039639,28,,,,UBS,CS,,,
2026-03-31T01:07:34.830Z,market,trade,TESTE,100012.47208694763,45,,,,CS,BTG,,,
2026-03-31T01:07:34.981Z,market,trade,TESTE,100010.50208649393,88,,,,BTG,GOLDM,,,
2026-03-31T01:07:35.138Z,market,trade,TESTE,100000.21720231067,188,,,,CITI,ITAU,,,
2026-03-31T01:07:35.301Z,market,trade,TESTE,100007.20673728,187,,,,XP,BTG,,,
2026-03-31T01:07:35.458Z,market,trade,TESTE,99993.18882286656,179,,,,XP,MS,,,
2026-03-31T01:07:35.614Z,market,trade,TESTE,100006.09569771921,141,,,,GOLDM,CS,,,
2026-03-31T01:07:35.769Z,market,trade,TESTE,99999.11845611336,194,,,,CS,UBS,,,
2026-03-31T01:07:35.926Z,market,trade,TESTE,100007.57262910677,171,,,,UBS,UBS,,,
2026-03-31T01:07:36.082Z,market,trade,TESTE,100004.28081540992,94,,,,CITI,CITI,,,
2026-03-31T01:07:36.237Z,market,trade,TESTE,100005.13622710344,30,,,,UBS,BTG,,,
2026-03-31T01:07:36.396Z,market,trade,TESTE,99992.39900458076,8,,,,GOLDM,UBS,,,
2026-03-31T01:07:36.550Z,market,trade,TESTE,100001.17451262496,185,,,,BARCL,XP,,,
2026-03-31T01:07:36.707Z,market,trade,TESTE,99998.20131508756,106,,,,ITAU,CS,,,
2026-03-31T01:07:36.859Z,market,trade,TESTE,99999.95044790638,129,,,,XP,BTG,,,
2026-03-31T01:07:37.017Z,market,trade,TESTE,99993.57927512431,100,,,,ITAU,GOLDM,,,
2026-03-31T01:07:37.171Z,market,trade,TESTE,99996.89187339558,48,,,,BTG,BTG,,,
2026-03-31T01:07:37.331Z,market,trade,TESTE,100009.34166532324,94,,,,BARCL,BTG,,,
2026-03-31T01:07:37.487Z,market,trade,TESTE,100004.75828864214,183,,,,GOLDM,CITI,,,
2026-03-31T01:07:37.648Z,market,trade,TESTE,100000.46777573095,78,,,,JPM,JPM,,,
2026-03-31T01:07:37.804Z,market,trade,TESTE,99995.58143311326,200,,,,JPM,GOLDM,,,
2026-03-31T01:07:37.962Z,market,trade,TESTE,100000.54990466742,91,,,,XP,MS,,,
2026-03-31T01:07:38.118Z,market,trade,TESTE,100002.5683530738,85,,,,XP,GOLDM,,,
2026-03-31T01:07:38.274Z,market,trade,TESTE,99994.22372634611,126,,,,MS,BTG,,,
2026-03-31T01:07:38.430Z,market,trade,TESTE,99990.00824967609,125,,,,CITI,BARCL,,,
2026-03-31T01:07:38.585Z,market,trade,TESTE,99990.2410027361,114,,,,CITI,CS,,,
2026-03-31T01:07:38.738Z,market,trade,TESTE,99998.66822575024,35,,,,CS,GOLDM,,,
2026-03-31T01:07:38.891Z,market,trade,TESTE,100003.32690690785,69,,,,JPM,CITI,,,
2026-03-31T01:07:39.047Z,market,trade,TESTE,100001.78367033984,131,,,,MS,XP,,,
2026-03-31T01:07:39.199Z,market,trade,TESTE,99992.09790921329,183,,,,CS,MS,,,
2026-03-31T01:07:39.352Z,market,trade,TESTE,99998.00531548455,79,,,,CITI,BTG,,,
2026-03-31T01:07:39.507Z,market,trade,TESTE,100000.47928802307,121,,,,JPM,GOLDM,,,
2026-03-31T01:07:39.669Z,market,trade,TESTE,100001.17381006817,63,,,,MS,ITAU,,,
2026-03-31T01:07:39.825Z,market,trade,TESTE,99999.37568211605,140,,,,CITI,BARCL,,,
2026-03-31T01:07:39.990Z,market,trade,TESTE,99986.50600358887,129,,,,CS,BTG,,,
2026-03-31T01:07:40.145Z,market,trade,TESTE,99984.0655059735,18,,,,BTG,JPM,,,
2026-03-31T01:07:40.302Z,market,trade,TESTE,99983.1701612686,62,,,,ITAU,BTG,,,
2026-03-31T01:07:40.459Z,market,trade,TESTE,99985.30722160707,11,,,,ITAU,ITAU,,,
2026-03-31T01:07:40.615Z,market,trade,TESTE,99981.17582653537,61,,,,BTG,JPM,,,
2026-03-31T01:07:40.773Z,market,trade,TESTE,99985.69430586506,107,,,,JPM,CITI,,,
2026-03-31T01:07:40.927Z,market,trade,TESTE,99997.35847300477,75,,,,GOLDM,BTG,,,
2026-03-31T01:07:41.083Z,market,trade,TESTE,99993.74278750234,109,,,,ITAU,UBS,,,
2026-03-31T01:07:41.238Z,market,trade,TESTE,99993.75219887886,122,,,,CITI,CS,,,
2026-03-31T01:07:41.399Z,market,trade,TESTE,99980.17684184655,146,,,,CITI,BARCL,,,
2026-03-31T01:07:41.550Z,market,trade,TESTE,99978.49584062901,90,,,,BTG,GOLDM,,,
2026-03-31T01:07:41.706Z,market,trade,TESTE,99983.32825775963,147,,,,UBS,CITI,,,
2026-03-31T01:07:41.869Z,market,trade,TESTE,99991.7445354307,27,,,,BARCL,JPM,,,
2026-03-31T01:07:42.034Z,market,trade,TESTE,99993.25923073689,172,,,,XP,BARCL,,,
2026-03-31T01:07:42.191Z,market,trade,TESTE,99986.02231163994,104,,,,ITAU,JPM,,,
2026-03-31T01:07:42.351Z,market,trade,TESTE,99990.17442605928,134,,,,GOLDM,BTG,,,
2026-03-31T01:07:42.506Z,market,trade,TESTE,99991.22150421602,148,,,,BTG,UBS,,,
2026-03-31T01:07:42.657Z,market,trade,TESTE,99991.58654689649,20,,,,CS,ITAU,,,
2026-03-31T01:07:42.818Z,market,trade,TESTE,99992.40776805073,76,,,,MS,ITAU,,,
2026-03-31T01:07:42.976Z,market,trade,TESTE,100003.9956815446,97,,,,MS,UBS,,,
2026-03-31T01:07:43.142Z,market,trade,TESTE,100003.89721213347,103,,,,BARCL,MS,,,
2026-03-31T01:07:43.297Z,market,trade,TESTE,100007.56065080407,102,,,,BTG,MS,,,
2026-03-31T01:07:43.452Z,market,trade,TESTE,99999.90671992744,65,,,,BARCL,CS,,,
2026-03-31T01:07:43.615Z,market,trade,TESTE,100013.95402676877,17,,,,XP,CS,,,
2026-03-31T01:07:43.771Z,market,trade,TESTE,100002.94834733439,65,,,,ITAU,JPM,,,
2026-03-31T01:07:43.924Z,market,trade,TESTE,100015.49129940604,47,,,,CS,XP,,,
2026-03-31T01:07:44.083Z,market,trade,TESTE,100011.16103271015,43,,,,BARCL,UBS,,,
2026-03-31T01:07:44.246Z,market,trade,TESTE,100004.40409219122,51,,,,JPM,ITAU,,,
2026-03-31T01:07:44.407Z,market,trade,TESTE,100005.28739371832,50,,,,GOLDM,BARCL,,,
2026-03-31T01:07:44.563Z,market,trade,TESTE,100003.48049706478,73,,,,ITAU,XP,,,
2026-03-31T01:07:44.719Z,market,trade,TESTE,100016.32369095547,95,,,,CITI,BTG,,,
2026-03-31T01:07:44.877Z,market,trade,TESTE,100008.82660864283,183,,,,MS,CITI,,,
2026-03-31T01:07:45.033Z,market,trade,TESTE,100006.07369793476,32,,,,CITI,BTG,,,
2026-03-31T01:07:45.189Z,market,trade,TESTE,100016.16270172987,27,,,,CITI,GOLDM,,,
2026-03-31T01:07:45.345Z,market,trade,TESTE,100001.99599949666,90,,,,MS,BTG,,,
2026-03-31T01:07:45.509Z,market,trade,TESTE,99997.97966902134,88,,,,MS,BTG,,,
2026-03-31T01:07:45.666Z,market,trade,TESTE,99998.02333652075,115,,,,CS,XP,,,
2026-03-31T01:11:07.045Z,market,trade,TESTE,99993.84272048737,72,,,,MS,ITAU,,,
2026-03-31T01:11:07.199Z,market,flow_inversion,,,,,,,,,0,81,GOLDM
2026-03-31T01:11:07.199Z,market,trade,TESTE,100006.94294853004,81,,,,GOLDM,BARCL,,,
2026-03-31T01:11:07.350Z,market,flow_inversion,,,,,,,,,81,-79,GOLDM
2026-03-31T01:11:07.350Z,market,trade,TESTE,99997.69036335975,160,,,,BARCL,GOLDM,,,
2026-03-31T01:11:07.515Z,market,trade,TESTE,100001.53897706873,78,,,,CITI,BARCL,,,
2026-03-31T01:11:07.666Z,market,trade,TESTE,100001.63324175074,170,,,,CS,XP,,,
2026-03-31T01:11:07.831Z,market,trade,TESTE,100011.76210908682,7,,,,JPM,ITAU,,,
2026-03-31T01:11:07.986Z,market,trade,TESTE,100005.51862622309,152,,,,GOLDM,XP,,,
2026-03-31T01:11:08.147Z,market,trade,TESTE,100009.93780708559,8,,,,UBS,MS,,,
2026-03-31T01:11:08.298Z,market,trade,TESTE,100006.0429834342,28,,,,MS,XP,,,
2026-03-31T01:11:08.463Z,market,trade,TESTE,100009.68653150424,25,,,,UBS,MS,,,
2026-03-31T01:11:08.614Z,market,trade,TESTE,100014.17349499582,184,,,,CITI,BARCL,,,
2026-03-31T01:11:08.768Z,market,trade,TESTE,100014.56552561167,142,,,,GOLDM,CITI,,,
2026-03-31T01:11:08.932Z,market,trade,TESTE,100015.38192842143,26,,,,XP,UBS,,,
2026-03-31T01:11:09.096Z,market,trade,TESTE,100016.90759346835,16,,,,CITI,MS,,,
2026-03-31T01:11:09.250Z,market,trade,TESTE,100019.12077935766,166,,,,UBS,UBS,,,
2026-03-31T01:11:09.406Z,market,trade,TESTE,100014.15371460032,197,,,,UBS,BTG,,,
2026-03-31T01:11:09.566Z,market,trade,TESTE,100019.08143253501,41,,,,CS,UBS,,,
2026-03-31T01:11:09.718Z,market,trade,TESTE,100026.04829662216,106,,,,CITI,GOLDM,,,
2026-03-31T01:11:09.880Z,market,trade,TESTE,100030.41552784128,134,,,,CS,GOLDM,,,
2026-03-31T01:11:10.030Z,market,trade,TESTE,100015.67576365809,190,,,,BARCL,GOLDM,,,
2026-03-31T01:11:10.183Z,market,trade,TESTE,100028.18807012675,29,,,,XP,CS,,,
2026-03-31T01:11:10.335Z,market,trade,TESTE,100021.20510312004,52,,,,CS,GOLDM,,,
2026-03-31T01:11:10.500Z,market,trade,TESTE,100025.91215653997,84,,,,MS,ITAU,,,
2026-03-31T01:11:10.651Z,market,trade,TESTE,100040.29533558352,46,,,,CS,BTG,,,
2026-03-31T01:11:10.812Z,market,trade,TESTE,100034.44968120742,132,,,,ITAU,MS,,,
2026-03-31T01:11:10.965Z,market,trade,TESTE,100040.21136580754,97,,,,XP,XP,,,
2026-03-31T01:11:11.116Z,market,trade,TESTE,100035.80653609718,5,,,,UBS,GOLDM,,,
2026-03-31T01:11:11.272Z,market,trade,TESTE,100021.96777138549,7,,,,XP,MS,,,
2026-03-31T01:11:11.434Z,market,trade,TESTE,100034.25079281157,60,,,,GOLDM,ITAU,,,
2026-03-31T01:11:11.600Z,market,trade,TESTE,100038.6340692344,74,,,,XP,UBS,,,
2026-03-31T01:11:11.752Z,market,trade,TESTE,100027.62919504232,59,,,,BTG,BTG,,,
2026-03-31T01:11:11.917Z,market,trade,TESTE,100023.28048046363,139,,,,BARCL,MS,,,
2026-03-31T01:11:12.068Z,market,trade,TESTE,100023.2606657043,181,,,,XP,XP,,,
2026-03-31T01:11:12.232Z,market,trade,TESTE,100022.15757530593,54,,,,GOLDM,JPM,,,
2026-03-31T01:11:12.397Z,market,trade,TESTE,100027.22955174466,69,,,,UBS,CS,,,
2026-03-31T01:11:12.550Z,market,trade,TESTE,100028.77709136212,182,,,,CS,MS,,,
2026-03-31T01:11:12.702Z,market,trade,TESTE,100025.21289522122,15,,,,CITI,CITI,,,
2026-03-31T01:11:12.864Z,market,trade,TESTE,100011.22128855927,132,,,,BTG,CS,,,
2026-03-31T01:11:13.015Z,market,trade,TESTE,100008.1046243775,80,,,,ITAU,ITAU,,,
2026-03-31T01:11:13.171Z,market,trade,TESTE,100012.63672530558,111,,,,BARCL,JPM,,,
2026-03-31T01:11:13.329Z,market,trade,TESTE,100012.59767636182,191,,,,ITAU,CS,,,
2026-03-31T01:11:13.484Z,market,trade,TESTE,100010.38836729054,70,,,,XP,BARCL,,,
2026-03-31T01:11:13.642Z,market,trade,TESTE,100014.8288163302,95,,,,CS,XP,,,
2026-03-31T01:11:13.796Z,market,trade,TESTE,100019.83557235033,6,,,,BARCL,GOLDM,,,
2026-03-31T01:11:13.946Z,market,trade,TESTE,100011.09718721047,159,,,,GOLDM,JPM,,,
2026-03-31T01:11:14.098Z,market,trade,TESTE,100021.19960853805,149,,,,ITAU,JPM,,,
2026-03-31T01:11:14.260Z,market,trade,TESTE,100018.38446818279,183,,,,UBS,MS,,,
2026-03-31T01:11:14.413Z,market,trade,TESTE,100010.67751949145,91,,,,MS,ITAU,,,
2026-03-31T01:11:14.568Z,market,trade,TESTE,100024.21043650863,182,,,,BTG,JPM,,,
2026-03-31T01:11:14.724Z,market,trade,TESTE,100024.01584510518,126,,,,UBS,GOLDM,,,
2026-03-31T01:11:14.883Z,market,trade,TESTE,100021.71015058488,42,,,,ITAU,CITI,,,
2026-03-31T01:11:15.035Z,market,trade,TESTE,100011.079283693,57,,,,MS,CITI,,,
2026-03-31T01:11:15.197Z,market,trade,TESTE,100023.87363558012,7,,,,CITI,XP,,,
2026-03-31T01:11:15.348Z,market,trade,TESTE,100011.25656476486,50,,,,GOLDM,XP,,,
2026-03-31T01:11:15.503Z,market,trade,TESTE,100014.80385539022,57,,,,GOLDM,JPM,,,
2026-03-31T01:11:15.659Z,market,trade,TESTE,100012.80373260281,131,,,,ITAU,JPM,,,
2026-03-31T01:11:15.815Z,market,trade,TESTE,100023.58609849213,5,,,,BTG,UBS,,,
2026-03-31T01:11:15.967Z,market,trade,TESTE,100020.4480003384,59,,,,GOLDM,BTG,,,
2026-03-31T01:11:16.123Z,market,trade,TESTE,100023.1758484666,36,,,,CS,UBS,,,
2026-03-31T01:11:16.281Z,market,trade,TESTE,100026.60146486935,47,,,,CITI,GOLDM,,,
2026-03-31T01:11:16.446Z,market,trade,TESTE,100028.30607282344,35,,,,XP,JPM,,,
2026-03-31T01:11:16.597Z,market,trade,TESTE,100015.6959534429,7,,,,GOLDM,BTG,,,
2026-03-31T01:11:16.751Z,market,trade,TESTE,100011.97596554835,91,,,,GOLDM,ITAU,,,
2026-03-31T01:11:16.913Z,market,trade,TESTE,100013.54631110866,8,,,,XP,UBS,,,
2026-03-31T01:11:17.075Z,market,trade,TESTE,100011.82071753115,5,,,,XP,XP,,,
2026-03-31T01:11:17.231Z,market,trade,TESTE,100012.74535017392,149,,,,XP,UBS,,,
2026-03-31T01:11:17.384Z,market,trade,TESTE,100011.57173001446,164,,,,GOLDM,BTG,,,
2026-03-31T01:11:17.548Z,market,trade,TESTE,100011.14229676912,7,,,,CITI,MS,,,
2026-03-31T01:11:17.700Z,market,trade,TESTE,100017.05469829042,189,,,,MS,BTG,,,
2026-03-31T01:11:17.851Z,market,trade,TESTE,100002.88380347814,112,,,,JPM,MS,,,
2026-03-31T01:11:18.008Z,market,trade,TESTE,100005.2158299127,153,,,,ITAU,GOLDM,,,
2026-03-31T01:11:18.162Z,market,trade,TESTE,100007.56187671897,90,,,,GOLDM,JPM,,,
2026-03-31T01:11:18.314Z,market,trade,TESTE,100005.34205966175,100,,,,GOLDM,CS,,,
2026-03-31T01:11:18.464Z,market,trade,TESTE,100010.12013690967,32,,,,CS,XP,,,
2026-03-31T01:11:18.620Z,market,trade,TESTE,100020.47943274376,197,,,,UBS,JPM,,,
2026-03-31T01:11:18.782Z,market,trade,TESTE,100010.87028286597,178,,,,BTG,XP,,,
2026-03-31T01:11:18.935Z,market,trade,TESTE,100022.75956413524,100,,,,UBS,UBS,,,
2026-03-31T01:11:19.096Z,market,trade,TESTE,100022.23378511962,28,,,,BARCL,ITAU,,,
2026-03-31T01:11:19.249Z,market,trade,TESTE,100008.23173402456,144,,,,BARCL,BARCL,,,
2026-03-31T01:11:19.401Z,market,trade,TESTE,100022.98846781901,194,,,,ITAU,CITI,,,
2026-03-31T01:11:19.556Z,market,trade,TESTE,100011.4560998028,152,,,,CITI,UBS,,,
2026-03-31T01:11:19.713Z,market,trade,TESTE,100016.80288866886,36,,,,UBS,JPM,,,
2026-03-31T01:11:19.864Z,market,trade,TESTE,100015.87012778288,29,,,,GOLDM,BTG,,,
2026-03-31T01:11:20.028Z,market,trade,TESTE,100012.1837779743,158,,,,CS,CITI,,,
2026-03-31T01:11:20.182Z,market,trade,TESTE,100010.73219169005,62,,,,XP,ITAU,,,
2026-03-31T01:11:20.348Z,market,trade,TESTE,99998.1273569067,28,,,,JPM,XP,,,
2026-03-31T01:11:20.511Z,market,trade,TESTE,99997.28588482356,9,,,,BARCL,ITAU,,,
2026-03-31T01:11:20.666Z,market,trade,TESTE,100009.2589593701,38,,,,CS,UBS,,,
2026-03-31T01:11:20.818Z,market,trade,TESTE,100005.36856420628,169,,,,CITI,CS,,,
2026-03-31T01:11:20.968Z,market,trade,TESTE,99999.30690278856,103,,,,JPM,CITI,,,
2026-03-31T01:11:21.128Z,market,trade,TESTE,100009.59432366383,131,,,,JPM,MS,,,
2026-03-31T01:11:21.283Z,market,trade,TESTE,100011.934651312,86,,,,UBS,JPM,,,
2026-03-31T01:11:21.442Z,market,trade,TESTE,100002.11156326198,51,,,,XP,GOLDM,,,
2026-03-31T01:11:21.595Z,market,trade,TESTE,100004.55632266088,48,,,,ITAU,XP,,,
2026-03-31T01:11:21.750Z,market,trade,TESTE,100019.24201244736,147,,,,ITAU,CS,,,
2026-03-31T01:11:21.911Z,market,trade,TESTE,100018.68606669577,102,,,,ITAU,GOLDM,,,
2026-03-31T01:11:22.068Z,market,trade,TESTE,100005.36798094686,37,,,,BARCL,CS,,,
2026-03-31T01:11:22.223Z,market,trade,TESTE,100006.74794084605,170,,,,MS,XP,,,
2026-03-31T01:11:22.377Z,market,trade,TESTE,100018.11372264121,47,,,,BARCL,JPM,,,
2026-03-31T01:11:22.534Z,market,trade,TESTE,100016.85306714928,35,,,,ITAU,XP,,,
2026-03-31T01:11:22.697Z,market,trade,TESTE,100017.66776790177,115,,,,CITI,BARCL,,,
2026-03-31T01:11:22.848Z,market,trade,TESTE,100006.91586130361,90,,,,CS,MS,,,
2026-03-31T01:11:23.012Z,market,trade,TESTE,100015.6938512457,51,,,,BTG,CITI,,,
2026-03-31T01:11:23.166Z,market,trade,TESTE,100013.99823075456,125,,,,CITI,GOLDM,,,
2026-03-31T01:11:23.329Z,market,trade,TESTE,100010.57583721333,55,,,,CITI,GOLDM,,,
2026-03-31T01:11:23.480Z,market,trade,TESTE,100014.99972358116,14,,,,CS,JPM,,,
2026-03-31T01:11:23.637Z,market,trade,TESTE,100013.8066811449,38,,,,XP,ITAU,,,
2026-03-31T01:11:23.797Z,market,trade,TESTE,100007.58630857302,67,,,,CS,CITI,,,
2026-03-31T01:11:23.949Z,market,trade,TESTE,100014.05363954662,165,,,,GOLDM,XP,,,
2026-03-31T01:11:24.111Z,market,trade,TESTE,100000.26481181168,114,,,,ITAU,BTG,,,
2026-03-31T01:11:24.268Z,market,trade,TESTE,100002.03383883272,171,,,,GOLDM,CITI,,,
2026-03-31T01:11:24.433Z,market,trade,TESTE,100002.80052257117,174,,,,BARCL,GOLDM,,,
2026-03-31T01:11:24.585Z,market,trade,TESTE,100013.34691796848,166,,,,MS,UBS,,,
2026-03-31T01:11:24.747Z,market,trade,TESTE,100000.23331718557,172,,,,BARCL,XP,,,
2026-03-31T01:11:24.900Z,market,trade,TESTE,100004.87548341631,147,,,,UBS,ITAU,,,
2026-03-31T01:11:25.066Z,market,trade,TESTE,100009.7584823705,52,,,,JPM,BARCL,,,
2026-03-31T01:11:25.231Z,market,trade,TESTE,100012.89130971482,26,,,,BARCL,JPM,,,
2026-03-31T01:11:25.384Z,market,trade,TESTE,100020.2585900505,85,,,,MS,BARCL,,,
2026-03-31T01:11:25.534Z,market,trade,TESTE,100015.09580234955,118,,,,UBS,BTG,,,
2026-03-31T01:11:25.685Z,market,trade,TESTE,100018.1799431902,118,,,,GOLDM,MS,,,
2026-03-31T01:11:25.848Z,market,trade,TESTE,100016.95330022449,164,,,,CITI,MS,,,
2026-03-31T01:11:26.004Z,market,trade,TESTE,100026.25391463625,177,,,,BARCL,BARCL,,,
2026-03-31T01:11:26.167Z,market,trade,TESTE,100024.65479911567,29,,,,BARCL,JPM,,,
2026-03-31T01:11:26.323Z,market,trade,TESTE,100014.59447620528,143,,,,UBS,ITAU,,,
2026-03-31T01:11:26.479Z,market,trade,TESTE,100010.64190571602,155,,,,MS,CITI,,,
2026-03-31T01:11:26.634Z,market,trade,TESTE,100015.96065498385,88,,,,MS,GOLDM,,,
2026-03-31T01:11:26.794Z,market,trade,TESTE,100008.77056542978,48,,,,CITI,BARCL,,,
2026-03-31T01:11:26.948Z,market,trade,TESTE,100017.15235243998,95,,,,GOLDM,UBS,,,
2026-03-31T01:11:27.100Z,market,trade,TESTE,100009.49552298566,114,,,,BTG,JPM,,,
2026-03-31T01:11:27.251Z,market,trade,TESTE,100005.1809938618,49,,,,CITI,CS,,,
2026-03-31T01:11:27.414Z,market,trade,TESTE,100017.54873711757,124,,,,GOLDM,GOLDM,,,
2026-03-31T01:11:27.579Z,market,trade,TESTE,100004.54807356861,10,,,,CITI,UBS,,,
2026-03-31T01:11:27.734Z,market,trade,TESTE,100013.5966331844,146,,,,CS,JPM,,,
2026-03-31T01:11:27.897Z,market,trade,TESTE,100017.85001793009,104,,,,UBS,CS,,,
2026-03-31T01:11:28.050Z,market,trade,TESTE,100007.74021687469,8,,,,CS,CITI,,,
2026-03-31T01:11:28.214Z,market,trade,TESTE,100006.77788393141,95,,,,ITAU,CITI,,,
2026-03-31T01:11:28.365Z,market,trade,TESTE,100021.16849139526,178,,,,CS,UBS,,,
2026-03-31T01:11:28.529Z,market,trade,TESTE,100013.68869903372,50,,,,CS,CITI,,,
2026-03-31T01:11:28.691Z,market,trade,TESTE,100016.92011083185,65,,,,ITAU,UBS,,,
2026-03-31T01:11:28.850Z,market,trade,TESTE,100025.48177476355,71,,,,ITAU,UBS,,,
2026-03-31T01:11:29.013Z,market,trade,TESTE,100014.91177476331,168,,,,XP,BTG,,,
2026-03-31T01:11:29.167Z,market,trade,TESTE,100024.3207918594,170,,,,GOLDM,CITI,,,
2026-03-31T01:11:29.318Z,market,trade,TESTE,100027.68875683605,76,,,,UBS,MS,,,
2026-03-31T01:11:29.480Z,market,trade,TESTE,100015.94079624054,117,,,,MS,BTG,,,
2026-03-31T01:11:29.646Z,market,trade,TESTE,100015.95161403128,187,,,,CITI,BTG,,,
2026-03-31T01:11:29.796Z,market,trade,TESTE,100030.21894804412,93,,,,MS,ITAU,,,
2026-03-31T01:11:29.949Z,market,trade,TESTE,100034.58920677444,92,,,,BTG,CS,,,
2026-03-31T01:11:30.111Z,market,trade,TESTE,100032.2183734317,175,,,,BARCL,XP,,,
2026-03-31T01:11:30.265Z,market,trade,TESTE,100034.93202742827,171,,,,CITI,UBS,,,
2026-03-31T01:11:30.430Z,market,trade,TESTE,100023.28107662377,178,,,,UBS,CITI,,,
2026-03-31T01:11:30.581Z,market,trade,TESTE,100029.20646566854,143,,,,CS,ITAU,,,
2026-03-31T01:11:30.734Z,market,trade,TESTE,100020.58899669802,79,,,,XP,CS,,,
2026-03-31T01:11:30.895Z,market,trade,TESTE,100023.60227179772,104,,,,GOLDM,BARCL,,,
2026-03-31T01:11:31.045Z,market,trade,TESTE,100036.09101181182,97,,,,MS,BARCL,,,
2026-03-31T01:11:31.197Z,market,trade,TESTE,100025.18639331905,133,,,,CITI,MS,,,
2026-03-31T01:11:31.349Z,market,trade,TESTE,100039.31585547622,120,,,,UBS,CITI,,,
2026-03-31T01:11:31.512Z,market,trade,TESTE,100033.7436817897,105,,,,MS,MS,,,
2026-03-31T01:11:31.666Z,market,trade,TESTE,100043.78608170843,14,,,,JPM,JPM,,,
2026-03-31T01:11:31.822Z,market,trade,TESTE,100046.8429610578,37,,,,JPM,MS,,,
2026-03-31T01:11:31.980Z,market,trade,TESTE,100046.70808666696,107,,,,BTG,XP,,,
2026-03-31T01:11:32.134Z,market,trade,TESTE,100039.51186465146,194,,,,XP,JPM,,,
2026-03-31T01:11:32.299Z,market,trade,TESTE,100035.93344948647,181,,,,GOLDM,UBS,,,
2026-03-31T01:11:32.463Z,market,trade,TESTE,100049.42756909848,85,,,,CS,ITAU,,,
2026-03-31T01:11:32.618Z,market,trade,TESTE,100040.88311333422,74,,,,CITI,UBS,,,
2026-03-31T01:11:32.779Z,market,trade,TESTE,100047.59172493004,80,,,,MS,MS,,,
2026-03-31T01:11:32.934Z,market,trade,TESTE,100049.34753556088,176,,,,UBS,CS,,,
2026-03-31T01:11:33.099Z,market,trade,TESTE,100042.35919348584,121,,,,JPM,BARCL,,,
2026-03-31T01:11:33.250Z,market,trade,TESTE,100051.65175519242,64,,,,JPM,JPM,,,
2026-03-31T01:11:33.401Z,market,trade,TESTE,100054.25113536215,189,,,,CITI,ITAU,,,
2026-03-31T01:11:33.564Z,market,trade,TESTE,100047.57614037707,91,,,,CITI,CITI,,,
2026-03-31T01:11:33.718Z,market,trade,TESTE,100058.8696905797,121,,,,CITI,MS,,,
2026-03-31T01:11:33.880Z,market,trade,TESTE,100046.09478607008,104,,,,CITI,BARCL,,,
2026-03-31T01:11:34.035Z,market,trade,TESTE,100048.5410654144,49,,,,BTG,ITAU,,,
2026-03-31T01:11:34.200Z,market,trade,TESTE,100043.93534214425,82,,,,CS,JPM,,,
2026-03-31T01:11:34.360Z,market,trade,TESTE,100053.56868068266,150,,,,ITAU,GOLDM,,,
2026-03-31T01:11:34.515Z,market,trade,TESTE,100056.54460745766,41,,,,ITAU,BARCL,,,
2026-03-31T01:11:34.666Z,market,trade,TESTE,100058.81374705641,187,,,,BARCL,BARCL,,,
2026-03-31T01:11:34.819Z,market,trade,TESTE,100048.00104449024,179,,,,JPM,GOLDM,,,
2026-03-31T01:11:34.981Z,market,trade,TESTE,100048.11884336802,186,,,,UBS,ITAU,,,
2026-03-31T01:11:35.133Z,market,trade,TESTE,100054.14835449924,67,,,,XP,GOLDM,,,
2026-03-31T01:11:35.298Z,market,trade,TESTE,100044.96237455148,97,,,,BTG,ITAU,,,
2026-03-31T01:11:35.462Z,market,trade,TESTE,100040.2576639338,142,,,,CITI,ITAU,,,
2026-03-31T01:11:35.616Z,market,trade,TESTE,100045.67548045414,144,,,,UBS,XP,,,
2026-03-31T01:11:35.778Z,market,trade,TESTE,100037.64643689671,144,,,,GOLDM,CITI,,,
2026-03-31T01:11:35.934Z,market,trade,TESTE,100052.23706771393,48,,,,GOLDM,BARCL,,,
2026-03-31T01:11:36.089Z,market,trade,TESTE,100056.06415090263,9,,,,JPM,ITAU,,,
2026-03-31T01:11:36.250Z,market,trade,TESTE,100058.34091620198,34,,,,XP,CITI,,,
2026-03-31T01:11:36.414Z,market,trade,TESTE,100057.82763652527,111,,,,BARCL,UBS,,,
2026-03-31T01:11:36.568Z,market,trade,TESTE,100056.36006189795,186,,,,CS,CS,,,
2026-03-31T01:11:36.734Z,market,trade,TESTE,100061.1664701425,133,,,,ITAU,BTG,,,
2026-03-31T01:11:36.885Z,market,trade,TESTE,100059.87727067918,188,,,,BTG,CS,,,
2026-03-31T01:11:37.039Z,market,trade,TESTE,100060.00333414781,19,,,,JPM,JPM,,,
2026-03-31T01:11:37.193Z,market,trade,TESTE,100045.06347058309,32,,,,BTG,CITI,,,
2026-03-31T01:11:37.349Z,market,trade,TESTE,100050.42020525469,180,,,,MS,UBS,,,
2026-03-31T01:11:37.507Z,market,trade,TESTE,100038.47095674361,152,,,,UBS,UBS,,,
2026-03-31T01:11:37.662Z,market,trade,TESTE,100045.2179163648,30,,,,MS,BTG,,,
2026-03-31T01:11:37.818Z,market,trade,TESTE,100048.91007118614,91,,,,CS,GOLDM,,,
2026-03-31T01:11:37.968Z,market,trade,TESTE,100050.49583363197,125,,,,UBS,MS,,,
2026-03-31T01:11:38.133Z,market,trade,TESTE,100041.13752730573,86,,,,CS,MS,,,
2026-03-31T01:11:38.284Z,market,trade,TESTE,100054.94210569297,141,,,,MS,XP,,,
2026-03-31T01:11:38.439Z,market,trade,TESTE,100046.22621091617,52,,,,CS,JPM,,,
2026-03-31T01:11:38.596Z,market,trade,TESTE,100053.46898136743,6,,,,XP,JPM,,,
2026-03-31T01:11:38.751Z,market,trade,TESTE,100056.96014626176,60,,,,XP,BARCL,,,
2026-03-31T01:11:38.912Z,market,trade,TESTE,100061.22707897123,119,,,,CITI,BARCL,,,
2026-03-31T01:11:39.067Z,market,trade,TESTE,100049.99817582927,68,,,,XP,JPM,,,
2026-03-31T01:11:39.218Z,market,trade,TESTE,100060.87241029876,20,,,,BTG,UBS,,,
2026-03-31T01:11:39.372Z,market,trade,TESTE,100063.52958717411,199,,,,CS,UBS,,,
2026-03-31T01:11:39.533Z,market,trade,TESTE,100065.24294702671,87,,,,BTG,CS,,,
2026-03-31T01:11:39.685Z,market,trade,TESTE,100056.99212858484,161,,,,UBS,MS,,,
2026-03-31T01:11:39.849Z,market,trade,TESTE,100065.52642939641,187,,,,JPM,CS,,,
2026-03-31T01:11:40.012Z,market,trade,TESTE,100051.38068853352,36,,,,BTG,GOLDM,,,
2026-03-31T01:11:40.174Z,market,trade,TESTE,100049.78108255248,109,,,,BARCL,BARCL,,,
2026-03-31T01:11:40.329Z,market,trade,TESTE,100047.27498830194,136,,,,GOLDM,CITI,,,
2026-03-31T01:11:40.489Z,market,trade,TESTE,100046.68340256286,23,,,,CITI,XP,,,
2026-03-31T01:11:40.650Z,market,trade,TESTE,100058.21783345517,6,,,,BARCL,MS,,,
2026-03-31T01:11:40.811Z,market,trade,TESTE,100047.0014860649,116,,,,ITAU,UBS,,,
2026-03-31T01:11:40.966Z,market,trade,TESTE,100043.2247331352,7,,,,BTG,BTG,,,
2026-03-31T01:11:41.131Z,market,trade,TESTE,100052.461752505,146,,,,CS,CS,,,
2026-03-31T01:11:41.283Z,market,trade,TESTE,100044.22701249248,148,,,,CITI,ITAU,,,
2026-03-31T01:11:41.448Z,market,trade,TESTE,100052.00121496711,54,,,,BARCL,UBS,,,
2026-03-31T01:11:41.612Z,market,trade,TESTE,100052.37334833827,106,,,,UBS,BTG,,,
2026-03-31T01:11:41.765Z,market,trade,TESTE,100052.1179669708,117,,,,CITI,ITAU,,,
2026-03-31T01:11:41.917Z,market,trade,TESTE,100045.82891249313,131,,,,GOLDM,JPM,,,
2026-03-31T01:11:42.073Z,market,trade,TESTE,100059.9497788759,70,,,,XP,MS,,,
2026-03-31T01:11:42.232Z,market,trade,TESTE,100061.67554086272,186,,,,UBS,GOLDM,,,
2026-03-31T01:11:42.382Z,market,trade,TESTE,100055.47494537088,101,,,,CS,CITI,,,
2026-03-31T01:11:42.546Z,market,trade,TESTE,100050.69186333223,16,,,,MS,CS,,,
2026-03-31T01:11:42.698Z,market,trade,TESTE,100061.66695905746,72,,,,CITI,ITAU,,,
2026-03-31T01:11:42.849Z,market,trade,TESTE,100055.43744900735,21,,,,GOLDM,UBS,,,
2026-03-31T01:11:43.000Z,market,trade,TESTE,100067.6451901007,61,,,,MS,ITAU,,,
2026-03-31T01:11:43.155Z,market,trade,TESTE,100054.33676143832,133,,,,CS,BTG,,,
2026-03-31T01:11:43.311Z,market,trade,TESTE,100053.8002945166,24,,,,CS,XP,,,
2026-03-31T01:11:43.463Z,market,trade,TESTE,100051.48701082628,73,,,,BARCL,BTG,,,
2026-03-31T01:11:43.617Z,market,trade,TESTE,100059.50157764742,15,,,,CS,XP,,,
2026-03-31T01:11:43.780Z,market,trade,TESTE,100053.65302050741,180,,,,BTG,BTG,,,
2026-03-31T01:11:43.932Z,market,trade,TESTE,100068.31337602939,40,,,,MS,UBS,,,
2026-03-31T01:11:44.086Z,market,trade,TESTE,100065.43236291387,199,,,,MS,MS,,,
2026-03-31T01:11:44.242Z,market,trade,TESTE,100057.74581572367,165,,,,ITAU,XP,,,
2026-03-31T01:11:44.397Z,market,trade,TESTE,100063.93696445241,118,,,,ITAU,GOLDM,,,
2026-03-31T01:11:44.548Z,market,trade,TESTE,100056.35994951216,48,,,,GOLDM,CITI,,,
2026-03-31T01:11:44.701Z,market,trade,TESTE,100068.23696574019,17,,,,MS,JPM,,,
2026-03-31T01:11:44.851Z,market,trade,TESTE,100065.04342859694,186,,,,ITAU,UBS,,,
2026-03-31T01:11:45.011Z,market,trade,TESTE,100055.90828279586,30,,,,BTG,JPM,,,
2026-03-31T01:11:45.166Z,market,trade,TESTE,100064.79607937875,113,,,,MS,JPM,,,
2026-03-31T01:11:45.317Z,market,trade,TESTE,100050.42349528117,118,,,,CS,CS,,,
2026-03-31T01:11:45.468Z,market,trade,TESTE,100056.43499616474,45,,,,JPM,CS,,,
2026-03-31T01:11:45.618Z,market,trade,TESTE,100060.87974402368,24,,,,CITI,CS,,,
2026-03-31T01:11:45.783Z,market,trade,TESTE,100046.03798009329,104,,,,ITAU,UBS,,,
2026-03-31T01:11:45.948Z,market,trade,TESTE,100060.88536342591,76,,,,UBS,BTG,,,
2026-03-31T01:11:46.099Z,market,trade,TESTE,100052.69796658601,28,,,,UBS,JPM,,,
2026-03-31T01:11:46.251Z,market,trade,TESTE,100056.24384553135,145,,,,BTG,MS,,,
2026-03-31T01:11:46.416Z,market,trade,TESTE,100058.63565496687,16,,,,CITI,CITI,,,
2026-03-31T01:11:46.575Z,market,trade,TESTE,100068.06799654354,35,,,,MS,BARCL,,,
2026-03-31T01:11:46.727Z,market,trade,TESTE,100060.51158745613,181,,,,CS,CS,,,
2026-03-31T01:11:46.883Z,market,trade,TESTE,100073.6299042561,47,,,,MS,XP,,,
2026-03-31T01:11:47.035Z,market,trade,TESTE,100076.65046695367,174,,,,BTG,BTG,,,
2026-03-31T01:11:47.197Z,market,trade,TESTE,100080.23325806626,16,,,,BTG,XP,,,
2026-03-31T01:11:47.350Z,market,trade,TESTE,100078.05994656998,107,,,,CS,XP,,,
2026-03-31T01:11:47.500Z,market,trade,TESTE,100071.30762473542,169,,,,CITI,ITAU,,,
2026-03-31T01:11:47.665Z,market,trade,TESTE,100080.80684756185,7,,,,CS,ITAU,,,
2026-03-31T01:11:47.817Z,market,trade,TESTE,100076.49440894427,176,,,,CS,ITAU,,,
2026-03-31T01:11:47.967Z,market,trade,TESTE,100078.51643060242,45,,,,CITI,BARCL,,,
2026-03-31T01:11:48.118Z,market,trade,TESTE,100067.28806682394,173,,,,CITI,GOLDM,,,
2026-03-31T01:11:48.281Z,market,trade,TESTE,100079.2468886106,42,,,,UBS,ITAU,,,
2026-03-31T01:11:48.446Z,market,trade,TESTE,100079.24456895448,150,,,,ITAU,ITAU,,,
2026-03-31T01:11:48.598Z,market,trade,TESTE,100082.75652534569,98,,,,GOLDM,CS,,,
2026-03-31T01:11:48.750Z,market,trade,TESTE,100069.01742516496,106,,,,BTG,XP,,,
2026-03-31T01:11:48.916Z,market,trade,TESTE,100077.30969158268,188,,,,JPM,UBS,,,
2026-03-31T01:11:49.067Z,market,trade,TESTE,100078.88454768524,82,,,,BTG,JPM,,,
2026-03-31T01:11:49.218Z,market,trade,TESTE,100073.19405418687,142,,,,GOLDM,CS,,,
2026-03-31T01:11:49.368Z,market,trade,TESTE,100076.79771539409,182,,,,MS,XP,,,
2026-03-31T01:11:49.530Z,market,trade,TESTE,100091.36590068234,124,,,,CITI,UBS,,,
2026-03-31T01:11:49.684Z,market,trade,TESTE,100077.03896018429,81,,,,XP,BTG,,,
2026-03-31T01:11:49.847Z,market,trade,TESTE,100084.20216465714,140,,,,BTG,GOLDM,,,
2026-03-31T01:11:50.000Z,market,trade,TESTE,100073.038790829,91,,,,XP,XP,,,
2026-03-31T01:11:50.165Z,market,trade,TESTE,100077.80144036416,42,,,,XP,CS,,,
2026-03-31T01:11:50.317Z,market,trade,TESTE,100072.91505313183,84,,,,UBS,ITAU,,,
2026-03-31T01:11:50.480Z,market,trade,TESTE,100081.72220518753,126,,,,CITI,CITI,,,
2026-03-31T01:11:50.635Z,market,trade,TESTE,100074.77524220684,85,,,,MS,BTG,,,
2026-03-31T01:11:50.800Z,market,trade,TESTE,100070.96477595222,110,,,,JPM,JPM,,,
2026-03-31T01:11:50.950Z,market,trade,TESTE,100078.97992944349,193,,,,ITAU,UBS,,,
2026-03-31T01:11:51.103Z,market,trade,TESTE,100066.81908228096,171,,,,UBS,BARCL,,,
2026-03-31T01:11:51.266Z,market,trade,TESTE,100077.22855024005,74,,,,BARCL,XP,,,
2026-03-31T01:11:51.416Z,market,trade,TESTE,100081.17297402349,187,,,,GOLDM,ITAU,,,
2026-03-31T01:11:51.566Z,market,trade,TESTE,100080.04379830514,148,,,,ITAU,JPM,,,
2026-03-31T01:11:51.732Z,market,trade,TESTE,100078.84892105794,29,,,,CS,CS,,,
2026-03-31T01:11:51.882Z,market,trade,TESTE,100083.07964017501,89,,,,JPM,CS,,,
2026-03-31T01:11:52.040Z,market,trade,TESTE,100072.56702091165,141,,,,ITAU,XP,,,
2026-03-31T01:11:52.193Z,market,trade,TESTE,100080.0386006134,191,,,,CS,MS,,,
2026-03-31T01:11:52.350Z,market,trade,TESTE,100074.82773717328,76,,,,ITAU,GOLDM,,,
2026-03-31T01:11:52.513Z,market,trade,TESTE,100085.66357036648,8,,,,MS,CITI,,,
2026-03-31T01:11:52.666Z,market,trade,TESTE,100089.77063382855,9,,,,MS,BARCL,,,
2026-03-31T01:11:52.831Z,market,trade,TESTE,100093.3828367977,65,,,,CITI,GOLDM,,,
2026-03-31T01:11:52.983Z,market,trade,TESTE,100081.79440985067,128,,,,UBS,CITI,,,
2026-03-31T01:11:53.134Z,market,trade,TESTE,100092.96494160575,63,,,,BTG,JPM,,,
2026-03-31T01:11:53.300Z,market,trade,TESTE,100085.85881908219,105,,,,UBS,BTG,,,
2026-03-31T01:11:53.451Z,market,trade,TESTE,100093.9241892426,165,,,,ITAU,BTG,,,
2026-03-31T01:11:53.617Z,market,trade,TESTE,100093.74208274472,107,,,,UBS,BTG,,,
2026-03-31T01:11:53.768Z,market,trade,TESTE,100088.56306448703,37,,,,UBS,BARCL,,,
2026-03-31T01:11:53.932Z,market,trade,TESTE,100093.01800304349,143,,,,XP,CS,,,
2026-03-31T01:11:54.084Z,market,trade,TESTE,100103.42002293257,58,,,,CS,MS,,,
2026-03-31T01:11:54.234Z,market,trade,TESTE,100102.20737238468,99,,,,BTG,CITI,,,
2026-03-31T01:11:54.398Z,market,trade,TESTE,100105.93991755965,175,,,,CS,BTG,,,
2026-03-31T01:11:54.551Z,market,trade,TESTE,100092.7674299614,165,,,,GOLDM,JPM,,,
2026-03-31T01:11:54.716Z,market,trade,TESTE,100091.67688431157,20,,,,MS,CS,,,
2026-03-31T01:11:54.881Z,market,trade,TESTE,100100.82408940185,127,,,,XP,ITAU,,,
2026-03-31T01:11:55.036Z,market,trade,TESTE,100092.44348882265,35,,,,CITI,BARCL,,,
2026-03-31T01:11:55.198Z,market,trade,TESTE,100089.66543507417,43,,,,GOLDM,XP,,,
2026-03-31T01:11:55.365Z,market,trade,TESTE,100102.04434885047,175,,,,JPM,CITI,,,
2026-03-31T01:11:55.523Z,market,trade,TESTE,100089.61622616289,191,,,,JPM,XP,,,
2026-03-31T01:11:55.682Z,market,trade,TESTE,100102.90826705204,139,,,,CS,JPM,,,
2026-03-31T01:11:55.840Z,market,trade,TESTE,100098.0881399554,67,,,,XP,JPM,,,
2026-03-31T01:11:55.998Z,market,trade,TESTE,100088.08735317749,20,,,,BARCL,UBS,,,
2026-03-31T01:11:56.155Z,market,trade,TESTE,100087.41489851597,116,,,,BTG,JPM,,,
2026-03-31T01:11:56.318Z,market,trade,TESTE,100085.46773993825,107,,,,BARCL,UBS,,,
2026-03-31T01:11:56.479Z,market,trade,TESTE,100084.98947880363,133,,,,ITAU,GOLDM,,,
2026-03-31T01:11:56.633Z,market,trade,TESTE,100097.53385431474,130,,,,CITI,CITI,,,
2026-03-31T01:11:56.784Z,market,trade,TESTE,100096.59619631077,122,,,,ITAU,BARCL,,,
2026-03-31T01:11:56.948Z,market,trade,TESTE,100081.77485438998,61,,,,UBS,BTG,,,
2026-03-31T01:11:57.100Z,market,trade,TESTE,100089.81494263095,43,,,,XP,BARCL,,,
2026-03-31T01:11:57.264Z,market,trade,TESTE,100087.84888123383,47,,,,XP,MS,,,
2026-03-31T01:11:57.418Z,market,trade,TESTE,100078.36549413127,47,,,,CS,GOLDM,,,
2026-03-31T01:11:57.583Z,market,trade,TESTE,100091.37126435927,65,,,,CITI,BARCL,,,
2026-03-31T01:11:57.735Z,market,trade,TESTE,100080.75491157158,160,,,,GOLDM,BTG,,,
2026-03-31T01:11:57.886Z,market,trade,TESTE,100091.95419412931,30,,,,XP,GOLDM,,,
2026-03-31T01:11:58.046Z,market,trade,TESTE,100093.20895092266,48,,,,UBS,XP,,,
2026-03-31T01:11:58.200Z,market,trade,TESTE,100085.1674799446,191,,,,MS,GOLDM,,,
2026-03-31T01:11:58.365Z,market,trade,TESTE,100096.13042040594,74,,,,ITAU,GOLDM,,,
2026-03-31T01:11:58.516Z,market,trade,TESTE,100096.09123820458,20,,,,BARCL,BTG,,,
2026-03-31T01:11:58.667Z,market,trade,TESTE,100086.33672337235,62,,,,UBS,JPM,,,
2026-03-31T01:11:58.818Z,market,trade,TESTE,100095.8064720438,21,,,,GOLDM,UBS,,,
2026-03-31T01:11:58.983Z,market,trade,TESTE,100092.72438342274,8,,,,BARCL,JPM,,,
2026-03-31T01:11:59.139Z,market,trade,TESTE,100091.83586550628,99,,,,JPM,MS,,,
2026-03-31T01:11:59.299Z,market,trade,TESTE,100083.34805169838,196,,,,JPM,JPM,,,
2026-03-31T01:11:59.464Z,market,trade,TESTE,100090.43381208499,159,,,,BARCL,JPM,,,
2026-03-31T01:11:59.617Z,market,trade,TESTE,100077.00911064875,155,,,,MS,CS,,,
2026-03-31T01:11:59.778Z,market,trade,TESTE,100088.28557892228,29,,,,GOLDM,CS,,,
2026-03-31T01:11:59.931Z,market,trade,TESTE,100075.56945013994,87,,,,UBS,CITI,,,
2026-03-31T01:12:00.111Z,market,trade,TESTE,100086.98807364488,72,,,,CITI,GOLDM,,,
2026-03-31T01:12:00.264Z,market,trade,TESTE,100073.43537673238,60,,,,XP,CS,,,
2026-03-31T01:12:00.421Z,market,trade,TESTE,100071.78012177904,167,,,,BTG,JPM,,,
2026-03-31T01:12:00.584Z,market,trade,TESTE,100086.18801272428,64,,,,CITI,ITAU,,,
2026-03-31T01:12:00.735Z,market,trade,TESTE,100074.80173621351,191,,,,UBS,CS,,,
2026-03-31T01:12:00.898Z,market,trade,TESTE,100077.0749057407,183,,,,CITI,JPM,,,
2026-03-31T01:12:01.053Z,market,trade,TESTE,100072.42325945222,154,,,,BTG,BTG,,,
2026-03-31T01:12:01.214Z,market,trade,TESTE,100070.59725373745,54,,,,XP,CITI,,,
2026-03-31T01:12:01.367Z,market,trade,TESTE,100067.38488752514,118,,,,XP,XP,,,
2026-03-31T01:12:01.532Z,market,trade,TESTE,100071.6921248812,61,,,,XP,CITI,,,
2026-03-31T01:12:01.683Z,market,trade,TESTE,100081.80875472151,51,,,,BTG,UBS,,,
2026-03-31T01:12:01.835Z,market,trade,TESTE,100068.05731722403,122,,,,BTG,UBS,,,
2026-03-31T01:12:01.999Z,market,trade,TESTE,100077.45669209544,171,,,,XP,UBS,,,
2026-03-31T01:12:02.165Z,market,trade,TESTE,100081.48900362832,190,,,,GOLDM,CS,,,
2026-03-31T01:12:02.328Z,market,trade,TESTE,100073.60122115139,26,,,,GOLDM,ITAU,,,
2026-03-31T01:12:02.483Z,market,trade,TESTE,100085.32052383375,38,,,,UBS,ITAU,,,
2026-03-31T01:12:02.641Z,market,trade,TESTE,100076.34929463116,146,,,,BTG,XP,,,
2026-03-31T01:12:02.798Z,market,trade,TESTE,100090.05433847167,20,,,,CS,CITI,,,
2026-03-31T01:12:02.950Z,market,trade,TESTE,100090.1582571708,68,,,,BTG,CS,,,
2026-03-31T01:12:03.114Z,market,trade,TESTE,100085.14451769184,80,,,,GOLDM,UBS,,,
2026-03-31T01:12:03.268Z,market,trade,TESTE,100092.50164221191,67,,,,MS,BTG,,,
2026-03-31T01:12:03.431Z,market,trade,TESTE,100096.43301185057,177,,,,BTG,CITI,,,
2026-03-31T01:12:03.589Z,market,trade,TESTE,100097.83392620004,187,,,,CITI,GOLDM,,,
2026-03-31T01:12:03.751Z,market,trade,TESTE,100094.96865565669,121,,,,MS,ITAU,,,
2026-03-31T01:12:03.915Z,market,trade,TESTE,100091.26466350448,100,,,,UBS,CITI,,,
2026-03-31T01:12:04.068Z,market,trade,TESTE,100079.93942451346,22,,,,CS,CS,,,
2026-03-31T01:12:04.234Z,market,trade,TESTE,100089.16370600143,80,,,,BTG,BTG,,,
2026-03-31T01:12:04.400Z,market,trade,TESTE,100089.97767243911,190,,,,ITAU,BARCL,,,
2026-03-31T01:12:04.550Z,market,trade,TESTE,100077.05768276595,164,,,,JPM,JPM,,,
2026-03-31T01:12:04.700Z,market,trade,TESTE,100085.19722611869,50,,,,ITAU,CITI,,,
2026-03-31T01:12:04.851Z,market,trade,TESTE,100076.97333525532,25,,,,XP,JPM,,,
2026-03-31T01:12:05.017Z,market,trade,TESTE,100086.29845284799,93,,,,GOLDM,CS,,,
2026-03-31T01:12:05.167Z,market,trade,TESTE,100081.82061324436,22,,,,BARCL,CITI,,,
2026-03-31T01:12:05.320Z,market,trade,TESTE,100066.91178578489,40,,,,CS,CITI,,,
2026-03-31T01:12:05.473Z,market,trade,TESTE,100064.45793126049,195,,,,BTG,BTG,,,
2026-03-31T01:12:05.632Z,market,trade,TESTE,100078.97232624449,64,,,,MS,MS,,,
2026-03-31T01:12:05.785Z,market,trade,TESTE,100077.10696406041,135,,,,UBS,UBS,,,
2026-03-31T01:12:05.950Z,market,trade,TESTE,100075.36515094429,166,,,,UBS,BARCL,,,
2026-03-31T01:12:06.101Z,market,trade,TESTE,100079.85912979588,175,,,,ITAU,UBS,,,
2026-03-31T01:12:06.266Z,market,trade,TESTE,100076.29456435799,164,,,,BARCL,ITAU,,,
2026-03-31T01:12:06.417Z,market,trade,TESTE,100079.63498778666,112,,,,GOLDM,BTG,,,
2026-03-31T01:12:06.568Z,market,trade,TESTE,100081.66564795277,80,,,,ITAU,ITAU,,,
2026-03-31T01:12:06.719Z,market,trade,TESTE,100084.57424018811,83,,,,XP,MS,,,
2026-03-31T01:12:06.873Z,market,trade,TESTE,100072.8655314448,138,,,,BARCL,CS,,,
2026-03-31T01:12:07.033Z,market,trade,TESTE,100074.53856142565,17,,,,JPM,ITAU,,,
2026-03-31T01:12:07.183Z,market,trade,TESTE,100086.56724164438,105,,,,BARCL,CS,,,
2026-03-31T01:12:07.334Z,market,trade,TESTE,100075.64069787,43,,,,MS,CS,,,
2026-03-31T01:12:07.495Z,market,trade,TESTE,100075.91517146074,103,,,,CS,JPM,,,
2026-03-31T01:12:07.645Z,market,trade,TESTE,100079.79574854317,177,,,,ITAU,CITI,,,
2026-03-31T01:12:07.800Z,market,trade,TESTE,100076.95178030357,125,,,,BARCL,BTG,,,
2026-03-31T01:12:07.951Z,market,trade,TESTE,100085.57809949486,78,,,,CITI,XP,,,
2026-03-31T01:12:08.103Z,market,trade,TESTE,100082.05443989251,159,,,,UBS,UBS,,,
2026-03-31T01:12:08.266Z,market,trade,TESTE,100076.97743537152,114,,,,MS,ITAU,,,
2026-03-31T01:12:08.419Z,market,trade,TESTE,100090.58575815779,150,,,,BTG,CS,,,
2026-03-31T01:12:08.584Z,market,trade,TESTE,100093.00895208286,182,,,,UBS,BARCL,,,
2026-03-31T01:12:08.734Z,market,trade,TESTE,100087.60316323108,195,,,,CS,GOLDM,,,
2026-03-31T01:12:08.900Z,market,trade,TESTE,100087.10872289054,196,,,,MS,GOLDM,,,
2026-03-31T01:12:09.051Z,market,trade,TESTE,100100.87570332925,31,,,,ITAU,GOLDM,,,
2026-03-31T01:12:09.217Z,market,trade,TESTE,100089.24898999846,161,,,,JPM,BTG,,,
2026-03-31T01:12:09.368Z,market,trade,TESTE,100100.44727651443,139,,,,JPM,CITI,,,
2026-03-31T01:12:09.520Z,market,trade,TESTE,100086.98189863618,85,,,,MS,BARCL,,,
2026-03-31T01:12:09.670Z,market,trade,TESTE,100086.68423194038,105,,,,BARCL,MS,,,
2026-03-31T01:12:09.832Z,market,trade,TESTE,100099.16856280668,124,,,,ITAU,CS,,,
2026-03-31T01:12:09.982Z,market,trade,TESTE,100100.672377187,176,,,,ITAU,BTG,,,
2026-03-31T01:12:10.134Z,market,trade,TESTE,100094.0201778935,84,,,,BTG,JPM,,,
2026-03-31T01:12:10.300Z,market,trade,TESTE,100091.76107844315,123,,,,JPM,XP,,,
2026-03-31T01:12:10.450Z,market,trade,TESTE,100089.12495845037,76,,,,MS,CITI,,,
2026-03-31T01:12:10.601Z,market,trade,TESTE,100089.39851599872,120,,,,BTG,GOLDM,,,
2026-03-31T01:12:10.766Z,market,trade,TESTE,100094.51067046987,50,,,,CITI,UBS,,,
2026-03-31T01:12:10.917Z,market,trade,TESTE,100093.6516341814,122,,,,CS,ITAU,,,
2026-03-31T01:12:11.068Z,market,trade,TESTE,100087.45862872263,132,,,,XP,JPM,,,
2026-03-31T01:12:11.232Z,market,trade,TESTE,100093.8895662103,128,,,,CS,XP,,,
2026-03-31T01:12:11.383Z,market,trade,TESTE,100098.82990803328,141,,,,ITAU,CITI,,,
2026-03-31T01:12:11.534Z,market,trade,TESTE,100085.95358912983,68,,,,BARCL,BARCL,,,
2026-03-31T01:12:11.700Z,market,trade,TESTE,100093.00135414633,17,,,,XP,XP,,,
2026-03-31T01:12:11.851Z,market,trade,TESTE,100094.89124295076,29,,,,XP,GOLDM,,,
2026-03-31T01:12:12.004Z,market,trade,TESTE,100093.13125829115,56,,,,BARCL,UBS,,,
2026-03-31T01:12:12.167Z,market,trade,TESTE,100083.38335845464,188,,,,JPM,GOLDM,,,
2026-03-31T01:12:12.318Z,market,trade,TESTE,100082.25987562246,34,,,,UBS,BTG,,,
2026-03-31T01:12:12.484Z,market,trade,TESTE,100078.77087016257,166,,,,XP,XP,,,
2026-03-31T01:12:12.634Z,market,trade,TESTE,100075.71849887929,70,,,,UBS,GOLDM,,,
2026-03-31T01:12:12.785Z,market,trade,TESTE,100088.42610855201,197,,,,CS,CITI,,,
2026-03-31T01:12:12.951Z,market,trade,TESTE,100079.13750360775,39,,,,GOLDM,BARCL,,,
2026-03-31T01:12:13.116Z,market,trade,TESTE,100077.38894280001,98,,,,JPM,CITI,,,
2026-03-31T01:12:13.267Z,market,trade,TESTE,100078.93068135701,31,,,,XP,GOLDM,,,
2026-03-31T01:12:13.418Z,market,trade,TESTE,100079.22338278376,117,,,,JPM,UBS,,,
2026-03-31T01:12:13.568Z,market,trade,TESTE,100091.49473302966,15,,,,JPM,BARCL,,,
2026-03-31T01:12:13.734Z,market,trade,TESTE,100077.5234219893,37,,,,UBS,ITAU,,,
2026-03-31T01:12:13.884Z,market,trade,TESTE,100084.6389426961,160,,,,BTG,BTG,,,
2026-03-31T01:12:14.048Z,market,trade,TESTE,100089.45363818917,105,,,,CITI,JPM,,,
2026-03-31T01:12:14.200Z,market,trade,TESTE,100083.67858742988,78,,,,XP,UBS,,,
2026-03-31T01:12:14.366Z,market,trade,TESTE,100098.07161638944,113,,,,JPM,BTG,,,
2026-03-31T01:12:14.518Z,market,trade,TESTE,100089.79164056893,54,,,,CS,MS,,,
2026-03-31T01:12:14.670Z,market,trade,TESTE,100102.20778931641,125,,,,CITI,BARCL,,,
2026-03-31T01:12:14.823Z,market,trade,TESTE,100095.56702909649,174,,,,MS,BARCL,,,
2026-03-31T01:12:14.978Z,market,trade,TESTE,100103.5233819098,16,,,,MS,MS,,,
2026-03-31T01:12:15.135Z,market,trade,TESTE,100101.6153049578,81,,,,CITI,BTG,,,
2026-03-31T01:12:15.290Z,market,trade,TESTE,100089.898886802,29,,,,GOLDM,MS,,,
2026-03-31T01:12:15.451Z,market,trade,TESTE,100085.80566332796,37,,,,XP,JPM,,,
2026-03-31T01:12:15.617Z,market,trade,TESTE,100095.29352699898,147,,,,ITAU,CITI,,,
2026-03-31T01:12:15.768Z,market,trade,TESTE,100087.68943039491,123,,,,GOLDM,MS,,,
2026-03-31T01:12:15.933Z,market,trade,TESTE,100101.40271407804,199,,,,XP,ITAU,,,
2026-03-31T01:12:16.085Z,market,trade,TESTE,100096.42303399864,78,,,,BARCL,CS,,,
2026-03-31T01:12:16.250Z,market,trade,TESTE,100091.61406078574,173,,,,UBS,CITI,,,
2026-03-31T01:12:16.401Z,market,trade,TESTE,100090.86664785461,15,,,,MS,CITI,,,
2026-03-31T01:12:16.566Z,market,trade,TESTE,100081.31114470823,118,,,,BARCL,UBS,,,
2026-03-31T01:12:16.718Z,market,trade,TESTE,100079.0244099595,24,,,,CS,ITAU,,,
2026-03-31T01:12:16.884Z,market,trade,TESTE,100078.03412099835,109,,,,UBS,GOLDM,,,
2026-03-31T01:12:17.051Z,market,trade,TESTE,100075.66888377623,8,,,,CS,UBS,,,
2026-03-31T01:12:17.217Z,market,trade,TESTE,100074.32633526807,79,,,,ITAU,BTG,,,
2026-03-31T01:12:17.368Z,market,trade,TESTE,100073.36409694848,126,,,,XP,UBS,,,
2026-03-31T01:12:17.533Z,market,trade,TESTE,100080.9156298853,108,,,,CS,ITAU,,,
2026-03-31T01:12:17.684Z,market,trade,TESTE,100079.41688504223,82,,,,CITI,ITAU,,,
2026-03-31T01:12:17.834Z,market,trade,TESTE,100067.87213174206,132,,,,UBS,MS,,,
2026-03-31T01:12:17.987Z,market,trade,TESTE,100076.34477234786,175,,,,GOLDM,JPM,,,
2026-03-31T01:12:18.150Z,market,trade,TESTE,100061.95983515044,164,,,,MS,GOLDM,,,
2026-03-31T01:12:18.301Z,market,trade,TESTE,100074.25654574491,200,,,,MS,ITAU,,,
2026-03-31T01:12:18.451Z,market,trade,TESTE,100076.71341415818,197,,,,CS,BARCL,,,
2026-03-31T01:12:18.617Z,market,trade,TESTE,100074.87243894432,178,,,,BARCL,UBS,,,
2026-03-31T01:12:18.767Z,market,trade,TESTE,100063.22799150298,110,,,,GOLDM,ITAU,,,
2026-03-31T01:12:18.920Z,market,trade,TESTE,100068.30741267427,89,,,,JPM,XP,,,
2026-03-31T01:12:19.071Z,market,trade,TESTE,100071.01721910648,171,,,,MS,UBS,,,
2026-03-31T01:12:19.233Z,market,trade,TESTE,100067.44482791552,164,,,,MS,JPM,,,
2026-03-31T01:12:19.383Z,market,trade,TESTE,100060.67335754445,120,,,,MS,ITAU,,,
2026-03-31T01:12:19.535Z,market,trade,TESTE,100073.63133121864,164,,,,ITAU,MS,,,
2026-03-31T01:12:19.686Z,market,trade,TESTE,100061.2522936765,200,,,,ITAU,ITAU,,,
2026-03-31T01:12:19.851Z,market,trade,TESTE,100057.60891238962,76,,,,ITAU,ITAU,,,
2026-03-31T01:12:20.012Z,market,trade,TESTE,100057.07441750301,146,,,,ITAU,XP,,,
2026-03-31T01:12:20.167Z,market,trade,TESTE,100069.04964632606,93,,,,BTG,CS,,,
2026-03-31T01:12:20.318Z,market,trade,TESTE,100062.60182612334,81,,,,XP,ITAU,,,
2026-03-31T01:12:20.471Z,market,trade,TESTE,100065.71058780045,186,,,,ITAU,CITI,,,
2026-03-31T01:12:20.634Z,market,trade,TESTE,100062.79854355489,26,,,,UBS,UBS,,,
2026-03-31T01:12:20.784Z,market,trade,TESTE,100061.74395403099,62,,,,XP,ITAU,,,
2026-03-31T01:12:20.950Z,market,trade,TESTE,100061.65338214643,80,,,,BTG,BTG,,,
2026-03-31T01:12:21.101Z,market,trade,TESTE,100075.58131590988,77,,,,UBS,GOLDM,,,
2026-03-31T01:12:21.253Z,market,trade,TESTE,100068.5808159353,38,,,,CITI,CS,,,
2026-03-31T01:12:21.405Z,market,trade,TESTE,100065.42381806686,56,,,,BTG,BTG,,,
2026-03-31T01:12:21.558Z,market,trade,TESTE,100080.29427067493,172,,,,JPM,MS,,,
2026-03-31T01:12:21.718Z,market,trade,TESTE,100081.49718551159,46,,,,BTG,BTG,,,
2026-03-31T01:12:21.883Z,market,trade,TESTE,100079.65825872985,197,,,,JPM,GOLDM,,,
2026-03-31T01:12:22.035Z,market,trade,TESTE,100079.24446074385,154,,,,ITAU,XP,,,
2026-03-31T01:12:22.186Z,market,trade,TESTE,100081.89829680628,7,,,,BTG,BARCL,,,
2026-03-31T01:12:22.350Z,market,trade,TESTE,100074.75790589493,106,,,,GOLDM,GOLDM,,,
2026-03-31T01:12:22.501Z,market,trade,TESTE,100084.47449394183,142,,,,BTG,BARCL,,,
2026-03-31T01:12:22.665Z,market,trade,TESTE,100082.5763651487,32,,,,ITAU,JPM,,,
2026-03-31T01:12:22.816Z,market,trade,TESTE,100082.5255745093,77,,,,BTG,MS,,,
2026-03-31T01:12:22.978Z,market,trade,TESTE,100081.26818983968,85,,,,BTG,BTG,,,
2026-03-31T01:12:23.132Z,market,trade,TESTE,100069.0266437925,136,,,,GOLDM,XP,,,
2026-03-31T01:12:23.284Z,market,trade,TESTE,100082.88770889325,92,,,,XP,CS,,,
2026-03-31T01:12:23.434Z,market,trade,TESTE,100074.70075139836,167,,,,ITAU,JPM,,,
2026-03-31T01:12:23.601Z,market,trade,TESTE,100073.00561388906,122,,,,GOLDM,BARCL,,,
2026-03-31T01:12:23.751Z,market,trade,TESTE,100081.74744609796,140,,,,BTG,CITI,,,
2026-03-31T01:12:23.916Z,market,trade,TESTE,100079.2069892644,109,,,,BTG,MS,,,
2026-03-31T01:12:24.067Z,market,trade,TESTE,100070.00185026372,143,,,,JPM,CS,,,
2026-03-31T01:12:24.218Z,market,trade,TESTE,100071.40122294567,139,,,,ITAU,XP,,,
2026-03-31T01:12:24.372Z,market,trade,TESTE,100067.1668722251,96,,,,ITAU,CITI,,,
2026-03-31T01:12:24.525Z,market,trade,TESTE,100071.04477336828,50,,,,UBS,XP,,,
2026-03-31T01:12:24.677Z,market,trade,TESTE,100085.73662608299,97,,,,XP,UBS,,,
2026-03-31T01:12:24.833Z,market,trade,TESTE,100077.59993252957,181,,,,BTG,MS,,,
2026-03-31T01:12:24.984Z,market,trade,TESTE,100083.83530586223,96,,,,GOLDM,ITAU,,,
2026-03-31T01:12:25.135Z,market,trade,TESTE,100082.75224812706,8,,,,GOLDM,XP,,,
2026-03-31T01:12:25.300Z,market,trade,TESTE,100086.73752205756,96,,,,MS,CITI,,,
2026-03-31T01:12:25.451Z,market,trade,TESTE,100084.23828223567,6,,,,CS,GOLDM,,,
2026-03-31T01:12:25.616Z,market,trade,TESTE,100073.51021292065,41,,,,BTG,ITAU,,,
2026-03-31T01:12:25.767Z,market,trade,TESTE,100087.22143039262,20,,,,GOLDM,MS,,,
2026-03-31T01:12:25.931Z,market,trade,TESTE,100091.31104847354,95,,,,GOLDM,CS,,,
2026-03-31T01:12:26.083Z,market,trade,TESTE,100077.01591183375,184,,,,ITAU,MS,,,
2026-03-31T01:12:26.234Z,market,trade,TESTE,100079.62972443854,44,,,,JPM,GOLDM,,,
2026-03-31T01:12:26.385Z,market,trade,TESTE,100093.73069902313,109,,,,CITI,MS,,,
2026-03-31T01:12:26.551Z,market,trade,TESTE,100095.2451735784,153,,,,BTG,MS,,,
2026-03-31T01:12:26.701Z,market,trade,TESTE,100100.14415874248,40,,,,UBS,UBS,,,
2026-03-31T01:12:26.866Z,market,trade,TESTE,100089.16681859428,176,,,,ITAU,MS,,,
2026-03-31T01:12:27.032Z,market,trade,TESTE,100102.56722214865,43,,,,ITAU,BARCL,,,
2026-03-31T01:12:27.185Z,market,trade,TESTE,100095.35569010812,97,,,,CS,MS,,,
2026-03-31T01:12:27.336Z,market,trade,TESTE,100094.44427430665,43,,,,MS,BARCL,,,
2026-03-31T01:12:27.500Z,market,trade,TESTE,100091.05951464105,140,,,,CITI,UBS,,,
2026-03-31T01:12:27.658Z,market,trade,TESTE,100091.73895671664,35,,,,MS,CITI,,,
2026-03-31T01:12:27.817Z,market,trade,TESTE,100101.69304085606,48,,,,BTG,GOLDM,,,
2026-03-31T01:12:27.968Z,market,trade,TESTE,100091.60967995111,73,,,,JPM,JPM,,,
2026-03-31T01:12:28.122Z,market,trade,TESTE,100095.43692915874,89,,,,BTG,BARCL,,,
2026-03-31T01:12:28.283Z,market,trade,TESTE,100104.2929038564,137,,,,JPM,BTG,,,
2026-03-31T01:12:28.434Z,market,trade,TESTE,100092.50179948591,92,,,,GOLDM,UBS,,,
2026-03-31T01:12:28.592Z,market,trade,TESTE,100093.17391635785,175,,,,ITAU,BARCL,,,
2026-03-31T01:12:28.750Z,market,trade,TESTE,100105.16648151711,117,,,,GOLDM,BTG,,,
2026-03-31T01:12:28.902Z,market,trade,TESTE,100094.29849576934,195,,,,BARCL,XP,,,
2026-03-31T01:12:29.067Z,market,trade,TESTE,100098.66321668404,132,,,,CS,JPM,,,
2026-03-31T01:12:29.218Z,market,trade,TESTE,100096.68826779652,197,,,,CITI,UBS,,,
2026-03-31T01:12:29.382Z,market,trade,TESTE,100095.48677816882,187,,,,CITI,BTG,,,
2026-03-31T01:12:29.534Z,market,trade,TESTE,100092.80038035041,97,,,,BARCL,UBS,,,
2026-03-31T01:12:29.684Z,market,trade,TESTE,100092.92746789899,115,,,,CS,GOLDM,,,
2026-03-31T01:12:29.835Z,market,trade,TESTE,100106.58644339991,113,,,,BARCL,BARCL,,,
2026-03-31T01:12:29.994Z,market,trade,TESTE,100092.38899855332,152,,,,BTG,CS,,,
2026-03-31T01:12:30.150Z,market,trade,TESTE,100105.74461265044,191,,,,GOLDM,BTG,,,
2026-03-31T01:12:30.311Z,market,trade,TESTE,100107.72567622583,37,,,,BARCL,CITI,,,
2026-03-31T01:12:30.467Z,market,trade,TESTE,100092.86055456458,108,,,,CITI,CITI,,,
2026-03-31T01:12:30.618Z,market,trade,TESTE,100088.20047415822,68,,,,CS,ITAU,,,
2026-03-31T01:12:30.783Z,market,trade,TESTE,100093.12406917426,102,,,,UBS,CS,,,
2026-03-31T01:12:30.936Z,market,trade,TESTE,100093.46208248835,156,,,,GOLDM,BARCL,,,
2026-03-31T01:12:31.100Z,market,trade,TESTE,100101.79312137165,38,,,,JPM,BARCL,,,
2026-03-31T01:12:31.250Z,market,trade,TESTE,100096.73889326332,183,,,,BTG,BTG,,,
2026-03-31T01:12:31.401Z,market,trade,TESTE,100096.02809455621,170,,,,ITAU,MS,,,
2026-03-31T01:12:31.554Z,market,trade,TESTE,100106.64953286352,36,,,,CS,BARCL,,,
2026-03-31T01:12:31.705Z,market,trade,TESTE,100110.43741817225,196,,,,CS,CITI,,,
2026-03-31T01:12:31.866Z,market,trade,TESTE,100102.90085678393,177,,,,XP,ITAU,,,
2026-03-31T01:12:32.017Z,market,trade,TESTE,100103.4915687151,144,,,,ITAU,UBS,,,
2026-03-31T01:12:32.168Z,market,trade,TESTE,100105.19055349358,91,,,,MS,GOLDM,,,
2026-03-31T01:12:32.325Z,market,trade,TESTE,100115.07273965504,7,,,,BARCL,ITAU,,,
2026-03-31T01:12:32.480Z,market,trade,TESTE,100115.62648973694,41,,,,GOLDM,JPM,,,
2026-03-31T01:12:32.630Z,market,trade,TESTE,100119.7272502381,9,,,,JPM,GOLDM,,,
2026-03-31T01:12:32.781Z,market,trade,TESTE,100118.92152317434,26,,,,UBS,JPM,,,
2026-03-31T01:12:32.932Z,market,trade,TESTE,100123.04753606838,78,,,,ITAU,XP,,,
2026-03-31T01:12:33.083Z,market,trade,TESTE,100109.27144842871,138,,,,GOLDM,UBS,,,
2026-03-31T01:12:33.234Z,market,trade,TESTE,100116.95343479735,195,,,,MS,BARCL,,,
2026-03-31T01:12:33.385Z,market,trade,TESTE,100120.35409417475,15,,,,CS,CITI,,,
2026-03-31T01:12:33.537Z,market,trade,TESTE,100107.75251472692,136,,,,CITI,CS,,,
2026-03-31T01:12:33.701Z,market,trade,TESTE,100107.61934356655,63,,,,MS,XP,,,
2026-03-31T01:12:33.860Z,market,trade,TESTE,100118.3380701921,81,,,,CITI,CITI,,,
2026-03-31T01:12:34.016Z,market,trade,TESTE,100108.02296688485,127,,,,CITI,ITAU,,,
2026-03-31T01:12:34.167Z,market,trade,TESTE,100109.92850674255,68,,,,ITAU,MS,,,
2026-03-31T01:12:34.318Z,market,trade,TESTE,100110.50335684413,5,,,,ITAU,CITI,,,
2026-03-31T01:12:34.469Z,market,trade,TESTE,100116.9365814193,97,,,,XP,UBS,,,
2026-03-31T01:12:34.619Z,market,trade,TESTE,100105.73532989829,184,,,,JPM,UBS,,,
2026-03-31T01:12:34.784Z,market,trade,TESTE,100113.6268524648,35,,,,BARCL,CITI,,,
2026-03-31T01:12:34.936Z,market,trade,TESTE,100114.01925253829,129,,,,GOLDM,UBS,,,
2026-03-31T01:12:35.100Z,market,trade,TESTE,100101.38890338081,172,,,,MS,CITI,,,
2026-03-31T01:12:35.252Z,market,trade,TESTE,100100.50341412461,114,,,,XP,CS,,,
2026-03-31T01:12:35.417Z,market,trade,TESTE,100102.45560401531,36,,,,JPM,BARCL,,,
2026-03-31T01:12:35.569Z,market,trade,TESTE,100116.26914235418,188,,,,CS,CITI,,,
2026-03-31T01:12:35.719Z,market,trade,TESTE,100111.04017074185,51,,,,GOLDM,MS,,,
2026-03-31T01:12:35.884Z,market,trade,TESTE,100109.68847973543,21,,,,CITI,JPM,,,
2026-03-31T01:12:36.035Z,market,trade,TESTE,100120.81049191617,182,,,,UBS,GOLDM,,,
2026-03-31T01:12:36.200Z,market,trade,TESTE,100109.70591485091,61,,,,XP,BTG,,,
2026-03-31T01:12:36.366Z,market,trade,TESTE,100106.0035789563,102,,,,UBS,CS,,,
2026-03-31T01:12:36.518Z,market,trade,TESTE,100111.37235342784,184,,,,ITAU,BTG,,,
2026-03-31T01:12:36.683Z,market,trade,TESTE,100097.61595372847,163,,,,BARCL,ITAU,,,
2026-03-31T01:12:36.834Z,market,trade,TESTE,100100.4907492844,165,,,,CS,UBS,,,
2026-03-31T01:12:36.995Z,market,trade,TESTE,100104.51087705452,190,,,,UBS,ITAU,,,
2026-03-31T01:12:37.149Z,market,trade,TESTE,100112.39281653446,131,,,,BTG,CITI,,,
2026-03-31T01:12:37.300Z,market,trade,TESTE,100108.52183035508,121,,,,MS,XP,,,
2026-03-31T01:12:37.451Z,market,trade,TESTE,100106.02734576442,49,,,,UBS,JPM,,,
2026-03-31T01:12:37.617Z,market,trade,TESTE,100103.92789070132,190,,,,CITI,XP,,,
2026-03-31T01:12:37.776Z,market,trade,TESTE,100107.20729160742,135,,,,BTG,GOLDM,,,
2026-03-31T01:12:37.933Z,market,trade,TESTE,100094.45712659483,52,,,,JPM,UBS,,,
2026-03-31T01:12:38.084Z,market,trade,TESTE,100108.10973892701,117,,,,BARCL,MS,,,
2026-03-31T01:12:38.234Z,market,trade,TESTE,100104.38044174305,101,,,,BARCL,CS,,,
2026-03-31T01:12:38.388Z,market,trade,TESTE,100097.13344314451,58,,,,GOLDM,BTG,,,
2026-03-31T01:12:38.539Z,market,trade,TESTE,100110.20300305399,179,,,,UBS,JPM,,,
2026-03-31T01:12:38.691Z,market,trade,TESTE,100101.9571042598,133,,,,XP,BTG,,,
2026-03-31T01:12:38.850Z,market,trade,TESTE,100105.59907978521,117,,,,ITAU,MS,,,
2026-03-31T01:12:39.002Z,market,trade,TESTE,100107.76856462986,12,,,,BARCL,XP,,,
2026-03-31T01:12:39.152Z,market,trade,TESTE,100109.06970847749,182,,,,ITAU,CITI,,,
2026-03-31T01:12:39.317Z,market,trade,TESTE,100119.58203363456,75,,,,ITAU,GOLDM,,,
2026-03-31T01:12:39.468Z,market,trade,TESTE,100106.54577925471,9,,,,JPM,JPM,,,
2026-03-31T01:12:39.626Z,market,trade,TESTE,100106.99891234997,116,,,,JPM,MS,,,
2026-03-31T01:12:39.783Z,market,trade,TESTE,100109.2554990087,148,,,,XP,MS,,,
2026-03-31T01:12:39.934Z,market,trade,TESTE,100116.19700236224,164,,,,CITI,UBS,,,
2026-03-31T01:12:40.100Z,market,trade,TESTE,100104.66401342045,137,,,,BARCL,BARCL,,,
2026-03-31T01:12:40.253Z,market,trade,TESTE,100110.59176900456,174,,,,ITAU,CS,,,
2026-03-31T01:12:40.417Z,market,trade,TESTE,100113.72442576694,87,,,,JPM,JPM,,,
2026-03-31T01:12:40.567Z,market,trade,TESTE,100106.0996760941,121,,,,CITI,CS,,,
2026-03-31T01:12:40.734Z,market,trade,TESTE,100106.322701775,176,,,,XP,ITAU,,,
2026-03-31T01:12:40.885Z,market,trade,TESTE,100106.68062274832,21,,,,ITAU,JPM,,,
2026-03-31T01:12:41.051Z,market,trade,TESTE,100121.59877663944,12,,,,MS,CS,,,
2026-03-31T01:12:41.201Z,market,trade,TESTE,100111.731037226,77,,,,BTG,CS,,,
2026-03-31T01:12:41.366Z,market,trade,TESTE,100121.64667497856,41,,,,ITAU,UBS,,,
2026-03-31T01:12:41.517Z,market,trade,TESTE,100112.3942705044,92,,,,ITAU,UBS,,,
2026-03-31T01:12:41.667Z,market,trade,TESTE,100124.03791475404,32,,,,CITI,UBS,,,
2026-03-31T01:12:41.834Z,market,trade,TESTE,100126.42570736108,6,,,,XP,BTG,,,
2026-03-31T01:12:41.984Z,market,trade,TESTE,100112.9184688624,128,,,,UBS,ITAU,,,
2026-03-31T01:12:42.150Z,market,trade,TESTE,100120.52779716442,173,,,,BTG,MS,,,
2026-03-31T01:12:42.301Z,market,trade,TESTE,100108.93719198341,79,,,,BTG,CS,,,
2026-03-31T01:12:42.466Z,market,trade,TESTE,100122.26478788868,95,,,,BTG,ITAU,,,
2026-03-31T01:12:42.626Z,market,trade,TESTE,100109.91999758422,99,,,,CITI,CS,,,
2026-03-31T01:12:42.784Z,market,trade,TESTE,100114.4644977553,99,,,,JPM,JPM,,,
2026-03-31T01:12:42.934Z,market,trade,TESTE,100117.68183793376,89,,,,XP,XP,,,
2026-03-31T01:12:43.100Z,market,trade,TESTE,100126.13546958372,116,,,,CITI,ITAU,,,
2026-03-31T01:12:43.251Z,market,trade,TESTE,100113.88854604785,109,,,,GOLDM,UBS,,,
2026-03-31T01:12:43.401Z,market,trade,TESTE,100125.41308324698,175,,,,ITAU,UBS,,,
2026-03-31T01:12:43.554Z,market,trade,TESTE,100119.31241391524,189,,,,BARCL,BTG,,,
2026-03-31T01:12:43.716Z,market,trade,TESTE,100125.63557284023,102,,,,ITAU,CITI,,,
2026-03-31T01:12:43.866Z,market,trade,TESTE,100121.23677613154,99,,,,ITAU,UBS,,,
2026-03-31T01:12:44.018Z,market,trade,TESTE,100111.71684522323,27,,,,CITI,ITAU,,,
2026-03-31T01:12:44.183Z,market,trade,TESTE,100126.46586809249,164,,,,ITAU,CS,,,
2026-03-31T01:12:44.334Z,market,trade,TESTE,100128.15590092403,156,,,,MS,CITI,,,
2026-03-31T01:12:44.500Z,market,trade,TESTE,100116.66299758498,188,,,,ITAU,BTG,,,
2026-03-31T01:12:44.666Z,market,trade,TESTE,100117.48062644058,127,,,,JPM,MS,,,
2026-03-31T01:12:44.818Z,market,trade,TESTE,100115.38062777008,153,,,,XP,JPM,,,
2026-03-31T01:12:44.984Z,market,trade,TESTE,100129.15017847689,167,,,,BARCL,CS,,,
2026-03-31T01:12:45.150Z,market,trade,TESTE,100116.950607486,33,,,,UBS,BARCL,,,
2026-03-31T01:12:45.301Z,market,trade,TESTE,100125.096892416,96,,,,XP,BARCL,,,
2026-03-31T01:12:45.466Z,market,trade,TESTE,100114.71341046436,151,,,,UBS,MS,,,
2026-03-31T01:12:45.617Z,market,trade,TESTE,100111.51980207619,92,,,,JPM,UBS,,,
2026-03-31T01:12:45.768Z,market,trade,TESTE,100119.8779600908,197,,,,BARCL,MS,,,
2026-03-31T01:12:45.933Z,market,trade,TESTE,100111.53587112449,192,,,,UBS,ITAU,,,
2026-03-31T01:12:46.084Z,market,trade,TESTE,100114.93688670971,53,,,,CS,MS,,,
2026-03-31T01:12:46.250Z,market,trade,TESTE,100127.52172135649,112,,,,BARCL,BTG,,,
2026-03-31T01:12:46.400Z,market,trade,TESTE,100128.15017314699,123,,,,UBS,GOLDM,,,
2026-03-31T01:12:46.557Z,market,trade,TESTE,100115.14715837315,92,,,,MS,BARCL,,,
2026-03-31T01:12:46.716Z,market,trade,TESTE,100129.79001151971,162,,,,XP,CS,,,
2026-03-31T01:12:46.868Z,market,trade,TESTE,100134.77505369103,19,,,,JPM,GOLDM,,,
2026-03-31T01:12:47.026Z,market,trade,TESTE,100133.63047586978,187,,,,BARCL,CS,,,
2026-03-31T01:12:47.183Z,market,trade,TESTE,100134.55328670867,138,,,,CITI,MS,,,
2026-03-31T01:12:47.349Z,market,trade,TESTE,100122.7636429245,82,,,,JPM,BTG,,,
2026-03-31T01:12:47.500Z,market,trade,TESTE,100117.9908102972,130,,,,XP,ITAU,,,
2026-03-31T01:12:47.651Z,market,trade,TESTE,100125.94616217539,74,,,,CITI,GOLDM,,,
2026-03-31T01:12:47.814Z,market,trade,TESTE,100116.00874919516,123,,,,ITAU,GOLDM,,,
2026-03-31T01:12:47.966Z,market,trade,TESTE,100125.0047659512,13,,,,UBS,XP,,,
2026-03-31T01:12:48.117Z,market,trade,TESTE,100113.82762136922,61,,,,MS,UBS,,,
2026-03-31T01:12:48.268Z,market,trade,TESTE,100115.58531921712,18,,,,BARCL,MS,,,
2026-03-31T01:12:48.420Z,market,trade,TESTE,100114.12433774835,61,,,,MS,XP,,,
2026-03-31T01:12:48.571Z,market,trade,TESTE,100126.99978929355,166,,,,JPM,BARCL,,,
2026-03-31T01:12:48.723Z,market,trade,TESTE,100115.75998038011,79,,,,BTG,MS,,,
2026-03-31T01:12:48.876Z,market,trade,TESTE,100116.03019197265,121,,,,XP,CITI,,,
2026-03-31T01:12:49.033Z,market,trade,TESTE,100123.0097709399,199,,,,XP,GOLDM,,,
2026-03-31T01:12:49.185Z,market,trade,TESTE,100126.13892192447,138,,,,UBS,MS,,,
2026-03-31T01:12:49.350Z,market,trade,TESTE,100124.60434933721,37,,,,JPM,JPM,,,
2026-03-31T01:12:49.501Z,market,trade,TESTE,100115.57026131269,136,,,,UBS,CS,,,
2026-03-31T01:12:49.655Z,market,trade,TESTE,100127.88214988982,115,,,,JPM,MS,,,
2026-03-31T01:12:49.817Z,market,trade,TESTE,100126.7746251379,12,,,,BARCL,ITAU,,,
2026-03-31T01:12:49.967Z,market,trade,TESTE,100113.8884967988,65,,,,UBS,XP,,,
2026-03-31T01:12:50.118Z,market,trade,TESTE,100112.83976454895,54,,,,GOLDM,GOLDM,,,
2026-03-31T01:12:50.283Z,market,trade,TESTE,100124.47638562355,125,,,,ITAU,JPM,,,
2026-03-31T01:12:50.434Z,market,trade,TESTE,100113.31923928231,33,,,,CS,CITI,,,
2026-03-31T01:12:50.584Z,market,trade,TESTE,100108.40658960723,134,,,,BARCL,UBS,,,
2026-03-31T01:12:50.737Z,market,trade,TESTE,100110.85027468242,120,,,,UBS,BTG,,,
2026-03-31T01:12:50.899Z,market,trade,TESTE,100122.8975759046,22,,,,XP,UBS,,,
2026-03-31T01:12:51.051Z,market,trade,TESTE,100117.55529647916,131,,,,XP,MS,,,
2026-03-31T01:12:51.217Z,market,trade,TESTE,100123.85668289836,22,,,,CS,BTG,,,
2026-03-31T01:12:51.370Z,market,trade,TESTE,100120.10640234943,99,,,,ITAU,MS,,,
2026-03-31T01:12:51.520Z,market,trade,TESTE,100121.28250467544,97,,,,JPM,XP,,,
2026-03-31T01:12:51.671Z,market,trade,TESTE,100116.0552181622,123,,,,ITAU,GOLDM,,,
2026-03-31T01:12:51.823Z,market,trade,TESTE,100112.41618661449,182,,,,UBS,CITI,,,
2026-03-31T01:12:51.979Z,market,trade,TESTE,100117.0711483498,57,,,,UBS,UBS,,,
2026-03-31T01:12:52.133Z,market,trade,TESTE,100125.97176501283,119,,,,XP,BTG,,,
2026-03-31T01:12:52.283Z,market,trade,TESTE,100115.59808482713,180,,,,CS,XP,,,
2026-03-31T01:12:52.434Z,market,trade,TESTE,100115.0732163339,30,,,,XP,JPM,,,
2026-03-31T01:12:52.600Z,market,trade,TESTE,100121.17759991052,78,,,,JPM,BARCL,,,
2026-03-31T01:12:52.751Z,market,trade,TESTE,100119.59967179954,18,,,,XP,JPM,,,
2026-03-31T01:12:52.917Z,market,trade,TESTE,100116.12973742027,16,,,,CS,BARCL,,,
2026-03-31T01:12:53.067Z,market,trade,TESTE,100114.78540128816,75,,,,UBS,BARCL,,,
2026-03-31T01:12:53.233Z,market,trade,TESTE,100106.64552077059,172,,,,MS,XP,,,
2026-03-31T01:12:53.384Z,market,trade,TESTE,100101.65766977998,148,,,,UBS,CITI,,,
2026-03-31T01:12:53.535Z,market,trade,TESTE,100098.75260380027,188,,,,JPM,BTG,,,
2026-03-31T01:12:53.700Z,market,trade,TESTE,100108.61445050662,59,,,,GOLDM,UBS,,,
2026-03-31T01:12:53.851Z,market,trade,TESTE,100112.24176520896,115,,,,JPM,CITI,,,
2026-03-31T01:12:54.016Z,market,trade,TESTE,100103.29411968908,87,,,,ITAU,CS,,,
2026-03-31T01:12:54.167Z,market,trade,TESTE,100109.91801411574,69,,,,CITI,UBS,,,
2026-03-31T01:12:54.317Z,market,trade,TESTE,100106.69426664717,95,,,,BTG,CITI,,,
2026-03-31T01:12:54.483Z,market,trade,TESTE,100096.20876859468,46,,,,XP,BTG,,,
2026-03-31T01:12:54.633Z,market,trade,TESTE,100094.54393615073,199,,,,ITAU,ITAU,,,
2026-03-31T01:12:54.784Z,market,trade,TESTE,100106.757740754,68,,,,CS,GOLDM,,,
2026-03-31T01:12:54.936Z,market,trade,TESTE,100092.68726172483,159,,,,UBS,BTG,,,
2026-03-31T01:12:55.100Z,market,trade,TESTE,100100.59716813525,73,,,,CS,JPM,,,
2026-03-31T01:12:55.266Z,market,trade,TESTE,100087.37170693347,61,,,,BARCL,CITI,,,
2026-03-31T01:12:55.419Z,market,trade,TESTE,100088.4328327464,12,,,,BARCL,UBS,,,
2026-03-31T01:12:55.583Z,market,trade,TESTE,100103.30480280126,15,,,,CS,BARCL,,,
2026-03-31T01:12:55.734Z,market,trade,TESTE,100098.9495979595,152,,,,JPM,JPM,,,
2026-03-31T01:12:55.901Z,market,trade,TESTE,100093.95370635862,52,,,,CITI,BTG,,,
2026-03-31T01:12:56.054Z,market,trade,TESTE,100080.48540799662,195,,,,UBS,ITAU,,,
2026-03-31T01:12:56.217Z,market,trade,TESTE,100075.61755706074,86,,,,JPM,BARCL,,,
2026-03-31T01:12:56.368Z,market,trade,TESTE,100086.17288594248,30,,,,UBS,BTG,,,
2026-03-31T01:12:56.534Z,market,trade,TESTE,100079.9751462661,62,,,,XP,BARCL,,,
2026-03-31T01:12:56.684Z,market,trade,TESTE,100080.05852136876,133,,,,XP,XP,,,
2026-03-31T01:12:56.837Z,market,trade,TESTE,100091.5674251508,185,,,,CITI,MS,,,
2026-03-31T01:12:56.988Z,market,trade,TESTE,100077.60358547592,56,,,,BARCL,XP,,,
2026-03-31T01:12:57.138Z,market,trade,TESTE,100089.39385292372,129,,,,CS,UBS,,,
2026-03-31T01:12:57.294Z,market,trade,TESTE,100084.97134410425,59,,,,XP,ITAU,,,
2026-03-31T01:12:57.451Z,market,trade,TESTE,100070.85512944932,14,,,,UBS,CS,,,
2026-03-31T01:12:57.603Z,market,trade,TESTE,100070.96943639251,133,,,,MS,UBS,,,
2026-03-31T01:12:57.767Z,market,trade,TESTE,100074.1183927347,184,,,,UBS,CITI,,,
2026-03-31T01:12:57.918Z,market,trade,TESTE,100069.48110492415,128,,,,CS,CS,,,
2026-03-31T01:12:58.069Z,market,trade,TESTE,100075.39199786997,81,,,,ITAU,JPM,,,
2026-03-31T01:12:58.220Z,market,trade,TESTE,100065.50294911001,63,,,,UBS,CITI,,,
2026-03-31T01:12:58.383Z,market,trade,TESTE,100074.67502979623,177,,,,GOLDM,XP,,,
2026-03-31T01:12:58.534Z,market,trade,TESTE,100079.30457927253,158,,,,JPM,CS,,,
2026-03-31T01:12:58.684Z,market,trade,TESTE,100069.22859106556,127,,,,JPM,CITI,,,
2026-03-31T01:12:58.838Z,market,trade,TESTE,100070.67681098498,83,,,,MS,JPM,,,
2026-03-31T01:12:58.996Z,market,trade,TESTE,100073.37757888176,43,,,,MS,BARCL,,,
2026-03-31T01:12:59.150Z,market,trade,TESTE,100084.17805321944,173,,,,CS,UBS,,,
2026-03-31T01:12:59.301Z,market,trade,TESTE,100076.94612408476,38,,,,GOLDM,BARCL,,,
2026-03-31T01:12:59.466Z,market,trade,TESTE,100072.7238878777,76,,,,BARCL,UBS,,,
2026-03-31T01:12:59.617Z,market,trade,TESTE,100085.60280490154,147,,,,ITAU,CITI,,,
2026-03-31T01:12:59.782Z,market,trade,TESTE,100073.62833501336,156,,,,BARCL,UBS,,,
2026-03-31T01:12:59.934Z,market,trade,TESTE,100085.05396244931,74,,,,XP,XP,,,
2026-03-31T01:13:00.084Z,market,trade,TESTE,100078.84613959544,182,,,,CS,JPM,,,
2026-03-31T01:13:00.237Z,market,trade,TESTE,100085.8173190271,193,,,,JPM,CS,,,
2026-03-31T01:13:00.392Z,market,trade,TESTE,100078.14278899356,127,,,,GOLDM,XP,,,
2026-03-31T01:13:00.554Z,market,trade,TESTE,100085.5548427655,169,,,,BTG,BARCL,,,
2026-03-31T01:13:00.705Z,market,trade,TESTE,100086.69815843858,47,,,,CS,GOLDM,,,
2026-03-31T01:13:00.861Z,market,trade,TESTE,100089.08859861064,169,,,,XP,UBS,,,
2026-03-31T01:13:01.019Z,market,trade,TESTE,100093.10614591216,119,,,,UBS,BTG,,,
2026-03-31T01:13:01.183Z,market,trade,TESTE,100090.68981873158,159,,,,BTG,JPM,,,
2026-03-31T01:13:01.334Z,market,trade,TESTE,100076.84971467046,198,,,,BTG,UBS,,,
2026-03-31T01:13:01.500Z,market,trade,TESTE,100077.79015255,89,,,,ITAU,MS,,,
2026-03-31T01:13:01.650Z,market,trade,TESTE,100084.72969679089,196,,,,BTG,CS,,,
2026-03-31T01:13:01.801Z,market,trade,TESTE,100073.84799271432,165,,,,ITAU,GOLDM,,,
2026-03-31T01:13:01.953Z,market,trade,TESTE,100084.70389255273,196,,,,JPM,BTG,,,
2026-03-31T01:13:02.105Z,market,trade,TESTE,100075.57633651067,185,,,,GOLDM,ITAU,,,
2026-03-31T01:13:02.261Z,market,trade,TESTE,100071.69384367832,184,,,,XP,CITI,,,
2026-03-31T01:13:02.417Z,market,trade,TESTE,100078.0593367433,177,,,,JPM,UBS,,,
2026-03-31T01:13:02.567Z,market,trade,TESTE,100082.00939726956,125,,,,ITAU,CS,,,
2026-03-31T01:13:02.718Z,market,trade,TESTE,100081.00714908334,63,,,,GOLDM,MS,,,
2026-03-31T01:13:02.871Z,market,trade,TESTE,100066.28544256279,40,,,,UBS,GOLDM,,,
2026-03-31T01:13:03.032Z,market,trade,TESTE,100080.24306850947,82,,,,GOLDM,MS,,,
2026-03-31T01:13:03.187Z,market,trade,TESTE,100077.38081356016,94,,,,GOLDM,MS,,,
2026-03-31T01:13:03.349Z,market,trade,TESTE,100065.673899327,144,,,,MS,CS,,,
2026-03-31T01:13:03.501Z,market,trade,TESTE,100063.91246374026,123,,,,CITI,BARCL,,,
2026-03-31T01:13:03.652Z,market,trade,TESTE,100078.33937326011,130,,,,XP,XP,,,
2026-03-31T01:13:03.817Z,market,trade,TESTE,100071.511348838,5,,,,MS,UBS,,,
2026-03-31T01:13:03.968Z,market,trade,TESTE,100069.4261351124,79,,,,CS,CITI,,,
2026-03-31T01:13:04.133Z,market,trade,TESTE,100078.07382371413,173,,,,XP,XP,,,
2026-03-31T01:13:04.285Z,market,trade,TESTE,100069.39799766427,20,,,,XP,GOLDM,,,
2026-03-31T01:13:04.439Z,market,trade,TESTE,100077.11972860932,142,,,,BARCL,BARCL,,,
2026-03-31T01:13:04.590Z,market,trade,TESTE,100073.03803744326,147,,,,BTG,BARCL,,,
2026-03-31T01:13:04.743Z,market,trade,TESTE,100064.83554915719,74,,,,BARCL,XP,,,
2026-03-31T01:13:04.898Z,market,trade,TESTE,100075.0149327941,170,,,,GOLDM,BTG,,,
2026-03-31T01:13:05.050Z,market,trade,TESTE,100075.1688518945,195,,,,CITI,XP,,,
2026-03-31T01:13:05.201Z,market,trade,TESTE,100071.13927254698,16,,,,ITAU,UBS,,,
2026-03-31T01:13:05.367Z,market,trade,TESTE,100063.16888745544,27,,,,BARCL,JPM,,,
2026-03-31T01:13:05.518Z,market,trade,TESTE,100071.6999370556,187,,,,CS,MS,,,
2026-03-31T01:13:05.670Z,market,trade,TESTE,100066.14742092404,82,,,,UBS,CITI,,,
2026-03-31T01:13:05.833Z,market,trade,TESTE,100061.23667230016,79,,,,CS,BTG,,,
2026-03-31T01:13:05.983Z,market,trade,TESTE,100065.84030545174,47,,,,CS,BARCL,,,
2026-03-31T01:13:06.134Z,market,trade,TESTE,100079.48058149603,16,,,,UBS,CITI,,,
2026-03-31T01:13:06.300Z,market,trade,TESTE,100075.91887953435,22,,,,GOLDM,XP,,,
2026-03-31T01:13:06.450Z,market,trade,TESTE,100061.08667349434,45,,,,XP,CITI,,,
2026-03-31T01:13:06.602Z,market,trade,TESTE,100063.9403573539,193,,,,CITI,ITAU,,,
2026-03-31T01:13:06.763Z,market,trade,TESTE,100067.48108535292,55,,,,XP,BTG,,,
2026-03-31T01:13:06.958Z,market,trade,TESTE,100071.72090228535,190,,,,JPM,MS,,,
2026-03-31T01:13:07.140Z,market,trade,TESTE,100074.63733921688,91,,,,BARCL,UBS,,,
2026-03-31T01:13:07.306Z,market,trade,TESTE,100079.55643665484,6,,,,ITAU,BARCL,,,
2026-03-31T01:13:07.468Z,market,trade,TESTE,100084.62100906632,87,,,,XP,GOLDM,,,
2026-03-31T01:13:07.650Z,market,trade,TESTE,100087.50283265817,43,,,,ITAU,XP,,,
2026-03-31T01:13:07.801Z,market,trade,TESTE,100072.791698681,151,,,,MS,ITAU,,,
2026-03-31T01:13:07.956Z,market,trade,TESTE,100079.29490939576,19,,,,UBS,CS,,,
2026-03-31T01:13:08.120Z,market,trade,TESTE,100074.55000551064,178,,,,BTG,BTG,,,
2026-03-31T01:13:08.284Z,market,trade,TESTE,100075.85428638804,91,,,,XP,BARCL,,,
2026-03-31T01:13:08.435Z,market,trade,TESTE,100080.19018459284,183,,,,MS,CITI,,,
2026-03-31T01:13:08.601Z,market,trade,TESTE,100083.57911853751,19,,,,GOLDM,UBS,,,
2026-03-31T01:13:08.753Z,market,trade,TESTE,100071.25408793359,151,,,,BTG,MS,,,
2026-03-31T01:13:08.917Z,market,trade,TESTE,100077.31623347511,111,,,,XP,ITAU,,,
2026-03-31T01:13:09.067Z,market,trade,TESTE,100066.47151753875,154,,,,BTG,CITI,,,
2026-03-31T01:13:09.229Z,market,trade,TESTE,100080.6607315627,53,,,,ITAU,BARCL,,,
2026-03-31T01:13:09.383Z,market,trade,TESTE,100073.79020600837,66,,,,MS,XP,,,
2026-03-31T01:13:09.533Z,market,trade,TESTE,100081.0913398728,10,,,,XP,BTG,,,
2026-03-31T01:13:09.684Z,market,trade,TESTE,100085.48537170891,17,,,,BARCL,JPM,,,
2026-03-31T01:13:09.849Z,market,trade,TESTE,100088.57950592559,39,,,,MS,CS,,,
2026-03-31T01:13:10.000Z,market,trade,TESTE,100086.39175402466,35,,,,CITI,GOLDM,,,
2026-03-31T01:13:10.151Z,market,trade,TESTE,100075.18887686622,124,,,,XP,GOLDM,,,
2026-03-31T01:13:10.316Z,market,trade,TESTE,100079.8687840089,125,,,,JPM,GOLDM,,,
2026-03-31T01:13:10.468Z,market,trade,TESTE,100090.91251677545,89,,,,GOLDM,BTG,,,
2026-03-31T01:13:10.633Z,market,trade,TESTE,100094.21241913579,143,,,,UBS,JPM,,,
2026-03-31T01:13:10.784Z,market,trade,TESTE,100096.9341945,88,,,,JPM,JPM,,,
2026-03-31T01:13:10.934Z,market,trade,TESTE,100095.20638029296,136,,,,ITAU,MS,,,
2026-03-31T01:13:11.091Z,market,trade,TESTE,100086.62757641863,15,,,,CITI,XP,,,
2026-03-31T01:13:11.250Z,market,trade,TESTE,100087.22760506312,110,,,,BTG,GOLDM,,,
2026-03-31T01:13:11.401Z,market,trade,TESTE,100096.05120219867,79,,,,CITI,ITAU,,,
2026-03-31T01:13:11.566Z,market,trade,TESTE,100096.06891201342,197,,,,BTG,MS,,,
2026-03-31T01:13:11.717Z,market,trade,TESTE,100097.76816847542,7,,,,CS,XP,,,
2026-03-31T01:13:11.883Z,market,trade,TESTE,100084.17845727397,165,,,,GOLDM,MS,,,
2026-03-31T01:13:12.035Z,market,trade,TESTE,100095.27499049745,12,,,,CS,XP,,,
2026-03-31T01:13:12.192Z,market,trade,TESTE,100089.94010791495,110,,,,MS,XP,,,
2026-03-31T01:13:12.350Z,market,trade,TESTE,100099.17671177129,56,,,,GOLDM,JPM,,,
2026-03-31T01:13:12.501Z,market,trade,TESTE,100086.25730992973,61,,,,BARCL,BARCL,,,
2026-03-31T01:13:12.666Z,market,trade,TESTE,100085.92864150816,29,,,,CS,MS,,,
2026-03-31T01:13:12.816Z,market,trade,TESTE,100087.22697504258,5,,,,UBS,MS,,,
2026-03-31T01:13:12.967Z,market,trade,TESTE,100087.80646114565,157,,,,ITAU,ITAU,,,
2026-03-31T01:13:13.118Z,market,trade,TESTE,100101.28979616326,81,,,,CITI,GOLDM,,,
2026-03-31T01:13:13.283Z,market,trade,TESTE,100088.08063061218,184,,,,BTG,CS,,,
2026-03-31T01:13:13.434Z,market,trade,TESTE,100099.90820565529,74,,,,CITI,CS,,,
2026-03-31T01:13:13.584Z,market,trade,TESTE,100089.7536569556,104,,,,CITI,CITI,,,
2026-03-31T01:13:13.736Z,market,trade,TESTE,100092.7330849351,179,,,,JPM,JPM,,,
2026-03-31T01:13:13.899Z,market,trade,TESTE,100094.29767944598,124,,,,XP,GOLDM,,,
2026-03-31T01:13:14.050Z,market,trade,TESTE,100107.9119387797,197,,,,XP,CITI,,,
2026-03-31T01:13:14.201Z,market,trade,TESTE,100097.18996681135,144,,,,GOLDM,ITAU,,,
2026-03-31T01:13:14.366Z,market,trade,TESTE,100095.1921650597,177,,,,ITAU,CITI,,,
2026-03-31T01:13:14.517Z,market,trade,TESTE,100098.25986275345,185,,,,MS,ITAU,,,
2026-03-31T01:13:14.683Z,market,trade,TESTE,100108.51519438242,56,,,,CS,ITAU,,,
2026-03-31T01:13:14.834Z,market,trade,TESTE,100102.46921312508,152,,,,ITAU,BTG,,,
2026-03-31T01:13:14.984Z,market,trade,TESTE,100098.74693115143,139,,,,BTG,BARCL,,,
2026-03-31T01:13:15.150Z,market,trade,TESTE,100105.83022265584,80,,,,ITAU,BARCL,,,
2026-03-31T01:13:15.302Z,market,trade,TESTE,100105.70752867815,139,,,,ITAU,ITAU,,,
2026-03-31T01:13:15.465Z,market,trade,TESTE,100104.95905517027,7,,,,JPM,XP,,,
2026-03-31T01:13:15.624Z,market,trade,TESTE,100106.08885082451,182,,,,XP,UBS,,,
2026-03-31T01:13:15.783Z,market,trade,TESTE,100103.23690808962,15,,,,GOLDM,BTG,,,
2026-03-31T01:13:15.934Z,market,trade,TESTE,100090.19002415634,67,,,,GOLDM,MS,,,
2026-03-31T01:13:16.101Z,market,trade,TESTE,100085.80018977578,161,,,,XP,BTG,,,
2026-03-31T01:13:16.252Z,market,trade,TESTE,100082.66220261597,61,,,,CS,BTG,,,
2026-03-31T01:13:16.407Z,market,trade,TESTE,100087.07166047969,29,,,,MS,BTG,,,
2026-03-31T01:13:16.567Z,market,trade,TESTE,100087.05450440051,137,,,,CS,CS,,,
2026-03-31T01:13:16.718Z,market,trade,TESTE,100100.29017701249,64,,,,CS,BTG,,,
2026-03-31T01:13:16.874Z,market,trade,TESTE,100102.215806915,134,,,,MS,BARCL,,,
2026-03-31T01:13:17.033Z,market,trade,TESTE,100092.76932790996,183,,,,XP,UBS,,,
2026-03-31T01:13:17.199Z,market,trade,TESTE,100096.79579243733,185,,,,MS,MS,,,
2026-03-31T01:13:17.350Z,market,trade,TESTE,100110.77963465574,39,,,,XP,CS,,,
2026-03-31T01:13:17.501Z,market,trade,TESTE,100102.04431633306,41,,,,CS,MS,,,
2026-03-31T01:13:17.652Z,market,trade,TESTE,100102.68395424266,101,,,,BARCL,CS,,,
2026-03-31T01:13:17.803Z,market,trade,TESTE,100101.44597420945,13,,,,MS,BARCL,,,
2026-03-31T01:13:17.967Z,market,trade,TESTE,100109.84023325154,60,,,,MS,MS,,,
2026-03-31T01:13:18.133Z,market,trade,TESTE,100098.31761820187,175,,,,XP,BTG,,,
2026-03-31T01:13:18.283Z,market,trade,TESTE,100097.76152059362,29,,,,CS,CITI,,,
2026-03-31T01:13:18.434Z,market,trade,TESTE,100103.64737555356,152,,,,CITI,XP,,,
2026-03-31T01:13:18.600Z,market,trade,TESTE,100098.26128731012,68,,,,XP,XP,,,
2026-03-31T01:13:18.751Z,market,trade,TESTE,100103.64884942018,76,,,,CITI,BARCL,,,
2026-03-31T01:13:18.916Z,market,trade,TESTE,100105.67612110103,151,,,,BARCL,JPM,,,
2026-03-31T01:13:19.071Z,market,trade,TESTE,100099.71442471365,188,,,,XP,CITI,,,
2026-03-31T01:13:19.233Z,market,trade,TESTE,100104.49174230924,59,,,,MS,ITAU,,,
2026-03-31T01:13:19.384Z,market,trade,TESTE,100104.67373745047,134,,,,BTG,JPM,,,
2026-03-31T01:13:19.536Z,market,trade,TESTE,100114.8997083022,54,,,,BTG,CS,,,
2026-03-31T01:13:19.700Z,market,trade,TESTE,100107.70690339096,184,,,,CS,BARCL,,,
2026-03-31T01:13:19.890Z,market,trade,TESTE,100104.46280691889,51,,,,ITAU,CS,,,
2026-03-31T01:13:20.051Z,market,trade,TESTE,100115.32412292984,56,,,,XP,CS,,,
2026-03-31T01:13:20.217Z,market,trade,TESTE,100112.98809814763,121,,,,UBS,XP,,,
2026-03-31T01:13:20.368Z,market,trade,TESTE,100108.48699135476,42,,,,ITAU,JPM,,,
2026-03-31T01:13:20.533Z,market,trade,TESTE,100098.57034682174,107,,,,CS,XP,,,
2026-03-31T01:13:20.684Z,market,trade,TESTE,100106.75603979727,25,,,,MS,BTG,,,
2026-03-31T01:13:20.834Z,market,trade,TESTE,100108.06459079741,150,,,,GOLDM,JPM,,,
2026-03-31T01:13:20.999Z,market,trade,TESTE,100103.53004207573,158,,,,JPM,BTG,,,
2026-03-31T01:13:21.150Z,market,trade,TESTE,100106.26379703899,32,,,,CITI,JPM,,,
2026-03-31T01:13:21.308Z,market,trade,TESTE,100107.95481563444,198,,,,JPM,CS,,,
2026-03-31T01:13:21.466Z,market,trade,TESTE,100103.04729354495,15,,,,ITAU,MS,,,
2026-03-31T01:13:21.616Z,market,trade,TESTE,100098.61072216564,21,,,,ITAU,CS,,,
2026-03-31T01:13:21.768Z,market,trade,TESTE,100086.1474776125,69,,,,UBS,UBS,,,
2026-03-31T01:13:21.919Z,market,trade,TESTE,100092.74645652002,55,,,,JPM,BARCL,,,
2026-03-31T01:13:22.083Z,market,trade,TESTE,100078.07870101613,88,,,,XP,XP,,,
2026-03-31T01:13:22.234Z,market,trade,TESTE,100073.52329589995,8,,,,CS,UBS,,,
2026-03-31T01:13:22.400Z,market,trade,TESTE,100070.32607685261,121,,,,JPM,GOLDM,,,
2026-03-31T01:13:22.551Z,market,trade,TESTE,100075.46101592401,110,,,,BTG,UBS,,,
2026-03-31T01:13:22.716Z,market,trade,TESTE,100075.79366273542,176,,,,MS,CS,,,
2026-03-31T01:13:22.868Z,market,trade,TESTE,100069.50854268011,57,,,,BARCL,BARCL,,,
2026-03-31T01:13:23.033Z,market,trade,TESTE,100070.64312616274,73,,,,BTG,BARCL,,,
2026-03-31T01:13:23.185Z,market,trade,TESTE,100077.95398712369,36,,,,BTG,MS,,,
2026-03-31T01:13:23.336Z,market,trade,TESTE,100078.57203552849,121,,,,CITI,BTG,,,
2026-03-31T01:13:23.489Z,market,trade,TESTE,100079.17242894803,35,,,,GOLDM,MS,,,
2026-03-31T01:13:23.649Z,market,trade,TESTE,100067.32496860996,57,,,,BARCL,JPM,,,
2026-03-31T01:13:23.800Z,market,trade,TESTE,100066.82608629223,101,,,,ITAU,ITAU,,,
2026-03-31T01:13:23.951Z,market,trade,TESTE,100074.94730328755,108,,,,JPM,BARCL,,,
2026-03-31T01:13:24.101Z,market,trade,TESTE,100074.03923240531,176,,,,JPM,MS,,,
2026-03-31T01:13:24.267Z,market,trade,TESTE,100077.25143439838,199,,,,GOLDM,ITAU,,,
2026-03-31T01:13:24.425Z,market,trade,TESTE,100078.2045216794,33,,,,CITI,JPM,,,
2026-03-31T01:13:24.584Z,market,trade,TESTE,100067.06659725678,151,,,,MS,GOLDM,,,
2026-03-31T01:13:24.735Z,market,trade,TESTE,100077.27493806896,122,,,,BTG,UBS,,,
2026-03-31T01:13:24.900Z,market,trade,TESTE,100070.42232207712,183,,,,UBS,CITI,,,
2026-03-31T01:13:25.051Z,market,trade,TESTE,100070.37902108696,196,,,,BTG,BTG,,,
2026-03-31T01:13:25.201Z,market,trade,TESTE,100073.5761568483,51,,,,BTG,MS,,,
2026-03-31T01:13:25.366Z,market,trade,TESTE,100071.2888198847,70,,,,XP,BTG,,,
2026-03-31T01:13:25.517Z,market,trade,TESTE,100067.08811402302,183,,,,JPM,JPM,,,
2026-03-31T01:13:25.667Z,market,trade,TESTE,100069.17586465435,172,,,,JPM,JPM,,,
2026-03-31T01:13:25.833Z,market,trade,TESTE,100082.88494660828,152,,,,BARCL,ITAU,,,
2026-03-31T01:13:25.984Z,market,trade,TESTE,100080.8066011412,88,,,,XP,GOLDM,,,
2026-03-31T01:13:26.134Z,market,trade,TESTE,100069.50652086263,112,,,,ITAU,BTG,,,
2026-03-31T01:13:26.300Z,market,trade,TESTE,100080.11376998828,131,,,,BARCL,CITI,,,
2026-03-31T01:13:26.451Z,market,trade,TESTE,100078.25810309852,31,,,,XP,GOLDM,,,
2026-03-31T01:13:26.616Z,market,trade,TESTE,100065.31263037492,192,,,,JPM,XP,,,
2026-03-31T01:13:26.767Z,market,trade,TESTE,100060.50444952134,135,,,,UBS,BARCL,,,
2026-03-31T01:13:26.918Z,market,trade,TESTE,100074.18444786468,188,,,,BARCL,BARCL,,,
2026-03-31T01:13:27.073Z,market,trade,TESTE,100066.66536426687,95,,,,XP,JPM,,,
2026-03-31T01:13:27.226Z,market,trade,TESTE,100073.96578148741,91,,,,MS,GOLDM,,,
2026-03-31T01:13:27.383Z,market,trade,TESTE,100060.1773298112,136,,,,UBS,ITAU,,,
2026-03-31T01:13:27.534Z,market,trade,TESTE,100074.67762409669,60,,,,JPM,GOLDM,,,
2026-03-31T01:13:27.684Z,market,trade,TESTE,100067.05158450294,150,,,,XP,MS,,,
2026-03-31T01:13:27.840Z,market,trade,TESTE,100077.38026190475,195,,,,GOLDM,BARCL,,,
2026-03-31T01:13:27.999Z,market,trade,TESTE,100076.50689922445,180,,,,BARCL,BARCL,,,
2026-03-31T01:13:28.150Z,market,trade,TESTE,100065.5013863794,78,,,,BARCL,UBS,,,
2026-03-31T01:13:28.301Z,market,trade,TESTE,100074.91284729454,129,,,,JPM,BARCL,,,
2026-03-31T01:13:28.451Z,market,trade,TESTE,100061.78198448088,32,,,,MS,JPM,,,
2026-03-31T01:13:28.616Z,market,trade,TESTE,100072.91819934928,73,,,,CS,CITI,,,
2026-03-31T01:13:28.767Z,market,trade,TESTE,100058.27632707571,191,,,,GOLDM,XP,,,
2026-03-31T01:13:28.932Z,market,trade,TESTE,100060.72230302932,11,,,,UBS,MS,,,
2026-03-31T01:13:29.100Z,market,trade,TESTE,100065.70733948809,129,,,,UBS,GOLDM,,,
2026-03-31T01:13:29.251Z,market,trade,TESTE,100061.88339631367,160,,,,BARCL,ITAU,,,
2026-03-31T01:13:29.416Z,market,trade,TESTE,100059.05430294605,78,,,,BTG,CITI,,,
2026-03-31T01:13:29.567Z,market,trade,TESTE,100060.8387675755,64,,,,CS,CITI,,,
2026-03-31T01:13:29.733Z,market,trade,TESTE,100056.68378888605,26,,,,CITI,CS,,,
2026-03-31T01:13:29.884Z,market,trade,TESTE,100066.82543612449,72,,,,MS,XP,,,
2026-03-31T01:13:30.050Z,market,trade,TESTE,100061.99172911377,79,,,,ITAU,BARCL,,,
2026-03-31T01:13:30.215Z,market,trade,TESTE,100059.43426144953,34,,,,BTG,GOLDM,,,
2026-03-31T01:13:30.366Z,market,trade,TESTE,100048.65871902207,200,,,,MS,GOLDM,,,
2026-03-31T01:13:30.517Z,market,trade,TESTE,100048.32755393721,109,,,,UBS,CITI,,,
2026-03-31T01:13:30.668Z,market,trade,TESTE,100055.92125203108,91,,,,XP,UBS,,,
2026-03-31T01:13:30.819Z,market,trade,TESTE,100044.95534566857,194,,,,CITI,ITAU,,,
2026-03-31T01:13:30.970Z,market,trade,TESTE,100049.16376779877,44,,,,CITI,JPM,,,
2026-03-31T01:13:31.133Z,market,trade,TESTE,100063.11450481923,198,,,,BTG,UBS,,,
2026-03-31T01:13:31.284Z,market,trade,TESTE,100066.35281797612,131,,,,BTG,ITAU,,,
2026-03-31T01:13:31.449Z,market,trade,TESTE,100066.59525209082,88,,,,BTG,CS,,,
2026-03-31T01:13:31.600Z,market,trade,TESTE,100065.07941680498,166,,,,MS,BARCL,,,
2026-03-31T01:13:31.751Z,market,trade,TESTE,100064.15207012491,98,,,,MS,UBS,,,
2026-03-31T01:13:31.915Z,market,trade,TESTE,100051.1048325638,81,,,,CS,UBS,,,
2026-03-31T01:13:32.068Z,market,trade,TESTE,100061.92377327637,116,,,,XP,BTG,,,
2026-03-31T01:13:32.232Z,market,trade,TESTE,100064.57198732553,185,,,,GOLDM,UBS,,,
2026-03-31T01:13:32.383Z,market,trade,TESTE,100056.7789510983,8,,,,CITI,XP,,,
2026-03-31T01:13:32.534Z,market,trade,TESTE,100062.6872341361,60,,,,UBS,BTG,,,
2026-03-31T01:13:32.700Z,market,trade,TESTE,100051.308768492,59,,,,ITAU,XP,,,
2026-03-31T01:13:32.851Z,market,trade,TESTE,100057.0402390781,170,,,,BTG,MS,,,
2026-03-31T01:13:33.002Z,market,trade,TESTE,100054.1135133436,129,,,,ITAU,JPM,,,
2026-03-31T01:13:33.167Z,market,trade,TESTE,100055.9485088377,121,,,,UBS,UBS,,,
2026-03-31T01:13:33.317Z,market,trade,TESTE,100043.09390464096,53,,,,JPM,UBS,,,
2026-03-31T01:13:33.468Z,market,trade,TESTE,100055.54677074759,144,,,,XP,ITAU,,,
2026-03-31T01:13:33.625Z,market,trade,TESTE,100047.55132449737,74,,,,UBS,GOLDM,,,
2026-03-31T01:13:33.783Z,market,trade,TESTE,100051.93748590804,175,,,,XP,CS,,,
2026-03-31T01:13:33.934Z,market,trade,TESTE,100064.39738528615,108,,,,GOLDM,UBS,,,
2026-03-31T01:13:34.100Z,market,trade,TESTE,100058.77705772927,76,,,,UBS,MS,,,
2026-03-31T01:13:34.250Z,market,trade,TESTE,100055.15697497818,140,,,,JPM,UBS,,,
2026-03-31T01:13:34.400Z,market,trade,TESTE,100058.57020571917,199,,,,XP,BARCL,,,
2026-03-31T01:13:34.567Z,market,trade,TESTE,100060.64928117723,197,,,,JPM,CITI,,,
2026-03-31T01:13:34.717Z,market,trade,TESTE,100060.92446267858,195,,,,CS,GOLDM,,,
2026-03-31T01:13:34.883Z,market,trade,TESTE,100063.22484047082,31,,,,XP,XP,,,
2026-03-31T01:13:35.033Z,market,trade,TESTE,100071.98300376846,10,,,,BTG,GOLDM,,,
2026-03-31T01:13:35.183Z,market,trade,TESTE,100068.90055498734,100,,,,CS,ITAU,,,
2026-03-31T01:13:35.334Z,market,trade,TESTE,100059.86443071824,58,,,,GOLDM,BTG,,,
2026-03-31T01:13:35.500Z,market,trade,TESTE,100060.66891897612,82,,,,ITAU,CS,,,
2026-03-31T01:13:35.650Z,market,trade,TESTE,100058.09871074863,175,,,,UBS,BARCL,,,
2026-03-31T01:13:35.801Z,market,trade,TESTE,100069.75611345831,44,,,,UBS,UBS,,,
2026-03-31T01:13:35.967Z,market,trade,TESTE,100065.84481130271,126,,,,UBS,JPM,,,
2026-03-31T01:13:36.133Z,market,trade,TESTE,100070.61237821447,92,,,,XP,BARCL,,,
2026-03-31T01:13:36.284Z,market,trade,TESTE,100072.5194030386,154,,,,BTG,MS,,,
2026-03-31T01:13:36.450Z,market,trade,TESTE,100069.54212360698,105,,,,CITI,UBS,,,
2026-03-31T01:13:36.612Z,market,trade,TESTE,100059.52829897759,62,,,,CS,UBS,,,
2026-03-31T01:13:36.775Z,market,trade,TESTE,100069.67546682888,181,,,,XP,GOLDM,,,
2026-03-31T01:13:36.929Z,market,trade,TESTE,100071.14829568421,22,,,,UBS,CS,,,
2026-03-31T01:13:37.087Z,market,trade,TESTE,100070.84595268453,73,,,,CS,XP,,,
2026-03-31T01:13:37.256Z,market,trade,TESTE,100062.7231141942,125,,,,CITI,BTG,,,
2026-03-31T01:13:37.426Z,market,trade,TESTE,100060.81205161962,104,,,,GOLDM,CITI,,,
2026-03-31T01:13:37.588Z,market,trade,TESTE,100074.19727797517,94,,,,ITAU,BARCL,,,
2026-03-31T01:13:37.756Z,market,trade,TESTE,100075.97279904329,17,,,,UBS,CS,,,
2026-03-31T01:13:37.918Z,market,trade,TESTE,100074.43766921561,27,,,,XP,CITI,,,
2026-03-31T01:13:38.083Z,market,trade,TESTE,100072.07214775794,124,,,,JPM,XP,,,
2026-03-31T01:13:38.236Z,market,trade,TESTE,100063.45389025999,51,,,,GOLDM,JPM,,,
2026-03-31T01:13:38.400Z,market,trade,TESTE,100065.19890596431,139,,,,ITAU,GOLDM,,,
2026-03-31T01:13:38.566Z,market,trade,TESTE,100078.44220711764,121,,,,UBS,GOLDM,,,
2026-03-31T01:13:38.718Z,market,trade,TESTE,100072.94529544134,153,,,,JPM,BARCL,,,
2026-03-31T01:13:38.883Z,market,trade,TESTE,100079.07279060548,159,,,,GOLDM,JPM,,,
2026-03-31T01:13:39.037Z,market,trade,TESTE,100080.49991292463,53,,,,UBS,UBS,,,
2026-03-31T01:13:39.200Z,market,trade,TESTE,100071.79546099916,121,,,,CS,ITAU,,,
2026-03-31T01:13:39.367Z,market,trade,TESTE,100070.50723629564,143,,,,CS,BTG,,,
2026-03-31T01:13:39.519Z,market,trade,TESTE,100078.45679835927,150,,,,XP,MS,,,
2026-03-31T01:13:39.683Z,market,trade,TESTE,100074.53937015554,78,,,,BTG,MS,,,
2026-03-31T01:13:39.847Z,market,trade,TESTE,100078.23445206786,146,,,,JPM,BTG,,,
2026-03-31T01:13:40.013Z,market,trade,TESTE,100069.16677096757,77,,,,GOLDM,ITAU,,,
2026-03-31T01:13:40.166Z,market,trade,TESTE,100068.5719524061,27,,,,ITAU,XP,,,
2026-03-31T01:13:40.338Z,market,trade,TESTE,100074.372834364,128,,,,MS,GOLDM,,,
2026-03-31T01:13:40.491Z,market,trade,TESTE,100063.66181633617,142,,,,UBS,XP,,,
2026-03-31T01:13:40.652Z,market,trade,TESTE,100058.6973921738,91,,,,UBS,GOLDM,,,
2026-03-31T01:13:40.816Z,market,trade,TESTE,100055.19736306179,98,,,,BTG,GOLDM,,,
2026-03-31T01:13:40.968Z,market,trade,TESTE,100054.51370350269,177,,,,UBS,BARCL,,,
2026-03-31T01:13:41.133Z,market,trade,TESTE,100052.50537696727,132,,,,GOLDM,CS,,,
2026-03-31T01:13:41.284Z,market,trade,TESTE,100060.73202736666,99,,,,ITAU,BARCL,,,
2026-03-31T01:13:41.447Z,market,trade,TESTE,100053.23254010797,53,,,,MS,MS,,,
2026-03-31T01:13:41.599Z,market,trade,TESTE,100053.69835448325,129,,,,JPM,CS,,,
2026-03-31T01:13:41.749Z,market,trade,TESTE,100061.14859121866,181,,,,CS,MS,,,
2026-03-31T01:13:41.914Z,market,trade,TESTE,100053.27375514305,168,,,,CS,CITI,,,
2026-03-31T01:13:42.068Z,market,trade,TESTE,100059.45632674734,57,,,,ITAU,GOLDM,,,
2026-03-31T01:13:42.232Z,market,trade,TESTE,100051.60111565332,37,,,,JPM,CITI,,,
2026-03-31T01:13:42.383Z,market,trade,TESTE,100061.50625258684,51,,,,BARCL,UBS,,,
2026-03-31T01:13:42.534Z,market,trade,TESTE,100056.51841606642,23,,,,JPM,ITAU,,,
2026-03-31T01:13:42.693Z,market,trade,TESTE,100044.86360651828,93,,,,BTG,BTG,,,
2026-03-31T01:13:42.847Z,market,trade,TESTE,100053.0949125237,101,,,,BTG,MS,,,
2026-03-31T01:13:43.002Z,market,trade,TESTE,100057.56540576105,112,,,,MS,BARCL,,,
2026-03-31T01:13:43.167Z,market,trade,TESTE,100056.62417775078,120,,,,UBS,ITAU,,,
2026-03-31T01:13:43.318Z,market,trade,TESTE,100042.50175255591,12,,,,XP,BARCL,,,
2026-03-31T01:13:43.479Z,market,trade,TESTE,100052.2882522238,54,,,,ITAU,CITI,,,
2026-03-31T01:13:43.630Z,market,trade,TESTE,100039.06665932994,110,,,,XP,CITI,,,
2026-03-31T01:13:43.782Z,market,trade,TESTE,100050.56944346784,139,,,,JPM,JPM,,,
2026-03-31T01:13:43.933Z,market,trade,TESTE,100035.80261691497,66,,,,BARCL,XP,,,
2026-03-31T01:13:44.096Z,market,trade,TESTE,100040.41354536201,46,,,,XP,UBS,,,
2026-03-31T01:13:44.249Z,market,trade,TESTE,100053.00664958649,58,,,,JPM,MS,,,
2026-03-31T01:13:44.413Z,market,trade,TESTE,100050.2679639912,163,,,,MS,CS,,,
2026-03-31T01:13:44.568Z,market,trade,TESTE,100052.67264905114,72,,,,BTG,XP,,,
2026-03-31T01:13:44.725Z,market,trade,TESTE,100048.71795587585,98,,,,GOLDM,CS,,,
2026-03-31T01:13:44.879Z,market,trade,TESTE,100038.03794998732,62,,,,JPM,CS,,,
2026-03-31T01:13:45.031Z,market,trade,TESTE,100048.19278555983,141,,,,BTG,JPM,,,
2026-03-31T01:13:45.183Z,market,trade,TESTE,100041.40834690456,59,,,,ITAU,MS,,,
2026-03-31T01:13:45.348Z,market,trade,TESTE,100040.48367638182,159,,,,CS,ITAU,,,
2026-03-31T01:13:45.509Z,market,trade,TESTE,100052.16203255979,59,,,,UBS,BARCL,,,
2026-03-31T01:13:45.663Z,market,trade,TESTE,100047.70809439669,54,,,,JPM,MS,,,
2026-03-31T01:13:45.816Z,market,trade,TESTE,100044.4441274883,66,,,,BARCL,BTG,,,
2026-03-31T01:13:45.967Z,market,trade,TESTE,100033.5843809515,131,,,,BARCL,BARCL,,,
2026-03-31T01:13:46.130Z,market,trade,TESTE,100033.00680813623,150,,,,UBS,ITAU,,,
2026-03-31T01:13:46.295Z,market,trade,TESTE,100033.85901605614,178,,,,BARCL,BARCL,,,
2026-03-31T01:13:46.447Z,market,trade,TESTE,100038.68390638875,153,,,,JPM,CITI,,,
2026-03-31T01:13:46.599Z,market,trade,TESTE,100051.98804544129,106,,,,UBS,UBS,,,
2026-03-31T01:13:46.749Z,market,trade,TESTE,100047.5086537512,152,,,,CITI,BARCL,,,
2026-03-31T01:13:46.911Z,market,trade,TESTE,100049.01565305119,191,,,,CS,XP,,,
2026-03-31T01:13:47.064Z,market,trade,TESTE,100038.63307898317,51,,,,ITAU,CITI,,,
2026-03-31T01:13:47.215Z,market,trade,TESTE,100040.79826572644,160,,,,ITAU,JPM,,,
2026-03-31T01:13:47.367Z,market,trade,TESTE,100035.88215243699,9,,,,CS,CITI,,,
2026-03-31T01:13:47.533Z,market,trade,TESTE,100041.9250745931,50,,,,GOLDM,GOLDM,,,
2026-03-31T01:13:47.695Z,market,trade,TESTE,100027.81580555302,21,,,,MS,CS,,,
2026-03-31T01:13:47.847Z,market,trade,TESTE,100027.59615498294,108,,,,ITAU,BARCL,,,
2026-03-31T01:13:47.999Z,market,trade,TESTE,100026.69187925557,120,,,,XP,GOLDM,,,
2026-03-31T01:13:48.167Z,market,trade,TESTE,100023.865876492,95,,,,CITI,GOLDM,,,
2026-03-31T01:13:48.326Z,market,trade,TESTE,100019.79659943611,175,,,,MS,XP,,,
2026-03-31T01:13:48.480Z,market,trade,TESTE,100025.20270964972,130,,,,ITAU,JPM,,,
2026-03-31T01:13:48.631Z,market,trade,TESTE,100028.99171471265,25,,,,BARCL,GOLDM,,,
2026-03-31T01:13:48.783Z,market,trade,TESTE,100021.37855320785,12,,,,BTG,MS,,,
2026-03-31T01:13:48.934Z,market,trade,TESTE,100035.08965593948,71,,,,JPM,UBS,,,
2026-03-31T01:13:49.094Z,market,trade,TESTE,100039.86364111374,98,,,,BARCL,CITI,,,
2026-03-31T01:13:49.249Z,market,trade,TESTE,100042.32922541033,135,,,,GOLDM,CS,,,
2026-03-31T01:13:49.399Z,market,trade,TESTE,100028.75875566324,24,,,,CS,ITAU,,,
2026-03-31T01:13:49.550Z,market,trade,TESTE,100025.48175307375,144,,,,MS,XP,,,
2026-03-31T01:13:49.711Z,market,trade,TESTE,100037.98999093624,96,,,,UBS,ITAU,,,
2026-03-31T01:13:49.863Z,market,trade,TESTE,100038.58798569227,127,,,,MS,BTG,,,
2026-03-31T01:13:50.015Z,market,trade,TESTE,100031.07217644202,112,,,,BTG,CS,,,
2026-03-31T01:13:50.167Z,market,trade,TESTE,100034.89325031183,24,,,,JPM,UBS,,,
2026-03-31T01:13:50.320Z,market,trade,TESTE,100035.96423765062,45,,,,BARCL,GOLDM,,,
2026-03-31T01:13:50.480Z,market,trade,TESTE,100043.73722572661,165,,,,CITI,CS,,,
2026-03-31T01:13:50.630Z,market,trade,TESTE,100045.85735122266,53,,,,CITI,BTG,,,
2026-03-31T01:13:50.783Z,market,trade,TESTE,100038.72010445909,103,,,,CS,ITAU,,,
2026-03-31T01:13:50.934Z,market,trade,TESTE,100035.54834717372,187,,,,ITAU,GOLDM,,,
2026-03-31T01:13:51.094Z,market,trade,TESTE,100034.05688693268,98,,,,ITAU,BARCL,,,
2026-03-31T01:13:51.247Z,market,trade,TESTE,100048.84983885917,144,,,,XP,BTG,,,
2026-03-31T01:13:51.400Z,market,trade,TESTE,100038.57855599557,184,,,,XP,CS,,,
2026-03-31T01:13:51.565Z,market,trade,TESTE,100034.14393658121,191,,,,MS,BTG,,,
2026-03-31T01:13:51.726Z,market,trade,TESTE,100041.67734399592,83,,,,UBS,CS,,,
2026-03-31T01:13:51.877Z,market,trade,TESTE,100031.02435741751,146,,,,JPM,CITI,,,
2026-03-31T01:13:52.031Z,market,trade,TESTE,100038.44238421613,193,,,,JPM,BARCL,,,
2026-03-31T01:13:52.183Z,market,trade,TESTE,100040.39092101931,98,,,,XP,JPM,,,
2026-03-31T01:13:52.335Z,market,trade,TESTE,100043.91024004972,95,,,,UBS,MS,,,
2026-03-31T01:13:52.501Z,market,trade,TESTE,100035.32458932711,44,,,,JPM,JPM,,,
2026-03-31T01:13:52.665Z,market,trade,TESTE,100042.80477854508,125,,,,ITAU,MS,,,
2026-03-31T01:13:52.817Z,market,trade,TESTE,100035.31927989291,109,,,,UBS,CS,,,
2026-03-31T01:13:52.982Z,market,trade,TESTE,100042.58525151163,154,,,,MS,CS,,,
2026-03-31T01:13:53.147Z,market,trade,TESTE,100040.91768364857,49,,,,CS,UBS,,,
2026-03-31T01:13:53.299Z,market,trade,TESTE,100027.102855266,36,,,,CS,CS,,,
2026-03-31T01:13:53.464Z,market,trade,TESTE,100040.43590706914,68,,,,JPM,CS,,,
2026-03-31T01:13:53.615Z,market,trade,TESTE,100042.7579719596,136,,,,GOLDM,UBS,,,
2026-03-31T01:13:53.767Z,market,trade,TESTE,100045.32641298977,166,,,,BTG,UBS,,,
2026-03-31T01:13:53.933Z,market,trade,TESTE,100047.50550444568,41,,,,JPM,UBS,,,
2026-03-31T01:13:54.097Z,market,trade,TESTE,100036.69492110316,38,,,,JPM,JPM,,,
2026-03-31T01:13:54.250Z,market,trade,TESTE,100046.36146335413,25,,,,XP,BTG,,,
2026-03-31T01:13:54.415Z,market,trade,TESTE,100048.64592951402,118,,,,ITAU,UBS,,,
2026-03-31T01:13:54.566Z,market,trade,TESTE,100053.59977643503,37,,,,UBS,MS,,,
2026-03-31T01:13:54.717Z,market,trade,TESTE,100058.57402875392,14,,,,JPM,BARCL,,,
2026-03-31T01:13:54.867Z,market,trade,TESTE,100059.86885894572,74,,,,UBS,BARCL,,,
2026-03-31T01:13:55.032Z,market,trade,TESTE,100052.00105613016,111,,,,CS,UBS,,,
2026-03-31T01:13:55.183Z,market,trade,TESTE,100058.23669800635,160,,,,CS,UBS,,,
2026-03-31T01:13:55.333Z,market,trade,TESTE,100057.24693746932,168,,,,CITI,CS,,,
2026-03-31T01:13:55.500Z,market,trade,TESTE,100045.38292258656,103,,,,JPM,CITI,,,
2026-03-31T01:13:55.665Z,market,trade,TESTE,100042.86943659738,75,,,,CS,JPM,,,
2026-03-31T01:13:55.818Z,market,trade,TESTE,100048.12625524515,129,,,,UBS,GOLDM,,,
2026-03-31T01:13:55.981Z,market,trade,TESTE,100048.94183642234,199,,,,CS,JPM,,,
2026-03-31T01:13:56.132Z,market,trade,TESTE,100047.56294013072,165,,,,BTG,CITI,,,
2026-03-31T01:13:56.284Z,market,trade,TESTE,100036.40181062515,56,,,,GOLDM,MS,,,
2026-03-31T01:13:56.449Z,market,trade,TESTE,100050.7032377638,130,,,,XP,CITI,,,
2026-03-31T01:13:56.601Z,market,trade,TESTE,100035.97348807706,181,,,,JPM,CITI,,,
2026-03-31T01:13:56.765Z,market,trade,TESTE,100042.32913730945,36,,,,CS,MS,,,
2026-03-31T01:13:56.918Z,market,trade,TESTE,100032.57903929785,106,,,,CS,ITAU,,,
2026-03-31T01:13:57.083Z,market,trade,TESTE,100044.92408451888,180,,,,BTG,UBS,,,
2026-03-31T01:13:57.235Z,market,trade,TESTE,100040.31893699849,23,,,,GOLDM,CITI,,,
2026-03-31T01:13:57.400Z,market,trade,TESTE,100033.23730596606,12,,,,BARCL,UBS,,,
2026-03-31T01:13:57.550Z,market,trade,TESTE,100047.564716351,22,,,,UBS,BARCL,,,
2026-03-31T01:13:57.716Z,market,trade,TESTE,100040.48314182545,24,,,,GOLDM,UBS,,,
2026-03-31T01:13:57.879Z,market,trade,TESTE,100042.43750841611,114,,,,CITI,CITI,,,
2026-03-31T01:13:58.032Z,market,trade,TESTE,100047.06038812114,63,,,,UBS,UBS,,,
2026-03-31T01:13:58.185Z,market,trade,TESTE,100042.69797634466,150,,,,BARCL,XP,,,
2026-03-31T01:13:58.350Z,market,trade,TESTE,100044.84005271406,78,,,,ITAU,CS,,,
2026-03-31T01:13:58.501Z,market,trade,TESTE,100046.37798939549,77,,,,ITAU,JPM,,,
2026-03-31T01:13:58.664Z,market,trade,TESTE,100055.0776109309,28,,,,MS,UBS,,,
2026-03-31T01:13:58.816Z,market,trade,TESTE,100043.74190135064,134,,,,BTG,JPM,,,
2026-03-31T01:13:58.967Z,market,trade,TESTE,100052.7125951054,92,,,,CITI,BTG,,,
2026-03-31T01:13:59.132Z,market,trade,TESTE,100053.53015759202,41,,,,BARCL,JPM,,,
2026-03-31T01:13:59.296Z,market,trade,TESTE,100056.48730906098,47,,,,MS,GOLDM,,,
2026-03-31T01:13:59.450Z,market,trade,TESTE,100060.3345914268,158,,,,CS,BTG,,,
2026-03-31T01:13:59.615Z,market,trade,TESTE,100065.33053139133,15,,,,GOLDM,MS,,,
2026-03-31T01:13:59.767Z,market,trade,TESTE,100056.0717881588,186,,,,BTG,BTG,,,
2026-03-31T01:13:59.921Z,market,trade,TESTE,100065.52588431894,33,,,,ITAU,JPM,,,
2026-03-31T01:14:00.083Z,market,trade,TESTE,100056.44595505802,139,,,,JPM,BTG,,,
2026-03-31T01:14:00.247Z,market,trade,TESTE,100056.36353665098,110,,,,XP,XP,,,
2026-03-31T01:14:00.399Z,market,trade,TESTE,100069.38197632486,56,,,,MS,CS,,,
2026-03-31T01:14:00.550Z,market,trade,TESTE,100058.45397052988,191,,,,CS,CITI,,,
2026-03-31T01:14:00.701Z,market,trade,TESTE,100062.14963138248,124,,,,XP,JPM,,,
2026-03-31T01:14:00.866Z,market,trade,TESTE,100062.12104574755,30,,,,BARCL,ITAU,,,
2026-03-31T01:14:01.017Z,market,trade,TESTE,100076.07925479388,124,,,,GOLDM,CITI,,,
2026-03-31T01:14:01.184Z,market,trade,TESTE,100075.61321570819,50,,,,ITAU,JPM,,,
2026-03-31T01:14:01.350Z,market,trade,TESTE,100069.05669191541,178,,,,XP,CS,,,
2026-03-31T01:14:01.514Z,market,trade,TESTE,100078.06507327688,105,,,,ITAU,UBS,,,
2026-03-31T01:14:01.668Z,market,trade,TESTE,100065.48502546187,12,,,,XP,GOLDM,,,
2026-03-31T01:14:01.832Z,market,trade,TESTE,100068.58112928971,177,,,,UBS,CITI,,,
2026-03-31T01:14:01.983Z,market,trade,TESTE,100065.22550690621,15,,,,CS,XP,,,
2026-03-31T01:14:02.147Z,market,trade,TESTE,100080.0360377927,120,,,,JPM,GOLDM,,,
2026-03-31T01:14:02.299Z,market,trade,TESTE,100070.84278933084,8,,,,CS,ITAU,,,
2026-03-31T01:14:02.450Z,market,trade,TESTE,100071.87768008192,94,,,,CS,CITI,,,
2026-03-31T01:14:02.602Z,market,trade,TESTE,100070.30423635329,156,,,,MS,XP,,,
2026-03-31T01:14:02.752Z,market,trade,TESTE,100074.32283390262,88,,,,ITAU,ITAU,,,
2026-03-31T01:14:02.913Z,market,trade,TESTE,100080.30365037182,50,,,,JPM,BTG,,,
2026-03-31T01:14:03.064Z,market,trade,TESTE,100073.39665873049,146,,,,JPM,CITI,,,
2026-03-31T01:14:03.215Z,market,trade,TESTE,100088.36745742943,188,,,,MS,GOLDM,,,
2026-03-31T01:14:03.366Z,market,trade,TESTE,100092.18686262265,20,,,,JPM,BARCL,,,
2026-03-31T01:14:03.524Z,market,trade,TESTE,100079.74164008869,77,,,,MS,BARCL,,,
2026-03-31T01:14:03.677Z,market,trade,TESTE,100080.38419605057,46,,,,CITI,UBS,,,
2026-03-31T01:14:03.831Z,market,trade,TESTE,100083.76322493001,90,,,,CITI,ITAU,,,
2026-03-31T01:14:03.983Z,market,trade,TESTE,100082.27466394233,186,,,,CS,XP,,,
2026-03-31T01:14:04.134Z,market,trade,TESTE,100085.86673819277,106,,,,CITI,BARCL,,,
2026-03-31T01:14:04.293Z,market,trade,TESTE,100089.13853808172,103,,,,XP,CITI,,,
2026-03-31T01:14:04.445Z,market,trade,TESTE,100101.29848736576,191,,,,CS,CITI,,,
2026-03-31T01:14:04.599Z,market,trade,TESTE,100092.50455269811,46,,,,BARCL,BTG,,,
2026-03-31T01:14:04.750Z,market,trade,TESTE,100093.23830506203,104,,,,CS,JPM,,,
2026-03-31T01:14:04.910Z,market,trade,TESTE,100091.45068747888,70,,,,MS,JPM,,,
2026-03-31T01:14:05.065Z,market,trade,TESTE,100098.06204534385,34,,,,BTG,XP,,,
2026-03-31T01:14:05.230Z,market,trade,TESTE,100088.14679674339,5,,,,GOLDM,GOLDM,,,
2026-03-31T01:14:05.383Z,market,trade,TESTE,100096.05709007868,194,,,,GOLDM,BARCL,,,
2026-03-31T01:14:05.548Z,market,trade,TESTE,100096.36009501953,97,,,,CITI,CITI,,,
2026-03-31T01:14:05.711Z,market,trade,TESTE,100090.53380881317,170,,,,BARCL,ITAU,,,
2026-03-31T01:14:05.863Z,market,trade,TESTE,100093.63226325235,103,,,,UBS,CITI,,,
2026-03-31T01:14:06.015Z,market,trade,TESTE,100106.83918361233,198,,,,UBS,JPM,,,
2026-03-31T01:14:06.166Z,market,trade,TESTE,100094.08643916987,42,,,,XP,BARCL,,,
2026-03-31T01:14:06.326Z,market,trade,TESTE,100100.89971049588,52,,,,XP,BTG,,,
2026-03-31T01:14:06.479Z,market,trade,TESTE,100100.50026136934,128,,,,UBS,BTG,,,
2026-03-31T01:14:06.646Z,market,trade,TESTE,100100.22162669776,184,,,,JPM,CS,,,
2026-03-31T01:14:06.799Z,market,trade,TESTE,100095.32373942193,57,,,,XP,BTG,,,
2026-03-31T01:14:06.950Z,market,trade,TESTE,100080.85257296028,103,,,,CS,GOLDM,,,
2026-03-31T01:14:07.116Z,market,trade,TESTE,100079.81168016825,116,,,,ITAU,MS,,,
2026-03-31T01:14:07.277Z,market,trade,TESTE,100084.29480868045,171,,,,ITAU,ITAU,,,
2026-03-31T01:14:07.435Z,market,trade,TESTE,100080.72600430089,60,,,,MS,BARCL,,,
2026-03-31T01:14:07.597Z,market,trade,TESTE,100089.44191763301,8,,,,ITAU,BARCL,,,
2026-03-31T01:14:07.755Z,market,trade,TESTE,100081.84784842805,18,,,,CS,UBS,,,
2026-03-31T01:14:07.912Z,market,trade,TESTE,100091.98408851292,10,,,,ITAU,CS,,,
2026-03-31T01:14:08.062Z,market,trade,TESTE,100079.02896700923,174,,,,ITAU,BARCL,,,
2026-03-31T01:14:08.213Z,market,trade,TESTE,100080.9580717979,35,,,,ITAU,JPM,,,
2026-03-31T01:14:08.365Z,market,trade,TESTE,100092.73110571445,176,,,,MS,CITI,,,
2026-03-31T01:14:08.527Z,market,trade,TESTE,100096.28354162298,18,,,,CITI,XP,,,
2026-03-31T01:14:08.693Z,market,trade,TESTE,100083.2552775468,30,,,,ITAU,ITAU,,,
2026-03-31T01:14:08.845Z,market,trade,TESTE,100078.33869831348,127,,,,BTG,CS,,,
2026-03-31T01:14:09.000Z,market,trade,TESTE,100090.18272779706,22,,,,BTG,BARCL,,,
2026-03-31T01:14:09.166Z,market,trade,TESTE,100075.67405861095,125,,,,XP,CS,,,
2026-03-31T01:14:09.319Z,market,trade,TESTE,100075.89704703938,176,,,,JPM,CS,,,
2026-03-31T01:14:09.477Z,market,trade,TESTE,100089.62733853092,157,,,,XP,MS,,,
2026-03-31T01:14:09.632Z,market,trade,TESTE,100092.25427783103,168,,,,ITAU,XP,,,
2026-03-31T01:14:09.784Z,market,trade,TESTE,100084.23037564172,37,,,,GOLDM,JPM,,,
2026-03-31T01:14:09.934Z,market,trade,TESTE,100091.29966509769,112,,,,MS,CITI,,,
2026-03-31T01:14:10.099Z,market,trade,TESTE,100078.38699147802,95,,,,UBS,ITAU,,,
2026-03-31T01:14:10.265Z,market,trade,TESTE,100081.99270822413,153,,,,BTG,CS,,,
2026-03-31T01:14:10.416Z,market,trade,TESTE,100081.35868523085,152,,,,CS,GOLDM,,,
2026-03-31T01:14:10.567Z,market,trade,TESTE,100085.02060938701,9,,,,GOLDM,BARCL,,,
2026-03-31T01:14:10.731Z,market,trade,TESTE,100093.10537593362,163,,,,XP,ITAU,,,
2026-03-31T01:14:10.895Z,market,trade,TESTE,100093.60186912258,27,,,,CITI,CS,,,
2026-03-31T01:14:11.047Z,market,trade,TESTE,100098.01907833555,150,,,,XP,CITI,,,
2026-03-31T01:14:11.213Z,market,trade,TESTE,100087.16392322873,172,,,,BTG,JPM,,,
2026-03-31T01:14:11.373Z,market,trade,TESTE,100093.82329804228,88,,,,GOLDM,CITI,,,
2026-03-31T01:14:11.531Z,market,trade,TESTE,100083.93463381665,182,,,,JPM,CS,,,
2026-03-31T01:14:11.695Z,market,trade,TESTE,100087.35980192781,173,,,,ITAU,CS,,,
2026-03-31T01:14:11.852Z,market,trade,TESTE,100094.4797266714,119,,,,MS,UBS,,,
2026-03-31T01:14:12.014Z,market,trade,TESTE,100093.52824657685,88,,,,XP,XP,,,
2026-03-31T01:14:12.184Z,market,trade,TESTE,100095.54620590863,100,,,,XP,XP,,,
2026-03-31T01:14:12.334Z,market,trade,TESTE,100095.41904635631,9,,,,BTG,XP,,,
2026-03-31T01:14:12.495Z,market,trade,TESTE,100083.32384620006,164,,,,ITAU,BTG,,,
2026-03-31T01:14:12.646Z,market,trade,TESTE,100087.42782095236,133,,,,ITAU,XP,,,
2026-03-31T01:14:12.798Z,market,trade,TESTE,100091.67949932517,183,,,,UBS,BARCL,,,
2026-03-31T01:14:12.950Z,market,trade,TESTE,100091.18786598925,45,,,,UBS,BARCL,,,
2026-03-31T01:14:13.101Z,market,trade,TESTE,100086.8765129222,174,,,,BTG,CS,,,
2026-03-31T01:14:13.264Z,market,trade,TESTE,100085.61279268502,161,,,,CS,CS,,,
2026-03-31T01:14:13.415Z,market,trade,TESTE,100087.46298348304,73,,,,GOLDM,GOLDM,,,
2026-03-31T01:14:13.567Z,market,trade,TESTE,100087.81581549507,115,,,,UBS,ITAU,,,
2026-03-31T01:14:13.732Z,market,trade,TESTE,100094.25194460203,52,,,,ITAU,CS,,,
2026-03-31T01:14:13.894Z,market,trade,TESTE,100086.23533758527,32,,,,ITAU,CITI,,,
2026-03-31T01:14:14.047Z,market,trade,TESTE,100089.62097344047,90,,,,MS,UBS,,,
2026-03-31T01:14:14.198Z,market,trade,TESTE,100101.45028757212,87,,,,JPM,JPM,,,
2026-03-31T01:14:14.349Z,market,trade,TESTE,100093.0790984253,170,,,,XP,JPM,,,
2026-03-31T01:14:14.500Z,market,trade,TESTE,100103.97105732322,87,,,,ITAU,ITAU,,,
2026-03-31T01:14:14.664Z,market,trade,TESTE,100107.48107365507,189,,,,JPM,XP,,,
2026-03-31T01:14:14.815Z,market,trade,TESTE,100107.57448036975,178,,,,BARCL,BARCL,,,
2026-03-31T01:14:14.967Z,market,trade,TESTE,100105.04039259709,36,,,,CITI,XP,,,
2026-03-31T01:14:15.125Z,market,trade,TESTE,100107.19193689426,119,,,,GOLDM,ITAU,,,
2026-03-31T01:14:15.278Z,market,trade,TESTE,100095.92337560667,143,,,,BTG,MS,,,
2026-03-31T01:14:15.442Z,market,trade,TESTE,100095.13870942558,66,,,,MS,CITI,,,
2026-03-31T01:14:15.601Z,market,trade,TESTE,100093.20261276721,70,,,,CS,CS,,,
2026-03-31T01:14:15.767Z,market,trade,TESTE,100095.81212225535,196,,,,MS,GOLDM,,,
2026-03-31T01:14:15.926Z,market,trade,TESTE,100098.47775502392,184,,,,BTG,MS,,,
2026-03-31T01:14:16.078Z,market,trade,TESTE,100099.8009517635,68,,,,MS,GOLDM,,,
2026-03-31T01:14:16.231Z,market,trade,TESTE,100097.89451708649,65,,,,XP,GOLDM,,,
2026-03-31T01:14:16.395Z,market,trade,TESTE,100112.64322811662,87,,,,UBS,XP,,,
2026-03-31T01:14:16.551Z,market,trade,TESTE,100117.19923349137,75,,,,BARCL,BTG,,,
2026-03-31T01:14:16.712Z,market,trade,TESTE,100105.59484602037,107,,,,BARCL,BTG,,,
2026-03-31T01:14:16.863Z,market,trade,TESTE,100111.65173717379,120,,,,CITI,XP,,,
2026-03-31T01:14:17.015Z,market,trade,TESTE,100096.65699666027,61,,,,BTG,MS,,,
2026-03-31T01:14:17.167Z,market,trade,TESTE,100098.797149021,147,,,,BTG,JPM,,,
2026-03-31T01:14:17.328Z,market,trade,TESTE,100096.85314337348,81,,,,MS,XP,,,
2026-03-31T01:14:17.478Z,market,trade,TESTE,100095.19098446434,120,,,,GOLDM,CITI,,,
2026-03-31T01:14:17.632Z,market,trade,TESTE,100101.72692579568,152,,,,BARCL,CS,,,
2026-03-31T01:14:17.783Z,market,trade,TESTE,100102.91304439862,171,,,,BTG,UBS,,,
2026-03-31T01:14:17.934Z,market,trade,TESTE,100100.107964243,194,,,,BARCL,UBS,,,
2026-03-31T01:14:18.094Z,market,trade,TESTE,100085.67020274755,26,,,,CS,CITI,,,
2026-03-31T01:14:18.248Z,market,trade,TESTE,100080.94478717491,79,,,,GOLDM,XP,,,
2026-03-31T01:14:18.399Z,market,trade,TESTE,100082.91820239965,59,,,,BARCL,MS,,,
2026-03-31T01:14:18.550Z,market,trade,TESTE,100096.09157826648,39,,,,CITI,CITI,,,
2026-03-31T01:14:18.709Z,market,trade,TESTE,100087.22316524833,101,,,,CS,BARCL,,,
2026-03-31T01:14:18.862Z,market,trade,TESTE,100099.12138307872,82,,,,ITAU,UBS,,,
2026-03-31T01:14:19.015Z,market,trade,TESTE,100084.4910128143,76,,,,MS,GOLDM,,,
2026-03-31T01:14:19.168Z,market,trade,TESTE,100085.0432412319,161,,,,BTG,CITI,,,
2026-03-31T01:14:19.327Z,market,trade,TESTE,100086.36932239008,121,,,,ITAU,CITI,,,
2026-03-31T01:14:19.478Z,market,trade,TESTE,100084.49682035107,145,,,,BTG,CITI,,,
2026-03-31T01:14:19.632Z,market,trade,TESTE,100084.82996358033,64,,,,GOLDM,JPM,,,
2026-03-31T01:14:19.783Z,market,trade,TESTE,100095.0610114458,85,,,,CS,GOLDM,,,
2026-03-31T01:14:19.934Z,market,trade,TESTE,100095.23724738498,91,,,,ITAU,GOLDM,,,
2026-03-31T01:14:20.094Z,market,trade,TESTE,100085.08229558762,53,,,,CITI,CS,,,
2026-03-31T01:14:20.249Z,market,trade,TESTE,100083.43929654433,174,,,,CS,CS,,,
2026-03-31T01:14:20.414Z,market,trade,TESTE,100095.32423874845,121,,,,BTG,GOLDM,,,
2026-03-31T01:14:20.566Z,market,trade,TESTE,100082.85050970697,130,,,,CS,ITAU,,,
2026-03-31T01:14:20.725Z,market,trade,TESTE,100089.62636071767,96,,,,BARCL,GOLDM,,,
2026-03-31T01:14:20.879Z,market,trade,TESTE,100092.64554256632,59,,,,ITAU,MS,,,
2026-03-31T01:14:21.031Z,market,trade,TESTE,100092.44411795844,29,,,,GOLDM,MS,,,
2026-03-31T01:14:21.183Z,market,trade,TESTE,100088.92435183971,22,,,,UBS,GOLDM,,,
2026-03-31T01:14:21.334Z,market,trade,TESTE,100081.10631508664,10,,,,JPM,CS,,,
2026-03-31T01:14:21.495Z,market,trade,TESTE,100094.02568867961,65,,,,ITAU,UBS,,,
2026-03-31T01:14:21.647Z,market,trade,TESTE,100091.88321536689,83,,,,BTG,XP,,,
2026-03-31T01:14:21.800Z,market,trade,TESTE,100083.4344558058,78,,,,ITAU,UBS,,,
2026-03-31T01:14:21.967Z,market,trade,TESTE,100094.36941996166,130,,,,XP,CS,,,
2026-03-31T01:14:22.127Z,market,trade,TESTE,100089.26601424921,75,,,,XP,UBS,,,
2026-03-31T01:14:22.281Z,market,trade,TESTE,100092.01885440639,41,,,,BARCL,CS,,,
2026-03-31T01:14:22.432Z,market,trade,TESTE,100097.74370225017,194,,,,CS,CS,,,
2026-03-31T01:14:22.583Z,market,trade,TESTE,100100.53031878566,107,,,,ITAU,MS,,,
2026-03-31T01:14:22.748Z,market,trade,TESTE,100096.59417868292,182,,,,ITAU,XP,,,
2026-03-31T01:14:22.909Z,market,trade,TESTE,100091.85371075865,181,,,,ITAU,BTG,,,
2026-03-31T01:14:23.063Z,market,trade,TESTE,100085.7721128302,154,,,,BTG,JPM,,,
2026-03-31T01:14:23.215Z,market,trade,TESTE,100093.76385120745,177,,,,UBS,BARCL,,,
2026-03-31T01:14:23.365Z,market,trade,TESTE,100084.59595672722,162,,,,MS,XP,,,
2026-03-31T01:14:23.524Z,market,trade,TESTE,100095.30828440184,87,,,,MS,CS,,,
2026-03-31T01:14:23.679Z,market,trade,TESTE,100086.89409997949,57,,,,BTG,CITI,,,
2026-03-31T01:14:23.831Z,market,trade,TESTE,100084.15418972923,125,,,,GOLDM,ITAU,,,
2026-03-31T01:14:23.983Z,market,trade,TESTE,100095.87224708665,101,,,,CS,BTG,,,
2026-03-31T01:14:24.134Z,market,trade,TESTE,100084.02383396878,173,,,,ITAU,JPM,,,
2026-03-31T01:14:24.299Z,market,trade,TESTE,100089.85527389568,126,,,,GOLDM,MS,,,
2026-03-31T01:14:24.463Z,market,trade,TESTE,100086.06961208108,164,,,,XP,CS,,,
2026-03-31T01:14:24.614Z,market,trade,TESTE,100086.46689310607,197,,,,BTG,GOLDM,,,
2026-03-31T01:14:24.767Z,market,trade,TESTE,100074.45801084834,128,,,,BTG,UBS,,,
2026-03-31T01:14:24.926Z,market,trade,TESTE,100083.90376532872,20,,,,XP,UBS,,,
2026-03-31T01:14:25.080Z,market,trade,TESTE,100069.96023055214,10,,,,XP,UBS,,,
2026-03-31T01:14:25.230Z,market,trade,TESTE,100079.61338033066,8,,,,ITAU,CITI,,,
2026-03-31T01:14:25.383Z,market,trade,TESTE,100081.95457455088,79,,,,XP,MS,,,
2026-03-31T01:14:25.534Z,market,trade,TESTE,100067.38951877852,183,,,,BTG,CITI,,,
2026-03-31T01:14:25.695Z,market,trade,TESTE,100068.85647480183,50,,,,GOLDM,BARCL,,,
2026-03-31T01:14:25.847Z,market,trade,TESTE,100074.45001615646,199,,,,BARCL,ITAU,,,
2026-03-31T01:14:25.999Z,market,trade,TESTE,100060.04653639368,151,,,,GOLDM,CITI,,,
2026-03-31T01:14:26.167Z,market,trade,TESTE,100057.41649399723,93,,,,BARCL,XP,,,
2026-03-31T01:14:26.329Z,market,trade,TESTE,100071.35616428494,195,,,,JPM,MS,,,
2026-03-31T01:14:26.493Z,market,trade,TESTE,100073.91869898552,110,,,,XP,BTG,,,
2026-03-31T01:14:26.647Z,market,trade,TESTE,100076.84763827281,135,,,,CITI,ITAU,,,
2026-03-31T01:14:26.799Z,market,trade,TESTE,100073.50109609592,34,,,,MS,XP,,,
2026-03-31T01:14:26.949Z,market,trade,TESTE,100058.7131623271,100,,,,BTG,BARCL,,,
2026-03-31T01:14:27.110Z,market,trade,TESTE,100057.20385867517,52,,,,MS,MS,,,
2026-03-31T01:14:27.262Z,market,trade,TESTE,100068.86452452348,105,,,,ITAU,BARCL,,,
2026-03-31T01:14:27.417Z,market,trade,TESTE,100069.49715269484,41,,,,BTG,CS,,,
2026-03-31T01:14:27.567Z,market,trade,TESTE,100060.70462994985,147,,,,BARCL,GOLDM,,,
2026-03-31T01:14:27.728Z,market,trade,TESTE,100069.22415800374,115,,,,MS,BTG,,,
2026-03-31T01:14:27.893Z,market,trade,TESTE,100062.96028132143,110,,,,ITAU,GOLDM,,,
2026-03-31T01:14:28.051Z,market,trade,TESTE,100069.27561669766,10,,,,CS,UBS,,,
2026-03-31T01:14:28.216Z,market,trade,TESTE,100063.30953717433,49,,,,MS,XP,,,
2026-03-31T01:14:28.366Z,market,trade,TESTE,100061.69647834213,179,,,,CITI,BTG,,,
2026-03-31T01:14:28.526Z,market,trade,TESTE,100073.46081112292,129,,,,MS,CS,,,
2026-03-31T01:14:28.679Z,market,trade,TESTE,100073.07284712882,88,,,,CS,MS,,,
2026-03-31T01:14:28.831Z,market,trade,TESTE,100076.05679875705,124,,,,JPM,GOLDM,,,
2026-03-31T01:14:28.983Z,market,trade,TESTE,100077.69428848167,14,,,,CS,ITAU,,,
2026-03-31T01:14:29.134Z,market,trade,TESTE,100067.5818106859,157,,,,XP,ITAU,,,
2026-03-31T01:14:29.299Z,market,trade,TESTE,100076.62474385074,194,,,,JPM,MS,,,
2026-03-31T01:14:29.463Z,market,trade,TESTE,100071.46139650136,118,,,,GOLDM,GOLDM,,,
2026-03-31T01:14:29.616Z,market,trade,TESTE,100083.70798403879,125,,,,MS,ITAU,,,
2026-03-31T01:14:29.766Z,market,trade,TESTE,100087.24011331427,53,,,,BARCL,MS,,,
2026-03-31T01:14:29.926Z,market,trade,TESTE,100085.73227131172,72,,,,MS,XP,,,
2026-03-31T01:14:30.079Z,market,trade,TESTE,100088.04052707247,151,,,,ITAU,XP,,,
2026-03-31T01:14:30.231Z,market,trade,TESTE,100081.75163443411,187,,,,ITAU,GOLDM,,,
2026-03-31T01:14:30.384Z,market,trade,TESTE,100088.08497525625,46,,,,ITAU,GOLDM,,,
2026-03-31T01:14:30.549Z,market,trade,TESTE,100081.53763315355,109,,,,BTG,XP,,,
2026-03-31T01:14:30.710Z,market,trade,TESTE,100087.6928491276,191,,,,MS,CS,,,
2026-03-31T01:14:30.863Z,market,trade,TESTE,100084.1479581012,65,,,,CS,XP,,,
2026-03-31T01:14:31.016Z,market,trade,TESTE,100086.83480940729,18,,,,MS,ITAU,,,
2026-03-31T01:14:31.167Z,market,trade,TESTE,100089.2055477766,137,,,,CS,GOLDM,,,
2026-03-31T01:14:31.325Z,market,trade,TESTE,100089.54718439365,146,,,,ITAU,XP,,,
2026-03-31T01:14:31.478Z,market,trade,TESTE,100085.22837986519,162,,,,MS,CITI,,,
2026-03-31T01:14:31.632Z,market,trade,TESTE,100080.22327564207,106,,,,CS,JPM,,,
2026-03-31T01:14:31.783Z,market,trade,TESTE,100084.00084095381,66,,,,XP,ITAU,,,
2026-03-31T01:14:31.934Z,market,trade,TESTE,100091.30684013083,127,,,,CS,CS,,,
2026-03-31T01:14:32.095Z,market,trade,TESTE,100085.83819255739,76,,,,JPM,JPM,,,
2026-03-31T01:14:32.247Z,market,trade,TESTE,100095.41577100687,77,,,,JPM,BARCL,,,
2026-03-31T01:14:32.399Z,market,trade,TESTE,100083.64676689942,188,,,,UBS,GOLDM,,,
2026-03-31T01:14:32.567Z,market,trade,TESTE,100097.94928462282,44,,,,ITAU,GOLDM,,,
2026-03-31T01:14:32.726Z,market,trade,TESTE,100093.46809759813,24,,,,JPM,BTG,,,
2026-03-31T01:14:32.878Z,market,trade,TESTE,100079.17283463046,160,,,,BARCL,UBS,,,
2026-03-31T01:14:33.031Z,market,trade,TESTE,100087.08458970184,42,,,,GOLDM,BARCL,,,
2026-03-31T01:14:33.183Z,market,trade,TESTE,100082.97760921188,98,,,,MS,UBS,,,
2026-03-31T01:14:33.334Z,market,trade,TESTE,100083.16169755065,91,,,,ITAU,UBS,,,
2026-03-31T01:14:33.495Z,market,trade,TESTE,100076.77175072668,192,,,,MS,UBS,,,
2026-03-31T01:14:33.648Z,market,trade,TESTE,100074.84220877817,150,,,,XP,BTG,,,
2026-03-31T01:14:33.798Z,market,trade,TESTE,100077.56191255928,37,,,,BTG,BARCL,,,
2026-03-31T01:14:33.950Z,market,trade,TESTE,100076.312680467,91,,,,BTG,CITI,,,
2026-03-31T01:14:34.110Z,market,trade,TESTE,100083.75343797395,76,,,,JPM,MS,,,
2026-03-31T01:14:34.262Z,market,trade,TESTE,100069.44398132878,70,,,,MS,UBS,,,
2026-03-31T01:14:34.416Z,market,trade,TESTE,100083.33448467462,142,,,,BTG,BARCL,,,
2026-03-31T01:14:34.567Z,market,trade,TESTE,100073.09199006883,161,,,,CITI,ITAU,,,
2026-03-31T01:14:34.726Z,market,trade,TESTE,100068.72168483309,99,,,,CITI,ITAU,,,
2026-03-31T01:14:34.879Z,market,trade,TESTE,100076.3903587569,139,,,,GOLDM,JPM,,,
2026-03-31T01:14:35.031Z,market,trade,TESTE,100081.15600230619,198,,,,MS,BARCL,,,
2026-03-31T01:14:35.183Z,market,trade,TESTE,100068.06040734553,15,,,,ITAU,XP,,,
2026-03-31T01:14:35.334Z,market,trade,TESTE,100076.70207487502,12,,,,BTG,BARCL,,,
2026-03-31T01:14:35.496Z,market,trade,TESTE,100062.15780001455,60,,,,JPM,MS,,,
2026-03-31T01:14:35.648Z,market,trade,TESTE,100073.49652974411,9,,,,ITAU,BARCL,,,
2026-03-31T01:14:35.799Z,market,trade,TESTE,100068.26127922845,73,,,,UBS,MS,,,
2026-03-31T01:14:35.949Z,market,trade,TESTE,100077.38827113542,42,,,,XP,XP,,,
2026-03-31T01:14:36.111Z,market,trade,TESTE,100079.61132354283,194,,,,BARCL,CITI,,,
2026-03-31T01:14:36.264Z,market,trade,TESTE,100075.17452480596,130,,,,ITAU,ITAU,,,
2026-03-31T01:14:36.416Z,market,trade,TESTE,100064.22065876685,88,,,,XP,JPM,,,
2026-03-31T01:14:36.566Z,market,trade,TESTE,100064.83299044594,97,,,,BARCL,CS,,,
2026-03-31T01:14:36.726Z,market,trade,TESTE,100075.63271573865,153,,,,UBS,CS,,,
2026-03-31T01:14:36.879Z,market,trade,TESTE,100062.35263253508,18,,,,ITAU,BARCL,,,
2026-03-31T01:14:37.030Z,market,trade,TESTE,100060.6978385221,36,,,,MS,ITAU,,,
2026-03-31T01:14:37.183Z,market,trade,TESTE,100067.89629116801,116,,,,BARCL,CITI,,,
2026-03-31T01:14:37.334Z,market,trade,TESTE,100067.98934131798,59,,,,CS,UBS,,,
2026-03-31T01:14:37.496Z,market,trade,TESTE,100055.94813141182,12,,,,JPM,XP,,,
2026-03-31T01:14:37.647Z,market,trade,TESTE,100069.72894611231,5,,,,UBS,JPM,,,
2026-03-31T01:14:37.799Z,market,trade,TESTE,100059.12081829523,109,,,,UBS,MS,,,
2026-03-31T01:14:37.967Z,market,trade,TESTE,100072.87911565516,165,,,,CITI,XP,,,
2026-03-31T01:14:38.126Z,market,trade,TESTE,100065.31767122688,123,,,,CITI,GOLDM,,,
2026-03-31T01:14:38.280Z,market,trade,TESTE,100077.05920268942,109,,,,MS,CS,,,
2026-03-31T01:14:38.434Z,market,trade,TESTE,100069.01523690284,185,,,,UBS,ITAU,,,
2026-03-31T01:14:38.599Z,market,trade,TESTE,100072.50099418068,152,,,,UBS,JPM,,,
2026-03-31T01:14:38.765Z,market,trade,TESTE,100073.50540888419,117,,,,MS,MS,,,
2026-03-31T01:14:38.923Z,market,trade,TESTE,100077.50233941684,11,,,,CITI,XP,,,
2026-03-31T01:14:39.079Z,market,trade,TESTE,100085.56719028874,110,,,,BARCL,JPM,,,
2026-03-31T01:14:39.231Z,market,trade,TESTE,100083.95511060637,24,,,,ITAU,CS,,,
2026-03-31T01:14:39.383Z,market,trade,TESTE,100080.53324284808,151,,,,MS,XP,,,
2026-03-31T01:14:39.544Z,market,trade,TESTE,100082.05621226541,65,,,,UBS,BARCL,,,
2026-03-31T01:14:39.694Z,market,trade,TESTE,100078.53288948703,125,,,,CS,GOLDM,,,
2026-03-31T01:14:39.847Z,market,trade,TESTE,100078.77823775444,23,,,,CS,GOLDM,,,
2026-03-31T01:14:39.999Z,market,trade,TESTE,100065.7339194415,24,,,,UBS,UBS,,,
2026-03-31T01:14:40.150Z,market,trade,TESTE,100068.14366491517,109,,,,UBS,CS,,,
2026-03-31T01:14:40.311Z,market,trade,TESTE,100070.23352263079,86,,,,XP,ITAU,,,
2026-03-31T01:14:40.466Z,market,trade,TESTE,100084.14111883788,6,,,,GOLDM,ITAU,,,
2026-03-31T01:14:40.630Z,market,trade,TESTE,100082.40909202924,195,,,,MS,GOLDM,,,
2026-03-31T01:14:40.783Z,market,trade,TESTE,100075.4286787056,196,,,,XP,ITAU,,,
2026-03-31T01:14:40.934Z,market,trade,TESTE,100080.79448977558,189,,,,XP,UBS,,,
2026-03-31T01:14:41.095Z,market,trade,TESTE,100080.69973947632,50,,,,ITAU,BARCL,,,
2026-03-31T01:14:41.248Z,market,trade,TESTE,100083.96586324068,180,,,,MS,CS,,,
2026-03-31T01:14:41.398Z,market,trade,TESTE,100083.22350759862,141,,,,MS,JPM,,,
2026-03-31T01:14:41.550Z,market,trade,TESTE,100077.3553137198,173,,,,GOLDM,CITI,,,
2026-03-31T01:14:41.709Z,market,trade,TESTE,100080.28345009906,139,,,,UBS,ITAU,,,
2026-03-31T01:14:41.862Z,market,trade,TESTE,100080.2171202314,104,,,,BTG,CITI,,,
2026-03-31T01:14:42.015Z,market,trade,TESTE,100089.83218730944,110,,,,UBS,CS,,,
2026-03-31T01:14:42.167Z,market,trade,TESTE,100088.6172872621,17,,,,GOLDM,ITAU,,,
2026-03-31T01:14:42.326Z,market,trade,TESTE,100079.18238921992,170,,,,GOLDM,BARCL,,,
2026-03-31T01:14:42.481Z,market,trade,TESTE,100075.782394484,135,,,,UBS,CS,,,
2026-03-31T01:14:42.632Z,market,trade,TESTE,100074.62225228861,127,,,,GOLDM,CS,,,
2026-03-31T01:14:42.783Z,market,trade,TESTE,100073.74519993918,136,,,,MS,GOLDM,,,
2026-03-31T01:14:42.942Z,market,trade,TESTE,100069.71554298497,110,,,,XP,MS,,,
2026-03-31T01:14:43.094Z,market,trade,TESTE,100080.76044941707,13,,,,ITAU,JPM,,,
2026-03-31T01:14:43.246Z,market,trade,TESTE,100068.2187857573,181,,,,GOLDM,JPM,,,
2026-03-31T01:14:43.399Z,market,trade,TESTE,100079.89664455412,38,,,,MS,BTG,,,
2026-03-31T01:14:43.550Z,market,trade,TESTE,100080.46552064415,109,,,,JPM,GOLDM,,,
2026-03-31T01:14:43.710Z,market,trade,TESTE,100073.00535687908,75,,,,JPM,CITI,,,
2026-03-31T01:14:43.863Z,market,trade,TESTE,100071.46640991124,166,,,,GOLDM,BTG,,,
2026-03-31T01:14:44.014Z,market,trade,TESTE,100072.31706158076,106,,,,UBS,MS,,,
2026-03-31T01:14:44.167Z,market,trade,TESTE,100084.90826881793,104,,,,CS,BTG,,,
2026-03-31T01:14:44.318Z,market,trade,TESTE,100089.51443992135,85,,,,XP,JPM,,,
2026-03-31T01:14:44.483Z,market,trade,TESTE,100084.78147011489,5,,,,UBS,GOLDM,,,
2026-03-31T01:14:44.645Z,market,trade,TESTE,100072.27217616889,111,,,,ITAU,UBS,,,
2026-03-31T01:14:44.799Z,market,trade,TESTE,100072.94080402762,104,,,,BARCL,XP,,,
2026-03-31T01:14:44.964Z,market,trade,TESTE,100074.87239086759,192,,,,ITAU,CITI,,,
2026-03-31T01:14:45.125Z,market,trade,TESTE,100073.93172812348,124,,,,MS,UBS,,,
2026-03-31T01:14:45.278Z,market,trade,TESTE,100070.90697266853,70,,,,XP,JPM,,,
2026-03-31T01:14:45.430Z,market,trade,TESTE,100079.20589093404,49,,,,JPM,ITAU,,,
2026-03-31T01:14:45.582Z,market,trade,TESTE,100069.28294186931,18,,,,CITI,JPM,,,
2026-03-31T01:14:45.732Z,market,trade,TESTE,100068.28470659428,133,,,,XP,BARCL,,,
2026-03-31T01:14:45.892Z,market,trade,TESTE,100071.5783798601,40,,,,GOLDM,MS,,,
2026-03-31T01:14:46.047Z,market,trade,TESTE,100075.46889053527,77,,,,MS,BARCL,,,
2026-03-31T01:14:46.198Z,market,trade,TESTE,100076.56423244374,60,,,,BTG,BARCL,,,
2026-03-31T01:14:46.349Z,market,trade,TESTE,100090.31662219268,7,,,,CS,BTG,,,
2026-03-31T01:14:46.499Z,market,trade,TESTE,100094.65555553633,39,,,,BTG,MS,,,
2026-03-31T01:14:46.661Z,market,trade,TESTE,100097.78058113909,22,,,,CITI,UBS,,,
2026-03-31T01:14:46.815Z,market,trade,TESTE,100089.08718816705,88,,,,UBS,JPM,,,
2026-03-31T01:14:46.967Z,market,trade,TESTE,100095.00278390865,113,,,,CITI,UBS,,,
2026-03-31T01:14:47.126Z,market,trade,TESTE,100089.5907249312,147,,,,GOLDM,XP,,,
2026-03-31T01:14:47.280Z,market,trade,TESTE,100101.7979504879,29,,,,BARCL,BARCL,,,
2026-03-31T01:14:47.446Z,market,trade,TESTE,100097.00681473063,45,,,,UBS,ITAU,,,
2026-03-31T01:14:47.600Z,market,trade,TESTE,100094.03751905294,71,,,,CITI,XP,,,
2026-03-31T01:14:47.767Z,market,trade,TESTE,100094.43991649195,178,,,,BARCL,XP,,,
2026-03-31T01:14:47.927Z,market,trade,TESTE,100086.05613742318,168,,,,ITAU,MS,,,
2026-03-31T01:14:48.078Z,market,trade,TESTE,100095.49897441095,149,,,,CITI,MS,,,
2026-03-31T01:14:48.229Z,market,trade,TESTE,100085.62804461765,46,,,,XP,BARCL,,,
2026-03-31T01:14:48.383Z,market,trade,TESTE,100084.66645032023,28,,,,CS,CS,,,
2026-03-31T01:14:48.534Z,market,trade,TESTE,100083.77469383813,173,,,,MS,BTG,,,
2026-03-31T01:14:48.694Z,market,trade,TESTE,100081.99391521695,92,,,,CITI,GOLDM,,,
2026-03-31T01:14:48.846Z,market,trade,TESTE,100080.81397256577,7,,,,CS,UBS,,,
2026-03-31T01:14:48.998Z,market,trade,TESTE,100078.90590944863,122,,,,XP,MS,,,
2026-03-31T01:14:49.149Z,market,trade,TESTE,100091.35490023006,188,,,,ITAU,CS,,,
2026-03-31T01:14:49.310Z,market,trade,TESTE,100094.57476181148,99,,,,CITI,BTG,,,
2026-03-31T01:14:49.463Z,market,trade,TESTE,100096.64932906536,146,,,,MS,MS,,,
2026-03-31T01:14:49.615Z,market,trade,TESTE,100090.79902072315,30,,,,BTG,GOLDM,,,
2026-03-31T01:14:49.767Z,market,trade,TESTE,100103.95775198026,152,,,,BARCL,XP,,,
2026-03-31T01:14:49.932Z,market,trade,TESTE,100107.7377680221,139,,,,BARCL,BTG,,,
2026-03-31T01:14:50.095Z,market,trade,TESTE,100103.47999115151,199,,,,JPM,GOLDM,,,
2026-03-31T01:14:50.246Z,market,trade,TESTE,100104.6109028232,181,,,,BARCL,CS,,,
2026-03-31T01:14:50.399Z,market,trade,TESTE,100101.68723089823,102,,,,MS,MS,,,
2026-03-31T01:14:50.566Z,market,trade,TESTE,100096.99651988609,22,,,,CS,CITI,,,
2026-03-31T01:14:50.725Z,market,trade,TESTE,100094.85164224984,7,,,,CS,ITAU,,,
2026-03-31T01:14:50.877Z,market,trade,TESTE,100084.12791861103,178,,,,BTG,UBS,,,
2026-03-31T01:14:51.032Z,market,trade,TESTE,100097.35304574929,23,,,,CITI,BTG,,,
2026-03-31T01:14:51.184Z,market,trade,TESTE,100091.5265197127,151,,,,UBS,XP,,,
2026-03-31T01:14:51.349Z,market,trade,TESTE,100104.174616561,46,,,,BARCL,BTG,,,
2026-03-31T01:14:51.510Z,market,trade,TESTE,100099.65718961872,110,,,,UBS,GOLDM,,,
2026-03-31T01:14:51.662Z,market,trade,TESTE,100085.88569772404,96,,,,CS,MS,,,
2026-03-31T01:14:51.815Z,market,trade,TESTE,100089.74955537662,155,,,,UBS,ITAU,,,
2026-03-31T01:14:51.967Z,market,trade,TESTE,100095.40855668989,45,,,,ITAU,CITI,,,
2026-03-31T01:14:52.127Z,market,trade,TESTE,100099.88518596838,128,,,,XP,GOLDM,,,
2026-03-31T01:14:52.279Z,market,trade,TESTE,100091.0688927782,62,,,,XP,BARCL,,,
2026-03-31T01:14:52.430Z,market,trade,TESTE,100098.73998667802,77,,,,ITAU,XP,,,
2026-03-31T01:14:52.582Z,market,trade,TESTE,100099.91530512538,189,,,,UBS,MS,,,
2026-03-31T01:14:52.734Z,market,trade,TESTE,100085.4548303938,121,,,,JPM,UBS,,,
2026-03-31T01:14:52.893Z,market,trade,TESTE,100086.45824939507,153,,,,GOLDM,BTG,,,
2026-03-31T01:14:53.048Z,market,trade,TESTE,100082.47348936368,58,,,,CITI,JPM,,,
2026-03-31T01:14:53.199Z,market,trade,TESTE,100094.74894308283,189,,,,UBS,BARCL,,,
2026-03-31T01:14:53.350Z,market,trade,TESTE,100091.50619751634,126,,,,MS,ITAU,,,
2026-03-31T01:14:53.509Z,market,trade,TESTE,100082.5007139859,109,,,,MS,CS,,,
2026-03-31T01:14:53.662Z,market,trade,TESTE,100091.96046612362,94,,,,BTG,GOLDM,,,
2026-03-31T01:14:53.815Z,market,trade,TESTE,100080.1806753087,184,,,,JPM,GOLDM,,,
2026-03-31T01:14:53.967Z,market,trade,TESTE,100089.39120450878,121,,,,GOLDM,MS,,,
2026-03-31T01:14:54.125Z,market,trade,TESTE,100079.53232137175,92,,,,XP,BARCL,,,
2026-03-31T01:14:54.279Z,market,trade,TESTE,100092.79398496755,27,,,,CS,MS,,,
2026-03-31T01:14:54.430Z,market,trade,TESTE,100085.9700288396,195,,,,XP,BTG,,,
2026-03-31T01:14:54.583Z,market,trade,TESTE,100100.39353732258,63,,,,BTG,ITAU,,,
2026-03-31T01:14:54.742Z,market,trade,TESTE,100102.17537643555,164,,,,UBS,BTG,,,
2026-03-31T01:14:54.894Z,market,trade,TESTE,100103.35707374116,82,,,,JPM,ITAU,,,
2026-03-31T01:14:55.046Z,market,trade,TESTE,100091.87854758618,19,,,,JPM,BARCL,,,
2026-03-31T01:14:55.200Z,market,trade,TESTE,100095.26104786685,14,,,,JPM,UBS,,,
2026-03-31T01:14:55.367Z,market,trade,TESTE,100100.00788655759,31,,,,JPM,CS,,,
2026-03-31T01:14:55.532Z,market,trade,TESTE,100106.52012314313,84,,,,CITI,GOLDM,,,
2026-03-31T01:14:55.695Z,market,trade,TESTE,100095.05023240822,27,,,,BTG,JPM,,,
2026-03-31T01:14:55.847Z,market,trade,TESTE,100097.59911380657,42,,,,JPM,BTG,,,
2026-03-31T01:14:55.998Z,market,trade,TESTE,100098.41298934775,146,,,,CITI,CS,,,
2026-03-31T01:14:56.164Z,market,trade,TESTE,100106.26113202285,30,,,,CS,MS,,,
2026-03-31T01:14:56.325Z,market,trade,TESTE,100098.44784925072,12,,,,MS,BTG,,,
2026-03-31T01:14:56.478Z,market,trade,TESTE,100100.18319610019,150,,,,BARCL,CS,,,
2026-03-31T01:14:56.632Z,market,trade,TESTE,100102.48026250434,90,,,,ITAU,CS,,,
2026-03-31T01:14:56.783Z,market,trade,TESTE,100108.34281122431,170,,,,XP,XP,,,
2026-03-31T01:14:56.934Z,market,trade,TESTE,100109.39559876239,181,,,,MS,GOLDM,,,
2026-03-31T01:14:57.094Z,market,trade,TESTE,100106.08049545936,59,,,,UBS,BTG,,,
2026-03-31T01:14:57.246Z,market,trade,TESTE,100092.66417816271,199,,,,MS,MS,,,
2026-03-31T01:14:57.399Z,market,trade,TESTE,100093.9043194024,184,,,,UBS,ITAU,,,
2026-03-31T01:14:57.567Z,market,trade,TESTE,100098.00455018572,87,,,,BTG,ITAU,,,
2026-03-31T01:14:57.727Z,market,trade,TESTE,100102.89905859428,133,,,,JPM,GOLDM,,,
2026-03-31T01:14:57.879Z,market,trade,TESTE,100101.34681106791,61,,,,ITAU,CITI,,,
2026-03-31T01:14:58.032Z,market,trade,TESTE,100097.97346949736,50,,,,GOLDM,JPM,,,
2026-03-31T01:14:58.183Z,market,trade,TESTE,100106.15013627191,144,,,,CITI,UBS,,,
2026-03-31T01:14:58.340Z,market,trade,TESTE,100097.8842385198,94,,,,CS,CS,,,
2026-03-31T01:14:58.494Z,market,trade,TESTE,100099.60915781307,172,,,,UBS,CITI,,,
2026-03-31T01:14:58.648Z,market,trade,TESTE,100107.71477743093,100,,,,UBS,CS,,,
2026-03-31T01:14:58.799Z,market,trade,TESTE,100099.41356193226,180,,,,JPM,MS,,,
2026-03-31T01:14:58.967Z,market,trade,TESTE,100099.84651392934,184,,,,UBS,UBS,,,
2026-03-31T01:14:59.126Z,market,trade,TESTE,100097.59113760693,82,,,,BARCL,JPM,,,
2026-03-31T01:14:59.279Z,market,trade,TESTE,100107.11678377345,93,,,,ITAU,BTG,,,
2026-03-31T01:14:59.430Z,market,trade,TESTE,100110.11906203766,78,,,,UBS,UBS,,,
2026-03-31T01:14:59.583Z,market,trade,TESTE,100102.34571546392,190,,,,GOLDM,BTG,,,
2026-03-31T01:14:59.734Z,market,trade,TESTE,100116.14605694632,67,,,,MS,XP,,,
2026-03-31T01:14:59.894Z,market,trade,TESTE,100108.87141260493,29,,,,BTG,BARCL,,,
2026-03-31T01:15:00.050Z,market,trade,TESTE,100122.12461203849,126,,,,JPM,CITI,,,
2026-03-31T01:15:00.215Z,market,trade,TESTE,100127.09103249284,15,,,,ITAU,JPM,,,
2026-03-31T01:15:00.366Z,market,trade,TESTE,100122.32868904676,184,,,,BTG,BTG,,,
2026-03-31T01:15:00.526Z,market,trade,TESTE,100120.8635781878,179,,,,MS,CITI,,,
2026-03-31T01:15:00.681Z,market,trade,TESTE,100123.89256893759,58,,,,GOLDM,JPM,,,
2026-03-31T01:15:00.847Z,market,trade,TESTE,100111.07197008622,54,,,,CS,GOLDM,,,
2026-03-31T01:15:00.999Z,market,trade,TESTE,100124.99881312963,79,,,,XP,BARCL,,,
2026-03-31T01:15:01.167Z,market,trade,TESTE,100126.08685572885,175,,,,MS,GOLDM,,,
2026-03-31T01:15:01.325Z,market,trade,TESTE,100123.74454591202,180,,,,BARCL,ITAU,,,
2026-03-31T01:15:01.478Z,market,trade,TESTE,100125.61771533663,88,,,,MS,ITAU,,,
2026-03-31T01:15:01.632Z,market,trade,TESTE,100121.4721431631,135,,,,BTG,BARCL,,,
2026-03-31T01:15:01.798Z,market,trade,TESTE,100111.68881556485,19,,,,BARCL,MS,,,
2026-03-31T01:15:01.949Z,market,trade,TESTE,100125.55861746137,72,,,,CS,XP,,,
2026-03-31T01:15:02.110Z,market,trade,TESTE,100128.30174167264,36,,,,CS,JPM,,,
2026-03-31T01:15:02.262Z,market,trade,TESTE,100129.7290824328,124,,,,UBS,XP,,,
2026-03-31T01:15:02.415Z,market,trade,TESTE,100118.65163489524,60,,,,BTG,BARCL,,,
2026-03-31T01:15:02.566Z,market,trade,TESTE,100129.75182842065,23,,,,BTG,CS,,,
2026-03-31T01:15:02.730Z,market,trade,TESTE,100127.789993344,78,,,,JPM,UBS,,,
2026-03-31T01:15:02.893Z,market,trade,TESTE,100120.84412107097,149,,,,CITI,ITAU,,,
2026-03-31T01:15:03.047Z,market,trade,TESTE,100124.38025184533,59,,,,CS,CS,,,
2026-03-31T01:15:03.200Z,market,trade,TESTE,100139.0974054775,118,,,,JPM,CS,,,
2026-03-31T01:15:03.366Z,market,trade,TESTE,100135.682191811,126,,,,UBS,GOLDM,,,
2026-03-31T01:15:03.525Z,market,trade,TESTE,100127.88844455309,68,,,,BARCL,XP,,,
2026-03-31T01:15:03.682Z,market,trade,TESTE,100129.28946137184,141,,,,XP,XP,,,
2026-03-31T01:15:03.847Z,market,trade,TESTE,100124.32682258361,26,,,,GOLDM,XP,,,
2026-03-31T01:15:03.997Z,market,trade,TESTE,100121.73572862426,163,,,,XP,UBS,,,
2026-03-31T01:15:04.149Z,market,trade,TESTE,100120.1090936284,186,,,,JPM,CS,,,
2026-03-31T01:15:04.309Z,market,trade,TESTE,100134.0293681619,104,,,,CITI,CS,,,
2026-03-31T01:15:04.461Z,market,trade,TESTE,100119.85648662302,97,,,,MS,ITAU,,,
2026-03-31T01:15:04.615Z,market,trade,TESTE,100119.79139629446,84,,,,MS,XP,,,
2026-03-31T01:15:04.766Z,market,trade,TESTE,100119.38542599151,56,,,,GOLDM,ITAU,,,
2026-03-31T01:15:04.924Z,market,trade,TESTE,100131.42840711148,82,,,,BARCL,CS,,,
2026-03-31T01:15:05.075Z,market,trade,TESTE,100131.35732088763,104,,,,ITAU,ITAU,,,
2026-03-31T01:15:05.231Z,market,trade,TESTE,100133.69250492775,111,,,,CS,JPM,,,
2026-03-31T01:15:05.382Z,market,trade,TESTE,100137.42601195331,28,,,,UBS,BARCL,,,
2026-03-31T01:15:05.534Z,market,trade,TESTE,100140.94371874475,14,,,,CITI,CITI,,,
2026-03-31T01:15:05.699Z,market,trade,TESTE,100142.21426980871,31,,,,XP,BARCL,,,
2026-03-31T01:15:05.862Z,market,trade,TESTE,100143.48173287966,49,,,,GOLDM,JPM,,,
2026-03-31T01:15:06.015Z,market,trade,TESTE,100145.5512725035,96,,,,CS,ITAU,,,
2026-03-31T01:15:06.167Z,market,trade,TESTE,100139.44761588401,141,,,,GOLDM,BTG,,,
2026-03-31T01:15:06.327Z,market,trade,TESTE,100134.90648819588,176,,,,BARCL,ITAU,,,
2026-03-31T01:15:06.477Z,market,trade,TESTE,100135.28187165846,123,,,,MS,GOLDM,,,
2026-03-31T01:15:06.631Z,market,trade,TESTE,100134.8767965831,53,,,,MS,CITI,,,
2026-03-31T01:15:06.782Z,market,trade,TESTE,100131.24313661644,145,,,,XP,CITI,,,
2026-03-31T01:15:06.933Z,market,trade,TESTE,100129.01100716583,180,,,,GOLDM,XP,,,
2026-03-31T01:15:07.094Z,market,trade,TESTE,100137.49419646732,27,,,,CS,BTG,,,
2026-03-31T01:15:07.247Z,market,trade,TESTE,100122.692379712,51,,,,GOLDM,UBS,,,
2026-03-31T01:15:07.398Z,market,trade,TESTE,100119.93976243954,38,,,,GOLDM,BTG,,,
2026-03-31T01:15:07.549Z,market,trade,TESTE,100132.60136114125,37,,,,XP,CITI,,,
2026-03-31T01:15:07.699Z,market,trade,TESTE,100127.86836449757,114,,,,GOLDM,ITAU,,,
2026-03-31T01:15:07.862Z,market,trade,TESTE,100115.82987950183,69,,,,BTG,CS,,,
2026-03-31T01:15:08.013Z,market,trade,TESTE,100120.90649540926,60,,,,BARCL,ITAU,,,
2026-03-31T01:15:08.167Z,market,trade,TESTE,100118.96752473495,97,,,,BTG,GOLDM,,,
2026-03-31T01:15:08.326Z,market,trade,TESTE,100123.13717376787,187,,,,JPM,CS,,,
2026-03-31T01:15:08.478Z,market,trade,TESTE,100128.00337099112,89,,,,UBS,XP,,,
2026-03-31T01:15:08.629Z,market,trade,TESTE,100116.25572174041,75,,,,BTG,BARCL,,,
2026-03-31T01:15:08.782Z,market,trade,TESTE,100115.37382702468,52,,,,MS,CS,,,
2026-03-31T01:15:08.948Z,market,trade,TESTE,100119.96768011598,149,,,,ITAU,BTG,,,
2026-03-31T01:15:09.108Z,market,trade,TESTE,100133.54844722022,49,,,,JPM,BARCL,,,
2026-03-31T01:15:09.262Z,market,trade,TESTE,100119.82167920464,119,,,,BARCL,UBS,,,
2026-03-31T01:15:09.414Z,market,trade,TESTE,100128.85859250366,17,,,,GOLDM,BARCL,,,
2026-03-31T01:15:09.567Z,market,trade,TESTE,100115.12772647614,132,,,,UBS,GOLDM,,,
2026-03-31T01:15:09.732Z,market,trade,TESTE,100123.68248523827,73,,,,JPM,JPM,,,
2026-03-31T01:15:09.893Z,market,trade,TESTE,100110.59886438095,75,,,,BTG,CITI,,,
2026-03-31T01:15:10.047Z,market,trade,TESTE,100120.43529131354,34,,,,BARCL,BTG,,,
2026-03-31T01:15:10.199Z,market,trade,TESTE,100113.87476434292,108,,,,CITI,BARCL,,,
2026-03-31T01:15:10.349Z,market,trade,TESTE,100125.12867859245,167,,,,BARCL,UBS,,,
2026-03-31T01:15:10.509Z,market,trade,TESTE,100123.81201336201,20,,,,CITI,GOLDM,,,
2026-03-31T01:15:10.661Z,market,trade,TESTE,100109.74082931547,104,,,,ITAU,XP,,,
2026-03-31T01:15:10.812Z,market,trade,TESTE,100112.05940570633,187,,,,JPM,JPM,,,
2026-03-31T01:15:10.967Z,market,trade,TESTE,100114.08839540789,121,,,,JPM,BTG,,,
2026-03-31T01:15:11.126Z,market,trade,TESTE,100127.66138051075,107,,,,JPM,JPM,,,
2026-03-31T01:15:11.277Z,market,trade,TESTE,100114.27811619476,110,,,,ITAU,CS,,,
2026-03-31T01:15:11.430Z,market,trade,TESTE,100110.18508267897,51,,,,CS,UBS,,,
2026-03-31T01:15:11.582Z,market,trade,TESTE,100120.73455362937,35,,,,MS,JPM,,,
2026-03-31T01:15:11.733Z,market,trade,TESTE,100125.72670723287,116,,,,ITAU,MS,,,
2026-03-31T01:15:11.895Z,market,trade,TESTE,100116.73835233337,169,,,,BARCL,CS,,,
2026-03-31T01:15:12.046Z,market,trade,TESTE,100113.43264751008,62,,,,ITAU,XP,,,
2026-03-31T01:15:12.199Z,market,trade,TESTE,100115.1472570873,42,,,,UBS,UBS,,,
2026-03-31T01:15:12.367Z,market,trade,TESTE,100128.95099311485,117,,,,BTG,CS,,,
2026-03-31T01:15:12.524Z,market,trade,TESTE,100129.50207084519,99,,,,CS,ITAU,,,
2026-03-31T01:15:12.677Z,market,trade,TESTE,100131.99912745002,194,,,,CITI,MS,,,
2026-03-31T01:15:12.829Z,market,trade,TESTE,100125.37131460209,164,,,,JPM,GOLDM,,,
2026-03-31T01:15:12.983Z,market,trade,TESTE,100125.45103336446,51,,,,JPM,BARCL,,,
2026-03-31T01:15:13.140Z,market,trade,TESTE,100131.2476592265,108,,,,BARCL,JPM,,,
2026-03-31T01:15:13.295Z,market,trade,TESTE,100118.63239016852,72,,,,JPM,UBS,,,
2026-03-31T01:15:13.446Z,market,trade,TESTE,100121.61091479231,69,,,,BTG,GOLDM,,,
2026-03-31T01:15:13.599Z,market,trade,TESTE,100136.02731480137,109,,,,UBS,GOLDM,,,
2026-03-31T01:15:13.758Z,market,trade,TESTE,100128.64589893908,101,,,,CITI,GOLDM,,,
2026-03-31T01:15:13.909Z,market,trade,TESTE,100140.76240253652,6,,,,GOLDM,ITAU,,,
2026-03-31T01:15:14.063Z,market,trade,TESTE,100144.19338570142,36,,,,XP,BARCL,,,
2026-03-31T01:15:14.215Z,market,trade,TESTE,100143.20944982828,76,,,,CITI,BTG,,,
2026-03-31T01:15:14.367Z,market,trade,TESTE,100140.39337908456,87,,,,CITI,BTG,,,
2026-03-31T01:15:14.527Z,market,trade,TESTE,100139.6538843948,135,,,,XP,GOLDM,,,
2026-03-31T01:15:14.678Z,market,trade,TESTE,100126.8376864818,158,,,,BARCL,MS,,,
2026-03-31T01:15:14.832Z,market,trade,TESTE,100122.41463894752,97,,,,ITAU,MS,,,
2026-03-31T01:15:14.983Z,market,trade,TESTE,100131.41808545616,92,,,,BTG,GOLDM,,,
2026-03-31T01:15:15.134Z,market,trade,TESTE,100133.8739940442,14,,,,GOLDM,CS,,,
2026-03-31T01:15:15.292Z,market,trade,TESTE,100123.43581147541,103,,,,CITI,ITAU,,,
2026-03-31T01:15:15.447Z,market,trade,TESTE,100126.5002238027,8,,,,BTG,XP,,,
2026-03-31T01:15:15.599Z,market,trade,TESTE,100137.68213276705,26,,,,ITAU,CS,,,
2026-03-31T01:15:15.765Z,market,trade,TESTE,100125.24622197081,82,,,,MS,GOLDM,,,
2026-03-31T01:15:15.926Z,market,trade,TESTE,100131.41181283852,141,,,,UBS,UBS,,,
2026-03-31T01:15:16.077Z,market,trade,TESTE,100125.3846378959,35,,,,BARCL,ITAU,,,
2026-03-31T01:15:16.231Z,market,trade,TESTE,100123.28889282458,109,,,,ITAU,BTG,,,
2026-03-31T01:15:16.382Z,market,trade,TESTE,100137.5516986439,67,,,,XP,GOLDM,,,
2026-03-31T01:15:16.534Z,market,trade,TESTE,100131.4353542528,179,,,,BTG,BARCL,,,
2026-03-31T01:15:16.694Z,market,trade,TESTE,100135.64514597617,139,,,,JPM,BARCL,,,
2026-03-31T01:15:16.848Z,market,trade,TESTE,100144.20216181116,181,,,,MS,MS,,,
2026-03-31T01:15:16.998Z,market,trade,TESTE,100139.9784984099,51,,,,BTG,BARCL,,,
2026-03-31T01:15:17.149Z,market,trade,TESTE,100136.3401385766,134,,,,CS,ITAU,,,
2026-03-31T01:15:17.308Z,market,trade,TESTE,100140.4277613835,118,,,,UBS,MS,,,
2026-03-31T01:15:17.463Z,market,trade,TESTE,100140.2656864136,57,,,,MS,UBS,,,
2026-03-31T01:15:17.616Z,market,trade,TESTE,100128.95998446284,154,,,,ITAU,MS,,,
2026-03-31T01:15:17.767Z,market,trade,TESTE,100137.69729087982,180,,,,BTG,BARCL,,,
2026-03-31T01:15:17.926Z,market,trade,TESTE,100137.58070686179,160,,,,UBS,BTG,,,
2026-03-31T01:15:18.078Z,market,trade,TESTE,100131.04088835075,124,,,,CITI,CITI,,,
2026-03-31T01:15:18.230Z,market,trade,TESTE,100141.35637024276,83,,,,MS,UBS,,,
2026-03-31T01:15:18.395Z,market,trade,TESTE,100130.72269760622,130,,,,ITAU,JPM,,,
2026-03-31T01:15:18.550Z,market,trade,TESTE,100144.10492696866,30,,,,JPM,UBS,,,
2026-03-31T01:15:18.712Z,market,trade,TESTE,100134.62906050937,7,,,,GOLDM,CITI,,,
2026-03-31T01:15:18.865Z,market,trade,TESTE,100134.04176239076,29,,,,JPM,BARCL,,,
2026-03-31T01:15:19.016Z,market,trade,TESTE,100132.84274628574,118,,,,JPM,CITI,,,
2026-03-31T01:15:19.167Z,market,trade,TESTE,100139.19324893582,189,,,,XP,BARCL,,,
2026-03-31T01:15:19.319Z,market,trade,TESTE,100141.3232992382,156,,,,CITI,XP,,,
2026-03-31T01:15:19.479Z,market,trade,TESTE,100135.1485920952,102,,,,BTG,ITAU,,,
2026-03-31T01:15:19.630Z,market,trade,TESTE,100134.82916806037,64,,,,ITAU,CS,,,
2026-03-31T01:15:19.783Z,market,trade,TESTE,100140.35624736933,95,,,,CS,GOLDM,,,
2026-03-31T01:15:19.934Z,market,trade,TESTE,100125.53791236818,11,,,,ITAU,MS,,,
2026-03-31T01:15:20.094Z,market,trade,TESTE,100125.84087528057,141,,,,CS,XP,,,
2026-03-31T01:15:20.245Z,market,trade,TESTE,100140.44615262405,81,,,,BTG,UBS,,,
2026-03-31T01:15:20.399Z,market,trade,TESTE,100143.46448896664,188,,,,XP,GOLDM,,,
2026-03-31T01:15:20.566Z,market,trade,TESTE,100130.92070561746,117,,,,UBS,UBS,,,
2026-03-31T01:15:20.717Z,market,trade,TESTE,100140.12907107547,30,,,,BTG,BARCL,,,
2026-03-31T01:15:20.880Z,market,trade,TESTE,100126.22306597464,175,,,,XP,MS,,,
2026-03-31T01:15:21.046Z,market,trade,TESTE,100135.4050079668,58,,,,ITAU,UBS,,,
2026-03-31T01:15:21.198Z,market,trade,TESTE,100135.69119911734,33,,,,CS,JPM,,,
2026-03-31T01:15:21.363Z,market,trade,TESTE,100126.80875564361,14,,,,MS,XP,,,
2026-03-31T01:15:21.525Z,market,trade,TESTE,100141.3780309039,28,,,,BARCL,XP,,,
2026-03-31T01:15:21.678Z,market,trade,TESTE,100136.9233648564,98,,,,ITAU,CITI,,,
2026-03-31T01:15:21.832Z,market,trade,TESTE,100134.9103619186,164,,,,CS,UBS,,,
2026-03-31T01:15:21.983Z,market,trade,TESTE,100123.47693896745,194,,,,MS,MS,,,
2026-03-31T01:15:22.134Z,market,trade,TESTE,100129.61534122056,80,,,,UBS,BTG,,,
2026-03-31T01:15:22.294Z,market,trade,TESTE,100133.11799578456,49,,,,CITI,GOLDM,,,
2026-03-31T01:15:22.447Z,market,trade,TESTE,100120.0457388233,73,,,,BTG,CS,,,
2026-03-31T01:15:22.599Z,market,trade,TESTE,100115.78709014316,199,,,,BARCL,ITAU,,,
2026-03-31T01:15:22.749Z,market,trade,TESTE,100127.99169472748,166,,,,CS,GOLDM,,,
2026-03-31T01:15:22.914Z,market,trade,TESTE,100123.91170533569,159,,,,ITAU,CS,,,
2026-03-31T01:15:23.078Z,market,trade,TESTE,100124.13155131463,112,,,,XP,CS,,,
2026-03-31T01:15:23.231Z,market,trade,TESTE,100123.64329121202,164,,,,ITAU,UBS,,,
2026-03-31T01:15:23.382Z,market,trade,TESTE,100127.76987642325,170,,,,MS,JPM,,,
2026-03-31T01:15:23.534Z,market,trade,TESTE,100130.5285867805,47,,,,BARCL,BARCL,,,
2026-03-31T01:15:23.694Z,market,trade,TESTE,100119.66383781057,164,,,,BTG,CS,,,
2026-03-31T01:15:23.846Z,market,trade,TESTE,100128.00382795947,36,,,,JPM,BARCL,,,
2026-03-31T01:15:23.997Z,market,trade,TESTE,100132.83452393298,134,,,,XP,UBS,,,
2026-03-31T01:15:24.150Z,market,trade,TESTE,100123.97223405258,72,,,,CITI,CITI,,,
2026-03-31T01:15:24.311Z,market,trade,TESTE,100133.03883287618,70,,,,BARCL,CITI,,,
2026-03-31T01:15:24.463Z,market,trade,TESTE,100121.1363767646,167,,,,XP,MS,,,
2026-03-31T01:15:24.615Z,market,trade,TESTE,100124.01935197398,132,,,,BARCL,CS,,,
2026-03-31T01:15:24.767Z,market,trade,TESTE,100121.31859011705,139,,,,BARCL,JPM,,,
2026-03-31T01:15:24.931Z,market,trade,TESTE,100127.27828098397,97,,,,GOLDM,JPM,,,
2026-03-31T01:15:25.093Z,market,trade,TESTE,100129.68449623541,146,,,,ITAU,MS,,,
2026-03-31T01:15:25.245Z,market,trade,TESTE,100126.5284709753,114,,,,CS,CITI,,,
2026-03-31T01:15:25.400Z,market,trade,TESTE,100118.53682765143,70,,,,BARCL,BTG,,,
2026-03-31T01:15:25.567Z,market,trade,TESTE,100121.28832568001,173,,,,CITI,MS,,,
2026-03-31T01:15:25.726Z,market,trade,TESTE,100130.40737434677,180,,,,BARCL,BTG,,,
2026-03-31T01:15:25.883Z,market,trade,TESTE,100128.49997164536,83,,,,ITAU,JPM,,,
2026-03-31T01:15:26.044Z,market,trade,TESTE,100133.15365455492,117,,,,CS,GOLDM,,,
2026-03-31T01:15:26.200Z,market,trade,TESTE,100123.71472368728,136,,,,UBS,XP,,,
2026-03-31T01:15:26.367Z,market,trade,TESTE,100136.87970405728,177,,,,UBS,ITAU,,,
2026-03-31T01:15:26.527Z,market,trade,TESTE,100140.52684804039,100,,,,BTG,XP,,,
2026-03-31T01:15:26.693Z,market,trade,TESTE,100132.54050283252,140,,,,BTG,CS,,,
2026-03-31T01:15:26.845Z,market,trade,TESTE,100130.25026124291,139,,,,BTG,MS,,,
2026-03-31T01:15:26.998Z,market,trade,TESTE,100140.50739686601,30,,,,GOLDM,MS,,,
2026-03-31T01:15:27.149Z,market,trade,TESTE,100138.04568468178,154,,,,XP,BTG,,,
2026-03-31T01:15:27.310Z,market,trade,TESTE,100130.65817294244,37,,,,MS,CITI,,,
2026-03-31T01:15:27.462Z,market,trade,TESTE,100144.69312093713,103,,,,UBS,JPM,,,
2026-03-31T01:15:27.614Z,market,trade,TESTE,100136.92070000852,163,,,,JPM,XP,,,
2026-03-31T01:15:27.766Z,market,trade,TESTE,100133.14707393994,46,,,,BARCL,ITAU,,,
2026-03-31T01:15:27.932Z,market,trade,TESTE,100135.22035727705,31,,,,XP,GOLDM,,,
2026-03-31T01:15:28.097Z,market,trade,TESTE,100139.93341385068,180,,,,CS,CITI,,,
2026-03-31T01:15:28.247Z,market,trade,TESTE,100141.54935989786,66,,,,ITAU,BTG,,,
2026-03-31T01:15:28.399Z,market,trade,TESTE,100143.38561566161,95,,,,BTG,BTG,,,
2026-03-31T01:15:28.550Z,market,trade,TESTE,100148.64058723798,108,,,,CITI,XP,,,
2026-03-31T01:15:28.709Z,market,trade,TESTE,100135.43465669012,128,,,,BTG,CS,,,
2026-03-31T01:15:28.867Z,market,trade,TESTE,100148.85982616681,169,,,,ITAU,CITI,,,
2026-03-31T01:15:29.031Z,market,trade,TESTE,100134.93391175642,143,,,,ITAU,MS,,,
2026-03-31T01:15:29.183Z,market,trade,TESTE,100137.61314238448,65,,,,UBS,BARCL,,,
2026-03-31T01:15:29.343Z,market,trade,TESTE,100149.45208861044,55,,,,JPM,ITAU,,,
2026-03-31T01:15:29.494Z,market,trade,TESTE,100147.67512426556,64,,,,GOLDM,JPM,,,
2026-03-31T01:15:29.647Z,market,trade,TESTE,100140.99410733827,155,,,,GOLDM,XP,,,
2026-03-31T01:15:29.798Z,market,trade,TESTE,100142.87435562917,50,,,,UBS,BARCL,,,
2026-03-31T01:15:29.950Z,market,trade,TESTE,100139.96476765585,40,,,,XP,GOLDM,,,
2026-03-31T01:15:30.108Z,market,trade,TESTE,100135.56358681776,58,,,,MS,BARCL,,,
2026-03-31T01:15:30.262Z,market,trade,TESTE,100149.8119074675,139,,,,CITI,BTG,,,
2026-03-31T01:15:30.415Z,market,trade,TESTE,100154.36646644682,136,,,,ITAU,XP,,,
2026-03-31T01:15:30.567Z,market,trade,TESTE,100151.64519389924,118,,,,ITAU,CS,,,
2026-03-31T01:15:30.726Z,market,trade,TESTE,100148.89141901945,179,,,,BTG,GOLDM,,,
2026-03-31T01:15:30.879Z,market,trade,TESTE,100153.4876862561,70,,,,MS,MS,,,
2026-03-31T01:15:31.032Z,market,trade,TESTE,100142.20463597176,164,,,,UBS,MS,,,
2026-03-31T01:15:31.183Z,market,trade,TESTE,100148.00175127914,51,,,,XP,MS,,,
2026-03-31T01:15:31.333Z,market,trade,TESTE,100149.51680243902,116,,,,UBS,BARCL,,,
2026-03-31T01:15:31.493Z,market,trade,TESTE,100154.19168000999,33,,,,CS,XP,,,
2026-03-31T01:15:31.647Z,market,trade,TESTE,100159.01278611079,50,,,,GOLDM,BARCL,,,
2026-03-31T01:15:31.799Z,market,trade,TESTE,100153.58737895828,179,,,,UBS,UBS,,,
2026-03-31T01:15:31.950Z,market,trade,TESTE,100168.58538375358,199,,,,CITI,JPM,,,
2026-03-31T01:15:32.111Z,market,trade,TESTE,100159.78253437755,129,,,,ITAU,GOLDM,,,
2026-03-31T01:15:32.263Z,market,trade,TESTE,100162.50305667045,84,,,,JPM,BTG,,,
2026-03-31T01:15:32.415Z,market,trade,TESTE,100168.4332482205,75,,,,UBS,ITAU,,,
2026-03-31T01:15:32.567Z,market,trade,TESTE,100171.18339515233,142,,,,UBS,XP,,,
2026-03-31T01:15:32.726Z,market,trade,TESTE,100168.49925460105,101,,,,BARCL,GOLDM,,,
2026-03-31T01:15:32.878Z,market,trade,TESTE,100157.34943164773,143,,,,ITAU,JPM,,,
2026-03-31T01:15:33.031Z,market,trade,TESTE,100163.54800497578,116,,,,ITAU,CS,,,
2026-03-31T01:15:33.181Z,market,trade,TESTE,100161.76330222609,75,,,,UBS,MS,,,
2026-03-31T01:15:33.340Z,market,trade,TESTE,100160.12643195922,155,,,,MS,BTG,,,
2026-03-31T01:15:33.494Z,market,trade,TESTE,100161.93234479343,77,,,,GOLDM,BARCL,,,
2026-03-31T01:15:33.646Z,market,trade,TESTE,100159.421056982,121,,,,GOLDM,XP,,,
2026-03-31T01:15:33.799Z,market,trade,TESTE,100157.20185143565,101,,,,BTG,BTG,,,
2026-03-31T01:15:33.967Z,market,trade,TESTE,100144.33829459586,78,,,,CS,MS,,,
2026-03-31T01:15:34.124Z,market,trade,TESTE,100139.35715504685,142,,,,UBS,BTG,,,
2026-03-31T01:15:34.279Z,market,trade,TESTE,100153.79739892203,85,,,,BARCL,XP,,,
2026-03-31T01:15:34.430Z,market,trade,TESTE,100155.69752576342,88,,,,BARCL,CITI,,,
2026-03-31T01:15:34.583Z,market,trade,TESTE,100141.79296818208,112,,,,CITI,CS,,,
2026-03-31T01:15:34.734Z,market,trade,TESTE,100153.35884548385,32,,,,BTG,BTG,,,
2026-03-31T01:15:34.895Z,market,trade,TESTE,100155.82534041347,114,,,,CS,GOLDM,,,
2026-03-31T01:15:35.045Z,market,trade,TESTE,100148.80216436746,53,,,,MS,UBS,,,
2026-03-31T01:15:35.199Z,market,trade,TESTE,100152.36311741995,8,,,,ITAU,UBS,,,
2026-03-31T01:15:35.349Z,market,trade,TESTE,100149.11927157377,9,,,,BTG,GOLDM,,,
2026-03-31T01:15:35.505Z,market,trade,TESTE,100162.81946497716,45,,,,CITI,ITAU,,,
2026-03-31T01:15:35.663Z,market,trade,TESTE,100154.10078215848,100,,,,BTG,XP,,,
2026-03-31T01:15:35.814Z,market,trade,TESTE,100153.69698008937,148,,,,GOLDM,JPM,,,
2026-03-31T01:15:35.965Z,market,trade,TESTE,100155.05558212078,152,,,,GOLDM,CS,,,
2026-03-31T01:15:36.116Z,market,trade,TESTE,100158.22190355239,197,,,,GOLDM,UBS,,,
2026-03-31T01:15:36.278Z,market,trade,TESTE,100161.90220923752,97,,,,UBS,BTG,,,
2026-03-31T01:15:36.431Z,market,trade,TESTE,100170.98472877998,16,,,,ITAU,XP,,,
2026-03-31T01:15:36.583Z,market,trade,TESTE,100172.9728667768,23,,,,XP,BTG,,,
2026-03-31T01:15:36.734Z,market,trade,TESTE,100172.01966119352,186,,,,UBS,GOLDM,,,
2026-03-31T01:15:36.894Z,market,trade,TESTE,100159.59328965853,84,,,,BARCL,BTG,,,
2026-03-31T01:15:37.048Z,market,trade,TESTE,100166.8643718385,126,,,,CITI,ITAU,,,
2026-03-31T01:15:37.198Z,market,trade,TESTE,100169.50755112212,111,,,,GOLDM,XP,,,
2026-03-31T01:15:37.349Z,market,trade,TESTE,100171.78924270402,25,,,,MS,CITI,,,
2026-03-31T01:15:37.509Z,market,trade,TESTE,100176.36751949065,86,,,,MS,BTG,,,
2026-03-31T01:15:37.662Z,market,trade,TESTE,100169.73352548109,159,,,,UBS,GOLDM,,,
2026-03-31T01:15:37.815Z,market,trade,TESTE,100181.86352300881,124,,,,UBS,BTG,,,
2026-03-31T01:15:37.965Z,market,trade,TESTE,100170.34396217337,48,,,,XP,CS,,,
2026-03-31T01:15:38.125Z,market,trade,TESTE,100177.80260865105,70,,,,MS,GOLDM,,,
2026-03-31T01:15:38.278Z,market,trade,TESTE,100171.23326162138,62,,,,CITI,GOLDM,,,
2026-03-31T01:15:38.430Z,market,trade,TESTE,100177.82531228855,74,,,,CS,JPM,,,
2026-03-31T01:15:38.583Z,market,trade,TESTE,100178.83962344672,151,,,,BARCL,UBS,,,
2026-03-31T01:15:38.734Z,market,trade,TESTE,100178.43775122885,45,,,,BTG,UBS,,,
2026-03-31T01:15:38.895Z,market,trade,TESTE,100172.57287264893,189,,,,GOLDM,CITI,,,
2026-03-31T01:15:39.049Z,market,trade,TESTE,100172.33284679135,18,,,,BTG,ITAU,,,
2026-03-31T01:15:39.215Z,market,trade,TESTE,100180.43913219382,74,,,,CS,UBS,,,
2026-03-31T01:15:39.367Z,market,trade,TESTE,100177.47815523633,196,,,,JPM,CS,,,
2026-03-31T01:15:39.526Z,market,trade,TESTE,100174.28906424477,177,,,,JPM,JPM,,,
2026-03-31T01:15:39.680Z,market,trade,TESTE,100171.01583565501,195,,,,UBS,MS,,,
2026-03-31T01:15:39.831Z,market,trade,TESTE,100175.59506971351,9,,,,BTG,GOLDM,,,
2026-03-31T01:15:39.983Z,market,trade,TESTE,100164.29850227876,125,,,,CITI,BARCL,,,
2026-03-31T01:15:40.148Z,market,trade,TESTE,100165.2144049079,156,,,,XP,CS,,,
2026-03-31T01:15:40.311Z,market,trade,TESTE,100177.55817858594,108,,,,CITI,BARCL,,,
2026-03-31T01:15:40.477Z,market,trade,TESTE,100167.30287685766,69,,,,GOLDM,CS,,,
2026-03-31T01:15:40.631Z,market,trade,TESTE,100181.40132120675,32,,,,JPM,ITAU,,,
2026-03-31T01:15:40.783Z,market,trade,TESTE,100176.4711135043,89,,,,ITAU,ITAU,,,
2026-03-31T01:15:40.949Z,market,trade,TESTE,100172.22234886512,184,,,,XP,UBS,,,
2026-03-31T01:15:41.112Z,market,trade,TESTE,100157.94329806448,104,,,,BARCL,MS,,,
2026-03-31T01:15:41.278Z,market,trade,TESTE,100164.17953914103,149,,,,GOLDM,BTG,,,
2026-03-31T01:15:41.429Z,market,trade,TESTE,100160.38737507182,27,,,,CITI,BTG,,,
2026-03-31T01:15:41.583Z,market,trade,TESTE,100146.13205398379,164,,,,MS,GOLDM,,,
2026-03-31T01:15:41.749Z,market,trade,TESTE,100142.42795513866,152,,,,UBS,MS,,,
2026-03-31T01:15:41.909Z,market,trade,TESTE,100150.00234505665,22,,,,UBS,UBS,,,
2026-03-31T01:15:42.065Z,market,trade,TESTE,100143.11177709009,167,,,,BARCL,BTG,,,
2026-03-31T01:15:42.231Z,market,trade,TESTE,100143.49072297702,178,,,,MS,BTG,,,
2026-03-31T01:15:42.383Z,market,trade,TESTE,100142.69768695088,16,,,,MS,UBS,,,
2026-03-31T01:15:42.534Z,market,trade,TESTE,100142.99052423098,70,,,,BTG,UBS,,,
2026-03-31T01:15:42.693Z,market,trade,TESTE,100139.7969755987,51,,,,MS,ITAU,,,
2026-03-31T01:15:42.846Z,market,trade,TESTE,100147.05441042074,109,,,,XP,XP,,,
2026-03-31T01:15:42.998Z,market,trade,TESTE,100143.15146210215,173,,,,ITAU,ITAU,,,
2026-03-31T01:15:43.149Z,market,trade,TESTE,100147.81105625488,32,,,,JPM,BARCL,,,
2026-03-31T01:15:43.309Z,market,trade,TESTE,100136.79282967006,172,,,,BTG,JPM,,,
2026-03-31T01:15:43.461Z,market,trade,TESTE,100145.25621193227,94,,,,GOLDM,GOLDM,,,
2026-03-31T01:15:43.616Z,market,trade,TESTE,100137.02334863754,127,,,,ITAU,MS,,,
2026-03-31T01:15:43.766Z,market,trade,TESTE,100147.58448498549,31,,,,ITAU,ITAU,,,
2026-03-31T01:15:43.926Z,market,trade,TESTE,100148.1814543394,115,,,,UBS,UBS,,,
2026-03-31T01:15:44.082Z,market,trade,TESTE,100142.79935791336,136,,,,GOLDM,ITAU,,,
2026-03-31T01:15:44.245Z,market,trade,TESTE,100157.13628325712,170,,,,GOLDM,ITAU,,,
2026-03-31T01:15:44.399Z,market,trade,TESTE,100151.33131258388,194,,,,BARCL,BARCL,,,
2026-03-31T01:15:44.549Z,market,trade,TESTE,100166.2676434117,29,,,,ITAU,MS,,,
2026-03-31T01:15:44.711Z,market,trade,TESTE,100153.83805880859,36,,,,UBS,XP,,,
2026-03-31T01:15:44.862Z,market,trade,TESTE,100159.8404035246,30,,,,JPM,BTG,,,
2026-03-31T01:15:45.015Z,market,trade,TESTE,100156.88494909585,38,,,,GOLDM,XP,,,
2026-03-31T01:15:45.167Z,market,trade,TESTE,100142.86556611885,140,,,,GOLDM,ITAU,,,
2026-03-31T01:15:45.326Z,market,trade,TESTE,100144.72720178634,51,,,,CITI,XP,,,
2026-03-31T01:15:45.478Z,market,trade,TESTE,100147.93399225367,186,,,,GOLDM,CS,,,
2026-03-31T01:15:45.630Z,market,trade,TESTE,100156.39029120801,52,,,,CS,CS,,,
2026-03-31T01:15:45.783Z,market,trade,TESTE,100152.59192860208,52,,,,BTG,UBS,,,
2026-03-31T01:15:45.934Z,market,trade,TESTE,100139.00873869067,150,,,,JPM,BARCL,,,
2026-03-31T01:15:46.099Z,market,trade,TESTE,100135.42179844517,91,,,,BTG,GOLDM,,,
2026-03-31T01:15:46.263Z,market,trade,TESTE,100133.04381869285,125,,,,BARCL,ITAU,,,
2026-03-31T01:15:46.414Z,market,trade,TESTE,100136.1641577245,13,,,,UBS,BARCL,,,
2026-03-31T01:15:46.567Z,market,trade,TESTE,100134.92145748386,171,,,,BTG,XP,,,
2026-03-31T01:15:46.726Z,market,trade,TESTE,100136.8965548384,45,,,,UBS,CITI,,,
2026-03-31T01:15:46.878Z,market,trade,TESTE,100148.2640353414,124,,,,BTG,UBS,,,
2026-03-31T01:15:47.031Z,market,trade,TESTE,100137.61598702414,121,,,,ITAU,ITAU,,,
2026-03-31T01:15:47.183Z,market,trade,TESTE,100140.87278073763,32,,,,BTG,ITAU,,,
2026-03-31T01:15:47.333Z,market,trade,TESTE,100142.42265070963,45,,,,ITAU,XP,,,
2026-03-31T01:15:47.493Z,market,trade,TESTE,100151.27204478586,169,,,,UBS,GOLDM,,,
2026-03-31T01:15:47.647Z,market,trade,TESTE,100136.31930459656,121,,,,CITI,XP,,,
2026-03-31T01:15:47.798Z,market,trade,TESTE,100132.59031726205,27,,,,MS,BTG,,,
2026-03-31T01:15:47.949Z,market,trade,TESTE,100144.76914616805,60,,,,ITAU,CITI,,,
2026-03-31T01:15:48.100Z,market,trade,TESTE,100131.98416045519,75,,,,JPM,BARCL,,,
2026-03-31T01:15:48.263Z,market,trade,TESTE,100142.6864962364,161,,,,XP,JPM,,,
2026-03-31T01:15:48.414Z,market,trade,TESTE,100134.33771906796,183,,,,CITI,JPM,,,
2026-03-31T01:15:48.566Z,market,trade,TESTE,100135.80986540712,174,,,,XP,GOLDM,,,
2026-03-31T01:15:48.725Z,market,trade,TESTE,100130.95416681377,34,,,,CS,CS,,,
2026-03-31T01:15:48.877Z,market,trade,TESTE,100128.53502681857,32,,,,XP,JPM,,,
2026-03-31T01:15:49.029Z,market,trade,TESTE,100137.03850931628,193,,,,UBS,BARCL,,,
2026-03-31T01:15:49.183Z,market,trade,TESTE,100134.42043020674,111,,,,UBS,MS,,,
2026-03-31T01:15:49.333Z,market,trade,TESTE,100134.06567413149,62,,,,CITI,BARCL,,,
2026-03-31T01:15:49.492Z,market,trade,TESTE,100133.39868039983,131,,,,XP,UBS,,,
2026-03-31T01:15:49.646Z,market,trade,TESTE,100133.98296791306,175,,,,JPM,JPM,,,
2026-03-31T01:15:49.798Z,market,trade,TESTE,100132.72726437853,54,,,,CITI,BARCL,,,
2026-03-31T01:15:49.949Z,market,trade,TESTE,100129.36283619143,37,,,,ITAU,MS,,,
2026-03-31T01:15:50.100Z,market,trade,TESTE,100121.02614941409,66,,,,JPM,XP,,,
2026-03-31T01:15:50.262Z,market,trade,TESTE,100135.36778045756,102,,,,BTG,BTG,,,
2026-03-31T01:15:50.413Z,market,trade,TESTE,100127.99205471536,102,,,,XP,GOLDM,,,
2026-03-31T01:15:50.565Z,market,trade,TESTE,100137.75798002738,135,,,,JPM,JPM,,,
2026-03-31T01:15:50.726Z,market,trade,TESTE,100138.36130626092,179,,,,XP,UBS,,,
2026-03-31T01:15:50.877Z,market,trade,TESTE,100138.9822536811,145,,,,BARCL,GOLDM,,,
2026-03-31T01:15:51.031Z,market,trade,TESTE,100130.16677585803,13,,,,JPM,BTG,,,
2026-03-31T01:15:51.183Z,market,trade,TESTE,100142.98316480199,18,,,,GOLDM,BARCL,,,
2026-03-31T01:15:51.349Z,market,trade,TESTE,100130.69882353916,63,,,,ITAU,CS,,,
2026-03-31T01:15:51.508Z,market,trade,TESTE,100128.85330982116,182,,,,CS,XP,,,
2026-03-31T01:15:51.662Z,market,trade,TESTE,100132.01536079498,16,,,,CITI,JPM,,,
2026-03-31T01:15:51.814Z,market,trade,TESTE,100137.50818126733,69,,,,MS,JPM,,,
2026-03-31T01:15:51.967Z,market,trade,TESTE,100136.29461744115,70,,,,CS,MS,,,
2026-03-31T01:15:52.124Z,market,trade,TESTE,100137.37414976623,184,,,,MS,ITAU,,,
2026-03-31T01:15:52.277Z,market,trade,TESTE,100133.00316021421,175,,,,XP,JPM,,,
2026-03-31T01:15:52.429Z,market,trade,TESTE,100122.76911201517,15,,,,BARCL,ITAU,,,
2026-03-31T01:15:52.581Z,market,trade,TESTE,100129.49581387553,106,,,,ITAU,JPM,,,
2026-03-31T01:15:52.743Z,market,trade,TESTE,100129.76847016615,16,,,,BARCL,GOLDM,,,
2026-03-31T01:15:52.894Z,market,trade,TESTE,100127.18153193129,115,,,,CITI,UBS,,,
2026-03-31T01:15:53.047Z,market,trade,TESTE,100119.22434505253,190,,,,BTG,JPM,,,
2026-03-31T01:15:53.198Z,market,trade,TESTE,100116.97201085855,148,,,,BTG,XP,,,
2026-03-31T01:15:53.367Z,market,trade,TESTE,100112.09855953077,100,,,,CS,XP,,,
2026-03-31T01:15:53.525Z,market,trade,TESTE,100124.66428376322,169,,,,JPM,GOLDM,,,
2026-03-31T01:15:53.678Z,market,trade,TESTE,100121.00678691214,104,,,,MS,BARCL,,,
2026-03-31T01:15:53.830Z,market,trade,TESTE,100114.37840149981,190,,,,CS,JPM,,,
2026-03-31T01:15:53.982Z,market,trade,TESTE,100121.27614268719,5,,,,MS,JPM,,,
2026-03-31T01:15:54.148Z,market,trade,TESTE,100112.468564554,112,,,,XP,CITI,,,
2026-03-31T01:15:54.309Z,market,trade,TESTE,100120.02465200191,61,,,,BTG,UBS,,,
2026-03-31T01:15:54.461Z,market,trade,TESTE,100111.13500032533,119,,,,CITI,CITI,,,
2026-03-31T01:15:54.615Z,market,trade,TESTE,100123.97303790804,68,,,,BARCL,BTG,,,
2026-03-31T01:15:54.767Z,market,trade,TESTE,100128.65410429738,34,,,,MS,CITI,,,
2026-03-31T01:15:54.927Z,market,trade,TESTE,100124.40288559553,175,,,,CITI,BARCL,,,
2026-03-31T01:15:55.093Z,market,trade,TESTE,100121.35285358585,58,,,,JPM,XP,,,
2026-03-31T01:15:55.245Z,market,trade,TESTE,100126.22073778,79,,,,CS,UBS,,,
2026-03-31T01:15:55.399Z,market,trade,TESTE,100117.36813846296,30,,,,GOLDM,CS,,,
2026-03-31T01:15:55.550Z,market,trade,TESTE,100116.48135730645,77,,,,CITI,MS,,,
2026-03-31T01:15:55.711Z,market,trade,TESTE,100112.4173696441,14,,,,XP,MS,,,
2026-03-31T01:15:55.862Z,market,trade,TESTE,100110.49644712247,100,,,,XP,UBS,,,
2026-03-31T01:15:56.013Z,market,trade,TESTE,100110.08508512605,120,,,,XP,GOLDM,,,
2026-03-31T01:15:56.169Z,market,trade,TESTE,100111.97396795625,150,,,,ITAU,GOLDM,,,
2026-03-31T01:15:56.326Z,market,trade,TESTE,100110.61151533994,183,,,,BARCL,ITAU,,,
2026-03-31T01:15:56.477Z,market,trade,TESTE,100118.66559641657,199,,,,BARCL,BARCL,,,
2026-03-31T01:15:56.631Z,market,trade,TESTE,100116.9442107447,54,,,,CS,ITAU,,,
2026-03-31T01:15:56.782Z,market,trade,TESTE,100107.903158279,112,,,,JPM,ITAU,,,
2026-03-31T01:15:56.934Z,market,trade,TESTE,100104.6825243442,187,,,,BARCL,ITAU,,,
2026-03-31T01:15:57.093Z,market,trade,TESTE,100104.79884694309,158,,,,UBS,CITI,,,
2026-03-31T01:15:57.246Z,market,trade,TESTE,100100.27695516843,108,,,,ITAU,CS,,,
2026-03-31T01:15:57.398Z,market,trade,TESTE,100098.89502039937,118,,,,XP,BTG,,,
2026-03-31T01:15:57.549Z,market,trade,TESTE,100105.55638676386,166,,,,UBS,ITAU,,,
2026-03-31T01:15:57.709Z,market,trade,TESTE,100090.90179038899,134,,,,MS,GOLDM,,,
2026-03-31T01:15:57.862Z,market,trade,TESTE,100086.52335093071,40,,,,XP,MS,,,
2026-03-31T01:15:58.013Z,market,trade,TESTE,100091.67437407013,179,,,,CITI,CITI,,,
2026-03-31T01:15:58.167Z,market,trade,TESTE,100085.49089512991,59,,,,CITI,CS,,,
2026-03-31T01:15:58.328Z,market,trade,TESTE,100098.59603766858,26,,,,BTG,CITI,,,
2026-03-31T01:15:58.493Z,market,trade,TESTE,100093.64790352479,89,,,,CITI,JPM,,,
2026-03-31T01:15:58.645Z,market,trade,TESTE,100091.75962271886,173,,,,JPM,CITI,,,
2026-03-31T01:15:58.799Z,market,trade,TESTE,100084.69124131121,61,,,,UBS,BTG,,,
2026-03-31T01:15:58.967Z,market,trade,TESTE,100083.09961316572,190,,,,BARCL,MS,,,
2026-03-31T01:15:59.125Z,market,trade,TESTE,100085.52411386481,43,,,,CS,CS,,,
2026-03-31T01:15:59.279Z,market,trade,TESTE,100082.35556865326,74,,,,UBS,BARCL,,,
2026-03-31T01:15:59.430Z,market,trade,TESTE,100081.4000667586,75,,,,CS,BTG,,,
2026-03-31T01:15:59.583Z,market,trade,TESTE,100095.83026269633,131,,,,CS,XP,,,
2026-03-31T01:15:59.733Z,market,trade,TESTE,100094.30732349519,35,,,,BTG,UBS,,,
2026-03-31T01:15:59.895Z,market,trade,TESTE,100084.98351647118,142,,,,JPM,BARCL,,,
2026-03-31T01:16:00.050Z,market,trade,TESTE,100087.98532829146,162,,,,CITI,GOLDM,,,
2026-03-31T01:16:00.200Z,market,trade,TESTE,100095.25674577102,32,,,,JPM,JPM,,,
2026-03-31T01:16:00.367Z,market,trade,TESTE,100096.50406095196,95,,,,BARCL,ITAU,,,
2026-03-31T01:16:00.528Z,market,trade,TESTE,100090.21356836653,53,,,,UBS,ITAU,,,
2026-03-31T01:16:00.678Z,market,trade,TESTE,100103.89908092159,93,,,,XP,MS,,,
2026-03-31T01:16:00.829Z,market,trade,TESTE,100090.02231013542,197,,,,GOLDM,CS,,,
2026-03-31T01:16:00.983Z,market,trade,TESTE,100085.78818233505,173,,,,XP,ITAU,,,
2026-03-31T01:16:01.149Z,market,trade,TESTE,100086.963393767,29,,,,ITAU,JPM,,,
2026-03-31T01:16:01.313Z,market,trade,TESTE,100100.14152131263,65,,,,BARCL,BARCL,,,
2026-03-31T01:16:01.479Z,market,trade,TESTE,100093.58767860247,38,,,,CITI,MS,,,
2026-03-31T01:16:01.631Z,market,trade,TESTE,100097.77484344933,174,,,,GOLDM,CITI,,,
2026-03-31T01:16:01.783Z,market,trade,TESTE,100105.65922855097,186,,,,MS,GOLDM,,,
2026-03-31T01:16:01.933Z,market,trade,TESTE,100100.4834774179,73,,,,ITAU,MS,,,
2026-03-31T01:16:02.094Z,market,trade,TESTE,100107.765921953,12,,,,GOLDM,CITI,,,
2026-03-31T01:16:02.248Z,market,trade,TESTE,100110.59397062729,31,,,,XP,ITAU,,,
2026-03-31T01:16:02.413Z,market,trade,TESTE,100095.76024592556,143,,,,XP,MS,,,
2026-03-31T01:16:02.567Z,market,trade,TESTE,100108.51693590907,136,,,,UBS,XP,,,
2026-03-31T01:16:02.725Z,market,trade,TESTE,100098.97254177145,56,,,,BTG,BARCL,,,
2026-03-31T01:16:02.878Z,market,trade,TESTE,100108.47889985955,82,,,,BARCL,GOLDM,,,
2026-03-31T01:16:03.030Z,market,trade,TESTE,100109.55359641001,94,,,,ITAU,BTG,,,
2026-03-31T01:16:03.183Z,market,trade,TESTE,100105.21211744785,109,,,,XP,BTG,,,
2026-03-31T01:16:03.345Z,market,trade,TESTE,100107.70879060403,28,,,,CS,XP,,,
2026-03-31T01:16:03.510Z,market,trade,TESTE,100097.46156445803,55,,,,MS,BTG,,,
2026-03-31T01:16:03.662Z,market,trade,TESTE,100110.57486382448,76,,,,BTG,ITAU,,,
2026-03-31T01:16:03.816Z,market,trade,TESTE,100096.27090203647,95,,,,CS,GOLDM,,,
2026-03-31T01:16:03.967Z,market,trade,TESTE,100106.66294828955,126,,,,MS,XP,,,
2026-03-31T01:16:04.126Z,market,trade,TESTE,100103.24899213799,32,,,,CITI,JPM,,,
2026-03-31T01:16:04.282Z,market,trade,TESTE,100100.03482274644,57,,,,JPM,CITI,,,
2026-03-31T01:16:04.445Z,market,trade,TESTE,100101.50201527048,17,,,,CS,JPM,,,
2026-03-31T01:16:04.599Z,market,trade,TESTE,100088.62872300154,132,,,,MS,ITAU,,,
2026-03-31T01:16:04.769Z,market,trade,TESTE,100086.6041851304,139,,,,JPM,CITI,,,
2026-03-31T01:16:04.928Z,market,trade,TESTE,100101.44762737295,83,,,,BARCL,BTG,,,
2026-03-31T01:16:05.079Z,market,trade,TESTE,100105.36717806708,84,,,,JPM,XP,,,
2026-03-31T01:16:05.231Z,market,trade,TESTE,100104.155522897,140,,,,BARCL,MS,,,
2026-03-31T01:16:05.381Z,market,trade,TESTE,100103.29783550563,76,,,,CS,CITI,,,
2026-03-31T01:16:05.539Z,market,trade,TESTE,100089.62132980496,199,,,,XP,CS,,,
2026-03-31T01:16:05.695Z,market,trade,TESTE,100102.02999049744,34,,,,MS,CITI,,,
2026-03-31T01:16:05.847Z,market,trade,TESTE,100095.91719315368,161,,,,BTG,ITAU,,,
2026-03-31T01:16:05.997Z,market,trade,TESTE,100094.16157660246,117,,,,JPM,CITI,,,
2026-03-31T01:16:06.149Z,market,trade,TESTE,100098.88896235386,84,,,,JPM,CITI,,,
2026-03-31T01:16:06.300Z,market,trade,TESTE,100104.57483231205,33,,,,JPM,MS,,,
2026-03-31T01:16:06.463Z,market,trade,TESTE,100105.84794631074,123,,,,CS,JPM,,,
2026-03-31T01:16:06.614Z,market,trade,TESTE,100099.04309393956,28,,,,XP,UBS,,,
2026-03-31T01:16:06.766Z,market,trade,TESTE,100095.21714666144,141,,,,BTG,BARCL,,,
2026-03-31T01:16:06.927Z,market,trade,TESTE,100097.22133711362,131,,,,ITAU,BARCL,,,
2026-03-31T01:16:07.078Z,market,trade,TESTE,100102.69234759717,129,,,,CS,JPM,,,
2026-03-31T01:16:07.231Z,market,trade,TESTE,100098.0504108136,127,,,,GOLDM,ITAU,,,
2026-03-31T01:16:07.383Z,market,trade,TESTE,100094.67689509246,41,,,,MS,UBS,,,
2026-03-31T01:16:07.533Z,market,trade,TESTE,100096.29564035159,68,,,,JPM,BARCL,,,
2026-03-31T01:16:07.694Z,market,trade,TESTE,100098.39699388441,144,,,,BTG,BARCL,,,
2026-03-31T01:16:07.847Z,market,trade,TESTE,100095.6429191671,192,,,,CITI,JPM,,,
2026-03-31T01:16:07.999Z,market,trade,TESTE,100085.26560923224,43,,,,BTG,CITI,,,
2026-03-31T01:16:08.166Z,market,trade,TESTE,100097.49897701049,5,,,,JPM,UBS,,,
2026-03-31T01:16:08.331Z,market,trade,TESTE,100099.12174544713,102,,,,GOLDM,BARCL,,,
2026-03-31T01:16:08.496Z,market,trade,TESTE,100100.6530203719,145,,,,CS,CITI,,,
2026-03-31T01:16:08.662Z,market,trade,TESTE,100105.2002820619,36,,,,ITAU,UBS,,,
2026-03-31T01:16:08.814Z,market,trade,TESTE,100100.74988458859,61,,,,MS,CS,,,
2026-03-31T01:16:08.966Z,market,trade,TESTE,100091.85315418887,76,,,,JPM,JPM,,,
2026-03-31T01:16:09.122Z,market,trade,TESTE,100101.9023209813,118,,,,ITAU,GOLDM,,,
2026-03-31T01:16:09.277Z,market,trade,TESTE,100100.48887190189,133,,,,CS,UBS,,,
2026-03-31T01:16:09.430Z,market,trade,TESTE,100099.47250735348,109,,,,UBS,BARCL,,,
2026-03-31T01:16:09.583Z,market,trade,TESTE,100094.12924585724,67,,,,JPM,UBS,,,
2026-03-31T01:16:09.733Z,market,trade,TESTE,100108.66952901121,97,,,,BTG,MS,,,
2026-03-31T01:16:09.892Z,market,trade,TESTE,100101.93870140518,136,,,,ITAU,BTG,,,
2026-03-31T01:16:10.047Z,market,trade,TESTE,100106.83450756622,12,,,,UBS,CS,,,
2026-03-31T01:16:10.198Z,market,trade,TESTE,100109.45596676074,108,,,,BARCL,CITI,,,
2026-03-31T01:16:10.366Z,market,trade,TESTE,100113.423973433,29,,,,ITAU,BARCL,,,
2026-03-31T01:16:10.523Z,market,trade,TESTE,100115.9800221688,126,,,,BARCL,CS,,,
2026-03-31T01:16:10.679Z,market,trade,TESTE,100114.98206428054,143,,,,BTG,JPM,,,
2026-03-31T01:16:10.831Z,market,trade,TESTE,100117.30695142157,148,,,,CS,MS,,,
2026-03-31T01:16:10.982Z,market,trade,TESTE,100127.00166983185,81,,,,XP,XP,,,
2026-03-31T01:16:11.141Z,market,trade,TESTE,100130.01070924182,155,,,,JPM,ITAU,,,
2026-03-31T01:16:11.292Z,market,trade,TESTE,100127.4650826076,39,,,,CS,XP,,,
2026-03-31T01:16:11.447Z,market,trade,TESTE,100119.10608514087,109,,,,CITI,UBS,,,
2026-03-31T01:16:11.599Z,market,trade,TESTE,100115.06095493847,112,,,,XP,UBS,,,
2026-03-31T01:16:11.766Z,market,trade,TESTE,100127.5326976098,53,,,,MS,CITI,,,
2026-03-31T01:16:11.925Z,market,trade,TESTE,100127.4201847815,120,,,,MS,CS,,,
2026-03-31T01:16:12.078Z,market,trade,TESTE,100117.84110358368,145,,,,CS,GOLDM,,,
2026-03-31T01:16:12.229Z,market,trade,TESTE,100113.26648088098,176,,,,CITI,JPM,,,
2026-03-31T01:16:12.382Z,market,trade,TESTE,100117.83498351256,163,,,,CS,JPM,,,
2026-03-31T01:16:12.541Z,market,trade,TESTE,100124.66456207812,196,,,,CS,XP,,,
2026-03-31T01:16:12.695Z,market,trade,TESTE,100115.77145208667,9,,,,CITI,ITAU,,,
2026-03-31T01:16:12.846Z,market,trade,TESTE,100127.21696702698,47,,,,CS,GOLDM,,,
2026-03-31T01:16:12.999Z,market,trade,TESTE,100130.12403437663,98,,,,XP,MS,,,
2026-03-31T01:16:13.150Z,market,trade,TESTE,100129.2836531717,35,,,,MS,XP,,,
2026-03-31T01:16:13.307Z,market,trade,TESTE,100126.8662906767,144,,,,UBS,JPM,,,
2026-03-31T01:16:13.463Z,market,trade,TESTE,100118.16034748738,19,,,,JPM,CS,,,
2026-03-31T01:16:13.629Z,market,trade,TESTE,100128.84132847382,71,,,,CS,XP,,,
2026-03-31T01:16:13.783Z,market,trade,TESTE,100126.69497705431,144,,,,JPM,MS,,,
2026-03-31T01:16:13.933Z,market,trade,TESTE,100125.34423646847,162,,,,CITI,MS,,,
2026-03-31T01:16:14.093Z,market,trade,TESTE,100123.76906367886,32,,,,CITI,ITAU,,,
2026-03-31T01:16:14.245Z,market,trade,TESTE,100111.93113679747,30,,,,UBS,JPM,,,
2026-03-31T01:16:14.399Z,market,trade,TESTE,100112.19072993849,101,,,,XP,BTG,,,
2026-03-31T01:16:14.566Z,market,trade,TESTE,100124.21200208862,194,,,,BARCL,MS,,,
2026-03-31T01:16:14.723Z,market,trade,TESTE,100112.11593693189,115,,,,ITAU,ITAU,,,
2026-03-31T01:16:14.877Z,market,trade,TESTE,100116.6379485429,85,,,,CS,CS,,,
2026-03-31T01:16:15.030Z,market,trade,TESTE,100115.89241698734,40,,,,XP,UBS,,,
2026-03-31T01:16:15.182Z,market,trade,TESTE,100123.09650829644,160,,,,BARCL,XP,,,
2026-03-31T01:16:15.334Z,market,trade,TESTE,100119.86319819638,170,,,,GOLDM,BTG,,,
2026-03-31T01:16:15.494Z,market,trade,TESTE,100104.95442260947,45,,,,UBS,BTG,,,
2026-03-31T01:16:15.646Z,market,trade,TESTE,100105.052832053,72,,,,XP,ITAU,,,
2026-03-31T01:16:15.799Z,market,trade,TESTE,100111.18005858967,78,,,,MS,BTG,,,
2026-03-31T01:16:15.949Z,market,trade,TESTE,100099.0274403449,197,,,,CS,MS,,,
2026-03-31T01:16:16.109Z,market,trade,TESTE,100095.10716966445,148,,,,BARCL,ITAU,,,
2026-03-31T01:16:16.260Z,market,trade,TESTE,100106.70545387786,25,,,,CITI,UBS,,,
2026-03-31T01:16:16.416Z,market,trade,TESTE,100108.58837281019,165,,,,GOLDM,MS,,,
2026-03-31T01:16:16.582Z,market,trade,TESTE,100113.4636120032,63,,,,BARCL,ITAU,,,
2026-03-31T01:16:16.733Z,market,trade,TESTE,100110.7267128678,58,,,,BTG,CS,,,
2026-03-31T01:16:16.894Z,market,trade,TESTE,100108.39189021105,114,,,,BARCL,XP,,,
2026-03-31T01:16:17.046Z,market,trade,TESTE,100110.29789037824,169,,,,MS,GOLDM,,,
2026-03-31T01:16:17.197Z,market,trade,TESTE,100114.43833029587,163,,,,JPM,BTG,,,
2026-03-31T01:16:17.350Z,market,trade,TESTE,100115.85365448846,114,,,,MS,UBS,,,
2026-03-31T01:16:17.512Z,market,trade,TESTE,100114.67307581924,11,,,,BARCL,CS,,,
2026-03-31T01:16:17.664Z,market,trade,TESTE,100113.95980347547,98,,,,UBS,JPM,,,
2026-03-31T01:16:17.814Z,market,trade,TESTE,100101.63751515641,141,,,,BTG,CS,,,
2026-03-31T01:16:17.966Z,market,trade,TESTE,100109.143539429,37,,,,BARCL,MS,,,
2026-03-31T01:16:18.125Z,market,trade,TESTE,100106.35327564678,199,,,,ITAU,CITI,,,
2026-03-31T01:16:18.277Z,market,trade,TESTE,100095.9590233373,197,,,,GOLDM,CS,,,
2026-03-31T01:16:18.432Z,market,trade,TESTE,100096.4069346716,63,,,,BARCL,CITI,,,
2026-03-31T01:16:18.582Z,market,trade,TESTE,100094.43414016263,171,,,,CS,CS,,,
2026-03-31T01:16:18.739Z,market,trade,TESTE,100092.64018140326,137,,,,JPM,BARCL,,,
2026-03-31T01:16:18.893Z,market,trade,TESTE,100099.26491127278,95,,,,XP,XP,,,
2026-03-31T01:16:19.046Z,market,trade,TESTE,100100.29381418315,104,,,,CS,GOLDM,,,
2026-03-31T01:16:19.198Z,market,trade,TESTE,100093.00745179439,7,,,,GOLDM,CS,,,
2026-03-31T01:16:19.365Z,market,trade,TESTE,100088.43482271292,99,,,,CITI,UBS,,,
2026-03-31T01:16:19.527Z,market,trade,TESTE,100095.36155237349,182,,,,MS,XP,,,
2026-03-31T01:16:19.678Z,market,trade,TESTE,100088.08950811275,193,,,,CS,ITAU,,,
2026-03-31T01:16:19.830Z,market,trade,TESTE,100094.30513384248,21,,,,MS,XP,,,
2026-03-31T01:16:19.983Z,market,trade,TESTE,100083.01169550493,80,,,,GOLDM,MS,,,
2026-03-31T01:16:20.133Z,market,trade,TESTE,100095.51862504617,90,,,,BARCL,XP,,,
2026-03-31T01:16:20.293Z,market,trade,TESTE,100084.76259244923,163,,,,JPM,MS,,,
2026-03-31T01:16:20.448Z,market,trade,TESTE,100081.26972238983,162,,,,GOLDM,CS,,,
2026-03-31T01:16:20.599Z,market,trade,TESTE,100081.80273829568,196,,,,XP,BARCL,,,
2026-03-31T01:16:20.767Z,market,trade,TESTE,100078.1538280563,109,,,,CITI,BARCL,,,
2026-03-31T01:16:20.925Z,market,trade,TESTE,100088.62244403907,199,,,,BARCL,GOLDM,,,
2026-03-31T01:16:21.077Z,market,trade,TESTE,100087.16382194885,173,,,,ITAU,CS,,,
2026-03-31T01:16:21.230Z,market,trade,TESTE,100072.82188299934,183,,,,CITI,CS,,,
2026-03-31T01:16:21.383Z,market,trade,TESTE,100083.60619666688,56,,,,JPM,XP,,,
2026-03-31T01:16:21.533Z,market,trade,TESTE,100075.66191112841,9,,,,UBS,BTG,,,
2026-03-31T01:16:21.692Z,market,trade,TESTE,100087.97928115536,152,,,,CS,CS,,,
2026-03-31T01:16:21.847Z,market,trade,TESTE,100091.11320453812,100,,,,CITI,BTG,,,
2026-03-31T01:16:21.999Z,market,trade,TESTE,100080.4305752273,80,,,,XP,CS,,,
2026-03-31T01:16:22.167Z,market,trade,TESTE,100093.28680137327,165,,,,MS,BTG,,,
2026-03-31T01:16:22.324Z,market,trade,TESTE,100087.83385957689,28,,,,MS,BTG,,,
2026-03-31T01:16:22.483Z,market,trade,TESTE,100088.38718636036,155,,,,BARCL,GOLDM,,,
2026-03-31T01:16:22.647Z,market,trade,TESTE,100102.56415060417,14,,,,CS,GOLDM,,,
2026-03-31T01:16:22.799Z,market,trade,TESTE,100088.92817278692,20,,,,JPM,BTG,,,
2026-03-31T01:16:22.966Z,market,trade,TESTE,100086.33451507286,129,,,,XP,BARCL,,,
2026-03-31T01:16:23.124Z,market,trade,TESTE,100090.77317543808,154,,,,JPM,BTG,,,
2026-03-31T01:16:23.277Z,market,trade,TESTE,100092.62285962744,181,,,,GOLDM,CITI,,,
2026-03-31T01:16:23.430Z,market,trade,TESTE,100087.62460314632,96,,,,BARCL,CITI,,,
2026-03-31T01:16:23.581Z,market,trade,TESTE,100089.70768682576,179,,,,GOLDM,CITI,,,
2026-03-31T01:16:23.732Z,market,trade,TESTE,100096.14175209438,62,,,,CS,JPM,,,
2026-03-31T01:16:23.894Z,market,trade,TESTE,100097.77970404337,89,,,,BARCL,ITAU,,,
2026-03-31T01:16:24.046Z,market,trade,TESTE,100088.0457078302,149,,,,GOLDM,BTG,,,
2026-03-31T01:16:24.199Z,market,trade,TESTE,100086.65850893725,181,,,,CS,MS,,,
2026-03-31T01:16:24.367Z,market,trade,TESTE,100085.89000804083,18,,,,UBS,BTG,,,
2026-03-31T01:16:24.531Z,market,trade,TESTE,100098.30913663503,167,,,,CS,CS,,,
2026-03-31T01:16:24.695Z,market,trade,TESTE,100103.30621688675,126,,,,JPM,ITAU,,,
2026-03-31T01:16:24.847Z,market,trade,TESTE,100094.72029002637,106,,,,MS,CITI,,,
2026-03-31T01:16:24.999Z,market,trade,TESTE,100105.89859106998,184,,,,ITAU,GOLDM,,,
2026-03-31T01:16:25.167Z,market,trade,TESTE,100092.83238901643,125,,,,BTG,CITI,,,
2026-03-31T01:16:25.327Z,market,trade,TESTE,100103.737801623,32,,,,GOLDM,BTG,,,
2026-03-31T01:16:25.483Z,market,trade,TESTE,100101.07532201082,125,,,,BTG,BTG,,,
2026-03-31T01:16:25.647Z,market,trade,TESTE,100096.48681625158,143,,,,XP,ITAU,,,
2026-03-31T01:16:25.799Z,market,trade,TESTE,100089.73430524333,64,,,,GOLDM,GOLDM,,,
2026-03-31T01:16:25.966Z,market,trade,TESTE,100091.26093883358,40,,,,BARCL,CITI,,,
2026-03-31T01:16:26.126Z,market,trade,TESTE,100105.88736707965,161,,,,UBS,MS,,,
2026-03-31T01:16:26.278Z,market,trade,TESTE,100091.34525811269,182,,,,XP,GOLDM,,,
2026-03-31T01:16:26.432Z,market,trade,TESTE,100098.00643096537,129,,,,UBS,CS,,,
2026-03-31T01:16:26.597Z,market,trade,TESTE,100092.8368787029,100,,,,UBS,CS,,,
2026-03-31T01:16:26.749Z,market,trade,TESTE,100098.69361029132,143,,,,GOLDM,BARCL,,,
2026-03-31T01:16:26.910Z,market,trade,TESTE,100098.41221446994,70,,,,GOLDM,GOLDM,,,
2026-03-31T01:16:27.061Z,market,trade,TESTE,100086.01305557646,39,,,,MS,BARCL,,,
2026-03-31T01:16:27.214Z,market,trade,TESTE,100089.29619844694,20,,,,XP,JPM,,,
2026-03-31T01:16:27.367Z,market,trade,TESTE,100096.40776950575,55,,,,BARCL,JPM,,,
2026-03-31T01:16:27.532Z,market,trade,TESTE,100082.80009913944,5,,,,CS,GOLDM,,,
2026-03-31T01:16:27.693Z,market,trade,TESTE,100082.53716552464,43,,,,CS,JPM,,,
2026-03-31T01:16:27.846Z,market,trade,TESTE,100088.12742927946,27,,,,JPM,BARCL,,,
2026-03-31T01:16:27.999Z,market,trade,TESTE,100089.83720256727,103,,,,BARCL,ITAU,,,
2026-03-31T01:16:28.150Z,market,trade,TESTE,100083.96680288887,172,,,,CS,BARCL,,,
2026-03-31T01:16:28.310Z,market,trade,TESTE,100084.3543753773,161,,,,CS,UBS,,,
2026-03-31T01:16:28.461Z,market,trade,TESTE,100082.20956764033,55,,,,XP,UBS,,,
2026-03-31T01:16:28.616Z,market,trade,TESTE,100089.20537232031,43,,,,GOLDM,CITI,,,
2026-03-31T01:16:28.782Z,market,trade,TESTE,100084.42831876183,120,,,,CS,CS,,,
2026-03-31T01:16:28.933Z,market,trade,TESTE,100087.09507812827,169,,,,JPM,JPM,,,
2026-03-31T01:16:29.094Z,market,trade,TESTE,100077.20380885534,71,,,,BARCL,GOLDM,,,
2026-03-31T01:16:29.246Z,market,trade,TESTE,100085.228121615,98,,,,UBS,UBS,,,
2026-03-31T01:16:29.399Z,market,trade,TESTE,100080.22425509535,156,,,,BARCL,UBS,,,
2026-03-31T01:16:29.566Z,market,trade,TESTE,100084.35513069991,9,,,,MS,ITAU,,,
2026-03-31T01:16:29.725Z,market,trade,TESTE,100098.25114862004,142,,,,JPM,UBS,,,
2026-03-31T01:16:29.878Z,market,trade,TESTE,100092.52227408098,100,,,,BARCL,BTG,,,
2026-03-31T01:16:30.030Z,market,trade,TESTE,100097.35281349195,46,,,,GOLDM,BARCL,,,
2026-03-31T01:16:30.182Z,market,trade,TESTE,100092.50614790627,61,,,,JPM,BTG,,,
2026-03-31T01:16:30.333Z,market,trade,TESTE,100099.26433658662,16,,,,BARCL,CS,,,
2026-03-31T01:16:30.495Z,market,trade,TESTE,100099.12143697341,167,,,,CITI,GOLDM,,,
2026-03-31T01:16:30.646Z,market,trade,TESTE,100095.38609819696,197,,,,GOLDM,BTG,,,
2026-03-31T01:16:30.798Z,market,trade,TESTE,100086.41550399226,127,,,,BARCL,GOLDM,,,
2026-03-31T01:16:30.949Z,market,trade,TESTE,100081.50644748883,100,,,,MS,BARCL,,,
2026-03-31T01:16:31.108Z,market,trade,TESTE,100094.49309774573,136,,,,JPM,JPM,,,
2026-03-31T01:16:31.262Z,market,trade,TESTE,100086.93816881906,108,,,,CS,ITAU,,,
2026-03-31T01:16:31.415Z,market,trade,TESTE,100092.1050110182,14,,,,ITAU,CS,,,
2026-03-31T01:16:31.565Z,market,trade,TESTE,100089.39714263001,63,,,,UBS,BTG,,,
2026-03-31T01:16:31.725Z,market,trade,TESTE,100091.45313239374,23,,,,XP,MS,,,
2026-03-31T01:16:31.878Z,market,trade,TESTE,100076.60828081754,12,,,,JPM,JPM,,,
2026-03-31T01:16:32.030Z,market,trade,TESTE,100075.85768984183,59,,,,GOLDM,BTG,,,
2026-03-31T01:16:32.183Z,market,trade,TESTE,100078.3020120197,90,,,,XP,CS,,,
2026-03-31T01:16:32.333Z,market,trade,TESTE,100088.1991548049,164,,,,JPM,BTG,,,
2026-03-31T01:16:32.491Z,market,trade,TESTE,100077.11657895696,87,,,,JPM,XP,,,
2026-03-31T01:16:32.646Z,market,trade,TESTE,100088.47377878809,80,,,,CS,MS,,,
2026-03-31T01:16:32.799Z,market,trade,TESTE,100086.9353981989,143,,,,JPM,XP,,,
2026-03-31T01:16:32.967Z,market,trade,TESTE,100077.85216132492,24,,,,ITAU,XP,,,
2026-03-31T01:16:33.126Z,market,trade,TESTE,100085.82042381319,104,,,,ITAU,BARCL,,,
2026-03-31T01:16:33.277Z,market,trade,TESTE,100080.55417722913,151,,,,CS,MS,,,
2026-03-31T01:16:33.431Z,market,trade,TESTE,100078.65167249853,77,,,,MS,GOLDM,,,
2026-03-31T01:16:33.582Z,market,trade,TESTE,100080.93038650174,97,,,,MS,CITI,,,
2026-03-31T01:16:33.733Z,market,trade,TESTE,100082.37723999326,143,,,,BTG,GOLDM,,,
2026-03-31T01:16:33.894Z,market,trade,TESTE,100089.97492261369,181,,,,CITI,JPM,,,
2026-03-31T01:16:34.046Z,market,trade,TESTE,100085.53254632402,88,,,,BTG,BARCL,,,
2026-03-31T01:16:34.198Z,market,trade,TESTE,100079.22369975684,104,,,,JPM,CS,,,
2026-03-31T01:16:34.349Z,market,trade,TESTE,100091.94254256345,47,,,,GOLDM,CS,,,
2026-03-31T01:16:34.510Z,market,trade,TESTE,100078.83389372093,26,,,,UBS,UBS,,,
2026-03-31T01:16:34.662Z,market,trade,TESTE,100086.08062453255,195,,,,ITAU,ITAU,,,
2026-03-31T01:16:34.815Z,market,trade,TESTE,100081.3163848105,200,,,,JPM,JPM,,,
2026-03-31T01:16:34.966Z,market,trade,TESTE,100080.53644234156,191,,,,GOLDM,UBS,,,
2026-03-31T01:16:35.126Z,market,trade,TESTE,100069.20607356518,167,,,,XP,CITI,,,
2026-03-31T01:16:35.278Z,market,trade,TESTE,100070.84349173828,40,,,,GOLDM,XP,,,
2026-03-31T01:16:35.430Z,market,trade,TESTE,100078.7705722094,150,,,,BARCL,MS,,,
2026-03-31T01:16:35.582Z,market,trade,TESTE,100082.34210264425,155,,,,GOLDM,GOLDM,,,
2026-03-31T01:16:35.739Z,market,trade,TESTE,100076.19121011782,132,,,,CS,BARCL,,,
2026-03-31T01:16:35.894Z,market,trade,TESTE,100088.35397741078,197,,,,XP,CITI,,,
2026-03-31T01:16:36.047Z,market,trade,TESTE,100079.83109877082,44,,,,ITAU,CITI,,,
2026-03-31T01:16:36.199Z,market,trade,TESTE,100087.48616582171,38,,,,BTG,MS,,,
2026-03-31T01:16:36.349Z,market,trade,TESTE,100072.91503688553,69,,,,BTG,UBS,,,
2026-03-31T01:16:36.510Z,market,trade,TESTE,100068.62820690338,154,,,,GOLDM,BARCL,,,
2026-03-31T01:16:36.662Z,market,trade,TESTE,100074.37054944201,152,,,,MS,JPM,,,
2026-03-31T01:16:36.814Z,market,trade,TESTE,100070.95977103108,76,,,,BARCL,MS,,,
2026-03-31T01:16:36.966Z,market,trade,TESTE,100060.09922544933,33,,,,BARCL,UBS,,,
2026-03-31T01:16:37.127Z,market,trade,TESTE,100070.46240816433,152,,,,ITAU,CITI,,,
2026-03-31T01:16:37.292Z,market,trade,TESTE,100066.98975514444,82,,,,GOLDM,JPM,,,
2026-03-31T01:16:37.445Z,market,trade,TESTE,100052.46701748829,58,,,,BTG,BARCL,,,
2026-03-31T01:16:37.599Z,market,trade,TESTE,100052.19803947852,105,,,,BTG,MS,,,
2026-03-31T01:16:37.766Z,market,trade,TESTE,100058.34218870506,187,,,,GOLDM,GOLDM,,,
2026-03-31T01:16:37.925Z,market,trade,TESTE,100062.02358510881,13,,,,ITAU,ITAU,,,
2026-03-31T01:16:38.078Z,market,trade,TESTE,100058.04427538715,85,,,,CITI,CS,,,
2026-03-31T01:16:38.230Z,market,trade,TESTE,100056.3477580932,93,,,,MS,MS,,,
2026-03-31T01:16:38.382Z,market,trade,TESTE,100045.31695464307,165,,,,CS,UBS,,,
2026-03-31T01:16:38.540Z,market,trade,TESTE,100057.62191566509,144,,,,GOLDM,BARCL,,,
2026-03-31T01:16:38.695Z,market,trade,TESTE,100061.97090174908,54,,,,UBS,CS,,,
2026-03-31T01:16:38.846Z,market,trade,TESTE,100062.14722311383,107,,,,XP,JPM,,,
2026-03-31T01:16:38.998Z,market,trade,TESTE,100055.46119599421,61,,,,GOLDM,XP,,,
2026-03-31T01:16:39.149Z,market,trade,TESTE,100053.34315432265,41,,,,BARCL,CS,,,
2026-03-31T01:16:39.311Z,market,trade,TESTE,100050.8629997963,77,,,,GOLDM,BTG,,,
2026-03-31T01:16:39.463Z,market,trade,TESTE,100054.57590125284,10,,,,ITAU,ITAU,,,
2026-03-31T01:16:39.615Z,market,trade,TESTE,100066.13689798358,153,,,,CITI,CITI,,,
2026-03-31T01:16:39.766Z,market,trade,TESTE,100053.29160318521,113,,,,GOLDM,JPM,,,
2026-03-31T01:16:39.925Z,market,trade,TESTE,100058.49340592299,8,,,,GOLDM,BTG,,,
2026-03-31T01:16:40.078Z,market,trade,TESTE,100045.59680088576,129,,,,GOLDM,BARCL,,,
2026-03-31T01:16:40.230Z,market,trade,TESTE,100049.44031348728,48,,,,XP,MS,,,
2026-03-31T01:16:40.382Z,market,trade,TESTE,100057.43705689913,177,,,,GOLDM,ITAU,,,
2026-03-31T01:16:40.533Z,market,trade,TESTE,100052.86476316697,86,,,,XP,JPM,,,
2026-03-31T01:16:40.695Z,market,trade,TESTE,100039.90295779808,103,,,,BARCL,MS,,,
2026-03-31T01:16:40.845Z,market,trade,TESTE,100041.99862541443,195,,,,BTG,ITAU,,,
2026-03-31T01:16:40.999Z,market,trade,TESTE,100053.8523403719,170,,,,ITAU,BARCL,,,
2026-03-31T01:16:41.167Z,market,trade,TESTE,100055.32189198508,177,,,,CS,MS,,,
2026-03-31T01:16:41.326Z,market,trade,TESTE,100056.34219171667,179,,,,XP,ITAU,,,
2026-03-31T01:16:41.479Z,market,trade,TESTE,100059.75037685812,67,,,,BARCL,JPM,,,
2026-03-31T01:16:41.632Z,market,trade,TESTE,100056.31341676011,63,,,,MS,JPM,,,
2026-03-31T01:16:41.798Z,market,trade,TESTE,100056.45974136319,98,,,,UBS,BARCL,,,
2026-03-31T01:16:41.967Z,market,trade,TESTE,100060.05947823859,197,,,,GOLDM,UBS,,,
2026-03-31T01:16:42.124Z,market,trade,TESTE,100064.03249443568,136,,,,XP,GOLDM,,,
2026-03-31T01:16:42.278Z,market,trade,TESTE,100055.23243239519,8,,,,XP,MS,,,
2026-03-31T01:16:42.430Z,market,trade,TESTE,100057.0123851772,59,,,,BARCL,XP,,,
2026-03-31T01:16:42.582Z,market,trade,TESTE,100071.63213778517,159,,,,GOLDM,MS,,,
2026-03-31T01:16:42.733Z,market,trade,TESTE,100058.82232159919,144,,,,JPM,CS,,,
2026-03-31T01:16:42.894Z,market,trade,TESTE,100068.36292117086,61,,,,XP,BTG,,,
2026-03-31T01:16:43.046Z,market,trade,TESTE,100071.72999648657,33,,,,ITAU,GOLDM,,,
2026-03-31T01:16:43.198Z,market,trade,TESTE,100068.11866063646,16,,,,BARCL,UBS,,,
2026-03-31T01:16:43.367Z,market,trade,TESTE,100071.15973615176,131,,,,BARCL,MS,,,
2026-03-31T01:16:43.525Z,market,trade,TESTE,100061.66136191337,138,,,,JPM,JPM,,,
2026-03-31T01:16:43.682Z,market,trade,TESTE,100071.21425965091,127,,,,XP,JPM,,,
2026-03-31T01:16:43.846Z,market,trade,TESTE,100071.9589987428,159,,,,XP,ITAU,,,
2026-03-31T01:16:43.998Z,market,trade,TESTE,100061.8379367091,143,,,,XP,BTG,,,
2026-03-31T01:16:44.150Z,market,trade,TESTE,100067.52239407705,82,,,,BTG,MS,,,
2026-03-31T01:16:44.310Z,market,trade,TESTE,100057.48073966797,116,,,,MS,GOLDM,,,
2026-03-31T01:16:44.462Z,market,trade,TESTE,100062.29000692337,93,,,,BTG,JPM,,,
2026-03-31T01:16:44.614Z,market,trade,TESTE,100074.29914340253,60,,,,BARCL,ITAU,,,
2026-03-31T01:16:44.765Z,market,trade,TESTE,100072.34333579487,199,,,,CITI,MS,,,
2026-03-31T01:16:44.924Z,market,trade,TESTE,100071.72976300411,45,,,,CS,UBS,,,
2026-03-31T01:16:45.078Z,market,trade,TESTE,100059.827220284,121,,,,JPM,CITI,,,
2026-03-31T01:16:45.230Z,market,trade,TESTE,100060.06213887829,153,,,,XP,BARCL,,,
2026-03-31T01:16:45.382Z,market,trade,TESTE,100073.93430414157,117,,,,BARCL,BARCL,,,
2026-03-31T01:16:45.533Z,market,trade,TESTE,100078.35523339846,150,,,,GOLDM,BARCL,,,
2026-03-31T01:16:45.699Z,market,trade,TESTE,100067.89431959957,82,,,,CS,UBS,,,
2026-03-31T01:16:45.860Z,market,trade,TESTE,100081.26861919247,119,,,,XP,CS,,,
2026-03-31T01:16:46.014Z,market,trade,TESTE,100076.02470944902,74,,,,BTG,CS,,,
2026-03-31T01:16:46.167Z,market,trade,TESTE,100082.62796760534,147,,,,JPM,GOLDM,,,
2026-03-31T01:16:46.332Z,market,trade,TESTE,100074.33491669077,126,,,,ITAU,XP,,,
2026-03-31T01:16:46.494Z,market,trade,TESTE,100076.04155077305,29,,,,GOLDM,CS,,,
2026-03-31T01:16:46.647Z,market,trade,TESTE,100090.34173450863,82,,,,CS,BARCL,,,
2026-03-31T01:16:46.799Z,market,trade,TESTE,100093.22258997636,148,,,,MS,CS,,,
2026-03-31T01:16:46.965Z,market,trade,TESTE,100082.57105030853,86,,,,BTG,CITI,,,
2026-03-31T01:16:47.124Z,market,trade,TESTE,100078.4195735816,148,,,,CITI,MS,,,
2026-03-31T01:16:47.277Z,market,trade,TESTE,100075.5057636048,186,,,,BARCL,BTG,,,
2026-03-31T01:16:47.430Z,market,trade,TESTE,100082.42363745243,177,,,,CS,GOLDM,,,
2026-03-31T01:16:47.582Z,market,trade,TESTE,100072.82842246306,195,,,,JPM,UBS,,,
2026-03-31T01:16:47.745Z,market,trade,TESTE,100083.87805146756,160,,,,CS,JPM,,,
2026-03-31T01:16:47.910Z,market,trade,TESTE,100084.62006629442,99,,,,BARCL,MS,,,
2026-03-31T01:16:48.076Z,market,trade,TESTE,100072.57752933548,138,,,,BTG,GOLDM,,,
2026-03-31T01:16:48.231Z,market,trade,TESTE,100085.72133238008,94,,,,GOLDM,UBS,,,
2026-03-31T01:16:48.382Z,market,trade,TESTE,100074.04638583936,7,,,,CITI,UBS,,,
2026-03-31T01:16:48.533Z,market,trade,TESTE,100086.7445365145,130,,,,CITI,CS,,,
2026-03-31T01:16:48.698Z,market,trade,TESTE,100072.22208840185,79,,,,MS,GOLDM,,,
2026-03-31T01:16:48.862Z,market,trade,TESTE,100081.21185355153,90,,,,BARCL,CITI,,,
2026-03-31T01:16:49.014Z,market,trade,TESTE,100081.42633010841,23,,,,GOLDM,JPM,,,
2026-03-31T01:16:49.166Z,market,trade,TESTE,100067.2874788679,18,,,,CS,MS,,,
2026-03-31T01:16:49.325Z,market,trade,TESTE,100075.58289595961,184,,,,CS,ITAU,,,
2026-03-31T01:16:49.477Z,market,trade,TESTE,100070.40801004824,41,,,,BTG,JPM,,,
2026-03-31T01:16:49.629Z,market,trade,TESTE,100070.04018463493,88,,,,BTG,JPM,,,
2026-03-31T01:16:49.783Z,market,trade,TESTE,100073.00271919249,12,,,,CS,GOLDM,,,
2026-03-31T01:16:49.947Z,market,trade,TESTE,100073.04097373856,109,,,,JPM,BARCL,,,
2026-03-31T01:16:50.109Z,market,trade,TESTE,100081.43124650937,127,,,,GOLDM,BARCL,,,
2026-03-31T01:16:50.261Z,market,trade,TESTE,100076.75663152656,9,,,,JPM,XP,,,
2026-03-31T01:16:50.414Z,market,trade,TESTE,100068.53481679283,79,,,,CS,BTG,,,
2026-03-31T01:16:50.566Z,market,trade,TESTE,100064.37341594139,80,,,,UBS,GOLDM,,,
2026-03-31T01:16:50.731Z,market,trade,TESTE,100073.36893214309,87,,,,CS,XP,,,
2026-03-31T01:16:50.893Z,market,trade,TESTE,100062.6530834333,42,,,,BTG,XP,,,
2026-03-31T01:16:51.046Z,market,trade,TESTE,100058.85227452217,78,,,,CS,CITI,,,
2026-03-31T01:16:51.198Z,market,trade,TESTE,100061.19544634735,113,,,,MS,XP,,,
2026-03-31T01:16:51.366Z,market,trade,TESTE,100059.5979461611,5,,,,GOLDM,UBS,,,
2026-03-31T01:16:51.516Z,market,trade,TESTE,100060.38681304184,61,,,,CITI,MS,,,
2026-03-31T01:16:51.678Z,market,trade,TESTE,100075.1958237568,138,,,,BTG,CITI,,,
2026-03-31T01:16:51.829Z,market,trade,TESTE,100060.47368084511,138,,,,UBS,CITI,,,
2026-03-31T01:16:51.982Z,market,trade,TESTE,100060.52669749098,123,,,,UBS,BTG,,,
2026-03-31T01:16:52.133Z,market,trade,TESTE,100064.81032182618,19,,,,JPM,ITAU,,,
2026-03-31T01:16:52.294Z,market,trade,TESTE,100078.68064816721,169,,,,UBS,GOLDM,,,
2026-03-31T01:16:52.445Z,market,trade,TESTE,100069.59673540683,170,,,,GOLDM,GOLDM,,,
2026-03-31T01:16:52.597Z,market,trade,TESTE,100071.11630641256,67,,,,BARCL,ITAU,,,
2026-03-31T01:16:52.763Z,market,trade,TESTE,100072.88334335737,32,,,,BARCL,CITI,,,
2026-03-31T01:16:52.924Z,market,trade,TESTE,100078.32192868547,84,,,,CS,MS,,,
2026-03-31T01:16:53.079Z,market,trade,TESTE,100075.78677944507,90,,,,BARCL,ITAU,,,
2026-03-31T01:16:53.245Z,market,trade,TESTE,100078.89064209186,162,,,,CS,MS,,,
2026-03-31T01:16:53.399Z,market,trade,TESTE,100065.6190220703,13,,,,XP,MS,,,
2026-03-31T01:16:53.561Z,market,trade,TESTE,100067.34699025264,96,,,,UBS,BTG,,,
2026-03-31T01:16:53.726Z,market,trade,TESTE,100071.99326055656,89,,,,ITAU,GOLDM,,,
2026-03-31T01:16:53.878Z,market,trade,TESTE,100076.13466359011,165,,,,BTG,JPM,,,
2026-03-31T01:16:54.029Z,market,trade,TESTE,100085.61981160886,24,,,,MS,JPM,,,
2026-03-31T01:16:54.183Z,market,trade,TESTE,100076.7022090657,74,,,,MS,BARCL,,,
2026-03-31T01:16:54.333Z,market,trade,TESTE,100076.76782907092,106,,,,UBS,UBS,,,
2026-03-31T01:16:54.493Z,market,trade,TESTE,100076.75203396849,29,,,,BARCL,BARCL,,,
2026-03-31T01:16:54.646Z,market,trade,TESTE,100080.387890856,62,,,,CITI,XP,,,
2026-03-31T01:16:54.798Z,market,trade,TESTE,100085.35123540211,191,,,,XP,BTG,,,
2026-03-31T01:16:54.957Z,market,trade,TESTE,100095.83263117688,177,,,,GOLDM,GOLDM,,,
2026-03-31T01:16:55.109Z,market,trade,TESTE,100085.4662454666,73,,,,BARCL,BARCL,,,
2026-03-31T01:16:55.262Z,market,trade,TESTE,100081.03496452374,169,,,,CITI,XP,,,
2026-03-31T01:16:55.414Z,market,trade,TESTE,100094.87753577647,57,,,,BARCL,CITI,,,
2026-03-31T01:16:55.566Z,market,trade,TESTE,100081.73258399729,117,,,,GOLDM,ITAU,,,
2026-03-31T01:16:55.718Z,market,trade,TESTE,100087.23709660604,66,,,,CS,BTG,,,
2026-03-31T01:16:55.878Z,market,trade,TESTE,100086.38827343621,89,,,,BARCL,ITAU,,,
2026-03-31T01:16:56.044Z,market,trade,TESTE,100085.93580570533,81,,,,UBS,GOLDM,,,
2026-03-31T01:16:56.200Z,market,trade,TESTE,100078.28650509886,79,,,,BTG,MS,,,
2026-03-31T01:16:56.364Z,market,trade,TESTE,100084.59710119871,198,,,,BTG,MS,,,
2026-03-31T01:16:56.524Z,market,trade,TESTE,100088.30211242054,198,,,,JPM,UBS,,,
2026-03-31T01:16:56.677Z,market,trade,TESTE,100073.62966274984,110,,,,CS,MS,,,
2026-03-31T01:16:56.831Z,market,trade,TESTE,100083.5505977341,186,,,,BARCL,GOLDM,,,
2026-03-31T01:16:56.994Z,market,trade,TESTE,100083.39310110146,21,,,,BTG,CS,,,
2026-03-31T01:16:57.150Z,market,trade,TESTE,100078.92122728411,119,,,,UBS,CS,,,
2026-03-31T01:16:57.311Z,market,trade,TESTE,100073.47703851118,56,,,,CITI,CS,,,
2026-03-31T01:16:57.462Z,market,trade,TESTE,100075.21311161631,131,,,,MS,GOLDM,,,
2026-03-31T01:16:57.615Z,market,trade,TESTE,100089.50051509241,170,,,,GOLDM,BTG,,,
2026-03-31T01:16:57.766Z,market,trade,TESTE,100084.57057621205,21,,,,BARCL,BTG,,,
2026-03-31T01:16:57.926Z,market,trade,TESTE,100083.22573579829,50,,,,UBS,CS,,,
2026-03-31T01:16:58.078Z,market,trade,TESTE,100085.30233536437,151,,,,GOLDM,XP,,,
2026-03-31T01:16:58.230Z,market,trade,TESTE,100084.2942154833,125,,,,CITI,JPM,,,
2026-03-31T01:16:58.382Z,market,trade,TESTE,100074.53010935371,7,,,,ITAU,JPM,,,
2026-03-31T01:16:58.533Z,market,trade,TESTE,100072.47667815562,75,,,,ITAU,BTG,,,
2026-03-31T01:16:58.693Z,market,trade,TESTE,100085.14708143508,131,,,,MS,JPM,,,
2026-03-31T01:16:58.847Z,market,trade,TESTE,100090.05448518404,134,,,,CS,CITI,,,
2026-03-31T01:16:58.998Z,market,trade,TESTE,100088.1137336741,128,,,,BARCL,XP,,,
2026-03-31T01:16:59.163Z,market,trade,TESTE,100074.00377667941,8,,,,GOLDM,BARCL,,,
2026-03-31T01:16:59.326Z,market,trade,TESTE,100080.55072514075,108,,,,BARCL,JPM,,,
2026-03-31T01:16:59.478Z,market,trade,TESTE,100083.93641032692,55,,,,ITAU,JPM,,,
2026-03-31T01:16:59.629Z,market,trade,TESTE,100072.14587519728,96,,,,ITAU,MS,,,
2026-03-31T01:16:59.782Z,market,trade,TESTE,100068.71509114676,102,,,,MS,BTG,,,
2026-03-31T01:16:59.933Z,market,trade,TESTE,100082.18478087395,81,,,,CS,MS,,,
2026-03-31T01:17:00.098Z,market,trade,TESTE,100077.62126726111,120,,,,MS,MS,,,
2026-03-31T01:17:00.262Z,market,trade,TESTE,100073.1794527251,171,,,,BTG,BTG,,,
2026-03-31T01:17:00.413Z,market,trade,TESTE,100072.53730136868,106,,,,CITI,BTG,,,
2026-03-31T01:17:00.565Z,market,trade,TESTE,100067.2887960975,70,,,,ITAU,JPM,,,
2026-03-31T01:17:00.726Z,market,trade,TESTE,100075.99744943158,53,,,,XP,XP,,,
2026-03-31T01:17:00.879Z,market,trade,TESTE,100074.22478575802,11,,,,CS,CITI,,,
2026-03-31T01:17:01.031Z,market,trade,TESTE,100074.6843140517,64,,,,GOLDM,GOLDM,,,
2026-03-31T01:17:01.183Z,market,trade,TESTE,100063.18667658673,181,,,,UBS,UBS,,,
2026-03-31T01:17:01.333Z,market,trade,TESTE,100076.99954151997,129,,,,BTG,JPM,,,
2026-03-31T01:17:01.494Z,market,trade,TESTE,100076.18168730263,141,,,,BARCL,GOLDM,,,
2026-03-31T01:17:01.646Z,market,trade,TESTE,100070.0806413838,60,,,,CS,BTG,,,
2026-03-31T01:17:01.798Z,market,trade,TESTE,100070.60694299571,169,,,,BTG,CS,,,
2026-03-31T01:17:01.966Z,market,trade,TESTE,100084.12963977944,87,,,,XP,XP,,,
2026-03-31T01:17:02.125Z,market,trade,TESTE,100085.82222434506,151,,,,UBS,UBS,,,
2026-03-31T01:17:02.277Z,market,trade,TESTE,100082.83737855988,167,,,,CITI,CITI,,,
2026-03-31T01:17:02.431Z,market,trade,TESTE,100076.78984443072,27,,,,BTG,MS,,,
2026-03-31T01:17:02.583Z,market,trade,TESTE,100072.10677298016,41,,,,BARCL,BTG,,,
2026-03-31T01:17:02.733Z,market,trade,TESTE,100069.49342903537,7,,,,BARCL,CS,,,
2026-03-31T01:17:02.897Z,market,trade,TESTE,100073.9009725496,180,,,,XP,UBS,,,
2026-03-31T01:17:03.062Z,market,trade,TESTE,100070.02033834653,60,,,,CS,JPM,,,
2026-03-31T01:17:03.214Z,market,trade,TESTE,100070.17962830738,167,,,,CS,MS,,,
2026-03-31T01:17:03.365Z,market,trade,TESTE,100067.28760165037,137,,,,CS,UBS,,,
2026-03-31T01:17:03.525Z,market,trade,TESTE,100081.61543377998,119,,,,UBS,ITAU,,,
2026-03-31T01:17:03.678Z,market,trade,TESTE,100073.9274500145,15,,,,JPM,MS,,,
2026-03-31T01:17:03.832Z,market,trade,TESTE,100080.05542075027,77,,,,XP,BARCL,,,
2026-03-31T01:17:03.983Z,market,trade,TESTE,100084.77837074305,49,,,,UBS,CS,,,
2026-03-31T01:17:04.133Z,market,trade,TESTE,100072.3134063434,90,,,,JPM,XP,,,
2026-03-31T01:17:04.292Z,market,trade,TESTE,100079.79882629667,125,,,,BTG,CITI,,,
2026-03-31T01:17:04.444Z,market,trade,TESTE,100078.4017366588,48,,,,JPM,BARCL,,,
2026-03-31T01:17:04.598Z,market,trade,TESTE,100075.89611067432,40,,,,CITI,CITI,,,
2026-03-31T01:17:04.749Z,market,trade,TESTE,100067.08368813116,118,,,,ITAU,UBS,,,
2026-03-31T01:17:04.912Z,market,trade,TESTE,100075.33060869195,197,,,,JPM,MS,,,
2026-03-31T01:17:05.078Z,market,trade,TESTE,100066.06513512216,192,,,,BARCL,CITI,,,
2026-03-31T01:17:05.228Z,market,trade,TESTE,100076.17247598582,67,,,,MS,UBS,,,
2026-03-31T01:17:05.381Z,market,trade,TESTE,100075.07197715458,78,,,,JPM,JPM,,,
2026-03-31T01:17:05.533Z,market,trade,TESTE,100071.71467451043,53,,,,CITI,CS,,,
2026-03-31T01:17:05.694Z,market,trade,TESTE,100076.67876204356,129,,,,BTG,MS,,,
2026-03-31T01:17:05.848Z,market,trade,TESTE,100064.56385579905,127,,,,CITI,UBS,,,
2026-03-31T01:17:06.014Z,market,trade,TESTE,100077.7348870103,55,,,,BARCL,CS,,,
2026-03-31T01:17:06.167Z,market,trade,TESTE,100078.35888536922,70,,,,BTG,CS,,,
2026-03-31T01:17:06.324Z,market,trade,TESTE,100079.22926317107,27,,,,BTG,BARCL,,,
2026-03-31T01:17:06.479Z,market,trade,TESTE,100080.49540548715,79,,,,UBS,GOLDM,,,
2026-03-31T01:17:06.631Z,market,trade,TESTE,100068.66052112877,129,,,,MS,BARCL,,,
2026-03-31T01:17:06.782Z,market,trade,TESTE,100069.22106178381,162,,,,UBS,XP,,,
2026-03-31T01:17:06.933Z,market,trade,TESTE,100078.27026345438,16,,,,MS,JPM,,,
2026-03-31T01:17:07.094Z,market,trade,TESTE,100077.69349516576,158,,,,MS,CS,,,
2026-03-31T01:17:07.247Z,market,trade,TESTE,100064.62737133789,51,,,,BTG,BTG,,,
2026-03-31T01:17:07.399Z,market,trade,TESTE,100069.73679683624,139,,,,JPM,BARCL,,,
2026-03-31T01:17:07.564Z,market,trade,TESTE,100072.25521170074,144,,,,GOLDM,BARCL,,,
2026-03-31T01:17:07.725Z,market,trade,TESTE,100060.27226481398,89,,,,ITAU,XP,,,
2026-03-31T01:17:07.881Z,market,trade,TESTE,100068.10772237982,98,,,,JPM,CS,,,
2026-03-31T01:17:08.046Z,market,trade,TESTE,100071.62867193246,61,,,,UBS,JPM,,,
2026-03-31T01:17:08.197Z,market,trade,TESTE,100068.46263489798,57,,,,CS,MS,,,
2026-03-31T01:17:08.348Z,market,trade,TESTE,100061.51611873889,182,,,,MS,CS,,,
2026-03-31T01:17:08.509Z,market,trade,TESTE,100058.23563034995,79,,,,XP,ITAU,,,
2026-03-31T01:17:08.661Z,market,trade,TESTE,100060.11311200408,46,,,,GOLDM,ITAU,,,
2026-03-31T01:17:08.814Z,market,trade,TESTE,100059.81459159838,22,,,,JPM,BARCL,,,
2026-03-31T01:17:08.965Z,market,trade,TESTE,100060.85321262873,44,,,,CS,GOLDM,,,
2026-03-31T01:17:09.125Z,market,trade,TESTE,100059.69149401864,49,,,,UBS,UBS,,,
2026-03-31T01:17:09.278Z,market,trade,TESTE,100057.56143719064,23,,,,JPM,GOLDM,,,
2026-03-31T01:17:09.430Z,market,trade,TESTE,100054.28221427002,107,,,,GOLDM,MS,,,
2026-03-31T01:17:09.586Z,market,trade,TESTE,100049.63931644236,102,,,,CITI,GOLDM,,,
2026-03-31T01:17:09.745Z,market,trade,TESTE,100061.65811626367,74,,,,JPM,BTG,,,
2026-03-31T01:17:09.898Z,market,trade,TESTE,100051.73802693647,196,,,,GOLDM,CS,,,
2026-03-31T01:17:10.062Z,market,trade,TESTE,100056.00646791384,180,,,,MS,JPM,,,
2026-03-31T01:17:10.213Z,market,trade,TESTE,100056.43214158775,23,,,,UBS,JPM,,,
2026-03-31T01:17:10.364Z,market,trade,TESTE,100062.88602188234,25,,,,MS,ITAU,,,
2026-03-31T01:17:10.525Z,market,trade,TESTE,100061.05217801184,78,,,,GOLDM,JPM,,,
2026-03-31T01:17:10.680Z,market,trade,TESTE,100054.25912249212,99,,,,JPM,GOLDM,,,
2026-03-31T01:17:10.831Z,market,trade,TESTE,100067.60511457658,64,,,,ITAU,CITI,,,
2026-03-31T01:17:10.991Z,market,trade,TESTE,100065.38775565829,33,,,,BTG,JPM,,,
2026-03-31T01:17:11.150Z,market,trade,TESTE,100068.68644669498,171,,,,JPM,CITI,,,
2026-03-31T01:17:11.310Z,market,trade,TESTE,100072.56721647509,115,,,,CS,JPM,,,
2026-03-31T01:17:11.462Z,market,trade,TESTE,100072.75165553449,165,,,,XP,GOLDM,,,
2026-03-31T01:17:11.615Z,market,trade,TESTE,100061.52535793041,97,,,,GOLDM,MS,,,
2026-03-31T01:17:11.766Z,market,trade,TESTE,100056.63373644953,183,,,,CITI,CITI,,,
2026-03-31T01:17:11.931Z,market,trade,TESTE,100062.81960488445,20,,,,CS,GOLDM,,,
2026-03-31T01:17:12.093Z,market,trade,TESTE,100049.4435774695,170,,,,BARCL,ITAU,,,
2026-03-31T01:17:12.246Z,market,trade,TESTE,100054.85887658864,187,,,,CITI,BTG,,,
2026-03-31T01:17:12.399Z,market,trade,TESTE,100051.86947886982,61,,,,GOLDM,GOLDM,,,
2026-03-31T01:17:12.566Z,market,trade,TESTE,100039.86096416044,169,,,,BARCL,JPM,,,
2026-03-31T01:17:12.724Z,market,trade,TESTE,100046.54594489027,107,,,,GOLDM,BARCL,,,
2026-03-31T01:17:12.882Z,market,trade,TESTE,100040.1687576173,119,,,,CITI,XP,,,
2026-03-31T01:17:13.047Z,market,trade,TESTE,100039.8497522213,92,,,,CS,UBS,,,
2026-03-31T01:17:13.198Z,market,trade,TESTE,100040.14914113769,137,,,,XP,BTG,,,
2026-03-31T01:17:13.349Z,market,trade,TESTE,100053.66476626882,117,,,,BTG,XP,,,
2026-03-31T01:17:13.509Z,market,trade,TESTE,100046.68413677656,67,,,,BTG,CS,,,
2026-03-31T01:17:13.661Z,market,trade,TESTE,100056.90010074271,35,,,,ITAU,CS,,,
2026-03-31T01:17:13.813Z,market,trade,TESTE,100054.44666247013,154,,,,ITAU,ITAU,,,
2026-03-31T01:17:13.966Z,market,trade,TESTE,100039.51650205695,120,,,,JPM,BARCL,,,
2026-03-31T01:17:14.125Z,market,trade,TESTE,100054.10461310224,93,,,,GOLDM,JPM,,,
2026-03-31T01:17:14.290Z,market,trade,TESTE,100043.50281026187,95,,,,BARCL,CITI,,,
2026-03-31T01:17:14.447Z,market,trade,TESTE,100053.15761519724,166,,,,UBS,CITI,,,
2026-03-31T01:17:14.598Z,market,trade,TESTE,100051.64541079769,197,,,,UBS,XP,,,
2026-03-31T01:17:14.749Z,market,trade,TESTE,100051.21073824013,166,,,,JPM,MS,,,
2026-03-31T01:17:14.908Z,market,trade,TESTE,100054.04693006685,129,,,,CS,ITAU,,,
2026-03-31T01:17:15.062Z,market,trade,TESTE,100047.43351679151,181,,,,BTG,UBS,,,
2026-03-31T01:17:15.214Z,market,trade,TESTE,100060.22574712116,183,,,,CITI,MS,,,
2026-03-31T01:17:15.366Z,market,trade,TESTE,100056.70930510615,170,,,,ITAU,CITI,,,
2026-03-31T01:17:15.524Z,market,trade,TESTE,100060.44007320503,175,,,,CITI,XP,,,
2026-03-31T01:17:15.676Z,market,trade,TESTE,100054.02931295909,16,,,,XP,CITI,,,
2026-03-31T01:17:15.832Z,market,trade,TESTE,100051.24932251025,54,,,,BTG,BARCL,,,
2026-03-31T01:17:15.997Z,market,trade,TESTE,100059.90229015457,61,,,,UBS,ITAU,,,
2026-03-31T01:17:16.148Z,market,trade,TESTE,100055.32091657234,139,,,,BTG,XP,,,
2026-03-31T01:17:16.308Z,market,trade,TESTE,100045.80009424109,33,,,,UBS,JPM,,,
2026-03-31T01:17:16.461Z,market,trade,TESTE,100059.10900387377,46,,,,CS,CITI,,,
2026-03-31T01:17:16.614Z,market,trade,TESTE,100052.85350805441,52,,,,XP,CS,,,
2026-03-31T01:17:16.766Z,market,trade,TESTE,100050.06766721686,18,,,,XP,MS,,,
2026-03-31T01:17:16.924Z,market,trade,TESTE,100049.21537813278,10,,,,UBS,MS,,,
2026-03-31T01:17:17.075Z,market,trade,TESTE,100060.07880984207,196,,,,BARCL,MS,,,
2026-03-31T01:17:17.230Z,market,trade,TESTE,100056.21959908158,87,,,,MS,GOLDM,,,
2026-03-31T01:17:17.382Z,market,trade,TESTE,100045.98645804654,72,,,,BARCL,GOLDM,,,
2026-03-31T01:17:17.533Z,market,trade,TESTE,100050.39761685386,198,,,,ITAU,JPM,,,
2026-03-31T01:17:17.692Z,market,trade,TESTE,100050.2364893501,27,,,,BARCL,GOLDM,,,
2026-03-31T01:17:17.847Z,market,trade,TESTE,100058.52277078733,168,,,,BARCL,CITI,,,
2026-03-31T01:17:17.998Z,market,trade,TESTE,100047.83762127336,98,,,,BARCL,JPM,,,
2026-03-31T01:17:18.149Z,market,trade,TESTE,100047.07981053859,193,,,,CITI,JPM,,,
2026-03-31T01:17:18.309Z,market,trade,TESTE,100055.72739441198,98,,,,XP,ITAU,,,
2026-03-31T01:17:18.475Z,market,trade,TESTE,100041.81636987028,143,,,,GOLDM,UBS,,,
2026-03-31T01:17:18.630Z,market,trade,TESTE,100046.93221113132,143,,,,UBS,MS,,,
2026-03-31T01:17:18.783Z,market,trade,TESTE,100049.28725212203,157,,,,JPM,CITI,,,
2026-03-31T01:17:18.933Z,market,trade,TESTE,100040.51434376996,71,,,,CITI,GOLDM,,,
2026-03-31T01:17:19.094Z,market,trade,TESTE,100043.88542104058,159,,,,JPM,CS,,,
2026-03-31T01:17:19.246Z,market,trade,TESTE,100048.44217875566,81,,,,JPM,CITI,,,
2026-03-31T01:17:19.398Z,market,trade,TESTE,100063.31241774882,158,,,,XP,ITAU,,,
2026-03-31T01:17:19.549Z,market,trade,TESTE,100056.49378554229,72,,,,BARCL,CS,,,
2026-03-31T01:17:19.708Z,market,trade,TESTE,100055.17576929762,88,,,,GOLDM,UBS,,,
2026-03-31T01:17:19.859Z,market,trade,TESTE,100053.03954254425,138,,,,CITI,BARCL,,,
2026-03-31T01:17:20.014Z,market,trade,TESTE,100061.46306211528,36,,,,BARCL,XP,,,
2026-03-31T01:17:20.166Z,market,trade,TESTE,100048.10711725809,193,,,,MS,CS,,,
2026-03-31T01:17:20.324Z,market,trade,TESTE,100050.46702643801,80,,,,MS,CS,,,
2026-03-31T01:17:20.478Z,market,trade,TESTE,100048.27947401504,27,,,,XP,CITI,,,
2026-03-31T01:17:20.629Z,market,trade,TESTE,100045.31715893905,78,,,,BARCL,UBS,,,
2026-03-31T01:17:20.783Z,market,trade,TESTE,100055.2707574659,105,,,,CS,JPM,,,
2026-03-31T01:17:20.948Z,market,trade,TESTE,100048.47352071459,50,,,,ITAU,ITAU,,,
2026-03-31T01:17:21.108Z,market,trade,TESTE,100050.0521789063,139,,,,JPM,CS,,,
2026-03-31T01:17:21.261Z,market,trade,TESTE,100063.47351536888,39,,,,CS,BARCL,,,
2026-03-31T01:17:21.414Z,market,trade,TESTE,100057.1675151934,134,,,,BARCL,MS,,,
2026-03-31T01:17:21.566Z,market,trade,TESTE,100063.96063704585,86,,,,GOLDM,CITI,,,
2026-03-31T01:17:21.728Z,market,trade,TESTE,100059.65616660497,134,,,,UBS,CITI,,,
2026-03-31T01:17:21.894Z,market,trade,TESTE,100063.63842796536,75,,,,BARCL,CITI,,,
2026-03-31T01:17:22.045Z,market,trade,TESTE,100054.34678134788,197,,,,BTG,JPM,,,
2026-03-31T01:17:22.198Z,market,trade,TESTE,100066.7213761856,57,,,,MS,CS,,,
2026-03-31T01:17:22.350Z,market,trade,TESTE,100068.08346908855,102,,,,BARCL,UBS,,,
2026-03-31T01:17:22.510Z,market,trade,TESTE,100060.40548387288,79,,,,BTG,MS,,,
2026-03-31T01:17:22.660Z,market,trade,TESTE,100065.7236882357,99,,,,BARCL,ITAU,,,
2026-03-31T01:17:22.814Z,market,trade,TESTE,100054.58898062607,8,,,,CITI,UBS,,,
2026-03-31T01:17:22.964Z,market,trade,TESTE,100053.21368753242,105,,,,XP,BARCL,,,
2026-03-31T01:17:23.124Z,market,trade,TESTE,100053.23255989162,103,,,,CS,BARCL,,,
2026-03-31T01:17:23.277Z,market,trade,TESTE,100061.91254189653,132,,,,BTG,BTG,,,
2026-03-31T01:17:23.428Z,market,trade,TESTE,100059.83364835332,171,,,,GOLDM,ITAU,,,
2026-03-31T01:17:23.583Z,market,trade,TESTE,100045.07301395545,126,,,,JPM,JPM,,,
2026-03-31T01:17:23.748Z,market,trade,TESTE,100044.78709623667,92,,,,MS,MS,,,
2026-03-31T01:17:23.907Z,market,trade,TESTE,100054.49987224508,14,,,,JPM,GOLDM,,,
2026-03-31T01:17:24.062Z,market,trade,TESTE,100058.44314874572,23,,,,XP,XP,,,
2026-03-31T01:17:24.214Z,market,trade,TESTE,100060.18404474862,102,,,,ITAU,GOLDM,,,
2026-03-31T01:17:24.365Z,market,trade,TESTE,100050.85649073965,172,,,,CS,CS,,,
2026-03-31T01:17:24.523Z,market,trade,TESTE,100062.1445890785,154,,,,ITAU,CS,,,
2026-03-31T01:17:24.679Z,market,trade,TESTE,100049.08730829576,189,,,,UBS,XP,,,
2026-03-31T01:17:24.831Z,market,trade,TESTE,100055.64772034663,195,,,,MS,CS,,,
2026-03-31T01:17:24.982Z,market,trade,TESTE,100055.56115434495,75,,,,CITI,CS,,,
2026-03-31T01:17:25.133Z,market,trade,TESTE,100041.68838509587,27,,,,CS,CITI,,,
2026-03-31T01:17:25.294Z,market,trade,TESTE,100037.97474377711,147,,,,JPM,BARCL,,,
2026-03-31T01:17:25.460Z,market,trade,TESTE,100036.74986639436,92,,,,UBS,ITAU,,,
2026-03-31T01:17:25.614Z,market,trade,TESTE,100045.47984565911,183,,,,BARCL,CITI,,,
2026-03-31T01:17:25.766Z,market,trade,TESTE,100043.40541323384,94,,,,BARCL,BARCL,,,
2026-03-31T01:17:25.927Z,market,trade,TESTE,100045.11594473997,168,,,,MS,JPM,,,
2026-03-31T01:17:26.080Z,market,trade,TESTE,100037.87322672512,188,,,,BARCL,BTG,,,
2026-03-31T01:17:26.230Z,market,trade,TESTE,100045.83210936458,140,,,,ITAU,XP,,,
2026-03-31T01:17:26.383Z,market,trade,TESTE,100038.01736171407,155,,,,MS,XP,,,
2026-03-31T01:17:26.548Z,market,trade,TESTE,100039.57061566516,44,,,,BARCL,JPM,,,
2026-03-31T01:17:26.709Z,market,trade,TESTE,100036.18671421074,5,,,,BARCL,XP,,,
2026-03-31T01:17:26.862Z,market,trade,TESTE,100042.76346455414,155,,,,XP,JPM,,,
2026-03-31T01:17:27.015Z,market,trade,TESTE,100032.68674073822,185,,,,XP,XP,,,
2026-03-31T01:17:27.166Z,market,trade,TESTE,100028.66011842554,68,,,,JPM,GOLDM,,,
2026-03-31T01:17:27.326Z,market,trade,TESTE,100036.89960425675,52,,,,XP,GOLDM,,,
2026-03-31T01:17:27.477Z,market,trade,TESTE,100023.90657134932,11,,,,MS,UBS,,,
2026-03-31T01:17:27.628Z,market,trade,TESTE,100024.97486882459,62,,,,XP,UBS,,,
2026-03-31T01:17:27.784Z,market,trade,TESTE,100027.86786858687,63,,,,GOLDM,CS,,,
2026-03-31T01:17:27.943Z,market,trade,TESTE,100023.24191562379,161,,,,ITAU,CS,,,
2026-03-31T01:17:28.096Z,market,trade,TESTE,100028.86680584648,17,,,,JPM,JPM,,,
2026-03-31T01:17:28.262Z,market,trade,TESTE,100020.84465468506,74,,,,GOLDM,UBS,,,
2026-03-31T01:17:28.414Z,market,trade,TESTE,100035.83673895051,160,,,,JPM,XP,,,
2026-03-31T01:17:28.566Z,market,trade,TESTE,100026.24136033123,137,,,,MS,UBS,,,
2026-03-31T01:17:28.726Z,market,trade,TESTE,100030.19584929933,108,,,,CS,JPM,,,
2026-03-31T01:17:28.878Z,market,trade,TESTE,100038.50097184816,19,,,,CS,CITI,,,
2026-03-31T01:17:29.032Z,market,trade,TESTE,100036.11309286974,128,,,,UBS,XP,,,
2026-03-31T01:17:29.182Z,market,trade,TESTE,100023.2761730984,13,,,,BARCL,CS,,,
2026-03-31T01:17:29.333Z,market,trade,TESTE,100030.01844120392,22,,,,JPM,GOLDM,,,
2026-03-31T01:17:29.493Z,market,trade,TESTE,100031.24796971155,164,,,,GOLDM,MS,,,
2026-03-31T01:17:29.646Z,market,trade,TESTE,100030.6721278415,188,,,,GOLDM,XP,,,
2026-03-31T01:17:29.798Z,market,trade,TESTE,100020.23898395424,64,,,,ITAU,ITAU,,,
2026-03-31T01:17:29.966Z,market,trade,TESTE,100016.54287841437,9,,,,CITI,MS,,,
2026-03-31T01:17:30.129Z,market,trade,TESTE,100013.87334565097,27,,,,CS,CITI,,,
2026-03-31T01:17:30.294Z,market,trade,TESTE,100019.86247475076,147,,,,CS,CITI,,,
2026-03-31T01:17:30.446Z,market,trade,TESTE,100023.34839693517,72,,,,MS,UBS,,,
2026-03-31T01:17:30.597Z,market,trade,TESTE,100019.75323830087,187,,,,CITI,CITI,,,
2026-03-31T01:17:30.749Z,market,trade,TESTE,100020.66731866126,127,,,,MS,BTG,,,
2026-03-31T01:17:30.910Z,market,trade,TESTE,100016.98979632153,165,,,,ITAU,BTG,,,
2026-03-31T01:17:31.065Z,market,trade,TESTE,100016.81302062492,22,,,,BTG,XP,,,
2026-03-31T01:17:31.229Z,market,trade,TESTE,100019.13085643393,139,,,,XP,BARCL,,,
2026-03-31T01:17:31.382Z,market,trade,TESTE,100023.64712472758,18,,,,ITAU,BTG,,,
2026-03-31T01:17:31.538Z,market,trade,TESTE,100012.72753641207,61,,,,BARCL,BTG,,,
2026-03-31T01:17:31.692Z,market,trade,TESTE,100027.5459994401,194,,,,BTG,CITI,,,
2026-03-31T01:17:31.845Z,market,trade,TESTE,100013.81787394888,110,,,,JPM,CS,,,
2026-03-31T01:17:31.998Z,market,trade,TESTE,100023.49322931253,18,,,,ITAU,CITI,,,
2026-03-31T01:17:32.166Z,market,trade,TESTE,100021.4322855326,144,,,,MS,XP,,,
2026-03-31T01:17:32.323Z,market,trade,TESTE,100012.67735745946,109,,,,CS,BARCL,,,
2026-03-31T01:17:32.478Z,market,trade,TESTE,100010.41052863168,102,,,,GOLDM,JPM,,,
2026-03-31T01:17:32.631Z,market,trade,TESTE,100018.77210258608,124,,,,CITI,CS,,,
2026-03-31T01:17:32.782Z,market,trade,TESTE,100008.30123948221,113,,,,JPM,MS,,,
2026-03-31T01:17:32.940Z,market,trade,TESTE,100007.57973625697,61,,,,UBS,UBS,,,
2026-03-31T01:17:33.099Z,market,trade,TESTE,100014.01767796715,82,,,,BTG,BTG,,,
2026-03-31T01:17:33.260Z,market,trade,TESTE,100009.80052271768,91,,,,GOLDM,XP,,,
2026-03-31T01:17:33.415Z,market,trade,TESTE,100009.65026840178,183,,,,JPM,BARCL,,,
2026-03-31T01:17:33.566Z,market,trade,TESTE,100003.86976536103,23,,,,ITAU,CITI,,,
2026-03-31T01:17:33.725Z,market,trade,TESTE,100014.9443972481,107,,,,BARCL,GOLDM,,,
2026-03-31T01:17:33.878Z,market,trade,TESTE,100002.24651830303,123,,,,CS,CS,,,
2026-03-31T01:17:34.030Z,market,trade,TESTE,100007.6274500729,142,,,,CITI,BTG,,,
2026-03-31T01:17:34.181Z,market,trade,TESTE,99995.10331931802,95,,,,JPM,ITAU,,,
2026-03-31T01:17:34.333Z,market,trade,TESTE,100006.79351891878,26,,,,BARCL,GOLDM,,,
2026-03-31T01:17:34.494Z,market,trade,TESTE,99998.85654817417,147,,,,XP,UBS,,,
2026-03-31T01:17:34.646Z,market,trade,TESTE,99996.40846242572,187,,,,XP,JPM,,,
2026-03-31T01:17:34.798Z,market,trade,TESTE,100007.16900435192,37,,,,CITI,BARCL,,,
2026-03-31T01:17:34.948Z,market,trade,TESTE,100006.4008006233,83,,,,CS,GOLDM,,,
2026-03-31T01:17:35.099Z,market,trade,TESTE,100009.7939215254,194,,,,CITI,GOLDM,,,
2026-03-31T01:17:35.261Z,market,trade,TESTE,100007.3981036436,98,,,,CS,XP,,,
2026-03-31T01:17:35.415Z,market,trade,TESTE,100006.35704116947,185,,,,BARCL,JPM,,,
2026-03-31T01:17:35.565Z,market,trade,TESTE,100006.3657168833,50,,,,JPM,UBS,,,
2026-03-31T01:17:35.724Z,market,trade,TESTE,100008.63503310143,6,,,,UBS,CS,,,
2026-03-31T01:17:35.878Z,market,trade,TESTE,100003.04864529645,28,,,,UBS,UBS,,,
2026-03-31T01:17:36.030Z,market,trade,TESTE,100007.54147192392,180,,,,CS,MS,,,
2026-03-31T01:17:36.181Z,market,trade,TESTE,100015.90923203196,43,,,,UBS,ITAU,,,
2026-03-31T01:17:36.342Z,market,trade,TESTE,100004.92882023437,183,,,,GOLDM,UBS,,,
2026-03-31T01:17:36.494Z,market,trade,TESTE,100014.80722572374,185,,,,GOLDM,CITI,,,
2026-03-31T01:17:36.646Z,market,trade,TESTE,100008.73516816452,113,,,,GOLDM,MS,,,
2026-03-31T01:17:36.798Z,market,trade,TESTE,100003.94279544544,184,,,,BTG,JPM,,,
2026-03-31T01:17:36.966Z,market,trade,TESTE,100009.8964555782,134,,,,MS,MS,,,
2026-03-31T01:17:37.131Z,market,trade,TESTE,100013.43262495108,192,,,,CS,BARCL,,,
2026-03-31T01:17:37.294Z,market,trade,TESTE,100004.5850694168,155,,,,MS,JPM,,,
2026-03-31T01:17:37.445Z,market,trade,TESTE,100015.34306986663,129,,,,GOLDM,MS,,,
2026-03-31T01:17:37.598Z,market,trade,TESTE,100001.58429629923,35,,,,UBS,BTG,,,
2026-03-31T01:17:37.749Z,market,trade,TESTE,100014.14133786855,119,,,,CS,CS,,,
2026-03-31T01:17:37.911Z,market,trade,TESTE,100017.53962087426,119,,,,XP,ITAU,,,
2026-03-31T01:17:38.063Z,market,trade,TESTE,100016.08709217692,139,,,,BTG,BARCL,,,
2026-03-31T01:17:38.214Z,market,trade,TESTE,100008.7234421912,20,,,,ITAU,BTG,,,
2026-03-31T01:17:38.365Z,market,trade,TESTE,100008.4438725064,39,,,,CS,MS,,,
2026-03-31T01:17:38.525Z,market,trade,TESTE,100022.48910075672,175,,,,CITI,CS,,,
2026-03-31T01:17:38.677Z,market,trade,TESTE,100021.99670745728,78,,,,BARCL,BARCL,,,
2026-03-31T01:17:38.831Z,market,trade,TESTE,100012.44000518262,200,,,,CITI,CS,,,
2026-03-31T01:17:38.982Z,market,trade,TESTE,100018.09395808092,79,,,,CITI,BARCL,,,
2026-03-31T01:17:39.139Z,market,trade,TESTE,100016.4611931561,160,,,,ITAU,ITAU,,,
2026-03-31T01:17:39.293Z,market,trade,TESTE,100017.0405730251,43,,,,CS,XP,,,
2026-03-31T01:17:39.446Z,market,trade,TESTE,100013.54108029584,151,,,,BARCL,BARCL,,,
2026-03-31T01:17:39.598Z,market,trade,TESTE,100014.21802647103,143,,,,CITI,CS,,,
2026-03-31T01:17:39.749Z,market,trade,TESTE,100000.17748300967,90,,,,XP,CITI,,,
2026-03-31T01:17:39.910Z,market,trade,TESTE,99995.27928525725,45,,,,CITI,XP,,,
2026-03-31T01:17:40.062Z,market,trade,TESTE,99997.49166000054,35,,,,BARCL,UBS,,,
2026-03-31T01:17:40.213Z,market,trade,TESTE,100007.6309697601,146,,,,XP,BARCL,,,
2026-03-31T01:17:40.367Z,market,trade,TESTE,100011.78412840703,31,,,,JPM,CITI,,,
2026-03-31T01:17:40.526Z,market,trade,TESTE,100009.08848781079,27,,,,ITAU,ITAU,,,
2026-03-31T01:17:40.678Z,market,trade,TESTE,99996.30967584015,80,,,,BARCL,GOLDM,,,
2026-03-31T01:17:40.830Z,market,trade,TESTE,100005.03517791882,133,,,,BTG,UBS,,,
2026-03-31T01:17:40.982Z,market,trade,TESTE,99999.59960160602,110,,,,GOLDM,CITI,,,
2026-03-31T01:17:41.140Z,market,trade,TESTE,99999.58405933292,184,,,,XP,CITI,,,
2026-03-31T01:17:41.291Z,market,trade,TESTE,100004.76284326914,166,,,,ITAU,XP,,,
2026-03-31T01:17:41.447Z,market,trade,TESTE,99997.36449342941,11,,,,XP,XP,,,
2026-03-31T01:17:41.613Z,market,trade,TESTE,99997.78566108327,117,,,,BTG,JPM,,,
2026-03-31T01:17:41.766Z,market,trade,TESTE,100006.5977971626,186,,,,ITAU,BARCL,,,
2026-03-31T01:17:41.927Z,market,trade,TESTE,100007.89663867776,113,,,,MS,BTG,,,
2026-03-31T01:17:42.078Z,market,trade,TESTE,99998.3979113843,190,,,,CITI,JPM,,,
2026-03-31T01:17:42.230Z,market,trade,TESTE,100003.39399622289,52,,,,XP,ITAU,,,
2026-03-31T01:17:42.382Z,market,trade,TESTE,99999.37880449262,174,,,,BARCL,XP,,,
2026-03-31T01:17:42.533Z,market,trade,TESTE,100001.25917657817,170,,,,UBS,GOLDM,,,
2026-03-31T01:17:42.693Z,market,trade,TESTE,100008.30649432808,149,,,,CITI,BTG,,,
2026-03-31T01:17:42.845Z,market,trade,TESTE,100009.61106857621,149,,,,GOLDM,BARCL,,,
2026-03-31T01:17:42.998Z,market,trade,TESTE,100003.36380639888,137,,,,GOLDM,BTG,,,
2026-03-31T01:17:43.166Z,market,trade,TESTE,100013.37736509422,164,,,,BTG,XP,,,
2026-03-31T01:17:43.326Z,market,trade,TESTE,100009.61156037946,40,,,,XP,ITAU,,,
2026-03-31T01:17:43.477Z,market,trade,TESTE,99998.30472835003,200,,,,GOLDM,GOLDM,,,
2026-03-31T01:17:43.629Z,market,trade,TESTE,100000.73475011672,137,,,,GOLDM,JPM,,,
2026-03-31T01:17:43.782Z,market,trade,TESTE,100004.50265594943,116,,,,CITI,MS,,,
2026-03-31T01:17:43.933Z,market,trade,TESTE,100019.47442113256,167,,,,BARCL,BTG,,,
2026-03-31T01:17:44.092Z,market,trade,TESTE,100012.1902153177,13,,,,BARCL,CS,,,
2026-03-31T01:17:44.248Z,market,trade,TESTE,100014.80399097753,168,,,,BARCL,ITAU,,,
2026-03-31T01:17:44.414Z,market,trade,TESTE,100018.85062756977,89,,,,CITI,JPM,,,
2026-03-31T01:17:44.566Z,market,trade,TESTE,100019.71259855336,170,,,,CS,GOLDM,,,
2026-03-31T01:17:44.732Z,market,trade,TESTE,100031.2377367317,140,,,,XP,MS,,,
2026-03-31T01:17:44.893Z,market,trade,TESTE,100028.90031244147,103,,,,BARCL,MS,,,
2026-03-31T01:17:45.046Z,market,trade,TESTE,100030.57467891033,37,,,,JPM,CITI,,,
2026-03-31T01:17:45.198Z,market,trade,TESTE,100017.29545626098,66,,,,MS,BARCL,,,
2026-03-31T01:17:45.349Z,market,trade,TESTE,100013.05747079289,78,,,,ITAU,XP,,,
2026-03-31T01:17:45.509Z,market,trade,TESTE,100018.8099044692,155,,,,CITI,XP,,,
2026-03-31T01:17:45.662Z,market,trade,TESTE,100020.79715748383,70,,,,BARCL,UBS,,,
2026-03-31T01:17:45.814Z,market,trade,TESTE,100010.3370515889,13,,,,CS,BARCL,,,
2026-03-31T01:17:45.966Z,market,trade,TESTE,100014.18270252805,97,,,,CS,CITI,,,
2026-03-31T01:17:46.131Z,market,trade,TESTE,100026.19224179137,164,,,,UBS,CS,,,
2026-03-31T01:17:46.296Z,market,trade,TESTE,100019.61272426907,67,,,,UBS,GOLDM,,,
2026-03-31T01:17:46.447Z,market,trade,TESTE,100016.4272345854,26,,,,GOLDM,GOLDM,,,
2026-03-31T01:17:46.598Z,market,trade,TESTE,100021.04753382261,33,,,,XP,BARCL,,,
2026-03-31T01:17:46.749Z,market,trade,TESTE,100018.03555485097,27,,,,XP,JPM,,,
2026-03-31T01:17:46.911Z,market,trade,TESTE,100026.82241709,16,,,,UBS,CITI,,,
2026-03-31T01:17:47.061Z,market,trade,TESTE,100025.2623817173,10,,,,XP,UBS,,,
2026-03-31T01:17:47.215Z,market,trade,TESTE,100029.9673095977,86,,,,XP,BARCL,,,
2026-03-31T01:17:47.366Z,market,trade,TESTE,100016.69501215983,28,,,,CS,GOLDM,,,
2026-03-31T01:17:47.524Z,market,trade,TESTE,100022.11360650962,120,,,,BARCL,XP,,,
2026-03-31T01:17:47.679Z,market,trade,TESTE,100012.76221508016,82,,,,CITI,BARCL,,,
2026-03-31T01:17:47.845Z,market,trade,TESTE,100011.22952927032,30,,,,UBS,BTG,,,
2026-03-31T01:17:47.998Z,market,trade,TESTE,100013.13508031725,86,,,,JPM,BARCL,,,
2026-03-31T01:17:48.166Z,market,trade,TESTE,100008.93106454052,146,,,,JPM,CS,,,
2026-03-31T01:17:48.329Z,market,trade,TESTE,100021.82003303317,73,,,,GOLDM,BTG,,,
2026-03-31T01:17:48.494Z,market,trade,TESTE,100023.80219263856,106,,,,MS,XP,,,
2026-03-31T01:17:48.644Z,market,trade,TESTE,100017.56403844377,125,,,,CITI,GOLDM,,,
2026-03-31T01:17:48.798Z,market,trade,TESTE,100025.06027509167,110,,,,ITAU,BARCL,,,
2026-03-31T01:17:48.949Z,market,trade,TESTE,100019.38019085326,25,,,,MS,XP,,,
2026-03-31T01:17:49.109Z,market,trade,TESTE,100020.93039074892,120,,,,GOLDM,CITI,,,
2026-03-31T01:17:49.265Z,market,trade,TESTE,100021.58158066736,48,,,,JPM,MS,,,
2026-03-31T01:17:49.430Z,market,trade,TESTE,100034.47063914222,123,,,,MS,UBS,,,
2026-03-31T01:17:49.582Z,market,trade,TESTE,100020.92258321194,32,,,,BTG,MS,,,
2026-03-31T01:17:49.733Z,market,trade,TESTE,100026.60593414729,169,,,,GOLDM,BARCL,,,
2026-03-31T01:17:49.892Z,market,trade,TESTE,100029.08795718459,25,,,,ITAU,GOLDM,,,
2026-03-31T01:17:50.046Z,market,trade,TESTE,100032.54632907719,136,,,,BARCL,JPM,,,
2026-03-31T01:17:50.199Z,market,trade,TESTE,100037.30741972307,72,,,,BTG,GOLDM,,,
2026-03-31T01:17:50.366Z,market,trade,TESTE,100026.12238486875,97,,,,MS,BTG,,,
2026-03-31T01:17:50.524Z,market,trade,TESTE,100024.68048997057,139,,,,UBS,JPM,,,
2026-03-31T01:17:50.678Z,market,trade,TESTE,100021.45998271104,85,,,,BARCL,GOLDM,,,
2026-03-31T01:17:50.829Z,market,trade,TESTE,100035.03042507876,13,,,,CS,MS,,,
2026-03-31T01:17:50.982Z,market,trade,TESTE,100035.9399299132,23,,,,GOLDM,MS,,,
2026-03-31T01:17:51.138Z,market,trade,TESTE,100024.75115047615,175,,,,XP,CITI,,,
2026-03-31T01:17:51.298Z,market,trade,TESTE,100032.34790143407,193,,,,JPM,JPM,,,
2026-03-31T01:17:51.460Z,market,trade,TESTE,100029.4769397313,171,,,,BTG,CS,,,
2026-03-31T01:17:51.614Z,market,trade,TESTE,100017.08358334748,180,,,,ITAU,BTG,,,
2026-03-31T01:17:51.766Z,market,trade,TESTE,100027.8748134213,143,,,,JPM,ITAU,,,
2026-03-31T01:17:51.931Z,market,trade,TESTE,100023.15380478736,8,,,,JPM,CS,,,
2026-03-31T01:17:52.092Z,market,trade,TESTE,100017.77638476457,23,,,,UBS,GOLDM,,,
2026-03-31T01:17:52.246Z,market,trade,TESTE,100028.16911210913,192,,,,ITAU,MS,,,
2026-03-31T01:17:52.398Z,market,trade,TESTE,100019.31141223015,45,,,,UBS,JPM,,,
2026-03-31T01:17:52.566Z,market,trade,TESTE,100022.09766683947,36,,,,CS,BTG,,,
2026-03-31T01:17:52.724Z,market,trade,TESTE,100033.71638118908,96,,,,UBS,GOLDM,,,
2026-03-31T01:17:52.878Z,market,trade,TESTE,100034.71412010097,35,,,,JPM,CS,,,
2026-03-31T01:17:53.029Z,market,trade,TESTE,100036.23068381006,57,,,,GOLDM,JPM,,,
2026-03-31T01:17:53.182Z,market,trade,TESTE,100035.66989370137,17,,,,BARCL,UBS,,,
2026-03-31T01:17:53.349Z,market,trade,TESTE,100022.7311988844,24,,,,MS,ITAU,,,
2026-03-31T01:17:53.509Z,market,trade,TESTE,100019.89822230497,106,,,,ITAU,CITI,,,
2026-03-31T01:17:53.662Z,market,trade,TESTE,100027.50887375456,39,,,,CITI,BTG,,,
2026-03-31T01:17:53.814Z,market,trade,TESTE,100021.21133226377,131,,,,MS,JPM,,,
2026-03-31T01:17:53.966Z,market,trade,TESTE,100018.15271262429,28,,,,CS,CITI,,,
2026-03-31T01:17:54.124Z,market,trade,TESTE,100032.24452301794,9,,,,CS,BTG,,,
2026-03-31T01:17:54.278Z,market,trade,TESTE,100033.26707350591,52,,,,CS,MS,,,
2026-03-31T01:17:54.430Z,market,trade,TESTE,100034.58282840923,193,,,,CITI,CS,,,
2026-03-31T01:17:54.582Z,market,trade,TESTE,100023.0556664227,134,,,,BARCL,XP,,,
2026-03-31T01:17:54.733Z,market,trade,TESTE,100024.70797365878,33,,,,CS,ITAU,,,
2026-03-31T01:17:54.893Z,market,trade,TESTE,100019.98663494126,85,,,,CITI,BARCL,,,
2026-03-31T01:17:55.045Z,market,trade,TESTE,100018.97571646968,138,,,,MS,MS,,,
2026-03-31T01:17:55.198Z,market,trade,TESTE,100015.33875637074,199,,,,GOLDM,XP,,,
2026-03-31T01:17:55.349Z,market,trade,TESTE,100011.29623469932,156,,,,CITI,GOLDM,,,
2026-03-31T01:17:55.511Z,market,trade,TESTE,100023.92662688652,118,,,,UBS,GOLDM,,,
2026-03-31T01:17:55.662Z,market,trade,TESTE,100021.38597931428,133,,,,BTG,CITI,,,
2026-03-31T01:17:55.814Z,market,trade,TESTE,100010.6372427943,154,,,,GOLDM,ITAU,,,
2026-03-31T01:17:55.966Z,market,trade,TESTE,100016.04170668939,173,,,,GOLDM,BTG,,,
2026-03-31T01:17:56.124Z,market,trade,TESTE,100003.4774011537,73,,,,BTG,MS,,,
2026-03-31T01:17:56.278Z,market,trade,TESTE,100005.45885755714,178,,,,CS,CS,,,
2026-03-31T01:17:56.430Z,market,trade,TESTE,100003.34030608214,168,,,,UBS,CITI,,,
2026-03-31T01:17:56.581Z,market,trade,TESTE,100008.12549143966,13,,,,GOLDM,MS,,,
2026-03-31T01:17:56.739Z,market,trade,TESTE,100015.70771686673,101,,,,ITAU,XP,,,
2026-03-31T01:17:56.895Z,market,trade,TESTE,100006.4379882816,95,,,,ITAU,CITI,,,
2026-03-31T01:17:57.046Z,market,trade,TESTE,100014.35331570942,134,,,,UBS,UBS,,,
2026-03-31T01:17:57.199Z,market,trade,TESTE,100013.11460678339,12,,,,JPM,JPM,,,
2026-03-31T01:17:57.366Z,market,trade,TESTE,100013.16228606275,116,,,,MS,XP,,,
2026-03-31T01:17:57.525Z,market,trade,TESTE,100014.12499078576,158,,,,MS,CS,,,
2026-03-31T01:17:57.678Z,market,trade,TESTE,100012.69248660191,167,,,,CS,BARCL,,,
2026-03-31T01:17:57.830Z,market,trade,TESTE,100017.60388894001,61,,,,CITI,UBS,,,
2026-03-31T01:17:57.982Z,market,trade,TESTE,100019.14337452293,166,,,,BTG,BTG,,,
2026-03-31T01:17:58.133Z,market,trade,TESTE,100020.57724033888,93,,,,BTG,CS,,,
2026-03-31T01:17:58.293Z,market,trade,TESTE,100008.94074702772,174,,,,GOLDM,MS,,,
2026-03-31T01:17:58.445Z,market,trade,TESTE,100005.98625969935,89,,,,UBS,BARCL,,,
2026-03-31T01:17:58.598Z,market,trade,TESTE,100016.06973095861,34,,,,ITAU,GOLDM,,,
2026-03-31T01:17:58.763Z,market,trade,TESTE,100014.12442411786,22,,,,BARCL,ITAU,,,
2026-03-31T01:17:58.923Z,market,trade,TESTE,100003.93267602156,158,,,,CITI,MS,,,
2026-03-31T01:17:59.078Z,market,trade,TESTE,100005.23559259105,196,,,,BTG,BARCL,,,
2026-03-31T01:17:59.230Z,market,trade,TESTE,100011.4117449425,125,,,,CS,MS,,,
2026-03-31T01:17:59.382Z,market,trade,TESTE,100010.39911568267,104,,,,CITI,UBS,,,
2026-03-31T01:17:59.533Z,market,trade,TESTE,100008.95587886339,180,,,,UBS,ITAU,,,
2026-03-31T01:17:59.693Z,market,trade,TESTE,99997.07121567505,68,,,,MS,BARCL,,,
2026-03-31T01:17:59.844Z,market,trade,TESTE,100008.21288592914,134,,,,CITI,CITI,,,
2026-03-31T01:17:59.998Z,market,trade,TESTE,99998.51962673978,100,,,,CITI,BARCL,,,
2026-03-31T01:18:00.163Z,market,trade,TESTE,99994.63756923226,47,,,,MS,MS,,,
2026-03-31T01:18:00.327Z,market,trade,TESTE,99999.39067438025,58,,,,CS,GOLDM,,,
2026-03-31T01:18:00.493Z,market,trade,TESTE,100012.42121471388,95,,,,CITI,UBS,,,
2026-03-31T01:18:00.644Z,market,trade,TESTE,100004.77906005639,61,,,,MS,XP,,,
2026-03-31T01:18:00.799Z,market,trade,TESTE,100015.01446169673,135,,,,MS,ITAU,,,
2026-03-31T01:18:00.949Z,market,trade,TESTE,100012.17331074731,116,,,,XP,BTG,,,
2026-03-31T01:18:01.107Z,market,trade,TESTE,100016.12143272809,104,,,,JPM,CS,,,
2026-03-31T01:18:01.263Z,market,trade,TESTE,100002.98525685217,170,,,,CS,BTG,,,
2026-03-31T01:18:01.414Z,market,trade,TESTE,100014.48394764327,110,,,,CITI,CITI,,,
2026-03-31T01:18:01.566Z,market,trade,TESTE,100008.0321164084,105,,,,UBS,UBS,,,
2026-03-31T01:18:01.724Z,market,trade,TESTE,100010.1002392897,142,,,,GOLDM,BARCL,,,
2026-03-31T01:18:01.878Z,market,trade,TESTE,100022.00379313924,83,,,,BTG,BTG,,,
2026-03-31T01:18:02.030Z,market,trade,TESTE,100017.26318729101,58,,,,MS,ITAU,,,
2026-03-31T01:18:02.182Z,market,trade,TESTE,100013.79362200113,105,,,,BARCL,MS,,,
2026-03-31T01:18:02.333Z,market,trade,TESTE,99999.27295832359,44,,,,BTG,CS,,,
2026-03-31T01:18:02.495Z,market,trade,TESTE,100007.91408339428,193,,,,BARCL,CITI,,,
2026-03-31T01:18:02.646Z,market,trade,TESTE,100008.68855001082,94,,,,CITI,MS,,,
2026-03-31T01:18:02.798Z,market,trade,TESTE,100006.9788015528,17,,,,MS,XP,,,
2026-03-31T01:18:02.948Z,market,trade,TESTE,100002.84240545545,59,,,,JPM,CITI,,,
2026-03-31T01:18:03.109Z,market,trade,TESTE,100005.61829843397,163,,,,UBS,MS,,,
2026-03-31T01:18:03.263Z,market,trade,TESTE,99999.55469622806,93,,,,BTG,ITAU,,,
2026-03-31T01:18:03.414Z,market,trade,TESTE,100003.42335881565,25,,,,JPM,CITI,,,
2026-03-31T01:18:03.566Z,market,trade,TESTE,100001.87987859422,37,,,,BTG,ITAU,,,
2026-03-31T01:18:03.725Z,market,trade,TESTE,100013.17776493677,159,,,,UBS,BTG,,,
2026-03-31T01:18:03.877Z,market,trade,TESTE,100013.34240088367,53,,,,BTG,GOLDM,,,
2026-03-31T01:18:04.030Z,market,trade,TESTE,100006.12204832309,132,,,,GOLDM,CITI,,,
2026-03-31T01:18:04.182Z,market,trade,TESTE,100015.34623301202,126,,,,JPM,XP,,,
2026-03-31T01:18:04.333Z,market,trade,TESTE,100004.39452635532,107,,,,CITI,CS,,,
2026-03-31T01:18:04.495Z,market,trade,TESTE,100013.27519621525,154,,,,GOLDM,BARCL,,,
2026-03-31T01:18:04.645Z,market,trade,TESTE,100014.30304593002,15,,,,JPM,XP,,,
2026-03-31T01:18:04.798Z,market,trade,TESTE,100000.74471329949,11,,,,BARCL,MS,,,
2026-03-31T01:18:04.966Z,market,trade,TESTE,100000.1887390419,138,,,,JPM,XP,,,
2026-03-31T01:18:05.125Z,market,trade,TESTE,100003.9077894188,10,,,,MS,JPM,,,
2026-03-31T01:18:05.277Z,market,trade,TESTE,100006.52371988003,84,,,,BTG,CS,,,
2026-03-31T01:18:05.430Z,market,trade,TESTE,100008.66173711298,65,,,,CS,BARCL,,,
2026-03-31T01:18:05.583Z,market,trade,TESTE,100015.87733733293,162,,,,GOLDM,BTG,,,
2026-03-31T01:18:05.748Z,market,trade,TESTE,100010.8024363752,133,,,,CS,CITI,,,
2026-03-31T01:18:05.910Z,market,trade,TESTE,100007.42713202821,175,,,,XP,GOLDM,,,
2026-03-31T01:18:06.060Z,market,trade,TESTE,100016.80310511503,147,,,,MS,ITAU,,,
2026-03-31T01:18:06.214Z,market,trade,TESTE,100012.593090962,21,,,,ITAU,BARCL,,,
2026-03-31T01:18:06.377Z,market,trade,TESTE,100008.61205179378,109,,,,GOLDM,MS,,,
2026-03-31T01:18:06.533Z,market,trade,TESTE,100001.1994204164,102,,,,UBS,CS,,,
2026-03-31T01:18:06.694Z,market,trade,TESTE,100000.06346054237,45,,,,BTG,CITI,,,
2026-03-31T01:18:06.846Z,market,trade,TESTE,99995.9894133965,13,,,,BTG,BARCL,,,
2026-03-31T01:18:06.998Z,market,trade,TESTE,100003.96787906381,200,,,,BTG,UBS,,,
2026-03-31T01:18:07.148Z,market,trade,TESTE,100003.60466273455,134,,,,CITI,MS,,,
2026-03-31T01:18:07.309Z,market,trade,TESTE,100003.79649118049,64,,,,JPM,MS,,,
2026-03-31T01:18:07.464Z,market,trade,TESTE,100000.15597332918,78,,,,XP,XP,,,
2026-03-31T01:18:07.630Z,market,trade,TESTE,99992.65605394372,152,,,,MS,CS,,,
2026-03-31T01:18:07.781Z,market,trade,TESTE,100001.0506934807,131,,,,BARCL,ITAU,,,
2026-03-31T01:18:07.933Z,market,trade,TESTE,99995.95486680024,53,,,,BARCL,BTG,,,
2026-03-31T01:18:08.093Z,market,trade,TESTE,99999.9851170626,194,,,,UBS,MS,,,
2026-03-31T01:18:08.246Z,market,trade,TESTE,100006.59159198945,97,,,,GOLDM,CITI,,,
2026-03-31T01:18:08.398Z,market,trade,TESTE,99999.39536342144,157,,,,CS,CITI,,,
2026-03-31T01:18:08.549Z,market,trade,TESTE,99997.40845275467,156,,,,GOLDM,UBS,,,
2026-03-31T01:18:08.714Z,market,trade,TESTE,100007.94912208972,91,,,,BARCL,UBS,,,
2026-03-31T01:18:08.875Z,market,trade,TESTE,100011.35456134623,130,,,,CITI,MS,,,
2026-03-31T01:18:09.025Z,market,trade,TESTE,100005.46447939644,199,,,,ITAU,MS,,,
2026-03-31T01:18:09.184Z,market,trade,TESTE,100002.79158261525,120,,,,ITAU,ITAU,,,
2026-03-31T01:18:09.348Z,market,trade,TESTE,100008.56431185703,188,,,,BARCL,BARCL,,,
2026-03-31T01:18:09.498Z,market,trade,TESTE,100002.85495735271,56,,,,UBS,XP,,,
2026-03-31T01:18:09.665Z,market,trade,TESTE,100010.19895007601,196,,,,MS,BTG,,,
2026-03-31T01:18:09.832Z,market,trade,TESTE,100014.77165977586,12,,,,BTG,JPM,,,
2026-03-31T01:18:09.994Z,market,trade,TESTE,100006.61474027055,194,,,,CS,UBS,,,
2026-03-31T01:18:10.151Z,market,trade,TESTE,100004.31388228555,61,,,,CITI,CS,,,
2026-03-31T01:18:10.302Z,market,trade,TESTE,100010.56901233467,115,,,,BTG,JPM,,,
2026-03-31T01:18:10.460Z,market,trade,TESTE,100007.01510059659,32,,,,XP,BARCL,,,
2026-03-31T01:18:10.613Z,market,trade,TESTE,100005.12058740115,103,,,,JPM,MS,,,
2026-03-31T01:18:10.772Z,market,trade,TESTE,99995.70828013672,59,,,,GOLDM,XP,,,
2026-03-31T01:18:10.923Z,market,trade,TESTE,99998.81913958695,128,,,,JPM,XP,,,
2026-03-31T01:18:11.083Z,market,trade,TESTE,100010.96928325968,38,,,,XP,BARCL,,,
2026-03-31T01:18:11.248Z,market,trade,TESTE,100007.34041619921,38,,,,GOLDM,BARCL,,,
2026-03-31T01:18:11.404Z,market,trade,TESTE,100003.6096681904,87,,,,XP,ITAU,,,
2026-03-31T01:18:11.555Z,market,trade,TESTE,100000.71419628194,89,,,,MS,GOLDM,,,
2026-03-31T01:18:11.708Z,market,trade,TESTE,100001.01480138286,145,,,,ITAU,CITI,,,
2026-03-31T01:18:11.870Z,market,trade,TESTE,99996.84278036274,199,,,,CS,GOLDM,,,
2026-03-31T01:18:12.028Z,market,trade,TESTE,99989.48805947287,112,,,,GOLDM,BTG,,,
2026-03-31T01:18:12.179Z,market,trade,TESTE,99994.32456970365,126,,,,JPM,CITI,,,
2026-03-31T01:18:12.344Z,market,trade,TESTE,100001.10753830188,33,,,,JPM,BTG,,,
2026-03-31T01:18:12.500Z,market,trade,TESTE,99989.39472254319,22,,,,UBS,UBS,,,
2026-03-31T01:18:12.651Z,market,trade,TESTE,100003.60461980545,93,,,,BTG,GOLDM,,,
2026-03-31T01:18:12.803Z,market,trade,TESTE,99993.93427919231,148,,,,JPM,JPM,,,
2026-03-31T01:18:12.966Z,market,trade,TESTE,100007.45166149177,103,,,,MS,CITI,,,
2026-03-31T01:18:13.131Z,market,trade,TESTE,99998.08102920574,85,,,,BARCL,XP,,,
2026-03-31T01:18:13.283Z,market,trade,TESTE,99997.85615155222,141,,,,MS,JPM,,,
2026-03-31T01:18:13.448Z,market,trade,TESTE,100007.41493968524,49,,,,MS,JPM,,,
2026-03-31T01:18:13.599Z,market,trade,TESTE,100000.04664452201,59,,,,GOLDM,UBS,,,
2026-03-31T01:18:13.763Z,market,trade,TESTE,99997.36810567364,145,,,,BTG,BARCL,,,
2026-03-31T01:18:13.917Z,market,trade,TESTE,100005.04797602109,123,,,,MS,CITI,,,
2026-03-31T01:18:14.097Z,market,trade,TESTE,99993.01441376445,90,,,,GOLDM,MS,,,
2026-03-31T01:18:14.252Z,market,trade,TESTE,99999.1322289355,105,,,,XP,XP,,,
2026-03-31T01:18:14.406Z,market,trade,TESTE,100003.79389636386,196,,,,MS,BTG,,,
2026-03-31T01:18:14.572Z,market,trade,TESTE,99991.69527170499,27,,,,MS,BTG,,,
2026-03-31T01:18:14.725Z,market,trade,TESTE,99987.69769570635,31,,,,UBS,CS,,,
2026-03-31T01:18:14.878Z,market,trade,TESTE,100000.2919968802,44,,,,ITAU,GOLDM,,,
2026-03-31T01:18:15.037Z,market,trade,TESTE,99988.52911080394,90,,,,XP,GOLDM,,,
2026-03-31T01:18:15.205Z,market,trade,TESTE,99986.01598979329,135,,,,CS,MS,,,
2026-03-31T01:18:15.365Z,market,trade,TESTE,99994.18970622026,154,,,,XP,ITAU,,,
2026-03-31T01:18:15.526Z,market,trade,TESTE,99987.03102573358,10,,,,UBS,MS,,,
2026-03-31T01:18:15.677Z,market,trade,TESTE,99995.04889099066,33,,,,GOLDM,BARCL,,,
2026-03-31T01:18:15.835Z,market,trade,TESTE,99984.11935996701,15,,,,MS,ITAU,,,
2026-03-31T01:18:15.986Z,market,trade,TESTE,99989.00220168158,135,,,,CS,CS,,,
2026-03-31T01:18:16.148Z,market,trade,TESTE,99992.32097434426,152,,,,CS,GOLDM,,,
2026-03-31T01:18:16.312Z,market,trade,TESTE,99990.8369688787,180,,,,MS,MS,,,
2026-03-31T01:18:16.469Z,market,trade,TESTE,99999.26062861417,10,,,,CS,MS,,,
2026-03-31T01:18:16.630Z,market,trade,TESTE,99985.26726387817,68,,,,GOLDM,BARCL,,,
2026-03-31T01:18:16.783Z,market,trade,TESTE,99988.83601851505,127,,,,MS,JPM,,,
2026-03-31T01:18:16.935Z,market,trade,TESTE,99998.52289781698,123,,,,BTG,CS,,,
2026-03-31T01:18:17.101Z,market,trade,TESTE,99997.24937451507,42,,,,BARCL,JPM,,,
2026-03-31T01:18:17.255Z,market,trade,TESTE,99989.54989023921,157,,,,UBS,MS,,,
2026-03-31T01:18:17.410Z,market,trade,TESTE,100000.95983577796,193,,,,GOLDM,MS,,,
2026-03-31T01:18:17.568Z,market,trade,TESTE,99995.10649887043,200,,,,BTG,JPM,,,
2026-03-31T01:18:17.720Z,market,trade,TESTE,99999.77334293786,120,,,,CITI,UBS,,,
2026-03-31T01:18:17.875Z,market,trade,TESTE,100001.3760128351,189,,,,XP,JPM,,,
2026-03-31T01:18:18.036Z,market,trade,TESTE,100002.47273165498,114,,,,XP,BTG,,,
2026-03-31T01:18:18.203Z,market,trade,TESTE,100004.87114692172,192,,,,XP,BARCL,,,
2026-03-31T01:18:18.428Z,market,trade,TESTE,100003.55647428383,185,,,,CITI,JPM,,,
2026-03-31T01:18:18.589Z,market,trade,TESTE,100010.07487854085,60,,,,BTG,XP,,,
2026-03-31T01:18:18.748Z,market,trade,TESTE,100009.30849889331,21,,,,BTG,GOLDM,,,
2026-03-31T01:18:18.903Z,market,trade,TESTE,99996.22021702136,82,,,,XP,XP,,,
2026-03-31T01:18:19.066Z,market,trade,TESTE,99999.25283106804,24,,,,BARCL,ITAU,,,
2026-03-31T01:18:19.233Z,market,trade,TESTE,100007.3169342816,140,,,,CITI,CITI,,,
2026-03-31T01:18:19.383Z,market,trade,TESTE,99997.9754209363,125,,,,BARCL,UBS,,,
2026-03-31T01:18:19.537Z,market,trade,TESTE,100000.29516325903,58,,,,CITI,BTG,,,
2026-03-31T01:18:19.688Z,market,trade,TESTE,100012.83695282871,64,,,,UBS,JPM,,,
2026-03-31T01:18:19.839Z,market,trade,TESTE,100011.01013981938,42,,,,UBS,JPM,,,
2026-03-31T01:18:19.990Z,market,trade,TESTE,100006.65774638695,184,,,,BTG,UBS,,,
2026-03-31T01:18:20.151Z,market,trade,TESTE,99993.54672080629,176,,,,CS,XP,,,
2026-03-31T01:18:20.303Z,market,trade,TESTE,99998.66625355002,46,,,,UBS,MS,,,
2026-03-31T01:18:20.467Z,market,trade,TESTE,99996.6956082293,35,,,,GOLDM,MS,,,
2026-03-31T01:18:20.618Z,market,trade,TESTE,99986.58255948598,114,,,,MS,XP,,,
2026-03-31T01:18:20.769Z,market,trade,TESTE,99999.15967441649,84,,,,CS,BTG,,,
2026-03-31T01:18:20.930Z,market,trade,TESTE,99994.52645170644,148,,,,ITAU,CS,,,
2026-03-31T01:18:21.082Z,market,trade,TESTE,99989.93493356212,57,,,,UBS,BARCL,,,
2026-03-31T01:18:21.232Z,market,trade,TESTE,99976.00531140069,166,,,,JPM,CITI,,,
2026-03-31T01:18:21.398Z,market,trade,TESTE,99986.57661609225,49,,,,UBS,CITI,,,
2026-03-31T01:18:21.549Z,market,trade,TESTE,99978.87614974177,91,,,,CS,GOLDM,,,
2026-03-31T01:18:21.700Z,market,trade,TESTE,99974.24718620974,137,,,,BTG,CS,,,
2026-03-31T01:18:21.857Z,market,trade,TESTE,99973.944532278,54,,,,CITI,UBS,,,
2026-03-31T01:20:00.394Z,market,trade,TESTE,100004.57239636514,150,,,,XP,XP,,,
2026-03-31T01:20:00.554Z,market,trade,TESTE,100008.2491969345,171,,,,MS,MS,,,
2026-03-31T01:20:00.722Z,market,trade,TESTE,99995.4641794553,142,,,,ITAU,BTG,,,
2026-03-31T01:20:00.885Z,market,trade,TESTE,100000.75486472552,59,,,,ITAU,CITI,,,
2026-03-31T01:20:01.035Z,market,trade,TESTE,99996.15240280364,124,,,,XP,GOLDM,,,
2026-03-31T01:20:01.198Z,market,flow_inversion,,,,,,,,,0,109,UBS
2026-03-31T01:20:01.198Z,market,trade,TESTE,99993.1941836383,109,,,,UBS,MS,,,
2026-03-31T01:20:01.352Z,market,trade,TESTE,99978.8491095769,157,,,,JPM,GOLDM,,,
2026-03-31T01:20:01.508Z,market,trade,TESTE,99982.36134734578,69,,,,XP,GOLDM,,,
2026-03-31T01:20:01.664Z,market,trade,TESTE,99981.8655774954,6,,,,CITI,JPM,,,
2026-03-31T01:20:01.826Z,market,flow_inversion,,,,,,,,,0,117,GOLDM
2026-03-31T01:20:01.826Z,market,trade,TESTE,99986.984956941,117,,,,GOLDM,XP,,,
2026-03-31T01:20:01.981Z,market,trade,TESTE,99972.16858525875,28,,,,XP,JPM,,,
2026-03-31T01:20:02.144Z,market,trade,TESTE,99976.6391794806,53,,,,XP,BARCL,,,
2026-03-31T01:20:02.300Z,market,trade,TESTE,99973.15819308657,56,,,,CITI,BARCL,,,
2026-03-31T01:20:02.461Z,market,trade,TESTE,99969.80933092095,46,,,,UBS,BARCL,,,
2026-03-31T01:20:02.615Z,market,flow_inversion,,,,,,,,,0,48,BTG
2026-03-31T01:20:02.615Z,market,trade,TESTE,99971.73342573567,48,,,,BTG,BARCL,,,
2026-03-31T01:20:02.773Z,market,trade,TESTE,99983.9273302685,50,,,,XP,MS,,,
2026-03-31T01:20:02.929Z,market,trade,TESTE,99986.79366572155,188,,,,UBS,ITAU,,,
2026-03-31T01:20:03.084Z,market,trade,TESTE,99979.37232973793,166,,,,BTG,MS,,,
2026-03-31T01:20:03.240Z,market,trade,TESTE,99979.72994443882,20,,,,JPM,GOLDM,,,
2026-03-31T01:20:03.397Z,market,trade,TESTE,99991.28315084064,168,,,,CITI,XP,,,
2026-03-31T01:20:03.547Z,market,trade,TESTE,99976.44771602115,86,,,,UBS,BARCL,,,
2026-03-31T01:20:03.704Z,market,trade,TESTE,99978.19958726045,106,,,,UBS,UBS,,,
2026-03-31T01:20:03.860Z,market,trade,TESTE,99986.39590680973,43,,,,UBS,XP,,,
2026-03-31T01:20:04.015Z,market,trade,TESTE,99986.28583157115,151,,,,CS,ITAU,,,
2026-03-31T01:20:04.171Z,market,trade,TESTE,99979.44188287698,58,,,,CS,ITAU,,,
2026-03-31T01:20:04.326Z,market,trade,TESTE,99985.77404173042,184,,,,XP,XP,,,
2026-03-31T01:20:04.481Z,market,trade,TESTE,99987.9993202385,105,,,,JPM,XP,,,
2026-03-31T01:20:04.643Z,market,trade,TESTE,99977.17892649658,175,,,,BARCL,MS,,,
2026-03-31T01:20:04.800Z,market,trade,TESTE,99973.80263232664,170,,,,JPM,BTG,,,
2026-03-31T01:20:04.955Z,market,trade,TESTE,99977.91618047515,159,,,,CS,UBS,,,
2026-03-31T01:20:05.110Z,market,trade,TESTE,99988.84531381668,169,,,,GOLDM,UBS,,,
2026-03-31T01:20:05.265Z,market,trade,TESTE,99975.71883316424,137,,,,MS,CITI,,,
2026-03-31T01:20:05.419Z,market,trade,TESTE,99973.52319736009,42,,,,JPM,ITAU,,,
2026-03-31T01:20:05.569Z,market,trade,TESTE,99975.54299387828,49,,,,BTG,CS,,,
2026-03-31T01:20:05.730Z,market,trade,TESTE,99988.32848514432,88,,,,GOLDM,JPM,,,
2026-03-31T01:20:05.886Z,market,trade,TESTE,99980.47367020504,101,,,,MS,GOLDM,,,
2026-03-31T01:20:06.048Z,market,trade,TESTE,99989.26884213924,36,,,,JPM,MS,,,
2026-03-31T01:20:06.204Z,market,trade,TESTE,99991.12648664232,137,,,,GOLDM,CITI,,,
2026-03-31T01:20:06.366Z,market,trade,TESTE,99976.63014918735,177,,,,BARCL,GOLDM,,,
2026-03-31T01:20:06.528Z,market,trade,TESTE,99986.74985310393,97,,,,GOLDM,JPM,,,
2026-03-31T01:20:06.694Z,market,trade,TESTE,99977.14417835682,10,,,,XP,UBS,,,
2026-03-31T01:20:06.845Z,market,trade,TESTE,99983.95071737008,30,,,,BTG,JPM,,,
2026-03-31T01:20:06.997Z,market,trade,TESTE,99975.48460642852,47,,,,ITAU,BARCL,,,
2026-03-31T01:20:07.152Z,market,trade,TESTE,99983.98548932979,53,,,,BTG,ITAU,,,
2026-03-31T01:20:07.307Z,market,trade,TESTE,99987.7266030104,70,,,,CS,ITAU,,,
2026-03-31T01:20:07.463Z,market,trade,TESTE,99974.2158330293,85,,,,GOLDM,GOLDM,,,
2026-03-31T01:20:07.618Z,market,trade,TESTE,99969.90139588539,81,,,,BTG,CS,,,
2026-03-31T01:20:07.773Z,market,trade,TESTE,99974.84578082724,105,,,,BTG,CS,,,
2026-03-31T01:20:07.929Z,market,trade,TESTE,99976.43706600172,86,,,,JPM,ITAU,,,
2026-03-31T01:20:08.085Z,market,trade,TESTE,99984.80707392524,152,,,,XP,UBS,,,
2026-03-31T01:20:08.240Z,market,trade,TESTE,99985.45128765253,175,,,,ITAU,XP,,,
2026-03-31T01:20:08.395Z,market,trade,TESTE,99977.33392906854,170,,,,ITAU,CS,,,
2026-03-31T01:20:08.552Z,market,trade,TESTE,99989.36211541336,130,,,,XP,BARCL,,,
2026-03-31T01:20:08.715Z,market,trade,TESTE,99987.56110526198,169,,,,CS,UBS,,,
2026-03-31T01:20:08.865Z,market,trade,TESTE,99987.46930911703,54,,,,ITAU,CITI,,,
2026-03-31T01:20:09.017Z,market,trade,TESTE,99975.540934073,66,,,,GOLDM,ITAU,,,
2026-03-31T01:20:09.177Z,market,trade,TESTE,99978.99378242908,112,,,,CITI,CITI,,,
2026-03-31T01:20:09.329Z,market,trade,TESTE,99976.71226373709,123,,,,MS,CITI,,,
2026-03-31T01:20:09.485Z,market,trade,TESTE,99989.25721997149,169,,,,CITI,XP,,,
2026-03-31T01:20:09.642Z,market,trade,TESTE,99979.17229347372,72,,,,MS,ITAU,,,
2026-03-31T01:20:09.799Z,market,trade,TESTE,99993.65029604569,92,,,,GOLDM,JPM,,,
2026-03-31T01:20:09.955Z,market,trade,TESTE,99984.41961342342,85,,,,BTG,GOLDM,,,
2026-03-31T01:20:10.111Z,market,trade,TESTE,99987.17848442227,32,,,,BTG,ITAU,,,
2026-03-31T01:20:10.267Z,market,trade,TESTE,99991.5919687273,186,,,,XP,UBS,,,
2026-03-31T01:20:10.425Z,market,trade,TESTE,99987.53596926287,45,,,,UBS,BTG,,,
2026-03-31T01:20:10.583Z,market,trade,TESTE,100001.78928197526,53,,,,CS,CS,,,
2026-03-31T01:20:10.748Z,market,trade,TESTE,99995.96095060157,98,,,,BARCL,MS,,,
2026-03-31T01:20:10.899Z,market,trade,TESTE,99998.6857226046,177,,,,XP,MS,,,
2026-03-31T01:20:11.062Z,market,trade,TESTE,99994.32385081919,28,,,,UBS,GOLDM,,,
2026-03-31T01:20:11.224Z,market,trade,TESTE,100008.28300730934,23,,,,GOLDM,CITI,,,
2026-03-31T01:20:11.381Z,market,trade,TESTE,100009.86332306804,99,,,,GOLDM,ITAU,,,
2026-03-31T01:20:11.533Z,market,trade,TESTE,100006.90210465786,51,,,,ITAU,BTG,,,
2026-03-31T01:20:11.683Z,market,trade,TESTE,100005.89444423807,188,,,,BARCL,XP,,,
2026-03-31T01:20:11.847Z,market,trade,TESTE,100008.63570796454,21,,,,CITI,ITAU,,,
2026-03-31T01:20:11.999Z,market,trade,TESTE,100010.05187316699,182,,,,CS,MS,,,
2026-03-31T01:20:12.164Z,market,trade,TESTE,99995.28668523672,151,,,,MS,MS,,,
2026-03-31T01:20:12.316Z,market,trade,TESTE,100000.96631317429,154,,,,ITAU,ITAU,,,
2026-03-31T01:20:12.479Z,market,trade,TESTE,99989.12605205526,22,,,,ITAU,JPM,,,
2026-03-31T01:20:12.633Z,market,trade,TESTE,99992.53429450572,104,,,,XP,CS,,,
2026-03-31T01:20:12.795Z,market,trade,TESTE,99990.43641178534,135,,,,BTG,ITAU,,,
2026-03-31T01:20:12.952Z,market,trade,TESTE,100004.67619879598,113,,,,MS,UBS,,,
2026-03-31T01:20:13.106Z,market,trade,TESTE,99992.70493232069,118,,,,BTG,XP,,,
2026-03-31T01:20:13.263Z,market,trade,TESTE,99989.8507530047,72,,,,UBS,BTG,,,
2026-03-31T01:20:13.418Z,market,trade,TESTE,99987.78503891108,88,,,,BARCL,UBS,,,
2026-03-31T01:20:13.575Z,market,trade,TESTE,99990.87169946027,84,,,,UBS,MS,,,
2026-03-31T01:20:13.730Z,market,trade,TESTE,100005.32685011967,82,,,,CS,ITAU,,,
2026-03-31T01:20:13.886Z,market,trade,TESTE,99998.04621403012,100,,,,GOLDM,ITAU,,,
2026-03-31T01:20:14.042Z,market,trade,TESTE,99996.81319074237,120,,,,GOLDM,BARCL,,,
2026-03-31T01:20:14.197Z,market,trade,TESTE,100003.19785386586,69,,,,BTG,CS,,,
2026-03-31T01:20:14.354Z,market,trade,TESTE,99993.22028451897,43,,,,UBS,XP,,,
2026-03-31T01:20:14.509Z,market,trade,TESTE,100006.90489603103,184,,,,CITI,BARCL,,,
2026-03-31T01:20:14.667Z,market,trade,TESTE,100007.14562134288,27,,,,MS,XP,,,
2026-03-31T01:20:14.827Z,market,trade,TESTE,100006.05490206482,174,,,,BTG,GOLDM,,,
2026-03-31T01:20:14.977Z,market,trade,TESTE,99991.69024506012,142,,,,BTG,CS,,,
2026-03-31T01:20:15.130Z,market,trade,TESTE,99997.55090271345,84,,,,UBS,CS,,,
2026-03-31T01:20:15.283Z,market,trade,TESTE,99999.87743871816,96,,,,MS,GOLDM,,,
2026-03-31T01:20:15.444Z,market,trade,TESTE,100000.55484977075,100,,,,GOLDM,GOLDM,,,
2026-03-31T01:20:15.602Z,market,trade,TESTE,99995.79092256511,67,,,,JPM,MS,,,
2026-03-31T01:20:15.764Z,market,trade,TESTE,99983.58997199153,124,,,,CS,GOLDM,,,
2026-03-31T01:20:15.916Z,market,trade,TESTE,99981.13871475619,67,,,,BARCL,UBS,,,
2026-03-31T01:20:16.078Z,market,trade,TESTE,99986.34427583929,69,,,,MS,MS,,,
2026-03-31T01:20:16.233Z,market,flow_inversion,,,,,,,,,85,-105,UBS
2026-03-31T01:20:16.233Z,market,trade,TESTE,99971.77120102324,190,,,,GOLDM,UBS,,,
2026-03-31T01:20:16.388Z,market,trade,TESTE,99984.19965909398,7,,,,MS,BTG,,,
2026-03-31T01:20:16.543Z,market,trade,TESTE,99972.54863907534,183,,,,BTG,BARCL,,,
2026-03-31T01:20:16.697Z,market,trade,TESTE,99984.972156497,172,,,,BTG,CS,,,
2026-03-31T01:20:16.851Z,market,trade,TESTE,99985.7634508684,92,,,,BTG,ITAU,,,
2026-03-31T01:20:17.006Z,market,trade,TESTE,99985.56257265221,107,,,,GOLDM,UBS,,,
2026-03-31T01:20:17.162Z,market,trade,TESTE,99982.53322720485,42,,,,GOLDM,JPM,,,
2026-03-31T01:20:17.319Z,market,trade,TESTE,99980.62438611318,105,,,,CITI,JPM,,,
2026-03-31T01:20:17.475Z,market,trade,TESTE,99976.63452177057,148,,,,MS,JPM,,,
2026-03-31T01:20:17.632Z,market,trade,TESTE,99970.43627236734,48,,,,GOLDM,UBS,,,
2026-03-31T01:20:17.787Z,market,trade,TESTE,99972.17319211502,31,,,,CITI,JPM,,,
2026-03-31T01:20:17.940Z,market,trade,TESTE,99980.28491562781,144,,,,ITAU,XP,,,
2026-03-31T01:20:18.098Z,market,trade,TESTE,99974.70023307568,55,,,,ITAU,JPM,,,
2026-03-31T01:20:18.254Z,market,flow_inversion,,,,,,,,,-105,87,UBS
2026-03-31T01:20:18.254Z,market,trade,TESTE,99972.19558290819,192,,,,UBS,XP,,,
2026-03-31T01:20:18.411Z,market,trade,TESTE,99982.9351672016,179,,,,MS,BTG,,,
2026-03-31T01:20:18.565Z,market,trade,TESTE,99987.09010673295,65,,,,UBS,BTG,,,
2026-03-31T01:20:18.720Z,market,trade,TESTE,99974.46093132948,126,,,,BARCL,GOLDM,,,
2026-03-31T01:20:18.874Z,market,trade,TESTE,99987.42937750567,155,,,,ITAU,UBS,,,
2026-03-31T01:20:19.032Z,market,trade,TESTE,99975.72756756599,165,,,,GOLDM,XP,,,
2026-03-31T01:20:19.188Z,market,trade,TESTE,99975.22866682344,28,,,,JPM,ITAU,,,
2026-03-31T01:20:19.345Z,market,trade,TESTE,99987.058200577,99,,,,JPM,CITI,,,
2026-03-31T01:20:19.498Z,market,trade,TESTE,99978.53683851028,120,,,,JPM,MS,,,
2026-03-31T01:20:19.654Z,market,trade,TESTE,99989.98479002836,116,,,,GOLDM,UBS,,,
2026-03-31T01:20:19.808Z,market,trade,TESTE,99980.14732799839,147,,,,GOLDM,ITAU,,,
2026-03-31T01:20:19.961Z,market,trade,TESTE,99976.91442544285,14,,,,GOLDM,MS,,,
2026-03-31T01:20:20.117Z,market,trade,TESTE,99978.26843825405,65,,,,CS,CS,,,
2026-03-31T01:20:20.272Z,market,trade,TESTE,99983.59603491265,181,,,,XP,CITI,,,
2026-03-31T01:20:20.428Z,market,trade,TESTE,99983.98283624172,97,,,,ITAU,UBS,,,
2026-03-31T01:20:20.584Z,market,trade,TESTE,99970.9146897227,189,,,,JPM,XP,,,
2026-03-31T01:20:20.740Z,market,trade,TESTE,99977.9172740547,108,,,,XP,UBS,,,
2026-03-31T01:20:20.897Z,market,trade,TESTE,99966.36756402298,148,,,,XP,UBS,,,
2026-03-31T01:20:21.054Z,market,trade,TESTE,99979.55606411713,33,,,,ITAU,ITAU,,,
2026-03-31T01:20:21.210Z,market,trade,TESTE,99966.10545294925,46,,,,BTG,MS,,,
2026-03-31T01:20:21.363Z,market,trade,TESTE,99977.02735824884,123,,,,CITI,CITI,,,
2026-03-31T01:20:21.516Z,market,trade,TESTE,99963.52452612737,28,,,,BARCL,CS,,,
2026-03-31T01:20:21.669Z,market,trade,TESTE,99971.68369412217,119,,,,MS,MS,,,
2026-03-31T01:20:21.822Z,market,trade,TESTE,99966.76330591289,195,,,,JPM,BARCL,,,
2026-03-31T01:20:21.976Z,market,trade,TESTE,99955.28768358131,148,,,,CS,BTG,,,
2026-03-31T01:20:22.131Z,market,trade,TESTE,99963.51191487983,93,,,,CITI,JPM,,,
2026-03-31T01:20:22.287Z,market,trade,TESTE,99950.87044257861,48,,,,JPM,XP,,,
2026-03-31T01:20:22.441Z,market,trade,TESTE,99947.52286848893,159,,,,MS,XP,,,
2026-03-31T01:20:22.603Z,market,trade,TESTE,99955.2145564261,64,,,,BARCL,CS,,,
2026-03-31T01:20:22.763Z,market,trade,TESTE,99950.39711964612,26,,,,CS,CS,,,
2026-03-31T01:20:22.926Z,market,trade,TESTE,99941.16108617555,163,,,,BTG,MS,,,
2026-03-31T01:20:23.079Z,market,trade,TESTE,99954.07646155485,94,,,,BARCL,UBS,,,
2026-03-31T01:20:23.233Z,market,trade,TESTE,99939.42437263543,200,,,,MS,CS,,,
2026-03-31T01:20:23.387Z,market,trade,TESTE,99954.07352786473,81,,,,JPM,CS,,,
2026-03-31T01:20:23.540Z,market,trade,TESTE,99941.97397966441,191,,,,MS,XP,,,
2026-03-31T01:20:23.695Z,market,trade,TESTE,99938.61829872293,192,,,,UBS,BARCL,,,
2026-03-31T01:20:23.850Z,market,trade,TESTE,99938.5845318528,86,,,,MS,BTG,,,
2026-03-31T01:20:24.006Z,market,trade,TESTE,99936.61868005703,93,,,,BARCL,XP,,,
2026-03-31T01:20:24.161Z,market,trade,TESTE,99938.85896679027,55,,,,BARCL,CS,,,
2026-03-31T01:20:24.317Z,market,trade,TESTE,99942.26116658031,92,,,,CS,ITAU,,,
2026-03-31T01:20:24.471Z,market,trade,TESTE,99954.12915216919,187,,,,CITI,CS,,,
2026-03-31T01:20:24.627Z,market,trade,TESTE,99949.6586065096,40,,,,BARCL,CS,,,
2026-03-31T01:20:24.783Z,market,trade,TESTE,99943.88674235706,9,,,,CS,MS,,,
2026-03-31T01:20:24.939Z,market,trade,TESTE,99954.18358187097,143,,,,CITI,CITI,,,
2026-03-31T01:20:25.095Z,market,trade,TESTE,99947.82550214684,61,,,,CS,BARCL,,,
2026-03-31T01:20:25.252Z,market,flow_inversion,,,,,,,,,152,-19,UBS
2026-03-31T01:20:25.252Z,market,trade,TESTE,99959.90947819561,171,,,,UBS,UBS,,,
2026-03-31T01:20:25.407Z,market,trade,TESTE,99953.04508491604,50,,,,UBS,UBS,,,
2026-03-31T01:20:25.559Z,market,trade,TESTE,99962.91753842418,105,,,,CITI,CS,,,
2026-03-31T01:20:25.711Z,market,trade,TESTE,99948.89849641705,74,,,,UBS,CS,,,
2026-03-31T01:20:25.864Z,market,trade,TESTE,99957.46579218877,164,,,,CITI,JPM,,,
2026-03-31T01:20:26.016Z,market,trade,TESTE,99951.70315372592,191,,,,MS,ITAU,,,
2026-03-31T01:20:26.176Z,market,trade,TESTE,99959.17823860544,7,,,,CITI,CS,,,
2026-03-31T01:20:26.340Z,market,trade,TESTE,99961.05212181808,64,,,,BTG,GOLDM,,,
2026-03-31T01:20:26.498Z,market,trade,TESTE,99948.26367513397,146,,,,ITAU,BARCL,,,
2026-03-31T01:20:26.649Z,market,trade,TESTE,99960.45161195243,113,,,,BARCL,MS,,,
2026-03-31T01:20:26.812Z,market,trade,TESTE,99959.57157521318,116,,,,BTG,GOLDM,,,
2026-03-31T01:20:26.974Z,market,trade,TESTE,99952.08489705388,156,,,,MS,MS,,,
2026-03-31T01:20:27.128Z,market,trade,TESTE,99959.70137062152,195,,,,XP,GOLDM,,,
2026-03-31T01:20:27.281Z,market,trade,TESTE,99957.25846366181,35,,,,BARCL,CITI,,,
2026-03-31T01:20:27.440Z,market,trade,TESTE,99947.46669340761,44,,,,BTG,GOLDM,,,
2026-03-31T01:20:27.600Z,market,trade,TESTE,99944.00864145735,165,,,,GOLDM,UBS,,,
2026-03-31T01:20:27.750Z,market,trade,TESTE,99955.39166992094,39,,,,UBS,CS,,,
2026-03-31T01:20:27.911Z,market,trade,TESTE,99958.20141276308,198,,,,JPM,CITI,,,
2026-03-31T01:20:28.073Z,market,trade,TESTE,99948.75816237446,166,,,,JPM,BARCL,,,
2026-03-31T01:20:28.238Z,market,trade,TESTE,99947.73845110691,139,,,,UBS,UBS,,,
2026-03-31T01:20:28.400Z,market,trade,TESTE,99955.22156748692,39,,,,UBS,UBS,,,
2026-03-31T01:20:28.555Z,market,trade,TESTE,99955.37131268639,119,,,,MS,BTG,,,
2026-03-31T01:20:28.711Z,market,trade,TESTE,99951.62437573551,48,,,,CS,BTG,,,
2026-03-31T01:20:28.868Z,market,trade,TESTE,99941.76759840256,19,,,,XP,MS,,,
2026-03-31T01:20:29.023Z,market,trade,TESTE,99950.2587686984,119,,,,ITAU,BTG,,,
2026-03-31T01:20:29.177Z,market,trade,TESTE,99942.92194672971,103,,,,XP,CS,,,
2026-03-31T01:20:29.333Z,market,trade,TESTE,99948.62472442239,130,,,,XP,XP,,,
2026-03-31T01:20:29.488Z,market,trade,TESTE,99948.95003984061,20,,,,UBS,CITI,,,
2026-03-31T01:20:29.644Z,market,trade,TESTE,99952.25169072178,69,,,,MS,CITI,,,
2026-03-31T01:20:29.801Z,market,trade,TESTE,99939.23354904677,72,,,,JPM,GOLDM,,,
2026-03-31T01:20:29.964Z,market,trade,TESTE,99935.8142593239,27,,,,CITI,XP,,,
2026-03-31T01:20:30.128Z,market,trade,TESTE,99942.62716599046,18,,,,JPM,CITI,,,
2026-03-31T01:20:30.280Z,market,trade,TESTE,99935.4709950983,17,,,,CITI,XP,,,
2026-03-31T01:20:30.444Z,market,trade,TESTE,99944.19258261724,141,,,,UBS,GOLDM,,,
2026-03-31T01:20:30.609Z,market,trade,TESTE,99948.82671619025,35,,,,CITI,BTG,,,
2026-03-31T01:20:30.761Z,market,trade,TESTE,99941.73782976808,64,,,,BARCL,UBS,,,
2026-03-31T01:20:30.928Z,market,trade,TESTE,99937.15479243042,84,,,,CITI,ITAU,,,
2026-03-31T01:20:31.080Z,market,trade,TESTE,99932.89104051648,191,,,,MS,JPM,,,
2026-03-31T01:20:31.232Z,market,trade,TESTE,99932.87247429554,200,,,,UBS,CITI,,,
2026-03-31T01:20:31.384Z,market,trade,TESTE,99942.83915465327,69,,,,JPM,BARCL,,,
2026-03-31T01:20:31.534Z,market,trade,TESTE,99930.93538085374,186,,,,BARCL,BTG,,,
2026-03-31T01:20:31.685Z,market,trade,TESTE,99931.4848986904,152,,,,XP,BTG,,,
2026-03-31T01:20:31.837Z,market,trade,TESTE,99930.97417573234,40,,,,MS,MS,,,
2026-03-31T01:20:31.989Z,market,trade,TESTE,99941.54290399312,66,,,,XP,MS,,,
2026-03-31T01:20:32.149Z,market,trade,TESTE,99939.21154713935,134,,,,JPM,JPM,,,
2026-03-31T01:20:32.299Z,market,trade,TESTE,99926.1080324838,113,,,,UBS,MS,,,
2026-03-31T01:20:32.463Z,market,trade,TESTE,99923.4096353971,111,,,,JPM,ITAU,,,
2026-03-31T01:20:32.628Z,market,trade,TESTE,99926.07376204563,78,,,,JPM,ITAU,,,
2026-03-31T01:20:32.779Z,market,trade,TESTE,99925.40195271351,72,,,,MS,XP,,,
2026-03-31T01:20:32.929Z,market,trade,TESTE,99931.88834170662,165,,,,BTG,MS,,,
2026-03-31T01:20:33.080Z,market,trade,TESTE,99917.26313917383,94,,,,MS,CITI,,,
2026-03-31T01:20:33.244Z,market,trade,TESTE,99926.81934830359,12,,,,CS,BTG,,,
2026-03-31T01:20:33.397Z,market,trade,TESTE,99919.66961802571,158,,,,CS,CS,,,
2026-03-31T01:20:33.548Z,market,trade,TESTE,99934.24735210693,130,,,,UBS,CITI,,,
2026-03-31T01:20:33.713Z,market,trade,TESTE,99933.21595501664,198,,,,UBS,CITI,,,
2026-03-31T01:20:33.865Z,market,trade,TESTE,99919.20989165614,28,,,,MS,JPM,,,
2026-03-31T01:20:34.016Z,market,trade,TESTE,99933.51232643168,39,,,,XP,BARCL,,,
2026-03-31T01:20:34.166Z,market,trade,TESTE,99926.08020807468,56,,,,XP,MS,,,
2026-03-31T01:20:34.331Z,market,trade,TESTE,99938.51578617936,166,,,,UBS,CS,,,
2026-03-31T01:20:34.482Z,market,trade,TESTE,99931.24164924306,50,,,,GOLDM,UBS,,,
2026-03-31T01:20:34.644Z,market,trade,TESTE,99945.13796501551,145,,,,GOLDM,MS,,,
2026-03-31T01:20:34.802Z,market,trade,TESTE,99934.26741957996,96,,,,BARCL,JPM,,,
2026-03-31T01:20:34.963Z,market,trade,TESTE,99936.10725689444,112,,,,GOLDM,MS,,,
2026-03-31T01:20:35.115Z,market,trade,TESTE,99941.43660120222,117,,,,CITI,GOLDM,,,
2026-03-31T01:20:35.280Z,market,trade,TESTE,99936.5307519462,41,,,,MS,CITI,,,
2026-03-31T01:20:35.432Z,market,trade,TESTE,99924.3372648059,51,,,,JPM,XP,,,
2026-03-31T01:20:35.596Z,market,trade,TESTE,99938.87864272467,128,,,,GOLDM,JPM,,,
2026-03-31T01:20:35.747Z,market,trade,TESTE,99933.34109160851,121,,,,ITAU,ITAU,,,
2026-03-31T01:20:35.898Z,market,trade,TESTE,99937.92065890544,15,,,,CS,ITAU,,,
2026-03-31T01:20:36.061Z,market,trade,TESTE,99946.0696063147,85,,,,BTG,UBS,,,
2026-03-31T01:20:36.215Z,market,trade,TESTE,99950.51946286576,45,,,,XP,JPM,,,
2026-03-31T01:20:36.366Z,market,trade,TESTE,99946.08436009694,29,,,,ITAU,CITI,,,
2026-03-31T01:20:36.530Z,market,trade,TESTE,99940.77446920238,24,,,,BTG,JPM,,,
2026-03-31T01:20:36.682Z,market,trade,TESTE,99950.99702912953,52,,,,GOLDM,MS,,,
2026-03-31T01:20:36.832Z,market,trade,TESTE,99951.96847249888,140,,,,UBS,JPM,,,
2026-03-31T01:20:36.996Z,market,trade,TESTE,99947.40952108591,123,,,,GOLDM,UBS,,,
2026-03-31T01:20:37.146Z,market,trade,TESTE,99939.62969309922,24,,,,GOLDM,ITAU,,,
2026-03-31T01:20:37.299Z,market,trade,TESTE,99947.83323936294,165,,,,GOLDM,CITI,,,
2026-03-31T01:20:37.462Z,market,trade,TESTE,99935.69346400142,49,,,,GOLDM,ITAU,,,
2026-03-31T01:20:37.612Z,market,trade,TESTE,99930.88053531927,173,,,,CITI,UBS,,,
2026-03-31T01:20:37.778Z,market,trade,TESTE,99932.78646217346,19,,,,GOLDM,CITI,,,
2026-03-31T01:20:37.944Z,market,trade,TESTE,99930.48987083313,75,,,,UBS,XP,,,
2026-03-31T01:20:38.095Z,market,trade,TESTE,99930.85133090738,168,,,,MS,XP,,,
2026-03-31T01:20:38.261Z,market,trade,TESTE,99944.59695014516,46,,,,MS,GOLDM,,,
2026-03-31T01:20:38.413Z,market,trade,TESTE,99931.68319524228,98,,,,CITI,BTG,,,
2026-03-31T01:20:38.565Z,market,trade,TESTE,99941.67087227985,108,,,,UBS,CS,,,
2026-03-31T01:20:38.726Z,market,trade,TESTE,99928.94391272712,179,,,,CITI,JPM,,,
2026-03-31T01:20:38.881Z,market,trade,TESTE,99933.76299695796,69,,,,XP,XP,,,
2026-03-31T01:20:39.040Z,market,trade,TESTE,99943.83411694497,68,,,,JPM,ITAU,,,
2026-03-31T01:20:39.196Z,market,trade,TESTE,99939.23991329623,34,,,,UBS,BTG,,,
2026-03-31T01:20:39.348Z,market,trade,TESTE,99925.99015188485,152,,,,XP,ITAU,,,
2026-03-31T01:20:39.498Z,market,trade,TESTE,99930.18323944217,135,,,,ITAU,BTG,,,
2026-03-31T01:20:39.662Z,market,trade,TESTE,99928.3752449662,70,,,,BTG,CITI,,,
2026-03-31T01:20:39.828Z,market,trade,TESTE,99931.2925198098,188,,,,CITI,ITAU,,,
2026-03-31T01:20:39.989Z,market,trade,TESTE,99939.60768803967,27,,,,ITAU,CS,,,
2026-03-31T01:20:40.142Z,market,trade,TESTE,99942.95592273046,188,,,,CITI,XP,,,
2026-03-31T01:20:40.299Z,market,trade,TESTE,99933.43750392272,127,,,,ITAU,UBS,,,
2026-03-31T01:20:40.464Z,market,trade,TESTE,99940.04402742334,53,,,,CS,CS,,,
2026-03-31T01:20:40.625Z,market,trade,TESTE,99927.30444183506,62,,,,UBS,ITAU,,,
2026-03-31T01:20:40.791Z,market,trade,TESTE,99935.3281746049,28,,,,CS,CS,,,
2026-03-31T01:20:40.944Z,market,trade,TESTE,99936.88183199361,58,,,,MS,BARCL,,,
2026-03-31T01:20:41.098Z,market,trade,TESTE,99927.90129876994,187,,,,GOLDM,BARCL,,,
2026-03-31T01:20:41.257Z,market,flow_inversion,,,,,,,,,35,-34,BTG
2026-03-31T01:20:41.257Z,market,trade,TESTE,99942.56186781246,69,,,,XP,BTG,,,
2026-03-31T01:20:41.413Z,market,trade,TESTE,99941.35108145974,195,,,,ITAU,CS,,,
2026-03-31T01:20:41.577Z,market,trade,TESTE,99935.38832548686,178,,,,CS,GOLDM,,,
2026-03-31T01:20:41.727Z,market,trade,TESTE,99949.16008583759,100,,,,UBS,UBS,,,
2026-03-31T01:20:41.879Z,market,trade,TESTE,99944.81920507172,75,,,,ITAU,GOLDM,,,
2026-03-31T01:20:42.044Z,market,trade,TESTE,99935.05905749698,25,,,,BARCL,ITAU,,,
2026-03-31T01:20:42.195Z,market,trade,TESTE,99948.02615757348,46,,,,CS,MS,,,
2026-03-31T01:20:42.348Z,market,trade,TESTE,99934.79607834079,190,,,,MS,GOLDM,,,
2026-03-31T01:20:42.511Z,market,trade,TESTE,99949.11562473892,174,,,,CS,CITI,,,
2026-03-31T01:20:42.666Z,market,trade,TESTE,99947.39389027627,195,,,,CS,JPM,,,
2026-03-31T01:20:42.830Z,market,trade,TESTE,99951.37938642438,21,,,,GOLDM,UBS,,,
2026-03-31T01:20:42.982Z,market,trade,TESTE,99944.94556446094,107,,,,GOLDM,MS,,,
2026-03-31T01:20:43.132Z,market,trade,TESTE,99946.78946205805,18,,,,CS,UBS,,,
2026-03-31T01:20:43.292Z,market,trade,TESTE,99954.35864998399,149,,,,XP,GOLDM,,,
2026-03-31T01:20:43.447Z,market,trade,TESTE,99955.95084579418,29,,,,MS,ITAU,,,
2026-03-31T01:20:43.599Z,market,trade,TESTE,99959.45257842816,70,,,,GOLDM,MS,,,
2026-03-31T01:20:43.749Z,market,trade,TESTE,99950.25168340071,44,,,,JPM,BTG,,,
2026-03-31T01:20:43.906Z,market,trade,TESTE,99946.86571880103,17,,,,CS,CS,,,
2026-03-31T01:20:44.064Z,market,trade,TESTE,99957.78207727899,188,,,,GOLDM,BARCL,,,
2026-03-31T01:20:44.215Z,market,trade,TESTE,99958.67097118606,189,,,,BARCL,ITAU,,,
2026-03-31T01:20:44.366Z,market,trade,TESTE,99949.61078196458,179,,,,CITI,CITI,,,
2026-03-31T01:20:44.532Z,market,trade,TESTE,99947.43633770422,104,,,,UBS,CS,,,
2026-03-31T01:20:44.683Z,market,trade,TESTE,99947.42465148776,112,,,,XP,CS,,,
2026-03-31T01:20:44.848Z,market,trade,TESTE,99954.89348260261,184,,,,UBS,CITI,,,
2026-03-31T01:20:45.000Z,market,trade,TESTE,99955.43816392067,112,,,,BTG,UBS,,,
2026-03-31T01:20:45.163Z,market,trade,TESTE,99941.25840567276,93,,,,CITI,ITAU,,,
2026-03-31T01:20:45.315Z,market,trade,TESTE,99954.84775255255,49,,,,CS,CS,,,
2026-03-31T01:20:45.479Z,market,trade,TESTE,99949.33386691542,44,,,,CS,CITI,,,
2026-03-31T01:20:45.631Z,market,trade,TESTE,99945.52265852124,170,,,,ITAU,JPM,,,
2026-03-31T01:20:45.785Z,market,trade,TESTE,99958.0761376794,62,,,,XP,UBS,,,
2026-03-31T01:20:45.946Z,market,trade,TESTE,99946.24348778502,31,,,,MS,CS,,,
2026-03-31T01:20:46.098Z,market,trade,TESTE,99951.0759728447,93,,,,ITAU,BTG,,,
2026-03-31T01:20:46.261Z,market,trade,TESTE,99960.40155293215,136,,,,JPM,MS,,,
2026-03-31T01:20:46.412Z,market,trade,TESTE,99951.46017755805,104,,,,UBS,UBS,,,
2026-03-31T01:20:46.565Z,market,trade,TESTE,99961.64112927984,71,,,,BARCL,JPM,,,
2026-03-31T01:20:46.728Z,market,trade,TESTE,99960.50749799848,76,,,,GOLDM,BARCL,,,
2026-03-31T01:20:46.882Z,market,trade,TESTE,99948.71011780588,53,,,,UBS,UBS,,,
2026-03-31T01:20:47.046Z,market,trade,TESTE,99951.67948471922,128,,,,GOLDM,JPM,,,
2026-03-31T01:20:47.212Z,market,trade,TESTE,99966.23925662634,65,,,,MS,GOLDM,,,
2026-03-31T01:20:47.364Z,market,trade,TESTE,99969.65998188395,131,,,,MS,BARCL,,,
2026-03-31T01:20:47.529Z,market,trade,TESTE,99956.78930096926,30,,,,BARCL,UBS,,,
2026-03-31T01:20:47.680Z,market,trade,TESTE,99954.5249816326,61,,,,GOLDM,BARCL,,,
2026-03-31T01:20:47.845Z,market,trade,TESTE,99957.94483248374,128,,,,XP,BTG,,,
2026-03-31T01:20:47.996Z,market,trade,TESTE,99965.01603252607,161,,,,CITI,BTG,,,
2026-03-31T01:20:48.146Z,market,trade,TESTE,99963.82330672584,163,,,,ITAU,CS,,,
2026-03-31T01:20:48.309Z,market,trade,TESTE,99967.55818891707,42,,,,UBS,MS,,,
2026-03-31T01:20:48.460Z,market,trade,TESTE,99965.43521042498,95,,,,BTG,UBS,,,
2026-03-31T01:20:48.614Z,market,trade,TESTE,99969.86786919495,193,,,,XP,MS,,,
2026-03-31T01:20:48.764Z,market,trade,TESTE,99958.30941484311,15,,,,XP,GOLDM,,,
2026-03-31T01:20:48.930Z,market,trade,TESTE,99965.75772751203,73,,,,BARCL,JPM,,,
2026-03-31T01:20:49.082Z,market,trade,TESTE,99967.23280929908,121,,,,CS,XP,,,
2026-03-31T01:20:49.234Z,market,trade,TESTE,99960.3257552816,18,,,,UBS,ITAU,,,
2026-03-31T01:20:49.396Z,market,trade,TESTE,99974.37967869236,8,,,,CS,BTG,,,
2026-03-31T01:20:49.547Z,market,trade,TESTE,99971.09930126308,120,,,,ITAU,CITI,,,
2026-03-31T01:20:49.710Z,market,trade,TESTE,99971.5280971843,8,,,,JPM,BTG,,,
2026-03-31T01:20:49.863Z,market,trade,TESTE,99964.79587920269,194,,,,UBS,GOLDM,,,
2026-03-31T01:20:50.025Z,market,trade,TESTE,99964.40625233026,188,,,,BTG,XP,,,
2026-03-31T01:20:50.178Z,market,trade,TESTE,99963.38810301691,92,,,,CITI,XP,,,
2026-03-31T01:20:50.330Z,market,trade,TESTE,99970.2767221113,63,,,,UBS,BARCL,,,
2026-03-31T01:20:50.481Z,market,trade,TESTE,99962.46731777141,146,,,,CS,BARCL,,,
2026-03-31T01:20:50.638Z,market,trade,TESTE,99965.33398586718,108,,,,CS,BTG,,,
2026-03-31T01:20:50.795Z,market,trade,TESTE,99967.3821221034,163,,,,CITI,CS,,,
2026-03-31T01:20:50.946Z,market,trade,TESTE,99980.22770962748,7,,,,JPM,BTG,,,
2026-03-31T01:20:51.110Z,market,trade,TESTE,99981.66591356494,119,,,,CS,XP,,,
2026-03-31T01:20:51.261Z,market,trade,TESTE,99969.54194496755,22,,,,BTG,CITI,,,
2026-03-31T01:20:51.412Z,market,trade,TESTE,99979.84358037969,66,,,,BARCL,JPM,,,
2026-03-31T01:20:51.566Z,market,trade,TESTE,99973.56600787981,39,,,,CS,GOLDM,,,
2026-03-31T01:20:51.728Z,market,trade,TESTE,99978.96504258474,171,,,,CITI,GOLDM,,,
2026-03-31T01:20:51.882Z,market,trade,TESTE,99969.04734114096,76,,,,GOLDM,UBS,,,
2026-03-31T01:20:52.044Z,market,trade,TESTE,99975.31120141144,155,,,,XP,BARCL,,,
2026-03-31T01:20:52.195Z,market,trade,TESTE,99963.14593314573,37,,,,JPM,ITAU,,,
2026-03-31T01:20:52.349Z,market,trade,TESTE,99961.50861684764,56,,,,BARCL,CITI,,,
2026-03-31T01:20:52.508Z,market,trade,TESTE,99961.32284326333,152,,,,BARCL,JPM,,,
2026-03-31T01:20:52.663Z,market,trade,TESTE,99962.87278112199,91,,,,UBS,ITAU,,,
2026-03-31T01:20:52.828Z,market,trade,TESTE,99968.85368759917,135,,,,CITI,XP,,,
2026-03-31T01:20:52.979Z,market,trade,TESTE,99971.15019579133,102,,,,XP,MS,,,
2026-03-31T01:20:53.146Z,market,trade,TESTE,99975.22985254716,16,,,,CS,GOLDM,,,
2026-03-31T01:20:53.299Z,market,trade,TESTE,99969.7819509826,38,,,,ITAU,ITAU,,,
2026-03-31T01:20:53.461Z,market,trade,TESTE,99966.59843114793,57,,,,CITI,CS,,,
2026-03-31T01:20:53.627Z,market,trade,TESTE,99968.2601089316,128,,,,BTG,GOLDM,,,
2026-03-31T01:20:53.779Z,market,trade,TESTE,99981.28259084612,36,,,,MS,CS,,,
2026-03-31T01:20:53.931Z,market,trade,TESTE,99982.04171321393,108,,,,ITAU,BARCL,,,
2026-03-31T01:20:54.095Z,market,trade,TESTE,99984.46858502745,101,,,,CITI,JPM,,,
2026-03-31T01:20:54.245Z,market,trade,TESTE,99972.04725370418,158,,,,GOLDM,XP,,,
2026-03-31T01:20:54.397Z,market,trade,TESTE,99984.2012685825,108,,,,JPM,UBS,,,
2026-03-31T01:20:54.556Z,market,trade,TESTE,99970.37640192432,154,,,,ITAU,CS,,,
2026-03-31T01:20:54.710Z,market,trade,TESTE,99971.37689121561,196,,,,UBS,CS,,,
2026-03-31T01:20:54.860Z,market,trade,TESTE,99979.3779987557,67,,,,CITI,MS,,,
2026-03-31T01:20:55.011Z,market,trade,TESTE,99984.05507268128,197,,,,GOLDM,JPM,,,
2026-03-31T01:20:55.163Z,market,trade,TESTE,99980.43807118111,135,,,,GOLDM,XP,,,
2026-03-31T01:20:55.313Z,market,trade,TESTE,99984.04910609646,12,,,,XP,JPM,,,
2026-03-31T01:20:55.465Z,market,trade,TESTE,99986.68223156771,83,,,,UBS,CITI,,,
2026-03-31T01:20:55.619Z,market,trade,TESTE,99974.05454782263,101,,,,UBS,XP,,,
2026-03-31T01:20:55.776Z,market,trade,TESTE,99975.3037841469,191,,,,CITI,MS,,,
2026-03-31T01:20:55.929Z,market,trade,TESTE,99986.74061722156,189,,,,BARCL,JPM,,,
2026-03-31T01:20:56.082Z,market,trade,TESTE,99978.60235152059,199,,,,CS,BARCL,,,
2026-03-31T01:20:56.233Z,market,trade,TESTE,99976.2368826013,149,,,,UBS,GOLDM,,,
2026-03-31T01:20:56.384Z,market,trade,TESTE,99977.28137810138,60,,,,CITI,BARCL,,,
2026-03-31T01:20:56.535Z,market,trade,TESTE,99972.90719273627,82,,,,XP,MS,,,
2026-03-31T01:20:56.687Z,market,trade,TESTE,99984.29564055607,133,,,,GOLDM,BARCL,,,
2026-03-31T01:20:56.848Z,market,trade,TESTE,99977.62915711034,185,,,,BTG,ITAU,,,
2026-03-31T01:20:57.009Z,market,trade,TESTE,99974.71278032583,40,,,,BARCL,ITAU,,,
2026-03-31T01:20:57.163Z,market,trade,TESTE,99985.16824353172,101,,,,CS,BTG,,,
2026-03-31T01:20:57.315Z,market,trade,TESTE,99981.21194455976,60,,,,XP,UBS,,,
2026-03-31T01:20:57.477Z,market,trade,TESTE,99969.10604256256,107,,,,BARCL,ITAU,,,
2026-03-31T01:20:57.628Z,market,trade,TESTE,99978.27086639398,89,,,,ITAU,UBS,,,
2026-03-31T01:20:57.779Z,market,trade,TESTE,99979.13030037486,190,,,,GOLDM,BARCL,,,
2026-03-31T01:20:57.945Z,market,trade,TESTE,99965.84067968359,113,,,,GOLDM,CITI,,,
2026-03-31T01:20:58.106Z,market,trade,TESTE,99972.88713866739,99,,,,CITI,ITAU,,,
2026-03-31T01:20:58.262Z,market,trade,TESTE,99976.8488668257,179,,,,UBS,CITI,,,
2026-03-31T01:20:58.413Z,market,trade,TESTE,99977.72047247739,39,,,,CS,GOLDM,,,
2026-03-31T01:20:58.565Z,market,trade,TESTE,99978.87986133469,14,,,,XP,CS,,,
2026-03-31T01:20:58.717Z,market,trade,TESTE,99976.9707297926,167,,,,BTG,ITAU,,,
2026-03-31T01:20:58.877Z,market,trade,TESTE,99969.6500229438,62,,,,JPM,MS,,,
2026-03-31T01:20:59.029Z,market,trade,TESTE,99980.85753365616,43,,,,ITAU,MS,,,
2026-03-31T01:20:59.194Z,market,trade,TESTE,99973.98803036528,154,,,,GOLDM,XP,,,
2026-03-31T01:20:59.348Z,market,trade,TESTE,99986.10695573068,74,,,,JPM,ITAU,,,
2026-03-31T01:20:59.510Z,market,trade,TESTE,99971.31504025373,128,,,,BTG,UBS,,,
2026-03-31T01:20:59.662Z,market,trade,TESTE,99981.94461577968,24,,,,XP,ITAU,,,
2026-03-31T01:20:59.814Z,market,trade,TESTE,99977.91843771028,134,,,,XP,CITI,,,
2026-03-31T01:20:59.965Z,market,trade,TESTE,99981.9678715026,52,,,,GOLDM,MS,,,
2026-03-31T01:21:00.126Z,market,trade,TESTE,99971.03121206423,149,,,,CITI,CS,,,
2026-03-31T01:21:00.279Z,market,trade,TESTE,99969.33763449012,105,,,,XP,CS,,,
2026-03-31T01:21:00.444Z,market,trade,TESTE,99981.6538838045,103,,,,UBS,UBS,,,
2026-03-31T01:21:00.596Z,market,trade,TESTE,99978.47118022681,140,,,,MS,XP,,,
2026-03-31T01:21:00.748Z,market,trade,TESTE,99967.80356621409,82,,,,CITI,ITAU,,,
2026-03-31T01:21:00.914Z,market,trade,TESTE,99979.3437706148,5,,,,CITI,CITI,,,
2026-03-31T01:21:01.081Z,market,trade,TESTE,99974.90911344411,149,,,,ITAU,GOLDM,,,
2026-03-31T01:21:01.232Z,market,trade,TESTE,99973.54885837944,129,,,,JPM,BARCL,,,
2026-03-31T01:21:01.397Z,market,trade,TESTE,99966.14616498306,12,,,,UBS,CS,,,
2026-03-31T01:21:01.559Z,market,trade,TESTE,99981.07966717442,29,,,,XP,JPM,,,
2026-03-31T01:21:01.712Z,market,trade,TESTE,99978.52004126798,121,,,,BTG,GOLDM,,,
2026-03-31T01:21:01.877Z,market,trade,TESTE,99968.37730109823,85,,,,BARCL,MS,,,
2026-03-31T01:21:02.031Z,market,trade,TESTE,99981.45943281785,87,,,,JPM,CS,,,
2026-03-31T01:21:02.194Z,market,trade,TESTE,99983.98712193989,17,,,,CS,JPM,,,
2026-03-31T01:21:02.348Z,market,trade,TESTE,99981.37096504822,144,,,,JPM,JPM,,,
2026-03-31T01:21:02.511Z,market,trade,TESTE,99976.56719952058,131,,,,ITAU,MS,,,
2026-03-31T01:21:02.662Z,market,flow_inversion,,,,,,,,,-105,93,BTG
2026-03-31T01:21:02.662Z,market,trade,TESTE,99963.04291157862,198,,,,BTG,JPM,,,
2026-03-31T01:21:02.813Z,market,trade,TESTE,99977.66807679438,183,,,,GOLDM,UBS,,,
2026-03-31T01:21:02.977Z,market,trade,TESTE,99982.14391510648,184,,,,BTG,CITI,,,
2026-03-31T01:21:03.130Z,market,trade,TESTE,99980.0255221349,19,,,,JPM,MS,,,
2026-03-31T01:21:03.281Z,market,trade,TESTE,99968.86633778021,27,,,,UBS,GOLDM,,,
2026-03-31T01:21:03.445Z,market,trade,TESTE,99972.37705995963,68,,,,MS,MS,,,
2026-03-31T01:21:03.612Z,market,trade,TESTE,99980.59112132208,154,,,,BARCL,XP,,,
2026-03-31T01:21:03.776Z,market,trade,TESTE,99984.59888819666,44,,,,ITAU,UBS,,,
2026-03-31T01:21:03.929Z,market,trade,TESTE,99973.6308593856,105,,,,CITI,GOLDM,,,
2026-03-31T01:21:04.094Z,market,trade,TESTE,99971.88398516452,126,,,,GOLDM,XP,,,
2026-03-31T01:21:04.260Z,market,trade,TESTE,99979.08306282443,196,,,,ITAU,CITI,,,
2026-03-31T01:21:04.414Z,market,trade,TESTE,99975.7482327871,68,,,,JPM,ITAU,,,
2026-03-31T01:21:04.578Z,market,trade,TESTE,99968.16024214606,109,,,,CS,CITI,,,
2026-03-31T01:21:04.728Z,market,trade,TESTE,99968.50272796322,5,,,,UBS,CS,,,
2026-03-31T01:21:04.892Z,market,trade,TESTE,99965.91051204814,68,,,,BARCL,CITI,,,
2026-03-31T01:21:05.048Z,market,trade,TESTE,99976.95242993995,53,,,,XP,BTG,,,
2026-03-31T01:21:05.212Z,market,trade,TESTE,99962.64822241386,25,,,,JPM,CITI,,,
2026-03-31T01:21:05.363Z,market,trade,TESTE,99975.54498646104,63,,,,UBS,BTG,,,
2026-03-31T01:21:05.528Z,market,trade,TESTE,99962.56428100735,116,,,,CITI,BTG,,,
2026-03-31T01:21:05.679Z,market,trade,TESTE,99965.12969264953,182,,,,CITI,CITI,,,
2026-03-31T01:21:05.844Z,market,trade,TESTE,99979.58314306285,132,,,,GOLDM,JPM,,,
2026-03-31T01:21:05.996Z,market,trade,TESTE,99965.79566439218,138,,,,JPM,MS,,,
2026-03-31T01:21:06.158Z,market,trade,TESTE,99970.37479751628,112,,,,BTG,GOLDM,,,
2026-03-31T01:21:06.314Z,market,trade,TESTE,99981.85805642906,164,,,,BTG,XP,,,
2026-03-31T01:21:06.478Z,market,trade,TESTE,99969.96437823864,31,,,,ITAU,MS,,,
2026-03-31T01:21:06.632Z,market,trade,TESTE,99970.50601125303,195,,,,GOLDM,UBS,,,
2026-03-31T01:21:06.795Z,market,trade,TESTE,99979.3796091085,154,,,,XP,JPM,,,
2026-03-31T01:21:06.945Z,market,trade,TESTE,99983.9397010505,119,,,,MS,CITI,,,
2026-03-31T01:21:07.095Z,market,trade,TESTE,99979.5255808492,49,,,,BARCL,UBS,,,
2026-03-31T01:21:07.261Z,market,trade,TESTE,99983.63693730332,198,,,,MS,UBS,,,
2026-03-31T01:21:07.412Z,market,trade,TESTE,99971.91897068902,45,,,,BARCL,ITAU,,,
2026-03-31T01:21:07.562Z,market,trade,TESTE,99986.85603266137,194,,,,CS,UBS,,,
2026-03-31T01:21:07.722Z,market,trade,TESTE,99990.41441194728,96,,,,BARCL,MS,,,
2026-03-31T01:21:07.878Z,market,trade,TESTE,99992.128419154,68,,,,UBS,GOLDM,,,
2026-03-31T01:21:08.032Z,market,trade,TESTE,99996.94651648623,151,,,,MS,UBS,,,
2026-03-31T01:21:08.195Z,market,trade,TESTE,99989.2550393509,72,,,,CS,CITI,,,
2026-03-31T01:21:08.348Z,market,trade,TESTE,99988.97364765588,121,,,,MS,CS,,,
2026-03-31T01:21:08.511Z,market,trade,TESTE,99984.64027762054,105,,,,BARCL,GOLDM,,,
2026-03-31T01:21:08.663Z,market,trade,TESTE,99997.91266586982,141,,,,BARCL,BTG,,,
2026-03-31T01:21:08.828Z,market,trade,TESTE,99994.94198416057,92,,,,BARCL,UBS,,,
2026-03-31T01:21:08.994Z,market,trade,TESTE,99980.53732847534,29,,,,CS,MS,,,
2026-03-31T01:21:09.160Z,market,trade,TESTE,99981.92420009244,121,,,,GOLDM,MS,,,
2026-03-31T01:21:09.318Z,market,trade,TESTE,99987.14199389983,86,,,,CITI,GOLDM,,,
2026-03-31T01:21:09.476Z,market,trade,TESTE,99987.79689012328,70,,,,ITAU,MS,,,
2026-03-31T01:21:09.629Z,market,trade,TESTE,99981.60821125355,118,,,,MS,UBS,,,
2026-03-31T01:21:09.795Z,market,trade,TESTE,99993.6963926565,138,,,,BTG,CITI,,,
2026-03-31T01:21:09.956Z,market,trade,TESTE,99990.95048682194,191,,,,CITI,CS,,,
2026-03-31T01:21:10.113Z,market,trade,TESTE,99982.19799334292,94,,,,ITAU,JPM,,,
2026-03-31T01:21:10.279Z,market,trade,TESTE,99981.92832619214,52,,,,UBS,ITAU,,,
2026-03-31T01:21:10.429Z,market,trade,TESTE,99986.56584335776,97,,,,MS,BTG,,,
2026-03-31T01:21:10.595Z,market,trade,TESTE,99993.42152237364,189,,,,ITAU,XP,,,
2026-03-31T01:21:10.746Z,market,trade,TESTE,99996.53265203332,19,,,,CS,CS,,,
2026-03-31T01:21:10.912Z,market,trade,TESTE,99988.27597775505,155,,,,CS,MS,,,
2026-03-31T01:21:11.069Z,market,trade,TESTE,99992.42673315378,8,,,,ITAU,JPM,,,
2026-03-31T01:21:11.228Z,market,trade,TESTE,99993.77956640252,164,,,,UBS,UBS,,,
2026-03-31T01:21:11.380Z,market,trade,TESTE,100002.86846367642,142,,,,ITAU,MS,,,
2026-03-31T01:21:11.545Z,market,trade,TESTE,100002.76252858159,75,,,,MS,JPM,,,
2026-03-31T01:21:11.696Z,market,trade,TESTE,99990.96485737535,35,,,,CITI,BARCL,,,
2026-03-31T01:21:11.862Z,market,trade,TESTE,99987.25099194414,172,,,,MS,GOLDM,,,
2026-03-31T01:21:12.027Z,market,trade,TESTE,99997.26971152867,17,,,,BTG,UBS,,,
2026-03-31T01:21:12.178Z,market,trade,TESTE,99996.27629629617,83,,,,ITAU,CS,,,
2026-03-31T01:21:12.332Z,market,trade,TESTE,99982.47856403099,148,,,,ITAU,ITAU,,,
2026-03-31T01:21:12.495Z,market,trade,TESTE,99991.47182143039,185,,,,BTG,BTG,,,
2026-03-31T01:21:12.646Z,market,trade,TESTE,99978.72917531285,84,,,,CITI,XP,,,
2026-03-31T01:21:12.812Z,market,trade,TESTE,99978.0989414015,33,,,,CITI,JPM,,,
2026-03-31T01:21:12.962Z,market,trade,TESTE,99976.39592370544,79,,,,JPM,BARCL,,,
2026-03-31T01:21:13.113Z,market,trade,TESTE,99990.6754461068,110,,,,CS,JPM,,,
2026-03-31T01:21:13.276Z,market,trade,TESTE,99989.74610935873,123,,,,ITAU,JPM,,,
2026-03-31T01:21:13.431Z,market,trade,TESTE,99975.00020572467,36,,,,XP,MS,,,
2026-03-31T01:21:13.592Z,market,trade,TESTE,99980.13756900578,170,,,,UBS,CITI,,,
2026-03-31T01:21:13.743Z,market,trade,TESTE,99969.30643024188,133,,,,CITI,BARCL,,,
2026-03-31T01:21:13.894Z,market,trade,TESTE,99973.23749086483,193,,,,XP,CITI,,,
2026-03-31T01:21:14.045Z,market,trade,TESTE,99978.59626590453,171,,,,BTG,JPM,,,
2026-03-31T01:21:14.196Z,market,trade,TESTE,99983.25344486107,152,,,,GOLDM,XP,,,
2026-03-31T01:21:14.349Z,market,trade,TESTE,99987.65359938909,16,,,,CITI,MS,,,
2026-03-31T01:21:14.514Z,market,trade,TESTE,99989.10854857657,167,,,,ITAU,ITAU,,,
2026-03-31T01:21:14.677Z,market,trade,TESTE,99990.23381936619,196,,,,GOLDM,XP,,,
2026-03-31T01:21:14.828Z,market,trade,TESTE,99989.36073856914,192,,,,MS,ITAU,,,
2026-03-31T01:21:14.979Z,market,trade,TESTE,99979.95927210856,44,,,,BTG,ITAU,,,
2026-03-31T01:21:15.132Z,market,trade,TESTE,99987.15757298414,7,,,,UBS,UBS,,,
2026-03-31T01:21:15.297Z,market,trade,TESTE,99979.87543223503,113,,,,MS,CS,,,
2026-03-31T01:21:15.448Z,market,trade,TESTE,99979.13209603657,17,,,,JPM,BARCL,,,
2026-03-31T01:21:15.602Z,market,trade,TESTE,99977.65309036503,197,,,,BTG,JPM,,,
2026-03-31T01:21:15.754Z,market,trade,TESTE,99977.334173426,99,,,,JPM,ITAU,,,
2026-03-31T01:21:15.905Z,market,trade,TESTE,99973.2438998569,71,,,,CITI,CS,,,
2026-03-31T01:21:16.061Z,market,trade,TESTE,99981.68650284206,169,,,,BTG,BTG,,,
2026-03-31T01:21:16.211Z,market,flow_inversion,,,,,,,,,-96,68,UBS
2026-03-31T01:21:16.211Z,market,trade,TESTE,99973.16632234825,164,,,,UBS,CS,,,
2026-03-31T01:21:16.363Z,market,trade,TESTE,99974.84589658101,5,,,,JPM,BTG,,,
2026-03-31T01:21:16.515Z,market,trade,TESTE,99974.44033379262,130,,,,CS,BTG,,,
2026-03-31T01:21:16.666Z,market,trade,TESTE,99979.5531823478,162,,,,JPM,JPM,,,
2026-03-31T01:21:16.830Z,market,trade,TESTE,99982.64104098843,111,,,,BARCL,ITAU,,,
2026-03-31T01:21:16.981Z,market,trade,TESTE,99986.22201331871,105,,,,CITI,ITAU,,,
2026-03-31T01:21:17.138Z,market,trade,TESTE,99980.38142856721,55,,,,CITI,GOLDM,,,
2026-03-31T01:21:17.296Z,market,trade,TESTE,99981.59802076612,51,,,,ITAU,MS,,,
2026-03-31T01:21:17.449Z,market,trade,TESTE,99995.41632869867,107,,,,BARCL,CS,,,
2026-03-31T01:21:17.611Z,market,trade,TESTE,99991.44600370918,73,,,,CITI,XP,,,
2026-03-31T01:21:17.762Z,market,trade,TESTE,99987.7057118081,127,,,,ITAU,UBS,,,
2026-03-31T01:21:17.912Z,market,trade,TESTE,99984.25270977648,5,,,,ITAU,JPM,,,
2026-03-31T01:21:18.064Z,market,trade,TESTE,99988.27610968173,87,,,,JPM,MS,,,
2026-03-31T01:21:18.215Z,market,trade,TESTE,99983.9476274252,187,,,,GOLDM,CITI,,,
2026-03-31T01:21:18.380Z,market,trade,TESTE,99971.7223790282,68,,,,JPM,GOLDM,,,
2026-03-31T01:21:18.542Z,market,trade,TESTE,99975.63515047148,134,,,,JPM,CITI,,,
2026-03-31T01:21:18.694Z,market,trade,TESTE,99974.71034067943,8,,,,XP,CS,,,
2026-03-31T01:21:18.860Z,market,trade,TESTE,99972.82174707708,17,,,,BTG,XP,,,
2026-03-31T01:21:19.010Z,market,trade,TESTE,99981.04976480294,121,,,,GOLDM,XP,,,
2026-03-31T01:21:19.164Z,market,trade,TESTE,99966.608547891,26,,,,BARCL,MS,,,
2026-03-31T01:21:19.315Z,market,trade,TESTE,99981.58463640528,31,,,,GOLDM,CS,,,
2026-03-31T01:21:19.479Z,market,trade,TESTE,99969.86327380023,161,,,,XP,ITAU,,,
2026-03-31T01:21:19.630Z,market,trade,TESTE,99975.77631254519,139,,,,MS,CS,,,
2026-03-31T01:21:19.792Z,market,trade,TESTE,99980.04708819985,5,,,,JPM,GOLDM,,,
2026-03-31T01:21:19.943Z,market,trade,TESTE,99966.44047272555,120,,,,CITI,UBS,,,
2026-03-31T01:21:20.108Z,market,trade,TESTE,99969.34832175991,161,,,,CITI,ITAU,,,
2026-03-31T01:21:20.261Z,market,trade,TESTE,99981.09296777677,57,,,,CS,XP,,,
2026-03-31T01:21:20.413Z,market,trade,TESTE,99977.30624371949,142,,,,ITAU,XP,,,
2026-03-31T01:21:20.566Z,market,trade,TESTE,99979.2101638971,67,,,,MS,CITI,,,
2026-03-31T01:21:20.730Z,market,trade,TESTE,99982.55384172396,135,,,,MS,UBS,,,
2026-03-31T01:21:20.894Z,market,trade,TESTE,99974.10512997677,40,,,,MS,XP,,,
2026-03-31T01:21:21.058Z,market,trade,TESTE,99977.09409656053,158,,,,BTG,XP,,,
2026-03-31T01:21:21.214Z,market,trade,TESTE,99980.12983634327,17,,,,BTG,BARCL,,,
2026-03-31T01:21:21.364Z,market,trade,TESTE,99979.62167385589,118,,,,BARCL,BARCL,,,
2026-03-31T01:21:21.526Z,market,trade,TESTE,99978.36283004966,73,,,,BTG,XP,,,
2026-03-31T01:21:21.679Z,market,trade,TESTE,99978.13721986988,132,,,,CS,ITAU,,,
2026-03-31T01:21:21.844Z,market,trade,TESTE,99990.71961087754,51,,,,CS,XP,,,
2026-03-31T01:21:21.995Z,market,trade,TESTE,99988.10809207629,185,,,,XP,CITI,,,
2026-03-31T01:21:22.161Z,market,trade,TESTE,99983.66692803672,91,,,,XP,BTG,,,
2026-03-31T01:21:22.315Z,market,trade,TESTE,99979.99245548907,152,,,,GOLDM,ITAU,,,
2026-03-31T01:21:22.477Z,market,trade,TESTE,99966.74706045078,118,,,,GOLDM,CS,,,
2026-03-31T01:21:22.643Z,market,trade,TESTE,99971.21937123926,73,,,,JPM,JPM,,,
2026-03-31T01:21:22.795Z,market,trade,TESTE,99978.72739286507,131,,,,MS,MS,,,
2026-03-31T01:21:22.962Z,market,trade,TESTE,99969.42042318196,118,,,,XP,CS,,,
2026-03-31T01:21:23.126Z,market,trade,TESTE,99965.57311911629,80,,,,JPM,UBS,,,
2026-03-31T01:21:23.279Z,market,trade,TESTE,99976.01886895973,66,,,,ITAU,JPM,,,
2026-03-31T01:21:23.444Z,market,trade,TESTE,99967.73653255252,191,,,,BARCL,XP,,,
2026-03-31T01:21:23.595Z,market,trade,TESTE,99977.10281126837,66,,,,JPM,XP,,,
2026-03-31T01:21:23.746Z,market,trade,TESTE,99964.87689209412,77,,,,JPM,XP,,,
2026-03-31T01:21:23.911Z,market,trade,TESTE,99963.87094208643,63,,,,CS,ITAU,,,
2026-03-31T01:21:24.077Z,market,trade,TESTE,99965.80413153539,173,,,,GOLDM,CITI,,,
2026-03-31T01:21:24.230Z,market,trade,TESTE,99974.34545138039,75,,,,MS,CITI,,,
2026-03-31T01:21:24.393Z,market,trade,TESTE,99975.03073695829,127,,,,XP,BARCL,,,
2026-03-31T01:21:24.544Z,market,trade,TESTE,99972.69459757573,99,,,,GOLDM,BARCL,,,
2026-03-31T01:21:24.710Z,market,trade,TESTE,99959.13023996001,92,,,,CITI,BARCL,,,
2026-03-31T01:21:24.861Z,market,trade,TESTE,99959.25158189583,51,,,,JPM,GOLDM,,,
2026-03-31T01:21:25.011Z,market,trade,TESTE,99969.5311998404,149,,,,MS,XP,,,
2026-03-31T01:21:25.177Z,market,trade,TESTE,99961.0300159229,85,,,,MS,CITI,,,
2026-03-31T01:21:25.330Z,market,trade,TESTE,99966.45877061172,199,,,,CITI,CITI,,,
2026-03-31T01:21:25.487Z,market,trade,TESTE,99970.20728756157,148,,,,BARCL,UBS,,,
2026-03-31T01:21:25.637Z,market,trade,TESTE,99960.92076820081,15,,,,MS,CITI,,,
2026-03-31T01:21:25.798Z,market,trade,TESTE,99975.65074933514,183,,,,ITAU,UBS,,,
2026-03-31T01:21:25.964Z,market,trade,TESTE,99965.60743515643,110,,,,CS,GOLDM,,,
2026-03-31T01:21:26.127Z,market,trade,TESTE,99979.03298396959,14,,,,BTG,CS,,,
2026-03-31T01:21:26.283Z,market,trade,TESTE,99980.4583455346,158,,,,MS,JPM,,,
2026-03-31T01:21:26.434Z,market,trade,TESTE,99978.53085801074,143,,,,CITI,JPM,,,
2026-03-31T01:21:26.595Z,market,trade,TESTE,99978.1203766508,155,,,,BARCL,CS,,,
2026-03-31T01:21:26.746Z,market,trade,TESTE,99972.3054299953,44,,,,CITI,CITI,,,
2026-03-31T01:21:26.897Z,market,trade,TESTE,99978.90290873067,130,,,,UBS,MS,,,
2026-03-31T01:21:27.061Z,market,trade,TESTE,99964.55969434572,67,,,,JPM,CS,,,
2026-03-31T01:21:27.227Z,market,trade,TESTE,99960.26542589584,36,,,,BARCL,UBS,,,
2026-03-31T01:21:27.387Z,market,trade,TESTE,99958.8364446194,36,,,,JPM,UBS,,,
2026-03-31T01:21:27.544Z,market,trade,TESTE,99954.21812554747,61,,,,ITAU,CS,,,
2026-03-31T01:21:27.700Z,market,trade,TESTE,99950.75177475587,51,,,,CS,UBS,,,
2026-03-31T01:21:27.851Z,market,trade,TESTE,99949.47659197524,195,,,,UBS,CITI,,,
2026-03-31T01:21:28.002Z,market,trade,TESTE,99957.14105019056,123,,,,JPM,CS,,,
2026-03-31T01:21:28.153Z,market,trade,TESTE,99947.17992797981,185,,,,CS,MS,,,
2026-03-31T01:21:28.303Z,market,trade,TESTE,99946.40641473199,48,,,,BARCL,GOLDM,,,
2026-03-31T01:21:28.468Z,market,trade,TESTE,99952.34003839007,184,,,,CITI,ITAU,,,
2026-03-31T01:21:28.634Z,market,trade,TESTE,99956.10197876977,20,,,,CS,MS,,,
2026-03-31T01:21:28.785Z,market,trade,TESTE,99955.6431495415,9,,,,JPM,JPM,,,
2026-03-31T01:21:28.970Z,market,trade,TESTE,99954.92240021074,148,,,,XP,XP,,,
2026-03-31T01:21:29.130Z,market,trade,TESTE,99940.98636536617,198,,,,CS,JPM,,,
2026-03-31T01:21:29.282Z,market,trade,TESTE,99945.66004158651,82,,,,CITI,BTG,,,
2026-03-31T01:21:29.446Z,market,trade,TESTE,99957.17483131161,190,,,,CS,UBS,,,
2026-03-31T01:21:29.608Z,market,trade,TESTE,99960.05699024884,129,,,,JPM,BTG,,,
2026-03-31T01:21:29.764Z,market,trade,TESTE,99953.75450626844,25,,,,CITI,MS,,,
2026-03-31T01:21:29.924Z,market,trade,TESTE,99964.09909554583,187,,,,BTG,BARCL,,,
2026-03-31T01:21:30.078Z,market,trade,TESTE,99951.98904872843,15,,,,XP,CS,,,
2026-03-31T01:21:30.235Z,market,trade,TESTE,99962.75313305076,122,,,,ITAU,ITAU,,,
2026-03-31T01:21:30.388Z,market,trade,TESTE,99965.59839040444,120,,,,ITAU,UBS,,,
