ts,topic,type,ticker,price,qty,agent,rule,label,buy_agent,sell_agent,previous_delta,current_delta,agent_name
2026-04-21T20:07:58.149Z,market,trade,TESTE,100009.89932947191,145,,,,CS,ITAU,,,
2026-04-21T20:07:58.306Z,market,trade,TESTE,99999.74841435096,100,,,,ITAU,XP,,,
2026-04-21T20:07:58.463Z,market,trade,TESTE,100005.23444741081,125,,,,XP,XP,,,
2026-04-21T20:07:58.619Z,market,trade,TESTE,99996.88379634,91,,,,MS,BTG,,,
2026-04-21T20:07:58.775Z,market,flow_inversion,,,,,,,,,0,117,BTG
2026-04-21T20:07:58.775Z,market,trade,TESTE,100008.68276084581,117,,,,BTG,BTG,,,
2026-04-21T20:07:58.929Z,market,flow_inversion,,,,,,,,,0,7,GOLDM
2026-04-21T20:07:58.929Z,market,trade,TESTE,99995.83891358868,7,,,,GOLDM,MS,,,
2026-04-21T20:07:59.086Z,market,trade,TESTE,99998.71422874936,108,,,,BARCL,GOLDM,,,
2026-04-21T20:07:59.241Z,market,trade,TESTE,100007.96429539548,132,,,,MS,JPM,,,
2026-04-21T20:07:59.398Z,market,trade,TESTE,99995.06305669804,94,,,,JPM,CITI,,,
2026-04-21T20:07:59.553Z,market,trade,TESTE,99997.98704308755,103,,,,MS,MS,,,
2026-04-21T20:07:59.712Z,market,trade,TESTE,99994.25153491576,148,,,,CITI,JPM,,,
2026-04-21T20:07:59.869Z,market,trade,TESTE,99995.00652565657,6,,,,MS,GOLDM,,,
2026-04-21T20:08:00.026Z,market,trade,TESTE,99997.9132519786,143,,,,ITAU,CITI,,,
2026-04-21T20:08:00.182Z,market,trade,TESTE,100002.01474493108,74,,,,MS,CITI,,,
2026-04-21T20:08:00.343Z,market,trade,TESTE,100006.00241646706,151,,,,MS,XP,,,
2026-04-21T20:08:00.496Z,market,trade,TESTE,100008.0748992484,183,,,,UBS,ITAU,,,
2026-04-21T20:08:00.654Z,market,trade,TESTE,100013.43394267665,75,,,,CITI,BARCL,,,
2026-04-21T20:08:00.810Z,market,trade,TESTE,100010.07662253291,171,,,,ITAU,MS,,,
2026-04-21T20:08:00.966Z,market,trade,TESTE,100004.94890166413,134,,,,BARCL,CS,,,
2026-04-21T20:08:01.123Z,market,trade,TESTE,100018.77112244863,25,,,,XP,XP,,,
2026-04-21T20:08:01.280Z,market,trade,TESTE,100003.83840572665,131,,,,CITI,ITAU,,,
2026-04-21T20:08:01.437Z,market,flow_inversion,,,,,,,,,117,-77,BTG
2026-04-21T20:08:01.437Z,market,trade,TESTE,100006.84003469387,194,,,,CS,BTG,,,
2026-04-21T20:08:01.594Z,market,trade,TESTE,100020.22592547709,20,,,,UBS,XP,,,
2026-04-21T20:08:01.750Z,market,trade,TESTE,100018.71896234772,31,,,,MS,MS,,,
2026-04-21T20:08:01.906Z,market,trade,TESTE,100011.22848185165,63,,,,BARCL,BARCL,,,
2026-04-21T20:08:02.061Z,market,trade,TESTE,100011.64585935944,17,,,,CITI,MS,,,
2026-04-21T20:08:02.217Z,market,trade,TESTE,100020.68546637676,94,,,,CS,BTG,,,
2026-04-21T20:08:02.373Z,market,trade,TESTE,100021.86514822797,127,,,,XP,CITI,,,
2026-04-21T20:08:02.528Z,market,trade,TESTE,100022.73062908891,114,,,,CITI,BARCL,,,
2026-04-21T20:08:02.683Z,market,trade,TESTE,100021.87426476233,80,,,,CITI,CITI,,,
2026-04-21T20:08:02.839Z,market,trade,TESTE,100024.4557686654,91,,,,GOLDM,JPM,,,
2026-04-21T20:08:02.994Z,market,trade,TESTE,100017.27981697711,17,,,,BARCL,BARCL,,,
2026-04-21T20:08:03.150Z,market,flow_inversion,,,,,,,,,1,-87,GOLDM
2026-04-21T20:08:03.150Z,market,trade,TESTE,100027.33657602059,88,,,,CS,GOLDM,,,
2026-04-21T20:08:03.303Z,market,trade,TESTE,100021.8729661467,114,,,,UBS,ITAU,,,
2026-04-21T20:08:03.458Z,market,trade,TESTE,100036.39648230809,78,,,,GOLDM,CITI,,,
2026-04-21T20:08:03.613Z,market,trade,TESTE,100025.96177252482,133,,,,CS,UBS,,,
2026-04-21T20:08:03.767Z,market,trade,TESTE,100030.70424969464,126,,,,JPM,XP,,,
2026-04-21T20:08:03.921Z,market,trade,TESTE,100034.5244802562,178,,,,BTG,GOLDM,,,
2026-04-21T20:08:04.074Z,market,trade,TESTE,100043.40917261074,13,,,,BARCL,XP,,,
2026-04-21T20:08:04.229Z,market,trade,TESTE,100040.63970644248,51,,,,GOLDM,BTG,,,
2026-04-21T20:08:04.385Z,market,trade,TESTE,100030.19567399843,191,,,,XP,JPM,,,
2026-04-21T20:08:04.542Z,market,trade,TESTE,100044.75602216934,14,,,,XP,UBS,,,
2026-04-21T20:08:04.700Z,market,trade,TESTE,100045.19859579683,89,,,,CITI,BTG,,,
2026-04-21T20:08:04.855Z,market,trade,TESTE,100041.43151548602,124,,,,XP,BTG,,,
2026-04-21T20:08:05.008Z,market,trade,TESTE,100041.20224628446,176,,,,XP,ITAU,,,
2026-04-21T20:08:05.165Z,market,trade,TESTE,100033.5361859956,11,,,,CITI,UBS,,,
2026-04-21T20:08:05.321Z,market,trade,TESTE,100030.96947374642,117,,,,XP,UBS,,,
2026-04-21T20:08:05.476Z,market,trade,TESTE,100035.22505615003,48,,,,XP,GOLDM,,,
2026-04-21T20:08:05.632Z,market,trade,TESTE,100047.95716886736,20,,,,BTG,GOLDM,,,
2026-04-21T20:08:05.787Z,market,trade,TESTE,100048.12696308465,163,,,,XP,ITAU,,,
2026-04-21T20:08:05.943Z,market,trade,TESTE,100040.92699787935,165,,,,UBS,JPM,,,
2026-04-21T20:08:06.099Z,market,trade,TESTE,100046.19438534255,160,,,,XP,UBS,,,
2026-04-21T20:08:06.256Z,market,trade,TESTE,100050.39131639586,68,,,,CS,UBS,,,
2026-04-21T20:08:06.412Z,market,trade,TESTE,100052.39026503354,80,,,,XP,BARCL,,,
2026-04-21T20:08:06.567Z,market,trade,TESTE,100040.01178518299,100,,,,CS,BARCL,,,
2026-04-21T20:08:06.722Z,market,trade,TESTE,100041.25349643014,129,,,,UBS,UBS,,,
2026-04-21T20:08:06.878Z,market,trade,TESTE,100043.97244922927,73,,,,UBS,UBS,,,
2026-04-21T20:08:07.034Z,market,trade,TESTE,100055.57337270236,95,,,,MS,GOLDM,,,
2026-04-21T20:08:07.189Z,market,trade,TESTE,100042.57139942082,194,,,,CITI,JPM,,,
2026-04-21T20:08:07.344Z,market,trade,TESTE,100039.86938342547,74,,,,BARCL,XP,,,
2026-04-21T20:08:07.500Z,market,trade,TESTE,100041.75079834065,150,,,,MS,ITAU,,,
2026-04-21T20:08:07.654Z,market,trade,TESTE,100044.36857943857,161,,,,CITI,UBS,,,
2026-04-21T20:08:07.807Z,market,trade,TESTE,100053.45542981372,171,,,,BTG,BTG,,,
2026-04-21T20:08:07.963Z,market,trade,TESTE,100045.27825458568,114,,,,UBS,CITI,,,
2026-04-21T20:08:08.119Z,market,trade,TESTE,100048.5678493079,136,,,,CITI,CS,,,
2026-04-21T20:08:08.273Z,market,trade,TESTE,100047.2723989634,117,,,,JPM,ITAU,,,
2026-04-21T20:08:08.428Z,market,trade,TESTE,100044.70925154282,18,,,,XP,BARCL,,,
2026-04-21T20:08:08.586Z,market,trade,TESTE,100052.656304324,144,,,,BTG,ITAU,,,
2026-04-21T20:08:08.742Z,market,trade,TESTE,100040.43634370784,46,,,,GOLDM,MS,,,
2026-04-21T20:08:08.907Z,market,trade,TESTE,100047.94607005705,161,,,,BARCL,BARCL,,,
2026-04-21T20:08:09.061Z,market,trade,TESTE,100050.59080142826,195,,,,BARCL,XP,,,
2026-04-21T20:08:09.217Z,market,trade,TESTE,100046.38230543831,131,,,,CITI,GOLDM,,,
2026-04-21T20:08:09.374Z,market,trade,TESTE,100039.35870779281,67,,,,BTG,ITAU,,,
2026-04-21T20:08:09.529Z,market,trade,TESTE,100042.77095249921,127,,,,BTG,UBS,,,
2026-04-21T20:08:09.684Z,market,trade,TESTE,100053.15502443817,25,,,,UBS,JPM,,,
2026-04-21T20:08:09.839Z,market,trade,TESTE,100051.84365651273,53,,,,UBS,JPM,,,
2026-04-21T20:08:09.993Z,market,trade,TESTE,100047.43801554925,113,,,,XP,UBS,,,
2026-04-21T20:08:10.149Z,market,trade,TESTE,100036.46019049206,22,,,,CS,ITAU,,,
2026-04-21T20:08:10.304Z,market,trade,TESTE,100047.75168583852,156,,,,XP,UBS,,,
2026-04-21T20:08:10.460Z,market,trade,TESTE,100044.69251928832,48,,,,XP,UBS,,,
2026-04-21T20:08:10.615Z,market,trade,TESTE,100046.99594784714,54,,,,MS,ITAU,,,
2026-04-21T20:08:10.770Z,market,trade,TESTE,100048.13356166407,115,,,,CITI,XP,,,
2026-04-21T20:08:10.927Z,market,trade,TESTE,100040.99713900732,91,,,,BTG,CITI,,,
2026-04-21T20:08:11.082Z,market,trade,TESTE,100052.77997899917,136,,,,BARCL,GOLDM,,,
2026-04-21T20:08:11.235Z,market,trade,TESTE,100054.27330356106,111,,,,MS,BTG,,,
2026-04-21T20:08:11.390Z,market,trade,TESTE,100049.80432944179,12,,,,JPM,BARCL,,,
2026-04-21T20:08:11.546Z,market,trade,TESTE,100053.1201487184,116,,,,GOLDM,GOLDM,,,
2026-04-21T20:08:11.701Z,market,trade,TESTE,100055.56284486483,173,,,,ITAU,UBS,,,
2026-04-21T20:08:11.857Z,market,trade,TESTE,100060.00130340293,96,,,,CS,JPM,,,
2026-04-21T20:08:12.009Z,market,trade,TESTE,100061.5910329258,176,,,,UBS,BARCL,,,
2026-04-21T20:08:12.163Z,market,trade,TESTE,100066.05371227225,98,,,,BTG,CS,,,
2026-04-21T20:08:12.319Z,market,trade,TESTE,100060.34266746033,24,,,,MS,UBS,,,
2026-04-21T20:08:12.475Z,market,trade,TESTE,100069.60740573936,65,,,,CITI,JPM,,,
2026-04-21T20:08:12.631Z,market,trade,TESTE,100066.55589596245,98,,,,GOLDM,UBS,,,
2026-04-21T20:08:12.784Z,market,trade,TESTE,100058.86969224013,34,,,,JPM,CS,,,
2026-04-21T20:08:12.937Z,market,trade,TESTE,100061.31975921249,103,,,,CS,UBS,,,
2026-04-21T20:08:13.092Z,market,trade,TESTE,100061.09467668964,110,,,,CS,MS,,,
2026-04-21T20:08:13.247Z,market,trade,TESTE,100075.47830834695,36,,,,JPM,ITAU,,,
2026-04-21T20:08:13.400Z,market,trade,TESTE,100072.4971000494,179,,,,UBS,UBS,,,
2026-04-21T20:08:13.555Z,market,trade,TESTE,100065.07262743743,156,,,,XP,CS,,,
2026-04-21T20:08:13.713Z,market,trade,TESTE,100062.08167515126,74,,,,UBS,ITAU,,,
2026-04-21T20:08:13.869Z,market,trade,TESTE,100058.42555738702,138,,,,BTG,UBS,,,
2026-04-21T20:08:14.026Z,market,trade,TESTE,100063.05623036226,52,,,,GOLDM,CS,,,
2026-04-21T20:08:14.182Z,market,trade,TESTE,100070.6431778954,190,,,,BTG,CS,,,
2026-04-21T20:08:14.337Z,market,trade,TESTE,100067.13784190995,99,,,,ITAU,UBS,,,
2026-04-21T20:08:14.491Z,market,trade,TESTE,100057.76232038993,192,,,,JPM,JPM,,,
2026-04-21T20:08:14.648Z,market,trade,TESTE,100057.67863754982,79,,,,GOLDM,CS,,,
2026-04-21T20:08:14.803Z,market,trade,TESTE,100063.9890497549,88,,,,XP,XP,,,
2026-04-21T20:08:14.957Z,market,trade,TESTE,100056.27106478713,134,,,,BARCL,ITAU,,,
2026-04-21T20:08:15.116Z,market,trade,TESTE,100061.54942426678,39,,,,JPM,GOLDM,,,
2026-04-21T20:08:15.272Z,market,trade,TESTE,100063.1999936584,137,,,,ITAU,MS,,,
2026-04-21T20:08:15.426Z,market,trade,TESTE,100055.68827748309,58,,,,BTG,MS,,,
2026-04-21T20:08:15.582Z,market,trade,TESTE,100068.78019114897,85,,,,CITI,JPM,,,
2026-04-21T20:08:15.739Z,market,trade,TESTE,100058.42723965236,135,,,,CITI,XP,,,
2026-04-21T20:08:15.896Z,market,trade,TESTE,100060.8852812195,195,,,,UBS,MS,,,
2026-04-21T20:08:16.050Z,market,trade,TESTE,100075.1192906788,82,,,,ITAU,BTG,,,
2026-04-21T20:08:16.206Z,market,trade,TESTE,100076.68615274971,76,,,,GOLDM,XP,,,
2026-04-21T20:08:16.364Z,market,trade,TESTE,100067.88882872545,88,,,,ITAU,ITAU,,,
2026-04-21T20:08:16.519Z,market,trade,TESTE,100081.14280630126,47,,,,GOLDM,GOLDM,,,
2026-04-21T20:08:16.674Z,market,trade,TESTE,100078.5099510048,67,,,,XP,CS,,,
2026-04-21T20:08:16.828Z,market,trade,TESTE,100065.71515992508,171,,,,JPM,MS,,,
2026-04-21T20:08:16.981Z,market,trade,TESTE,100078.91148659751,20,,,,UBS,UBS,,,
2026-04-21T20:08:17.137Z,market,trade,TESTE,100070.75671161625,164,,,,CITI,JPM,,,
2026-04-21T20:08:17.293Z,market,trade,TESTE,100066.68505586762,105,,,,MS,UBS,,,
2026-04-21T20:08:17.449Z,market,trade,TESTE,100079.92865469289,76,,,,MS,UBS,,,
2026-04-21T20:08:17.605Z,market,trade,TESTE,100079.20241509972,28,,,,ITAU,CITI,,,
2026-04-21T20:08:17.761Z,market,trade,TESTE,100083.63205070775,107,,,,GOLDM,BTG,,,
2026-04-21T20:08:17.915Z,market,trade,TESTE,100081.69227603478,38,,,,BTG,GOLDM,,,
2026-04-21T20:08:18.071Z,market,trade,TESTE,100085.63604968911,40,,,,BARCL,ITAU,,,
2026-04-21T20:08:18.226Z,market,trade,TESTE,100078.35223377668,79,,,,JPM,CITI,,,
2026-04-21T20:08:18.383Z,market,trade,TESTE,100082.63834233783,39,,,,JPM,CS,,,
2026-04-21T20:08:18.539Z,market,trade,TESTE,100080.59848268043,37,,,,MS,JPM,,,
2026-04-21T20:08:18.696Z,market,trade,TESTE,100086.53489295869,94,,,,ITAU,MS,,,
2026-04-21T20:08:18.852Z,market,trade,TESTE,100076.0007307057,69,,,,JPM,BTG,,,
2026-04-21T20:08:19.007Z,market,trade,TESTE,100075.40811674856,68,,,,GOLDM,JPM,,,
2026-04-21T20:08:19.161Z,market,trade,TESTE,100078.06920536586,112,,,,GOLDM,BARCL,,,
2026-04-21T20:08:19.317Z,market,trade,TESTE,100090.1158952415,90,,,,BARCL,BTG,,,
2026-04-21T20:08:19.472Z,market,trade,TESTE,100085.13084502098,152,,,,CITI,XP,,,
2026-04-21T20:08:19.629Z,market,trade,TESTE,100076.80484382962,147,,,,ITAU,CITI,,,
2026-04-21T20:08:19.784Z,market,trade,TESTE,100073.38540457575,150,,,,BTG,BARCL,,,
2026-04-21T20:08:19.940Z,market,trade,TESTE,100071.88763752395,139,,,,XP,GOLDM,,,
2026-04-21T20:08:20.096Z,market,trade,TESTE,100084.09509927429,130,,,,ITAU,UBS,,,
2026-04-21T20:08:20.251Z,market,trade,TESTE,100071.90279218601,94,,,,BARCL,XP,,,
2026-04-21T20:08:20.408Z,market,trade,TESTE,100075.63717248247,6,,,,MS,MS,,,
2026-04-21T20:08:20.562Z,market,trade,TESTE,100084.11428124535,194,,,,UBS,BARCL,,,
2026-04-21T20:08:20.719Z,market,trade,TESTE,100081.92561347912,20,,,,ITAU,CITI,,,
2026-04-21T20:08:20.874Z,market,trade,TESTE,100079.4372575918,151,,,,MS,UBS,,,
2026-04-21T20:08:21.028Z,market,trade,TESTE,100074.0058300271,151,,,,BARCL,GOLDM,,,
2026-04-21T20:08:21.184Z,market,trade,TESTE,100070.35836152064,145,,,,CITI,GOLDM,,,
2026-04-21T20:08:21.341Z,market,trade,TESTE,100066.34919910635,183,,,,UBS,CITI,,,
2026-04-21T20:08:21.498Z,market,trade,TESTE,100069.17225881733,147,,,,CS,CS,,,
2026-04-21T20:08:21.655Z,market,trade,TESTE,100068.26050068761,138,,,,XP,BTG,,,
2026-04-21T20:08:21.811Z,market,trade,TESTE,100075.17304086777,9,,,,UBS,BARCL,,,
2026-04-21T20:08:21.966Z,market,trade,TESTE,100065.10067449043,28,,,,XP,CS,,,
2026-04-21T20:08:22.122Z,market,trade,TESTE,100062.11169570414,79,,,,CS,MS,,,
2026-04-21T20:08:22.279Z,market,trade,TESTE,100062.85424807276,32,,,,CITI,BARCL,,,
2026-04-21T20:08:22.434Z,market,trade,TESTE,100065.7646055283,26,,,,BARCL,BARCL,,,
2026-04-21T20:08:22.589Z,market,trade,TESTE,100075.96791359446,153,,,,MS,JPM,,,
2026-04-21T20:08:22.746Z,market,trade,TESTE,100076.74531401778,170,,,,BTG,CS,,,
2026-04-21T20:08:22.902Z,market,trade,TESTE,100064.99824784716,183,,,,CITI,JPM,,,
2026-04-21T20:08:23.058Z,market,trade,TESTE,100062.4117805172,9,,,,XP,CS,,,
2026-04-21T20:08:23.214Z,market,trade,TESTE,100077.24470478979,168,,,,CS,UBS,,,
2026-04-21T20:08:23.372Z,market,trade,TESTE,100077.24091703646,147,,,,JPM,MS,,,
2026-04-21T20:08:23.528Z,market,trade,TESTE,100069.4802225758,65,,,,BTG,GOLDM,,,
2026-04-21T20:08:23.684Z,market,trade,TESTE,100080.74532675196,53,,,,XP,BTG,,,
2026-04-21T20:08:23.837Z,market,trade,TESTE,100072.63497528041,44,,,,XP,CS,,,
2026-04-21T20:08:23.992Z,market,trade,TESTE,100085.13430854214,48,,,,BTG,BARCL,,,
2026-04-21T20:08:24.148Z,market,trade,TESTE,100080.58272224948,144,,,,GOLDM,ITAU,,,
2026-04-21T20:08:24.303Z,market,trade,TESTE,100067.56413761544,53,,,,JPM,BTG,,,
2026-04-21T20:08:24.460Z,market,trade,TESTE,100072.67448569373,49,,,,XP,GOLDM,,,
2026-04-21T20:08:24.615Z,market,trade,TESTE,100059.31690371118,134,,,,BTG,JPM,,,
2026-04-21T20:08:24.769Z,market,trade,TESTE,100068.38299216828,114,,,,BARCL,UBS,,,
2026-04-21T20:08:24.927Z,market,trade,TESTE,100069.62575402537,190,,,,BTG,BARCL,,,
2026-04-21T20:08:25.080Z,market,trade,TESTE,100068.92892346175,185,,,,MS,ITAU,,,
2026-04-21T20:08:25.235Z,market,trade,TESTE,100057.9100402437,107,,,,BTG,UBS,,,
2026-04-21T20:08:25.389Z,market,trade,TESTE,100070.47047030511,102,,,,BARCL,ITAU,,,
2026-04-21T20:08:25.544Z,market,trade,TESTE,100065.36417425184,83,,,,BTG,UBS,,,
2026-04-21T20:08:25.698Z,market,trade,TESTE,100076.42693293872,73,,,,UBS,XP,,,
2026-04-21T20:08:25.852Z,market,trade,TESTE,100062.7124768916,93,,,,XP,CS,,,
2026-04-21T20:08:26.006Z,market,trade,TESTE,100077.30658296793,29,,,,JPM,CITI,,,
2026-04-21T20:08:26.162Z,market,trade,TESTE,100076.71578736187,153,,,,GOLDM,GOLDM,,,
2026-04-21T20:08:26.317Z,market,trade,TESTE,100069.61527838325,165,,,,CITI,BTG,,,
2026-04-21T20:08:26.472Z,market,trade,TESTE,100075.6045267596,190,,,,BTG,BTG,,,
2026-04-21T20:08:26.629Z,market,trade,TESTE,100070.77845116494,185,,,,UBS,GOLDM,,,
2026-04-21T20:08:26.786Z,market,trade,TESTE,100069.87651871213,24,,,,XP,CS,,,
2026-04-21T20:08:26.939Z,market,trade,TESTE,100072.59680587842,112,,,,BARCL,MS,,,
2026-04-21T20:08:27.095Z,market,trade,TESTE,100069.11064487684,153,,,,CITI,CITI,,,
2026-04-21T20:08:27.251Z,market,trade,TESTE,100060.13130511323,121,,,,ITAU,XP,,,
2026-04-21T20:08:27.409Z,market,trade,TESTE,100058.88069593067,192,,,,BARCL,CITI,,,
2026-04-21T20:08:27.565Z,market,trade,TESTE,100072.20593472947,119,,,,BTG,JPM,,,
2026-04-21T20:08:27.723Z,market,trade,TESTE,100069.77162594818,118,,,,ITAU,MS,,,
2026-04-21T20:08:27.879Z,market,trade,TESTE,100073.66290088222,195,,,,BARCL,BTG,,,
2026-04-21T20:08:28.035Z,market,trade,TESTE,100062.38899435622,192,,,,CITI,BTG,,,
2026-04-21T20:08:28.194Z,market,trade,TESTE,100075.81188595985,144,,,,CS,UBS,,,
2026-04-21T20:08:28.351Z,market,trade,TESTE,100066.43216590083,50,,,,CITI,BARCL,,,
2026-04-21T20:08:28.508Z,market,trade,TESTE,100067.29344363615,56,,,,CITI,UBS,,,
2026-04-21T20:08:28.664Z,market,trade,TESTE,100066.18096276648,145,,,,BARCL,CS,,,
2026-04-21T20:08:28.822Z,market,trade,TESTE,100068.36314044868,68,,,,CS,UBS,,,
2026-04-21T20:08:28.977Z,market,trade,TESTE,100083.09493364645,36,,,,ITAU,BARCL,,,
2026-04-21T20:08:29.131Z,market,trade,TESTE,100078.49446862437,173,,,,BTG,XP,,,
2026-04-21T20:08:29.284Z,market,trade,TESTE,100078.66001472942,118,,,,BARCL,XP,,,
2026-04-21T20:08:29.440Z,market,trade,TESTE,100067.6761448972,117,,,,ITAU,CS,,,
2026-04-21T20:08:29.593Z,market,trade,TESTE,100067.07645731603,76,,,,BARCL,BARCL,,,
2026-04-21T20:08:29.750Z,market,trade,TESTE,100079.45886420789,35,,,,BARCL,XP,,,
2026-04-21T20:08:29.906Z,market,trade,TESTE,100076.5399168666,7,,,,XP,JPM,,,
2026-04-21T20:08:30.061Z,market,trade,TESTE,100079.1409701706,25,,,,BTG,UBS,,,
2026-04-21T20:08:30.218Z,market,trade,TESTE,100074.68624231221,116,,,,JPM,GOLDM,,,
2026-04-21T20:08:30.374Z,market,trade,TESTE,100069.587977857,53,,,,CITI,XP,,,
2026-04-21T20:08:30.529Z,market,trade,TESTE,100079.74580661867,193,,,,ITAU,BARCL,,,
2026-04-21T20:08:30.685Z,market,trade,TESTE,100082.98084889007,7,,,,ITAU,UBS,,,
2026-04-21T20:08:30.840Z,market,trade,TESTE,100073.32609680176,92,,,,JPM,XP,,,
2026-04-21T20:08:30.996Z,market,trade,TESTE,100085.24892798865,13,,,,MS,CITI,,,
2026-04-21T20:08:31.153Z,market,trade,TESTE,100088.57481112759,21,,,,UBS,JPM,,,
2026-04-21T20:08:31.310Z,market,trade,TESTE,100081.10716353808,125,,,,JPM,JPM,,,
2026-04-21T20:08:31.466Z,market,trade,TESTE,100095.45470090941,58,,,,JPM,BARCL,,,
2026-04-21T20:08:31.623Z,market,trade,TESTE,100088.25918946508,70,,,,CS,GOLDM,,,
2026-04-21T20:08:31.779Z,market,trade,TESTE,100098.72162597129,9,,,,UBS,MS,,,
2026-04-21T20:08:31.936Z,market,trade,TESTE,100098.18887962762,139,,,,GOLDM,GOLDM,,,
2026-04-21T20:08:32.090Z,market,trade,TESTE,100101.6143525538,37,,,,XP,BTG,,,
2026-04-21T20:08:32.244Z,market,trade,TESTE,100086.82827022858,152,,,,UBS,CS,,,
2026-04-21T20:08:32.399Z,market,trade,TESTE,100100.67582355347,200,,,,ITAU,GOLDM,,,
2026-04-21T20:08:32.553Z,market,trade,TESTE,100089.66896869289,128,,,,BTG,JPM,,,
2026-04-21T20:08:32.704Z,market,trade,TESTE,100085.42118375989,44,,,,MS,GOLDM,,,
2026-04-21T20:08:32.857Z,market,trade,TESTE,100083.1771325809,32,,,,ITAU,MS,,,
2026-04-21T20:08:33.014Z,market,trade,TESTE,100092.61002589876,179,,,,XP,MS,,,
2026-04-21T20:08:33.169Z,market,trade,TESTE,100084.32143563005,80,,,,BTG,BTG,,,
2026-04-21T20:08:33.326Z,market,trade,TESTE,100086.37445318961,112,,,,CITI,CS,,,
2026-04-21T20:08:33.481Z,market,trade,TESTE,100083.93930006704,25,,,,JPM,ITAU,,,
2026-04-21T20:08:33.637Z,market,trade,TESTE,100081.9115231554,101,,,,MS,BTG,,,
2026-04-21T20:08:33.791Z,market,trade,TESTE,100089.00628622944,51,,,,MS,BARCL,,,
2026-04-21T20:08:33.944Z,market,trade,TESTE,100086.52474094192,191,,,,ITAU,XP,,,
2026-04-21T20:08:34.100Z,market,trade,TESTE,100077.56580815742,52,,,,MS,BTG,,,
2026-04-21T20:08:34.254Z,market,trade,TESTE,100090.76606049357,167,,,,GOLDM,CITI,,,
2026-04-21T20:08:34.409Z,market,trade,TESTE,100081.82116722448,19,,,,UBS,MS,,,
2026-04-21T20:08:34.564Z,market,trade,TESTE,100088.06031995744,149,,,,UBS,GOLDM,,,
2026-04-21T20:08:34.720Z,market,trade,TESTE,100080.05794976407,181,,,,BARCL,MS,,,
2026-04-21T20:08:34.876Z,market,trade,TESTE,100088.52805657753,165,,,,BARCL,CS,,,
2026-04-21T20:08:35.031Z,market,trade,TESTE,100086.31161324348,17,,,,CITI,BTG,,,
2026-04-21T20:08:35.186Z,market,trade,TESTE,100074.1873038648,33,,,,CITI,BARCL,,,
2026-04-21T20:08:35.341Z,market,trade,TESTE,100080.74347698648,195,,,,ITAU,CS,,,
2026-04-21T20:08:35.499Z,market,trade,TESTE,100075.58918017615,153,,,,GOLDM,UBS,,,
2026-04-21T20:08:35.653Z,market,trade,TESTE,100085.09685069499,148,,,,XP,JPM,,,
2026-04-21T20:08:35.812Z,market,trade,TESTE,100073.89620226907,124,,,,CITI,GOLDM,,,
2026-04-21T20:08:35.967Z,market,trade,TESTE,100077.8415987047,37,,,,MS,BTG,,,
2026-04-21T20:08:36.123Z,market,trade,TESTE,100081.16858179515,19,,,,UBS,ITAU,,,
2026-04-21T20:08:36.278Z,market,trade,TESTE,100094.02686728354,46,,,,XP,MS,,,
2026-04-21T20:08:36.435Z,market,trade,TESTE,100083.16659215876,95,,,,XP,XP,,,
2026-04-21T20:08:36.590Z,market,trade,TESTE,100096.9544525701,33,,,,CITI,ITAU,,,
2026-04-21T20:08:36.746Z,market,trade,TESTE,100089.268413479,197,,,,CS,UBS,,,
2026-04-21T20:08:36.902Z,market,trade,TESTE,100091.55221655287,80,,,,GOLDM,CS,,,
2026-04-21T20:08:37.057Z,market,trade,TESTE,100087.65118305093,27,,,,XP,GOLDM,,,
2026-04-21T20:08:37.210Z,market,trade,TESTE,100092.76295113294,38,,,,CS,BARCL,,,
2026-04-21T20:08:37.366Z,market,trade,TESTE,100083.8025869959,59,,,,CS,JPM,,,
2026-04-21T20:08:37.525Z,market,trade,TESTE,100089.51768275343,69,,,,CITI,BTG,,,
2026-04-21T20:08:37.682Z,market,trade,TESTE,100087.13852092403,81,,,,BTG,CITI,,,
2026-04-21T20:08:37.838Z,market,trade,TESTE,100080.31658334294,160,,,,GOLDM,UBS,,,
2026-04-21T20:08:37.994Z,market,trade,TESTE,100081.90679204132,97,,,,BTG,XP,,,
2026-04-21T20:08:38.150Z,market,trade,TESTE,100092.60850922109,83,,,,JPM,GOLDM,,,
2026-04-21T20:08:38.305Z,market,trade,TESTE,100089.86953377286,80,,,,CS,MS,,,
2026-04-21T20:08:38.462Z,market,trade,TESTE,100081.8118557392,189,,,,UBS,GOLDM,,,
2026-04-21T20:08:38.616Z,market,trade,TESTE,100077.34437122467,96,,,,BARCL,CS,,,
2026-04-21T20:08:38.773Z,market,trade,TESTE,100086.29014886885,9,,,,MS,ITAU,,,
2026-04-21T20:08:38.928Z,market,trade,TESTE,100087.05102490737,54,,,,CS,UBS,,,
2026-04-21T20:08:39.082Z,market,trade,TESTE,100083.0094192091,145,,,,CS,GOLDM,,,
2026-04-21T20:08:39.239Z,market,trade,TESTE,100069.58890625047,170,,,,UBS,GOLDM,,,
2026-04-21T20:08:39.394Z,market,trade,TESTE,100072.44456033537,26,,,,CS,UBS,,,
2026-04-21T20:08:39.548Z,market,trade,TESTE,100073.21698555065,199,,,,CITI,MS,,,
2026-04-21T20:08:39.703Z,market,trade,TESTE,100069.06337131062,157,,,,JPM,MS,,,
2026-04-21T20:08:39.860Z,market,trade,TESTE,100075.6450452686,198,,,,CITI,CS,,,
2026-04-21T20:08:40.015Z,market,trade,TESTE,100068.21251662307,27,,,,UBS,JPM,,,
2026-04-21T20:08:40.172Z,market,trade,TESTE,100069.03251451261,80,,,,CS,BARCL,,,
2026-04-21T20:08:40.329Z,market,trade,TESTE,100073.39876868331,81,,,,BARCL,CS,,,
2026-04-21T20:08:40.487Z,market,trade,TESTE,100075.43099816688,46,,,,BTG,ITAU,,,
2026-04-21T20:08:40.643Z,market,trade,TESTE,100079.81281558557,53,,,,MS,XP,,,
2026-04-21T20:08:40.797Z,market,trade,TESTE,100076.99068847197,197,,,,BARCL,BTG,,,
2026-04-21T20:08:40.952Z,market,trade,TESTE,100085.96354787129,140,,,,BARCL,ITAU,,,
2026-04-21T20:08:41.107Z,market,trade,TESTE,100072.6969200993,183,,,,ITAU,XP,,,
2026-04-21T20:08:41.264Z,market,trade,TESTE,100079.28675880886,60,,,,JPM,JPM,,,
2026-04-21T20:08:41.419Z,market,trade,TESTE,100064.47405205977,169,,,,CS,UBS,,,
2026-04-21T20:08:41.575Z,market,trade,TESTE,100076.35015650878,17,,,,JPM,CS,,,
2026-04-21T20:08:41.733Z,market,trade,TESTE,100073.18541549362,147,,,,UBS,CS,,,
2026-04-21T20:08:41.889Z,market,trade,TESTE,100069.69097384703,127,,,,GOLDM,BTG,,,
2026-04-21T20:08:42.043Z,market,trade,TESTE,100072.26953732099,113,,,,BARCL,UBS,,,
2026-04-21T20:08:42.198Z,market,trade,TESTE,100059.73911200851,124,,,,CITI,ITAU,,,
2026-04-21T20:08:42.354Z,market,trade,TESTE,100074.55150130492,174,,,,MS,GOLDM,,,
2026-04-21T20:08:42.509Z,market,trade,TESTE,100060.50145765589,182,,,,ITAU,CS,,,
2026-04-21T20:08:42.665Z,market,trade,TESTE,100072.3429719961,90,,,,XP,ITAU,,,
2026-04-21T20:08:42.820Z,market,trade,TESTE,100069.73322774855,72,,,,ITAU,MS,,,
2026-04-21T20:08:42.976Z,market,trade,TESTE,100059.8230287448,22,,,,CS,CITI,,,
2026-04-21T20:08:43.134Z,market,trade,TESTE,100067.0634650448,114,,,,ITAU,ITAU,,,
2026-04-21T20:08:43.290Z,market,trade,TESTE,100071.50466388087,145,,,,XP,CS,,,
2026-04-21T20:08:43.444Z,market,trade,TESTE,100062.7285837369,38,,,,JPM,JPM,,,
2026-04-21T20:08:43.600Z,market,trade,TESTE,100057.76284981157,82,,,,MS,XP,,,
2026-04-21T20:08:43.755Z,market,trade,TESTE,100072.44137980574,94,,,,GOLDM,GOLDM,,,
2026-04-21T20:08:43.909Z,market,trade,TESTE,100061.14640872674,179,,,,UBS,JPM,,,
2026-04-21T20:08:44.065Z,market,trade,TESTE,100073.43441558622,152,,,,BTG,BARCL,,,
2026-04-21T20:08:44.222Z,market,trade,TESTE,100064.37507531192,70,,,,BARCL,GOLDM,,,
2026-04-21T20:08:44.387Z,market,trade,TESTE,100078.38077742152,151,,,,GOLDM,XP,,,
2026-04-21T20:08:44.542Z,market,trade,TESTE,100072.9796703203,149,,,,ITAU,CS,,,
2026-04-21T20:08:44.698Z,market,trade,TESTE,100070.61654294224,19,,,,XP,CITI,,,
2026-04-21T20:08:44.853Z,market,trade,TESTE,100074.11341687944,45,,,,JPM,JPM,,,
2026-04-21T20:08:45.010Z,market,trade,TESTE,100072.13506918904,86,,,,BTG,GOLDM,,,
2026-04-21T20:08:45.166Z,market,trade,TESTE,100085.89098028193,112,,,,UBS,CITI,,,
2026-04-21T20:08:45.321Z,market,trade,TESTE,100085.91749322259,185,,,,JPM,BTG,,,
2026-04-21T20:08:45.476Z,market,trade,TESTE,100088.88993547152,13,,,,ITAU,XP,,,
2026-04-21T20:08:45.631Z,market,trade,TESTE,100078.8881240515,14,,,,XP,CITI,,,
2026-04-21T20:08:45.789Z,market,trade,TESTE,100088.6405054654,57,,,,GOLDM,BARCL,,,
2026-04-21T20:08:45.946Z,market,trade,TESTE,100080.92536821774,182,,,,BTG,BTG,,,
2026-04-21T20:08:46.102Z,market,trade,TESTE,100085.29297283884,135,,,,CS,JPM,,,
2026-04-21T20:08:46.256Z,market,trade,TESTE,100090.29374785247,83,,,,BARCL,ITAU,,,
2026-04-21T20:08:46.413Z,market,trade,TESTE,100094.38288568826,31,,,,CITI,ITAU,,,
2026-04-21T20:08:46.569Z,market,trade,TESTE,100081.5634966304,121,,,,JPM,BARCL,,,
2026-04-21T20:08:46.724Z,market,trade,TESTE,100092.27917501089,40,,,,MS,MS,,,
2026-04-21T20:08:46.879Z,market,trade,TESTE,100079.08869461722,65,,,,BARCL,BTG,,,
2026-04-21T20:08:47.034Z,market,trade,TESTE,100092.74854009961,121,,,,GOLDM,BTG,,,
2026-04-21T20:08:47.191Z,market,trade,TESTE,100082.97479052849,172,,,,CS,BARCL,,,
2026-04-21T20:08:47.346Z,market,trade,TESTE,100091.66669504577,129,,,,CS,BARCL,,,
2026-04-21T20:08:47.499Z,market,trade,TESTE,100082.24246441043,183,,,,MS,CITI,,,
2026-04-21T20:08:47.653Z,market,trade,TESTE,100092.11513876662,167,,,,CITI,BTG,,,
2026-04-21T20:08:47.807Z,market,trade,TESTE,100089.91783268978,7,,,,ITAU,GOLDM,,,
2026-04-21T20:08:47.960Z,market,trade,TESTE,100084.90303083822,173,,,,BTG,ITAU,,,
2026-04-21T20:08:48.116Z,market,trade,TESTE,100090.25035251146,70,,,,GOLDM,BARCL,,,
2026-04-21T20:08:48.273Z,market,trade,TESTE,100080.35088467094,163,,,,GOLDM,UBS,,,
2026-04-21T20:08:48.427Z,market,trade,TESTE,100089.85665340151,33,,,,MS,BARCL,,,
2026-04-21T20:08:48.582Z,market,trade,TESTE,100080.24345695954,79,,,,BTG,GOLDM,,,
2026-04-21T20:08:48.738Z,market,trade,TESTE,100092.41583996719,175,,,,MS,BTG,,,
2026-04-21T20:08:48.891Z,market,trade,TESTE,100080.18203708058,109,,,,CS,UBS,,,
2026-04-21T20:08:49.046Z,market,trade,TESTE,100080.66287220565,33,,,,XP,MS,,,
2026-04-21T20:08:49.202Z,market,trade,TESTE,100090.03659636668,149,,,,BARCL,ITAU,,,
2026-04-21T20:08:49.357Z,market,trade,TESTE,100082.36363454335,190,,,,UBS,JPM,,,
2026-04-21T20:08:49.511Z,market,trade,TESTE,100094.82513442576,126,,,,MS,BARCL,,,
2026-04-21T20:08:49.665Z,market,trade,TESTE,100094.28941740708,96,,,,XP,BARCL,,,
2026-04-21T20:08:49.820Z,market,trade,TESTE,100095.03783470282,113,,,,XP,BTG,,,
2026-04-21T20:08:49.977Z,market,trade,TESTE,100084.42547104791,81,,,,GOLDM,BTG,,,
2026-04-21T20:08:50.133Z,market,trade,TESTE,100094.622966165,34,,,,BARCL,CITI,,,
2026-04-21T20:08:50.288Z,market,trade,TESTE,100089.18816505722,33,,,,CS,CITI,,,
2026-04-21T20:08:50.442Z,market,trade,TESTE,100099.47494215445,195,,,,JPM,BARCL,,,
2026-04-21T20:08:50.599Z,market,trade,TESTE,100100.8529541157,95,,,,MS,MS,,,
2026-04-21T20:08:50.754Z,market,trade,TESTE,100103.611499137,116,,,,CS,JPM,,,
2026-04-21T20:08:50.907Z,market,trade,TESTE,100093.70877723531,34,,,,MS,MS,,,
2026-04-21T20:08:51.061Z,market,trade,TESTE,100106.5864355681,182,,,,UBS,GOLDM,,,
2026-04-21T20:08:51.214Z,market,trade,TESTE,100098.48410321694,47,,,,CITI,CS,,,
2026-04-21T20:08:51.368Z,market,trade,TESTE,100095.8094280808,194,,,,CS,UBS,,,
2026-04-21T20:08:51.522Z,market,trade,TESTE,100106.28302897648,172,,,,JPM,CS,,,
2026-04-21T20:08:51.679Z,market,trade,TESTE,100097.2571528697,179,,,,ITAU,BTG,,,
2026-04-21T20:08:51.835Z,market,trade,TESTE,100097.95047644796,125,,,,ITAU,CS,,,
2026-04-21T20:08:51.990Z,market,trade,TESTE,100094.01607525827,73,,,,BARCL,BARCL,,,
2026-04-21T20:08:52.144Z,market,trade,TESTE,100100.51163285831,135,,,,JPM,XP,,,
2026-04-21T20:08:52.300Z,market,trade,TESTE,100090.41360003808,192,,,,XP,JPM,,,
2026-04-21T20:08:52.457Z,market,trade,TESTE,100099.27424277573,137,,,,GOLDM,MS,,,
2026-04-21T20:08:52.613Z,market,trade,TESTE,100102.53648087992,192,,,,BTG,XP,,,
2026-04-21T20:08:52.768Z,market,trade,TESTE,100093.1759488866,200,,,,BARCL,BTG,,,
2026-04-21T20:08:52.921Z,market,trade,TESTE,100100.34090612885,54,,,,UBS,GOLDM,,,
2026-04-21T20:08:53.078Z,market,trade,TESTE,100101.86599470908,200,,,,CITI,UBS,,,
2026-04-21T20:08:53.236Z,market,trade,TESTE,100100.99161327517,19,,,,ITAU,BARCL,,,
2026-04-21T20:08:53.391Z,market,trade,TESTE,100094.59415492896,7,,,,JPM,CS,,,
2026-04-21T20:08:53.545Z,market,trade,TESTE,100098.12328553364,55,,,,ITAU,ITAU,,,
2026-04-21T20:08:53.702Z,market,trade,TESTE,100111.65493978444,120,,,,ITAU,UBS,,,
2026-04-21T20:08:53.858Z,market,trade,TESTE,100108.8126110162,105,,,,CITI,CS,,,
2026-04-21T20:08:54.015Z,market,trade,TESTE,100111.63680806883,53,,,,XP,UBS,,,
2026-04-21T20:08:54.168Z,market,trade,TESTE,100114.81592754957,33,,,,GOLDM,BARCL,,,
2026-04-21T20:08:54.323Z,market,trade,TESTE,100114.06073638621,53,,,,JPM,BTG,,,
2026-04-21T20:08:54.480Z,market,trade,TESTE,100117.25718758523,74,,,,JPM,JPM,,,
2026-04-21T20:08:54.636Z,market,trade,TESTE,100115.50243762466,117,,,,UBS,CS,,,
2026-04-21T20:08:54.790Z,market,trade,TESTE,100118.00355641246,71,,,,JPM,XP,,,
2026-04-21T20:08:54.946Z,market,trade,TESTE,100109.7258236198,47,,,,UBS,CITI,,,
2026-04-21T20:08:55.102Z,market,trade,TESTE,100116.28640474025,95,,,,UBS,ITAU,,,
2026-04-21T20:08:55.257Z,market,trade,TESTE,100117.58057107424,97,,,,UBS,BTG,,,
2026-04-21T20:08:55.414Z,market,trade,TESTE,100111.36382011857,80,,,,ITAU,BTG,,,
2026-04-21T20:08:55.569Z,market,trade,TESTE,100106.90031245929,98,,,,CS,UBS,,,
2026-04-21T20:08:55.725Z,market,trade,TESTE,100113.4085688305,156,,,,BARCL,GOLDM,,,
2026-04-21T20:08:55.882Z,market,trade,TESTE,100105.69760198267,87,,,,BARCL,XP,,,
2026-04-21T20:08:56.038Z,market,trade,TESTE,100115.20758118377,94,,,,XP,GOLDM,,,
2026-04-21T20:08:56.195Z,market,trade,TESTE,100113.36152414167,158,,,,MS,MS,,,
2026-04-21T20:08:56.352Z,market,trade,TESTE,100111.79408201695,19,,,,CS,CS,,,
2026-04-21T20:08:56.508Z,market,trade,TESTE,100109.62526727436,6,,,,MS,CS,,,
2026-04-21T20:08:56.665Z,market,trade,TESTE,100101.91676029665,179,,,,MS,BARCL,,,
2026-04-21T20:08:56.821Z,market,trade,TESTE,100100.53072372315,121,,,,JPM,GOLDM,,,
2026-04-21T20:08:56.980Z,market,trade,TESTE,100100.67450375039,74,,,,BARCL,ITAU,,,
2026-04-21T20:08:57.137Z,market,trade,TESTE,100112.27023222417,189,,,,GOLDM,UBS,,,
2026-04-21T20:08:57.291Z,market,trade,TESTE,100100.84773017245,17,,,,JPM,JPM,,,
2026-04-21T20:08:57.447Z,market,trade,TESTE,100108.88354301381,153,,,,CITI,CITI,,,
2026-04-21T20:08:57.602Z,market,trade,TESTE,100098.7828312577,66,,,,JPM,ITAU,,,
2026-04-21T20:08:57.760Z,market,trade,TESTE,100110.0522012254,70,,,,GOLDM,MS,,,
2026-04-21T20:08:57.915Z,market,trade,TESTE,100095.36670909834,187,,,,BARCL,XP,,,
2026-04-21T20:08:58.073Z,market,trade,TESTE,100097.76428098035,124,,,,MS,ITAU,,,
2026-04-21T20:08:58.228Z,market,trade,TESTE,100109.22546190565,103,,,,CS,JPM,,,
2026-04-21T20:08:58.385Z,market,flow_inversion,,,,,,,,,-115,73,GOLDM
2026-04-21T20:08:58.385Z,market,trade,TESTE,100112.9411818309,188,,,,GOLDM,GOLDM,,,
2026-04-21T20:08:58.543Z,market,trade,TESTE,100117.65654067423,186,,,,CS,CITI,,,
2026-04-21T20:08:58.700Z,market,trade,TESTE,100106.77406409735,158,,,,JPM,GOLDM,,,
2026-04-21T20:08:58.856Z,market,trade,TESTE,100104.15970664272,34,,,,JPM,BARCL,,,
2026-04-21T20:08:59.010Z,market,trade,TESTE,100102.95414905544,67,,,,UBS,UBS,,,
2026-04-21T20:08:59.165Z,market,trade,TESTE,100110.59367329671,170,,,,GOLDM,BTG,,,
2026-04-21T20:08:59.320Z,market,trade,TESTE,100109.00345394977,30,,,,JPM,ITAU,,,
2026-04-21T20:08:59.476Z,market,trade,TESTE,100094.17391935624,118,,,,MS,GOLDM,,,
2026-04-21T20:08:59.633Z,market,trade,TESTE,100089.45999441788,77,,,,MS,UBS,,,
2026-04-21T20:08:59.790Z,market,trade,TESTE,100085.6574847726,107,,,,ITAU,UBS,,,
2026-04-21T20:08:59.945Z,market,trade,TESTE,100097.2405051308,15,,,,MS,GOLDM,,,
2026-04-21T20:09:00.102Z,market,trade,TESTE,100084.7049536785,174,,,,XP,BARCL,,,
2026-04-21T20:09:00.259Z,market,trade,TESTE,100087.88331555229,191,,,,GOLDM,BTG,,,
2026-04-21T20:09:00.415Z,market,trade,TESTE,100090.97211116251,11,,,,UBS,JPM,,,
2026-04-21T20:09:00.571Z,market,trade,TESTE,100100.6456521249,199,,,,BARCL,ITAU,,,
2026-04-21T20:09:00.727Z,market,trade,TESTE,100100.57515771348,170,,,,CITI,BARCL,,,
2026-04-21T20:09:00.886Z,market,trade,TESTE,100086.89298675799,176,,,,CITI,GOLDM,,,
2026-04-21T20:09:01.043Z,market,trade,TESTE,100093.15980573389,63,,,,BARCL,ITAU,,,
2026-04-21T20:09:01.199Z,market,trade,TESTE,100081.74794779264,19,,,,BTG,MS,,,
2026-04-21T20:09:01.357Z,market,trade,TESTE,100095.55478730462,196,,,,UBS,ITAU,,,
2026-04-21T20:09:01.514Z,market,trade,TESTE,100095.7308458774,120,,,,GOLDM,UBS,,,
2026-04-21T20:09:01.668Z,market,trade,TESTE,100091.72810607195,179,,,,JPM,ITAU,,,
2026-04-21T20:09:01.825Z,market,trade,TESTE,100088.38775160207,161,,,,BARCL,CS,,,
2026-04-21T20:09:01.979Z,market,trade,TESTE,100080.37220493008,192,,,,ITAU,XP,,,
2026-04-21T20:09:02.134Z,market,trade,TESTE,100077.47073799487,87,,,,BTG,CS,,,
2026-04-21T20:09:02.287Z,market,trade,TESTE,100089.54832437655,39,,,,XP,XP,,,
2026-04-21T20:09:02.441Z,market,trade,TESTE,100088.4413941944,47,,,,BTG,JPM,,,
2026-04-21T20:09:02.597Z,market,trade,TESTE,100086.70279443679,12,,,,ITAU,UBS,,,
2026-04-21T20:09:02.751Z,market,trade,TESTE,100085.89245292274,163,,,,UBS,ITAU,,,
2026-04-21T20:09:02.906Z,market,trade,TESTE,100077.17699584959,166,,,,XP,BTG,,,
2026-04-21T20:09:03.062Z,market,trade,TESTE,100073.99438832185,30,,,,XP,ITAU,,,
2026-04-21T20:09:03.219Z,market,trade,TESTE,100080.14039654612,128,,,,ITAU,JPM,,,
2026-04-21T20:09:03.375Z,market,trade,TESTE,100068.86648486921,151,,,,GOLDM,ITAU,,,
2026-04-21T20:09:03.532Z,market,trade,TESTE,100066.70336788833,188,,,,XP,XP,,,
2026-04-21T20:09:03.685Z,market,trade,TESTE,100067.13612331256,126,,,,ITAU,GOLDM,,,
2026-04-21T20:09:03.840Z,market,trade,TESTE,100075.29327945413,179,,,,CS,BARCL,,,
2026-04-21T20:09:03.994Z,market,trade,TESTE,100076.87399746248,37,,,,ITAU,CITI,,,
2026-04-21T20:09:04.150Z,market,trade,TESTE,100067.2877352606,101,,,,XP,CITI,,,
2026-04-21T20:09:04.307Z,market,trade,TESTE,100075.59951472828,163,,,,BARCL,XP,,,
2026-04-21T20:09:04.463Z,market,trade,TESTE,100077.7532013023,72,,,,ITAU,CS,,,
2026-04-21T20:09:04.618Z,market,trade,TESTE,100066.4798595853,160,,,,BTG,CS,,,
2026-04-21T20:09:04.772Z,market,trade,TESTE,100069.80723465653,44,,,,XP,MS,,,
2026-04-21T20:09:04.926Z,market,trade,TESTE,100066.1966023099,72,,,,CITI,XP,,,
2026-04-21T20:09:05.079Z,market,trade,TESTE,100062.8563212752,199,,,,JPM,GOLDM,,,
2026-04-21T20:09:05.234Z,market,trade,TESTE,100060.98121028004,122,,,,CITI,GOLDM,,,
2026-04-21T20:09:05.387Z,market,trade,TESTE,100059.57034271152,157,,,,ITAU,MS,,,
2026-04-21T20:09:05.546Z,market,trade,TESTE,100057.1069853284,94,,,,GOLDM,CS,,,
2026-04-21T20:09:05.702Z,market,trade,TESTE,100065.54111768813,12,,,,BARCL,GOLDM,,,
2026-04-21T20:09:05.857Z,market,trade,TESTE,100061.22254676289,108,,,,UBS,UBS,,,
2026-04-21T20:09:06.013Z,market,trade,TESTE,100059.82784666003,90,,,,BTG,CITI,,,
2026-04-21T20:09:06.167Z,market,trade,TESTE,100045.78558810541,96,,,,XP,XP,,,
2026-04-21T20:09:06.323Z,market,trade,TESTE,100046.2263381806,128,,,,XP,BARCL,,,
2026-04-21T20:09:06.479Z,market,trade,TESTE,100057.4616470235,90,,,,UBS,CITI,,,
2026-04-21T20:09:06.634Z,market,trade,TESTE,100046.84264417806,194,,,,XP,BARCL,,,
2026-04-21T20:09:06.789Z,market,trade,TESTE,100060.56259806527,155,,,,GOLDM,UBS,,,
2026-04-21T20:09:06.946Z,market,trade,TESTE,100060.31034400116,65,,,,BARCL,CITI,,,
2026-04-21T20:09:07.101Z,market,trade,TESTE,100058.85878967076,43,,,,BARCL,MS,,,
2026-04-21T20:09:07.257Z,market,trade,TESTE,100047.8171550921,153,,,,BARCL,CITI,,,
2026-04-21T20:09:07.413Z,market,trade,TESTE,100052.10591467659,71,,,,UBS,GOLDM,,,
2026-04-21T20:09:07.569Z,market,trade,TESTE,100060.55699095511,169,,,,BTG,GOLDM,,,
2026-04-21T20:09:07.724Z,market,trade,TESTE,100047.71351659784,112,,,,GOLDM,CS,,,
2026-04-21T20:09:07.881Z,market,trade,TESTE,100052.27044059172,25,,,,MS,JPM,,,
2026-04-21T20:09:08.037Z,market,trade,TESTE,100051.54818525765,167,,,,GOLDM,CITI,,,
2026-04-21T20:09:08.194Z,market,trade,TESTE,100049.24699184646,7,,,,MS,JPM,,,
2026-04-21T20:09:08.350Z,market,trade,TESTE,100051.45884610407,52,,,,CS,CITI,,,
2026-04-21T20:09:08.503Z,market,trade,TESTE,100054.0724682956,50,,,,MS,JPM,,,
2026-04-21T20:09:08.660Z,market,trade,TESTE,100064.53390063523,63,,,,GOLDM,CITI,,,
2026-04-21T20:09:08.815Z,market,trade,TESTE,100058.71993490214,159,,,,BARCL,GOLDM,,,
2026-04-21T20:09:08.970Z,market,trade,TESTE,100060.5139853228,180,,,,BARCL,CITI,,,
2026-04-21T20:09:09.127Z,market,trade,TESTE,100068.03963749361,129,,,,BARCL,GOLDM,,,
2026-04-21T20:09:09.286Z,market,trade,TESTE,100057.15834970446,112,,,,CITI,JPM,,,
2026-04-21T20:09:09.443Z,market,trade,TESTE,100067.02033386087,157,,,,MS,JPM,,,
2026-04-21T20:09:09.598Z,market,trade,TESTE,100066.85472889715,177,,,,BTG,UBS,,,
2026-04-21T20:09:09.754Z,market,trade,TESTE,100054.67706375144,181,,,,MS,CITI,,,
2026-04-21T20:09:09.912Z,market,trade,TESTE,100056.27099152595,195,,,,XP,GOLDM,,,
2026-04-21T20:09:10.067Z,market,trade,TESTE,100064.35482755187,62,,,,ITAU,XP,,,
2026-04-21T20:09:10.222Z,market,trade,TESTE,100054.22171082933,181,,,,ITAU,MS,,,
2026-04-21T20:09:10.375Z,market,trade,TESTE,100065.22583677387,157,,,,BTG,BARCL,,,
2026-04-21T20:09:10.529Z,market,trade,TESTE,100052.35193599864,106,,,,BARCL,BARCL,,,
2026-04-21T20:09:10.685Z,market,trade,TESTE,100063.39477278499,21,,,,UBS,XP,,,
2026-04-21T20:09:10.841Z,market,trade,TESTE,100050.1259506769,126,,,,JPM,ITAU,,,
2026-04-21T20:09:10.997Z,market,trade,TESTE,100059.31155262045,60,,,,BARCL,ITAU,,,
2026-04-21T20:09:11.152Z,market,trade,TESTE,100063.45728669077,54,,,,CS,XP,,,
2026-04-21T20:09:11.307Z,market,trade,TESTE,100066.64494820128,200,,,,UBS,UBS,,,
2026-04-21T20:09:11.462Z,market,trade,TESTE,100051.80824822681,163,,,,MS,CS,,,
2026-04-21T20:09:11.618Z,market,trade,TESTE,100056.3744408963,47,,,,JPM,CS,,,
2026-04-21T20:09:11.774Z,market,trade,TESTE,100064.06049326912,83,,,,GOLDM,MS,,,
2026-04-21T20:09:11.929Z,market,trade,TESTE,100050.35619365073,36,,,,BARCL,CITI,,,
2026-04-21T20:09:12.085Z,market,trade,TESTE,100053.81811985755,13,,,,JPM,MS,,,
2026-04-21T20:09:12.242Z,market,trade,TESTE,100055.10239628456,194,,,,GOLDM,BTG,,,
2026-04-21T20:09:12.398Z,market,trade,TESTE,100059.77808316484,94,,,,XP,ITAU,,,
2026-04-21T20:09:12.553Z,market,trade,TESTE,100070.67512108518,84,,,,BARCL,CS,,,
2026-04-21T20:09:12.709Z,market,trade,TESTE,100066.7598528588,49,,,,JPM,CS,,,
2026-04-21T20:09:12.864Z,market,trade,TESTE,100053.05887247236,61,,,,GOLDM,JPM,,,
2026-04-21T20:09:13.020Z,market,trade,TESTE,100066.18074196255,182,,,,CITI,UBS,,,
2026-04-21T20:09:13.176Z,market,trade,TESTE,100057.64931118068,33,,,,GOLDM,CS,,,
2026-04-21T20:09:13.332Z,market,trade,TESTE,100056.19900326038,141,,,,XP,CS,,,
2026-04-21T20:09:13.489Z,market,trade,TESTE,100069.29184232788,144,,,,JPM,UBS,,,
2026-04-21T20:09:13.645Z,market,trade,TESTE,100072.99925447027,127,,,,GOLDM,MS,,,
2026-04-21T20:09:13.804Z,market,trade,TESTE,100074.49535266495,188,,,,XP,ITAU,,,
2026-04-21T20:09:13.958Z,market,trade,TESTE,100074.48303072722,34,,,,BTG,ITAU,,,
2026-04-21T20:09:14.111Z,market,trade,TESTE,100063.32585500822,133,,,,BARCL,GOLDM,,,
2026-04-21T20:09:14.268Z,market,trade,TESTE,100067.90903001763,131,,,,BARCL,GOLDM,,,
2026-04-21T20:09:14.423Z,market,trade,TESTE,100070.4547355641,195,,,,CITI,BTG,,,
2026-04-21T20:09:14.577Z,market,trade,TESTE,100085.35186436909,10,,,,ITAU,MS,,,
2026-04-21T20:09:14.729Z,market,trade,TESTE,100082.8788236821,36,,,,UBS,CITI,,,
2026-04-21T20:09:14.885Z,market,trade,TESTE,100079.68622187461,172,,,,CS,JPM,,,
2026-04-21T20:09:15.040Z,market,trade,TESTE,100076.92564331056,157,,,,JPM,MS,,,
2026-04-21T20:09:15.196Z,market,trade,TESTE,100075.89922735062,60,,,,ITAU,GOLDM,,,
2026-04-21T20:09:15.352Z,market,trade,TESTE,100077.41127149116,52,,,,GOLDM,UBS,,,
2026-04-21T20:09:15.506Z,market,trade,TESTE,100066.72606854475,32,,,,CITI,MS,,,
2026-04-21T20:09:15.660Z,market,trade,TESTE,100076.72009802001,161,,,,CITI,GOLDM,,,
2026-04-21T20:09:15.817Z,market,trade,TESTE,100064.97398733745,37,,,,CS,CS,,,
2026-04-21T20:09:15.973Z,market,trade,TESTE,100063.83034430671,112,,,,MS,XP,,,
2026-04-21T20:09:16.128Z,market,trade,TESTE,100066.8610522814,185,,,,MS,GOLDM,,,
2026-04-21T20:09:16.285Z,market,trade,TESTE,100079.10248974404,75,,,,MS,GOLDM,,,
2026-04-21T20:09:16.441Z,market,trade,TESTE,100075.27085154172,180,,,,UBS,UBS,,,
2026-04-21T20:09:16.597Z,market,trade,TESTE,100062.35727981558,167,,,,BARCL,ITAU,,,
2026-04-21T20:09:16.752Z,market,trade,TESTE,100061.94865331022,39,,,,BARCL,CS,,,
2026-04-21T20:09:16.908Z,market,trade,TESTE,100064.93025161058,61,,,,BARCL,UBS,,,
2026-04-21T20:09:17.061Z,market,trade,TESTE,100062.28518548654,13,,,,GOLDM,CITI,,,
2026-04-21T20:09:17.219Z,market,trade,TESTE,100060.22735636303,112,,,,CITI,BTG,,,
2026-04-21T20:09:17.372Z,market,trade,TESTE,100071.85464904556,175,,,,XP,BARCL,,,
2026-04-21T20:09:17.528Z,market,trade,TESTE,100072.93323013364,200,,,,UBS,CS,,,
2026-04-21T20:09:17.685Z,market,trade,TESTE,100070.3163147151,104,,,,BTG,CS,,,
2026-04-21T20:09:17.840Z,market,trade,TESTE,100065.7926716953,184,,,,UBS,XP,,,
2026-04-21T20:09:17.996Z,market,trade,TESTE,100067.25118649083,96,,,,MS,GOLDM,,,
2026-04-21T20:09:18.152Z,market,trade,TESTE,100069.22812607362,22,,,,JPM,BARCL,,,
2026-04-21T20:09:18.306Z,market,trade,TESTE,100069.57673432441,73,,,,MS,JPM,,,
2026-04-21T20:09:18.461Z,market,trade,TESTE,100055.12807884673,15,,,,XP,BARCL,,,
2026-04-21T20:09:18.618Z,market,trade,TESTE,100068.25889388517,108,,,,BARCL,CS,,,
2026-04-21T20:09:18.774Z,market,trade,TESTE,100055.3534707231,11,,,,JPM,MS,,,
2026-04-21T20:09:18.928Z,market,trade,TESTE,100063.73200811988,183,,,,BTG,ITAU,,,
2026-04-21T20:09:19.085Z,market,trade,TESTE,100068.380882093,99,,,,BTG,UBS,,,
2026-04-21T20:09:19.241Z,market,trade,TESTE,100058.75881988507,172,,,,GOLDM,CS,,,
2026-04-21T20:09:19.395Z,market,trade,TESTE,100058.2171309341,50,,,,BTG,GOLDM,,,
2026-04-21T20:09:19.551Z,market,trade,TESTE,100071.13386963846,85,,,,MS,GOLDM,,,
2026-04-21T20:09:19.707Z,market,trade,TESTE,100069.62518930968,83,,,,XP,XP,,,
2026-04-21T20:09:19.862Z,market,trade,TESTE,100064.11073007528,46,,,,UBS,XP,,,
2026-04-21T20:09:20.017Z,market,flow_inversion,,,,,,,,,-128,53,UBS
2026-04-21T20:09:20.017Z,market,trade,TESTE,100071.20058870636,181,,,,UBS,BARCL,,,
2026-04-21T20:09:20.171Z,market,trade,TESTE,100064.57259143815,176,,,,ITAU,UBS,,,
2026-04-21T20:09:20.329Z,market,trade,TESTE,100070.21022400496,109,,,,ITAU,XP,,,
2026-04-21T20:09:20.485Z,market,trade,TESTE,100056.40367735065,143,,,,JPM,BTG,,,
2026-04-21T20:09:20.640Z,market,trade,TESTE,100067.8522001212,78,,,,UBS,GOLDM,,,
2026-04-21T20:09:20.795Z,market,trade,TESTE,100056.52684006873,117,,,,CITI,BARCL,,,
2026-04-21T20:09:20.953Z,market,trade,TESTE,100052.54896737814,146,,,,MS,ITAU,,,
2026-04-21T20:09:21.109Z,market,trade,TESTE,100053.00721471308,55,,,,UBS,CS,,,
2026-04-21T20:09:21.264Z,market,trade,TESTE,100064.84405198232,148,,,,UBS,CS,,,
2026-04-21T20:09:21.421Z,market,trade,TESTE,100060.90341682304,60,,,,CS,GOLDM,,,
2026-04-21T20:09:21.577Z,market,trade,TESTE,100057.87460419415,119,,,,GOLDM,JPM,,,
2026-04-21T20:09:21.732Z,market,trade,TESTE,100050.3923311188,106,,,,BTG,BTG,,,
2026-04-21T20:09:21.887Z,market,trade,TESTE,100051.46142247146,142,,,,UBS,ITAU,,,
2026-04-21T20:09:22.043Z,market,trade,TESTE,100054.07258433991,112,,,,UBS,CS,,,
2026-04-21T20:09:22.202Z,market,trade,TESTE,100063.61092300843,93,,,,BTG,BARCL,,,
2026-04-21T20:09:22.357Z,market,trade,TESTE,100048.80497946026,9,,,,MS,BTG,,,
2026-04-21T20:09:22.510Z,market,trade,TESTE,100061.65788946609,18,,,,JPM,BARCL,,,
2026-04-21T20:09:22.673Z,market,trade,TESTE,100055.21615514564,151,,,,BARCL,UBS,,,
2026-04-21T20:09:22.827Z,market,trade,TESTE,100063.2665760726,104,,,,CS,GOLDM,,,
2026-04-21T20:09:22.983Z,market,flow_inversion,,,,,,,,,-80,120,BTG
2026-04-21T20:09:22.983Z,market,trade,TESTE,100065.85476126931,200,,,,BTG,CS,,,
2026-04-21T20:09:23.136Z,market,trade,TESTE,100069.36027710396,65,,,,UBS,XP,,,
2026-04-21T20:09:23.291Z,market,trade,TESTE,100065.2891242754,73,,,,UBS,BARCL,,,
2026-04-21T20:09:23.449Z,market,trade,TESTE,100068.25101311231,42,,,,CS,ITAU,,,
2026-04-21T20:09:23.606Z,market,trade,TESTE,100061.1373833386,92,,,,JPM,BTG,,,
2026-04-21T20:09:23.761Z,market,trade,TESTE,100072.55696786378,186,,,,UBS,UBS,,,
2026-04-21T20:09:23.917Z,market,trade,TESTE,100072.85976411146,30,,,,MS,CITI,,,
2026-04-21T20:09:24.072Z,market,trade,TESTE,100062.14868765122,184,,,,ITAU,CITI,,,
2026-04-21T20:09:24.227Z,market,trade,TESTE,100070.65186611976,165,,,,MS,JPM,,,
2026-04-21T20:09:24.384Z,market,trade,TESTE,100060.98044509301,10,,,,ITAU,JPM,,,
2026-04-21T20:09:24.541Z,market,trade,TESTE,100057.97771636296,111,,,,XP,CITI,,,
2026-04-21T20:09:24.705Z,market,trade,TESTE,100064.70312421062,90,,,,BTG,ITAU,,,
2026-04-21T20:09:24.857Z,market,trade,TESTE,100066.23353417772,156,,,,ITAU,GOLDM,,,
2026-04-21T20:09:25.014Z,market,trade,TESTE,100065.15767901979,145,,,,MS,CS,,,
2026-04-21T20:09:25.170Z,market,trade,TESTE,100050.18596650515,16,,,,BARCL,XP,,,
2026-04-21T20:09:25.327Z,market,trade,TESTE,100051.61821700395,120,,,,JPM,JPM,,,
2026-04-21T20:09:25.482Z,market,trade,TESTE,100054.49834038426,108,,,,CITI,BTG,,,
2026-04-21T20:09:25.636Z,market,trade,TESTE,100064.31172559783,67,,,,BTG,BTG,,,
2026-04-21T20:09:25.790Z,market,trade,TESTE,100058.56580960687,152,,,,ITAU,BARCL,,,
2026-04-21T20:09:25.945Z,market,trade,TESTE,100065.91113164213,175,,,,JPM,MS,,,
2026-04-21T20:09:26.103Z,market,trade,TESTE,100063.09006246366,34,,,,XP,MS,,,
2026-04-21T20:09:26.257Z,market,trade,TESTE,100057.04526590962,175,,,,JPM,ITAU,,,
2026-04-21T20:09:26.414Z,market,trade,TESTE,100058.33363714337,90,,,,GOLDM,XP,,,
2026-04-21T20:09:26.569Z,market,trade,TESTE,100053.73817735343,9,,,,BTG,UBS,,,
2026-04-21T20:09:26.726Z,market,trade,TESTE,100057.44362094645,164,,,,XP,BTG,,,
2026-04-21T20:09:26.882Z,market,trade,TESTE,100066.9772055035,100,,,,ITAU,GOLDM,,,
2026-04-21T20:09:27.039Z,market,trade,TESTE,100070.57166560701,90,,,,BARCL,CS,,,
2026-04-21T20:09:27.195Z,market,trade,TESTE,100059.86625046202,130,,,,CS,CITI,,,
2026-04-21T20:09:27.350Z,market,trade,TESTE,100072.00940777405,106,,,,CITI,MS,,,
2026-04-21T20:09:27.506Z,market,trade,TESTE,100066.04663945489,90,,,,CITI,JPM,,,
2026-04-21T20:09:27.662Z,market,trade,TESTE,100073.07257736486,84,,,,BTG,MS,,,
2026-04-21T20:09:27.820Z,market,trade,TESTE,100077.59878204681,81,,,,ITAU,GOLDM,,,
2026-04-21T20:09:27.974Z,market,trade,TESTE,100074.6790267605,111,,,,MS,BTG,,,
2026-04-21T20:09:28.129Z,market,trade,TESTE,100070.41886035954,76,,,,JPM,BTG,,,
2026-04-21T20:09:28.285Z,market,trade,TESTE,100056.31354775526,33,,,,BARCL,JPM,,,
2026-04-21T20:09:28.440Z,market,trade,TESTE,100063.09413638347,88,,,,BTG,XP,,,
2026-04-21T20:09:28.596Z,market,trade,TESTE,100048.9129097161,165,,,,BTG,CS,,,
2026-04-21T20:09:28.752Z,market,trade,TESTE,100060.11648660537,145,,,,CS,JPM,,,
2026-04-21T20:09:28.909Z,market,trade,TESTE,100062.26180781578,154,,,,CS,CITI,,,
2026-04-21T20:09:29.067Z,market,trade,TESTE,100066.65808541664,187,,,,ITAU,ITAU,,,
2026-04-21T20:09:29.224Z,market,trade,TESTE,100061.66363469367,177,,,,MS,XP,,,
2026-04-21T20:09:29.378Z,market,trade,TESTE,100064.47026202391,68,,,,BARCL,GOLDM,,,
2026-04-21T20:09:29.534Z,market,trade,TESTE,100050.43056778566,118,,,,XP,UBS,,,
2026-04-21T20:09:29.688Z,market,trade,TESTE,100051.41390789342,130,,,,BTG,BARCL,,,
2026-04-21T20:09:29.842Z,market,trade,TESTE,100064.56619571189,92,,,,BTG,JPM,,,
2026-04-21T20:09:29.998Z,market,trade,TESTE,100062.44179616387,62,,,,XP,ITAU,,,
2026-04-21T20:09:30.156Z,market,trade,TESTE,100048.53531121887,100,,,,CITI,BARCL,,,
2026-04-21T20:09:30.310Z,market,trade,TESTE,100056.76821956881,83,,,,BTG,CS,,,
2026-04-21T20:09:30.467Z,market,trade,TESTE,100047.78259452846,49,,,,BTG,ITAU,,,
2026-04-21T20:09:30.626Z,market,trade,TESTE,100043.19963339939,187,,,,GOLDM,GOLDM,,,
2026-04-21T20:09:30.784Z,market,trade,TESTE,100053.12753574703,15,,,,UBS,UBS,,,
2026-04-21T20:09:30.939Z,market,trade,TESTE,100048.7912105283,94,,,,GOLDM,CS,,,
2026-04-21T20:09:31.095Z,market,trade,TESTE,100035.70158777993,167,,,,ITAU,BTG,,,
2026-04-21T20:09:31.251Z,market,trade,TESTE,100031.03866357266,108,,,,GOLDM,CITI,,,
2026-04-21T20:09:31.408Z,market,trade,TESTE,100028.74404081969,122,,,,JPM,XP,,,
2026-04-21T20:09:31.564Z,market,trade,TESTE,100038.63349787978,9,,,,GOLDM,ITAU,,,
2026-04-21T20:09:31.718Z,market,trade,TESTE,100035.33873055952,80,,,,GOLDM,XP,,,
2026-04-21T20:09:31.873Z,market,trade,TESTE,100027.66764288068,147,,,,XP,ITAU,,,
2026-04-21T20:09:32.029Z,market,trade,TESTE,100040.39621240683,48,,,,GOLDM,MS,,,
2026-04-21T20:09:32.186Z,market,trade,TESTE,100028.12129442088,126,,,,XP,BARCL,,,
2026-04-21T20:09:32.342Z,market,trade,TESTE,100035.00957648548,106,,,,CITI,CS,,,
2026-04-21T20:09:32.499Z,market,trade,TESTE,100037.9104970112,11,,,,CS,GOLDM,,,
2026-04-21T20:09:32.655Z,market,trade,TESTE,100031.7991934336,176,,,,GOLDM,UBS,,,
2026-04-21T20:09:32.810Z,market,trade,TESTE,100030.08574282266,170,,,,ITAU,BTG,,,
2026-04-21T20:09:32.965Z,market,trade,TESTE,100039.06527281678,29,,,,ITAU,UBS,,,
2026-04-21T20:09:33.122Z,market,trade,TESTE,100036.55673393699,63,,,,CITI,CITI,,,
2026-04-21T20:09:33.280Z,market,trade,TESTE,100027.06003642199,13,,,,ITAU,BTG,,,
2026-04-21T20:09:33.437Z,market,trade,TESTE,100025.75811574943,28,,,,BTG,MS,,,
2026-04-21T20:09:33.593Z,market,trade,TESTE,100025.86806461329,108,,,,MS,BTG,,,
2026-04-21T20:09:33.751Z,market,trade,TESTE,100025.11831409403,194,,,,BTG,BARCL,,,
2026-04-21T20:09:33.907Z,market,trade,TESTE,100037.89011292816,89,,,,UBS,GOLDM,,,
2026-04-21T20:09:34.062Z,market,trade,TESTE,100026.63826268462,136,,,,XP,BARCL,,,
2026-04-21T20:09:34.217Z,market,trade,TESTE,100037.52750369294,51,,,,ITAU,CS,,,
2026-04-21T20:09:34.372Z,market,trade,TESTE,100042.08274026336,119,,,,ITAU,CITI,,,
2026-04-21T20:09:34.528Z,market,trade,TESTE,100034.93354610162,174,,,,ITAU,ITAU,,,
2026-04-21T20:09:34.685Z,market,trade,TESTE,100035.00464534461,121,,,,BARCL,BTG,,,
2026-04-21T20:09:34.841Z,market,trade,TESTE,100040.87432745361,13,,,,BARCL,ITAU,,,
2026-04-21T20:09:34.995Z,market,trade,TESTE,100034.37123932397,90,,,,BARCL,UBS,,,
2026-04-21T20:09:35.153Z,market,trade,TESTE,100037.74355774051,58,,,,GOLDM,BARCL,,,
2026-04-21T20:09:35.308Z,market,trade,TESTE,100033.24342056042,10,,,,ITAU,GOLDM,,,
2026-04-21T20:09:35.463Z,market,trade,TESTE,100043.77286431704,97,,,,BTG,BARCL,,,
2026-04-21T20:09:35.619Z,market,trade,TESTE,100037.42372238959,45,,,,CITI,BARCL,,,
2026-04-21T20:09:35.773Z,market,trade,TESTE,100041.26912155101,169,,,,UBS,ITAU,,,
2026-04-21T20:09:35.928Z,market,trade,TESTE,100045.83630311818,18,,,,JPM,CITI,,,
2026-04-21T20:09:36.083Z,market,trade,TESTE,100050.46756881064,114,,,,CITI,JPM,,,
2026-04-21T20:09:36.238Z,market,trade,TESTE,100057.99739336508,64,,,,MS,XP,,,
2026-04-21T20:09:36.395Z,market,trade,TESTE,100062.74256429088,127,,,,GOLDM,BTG,,,
2026-04-21T20:09:36.550Z,market,trade,TESTE,100067.6321283932,21,,,,GOLDM,MS,,,
2026-04-21T20:09:36.707Z,market,trade,TESTE,100053.11531830118,60,,,,UBS,BARCL,,,
2026-04-21T20:09:36.865Z,market,trade,TESTE,100053.41934502008,91,,,,UBS,GOLDM,,,
2026-04-21T20:09:37.022Z,market,trade,TESTE,100062.23729807534,114,,,,CITI,CS,,,
2026-04-21T20:09:37.177Z,market,trade,TESTE,100060.09818207374,174,,,,BARCL,JPM,,,
2026-04-21T20:09:37.330Z,market,trade,TESTE,100048.88456450815,150,,,,ITAU,MS,,,
2026-04-21T20:09:37.485Z,market,trade,TESTE,100057.17918727479,9,,,,MS,XP,,,
2026-04-21T20:09:37.641Z,market,trade,TESTE,100054.87592574902,128,,,,MS,BTG,,,
2026-04-21T20:09:37.797Z,market,trade,TESTE,100059.49546410843,142,,,,CS,CS,,,
2026-04-21T20:09:37.951Z,market,trade,TESTE,100047.2080169291,90,,,,BARCL,ITAU,,,
2026-04-21T20:09:38.106Z,market,trade,TESTE,100054.99221556993,152,,,,ITAU,CITI,,,
2026-04-21T20:09:38.261Z,market,trade,TESTE,100057.9994504954,139,,,,BTG,JPM,,,
2026-04-21T20:09:38.417Z,market,trade,TESTE,100048.07190430179,38,,,,JPM,BARCL,,,
2026-04-21T20:09:38.573Z,market,trade,TESTE,100055.57089295307,161,,,,ITAU,ITAU,,,
2026-04-21T20:09:38.730Z,market,trade,TESTE,100043.34256296096,152,,,,XP,GOLDM,,,
2026-04-21T20:09:38.885Z,market,trade,TESTE,100040.51615651358,15,,,,GOLDM,BARCL,,,
2026-04-21T20:09:39.040Z,market,trade,TESTE,100041.06646433932,10,,,,ITAU,ITAU,,,
2026-04-21T20:09:39.194Z,market,trade,TESTE,100037.65754645599,131,,,,BARCL,JPM,,,
2026-04-21T20:09:39.350Z,market,trade,TESTE,100051.67901338554,66,,,,UBS,ITAU,,,
2026-04-21T20:09:39.506Z,market,trade,TESTE,100044.30567064833,200,,,,BTG,BARCL,,,
2026-04-21T20:09:39.660Z,market,trade,TESTE,100040.82432695151,94,,,,ITAU,GOLDM,,,
2026-04-21T20:09:39.817Z,market,trade,TESTE,100040.30903800674,126,,,,GOLDM,BTG,,,
2026-04-21T20:09:39.973Z,market,trade,TESTE,100042.48413137216,128,,,,XP,UBS,,,
2026-04-21T20:09:40.131Z,market,trade,TESTE,100038.5563483961,74,,,,BARCL,CS,,,
2026-04-21T20:09:40.285Z,market,trade,TESTE,100044.54877290264,74,,,,ITAU,ITAU,,,
2026-04-21T20:09:40.441Z,market,trade,TESTE,100048.80164800491,46,,,,JPM,JPM,,,
2026-04-21T20:09:40.598Z,market,trade,TESTE,100050.07746413429,36,,,,CS,CITI,,,
2026-04-21T20:09:40.752Z,market,trade,TESTE,100053.66371323253,32,,,,BTG,UBS,,,
2026-04-21T20:09:40.909Z,market,trade,TESTE,100055.2346245994,146,,,,CS,CITI,,,
2026-04-21T20:09:41.064Z,market,trade,TESTE,100044.01416533678,90,,,,XP,BARCL,,,
2026-04-21T20:09:41.219Z,market,trade,TESTE,100041.71060858344,134,,,,XP,CITI,,,
2026-04-21T20:09:41.374Z,market,trade,TESTE,100048.821606379,77,,,,GOLDM,MS,,,
2026-04-21T20:09:41.532Z,market,trade,TESTE,100041.27362744213,192,,,,GOLDM,BTG,,,
2026-04-21T20:09:41.689Z,market,trade,TESTE,100043.45550444165,143,,,,CS,XP,,,
2026-04-21T20:09:41.844Z,market,trade,TESTE,100051.57802741886,21,,,,JPM,CITI,,,
2026-04-21T20:09:42.000Z,market,trade,TESTE,100045.14887102661,197,,,,XP,CS,,,
2026-04-21T20:09:42.155Z,market,trade,TESTE,100056.12602113481,86,,,,XP,CITI,,,
2026-04-21T20:09:42.310Z,market,trade,TESTE,100055.40751346605,76,,,,JPM,BTG,,,
2026-04-21T20:09:42.464Z,market,trade,TESTE,100041.15119583301,177,,,,ITAU,XP,,,
2026-04-21T20:09:42.620Z,market,trade,TESTE,100054.36526570926,112,,,,CS,BARCL,,,
2026-04-21T20:09:42.775Z,market,trade,TESTE,100044.1741850879,11,,,,XP,XP,,,
2026-04-21T20:09:42.933Z,market,trade,TESTE,100051.45107020813,138,,,,ITAU,CITI,,,
2026-04-21T20:09:43.090Z,market,trade,TESTE,100036.83810781225,128,,,,BTG,XP,,,
2026-04-21T20:09:43.246Z,market,trade,TESTE,100049.41995728928,91,,,,CS,XP,,,
2026-04-21T20:09:43.403Z,market,trade,TESTE,100042.34388642765,82,,,,GOLDM,XP,,,
2026-04-21T20:09:43.561Z,market,trade,TESTE,100047.0180729075,93,,,,BARCL,CITI,,,
2026-04-21T20:09:43.718Z,market,trade,TESTE,100055.77089619366,70,,,,GOLDM,UBS,,,
2026-04-21T20:09:43.875Z,market,trade,TESTE,100044.61145099558,68,,,,BTG,CITI,,,
2026-04-21T20:09:44.031Z,market,trade,TESTE,100044.37878954697,71,,,,MS,GOLDM,,,
2026-04-21T20:09:44.185Z,market,trade,TESTE,100046.42232136148,90,,,,CS,MS,,,
2026-04-21T20:09:44.340Z,market,trade,TESTE,100049.10864789606,29,,,,BARCL,ITAU,,,
2026-04-21T20:09:44.497Z,market,trade,TESTE,100056.91066462094,31,,,,GOLDM,CS,,,
2026-04-21T20:09:44.654Z,market,trade,TESTE,100051.84935775102,162,,,,GOLDM,MS,,,
2026-04-21T20:09:44.810Z,market,trade,TESTE,100066.19494351713,135,,,,UBS,XP,,,
2026-04-21T20:09:44.966Z,market,trade,TESTE,100071.18786572872,101,,,,GOLDM,GOLDM,,,
2026-04-21T20:09:45.122Z,market,trade,TESTE,100068.6465687838,85,,,,XP,GOLDM,,,
2026-04-21T20:09:45.277Z,market,trade,TESTE,100057.32195378664,105,,,,ITAU,CITI,,,
2026-04-21T20:09:45.433Z,market,trade,TESTE,100066.05611894515,10,,,,BARCL,ITAU,,,
2026-04-21T20:09:45.589Z,market,trade,TESTE,100051.61492036787,184,,,,JPM,UBS,,,
2026-04-21T20:09:45.742Z,market,trade,TESTE,100062.72405611543,109,,,,BARCL,BTG,,,
2026-04-21T20:09:45.895Z,market,trade,TESTE,100066.38625399274,148,,,,MS,XP,,,
2026-04-21T20:09:46.050Z,market,trade,TESTE,100052.92219110973,40,,,,MS,ITAU,,,
2026-04-21T20:09:46.207Z,market,trade,TESTE,100057.30647715736,65,,,,CITI,BTG,,,
2026-04-21T20:09:46.361Z,market,trade,TESTE,100068.41460745095,167,,,,GOLDM,UBS,,,
2026-04-21T20:09:46.515Z,market,trade,TESTE,100062.94860095947,168,,,,MS,BARCL,,,
2026-04-21T20:09:46.670Z,market,trade,TESTE,100063.06068348805,82,,,,JPM,UBS,,,
2026-04-21T20:09:46.827Z,market,trade,TESTE,100076.69048764069,112,,,,JPM,UBS,,,
2026-04-21T20:09:46.982Z,market,trade,TESTE,100078.3304663553,9,,,,MS,BTG,,,
2026-04-21T20:09:47.137Z,market,trade,TESTE,100068.06117131194,125,,,,CITI,MS,,,
2026-04-21T20:09:47.292Z,market,trade,TESTE,100066.29274713398,180,,,,CITI,JPM,,,
2026-04-21T20:09:47.446Z,market,trade,TESTE,100068.71778207367,181,,,,MS,BARCL,,,
2026-04-21T20:09:47.602Z,market,trade,TESTE,100081.54057293232,66,,,,BARCL,ITAU,,,
2026-04-21T20:09:47.759Z,market,trade,TESTE,100084.7217221402,19,,,,XP,JPM,,,
2026-04-21T20:09:47.914Z,market,trade,TESTE,100069.88882388116,150,,,,GOLDM,JPM,,,
2026-04-21T20:09:48.069Z,market,trade,TESTE,100080.8108424214,114,,,,BTG,ITAU,,,
2026-04-21T20:09:48.224Z,market,trade,TESTE,100071.97354117599,148,,,,BTG,UBS,,,
2026-04-21T20:09:48.380Z,market,trade,TESTE,100079.83346989733,84,,,,UBS,BARCL,,,
2026-04-21T20:09:48.537Z,market,trade,TESTE,100073.47215270958,57,,,,JPM,BTG,,,
2026-04-21T20:09:48.691Z,market,trade,TESTE,100086.24494643029,103,,,,XP,CITI,,,
2026-04-21T20:09:48.847Z,market,trade,TESTE,100084.43591531878,8,,,,XP,XP,,,
2026-04-21T20:09:49.001Z,market,trade,TESTE,100071.45151450354,127,,,,ITAU,XP,,,
2026-04-21T20:09:49.157Z,market,trade,TESTE,100070.03367711257,87,,,,MS,CITI,,,
2026-04-21T20:09:49.312Z,market,trade,TESTE,100079.97301761374,130,,,,BARCL,CITI,,,
2026-04-21T20:09:49.467Z,market,trade,TESTE,100070.71373586223,8,,,,JPM,CS,,,
2026-04-21T20:09:49.624Z,market,trade,TESTE,100081.75466948983,93,,,,CS,ITAU,,,
2026-04-21T20:09:49.779Z,market,trade,TESTE,100084.35938094134,94,,,,XP,JPM,,,
2026-04-21T20:09:49.935Z,market,trade,TESTE,100082.94077342488,51,,,,BTG,CITI,,,
2026-04-21T20:09:50.088Z,market,trade,TESTE,100082.00165907571,13,,,,CITI,BTG,,,
2026-04-21T20:09:50.246Z,market,trade,TESTE,100073.75321470085,74,,,,CS,MS,,,
2026-04-21T20:09:50.402Z,market,trade,TESTE,100078.05980655417,183,,,,JPM,MS,,,
2026-04-21T20:09:50.559Z,market,trade,TESTE,100083.24911785197,18,,,,GOLDM,ITAU,,,
2026-04-21T20:09:50.714Z,market,trade,TESTE,100076.86342227337,151,,,,CS,UBS,,,
2026-04-21T20:09:50.868Z,market,trade,TESTE,100081.79922741215,142,,,,ITAU,CITI,,,
2026-04-21T20:09:51.022Z,market,trade,TESTE,100087.83788398618,40,,,,GOLDM,MS,,,
2026-04-21T20:09:51.232Z,market,trade,TESTE,100075.54809289731,132,,,,UBS,ITAU,,,
2026-04-21T20:09:51.334Z,market,trade,TESTE,100071.00199254903,11,,,,ITAU,BARCL,,,
2026-04-21T20:09:51.488Z,market,trade,TESTE,100066.04880894693,108,,,,CS,GOLDM,,,
2026-04-21T20:09:51.645Z,market,trade,TESTE,100078.53764945293,100,,,,MS,CS,,,
2026-04-21T20:09:51.801Z,market,trade,TESTE,100081.9279520997,55,,,,BTG,BARCL,,,
2026-04-21T20:09:51.957Z,market,trade,TESTE,100086.26340554048,164,,,,CITI,JPM,,,
2026-04-21T20:09:52.111Z,market,trade,TESTE,100078.04926851185,73,,,,BTG,GOLDM,,,
2026-04-21T20:09:52.267Z,market,trade,TESTE,100077.05767024944,95,,,,JPM,CITI,,,
2026-04-21T20:09:52.419Z,market,trade,TESTE,100084.73658022586,88,,,,CS,CITI,,,
2026-04-21T20:09:52.575Z,market,trade,TESTE,100087.4095252154,123,,,,ITAU,CITI,,,
2026-04-21T20:09:52.729Z,market,trade,TESTE,100074.27453597239,92,,,,BTG,MS,,,
2026-04-21T20:09:52.885Z,market,trade,TESTE,100077.51767355912,37,,,,CITI,BARCL,,,
2026-04-21T20:09:53.041Z,market,trade,TESTE,100081.35790860676,127,,,,CS,CS,,,
2026-04-21T20:09:53.197Z,market,trade,TESTE,100090.52410788508,66,,,,CS,MS,,,
2026-04-21T20:09:53.354Z,market,trade,TESTE,100078.49039388994,133,,,,CS,BTG,,,
2026-04-21T20:09:53.508Z,market,trade,TESTE,100085.40577397437,37,,,,GOLDM,XP,,,
2026-04-21T20:09:53.663Z,market,trade,TESTE,100079.80123068743,36,,,,JPM,GOLDM,,,
2026-04-21T20:09:53.819Z,market,trade,TESTE,100080.19582577712,152,,,,CS,GOLDM,,,
2026-04-21T20:09:53.975Z,market,trade,TESTE,100088.64448957909,192,,,,JPM,MS,,,
2026-04-21T20:09:54.132Z,market,trade,TESTE,100084.56483826535,104,,,,XP,BARCL,,,
2026-04-21T20:09:54.286Z,market,trade,TESTE,100074.01107774337,71,,,,UBS,JPM,,,
2026-04-21T20:09:54.442Z,market,trade,TESTE,100078.85586366535,154,,,,MS,CS,,,
2026-04-21T20:09:54.598Z,market,trade,TESTE,100084.84326474727,104,,,,UBS,UBS,,,
2026-04-21T20:09:54.754Z,market,trade,TESTE,100085.43288614911,35,,,,ITAU,BARCL,,,
2026-04-21T20:09:54.909Z,market,trade,TESTE,100082.70699671432,48,,,,CS,BTG,,,
2026-04-21T20:09:55.065Z,market,trade,TESTE,100074.12733907507,14,,,,GOLDM,MS,,,
2026-04-21T20:09:55.219Z,market,trade,TESTE,100084.38016646747,149,,,,JPM,BTG,,,
2026-04-21T20:09:55.377Z,market,trade,TESTE,100083.03075913958,108,,,,CITI,MS,,,
2026-04-21T20:09:55.532Z,market,trade,TESTE,100077.70033720207,97,,,,ITAU,GOLDM,,,
2026-04-21T20:09:55.688Z,market,trade,TESTE,100079.11091779807,167,,,,GOLDM,UBS,,,
2026-04-21T20:09:55.843Z,market,trade,TESTE,100074.97223244821,95,,,,XP,JPM,,,
2026-04-21T20:09:56.002Z,market,trade,TESTE,100072.89302734945,186,,,,MS,XP,,,
2026-04-21T20:09:56.156Z,market,trade,TESTE,100082.16872484096,82,,,,MS,UBS,,,
2026-04-21T20:09:56.311Z,market,trade,TESTE,100082.40517629067,77,,,,JPM,CS,,,
2026-04-21T20:09:56.468Z,market,trade,TESTE,100069.4443220211,59,,,,CITI,ITAU,,,
2026-04-21T20:09:56.623Z,market,trade,TESTE,100073.37065064508,145,,,,JPM,BARCL,,,
2026-04-21T20:09:56.779Z,market,trade,TESTE,100072.29243429934,11,,,,UBS,ITAU,,,
2026-04-21T20:09:56.936Z,market,trade,TESTE,100068.44640612269,188,,,,BARCL,CS,,,
2026-04-21T20:09:57.092Z,market,trade,TESTE,100078.11988901645,58,,,,BTG,JPM,,,
2026-04-21T20:09:57.248Z,market,trade,TESTE,100067.82895786375,133,,,,BARCL,BARCL,,,
2026-04-21T20:09:57.404Z,market,trade,TESTE,100073.13878024432,137,,,,GOLDM,BTG,,,
2026-04-21T20:09:57.561Z,market,flow_inversion,,,,,,,,,135,-57,UBS
2026-04-21T20:09:57.561Z,market,trade,TESTE,100076.67422101407,192,,,,UBS,UBS,,,
2026-04-21T20:09:57.716Z,market,trade,TESTE,100073.86450474687,182,,,,MS,JPM,,,
2026-04-21T20:09:57.873Z,market,trade,TESTE,100072.93452205662,102,,,,CITI,BTG,,,
2026-04-21T20:09:58.029Z,market,trade,TESTE,100071.91045835917,80,,,,GOLDM,CS,,,
2026-04-21T20:09:58.185Z,market,trade,TESTE,100061.14139084498,46,,,,CITI,BTG,,,
2026-04-21T20:09:58.340Z,market,trade,TESTE,100071.49606963422,59,,,,JPM,CS,,,
2026-04-21T20:09:58.496Z,market,trade,TESTE,100061.87647772,82,,,,UBS,JPM,,,
2026-04-21T20:09:58.651Z,market,trade,TESTE,100062.18222325513,195,,,,BTG,MS,,,
2026-04-21T20:09:58.804Z,market,trade,TESTE,100076.48169848205,113,,,,ITAU,MS,,,
2026-04-21T20:09:58.957Z,market,trade,TESTE,100079.08180749165,74,,,,XP,MS,,,
2026-04-21T20:09:59.114Z,market,trade,TESTE,100072.85894502784,84,,,,ITAU,ITAU,,,
2026-04-21T20:09:59.268Z,market,trade,TESTE,100086.55460493517,128,,,,UBS,CS,,,
2026-04-21T20:09:59.425Z,market,trade,TESTE,100084.08596296629,89,,,,CS,MS,,,
2026-04-21T20:09:59.582Z,market,trade,TESTE,100075.74007473572,15,,,,UBS,BARCL,,,
2026-04-21T20:09:59.738Z,market,trade,TESTE,100090.54742576249,21,,,,CS,UBS,,,
2026-04-21T20:09:59.893Z,market,trade,TESTE,100084.70204011818,150,,,,BTG,ITAU,,,
2026-04-21T20:10:00.046Z,market,trade,TESTE,100089.16273793054,197,,,,JPM,ITAU,,,
2026-04-21T20:10:00.202Z,market,trade,TESTE,100097.17001442635,44,,,,JPM,ITAU,,,
2026-04-21T20:10:00.357Z,market,trade,TESTE,100099.398008889,7,,,,JPM,JPM,,,
2026-04-21T20:10:00.514Z,market,trade,TESTE,100101.90170107615,6,,,,CS,MS,,,
2026-04-21T20:10:00.671Z,market,trade,TESTE,100087.27805994231,69,,,,CS,GOLDM,,,
2026-04-21T20:10:00.827Z,market,trade,TESTE,100088.24637017651,65,,,,CITI,BTG,,,
2026-04-21T20:10:00.983Z,market,trade,TESTE,100085.79429593789,161,,,,XP,MS,,,
2026-04-21T20:10:01.139Z,market,trade,TESTE,100091.44694231673,144,,,,UBS,MS,,,
2026-04-21T20:10:01.295Z,market,trade,TESTE,100080.25075812283,74,,,,CITI,MS,,,
2026-04-21T20:10:01.452Z,market,trade,TESTE,100076.530924869,174,,,,XP,CITI,,,
2026-04-21T20:10:01.607Z,market,trade,TESTE,100084.72548964265,66,,,,JPM,JPM,,,
2026-04-21T20:10:01.762Z,market,trade,TESTE,100084.61306466395,180,,,,GOLDM,BARCL,,,
2026-04-21T20:10:01.917Z,market,trade,TESTE,100075.44155370425,147,,,,JPM,CITI,,,
2026-04-21T20:10:02.072Z,market,trade,TESTE,100077.75709773785,97,,,,MS,BTG,,,
2026-04-21T20:10:02.228Z,market,trade,TESTE,100084.80147533286,34,,,,ITAU,JPM,,,
2026-04-21T20:10:02.385Z,market,trade,TESTE,100089.17066857536,162,,,,UBS,BARCL,,,
2026-04-21T20:10:02.540Z,market,trade,TESTE,100085.42688989565,182,,,,JPM,CITI,,,
2026-04-21T20:10:02.693Z,market,trade,TESTE,100078.34888109342,198,,,,CITI,ITAU,,,
2026-04-21T20:10:02.852Z,market,trade,TESTE,100088.56656997274,166,,,,JPM,BTG,,,
2026-04-21T20:10:03.007Z,market,trade,TESTE,100088.27466768138,176,,,,CS,UBS,,,
2026-04-21T20:10:03.162Z,market,trade,TESTE,100085.8927635278,87,,,,MS,BARCL,,,
2026-04-21T20:10:03.318Z,market,trade,TESTE,100073.89353418673,10,,,,MS,MS,,,
2026-04-21T20:10:03.474Z,market,trade,TESTE,100084.18044456613,74,,,,UBS,CITI,,,
2026-04-21T20:10:03.630Z,market,trade,TESTE,100070.8077024339,129,,,,XP,MS,,,
2026-04-21T20:10:03.785Z,market,trade,TESTE,100074.14630343356,168,,,,XP,XP,,,
2026-04-21T20:10:03.940Z,market,trade,TESTE,100079.12404357246,154,,,,JPM,GOLDM,,,
2026-04-21T20:10:04.098Z,market,trade,TESTE,100084.2151450983,103,,,,MS,UBS,,,
2026-04-21T20:10:04.253Z,market,trade,TESTE,100078.8558462386,30,,,,CITI,UBS,,,
2026-04-21T20:10:04.409Z,market,trade,TESTE,100083.19469335859,48,,,,MS,MS,,,
2026-04-21T20:10:04.565Z,market,trade,TESTE,100083.75239761682,81,,,,BARCL,UBS,,,
2026-04-21T20:10:04.720Z,market,trade,TESTE,100092.25730534288,9,,,,JPM,JPM,,,
2026-04-21T20:10:04.876Z,market,trade,TESTE,100077.75184358307,154,,,,GOLDM,CS,,,
2026-04-21T20:10:05.034Z,market,trade,TESTE,100081.26687752937,82,,,,BTG,BTG,,,
2026-04-21T20:10:05.189Z,market,trade,TESTE,100076.45254700996,159,,,,BARCL,XP,,,
2026-04-21T20:10:05.345Z,market,trade,TESTE,100077.95261969435,85,,,,UBS,UBS,,,
2026-04-21T20:10:05.501Z,market,trade,TESTE,100088.03473419596,30,,,,GOLDM,MS,,,
2026-04-21T20:10:05.657Z,market,trade,TESTE,100088.75082464043,25,,,,XP,XP,,,
2026-04-21T20:10:05.813Z,market,trade,TESTE,100078.38731934979,109,,,,MS,BTG,,,
2026-04-21T20:10:05.968Z,market,flow_inversion,,,,,,,,,12,-96,BTG
2026-04-21T20:10:05.968Z,market,trade,TESTE,100087.93382206418,108,,,,UBS,BTG,,,
2026-04-21T20:10:06.120Z,market,trade,TESTE,100091.97353855279,166,,,,BTG,GOLDM,,,
2026-04-21T20:10:06.275Z,market,trade,TESTE,100082.1470893564,134,,,,XP,BTG,,,
2026-04-21T20:10:06.433Z,market,trade,TESTE,100087.40882394025,191,,,,ITAU,CS,,,
2026-04-21T20:10:06.588Z,market,trade,TESTE,100072.64895140506,189,,,,BTG,BTG,,,
2026-04-21T20:10:06.745Z,market,trade,TESTE,100075.55008647087,152,,,,MS,MS,,,
2026-04-21T20:10:06.904Z,market,trade,TESTE,100084.23654988778,55,,,,GOLDM,JPM,,,
2026-04-21T20:10:07.059Z,market,trade,TESTE,100087.97361141654,158,,,,CITI,CITI,,,
2026-04-21T20:10:07.212Z,market,trade,TESTE,100083.33190838131,116,,,,XP,BARCL,,,
2026-04-21T20:10:07.368Z,market,trade,TESTE,100081.16845937177,190,,,,BARCL,ITAU,,,
2026-04-21T20:10:07.525Z,market,trade,TESTE,100069.85607600363,86,,,,UBS,CITI,,,
2026-04-21T20:10:07.680Z,market,trade,TESTE,100075.90685843934,181,,,,JPM,CS,,,
2026-04-21T20:10:07.835Z,market,trade,TESTE,100079.61427664495,61,,,,MS,CITI,,,
2026-04-21T20:10:07.992Z,market,trade,TESTE,100077.71718961098,185,,,,CS,BARCL,,,
2026-04-21T20:10:08.148Z,market,trade,TESTE,100067.3788166501,169,,,,CS,BTG,,,
2026-04-21T20:10:08.305Z,market,trade,TESTE,100071.6290649033,43,,,,UBS,CS,,,
2026-04-21T20:10:08.459Z,market,trade,TESTE,100078.13408084377,70,,,,BARCL,CITI,,,
2026-04-21T20:10:08.616Z,market,trade,TESTE,100070.10783854275,131,,,,GOLDM,BTG,,,
2026-04-21T20:10:08.773Z,market,trade,TESTE,100067.72228621738,11,,,,CS,CITI,,,
2026-04-21T20:10:08.928Z,market,trade,TESTE,100069.78312927864,156,,,,BTG,JPM,,,
2026-04-21T20:10:09.084Z,market,trade,TESTE,100068.8113406634,17,,,,UBS,GOLDM,,,
2026-04-21T20:10:09.240Z,market,trade,TESTE,100081.86740003053,91,,,,CS,CITI,,,
2026-04-21T20:10:09.395Z,market,trade,TESTE,100071.19831409909,6,,,,ITAU,MS,,,
2026-04-21T20:10:09.550Z,market,trade,TESTE,100081.67449802725,23,,,,GOLDM,GOLDM,,,
2026-04-21T20:10:09.708Z,market,trade,TESTE,100069.23833009822,20,,,,JPM,MS,,,
2026-04-21T20:10:09.863Z,market,trade,TESTE,100081.30753453785,63,,,,CITI,UBS,,,
2026-04-21T20:10:10.020Z,market,trade,TESTE,100070.70574586037,23,,,,CITI,MS,,,
2026-04-21T20:10:10.175Z,market,trade,TESTE,100080.88753209279,99,,,,CS,CITI,,,
2026-04-21T20:10:10.331Z,market,trade,TESTE,100073.71624003295,23,,,,MS,GOLDM,,,
2026-04-21T20:10:10.487Z,market,trade,TESTE,100083.06364665087,66,,,,CS,ITAU,,,
2026-04-21T20:10:10.643Z,market,trade,TESTE,100069.24187848471,61,,,,CS,JPM,,,
2026-04-21T20:10:10.800Z,market,trade,TESTE,100078.11129210396,110,,,,UBS,CS,,,
2026-04-21T20:10:10.954Z,market,trade,TESTE,100077.19893025832,142,,,,BARCL,UBS,,,
2026-04-21T20:10:11.110Z,market,trade,TESTE,100062.36109723391,155,,,,ITAU,ITAU,,,
2026-04-21T20:10:11.265Z,market,trade,TESTE,100059.56071467395,136,,,,BTG,UBS,,,
2026-04-21T20:10:11.422Z,market,trade,TESTE,100062.0818272993,175,,,,XP,MS,,,
2026-04-21T20:10:11.577Z,market,trade,TESTE,100061.04598102093,176,,,,CITI,BTG,,,
2026-04-21T20:10:11.732Z,market,trade,TESTE,100065.9628424001,38,,,,XP,XP,,,
2026-04-21T20:10:11.886Z,market,trade,TESTE,100074.30801713475,173,,,,CITI,MS,,,
2026-04-21T20:10:12.043Z,market,trade,TESTE,100060.7918248479,168,,,,BARCL,ITAU,,,
2026-04-21T20:10:12.200Z,market,trade,TESTE,100067.7962481146,165,,,,ITAU,JPM,,,
2026-04-21T20:10:12.355Z,market,trade,TESTE,100053.93783765454,46,,,,ITAU,BARCL,,,
2026-04-21T20:10:12.510Z,market,trade,TESTE,100063.33580185223,28,,,,ITAU,GOLDM,,,
2026-04-21T20:10:12.664Z,market,trade,TESTE,100049.11917942685,148,,,,BTG,MS,,,
2026-04-21T20:10:12.819Z,market,trade,TESTE,100046.28193781574,27,,,,MS,CITI,,,
2026-04-21T20:10:12.974Z,market,trade,TESTE,100054.4777326913,114,,,,CS,BARCL,,,
2026-04-21T20:10:13.129Z,market,trade,TESTE,100056.19306719414,6,,,,BTG,CITI,,,
2026-04-21T20:10:13.285Z,market,trade,TESTE,100049.37929030159,172,,,,XP,CITI,,,
2026-04-21T20:10:13.438Z,market,trade,TESTE,100061.8918119255,17,,,,MS,UBS,,,
2026-04-21T20:10:13.596Z,market,trade,TESTE,100049.50872985141,198,,,,BTG,XP,,,
2026-04-21T20:10:13.752Z,market,trade,TESTE,100045.20550503505,32,,,,BARCL,CITI,,,
2026-04-21T20:10:13.907Z,market,trade,TESTE,100055.60928170283,94,,,,MS,GOLDM,,,
2026-04-21T20:10:14.064Z,market,trade,TESTE,100052.14641638986,35,,,,CITI,GOLDM,,,
2026-04-21T20:10:14.219Z,market,trade,TESTE,100053.3711228487,194,,,,ITAU,BTG,,,
2026-04-21T20:10:14.374Z,market,trade,TESTE,100051.69630387796,163,,,,GOLDM,CS,,,
2026-04-21T20:10:14.528Z,market,trade,TESTE,100053.6557156884,153,,,,JPM,GOLDM,,,
2026-04-21T20:10:14.683Z,market,trade,TESTE,100043.32928695931,130,,,,GOLDM,CS,,,
2026-04-21T20:10:14.840Z,market,trade,TESTE,100040.6709233245,106,,,,GOLDM,MS,,,
2026-04-21T20:10:14.991Z,market,trade,TESTE,100046.81274629995,128,,,,MS,CS,,,
2026-04-21T20:10:15.148Z,market,trade,TESTE,100040.62737424581,21,,,,BTG,MS,,,
2026-04-21T20:10:15.303Z,market,trade,TESTE,100054.23440805581,43,,,,ITAU,GOLDM,,,
2026-04-21T20:10:15.459Z,market,trade,TESTE,100049.86749363886,77,,,,JPM,UBS,,,
2026-04-21T20:10:15.616Z,market,trade,TESTE,100050.99241246487,123,,,,BARCL,CITI,,,
2026-04-21T20:10:15.773Z,market,trade,TESTE,100047.15061316703,101,,,,XP,CS,,,
2026-04-21T20:10:15.928Z,market,trade,TESTE,100050.14318485631,120,,,,XP,ITAU,,,
2026-04-21T20:10:16.084Z,market,trade,TESTE,100041.37053085679,155,,,,GOLDM,BTG,,,
2026-04-21T20:10:16.241Z,market,trade,TESTE,100045.48474206124,175,,,,BARCL,CITI,,,
2026-04-21T20:10:16.397Z,market,trade,TESTE,100043.3144895925,74,,,,GOLDM,BTG,,,
2026-04-21T20:10:16.554Z,market,trade,TESTE,100039.38972972703,50,,,,GOLDM,CS,,,
2026-04-21T20:10:16.710Z,market,trade,TESTE,100040.31302351001,122,,,,JPM,XP,,,
2026-04-21T20:10:16.867Z,market,trade,TESTE,100035.57142730564,112,,,,BTG,UBS,,,
2026-04-21T20:10:17.021Z,market,trade,TESTE,100049.21024496695,70,,,,MS,JPM,,,
2026-04-21T20:10:17.178Z,market,trade,TESTE,100044.52549608919,72,,,,BTG,MS,,,
2026-04-21T20:10:17.335Z,market,trade,TESTE,100038.74243102374,14,,,,CITI,ITAU,,,
2026-04-21T20:10:17.490Z,market,trade,TESTE,100039.97504721148,133,,,,ITAU,CS,,,
2026-04-21T20:10:17.649Z,market,trade,TESTE,100040.97592465214,71,,,,ITAU,BTG,,,
2026-04-21T20:10:17.804Z,market,trade,TESTE,100043.98443761705,5,,,,CITI,XP,,,
2026-04-21T20:10:17.959Z,market,trade,TESTE,100044.00037422279,155,,,,BTG,BARCL,,,
2026-04-21T20:10:18.115Z,market,trade,TESTE,100048.42374056703,182,,,,MS,GOLDM,,,
2026-04-21T20:10:18.271Z,market,trade,TESTE,100056.34023044938,183,,,,GOLDM,ITAU,,,
2026-04-21T20:10:18.429Z,market,trade,TESTE,100041.97192815185,86,,,,BTG,CS,,,
2026-04-21T20:10:18.586Z,market,trade,TESTE,100052.33042577459,99,,,,CITI,MS,,,
2026-04-21T20:10:18.743Z,market,trade,TESTE,100049.18053041141,181,,,,MS,MS,,,
2026-04-21T20:10:18.901Z,market,trade,TESTE,100039.99635041833,88,,,,BARCL,UBS,,,
2026-04-21T20:10:19.055Z,market,trade,TESTE,100040.91610480928,115,,,,BARCL,JPM,,,
2026-04-21T20:10:19.209Z,market,trade,TESTE,100036.68912730386,5,,,,MS,CITI,,,
2026-04-21T20:10:19.364Z,market,trade,TESTE,100044.89287095213,49,,,,UBS,UBS,,,
2026-04-21T20:10:19.520Z,market,trade,TESTE,100033.67830388894,116,,,,UBS,CITI,,,
2026-04-21T20:10:19.675Z,market,trade,TESTE,100034.9870761977,46,,,,CITI,CS,,,
2026-04-21T20:10:19.831Z,market,trade,TESTE,100038.8812510003,166,,,,CS,BARCL,,,
2026-04-21T20:10:19.986Z,market,trade,TESTE,100039.26184024563,139,,,,UBS,GOLDM,,,
2026-04-21T20:10:20.142Z,market,trade,TESTE,100037.36338157069,199,,,,GOLDM,ITAU,,,
2026-04-21T20:10:20.297Z,market,trade,TESTE,100032.90301187697,110,,,,BTG,MS,,,
2026-04-21T20:10:20.453Z,market,trade,TESTE,100029.2053803107,144,,,,MS,CS,,,
2026-04-21T20:10:20.608Z,market,trade,TESTE,100041.18879550457,113,,,,GOLDM,CS,,,
2026-04-21T20:10:20.763Z,market,trade,TESTE,100035.52317165288,53,,,,XP,BARCL,,,
2026-04-21T20:10:20.919Z,market,trade,TESTE,100038.49359517643,124,,,,CS,BARCL,,,
2026-04-21T20:10:21.076Z,market,trade,TESTE,100045.54412719174,182,,,,GOLDM,BARCL,,,
2026-04-21T20:10:21.231Z,market,trade,TESTE,100049.07801252572,131,,,,GOLDM,BARCL,,,
2026-04-21T20:10:21.387Z,market,trade,TESTE,100037.69585899195,114,,,,ITAU,UBS,,,
2026-04-21T20:10:21.541Z,market,trade,TESTE,100048.61638045781,23,,,,BTG,ITAU,,,
2026-04-21T20:10:21.698Z,market,trade,TESTE,100043.12759575521,95,,,,BARCL,CS,,,
2026-04-21T20:10:21.852Z,market,trade,TESTE,100054.46156258539,43,,,,MS,CS,,,
2026-04-21T20:10:22.010Z,market,trade,TESTE,100046.54171096199,122,,,,BTG,BARCL,,,
2026-04-21T20:10:22.167Z,market,trade,TESTE,100060.84166901973,189,,,,UBS,ITAU,,,
2026-04-21T20:10:22.322Z,market,trade,TESTE,100064.31219346629,12,,,,CITI,CITI,,,
2026-04-21T20:10:22.479Z,market,trade,TESTE,100060.64430518162,149,,,,CITI,BTG,,,
2026-04-21T20:10:22.633Z,market,trade,TESTE,100057.57798641479,70,,,,MS,ITAU,,,
2026-04-21T20:10:22.788Z,market,trade,TESTE,100057.38847322631,15,,,,CS,JPM,,,
2026-04-21T20:10:22.941Z,market,trade,TESTE,100045.82006206957,119,,,,BARCL,GOLDM,,,
2026-04-21T20:10:23.095Z,market,trade,TESTE,100054.16648487253,21,,,,CS,CS,,,
2026-04-21T20:10:23.250Z,market,trade,TESTE,100055.65941580546,18,,,,MS,CS,,,
2026-04-21T20:10:23.407Z,market,trade,TESTE,100048.31263515975,140,,,,MS,JPM,,,
2026-04-21T20:10:23.561Z,market,trade,TESTE,100062.50683479583,5,,,,BTG,GOLDM,,,
2026-04-21T20:10:23.715Z,market,trade,TESTE,100064.95913632622,178,,,,BARCL,MS,,,
2026-04-21T20:10:23.870Z,market,trade,TESTE,100067.6001529635,129,,,,GOLDM,JPM,,,
2026-04-21T20:10:24.024Z,market,trade,TESTE,100056.32182434057,143,,,,BTG,XP,,,
2026-04-21T20:10:24.179Z,market,trade,TESTE,100068.01943669884,98,,,,MS,BARCL,,,
2026-04-21T20:10:24.335Z,market,flow_inversion,,,,,,,,,34,-13,GOLDM
2026-04-21T20:10:24.335Z,market,trade,TESTE,100068.32816132226,47,,,,CITI,GOLDM,,,
2026-04-21T20:10:24.492Z,market,trade,TESTE,100063.35455032242,70,,,,BARCL,JPM,,,
2026-04-21T20:10:24.647Z,market,trade,TESTE,100053.82528455726,153,,,,XP,BARCL,,,
2026-04-21T20:10:24.800Z,market,trade,TESTE,100055.18026800508,52,,,,GOLDM,GOLDM,,,
2026-04-21T20:10:24.957Z,market,trade,TESTE,100054.60848135431,102,,,,BTG,CS,,,
2026-04-21T20:10:25.111Z,market,trade,TESTE,100052.99152591213,184,,,,ITAU,UBS,,,
2026-04-21T20:10:25.267Z,market,trade,TESTE,100059.33392550898,106,,,,CITI,UBS,,,
2026-04-21T20:10:25.425Z,market,trade,TESTE,100055.26950140327,95,,,,JPM,GOLDM,,,
2026-04-21T20:10:25.579Z,market,trade,TESTE,100048.03308834875,35,,,,MS,XP,,,
2026-04-21T20:10:25.737Z,market,trade,TESTE,100061.14870096423,97,,,,ITAU,CITI,,,
2026-04-21T20:10:25.890Z,market,trade,TESTE,100054.65375223396,50,,,,MS,UBS,,,
2026-04-21T20:10:26.045Z,market,trade,TESTE,100056.84619296058,162,,,,BTG,CS,,,
2026-04-21T20:10:26.198Z,market,trade,TESTE,100069.94853224966,160,,,,BTG,CS,,,
2026-04-21T20:10:26.355Z,market,trade,TESTE,100060.41490746019,21,,,,BARCL,BARCL,,,
2026-04-21T20:10:26.508Z,market,trade,TESTE,100064.50740113352,104,,,,CITI,JPM,,,
2026-04-21T20:10:26.663Z,market,trade,TESTE,100069.32713170892,157,,,,UBS,CITI,,,
2026-04-21T20:10:26.819Z,market,trade,TESTE,100066.12879068365,61,,,,UBS,XP,,,
2026-04-21T20:10:26.975Z,market,trade,TESTE,100065.77837478378,26,,,,ITAU,ITAU,,,
2026-04-21T20:10:27.130Z,market,trade,TESTE,100071.07366280917,14,,,,BTG,GOLDM,,,
2026-04-21T20:10:27.286Z,market,trade,TESTE,100072.02471115615,7,,,,BARCL,CITI,,,
2026-04-21T20:10:27.442Z,market,trade,TESTE,100070.82181344608,80,,,,BARCL,ITAU,,,
2026-04-21T20:10:27.599Z,market,trade,TESTE,100068.88642574014,183,,,,BARCL,ITAU,,,
2026-04-21T20:10:27.755Z,market,trade,TESTE,100056.3748157271,103,,,,GOLDM,XP,,,
2026-04-21T20:10:27.913Z,market,trade,TESTE,100063.50662841824,41,,,,CITI,ITAU,,,
2026-04-21T20:10:28.069Z,market,trade,TESTE,100066.87006903715,178,,,,CITI,MS,,,
2026-04-21T20:10:28.224Z,market,trade,TESTE,100053.39322615058,169,,,,XP,BTG,,,
2026-04-21T20:10:28.381Z,market,trade,TESTE,100053.70453040379,147,,,,ITAU,ITAU,,,
2026-04-21T20:10:28.535Z,market,trade,TESTE,100054.5873034654,85,,,,CITI,BTG,,,
2026-04-21T20:10:28.691Z,market,trade,TESTE,100065.81681819938,126,,,,ITAU,XP,,,
2026-04-21T20:10:28.847Z,market,trade,TESTE,100051.85092062819,159,,,,BTG,CITI,,,
2026-04-21T20:10:29.003Z,market,trade,TESTE,100046.88825101423,121,,,,GOLDM,BARCL,,,
2026-04-21T20:10:29.158Z,market,trade,TESTE,100048.04017088449,8,,,,JPM,BTG,,,
2026-04-21T20:10:29.314Z,market,trade,TESTE,100057.20436460615,138,,,,CITI,BARCL,,,
2026-04-21T20:10:29.469Z,market,trade,TESTE,100059.23670282263,49,,,,CITI,MS,,,
2026-04-21T20:10:29.625Z,market,trade,TESTE,100061.42943586143,155,,,,MS,JPM,,,
2026-04-21T20:10:29.780Z,market,trade,TESTE,100064.47629147724,128,,,,BARCL,ITAU,,,
2026-04-21T20:10:29.935Z,market,trade,TESTE,100055.36467026682,44,,,,BARCL,JPM,,,
2026-04-21T20:10:30.091Z,market,trade,TESTE,100056.6977686763,23,,,,CS,CS,,,
2026-04-21T20:10:30.247Z,market,trade,TESTE,100053.53436362786,63,,,,BARCL,XP,,,
2026-04-21T20:10:30.400Z,market,trade,TESTE,100055.88327124187,8,,,,UBS,CITI,,,
2026-04-21T20:10:30.557Z,market,trade,TESTE,100062.09696258184,115,,,,BARCL,CS,,,
2026-04-21T20:10:30.710Z,market,trade,TESTE,100056.50698464147,18,,,,ITAU,BTG,,,
2026-04-21T20:10:30.869Z,market,trade,TESTE,100064.97519910905,28,,,,XP,BTG,,,
2026-04-21T20:10:31.025Z,market,trade,TESTE,100050.55175810016,126,,,,UBS,ITAU,,,
2026-04-21T20:10:31.180Z,market,trade,TESTE,100048.52184026035,190,,,,BTG,MS,,,
2026-04-21T20:10:31.333Z,market,trade,TESTE,100058.73394493587,42,,,,UBS,UBS,,,
2026-04-21T20:10:31.489Z,market,trade,TESTE,100056.96197080784,179,,,,GOLDM,JPM,,,
2026-04-21T20:10:31.647Z,market,trade,TESTE,100047.25481549079,87,,,,CITI,UBS,,,
2026-04-21T20:10:31.802Z,market,trade,TESTE,100051.54114950127,12,,,,GOLDM,BTG,,,
2026-04-21T20:10:31.958Z,market,trade,TESTE,100059.49012200405,119,,,,XP,BARCL,,,
2026-04-21T20:10:32.114Z,market,trade,TESTE,100058.46771748173,7,,,,CITI,UBS,,,
2026-04-21T20:10:32.271Z,market,trade,TESTE,100044.87396492195,77,,,,BARCL,ITAU,,,
2026-04-21T20:10:32.427Z,market,trade,TESTE,100049.03744247758,55,,,,BTG,MS,,,
2026-04-21T20:10:32.581Z,market,trade,TESTE,100061.37624095612,121,,,,UBS,MS,,,
2026-04-21T20:10:32.737Z,market,trade,TESTE,100047.087585268,150,,,,CS,UBS,,,
2026-04-21T20:10:32.892Z,market,trade,TESTE,100047.69166154343,163,,,,ITAU,CITI,,,
2026-04-21T20:10:33.047Z,market,trade,TESTE,100046.14951660132,36,,,,GOLDM,JPM,,,
2026-04-21T20:10:33.204Z,market,trade,TESTE,100058.62272566666,54,,,,ITAU,XP,,,
2026-04-21T20:10:33.360Z,market,trade,TESTE,100060.932524232,8,,,,CITI,JPM,,,
2026-04-21T20:10:33.516Z,market,trade,TESTE,100055.9537503097,48,,,,ITAU,GOLDM,,,
2026-04-21T20:10:33.672Z,market,trade,TESTE,100044.30598142988,107,,,,GOLDM,GOLDM,,,
2026-04-21T20:10:33.828Z,market,trade,TESTE,100045.1741914042,185,,,,ITAU,XP,,,
2026-04-21T20:10:33.986Z,market,trade,TESTE,100042.430846822,131,,,,UBS,GOLDM,,,
2026-04-21T20:10:34.141Z,market,trade,TESTE,100039.21791386764,33,,,,BTG,ITAU,,,
2026-04-21T20:10:34.296Z,market,trade,TESTE,100041.30098442183,54,,,,CITI,CITI,,,
2026-04-21T20:10:34.451Z,market,trade,TESTE,100036.43885268249,137,,,,BTG,MS,,,
2026-04-21T20:10:34.606Z,market,trade,TESTE,100051.04582363178,142,,,,ITAU,ITAU,,,
2026-04-21T20:10:34.764Z,market,trade,TESTE,100040.78677921608,169,,,,ITAU,JPM,,,
2026-04-21T20:10:34.921Z,market,trade,TESTE,100045.37886657832,136,,,,ITAU,MS,,,
2026-04-21T20:10:35.078Z,market,trade,TESTE,100059.06576015682,102,,,,UBS,JPM,,,
2026-04-21T20:10:35.234Z,market,trade,TESTE,100052.2732786417,150,,,,UBS,BTG,,,
2026-04-21T20:10:35.389Z,market,trade,TESTE,100048.86720947483,131,,,,UBS,BARCL,,,
2026-04-21T20:10:35.545Z,market,trade,TESTE,100048.5566334212,172,,,,GOLDM,GOLDM,,,
2026-04-21T20:10:35.700Z,market,trade,TESTE,100049.1490504646,157,,,,UBS,BTG,,,
2026-04-21T20:10:35.853Z,market,trade,TESTE,100049.2462482109,136,,,,JPM,CS,,,
2026-04-21T20:10:36.013Z,market,trade,TESTE,100059.27705379178,36,,,,CS,JPM,,,
2026-04-21T20:10:36.170Z,market,trade,TESTE,100045.15467964113,153,,,,ITAU,BARCL,,,
2026-04-21T20:10:36.324Z,market,trade,TESTE,100050.29248440328,40,,,,BARCL,ITAU,,,
2026-04-21T20:10:36.478Z,market,trade,TESTE,100048.0603114737,65,,,,CS,CS,,,
2026-04-21T20:10:36.635Z,market,trade,TESTE,100052.18209725524,188,,,,JPM,UBS,,,
2026-04-21T20:10:36.791Z,market,trade,TESTE,100048.97238321058,179,,,,MS,GOLDM,,,
2026-04-21T20:10:36.950Z,market,trade,TESTE,100043.73196154776,181,,,,JPM,MS,,,
2026-04-21T20:10:37.105Z,market,trade,TESTE,100045.11451515729,117,,,,BTG,JPM,,,
2026-04-21T20:10:37.261Z,market,trade,TESTE,100052.59565832159,52,,,,MS,MS,,,
2026-04-21T20:10:37.418Z,market,trade,TESTE,100056.75568620187,38,,,,GOLDM,UBS,,,
2026-04-21T20:10:37.573Z,market,trade,TESTE,100044.21425023417,126,,,,BARCL,GOLDM,,,
2026-04-21T20:10:37.728Z,market,trade,TESTE,100042.12155319519,53,,,,CS,ITAU,,,
2026-04-21T20:10:37.883Z,market,trade,TESTE,100037.48111482011,140,,,,JPM,ITAU,,,
2026-04-21T20:10:38.040Z,market,trade,TESTE,100043.6242976309,126,,,,JPM,CITI,,,
2026-04-21T20:10:38.195Z,market,trade,TESTE,100039.57824556084,158,,,,BARCL,ITAU,,,
2026-04-21T20:10:38.353Z,market,trade,TESTE,100039.67290850877,27,,,,UBS,BTG,,,
2026-04-21T20:10:38.508Z,market,trade,TESTE,100041.540992656,162,,,,BTG,JPM,,,
2026-04-21T20:10:38.669Z,market,trade,TESTE,100041.3355034371,189,,,,CS,UBS,,,
2026-04-21T20:10:38.825Z,market,trade,TESTE,100035.45041921105,34,,,,MS,CITI,,,
2026-04-21T20:10:38.980Z,market,trade,TESTE,100048.193139992,135,,,,BTG,GOLDM,,,
2026-04-21T20:10:39.138Z,market,trade,TESTE,100044.6320431474,24,,,,BTG,XP,,,
2026-04-21T20:10:39.295Z,market,trade,TESTE,100034.91527407058,189,,,,ITAU,CITI,,,
2026-04-21T20:10:39.449Z,market,trade,TESTE,100043.8396810853,14,,,,BARCL,BTG,,,
2026-04-21T20:10:39.605Z,market,trade,TESTE,100037.58692164213,75,,,,GOLDM,JPM,,,
2026-04-21T20:10:39.761Z,market,trade,TESTE,100047.71382641779,110,,,,CITI,BARCL,,,
2026-04-21T20:10:39.918Z,market,trade,TESTE,100046.86034870037,115,,,,ITAU,GOLDM,,,
2026-04-21T20:10:40.074Z,market,trade,TESTE,100038.09041977201,191,,,,JPM,XP,,,
2026-04-21T20:10:40.231Z,market,trade,TESTE,100039.20844581224,130,,,,BARCL,UBS,,,
2026-04-21T20:10:40.387Z,market,trade,TESTE,100052.29460857717,97,,,,XP,XP,,,
2026-04-21T20:10:40.542Z,market,trade,TESTE,100043.04115696646,189,,,,BARCL,CS,,,
2026-04-21T20:10:40.699Z,market,trade,TESTE,100039.93356080525,72,,,,MS,BARCL,,,
2026-04-21T20:10:40.856Z,market,trade,TESTE,100035.48199706318,77,,,,JPM,XP,,,
2026-04-21T20:10:41.011Z,market,trade,TESTE,100031.67402421571,79,,,,BTG,CS,,,
2026-04-21T20:10:41.166Z,market,trade,TESTE,100027.6534877652,19,,,,BTG,CS,,,
2026-04-21T20:10:41.322Z,market,trade,TESTE,100023.49145946561,188,,,,BARCL,CITI,,,
2026-04-21T20:11:25.170Z,market,trade,TESTE,99993.02606692431,185,,,,CS,XP,,,
2026-04-21T20:11:25.326Z,market,trade,TESTE,99993.67446965778,159,,,,XP,CITI,,,
2026-04-21T20:11:25.483Z,market,trade,TESTE,100003.24831476067,30,,,,GOLDM,BTG,,,
2026-04-21T20:11:25.640Z,market,trade,TESTE,99994.77324075217,123,,,,MS,BARCL,,,
2026-04-21T20:11:25.797Z,market,trade,TESTE,100006.35093915519,92,,,,BTG,GOLDM,,,
2026-04-21T20:11:25.950Z,market,trade,TESTE,99995.1491595807,72,,,,MS,GOLDM,,,
2026-04-21T20:11:26.108Z,market,trade,TESTE,100000.9396340261,53,,,,UBS,JPM,,,
2026-04-21T20:11:26.267Z,market,trade,TESTE,100005.60592179485,98,,,,CITI,JPM,,,
2026-04-21T20:11:26.422Z,market,trade,TESTE,100003.37349892489,156,,,,XP,CS,,,
2026-04-21T20:11:26.578Z,market,trade,TESTE,99991.59708677714,192,,,,JPM,BTG,,,
2026-04-21T20:11:26.733Z,market,trade,TESTE,99991.38738516993,103,,,,MS,ITAU,,,
2026-04-21T20:11:26.888Z,market,trade,TESTE,99990.40068518215,63,,,,ITAU,BARCL,,,
2026-04-21T20:11:27.043Z,market,trade,TESTE,99989.03075741431,23,,,,GOLDM,XP,,,
2026-04-21T20:11:27.200Z,market,trade,TESTE,99994.57955933745,49,,,,ITAU,BTG,,,
2026-04-21T20:11:38.290Z,market,trade,TESTE,100003.4439709531,17,,,,CS,ITAU,,,
2026-04-21T20:11:38.445Z,market,trade,TESTE,99999.89349771924,133,,,,BTG,GOLDM,,,
2026-04-21T20:11:38.599Z,market,trade,TESTE,100003.36438609916,47,,,,MS,XP,,,
2026-04-21T20:11:38.754Z,market,trade,TESTE,100003.81342899686,21,,,,GOLDM,GOLDM,,,
2026-04-21T20:11:38.911Z,market,trade,TESTE,100008.14945029143,99,,,,MS,GOLDM,,,
2026-04-21T20:11:39.066Z,market,trade,TESTE,100006.72689674319,146,,,,GOLDM,CITI,,,
2026-04-21T20:11:39.231Z,market,trade,TESTE,99995.3229974543,60,,,,JPM,CS,,,
2026-04-21T20:11:39.387Z,market,trade,TESTE,100000.08664452659,164,,,,MS,XP,,,
2026-04-21T20:11:39.544Z,market,trade,TESTE,100003.3839952172,141,,,,BTG,CITI,,,
2026-04-21T20:11:39.700Z,market,trade,TESTE,100008.6236301012,185,,,,ITAU,ITAU,,,
2026-04-21T20:11:39.855Z,market,trade,TESTE,99993.80742484704,179,,,,UBS,BARCL,,,
2026-04-21T20:11:40.008Z,market,trade,TESTE,100007.98356292974,150,,,,CS,UBS,,,
2026-04-21T20:11:40.163Z,market,trade,TESTE,99996.78264994302,170,,,,XP,ITAU,,,
2026-04-21T20:11:40.320Z,market,trade,TESTE,99995.17138942065,25,,,,BTG,CS,,,
2026-04-21T20:11:40.476Z,market,trade,TESTE,100001.56252232053,108,,,,BARCL,BARCL,,,
2026-04-21T20:33:07.767Z,market,trade,TESTE,99996.30744962502,112,,,,CITI,MS,,,
2026-04-21T20:33:07.924Z,market,trade,TESTE,100009.86774380575,138,,,,CS,CS,,,
2026-04-21T20:33:08.081Z,market,trade,TESTE,100011.9158826197,80,,,,BARCL,CS,,,
2026-04-21T20:33:08.237Z,market,trade,TESTE,100006.35058262583,43,,,,CITI,MS,,,
2026-04-21T20:33:08.395Z,market,trade,TESTE,100019.02625428973,7,,,,CS,CS,,,
2026-04-21T20:33:08.551Z,market,flow_inversion,,,,,,,,,0,20,UBS
2026-04-21T20:33:08.551Z,market,trade,TESTE,100008.58424186945,20,,,,UBS,CS,,,
2026-04-21T20:33:08.707Z,market,trade,TESTE,100003.81974788842,30,,,,UBS,ITAU,,,
2026-04-21T20:33:08.864Z,market,trade,TESTE,100018.27966422748,90,,,,XP,BTG,,,
2026-04-21T20:33:09.021Z,market,trade,TESTE,100009.74687617223,75,,,,JPM,UBS,,,
2026-04-21T20:33:09.176Z,market,trade,TESTE,100022.81337968034,92,,,,JPM,BTG,,,
2026-04-21T20:33:09.332Z,market,flow_inversion,,,,,,,,,0,129,BTG
2026-04-21T20:33:09.332Z,market,trade,TESTE,100022.63629922226,129,,,,BTG,JPM,,,
2026-04-21T20:33:09.489Z,market,trade,TESTE,100024.76784733978,134,,,,UBS,ITAU,,,
2026-04-21T20:33:09.644Z,market,trade,TESTE,100028.03355519492,23,,,,CITI,CITI,,,
2026-04-21T20:33:09.800Z,market,trade,TESTE,100016.08648401628,176,,,,MS,UBS,,,
2026-04-21T20:33:09.956Z,market,trade,TESTE,100013.37362888936,59,,,,JPM,JPM,,,
2026-04-21T20:33:10.114Z,market,trade,TESTE,100009.155371059,14,,,,ITAU,CS,,,
2026-04-21T20:33:10.272Z,market,trade,TESTE,100006.9663554982,114,,,,UBS,ITAU,,,
2026-04-21T20:33:10.430Z,market,trade,TESTE,100013.39681983198,57,,,,CITI,BARCL,,,
2026-04-21T20:33:10.587Z,market,trade,TESTE,99999.90342408986,31,,,,XP,GOLDM,,,
2026-04-21T20:33:10.744Z,market,trade,TESTE,100003.47213320211,36,,,,JPM,XP,,,
2026-04-21T20:33:10.899Z,market,trade,TESTE,100003.49009140508,46,,,,XP,CS,,,
2026-04-21T20:33:11.055Z,market,trade,TESTE,100004.64000677958,33,,,,ITAU,BTG,,,
2026-04-21T20:33:11.211Z,market,trade,TESTE,100000.40848486393,173,,,,JPM,GOLDM,,,
2026-04-21T20:33:11.368Z,market,trade,TESTE,99998.50019060883,159,,,,MS,XP,,,
2026-04-21T20:33:11.524Z,market,trade,TESTE,99995.85880743321,186,,,,GOLDM,UBS,,,
2026-04-21T20:33:11.679Z,market,trade,TESTE,100004.34937065725,36,,,,ITAU,BARCL,,,
2026-04-21T20:33:11.836Z,market,trade,TESTE,100002.3542969777,134,,,,ITAU,CITI,,,
2026-04-21T20:33:11.992Z,market,flow_inversion,,,,,,,,,96,-82,BTG
2026-04-21T20:33:11.992Z,market,trade,TESTE,99989.55521684144,178,,,,CS,BTG,,,
2026-04-21T20:33:12.149Z,market,trade,TESTE,99995.4415103484,120,,,,CITI,BTG,,,
2026-04-21T20:33:12.304Z,market,trade,TESTE,99999.64312870808,108,,,,XP,GOLDM,,,
2026-04-21T20:33:12.460Z,market,trade,TESTE,99988.41661489569,165,,,,JPM,BARCL,,,
2026-04-21T20:33:12.615Z,market,trade,TESTE,100001.25886917293,164,,,,CITI,BTG,,,
2026-04-21T20:33:12.772Z,market,trade,TESTE,100004.6144008975,84,,,,BARCL,MS,,,
2026-04-21T20:33:12.930Z,market,trade,TESTE,99992.80383175514,198,,,,CITI,BTG,,,
2026-04-21T20:33:13.085Z,market,trade,TESTE,99994.7662028591,42,,,,GOLDM,CITI,,,
2026-04-21T20:33:13.241Z,market,trade,TESTE,100003.0810877182,157,,,,XP,GOLDM,,,
2026-04-21T20:33:13.396Z,market,trade,TESTE,99998.18831495233,126,,,,JPM,CS,,,
2026-04-21T20:33:13.551Z,market,flow_inversion,,,,,,,,,112,-82,UBS
2026-04-21T20:33:13.551Z,market,trade,TESTE,99992.18209134159,194,,,,JPM,UBS,,,
2026-04-21T20:33:13.706Z,market,trade,TESTE,99988.4444481045,44,,,,ITAU,UBS,,,
2026-04-21T20:33:13.860Z,market,trade,TESTE,100000.92813768575,140,,,,XP,ITAU,,,
2026-04-21T20:33:14.015Z,market,trade,TESTE,99996.4931988354,168,,,,BARCL,BARCL,,,
2026-04-21T20:33:14.168Z,market,trade,TESTE,99987.9738522475,167,,,,JPM,UBS,,,
2026-04-21T20:33:14.322Z,market,trade,TESTE,100000.30599802698,103,,,,JPM,UBS,,,
2026-04-21T20:33:14.479Z,market,trade,TESTE,99998.88125399368,183,,,,XP,ITAU,,,
2026-04-21T20:33:14.635Z,market,trade,TESTE,99996.6810637965,156,,,,GOLDM,BTG,,,
2026-04-21T20:33:14.792Z,market,trade,TESTE,99986.56274875632,197,,,,CITI,XP,,,
2026-04-21T20:33:14.949Z,market,trade,TESTE,100001.24271392247,148,,,,UBS,XP,,,
2026-04-21T20:33:15.105Z,market,trade,TESTE,99989.07601561224,66,,,,CITI,MS,,,
2026-04-21T20:33:15.261Z,market,trade,TESTE,100001.3925560572,160,,,,MS,ITAU,,,
2026-04-21T20:33:15.417Z,market,trade,TESTE,100004.72250904639,82,,,,MS,MS,,,
2026-04-21T20:33:15.572Z,market,trade,TESTE,99998.85785114927,21,,,,CS,CITI,,,
2026-04-21T20:33:15.729Z,market,trade,TESTE,100012.46895352776,174,,,,GOLDM,BTG,,,
2026-04-21T20:33:15.885Z,market,trade,TESTE,100002.98948378731,184,,,,JPM,BARCL,,,
2026-04-21T20:33:16.040Z,market,trade,TESTE,100006.97512891366,146,,,,UBS,JPM,,,
2026-04-21T20:33:16.196Z,market,trade,TESTE,100007.25526558432,129,,,,JPM,ITAU,,,
2026-04-21T20:33:16.353Z,market,trade,TESTE,100020.58500268767,154,,,,CS,CITI,,,
2026-04-21T20:33:16.507Z,market,trade,TESTE,100013.89267950828,54,,,,UBS,CS,,,
2026-04-21T20:33:16.663Z,market,trade,TESTE,100009.29678351004,40,,,,XP,ITAU,,,
2026-04-21T20:33:16.819Z,market,trade,TESTE,100015.32165118158,74,,,,CS,GOLDM,,,
2026-04-21T20:33:16.975Z,market,trade,TESTE,100010.70191064537,153,,,,CS,GOLDM,,,
2026-04-21T20:33:17.129Z,market,trade,TESTE,99996.20310452287,71,,,,ITAU,XP,,,
2026-04-21T20:33:17.283Z,market,trade,TESTE,99998.50754425112,42,,,,BARCL,GOLDM,,,
2026-04-21T20:33:17.439Z,market,trade,TESTE,100009.15467827683,23,,,,BTG,BARCL,,,
2026-04-21T20:33:17.597Z,market,trade,TESTE,100002.85089972986,136,,,,JPM,MS,,,
2026-04-21T20:33:17.753Z,market,trade,TESTE,99999.96790473087,148,,,,BTG,BTG,,,
2026-04-21T20:33:17.909Z,market,trade,TESTE,100002.33563054269,85,,,,XP,MS,,,
2026-04-21T20:33:18.066Z,market,trade,TESTE,100000.67980066514,63,,,,XP,ITAU,,,
2026-04-21T20:33:18.222Z,market,trade,TESTE,100002.53082626773,188,,,,ITAU,JPM,,,
2026-04-21T20:33:18.378Z,market,trade,TESTE,99997.90070158822,121,,,,BARCL,CITI,,,
2026-04-21T20:33:18.535Z,market,trade,TESTE,100008.5241225,51,,,,BARCL,BTG,,,
2026-04-21T20:33:18.691Z,market,trade,TESTE,99998.64592406488,104,,,,GOLDM,CITI,,,
2026-04-21T20:33:18.849Z,market,trade,TESTE,100011.01293969573,56,,,,MS,MS,,,
2026-04-21T20:33:19.004Z,market,trade,TESTE,100011.60429769139,87,,,,JPM,ITAU,,,
2026-04-21T20:33:19.158Z,market,trade,TESTE,100003.82602177758,44,,,,JPM,MS,,,
2026-04-21T20:33:19.314Z,market,trade,TESTE,100007.98125030528,176,,,,XP,MS,,,
2026-04-21T20:33:19.470Z,market,trade,TESTE,100016.03511420176,65,,,,UBS,BARCL,,,
2026-04-21T20:33:19.629Z,market,trade,TESTE,100004.23793284761,41,,,,CITI,JPM,,,
2026-04-21T20:33:19.784Z,market,trade,TESTE,100018.49609727286,85,,,,BTG,GOLDM,,,
2026-04-21T20:33:19.941Z,market,trade,TESTE,100004.01797447768,198,,,,GOLDM,ITAU,,,
2026-04-21T20:33:20.096Z,market,trade,TESTE,100011.42028626973,65,,,,MS,CS,,,
2026-04-21T20:33:20.250Z,market,trade,TESTE,100008.78207340158,122,,,,CITI,BTG,,,
2026-04-21T20:33:20.408Z,market,trade,TESTE,100008.00793042226,30,,,,CS,CS,,,
2026-04-21T20:33:20.564Z,market,trade,TESTE,99993.996291968,172,,,,CS,MS,,,
2026-04-21T20:33:20.722Z,market,trade,TESTE,99990.48492982781,80,,,,BARCL,ITAU,,,
2026-04-21T20:33:20.877Z,market,trade,TESTE,99989.61054925284,19,,,,JPM,UBS,,,
2026-04-21T20:33:21.031Z,market,trade,TESTE,99984.92016970598,137,,,,CS,CITI,,,
2026-04-21T20:33:21.187Z,market,trade,TESTE,99983.04024144755,157,,,,MS,JPM,,,
2026-04-21T20:33:21.345Z,market,trade,TESTE,99996.1220269998,115,,,,BARCL,JPM,,,
2026-04-21T20:33:21.500Z,market,trade,TESTE,99994.95801515484,122,,,,CS,BARCL,,,
2026-04-21T20:33:21.657Z,market,trade,TESTE,99986.54587885273,115,,,,CITI,CITI,,,
2026-04-21T20:33:21.812Z,market,trade,TESTE,99993.02841609133,133,,,,UBS,CS,,,
2026-04-21T20:33:21.969Z,market,trade,TESTE,99984.79555699053,146,,,,BTG,CS,,,
2026-04-21T20:33:22.126Z,market,trade,TESTE,99992.47908504042,36,,,,BTG,BTG,,,
2026-04-21T20:33:22.285Z,market,trade,TESTE,99994.05952322448,161,,,,GOLDM,JPM,,,
2026-04-21T20:33:22.442Z,market,trade,TESTE,99982.99655767767,36,,,,BARCL,BARCL,,,
2026-04-21T20:33:22.598Z,market,trade,TESTE,99986.52668735819,174,,,,CS,XP,,,
2026-04-21T20:33:22.755Z,market,trade,TESTE,100001.0054321515,188,,,,GOLDM,MS,,,
2026-04-21T20:33:22.912Z,market,trade,TESTE,100004.71701276767,96,,,,UBS,MS,,,
2026-04-21T20:33:23.068Z,market,trade,TESTE,99994.66340965945,13,,,,BARCL,UBS,,,
2026-04-21T20:33:23.224Z,market,trade,TESTE,99998.0273165395,76,,,,CS,JPM,,,
2026-04-21T20:33:23.389Z,market,trade,TESTE,99993.96535410204,160,,,,CITI,BTG,,,
2026-04-21T20:33:23.544Z,market,trade,TESTE,99993.00808103873,34,,,,CS,ITAU,,,
2026-04-21T20:33:23.702Z,market,trade,TESTE,99989.33274876827,178,,,,XP,XP,,,
2026-04-21T20:33:23.858Z,market,trade,TESTE,100002.54321772499,52,,,,UBS,ITAU,,,
2026-04-21T20:33:24.016Z,market,trade,TESTE,99988.84667171903,106,,,,CS,JPM,,,
2026-04-21T20:33:24.172Z,market,trade,TESTE,99986.23085176278,35,,,,BARCL,MS,,,
2026-04-21T20:33:24.330Z,market,trade,TESTE,99991.60752509751,34,,,,XP,CITI,,,
2026-04-21T20:33:24.485Z,market,trade,TESTE,99989.44746769559,55,,,,JPM,CS,,,
2026-04-21T20:33:24.641Z,market,trade,TESTE,99993.78746575072,193,,,,JPM,GOLDM,,,
2026-04-21T20:33:24.796Z,market,trade,TESTE,99990.07863357496,59,,,,CS,BTG,,,
2026-04-21T20:33:24.951Z,market,trade,TESTE,99993.86357492326,134,,,,CITI,GOLDM,,,
2026-04-21T20:33:25.107Z,market,trade,TESTE,99981.89257804403,116,,,,GOLDM,XP,,,
2026-04-21T20:33:25.261Z,market,trade,TESTE,99988.17385447277,162,,,,CS,ITAU,,,
2026-04-21T20:33:25.417Z,market,trade,TESTE,99979.73199676108,161,,,,JPM,GOLDM,,,
2026-04-21T20:33:25.573Z,market,trade,TESTE,99979.41406816016,138,,,,XP,CS,,,
2026-04-21T20:33:25.729Z,market,trade,TESTE,99982.98463978135,79,,,,UBS,ITAU,,,
2026-04-21T20:33:25.884Z,market,trade,TESTE,99984.08860165505,14,,,,ITAU,ITAU,,,
2026-04-21T20:33:26.042Z,market,trade,TESTE,99995.32018709136,184,,,,BARCL,MS,,,
2026-04-21T20:33:26.199Z,market,trade,TESTE,99994.27109802027,44,,,,XP,GOLDM,,,
2026-04-21T20:33:26.356Z,market,trade,TESTE,99980.18244416482,146,,,,BARCL,XP,,,
2026-04-21T20:33:26.512Z,market,trade,TESTE,99976.75423859325,39,,,,JPM,ITAU,,,
2026-04-21T20:33:26.668Z,market,trade,TESTE,99985.92851845534,52,,,,CITI,CS,,,
2026-04-21T20:33:26.823Z,market,trade,TESTE,99971.58434637626,111,,,,CITI,GOLDM,,,
2026-04-21T20:33:26.979Z,market,trade,TESTE,99971.71390841005,147,,,,MS,ITAU,,,
2026-04-21T20:33:27.135Z,market,trade,TESTE,99977.94916745186,33,,,,JPM,CS,,,
2026-04-21T20:33:27.291Z,market,trade,TESTE,99977.52301112666,55,,,,BTG,BTG,,,
2026-04-21T20:33:27.446Z,market,trade,TESTE,99978.76402815101,199,,,,UBS,XP,,,
2026-04-21T20:33:27.601Z,market,trade,TESTE,99972.83260629214,198,,,,GOLDM,CITI,,,
2026-04-21T20:33:27.756Z,market,trade,TESTE,99973.93340336917,199,,,,GOLDM,XP,,,
2026-04-21T20:33:27.912Z,market,trade,TESTE,99970.46324393753,151,,,,CITI,CITI,,,
2026-04-21T20:33:28.069Z,market,trade,TESTE,99984.29726545165,136,,,,BTG,BARCL,,,
2026-04-21T20:33:28.225Z,market,trade,TESTE,99973.66707463899,56,,,,JPM,BARCL,,,
2026-04-21T20:33:28.422Z,market,trade,WINFUT,200430.0,1,,,,BTG Pactual CTVM S.A.,XP Investimentos CCTVM S/A,,,
2026-04-21T20:38:24.582Z,market,trade,TESTE,99998.51923429745,172,,,,CS,BTG,,,
2026-04-21T20:38:24.738Z,market,trade,TESTE,100013.05728040615,92,,,,MS,CITI,,,
2026-04-21T20:38:24.892Z,market,trade,TESTE,100001.77510210604,141,,,,BTG,CS,,,
2026-04-21T20:38:25.048Z,market,trade,TESTE,100013.14458560394,176,,,,BTG,XP,,,
2026-04-21T20:38:25.203Z,market,trade,TESTE,100013.51680981072,55,,,,JPM,GOLDM,,,
2026-04-21T20:38:25.356Z,market,trade,TESTE,100009.69390700308,134,,,,CITI,CITI,,,
2026-04-21T20:38:25.512Z,market,trade,TESTE,100014.07410515999,36,,,,BTG,CITI,,,
2026-04-21T20:38:25.666Z,market,flow_inversion,,,,,,,,,0,161,UBS
2026-04-21T20:38:25.666Z,market,trade,TESTE,100001.03281912288,161,,,,UBS,CS,,,
2026-04-21T20:38:25.821Z,market,trade,TESTE,100004.96462657621,88,,,,JPM,JPM,,,
2026-04-21T20:38:25.976Z,market,trade,TESTE,100017.77099697676,169,,,,BTG,CITI,,,
2026-04-21T20:38:26.131Z,market,trade,TESTE,100005.88692505569,155,,,,XP,CS,,,
2026-04-21T20:38:26.287Z,market,flow_inversion,,,,,,,,,-22,117,BTG
2026-04-21T20:38:26.287Z,market,trade,TESTE,100018.01434251806,139,,,,BTG,BARCL,,,
2026-04-21T20:38:26.444Z,market,trade,TESTE,100019.5347967878,172,,,,CITI,CS,,,
2026-04-21T20:38:26.600Z,market,trade,TESTE,100014.42934374895,123,,,,BARCL,UBS,,,
2026-04-21T20:38:26.757Z,market,trade,TESTE,100011.09184834192,128,,,,BTG,UBS,,,
2026-04-21T20:38:26.912Z,market,trade,TESTE,100019.63841099816,141,,,,UBS,CITI,,,
2026-04-21T20:38:27.070Z,market,trade,TESTE,100015.24842869266,114,,,,CITI,GOLDM,,,
2026-04-21T20:38:27.226Z,market,trade,TESTE,100003.87824853396,146,,,,CS,BARCL,,,
2026-04-21T20:38:27.382Z,market,trade,TESTE,100011.80396982029,116,,,,CS,BARCL,,,
2026-04-21T20:38:27.537Z,market,trade,TESTE,100003.53015704494,170,,,,XP,GOLDM,,,
2026-04-21T20:38:27.694Z,market,trade,TESTE,100005.28291665032,77,,,,CS,UBS,,,
2026-04-21T20:38:27.852Z,market,trade,TESTE,100010.86280872462,174,,,,UBS,UBS,,,
2026-04-21T20:58:15.861Z,market,trade,TESTE,99992.68109922895,74,,,,CITI,CITI,,,
2026-04-21T20:58:16.017Z,market,trade,TESTE,99991.66752446709,187,,,,CS,GOLDM,,,
2026-04-21T20:58:16.173Z,market,trade,TESTE,100002.51837598765,85,,,,GOLDM,ITAU,,,
2026-04-21T20:58:16.327Z,market,trade,TESTE,100000.25375385408,176,,,,UBS,BTG,,,
2026-04-21T20:58:16.484Z,market,trade,TESTE,100000.31979390202,125,,,,MS,JPM,,,
2026-04-21T20:58:16.640Z,market,flow_inversion,,,,,,,,,0,105,UBS
2026-04-21T20:58:16.640Z,market,trade,TESTE,99986.36196566472,105,,,,UBS,ITAU,,,
2026-04-21T20:58:16.796Z,market,trade,TESTE,99988.43082088887,113,,,,CITI,BTG,,,
2026-04-21T20:58:16.952Z,market,trade,TESTE,99991.67551215219,54,,,,CS,JPM,,,
2026-04-21T20:58:17.106Z,market,trade,TESTE,99989.49021332237,156,,,,BARCL,CS,,,
2026-04-21T20:58:17.264Z,market,trade,TESTE,99997.48989100456,169,,,,JPM,GOLDM,,,
2026-04-21T20:58:17.419Z,market,trade,TESTE,99983.78983083123,34,,,,UBS,BTG,,,
2026-04-21T20:58:17.575Z,market,trade,TESTE,99980.95933399384,35,,,,ITAU,CITI,,,
2026-04-21T20:58:17.732Z,market,trade,TESTE,99994.92136322551,126,,,,MS,BARCL,,,
2026-04-21T20:58:17.886Z,market,trade,TESTE,99992.26980819546,26,,,,GOLDM,CS,,,
2026-04-21T20:58:18.042Z,market,trade,TESTE,99997.06791535814,150,,,,GOLDM,CS,,,
2026-04-21T20:58:18.198Z,market,trade,TESTE,100000.29203889683,54,,,,GOLDM,CITI,,,
2026-04-21T20:58:18.359Z,market,trade,TESTE,99992.65716067271,158,,,,JPM,XP,,,
2026-04-21T20:58:18.515Z,market,trade,TESTE,99991.31364648823,73,,,,MS,UBS,,,
2026-04-21T20:58:18.672Z,market,trade,TESTE,100004.97056397947,157,,,,UBS,ITAU,,,
2026-04-21T20:58:18.828Z,market,trade,TESTE,99999.24161960141,99,,,,GOLDM,JPM,,,
2026-04-21T20:58:18.982Z,market,trade,TESTE,99997.96972982277,94,,,,BTG,ITAU,,,
2026-04-21T20:58:19.138Z,market,trade,TESTE,100005.678104588,16,,,,BARCL,MS,,,
2026-04-21T20:58:19.294Z,market,trade,TESTE,100006.31046801554,79,,,,BARCL,CITI,,,
2026-04-21T20:58:19.455Z,market,trade,TESTE,100007.05691732392,26,,,,CITI,MS,,,
2026-04-21T20:58:19.611Z,market,trade,TESTE,100011.19769301094,167,,,,XP,UBS,,,
2026-04-21T20:58:19.764Z,market,flow_inversion,,,,,,,,,-147,1,BTG
2026-04-21T20:58:19.764Z,market,trade,TESTE,100012.40437932288,148,,,,BTG,ITAU,,,
2026-04-21T20:58:19.920Z,market,trade,TESTE,100008.36335812949,112,,,,ITAU,CITI,,,
2026-04-21T20:58:20.076Z,market,trade,TESTE,100006.74094517155,154,,,,CS,JPM,,,
2026-04-21T20:58:20.233Z,market,flow_inversion,,,,,,,,,-152,28,GOLDM
2026-04-21T20:58:20.233Z,market,trade,TESTE,100006.98980884645,180,,,,GOLDM,BARCL,,,
2026-04-21T20:58:20.388Z,market,trade,TESTE,99998.5011495945,155,,,,XP,MS,,,
2026-04-21T20:58:20.543Z,market,trade,TESTE,100010.34064788569,124,,,,BARCL,CS,,,
2026-04-21T20:58:20.700Z,market,trade,TESTE,100000.99351397838,190,,,,XP,XP,,,
2026-04-21T20:58:20.856Z,market,trade,TESTE,99998.85815901855,84,,,,CITI,BTG,,,
2026-04-21T20:58:21.012Z,market,trade,TESTE,100002.07838837116,108,,,,BARCL,BTG,,,
2026-04-21T20:58:21.168Z,market,trade,TESTE,100012.94213612642,99,,,,BTG,JPM,,,
2026-04-21T20:58:21.324Z,market,trade,TESTE,100003.90540776185,147,,,,UBS,BTG,,,
2026-04-21T20:58:21.480Z,market,trade,TESTE,100008.12454291516,12,,,,CS,BARCL,,,
2026-04-21T20:58:21.634Z,market,trade,TESTE,100023.02225667058,134,,,,XP,CS,,,
2026-04-21T20:58:21.789Z,market,trade,TESTE,100023.17207737375,57,,,,GOLDM,ITAU,,,
2026-04-21T20:58:21.945Z,market,trade,TESTE,100010.77231076632,169,,,,UBS,CS,,,
2026-04-21T20:58:22.100Z,market,trade,TESTE,100020.65845173289,53,,,,CITI,MS,,,
2026-04-21T20:58:22.251Z,market,trade,TESTE,100018.76978378395,112,,,,CITI,CS,,,
2026-04-21T20:58:22.408Z,market,trade,TESTE,100010.97715946817,175,,,,BARCL,GOLDM,,,
2026-04-21T20:58:22.563Z,market,trade,TESTE,100008.96508715878,18,,,,UBS,GOLDM,,,
2026-04-21T20:58:22.719Z,market,trade,TESTE,100012.08047712306,35,,,,CS,ITAU,,,
2026-04-21T20:58:22.875Z,market,trade,TESTE,100015.37083847963,54,,,,ITAU,GOLDM,,,
2026-04-21T20:58:23.030Z,market,trade,TESTE,100026.58374574836,166,,,,CITI,CS,,,
2026-04-21T20:58:23.186Z,market,trade,TESTE,100019.00567171122,156,,,,CITI,JPM,,,
2026-04-21T20:58:23.342Z,market,trade,TESTE,100020.23909678613,157,,,,GOLDM,CS,,,
2026-04-21T20:58:23.500Z,market,trade,TESTE,100022.55797522678,174,,,,MS,CS,,,
2026-04-21T20:58:23.666Z,market,trade,TESTE,100018.19902921823,156,,,,ITAU,MS,,,
2026-04-21T20:58:23.820Z,market,trade,TESTE,100027.4785882818,106,,,,ITAU,MS,,,
2026-04-21T20:58:23.975Z,market,trade,TESTE,100029.5896127164,65,,,,JPM,GOLDM,,,
2026-04-21T20:58:24.132Z,market,trade,TESTE,100027.1830305824,155,,,,UBS,JPM,,,
2026-04-21T20:58:24.288Z,market,trade,TESTE,100022.8042201902,197,,,,ITAU,ITAU,,,
2026-04-21T20:58:24.453Z,market,trade,TESTE,100010.33615652216,168,,,,UBS,XP,,,
2026-04-21T20:58:24.609Z,market,trade,TESTE,100006.87411379615,137,,,,BARCL,GOLDM,,,
2026-04-21T20:58:24.766Z,market,trade,TESTE,100012.12699100148,18,,,,XP,CITI,,,
2026-04-21T20:58:24.922Z,market,trade,TESTE,100011.13220035784,96,,,,MS,BARCL,,,
2026-04-21T20:58:25.078Z,market,trade,TESTE,100007.13643578617,116,,,,UBS,BARCL,,,
2026-04-21T20:58:25.240Z,market,trade,TESTE,99994.94804690006,92,,,,CITI,MS,,,
2026-04-21T20:58:25.395Z,market,trade,TESTE,99997.53394211369,80,,,,CS,XP,,,
2026-04-21T20:58:25.552Z,market,trade,TESTE,100006.87272845082,20,,,,MS,BARCL,,,
2026-04-21T20:58:25.706Z,market,trade,TESTE,100004.85194731124,66,,,,CS,MS,,,
2026-04-21T20:58:25.860Z,market,trade,TESTE,100000.12454684735,103,,,,BTG,MS,,,
2026-04-21T20:58:26.015Z,market,trade,TESTE,99995.58827171473,117,,,,BARCL,XP,,,
2026-04-21T20:58:26.171Z,market,trade,TESTE,99993.07912078046,187,,,,BTG,BARCL,,,
2026-04-21T20:58:26.327Z,market,trade,TESTE,99996.85261198037,102,,,,JPM,BTG,,,
2026-04-21T20:58:26.482Z,market,trade,TESTE,99992.30132424335,36,,,,ITAU,CS,,,
2026-04-21T20:58:26.637Z,market,trade,TESTE,99991.39491101325,57,,,,CS,ITAU,,,
2026-04-21T20:58:26.792Z,market,trade,TESTE,99984.98352863929,52,,,,CITI,GOLDM,,,
2026-04-21T20:58:26.948Z,market,trade,TESTE,99984.74410029394,15,,,,GOLDM,ITAU,,,
2026-04-21T20:58:27.103Z,market,trade,TESTE,99988.2993570637,55,,,,UBS,UBS,,,
2026-04-21T20:58:27.258Z,market,trade,TESTE,100000.87887056851,5,,,,CS,UBS,,,
2026-04-21T20:58:27.413Z,market,trade,TESTE,99990.20636031206,157,,,,BTG,BTG,,,
2026-04-21T20:58:27.570Z,market,trade,TESTE,99989.67186289733,119,,,,MS,MS,,,
2026-04-21T20:58:27.726Z,market,trade,TESTE,99995.08327340514,15,,,,ITAU,CITI,,,
2026-04-21T20:58:27.882Z,market,trade,TESTE,99990.28061476166,54,,,,XP,CS,,,
2026-04-21T20:58:28.038Z,market,trade,TESTE,99978.70077468237,141,,,,JPM,JPM,,,
2026-04-21T20:58:28.189Z,market,trade,TESTE,99987.83059476617,195,,,,CITI,ITAU,,,
2026-04-21T20:58:28.346Z,market,trade,TESTE,99991.94128153886,147,,,,CS,XP,,,
2026-04-21T20:58:28.501Z,market,trade,TESTE,99989.13921440243,27,,,,JPM,BTG,,,
2026-04-21T20:58:28.656Z,market,trade,TESTE,99984.58207084784,88,,,,ITAU,CS,,,
2026-04-21T20:58:28.811Z,market,trade,TESTE,99984.88186009714,106,,,,XP,JPM,,,
2026-04-21T20:58:28.970Z,market,trade,TESTE,99971.79915909443,171,,,,GOLDM,CS,,,
2026-04-21T20:58:29.126Z,market,trade,TESTE,99976.93804109427,10,,,,UBS,MS,,,
2026-04-21T20:58:29.281Z,market,trade,TESTE,99962.56979777465,195,,,,UBS,JPM,,,
2026-04-21T20:58:29.437Z,market,trade,TESTE,99959.61095280388,103,,,,CITI,BARCL,,,
2026-04-21T20:58:29.602Z,market,trade,TESTE,99970.83299546335,101,,,,MS,BTG,,,
2026-04-21T20:58:29.756Z,market,trade,TESTE,99961.86955058556,97,,,,JPM,GOLDM,,,
2026-04-21T20:58:29.921Z,market,trade,TESTE,99966.64204263531,134,,,,BARCL,BARCL,,,
2026-04-21T20:58:30.077Z,market,trade,TESTE,99965.87928006385,176,,,,XP,CITI,,,
2026-04-21T20:58:30.233Z,market,trade,TESTE,99962.5806968255,95,,,,BTG,BTG,,,
2026-04-21T20:58:30.391Z,market,trade,TESTE,99960.78383886414,137,,,,MS,CITI,,,
2026-04-21T20:58:30.547Z,market,trade,TESTE,99964.6176249631,16,,,,MS,BTG,,,
2026-04-21T20:58:30.704Z,market,trade,TESTE,99965.9085191476,189,,,,MS,ITAU,,,
2026-04-21T20:58:30.861Z,market,trade,TESTE,99961.13417952441,56,,,,XP,UBS,,,
2026-04-21T20:58:31.017Z,market,trade,TESTE,99958.47567458611,179,,,,ITAU,XP,,,
2026-04-21T20:58:31.172Z,market,trade,TESTE,99963.51713658423,173,,,,CS,GOLDM,,,
2026-04-21T20:58:31.326Z,market,trade,TESTE,99966.04615660041,64,,,,BARCL,CITI,,,
2026-04-21T20:58:31.481Z,market,trade,TESTE,99969.25491394773,120,,,,MS,ITAU,,,
2026-04-21T20:58:31.636Z,market,trade,TESTE,99963.82408089591,21,,,,CITI,CITI,,,
2026-04-21T20:58:31.792Z,market,trade,TESTE,99973.76927385923,172,,,,CITI,ITAU,,,
2026-04-21T20:58:31.949Z,market,trade,TESTE,99975.46022346751,49,,,,BARCL,XP,,,
2026-04-21T20:58:32.104Z,market,trade,TESTE,99972.21714347482,192,,,,CITI,XP,,,
2026-04-21T20:58:32.260Z,market,trade,TESTE,99963.56031941899,50,,,,ITAU,BARCL,,,
2026-04-21T20:58:32.417Z,market,trade,TESTE,99968.73170051227,46,,,,JPM,XP,,,
2026-04-21T20:58:32.574Z,market,trade,TESTE,99968.66622752874,6,,,,ITAU,BTG,,,
2026-04-21T20:58:32.740Z,market,trade,TESTE,99965.5812039924,11,,,,UBS,BTG,,,
2026-04-21T20:58:32.905Z,market,trade,TESTE,99956.72548749171,83,,,,BARCL,XP,,,
2026-04-21T20:58:33.060Z,market,trade,TESTE,99956.60428509499,60,,,,MS,MS,,,
2026-04-21T20:58:33.217Z,market,trade,TESTE,99966.60632165892,126,,,,ITAU,MS,,,
2026-04-21T20:58:33.374Z,market,trade,TESTE,99955.82831466798,64,,,,ITAU,MS,,,
2026-04-21T20:58:33.528Z,market,trade,TESTE,99955.2968802819,69,,,,BTG,BARCL,,,
2026-04-21T20:58:33.685Z,market,trade,TESTE,99962.26852307325,74,,,,MS,GOLDM,,,
2026-04-21T20:58:33.841Z,market,trade,TESTE,99950.38247978043,22,,,,BARCL,XP,,,
2026-04-21T20:58:33.998Z,market,flow_inversion,,,,,,,,,53,-98,GOLDM
2026-04-21T20:58:33.998Z,market,trade,TESTE,99953.11642327128,151,,,,GOLDM,GOLDM,,,
2026-04-21T20:58:34.151Z,market,trade,TESTE,99951.00545872134,112,,,,ITAU,CS,,,
2026-04-21T20:58:34.310Z,market,trade,TESTE,99953.03038741968,48,,,,MS,XP,,,
2026-04-21T20:58:34.466Z,market,trade,TESTE,99959.64495630242,165,,,,GOLDM,XP,,,
2026-04-21T20:58:34.623Z,market,trade,TESTE,99945.84169074635,190,,,,UBS,MS,,,
2026-04-21T20:58:34.782Z,market,trade,TESTE,99953.75311689093,142,,,,XP,CITI,,,
2026-04-21T20:58:34.938Z,market,trade,TESTE,99938.99603064706,170,,,,UBS,CS,,,
2026-04-21T20:58:35.093Z,market,trade,TESTE,99937.25465401179,11,,,,ITAU,ITAU,,,
2026-04-21T20:58:35.250Z,market,trade,TESTE,99942.46161794335,87,,,,XP,BTG,,,
2026-04-21T20:58:35.407Z,market,trade,TESTE,99945.69503836131,127,,,,CITI,JPM,,,
2026-04-21T20:58:35.562Z,market,trade,TESTE,99943.35406163691,84,,,,BARCL,ITAU,,,
2026-04-21T20:58:35.717Z,market,trade,TESTE,99938.29652271922,22,,,,MS,UBS,,,
2026-04-21T20:58:35.882Z,market,trade,TESTE,99933.48489097564,145,,,,BARCL,CITI,,,
2026-04-21T20:58:36.038Z,market,trade,TESTE,99946.80642259176,77,,,,CITI,XP,,,
2026-04-21T20:58:36.189Z,market,trade,TESTE,99936.43461474072,169,,,,CS,JPM,,,
2026-04-21T20:58:36.345Z,market,trade,TESTE,99942.16679515649,10,,,,ITAU,BARCL,,,
2026-04-21T20:58:36.501Z,market,trade,TESTE,99936.33382106863,175,,,,MS,BTG,,,
2026-04-21T20:58:36.657Z,market,trade,TESTE,99946.20248992824,130,,,,BARCL,GOLDM,,,
2026-04-21T20:58:36.812Z,market,trade,TESTE,99942.58728203822,159,,,,BTG,MS,,,
2026-04-21T20:58:36.967Z,market,trade,TESTE,99931.04851150325,118,,,,CITI,JPM,,,
2026-04-21T20:58:37.125Z,market,trade,TESTE,99931.95687492203,167,,,,ITAU,MS,,,
2026-04-21T20:58:37.285Z,market,trade,TESTE,99943.18516639866,53,,,,ITAU,XP,,,
2026-04-21T20:58:37.439Z,market,trade,TESTE,99932.04668981102,44,,,,CITI,MS,,,
2026-04-21T20:58:37.594Z,market,trade,TESTE,99945.18379930897,141,,,,GOLDM,UBS,,,
2026-04-21T20:58:37.749Z,market,trade,TESTE,99934.83637486369,96,,,,CS,CS,,,
2026-04-21T20:58:37.905Z,market,trade,TESTE,99949.33965158579,149,,,,JPM,ITAU,,,
2026-04-21T20:58:38.061Z,market,flow_inversion,,,,,,,,,174,-24,BTG
2026-04-21T20:58:38.061Z,market,trade,TESTE,99936.03820562233,198,,,,ITAU,BTG,,,
2026-04-21T20:58:38.215Z,market,trade,TESTE,99944.32911081547,48,,,,ITAU,MS,,,
2026-04-21T20:58:38.371Z,market,trade,TESTE,99931.95783201866,132,,,,JPM,XP,,,
2026-04-21T20:58:38.526Z,market,trade,TESTE,99936.50037705245,65,,,,MS,BTG,,,
2026-04-21T20:58:38.683Z,market,trade,TESTE,99948.83136576845,52,,,,GOLDM,UBS,,,
2026-04-21T20:58:38.838Z,market,trade,TESTE,99950.43206907806,12,,,,GOLDM,XP,,,
2026-04-21T20:58:38.989Z,market,trade,TESTE,99942.32407811786,66,,,,MS,GOLDM,,,
2026-04-21T20:58:39.150Z,market,trade,TESTE,99948.37073527157,90,,,,XP,CITI,,,
2026-04-21T20:58:39.304Z,market,trade,TESTE,99942.41332103506,150,,,,GOLDM,MS,,,
2026-04-21T20:58:39.458Z,market,trade,TESTE,99949.98242576307,171,,,,GOLDM,CS,,,
2026-04-21T20:58:39.616Z,market,trade,TESTE,99939.76238638727,124,,,,MS,XP,,,
2026-04-21T20:58:39.770Z,market,trade,TESTE,99949.14881452035,120,,,,XP,JPM,,,
2026-04-21T20:58:39.927Z,market,trade,TESTE,99935.99654712145,113,,,,BTG,ITAU,,,
2026-04-21T20:58:40.082Z,market,trade,TESTE,99939.27544909799,45,,,,CITI,CITI,,,
2026-04-21T20:58:40.238Z,market,trade,TESTE,99938.07017655937,98,,,,MS,GOLDM,,,
2026-04-21T20:58:40.392Z,market,trade,TESTE,99946.90129600448,132,,,,BARCL,UBS,,,
2026-04-21T20:58:40.550Z,market,trade,TESTE,99941.05127987705,47,,,,GOLDM,GOLDM,,,
2026-04-21T20:58:40.708Z,market,trade,TESTE,99938.16504133027,163,,,,BTG,CS,,,
2026-04-21T20:58:40.863Z,market,trade,TESTE,99934.67901321096,167,,,,CITI,BARCL,,,
2026-04-21T20:58:41.020Z,market,trade,TESTE,99934.37915282673,31,,,,CS,CS,,,
2026-04-21T20:58:41.175Z,market,trade,TESTE,99946.67553698077,130,,,,BARCL,BARCL,,,
2026-04-21T20:58:41.337Z,market,trade,TESTE,99946.73498308391,10,,,,JPM,CS,,,
2026-04-21T20:58:41.493Z,market,trade,TESTE,99939.17361837372,189,,,,CS,GOLDM,,,
2026-04-21T20:58:41.648Z,market,trade,TESTE,99948.5172499048,138,,,,JPM,BTG,,,
2026-04-21T20:58:41.803Z,market,trade,TESTE,99949.50854645495,145,,,,BARCL,CS,,,
2026-04-21T20:58:41.960Z,market,trade,TESTE,99941.7577321702,135,,,,ITAU,CITI,,,
2026-04-21T20:58:42.117Z,market,trade,TESTE,99944.87658854623,125,,,,MS,CS,,,
2026-04-21T20:58:42.272Z,market,trade,TESTE,99954.80656100487,192,,,,UBS,ITAU,,,
2026-04-21T20:58:42.429Z,market,trade,TESTE,99947.23204665339,82,,,,BARCL,GOLDM,,,
2026-04-21T20:58:42.585Z,market,trade,TESTE,99959.45305317496,173,,,,BARCL,JPM,,,
2026-04-21T20:58:42.739Z,market,trade,TESTE,99951.04361146635,100,,,,GOLDM,ITAU,,,
2026-04-21T20:58:42.894Z,market,trade,TESTE,99950.95901467405,82,,,,JPM,GOLDM,,,
2026-04-21T20:58:43.052Z,market,trade,TESTE,99961.58009054085,19,,,,GOLDM,JPM,,,
2026-04-21T20:58:43.210Z,market,trade,TESTE,99962.45908426003,84,,,,CITI,MS,,,
2026-04-21T20:58:43.365Z,market,trade,TESTE,99962.83681423562,53,,,,UBS,BARCL,,,
2026-04-21T20:58:43.519Z,market,trade,TESTE,99952.61957149903,90,,,,BTG,XP,,,
2026-04-21T20:58:43.673Z,market,trade,TESTE,99959.71714345066,168,,,,BARCL,CS,,,
2026-04-21T20:58:43.828Z,market,trade,TESTE,99949.32754965444,15,,,,UBS,XP,,,
2026-04-21T20:58:43.984Z,market,trade,TESTE,99949.38769281829,46,,,,CS,JPM,,,
2026-04-21T20:58:44.140Z,market,trade,TESTE,99957.41006449827,31,,,,BTG,MS,,,
2026-04-21T20:58:44.292Z,market,trade,TESTE,99952.54050414373,128,,,,CS,ITAU,,,
2026-04-21T20:58:44.449Z,market,trade,TESTE,99950.6721240243,46,,,,BTG,MS,,,
2026-04-21T20:58:44.601Z,market,trade,TESTE,99944.49425975975,194,,,,JPM,BTG,,,
2026-04-21T20:58:44.756Z,market,trade,TESTE,99940.47590310108,114,,,,JPM,BTG,,,
2026-04-21T20:58:44.910Z,market,trade,TESTE,99944.0806416663,155,,,,BARCL,UBS,,,
2026-04-21T20:58:45.066Z,market,trade,TESTE,99950.14594458728,123,,,,CITI,BARCL,,,
2026-04-21T20:58:45.231Z,market,trade,TESTE,99946.38731726028,178,,,,XP,CITI,,,
2026-04-21T20:58:45.388Z,market,trade,TESTE,99941.47281481852,173,,,,XP,BTG,,,
2026-04-21T20:58:45.543Z,market,trade,TESTE,99946.08344690604,147,,,,BARCL,MS,,,
2026-04-21T20:58:45.698Z,market,trade,TESTE,99946.25223329883,162,,,,JPM,MS,,,
2026-04-21T20:58:45.855Z,market,trade,TESTE,99944.98398019119,134,,,,ITAU,UBS,,,
2026-04-21T20:58:46.010Z,market,trade,TESTE,99949.73326700972,10,,,,CS,BTG,,,
2026-04-21T20:58:46.167Z,market,trade,TESTE,99953.8640336375,24,,,,XP,GOLDM,,,
2026-04-21T20:58:46.320Z,market,trade,TESTE,99957.08980296597,78,,,,CITI,BTG,,,
2026-04-21T20:58:46.476Z,market,trade,TESTE,99960.43731349004,84,,,,JPM,CS,,,
2026-04-21T20:58:46.630Z,market,trade,TESTE,99958.86227978388,89,,,,JPM,ITAU,,,
2026-04-21T20:58:46.794Z,market,trade,TESTE,99961.96790690965,175,,,,CS,CS,,,
2026-04-21T20:58:46.949Z,market,trade,TESTE,99960.714949851,70,,,,BTG,CITI,,,
2026-04-21T20:58:47.104Z,market,trade,TESTE,99964.34765595656,128,,,,BARCL,BARCL,,,
2026-04-21T20:58:47.261Z,market,trade,TESTE,99951.71943553044,169,,,,BARCL,GOLDM,,,
2026-04-21T20:58:47.423Z,market,trade,TESTE,99964.89829599808,174,,,,UBS,BARCL,,,
2026-04-21T20:58:47.578Z,market,trade,TESTE,99965.95803830377,89,,,,BTG,CS,,,
2026-04-21T20:58:47.738Z,market,trade,TESTE,99964.39998931486,28,,,,UBS,CITI,,,
2026-04-21T20:58:47.894Z,market,trade,TESTE,99958.23974285039,148,,,,JPM,MS,,,
2026-04-21T20:58:48.048Z,market,trade,TESTE,99968.4301299192,70,,,,XP,CS,,,
2026-04-21T20:58:48.200Z,market,trade,TESTE,99957.40992052843,83,,,,CS,MS,,,
2026-04-21T20:58:48.356Z,market,trade,TESTE,99960.4371205865,101,,,,UBS,JPM,,,
2026-04-21T20:58:48.511Z,market,trade,TESTE,99964.01003605897,142,,,,BARCL,MS,,,
2026-04-21T20:58:48.668Z,market,trade,TESTE,99959.27759906472,111,,,,XP,CS,,,
2026-04-21T20:58:48.823Z,market,trade,TESTE,99973.7753506066,117,,,,MS,CITI,,,
2026-04-21T20:58:48.980Z,market,trade,TESTE,99968.22358070756,178,,,,CITI,MS,,,
2026-04-21T20:58:49.136Z,market,trade,TESTE,99963.44953165793,147,,,,UBS,MS,,,
2026-04-21T20:58:49.292Z,market,trade,TESTE,99976.35781503645,78,,,,CITI,GOLDM,,,
2026-04-21T20:58:49.448Z,market,trade,TESTE,99981.32658929015,81,,,,BTG,XP,,,
2026-04-21T20:58:49.605Z,market,trade,TESTE,99985.96125300396,124,,,,XP,UBS,,,
2026-04-21T20:58:49.760Z,market,trade,TESTE,99978.2716560567,178,,,,BARCL,BARCL,,,
2026-04-21T20:58:49.916Z,market,trade,TESTE,99976.98012896889,89,,,,GOLDM,XP,,,
2026-04-21T20:58:50.070Z,market,trade,TESTE,99983.85772988207,29,,,,CITI,CITI,,,
2026-04-21T20:58:50.225Z,market,trade,TESTE,99976.5855628687,37,,,,BTG,CS,,,
2026-04-21T20:58:50.380Z,market,trade,TESTE,99981.85903001217,39,,,,CS,CS,,,
2026-04-21T20:58:50.535Z,market,trade,TESTE,99982.16553837534,136,,,,UBS,ITAU,,,
2026-04-21T20:58:50.700Z,market,trade,TESTE,99983.79884106043,69,,,,UBS,MS,,,
2026-04-21T20:58:50.855Z,market,trade,TESTE,99973.17955773973,23,,,,JPM,UBS,,,
2026-04-21T20:58:51.015Z,market,trade,TESTE,99979.12375096843,144,,,,JPM,JPM,,,
2026-04-21T20:58:51.172Z,market,trade,TESTE,99971.82511337909,34,,,,GOLDM,CS,,,
2026-04-21T20:58:51.326Z,market,trade,TESTE,99984.78929496172,123,,,,MS,XP,,,
2026-04-21T20:58:51.485Z,market,trade,TESTE,99973.86212748925,60,,,,UBS,ITAU,,,
2026-04-21T20:58:51.638Z,market,trade,TESTE,99970.56091484454,85,,,,CS,ITAU,,,
2026-04-21T20:58:51.793Z,market,trade,TESTE,99981.96537683511,47,,,,JPM,JPM,,,
2026-04-21T20:58:51.951Z,market,trade,TESTE,99975.10205826943,132,,,,GOLDM,JPM,,,
2026-04-21T20:58:52.107Z,market,trade,TESTE,99972.52856539318,9,,,,JPM,BARCL,,,
2026-04-21T20:58:52.264Z,market,trade,TESTE,99986.61694137972,26,,,,CITI,CS,,,
2026-04-21T20:58:52.420Z,market,trade,TESTE,99974.31612845449,189,,,,GOLDM,CS,,,
2026-04-21T20:58:52.574Z,market,trade,TESTE,99969.90871847974,100,,,,ITAU,XP,,,
2026-04-21T20:58:52.729Z,market,trade,TESTE,99978.43149303159,72,,,,JPM,JPM,,,
2026-04-21T20:58:52.885Z,market,trade,TESTE,99983.21127457332,62,,,,JPM,MS,,,
2026-04-21T20:58:53.041Z,market,trade,TESTE,99981.41337819316,198,,,,JPM,ITAU,,,
2026-04-21T20:58:53.197Z,market,trade,TESTE,99977.02803933581,183,,,,XP,ITAU,,,
2026-04-21T20:58:53.350Z,market,trade,TESTE,99963.96439262641,7,,,,BARCL,JPM,,,
2026-04-21T20:58:53.501Z,market,trade,TESTE,99974.26940129363,79,,,,UBS,ITAU,,,
2026-04-21T20:58:53.656Z,market,trade,TESTE,99969.68143821502,60,,,,CITI,XP,,,
2026-04-21T20:58:53.810Z,market,trade,TESTE,99971.76189942959,81,,,,UBS,BARCL,,,
2026-04-21T20:58:53.970Z,market,trade,TESTE,99957.91135890687,64,,,,MS,JPM,,,
2026-04-21T20:58:54.123Z,market,trade,TESTE,99954.9288153252,102,,,,UBS,BTG,,,
2026-04-21T20:58:54.279Z,market,trade,TESTE,99950.3354605899,24,,,,JPM,GOLDM,,,
2026-04-21T20:58:54.435Z,market,trade,TESTE,99948.59462147178,169,,,,BTG,XP,,,
2026-04-21T20:58:54.593Z,market,trade,TESTE,99959.79227627751,176,,,,UBS,CITI,,,
2026-04-21T20:58:54.750Z,market,trade,TESTE,99955.18788208412,33,,,,CS,BTG,,,
2026-04-21T20:58:54.907Z,market,trade,TESTE,99951.96318382103,30,,,,CITI,XP,,,
2026-04-21T20:58:55.062Z,market,trade,TESTE,99947.11392855742,115,,,,XP,ITAU,,,
2026-04-21T20:58:55.217Z,market,trade,TESTE,99947.06074713237,159,,,,JPM,BARCL,,,
2026-04-21T20:58:55.372Z,market,trade,TESTE,99941.45762322376,183,,,,BTG,UBS,,,
2026-04-21T20:58:55.530Z,market,trade,TESTE,99947.94311286754,50,,,,JPM,GOLDM,,,
2026-04-21T20:58:55.685Z,market,trade,TESTE,99939.58011676493,74,,,,CITI,BARCL,,,
2026-04-21T20:58:55.841Z,market,trade,TESTE,99940.165176684,46,,,,GOLDM,XP,,,
2026-04-21T20:58:55.998Z,market,trade,TESTE,99947.83414056517,29,,,,MS,XP,,,
2026-04-21T20:58:56.152Z,market,trade,TESTE,99938.84302978613,96,,,,ITAU,CITI,,,
2026-04-21T20:58:56.311Z,market,trade,TESTE,99946.24279063464,108,,,,GOLDM,BARCL,,,
2026-04-21T20:58:56.467Z,market,trade,TESTE,99945.65519720688,93,,,,JPM,XP,,,
2026-04-21T20:58:56.624Z,market,trade,TESTE,99941.26324780159,91,,,,CITI,CITI,,,
2026-04-21T20:58:56.781Z,market,trade,TESTE,99932.65364473728,123,,,,CS,JPM,,,
2026-04-21T20:58:56.935Z,market,trade,TESTE,99942.56292373616,88,,,,CS,CS,,,
2026-04-21T20:58:57.091Z,market,trade,TESTE,99929.48209107465,96,,,,BARCL,UBS,,,
2026-04-21T20:58:57.248Z,market,trade,TESTE,99933.76852667904,131,,,,MS,CITI,,,
2026-04-21T20:58:57.406Z,market,trade,TESTE,99933.20417833066,102,,,,CS,XP,,,
2026-04-21T20:58:57.569Z,market,trade,TESTE,99944.35829214462,193,,,,GOLDM,BTG,,,
2026-04-21T20:58:57.725Z,market,trade,TESTE,99948.97544001663,125,,,,GOLDM,JPM,,,
2026-04-21T20:58:57.883Z,market,trade,TESTE,99947.27134555062,188,,,,CITI,JPM,,,
2026-04-21T20:58:58.040Z,market,trade,TESTE,99946.87849071408,170,,,,CS,XP,,,
2026-04-21T20:58:58.197Z,market,trade,TESTE,99934.47294970117,195,,,,ITAU,MS,,,
2026-04-21T20:58:58.353Z,market,trade,TESTE,99944.95370338604,61,,,,BTG,BARCL,,,
2026-04-21T20:58:58.510Z,market,trade,TESTE,99940.23623882486,35,,,,UBS,XP,,,
2026-04-21T20:58:58.667Z,market,trade,TESTE,99931.11047329377,22,,,,BARCL,UBS,,,
2026-04-21T20:58:58.822Z,market,trade,TESTE,99931.71972124682,100,,,,XP,CITI,,,
2026-04-21T20:58:58.980Z,market,trade,TESTE,99944.10272365106,164,,,,JPM,UBS,,,
2026-04-21T20:58:59.135Z,market,trade,TESTE,99939.13726498162,181,,,,UBS,XP,,,
2026-04-21T20:58:59.291Z,market,trade,TESTE,99925.11611165783,148,,,,UBS,XP,,,
2026-04-21T20:58:59.452Z,market,trade,TESTE,99928.01645234332,16,,,,BARCL,BARCL,,,
2026-04-21T20:58:59.608Z,market,trade,TESTE,99930.86277215873,139,,,,XP,BTG,,,
2026-04-21T20:58:59.763Z,market,trade,TESTE,99933.54655493297,168,,,,ITAU,XP,,,
2026-04-21T20:58:59.920Z,market,trade,TESTE,99934.14318693243,13,,,,BARCL,GOLDM,,,
2026-04-21T20:59:00.074Z,market,trade,TESTE,99947.30139744502,169,,,,MS,BTG,,,
2026-04-21T20:59:00.228Z,market,trade,TESTE,99942.03081546546,79,,,,XP,UBS,,,
2026-04-21T20:59:00.383Z,market,trade,TESTE,99942.47225837194,179,,,,JPM,GOLDM,,,
2026-04-21T20:59:00.539Z,market,trade,TESTE,99947.33272686737,112,,,,JPM,BTG,,,
2026-04-21T20:59:00.695Z,market,trade,TESTE,99955.8623819569,112,,,,GOLDM,BTG,,,
2026-04-21T20:59:00.852Z,market,trade,TESTE,99954.05416872901,121,,,,BTG,ITAU,,,
2026-04-21T20:59:01.007Z,market,trade,TESTE,99956.88318451929,24,,,,UBS,MS,,,
2026-04-21T20:59:01.162Z,market,trade,TESTE,99946.54008850586,58,,,,CITI,XP,,,
2026-04-21T20:59:01.317Z,market,trade,TESTE,99959.82970165783,156,,,,CITI,UBS,,,
2026-04-21T20:59:01.473Z,market,trade,TESTE,99963.61844729271,166,,,,ITAU,CS,,,
2026-04-21T20:59:01.628Z,market,trade,TESTE,99967.97468095104,158,,,,XP,BARCL,,,
2026-04-21T20:59:01.783Z,market,trade,TESTE,99955.38010523366,115,,,,JPM,BARCL,,,
2026-04-21T20:59:01.939Z,market,trade,TESTE,99963.22985025457,19,,,,UBS,BTG,,,
2026-04-21T20:59:02.093Z,market,trade,TESTE,99965.16027626808,36,,,,XP,GOLDM,,,
2026-04-21T20:59:02.249Z,market,trade,TESTE,99965.61264347823,97,,,,UBS,CITI,,,
2026-04-21T20:59:02.405Z,market,trade,TESTE,99953.02331283505,8,,,,BARCL,ITAU,,,
2026-04-21T20:59:02.561Z,market,trade,TESTE,99965.37420576294,122,,,,MS,ITAU,,,
2026-04-21T20:59:02.717Z,market,trade,TESTE,99968.96111654118,9,,,,BTG,ITAU,,,
2026-04-21T20:59:02.870Z,market,trade,TESTE,99965.67444664992,56,,,,CITI,CS,,,
2026-04-21T20:59:03.028Z,market,trade,TESTE,99966.12860844033,52,,,,XP,ITAU,,,
2026-04-21T20:59:03.184Z,market,trade,TESTE,99957.72039195542,15,,,,BARCL,CITI,,,
2026-04-21T20:59:03.341Z,market,trade,TESTE,99965.98584674567,185,,,,ITAU,CITI,,,
2026-04-21T20:59:03.497Z,market,trade,TESTE,99962.37049666952,40,,,,MS,MS,,,
2026-04-21T20:59:03.652Z,market,trade,TESTE,99953.96179821061,13,,,,BARCL,CS,,,
2026-04-21T20:59:03.805Z,market,flow_inversion,,,,,,,,,-13,170,BTG
2026-04-21T20:59:03.805Z,market,trade,TESTE,99952.79783184608,183,,,,BTG,JPM,,,
2026-04-21T20:59:03.961Z,market,trade,TESTE,99953.07315410444,7,,,,CITI,BTG,,,
2026-04-21T20:59:04.117Z,market,trade,TESTE,99966.56003564857,190,,,,CITI,CITI,,,
2026-04-21T20:59:04.275Z,market,trade,TESTE,99952.23609661458,108,,,,XP,UBS,,,
2026-04-21T20:59:04.436Z,market,trade,TESTE,99955.41425270026,191,,,,UBS,BARCL,,,
2026-04-21T20:59:04.591Z,market,trade,TESTE,99955.78494722828,21,,,,CITI,BARCL,,,
2026-04-21T20:59:04.753Z,market,trade,TESTE,99960.184110362,85,,,,BARCL,UBS,,,
2026-04-21T20:59:04.908Z,market,trade,TESTE,99972.05857301154,162,,,,MS,UBS,,,
2026-04-21T20:59:05.063Z,market,trade,TESTE,99959.50846661447,63,,,,GOLDM,CS,,,
2026-04-21T20:59:05.218Z,market,trade,TESTE,99964.10581588023,101,,,,CS,BTG,,,
2026-04-21T20:59:05.375Z,market,trade,TESTE,99973.54826507276,147,,,,CITI,ITAU,,,
2026-04-21T20:59:05.532Z,market,trade,TESTE,99977.49954381453,168,,,,BARCL,XP,,,
2026-04-21T20:59:05.688Z,market,trade,TESTE,99967.40091680044,58,,,,JPM,BTG,,,
2026-04-21T20:59:05.849Z,market,trade,TESTE,99980.99833551797,108,,,,BARCL,GOLDM,,,
2026-04-21T20:59:06.006Z,market,trade,TESTE,99973.23645462152,112,,,,CITI,ITAU,,,
2026-04-21T20:59:06.164Z,market,trade,TESTE,99976.50546529582,74,,,,MS,MS,,,
2026-04-21T20:59:06.320Z,market,trade,TESTE,99972.8324623615,152,,,,UBS,BARCL,,,
2026-04-21T20:59:06.476Z,market,flow_inversion,,,,,,,,,-81,95,GOLDM
2026-04-21T20:59:06.476Z,market,trade,TESTE,99982.31385870223,176,,,,GOLDM,MS,,,
2026-04-21T20:59:06.632Z,market,trade,TESTE,99975.58091167035,129,,,,GOLDM,UBS,,,
2026-04-21T20:59:06.789Z,market,trade,TESTE,99982.50451742687,137,,,,XP,GOLDM,,,
2026-04-21T20:59:06.944Z,market,trade,TESTE,99970.54163348695,154,,,,GOLDM,BARCL,,,
2026-04-21T20:59:07.103Z,market,trade,TESTE,99973.89619728751,44,,,,CS,XP,,,
2026-04-21T20:59:07.259Z,market,trade,TESTE,99973.92156420182,162,,,,BTG,ITAU,,,
2026-04-21T20:59:07.415Z,market,trade,TESTE,99985.18967432821,66,,,,MS,BTG,,,
2026-04-21T20:59:07.572Z,market,trade,TESTE,99978.72253084915,91,,,,CITI,BARCL,,,
2026-04-21T20:59:07.728Z,market,trade,TESTE,99983.93005211472,19,,,,MS,BTG,,,
2026-04-21T20:59:07.885Z,market,trade,TESTE,99969.10985540389,146,,,,JPM,BTG,,,
2026-04-21T20:59:08.041Z,market,trade,TESTE,99966.44132455859,71,,,,UBS,JPM,,,
2026-04-21T20:59:08.197Z,market,trade,TESTE,99974.16572047494,55,,,,UBS,ITAU,,,
2026-04-21T20:59:08.353Z,market,trade,TESTE,99972.52765798007,13,,,,XP,MS,,,
2026-04-21T20:59:08.508Z,market,trade,TESTE,99960.37345163715,17,,,,BARCL,JPM,,,
2026-04-21T20:59:08.665Z,market,trade,TESTE,99963.82380777973,128,,,,ITAU,BTG,,,
2026-04-21T20:59:08.820Z,market,trade,TESTE,99977.8015642736,134,,,,BARCL,BTG,,,
2026-04-21T20:59:08.978Z,market,trade,TESTE,99966.98278228818,34,,,,ITAU,JPM,,,
2026-04-21T20:59:09.133Z,market,trade,TESTE,99968.66982110376,192,,,,XP,CITI,,,
2026-04-21T20:59:09.294Z,market,trade,TESTE,99971.12348311259,163,,,,BTG,UBS,,,
2026-04-21T20:59:09.448Z,market,trade,TESTE,99982.683204084,117,,,,GOLDM,MS,,,
