ts,topic,type,ticker,price,qty,agent,rule,label,buy_agent,sell_agent,previous_delta,current_delta,agent_name
2026-03-21T11:41:18.186Z,market,trade,TESTE,99996.08670340866,67,,,,BTG,BTG,,,
2026-03-21T11:41:18.346Z,market,trade,TESTE,99998.2213888115,58,,,,MS,XP,,,
2026-03-21T11:41:18.528Z,market,trade,WINFUT,180250.0,29,,,,XP Investimentos CCTVM S/A,J. P. MORGAN CCVM S.A.,,,
2026-03-21T13:00:48.647Z,market,trade,TESTE,100008.6390851874,71,,,,MS,CS,,,
2026-03-21T13:00:48.805Z,market,trade,TESTE,100010.72639518532,51,,,,JPM,JPM,,,
2026-03-21T13:00:48.957Z,market,trade,TESTE,100001.7954658668,122,,,,BTG,XP,,,
2026-03-21T13:00:49.122Z,market,trade,TESTE,100006.41581090045,196,,,,ITAU,MS,,,
2026-03-21T13:00:49.293Z,market,trade,TESTE,100016.78522958209,176,,,,CS,GOLDM,,,
2026-03-21T13:00:49.453Z,market,trade,TESTE,100005.84222749733,163,,,,MS,BARCL,,,
2026-03-21T13:00:49.610Z,market,trade,TESTE,100009.7108739557,163,,,,JPM,JPM,,,
2026-03-21T13:00:49.772Z,market,trade,TESTE,100013.78801044555,37,,,,UBS,CITI,,,
2026-03-21T13:00:49.933Z,market,trade,TESTE,100012.99490293863,144,,,,CS,XP,,,
2026-03-21T13:00:50.087Z,market,trade,TESTE,100021.67419447623,94,,,,MS,BTG,,,
2026-03-21T13:00:50.249Z,market,trade,TESTE,100015.72115497141,24,,,,BARCL,UBS,,,
2026-03-21T13:00:50.413Z,market,trade,TESTE,100015.48679599867,43,,,,CITI,ITAU,,,
2026-03-21T13:00:50.578Z,market,trade,TESTE,100015.82958297129,74,,,,BTG,CS,,,
2026-03-21T13:00:50.734Z,market,trade,TESTE,100012.92857201233,31,,,,UBS,CS,,,
2026-03-21T13:00:50.885Z,market,trade,TESTE,100022.34333935853,184,,,,XP,BTG,,,
2026-03-21T13:00:51.046Z,market,trade,TESTE,100016.38238467736,136,,,,MS,BTG,,,
2026-03-21T13:00:51.203Z,market,trade,TESTE,100014.75858381196,115,,,,XP,XP,,,
2026-03-21T13:00:51.362Z,market,trade,TESTE,100021.70595974084,39,,,,UBS,BARCL,,,
2026-03-21T13:00:51.520Z,market,trade,TESTE,100021.44739583814,55,,,,BARCL,CITI,,,
2026-03-21T13:00:51.676Z,market,trade,TESTE,100018.87344324807,173,,,,ITAU,BARCL,,,
2026-03-21T13:00:51.836Z,market,trade,TESTE,100016.2698598527,157,,,,BTG,ITAU,,,
2026-03-21T13:00:52.001Z,market,trade,TESTE,100001.62737157471,124,,,,UBS,ITAU,,,
2026-03-21T13:00:52.159Z,market,trade,TESTE,100005.31474089365,130,,,,BTG,XP,,,
2026-03-21T13:00:52.159Z,alert,,TESTE,100005.31474089365,,,3,Acúmulo Institucional Abaixo da VWAP,,,,,
2026-03-21T13:00:52.311Z,market,trade,TESTE,100002.03315110583,142,,,,BARCL,ITAU,,,
2026-03-21T13:00:52.469Z,market,trade,TESTE,100003.83647468283,152,,,,MS,CITI,,,
2026-03-21T13:00:52.640Z,market,trade,TESTE,100014.26038375124,195,,,,GOLDM,CS,,,
2026-03-21T13:00:52.806Z,market,trade,TESTE,100005.10951472913,82,,,,ITAU,JPM,,,
2026-03-21T13:00:52.969Z,market,trade,TESTE,100009.79918279842,191,,,,BTG,CITI,,,
2026-03-21T13:00:53.119Z,market,trade,TESTE,100021.36572532538,118,,,,CS,CS,,,
2026-03-21T13:00:53.273Z,market,trade,TESTE,100009.0988478554,134,,,,ITAU,GOLDM,,,
2026-03-21T13:00:53.438Z,market,trade,TESTE,100016.097061828,172,,,,MS,JPM,,,
2026-03-21T13:00:53.591Z,market,trade,TESTE,100010.14479309134,196,,,,XP,CS,,,
2026-03-21T13:00:53.746Z,market,trade,TESTE,100011.45951328463,53,,,,CS,UBS,,,
2026-03-21T13:00:53.904Z,market,trade,TESTE,100025.00747169403,52,,,,XP,MS,,,
2026-03-21T13:00:54.065Z,market,trade,TESTE,100027.24436761347,104,,,,ITAU,MS,,,
2026-03-21T13:00:54.223Z,market,trade,TESTE,100016.47502472709,173,,,,BARCL,BARCL,,,
2026-03-21T13:00:54.384Z,market,trade,TESTE,100022.56466041593,25,,,,CS,MS,,,
2026-03-21T13:00:54.538Z,market,trade,TESTE,100022.96288001446,134,,,,CITI,MS,,,
2026-03-21T13:00:54.700Z,market,trade,TESTE,100014.49484158347,133,,,,UBS,BARCL,,,
2026-03-21T13:00:54.860Z,market,trade,TESTE,100013.5976471735,114,,,,ITAU,ITAU,,,
2026-03-21T13:00:55.020Z,market,trade,TESTE,100011.64435131314,191,,,,ITAU,JPM,,,
2026-03-21T13:00:55.180Z,market,trade,TESTE,100014.5552115357,92,,,,UBS,CS,,,
2026-03-21T13:00:55.339Z,market,trade,TESTE,100026.45200187809,30,,,,BARCL,MS,,,
2026-03-21T13:00:55.490Z,market,trade,TESTE,100023.44764422151,115,,,,GOLDM,CS,,,
2026-03-21T13:00:55.654Z,market,trade,TESTE,100020.6418793995,71,,,,MS,MS,,,
2026-03-21T13:00:55.804Z,market,trade,TESTE,100005.79791023306,123,,,,XP,CITI,,,
2026-03-21T13:00:55.804Z,alert,,TESTE,100005.79791023306,,,3,Acúmulo Institucional Abaixo da VWAP,,,,,
2026-03-21T13:00:55.969Z,market,trade,TESTE,100017.84323490073,40,,,,JPM,JPM,,,
2026-03-21T13:00:56.121Z,market,trade,TESTE,100013.43194102339,48,,,,BARCL,JPM,,,
2026-03-21T13:00:56.277Z,market,trade,TESTE,100016.28882417733,163,,,,ITAU,BTG,,,
2026-03-21T13:00:56.435Z,market,trade,TESTE,100011.99874180312,75,,,,GOLDM,JPM,,,
2026-03-21T13:00:56.600Z,market,trade,TESTE,100008.19239481869,112,,,,JPM,MS,,,
2026-03-21T13:00:56.750Z,market,trade,TESTE,99993.96092287457,150,,,,GOLDM,BTG,,,
2026-03-21T13:00:56.905Z,market,trade,TESTE,100004.80469313344,174,,,,BTG,ITAU,,,
2026-03-21T13:00:57.061Z,market,trade,TESTE,100000.17179363008,76,,,,UBS,ITAU,,,
2026-03-21T13:00:57.217Z,market,trade,TESTE,99985.42267491612,94,,,,MS,CS,,,
2026-03-21T13:00:57.369Z,market,trade,TESTE,99987.14952486454,89,,,,BARCL,CS,,,
2026-03-21T13:00:57.369Z,alert,,TESTE,99987.14952486454,,,3,Acúmulo Institucional Abaixo da VWAP,,,,,
2026-03-21T13:00:57.527Z,market,trade,TESTE,99994.90767399326,146,,,,BTG,CS,,,
2026-03-21T13:00:57.686Z,market,trade,TESTE,99994.16901580505,183,,,,BTG,MS,,,
2026-03-21T13:00:57.686Z,alert,,TESTE,99994.16901580505,,,3,Acúmulo Institucional Abaixo da VWAP,,,,,
2026-03-21T13:00:57.842Z,market,trade,TESTE,99984.17668248508,74,,,,BARCL,ITAU,,,
2026-03-21T13:00:58.004Z,market,trade,TESTE,99998.53980020384,176,,,,CS,MS,,,
2026-03-21T13:00:58.161Z,market,trade,TESTE,100000.29540817202,100,,,,UBS,ITAU,,,
2026-03-21T13:00:58.312Z,market,trade,TESTE,100002.97729654075,14,,,,BTG,GOLDM,,,
2026-03-21T13:00:58.313Z,alert,,TESTE,100002.97729654075,,,3,Acúmulo Institucional Abaixo da VWAP,,,,,
2026-03-21T13:00:58.478Z,market,trade,TESTE,99996.4567662136,126,,,,BTG,ITAU,,,
2026-03-21T13:00:58.478Z,alert,,TESTE,99996.4567662136,,,3,Acúmulo Institucional Abaixo da VWAP,,,,,
2026-03-21T13:00:58.631Z,market,trade,TESTE,100002.33676480215,177,,,,CITI,XP,,,
2026-03-21T13:00:58.790Z,market,trade,TESTE,99988.38683564762,172,,,,BARCL,BARCL,,,
2026-03-21T13:00:58.790Z,alert,,TESTE,99988.38683564762,,,3,Acúmulo Institucional Abaixo da VWAP,,,,,
2026-03-21T13:00:58.950Z,market,trade,TESTE,99994.37147151776,171,,,,MS,BARCL,,,
2026-03-21T13:00:58.950Z,alert,,TESTE,99994.37147151776,,,3,Acúmulo Institucional Abaixo da VWAP,,,,,
2026-03-21T13:00:59.107Z,market,trade,TESTE,99997.33067534622,142,,,,BARCL,CS,,,
2026-03-21T13:00:59.266Z,market,trade,TESTE,100001.68385153437,102,,,,CS,ITAU,,,
2026-03-21T13:00:59.266Z,alert,,TESTE,100001.68385153437,,,3,Acúmulo Institucional Abaixo da VWAP,,,,,
2026-03-21T13:00:59.422Z,market,flow_inversion,,,,,,,,,-77,29,UBS
2026-03-21T13:00:59.422Z,market,trade,TESTE,100003.36715279339,106,,,,UBS,CS,,,
2026-03-21T13:00:59.587Z,market,trade,TESTE,100002.23916657963,121,,,,JPM,XP,,,
2026-03-21T13:00:59.738Z,market,trade,TESTE,99996.4788196254,148,,,,BARCL,CITI,,,
2026-03-21T13:00:59.739Z,alert,,TESTE,99996.4788196254,,,3,Acúmulo Institucional Abaixo da VWAP,,,,,
2026-03-21T13:00:59.901Z,market,trade,TESTE,99994.53228846868,171,,,,GOLDM,GOLDM,,,
2026-03-21T13:01:00.055Z,market,trade,TESTE,99992.11897277183,174,,,,CITI,BARCL,,,
2026-03-21T13:01:00.055Z,alert,,TESTE,99992.11897277183,,,3,Acúmulo Institucional Abaixo da VWAP,,,,,
2026-03-21T13:01:00.219Z,market,trade,TESTE,99991.94658991061,183,,,,ITAU,BTG,,,
2026-03-21T13:01:00.380Z,market,trade,TESTE,99992.47872520666,30,,,,JPM,MS,,,
2026-03-21T13:01:00.536Z,market,trade,TESTE,99998.35612982616,134,,,,UBS,MS,,,
2026-03-21T13:01:00.687Z,market,trade,TESTE,99984.33245879349,126,,,,CS,GOLDM,,,
2026-03-21T13:01:00.838Z,market,trade,TESTE,99991.76737781914,31,,,,UBS,GOLDM,,,
2026-03-21T13:01:00.994Z,market,trade,TESTE,99992.57730269016,110,,,,UBS,CITI,,,
2026-03-21T13:01:00.994Z,alert,,TESTE,99992.57730269016,,,3,Acúmulo Institucional Abaixo da VWAP,,,,,
2026-03-21T13:01:01.153Z,market,trade,TESTE,99995.381322469,10,,,,UBS,MS,,,
2026-03-21T13:01:01.153Z,alert,,TESTE,99995.381322469,,,3,Acúmulo Institucional Abaixo da VWAP,,,,,
2026-03-21T13:01:01.309Z,market,trade,TESTE,99982.01815787771,181,,,,CS,MS,,,
2026-03-21T13:01:01.466Z,market,trade,TESTE,99982.94508037335,32,,,,CS,MS,,,
2026-03-21T13:01:01.629Z,market,trade,TESTE,99990.37054030907,197,,,,ITAU,CS,,,
2026-03-21T13:01:01.630Z,alert,,TESTE,99990.37054030907,,,3,Acúmulo Institucional Abaixo da VWAP,,,,,
2026-03-21T13:01:01.790Z,market,trade,TESTE,99990.46602549021,96,,,,MS,CITI,,,
2026-03-21T13:01:01.791Z,alert,,TESTE,99990.46602549021,,,3,Acúmulo Institucional Abaixo da VWAP,,,,,
2026-03-21T13:01:01.945Z,market,trade,TESTE,99975.75933908897,25,,,,CS,BARCL,,,
2026-03-21T13:01:01.945Z,alert,,TESTE,99975.75933908897,,,3,Acúmulo Institucional Abaixo da VWAP,,,,,
2026-03-21T13:01:02.106Z,market,trade,TESTE,99973.16250178794,196,,,,GOLDM,XP,,,
2026-03-21T13:01:02.106Z,alert,,TESTE,99973.16250178794,,,3,Acúmulo Institucional Abaixo da VWAP,,,,,
2026-03-21T13:01:02.265Z,market,trade,TESTE,99978.64733939085,133,,,,MS,JPM,,,
2026-03-21T13:01:02.265Z,alert,,TESTE,99978.64733939085,,,3,Acúmulo Institucional Abaixo da VWAP,,,,,
2026-03-21T13:01:02.423Z,market,trade,TESTE,99983.21781180403,140,,,,BARCL,ITAU,,,
2026-03-21T13:01:02.584Z,market,trade,TESTE,99980.51137522643,153,,,,MS,ITAU,,,
2026-03-21T13:01:02.584Z,alert,,TESTE,99980.51137522643,,,3,Acúmulo Institucional Abaixo da VWAP,,,,,
2026-03-21T13:01:02.747Z,market,trade,TESTE,99974.56830053894,141,,,,UBS,BARCL,,,
2026-03-21T13:01:02.748Z,alert,,TESTE,99974.56830053894,,,3,Acúmulo Institucional Abaixo da VWAP,,,,,
2026-03-21T13:01:02.913Z,market,flow_inversion,,,,,,,,,29,-87,UBS
2026-03-21T13:01:02.913Z,market,trade,TESTE,99988.72911720221,116,,,,CS,UBS,,,
2026-03-21T13:01:02.913Z,alert,,TESTE,99988.72911720221,,,3,Acúmulo Institucional Abaixo da VWAP,,,,,
2026-03-21T13:01:03.066Z,market,trade,TESTE,99983.75652450175,195,,,,GOLDM,ITAU,,,
2026-03-21T13:01:03.066Z,alert,,TESTE,99983.75652450175,,,3,Acúmulo Institucional Abaixo da VWAP,,,,,
2026-03-21T13:01:03.224Z,market,trade,TESTE,99985.53881429025,81,,,,CS,GOLDM,,,
2026-03-21T13:01:03.224Z,alert,,TESTE,99985.53881429025,,,3,Acúmulo Institucional Abaixo da VWAP,,,,,
2026-03-21T13:01:03.381Z,market,flow_inversion,,,,,,,,,-87,30,UBS
2026-03-21T13:01:03.381Z,market,trade,TESTE,99973.29109069609,117,,,,UBS,CITI,,,
2026-03-21T13:01:03.381Z,alert,,TESTE,99973.29109069609,,,3,Acúmulo Institucional Abaixo da VWAP,,,,,
2026-03-21T13:01:03.531Z,market,trade,TESTE,99980.18543573211,49,,,,GOLDM,CITI,,,
2026-03-21T13:01:03.532Z,alert,,TESTE,99980.18543573211,,,3,Acúmulo Institucional Abaixo da VWAP,,,,,
2026-03-21T13:01:03.696Z,market,trade,TESTE,99976.32775581139,187,,,,ITAU,GOLDM,,,
2026-03-21T13:01:03.696Z,alert,,TESTE,99976.32775581139,,,3,Acúmulo Institucional Abaixo da VWAP,,,,,
2026-03-21T13:01:03.847Z,market,trade,TESTE,99981.29905207931,191,,,,GOLDM,BARCL,,,
2026-03-21T13:01:03.847Z,alert,,TESTE,99981.29905207931,,,3,Acúmulo Institucional Abaixo da VWAP,,,,,
2026-03-21T13:01:03.997Z,market,trade,TESTE,99981.08760501153,83,,,,GOLDM,JPM,,,
2026-03-21T13:01:03.997Z,alert,,TESTE,99981.08760501153,,,3,Acúmulo Institucional Abaixo da VWAP,,,,,
2026-03-21T13:01:04.148Z,market,trade,TESTE,99968.20367134847,181,,,,BTG,GOLDM,,,
2026-03-21T13:01:04.148Z,alert,,TESTE,99968.20367134847,,,3,Acúmulo Institucional Abaixo da VWAP,,,,,
2026-03-21T13:01:04.313Z,market,trade,TESTE,99978.82432335944,156,,,,XP,BARCL,,,
2026-03-21T13:01:04.472Z,market,trade,TESTE,99967.79592471692,114,,,,XP,JPM,,,
2026-03-21T13:01:04.472Z,alert,,TESTE,99967.79592471692,,,3,Acúmulo Institucional Abaixo da VWAP,,,,,
2026-03-21T13:01:04.633Z,market,trade,TESTE,99969.78415112483,143,,,,XP,UBS,,,
2026-03-21T13:01:04.784Z,market,trade,TESTE,99965.97688342817,32,,,,MS,ITAU,,,
2026-03-21T13:01:04.784Z,alert,,TESTE,99965.97688342817,,,3,Acúmulo Institucional Abaixo da VWAP,,,,,
2026-03-21T13:01:04.950Z,market,trade,TESTE,99974.64560622614,130,,,,GOLDM,CS,,,
2026-03-21T13:01:04.950Z,alert,,TESTE,99974.64560622614,,,3,Acúmulo Institucional Abaixo da VWAP,,,,,
2026-03-21T13:01:05.108Z,market,trade,TESTE,99965.40176844945,42,,,,JPM,BTG,,,
2026-03-21T13:01:05.108Z,alert,,TESTE,99965.40176844945,,,3,Acúmulo Institucional Abaixo da VWAP,,,,,
2026-03-21T13:01:05.264Z,market,trade,TESTE,99967.79248510637,173,,,,MS,BARCL,,,
2026-03-21T13:01:05.264Z,alert,,TESTE,99967.79248510637,,,3,Acúmulo Institucional Abaixo da VWAP,,,,,
2026-03-21T13:01:05.430Z,market,trade,TESTE,99963.19147016211,154,,,,MS,XP,,,
2026-03-21T13:01:05.431Z,alert,,TESTE,99963.19147016211,,,3,Acúmulo Institucional Abaixo da VWAP,,,,,
2026-03-21T13:01:05.590Z,market,trade,TESTE,99977.44775519067,199,,,,ITAU,UBS,,,
2026-03-21T13:01:05.590Z,alert,,TESTE,99977.44775519067,,,3,Acúmulo Institucional Abaixo da VWAP,,,,,
2026-03-21T13:01:05.746Z,market,trade,TESTE,99976.15400261842,194,,,,BTG,XP,,,
2026-03-21T13:01:05.746Z,alert,,TESTE,99976.15400261842,,,3,Acúmulo Institucional Abaixo da VWAP,,,,,
2026-03-21T13:01:05.902Z,market,trade,TESTE,99977.0282488571,109,,,,UBS,BTG,,,
2026-03-21T13:01:05.902Z,alert,,TESTE,99977.0282488571,,,3,Acúmulo Institucional Abaixo da VWAP,,,,,
2026-03-21T13:01:06.067Z,market,trade,TESTE,99981.62173792209,54,,,,XP,XP,,,
2026-03-21T13:01:06.228Z,market,trade,TESTE,99975.50883203576,9,,,,ITAU,JPM,,,
2026-03-21T13:01:06.228Z,alert,,TESTE,99975.50883203576,,,3,Acúmulo Institucional Abaixo da VWAP,,,,,
2026-03-21T13:01:06.390Z,market,trade,TESTE,99974.52854239296,69,,,,ITAU,BARCL,,,
2026-03-21T13:01:06.390Z,alert,,TESTE,99974.52854239296,,,3,Acúmulo Institucional Abaixo da VWAP,,,,,
2026-03-21T13:01:06.540Z,market,trade,TESTE,99973.93612471527,198,,,,CITI,CITI,,,
2026-03-21T13:01:06.540Z,alert,,TESTE,99973.93612471527,,,3,Acúmulo Institucional Abaixo da VWAP,,,,,
2026-03-21T13:01:06.692Z,market,trade,TESTE,99987.40898043588,65,,,,XP,UBS,,,
2026-03-21T13:01:06.692Z,alert,,TESTE,99987.40898043588,,,3,Acúmulo Institucional Abaixo da VWAP,,,,,
2026-03-21T13:01:06.857Z,market,trade,TESTE,99974.70576173224,34,,,,BTG,ITAU,,,
2026-03-21T13:01:06.857Z,alert,,TESTE,99974.70576173224,,,3,Acúmulo Institucional Abaixo da VWAP,,,,,
2026-03-21T13:01:07.014Z,market,trade,TESTE,99974.0675935303,83,,,,XP,UBS,,,
2026-03-21T13:01:07.170Z,market,trade,TESTE,99976.98803794457,155,,,,MS,GOLDM,,,
2026-03-21T13:01:07.170Z,alert,,TESTE,99976.98803794457,,,3,Acúmulo Institucional Abaixo da VWAP,,,,,
2026-03-21T13:01:07.326Z,market,trade,TESTE,99977.95807492985,196,,,,CS,JPM,,,
2026-03-21T13:01:07.326Z,alert,,TESTE,99977.95807492985,,,3,Acúmulo Institucional Abaixo da VWAP,,,,,
2026-03-21T13:01:07.486Z,market,trade,TESTE,99990.40971996912,120,,,,XP,JPM,,,
2026-03-21T13:01:07.486Z,alert,,TESTE,99990.40971996912,,,3,Acúmulo Institucional Abaixo da VWAP,,,,,
2026-03-21T13:01:07.651Z,market,trade,TESTE,99981.33052379815,109,,,,JPM,BTG,,,
2026-03-21T13:01:07.651Z,alert,,TESTE,99981.33052379815,,,3,Acúmulo Institucional Abaixo da VWAP,,,,,
2026-03-21T13:01:07.807Z,market,trade,TESTE,99984.12349385058,185,,,,UBS,MS,,,
2026-03-21T13:01:07.807Z,alert,,TESTE,99984.12349385058,,,3,Acúmulo Institucional Abaixo da VWAP,,,,,
2026-03-21T13:01:07.958Z,market,trade,TESTE,99990.79175306979,28,,,,GOLDM,XP,,,
2026-03-21T13:01:07.958Z,alert,,TESTE,99990.79175306979,,,3,Acúmulo Institucional Abaixo da VWAP,,,,,
2026-03-21T13:01:08.116Z,market,trade,TESTE,99990.47110239405,64,,,,GOLDM,ITAU,,,
2026-03-21T13:01:08.116Z,alert,,TESTE,99990.47110239405,,,3,Acúmulo Institucional Abaixo da VWAP,,,,,
2026-03-21T13:01:08.267Z,market,trade,TESTE,99977.34898664203,64,,,,UBS,CS,,,
2026-03-21T13:01:08.267Z,alert,,TESTE,99977.34898664203,,,3,Acúmulo Institucional Abaixo da VWAP,,,,,
2026-03-21T13:01:08.419Z,market,trade,TESTE,99988.28152374379,145,,,,JPM,ITAU,,,
2026-03-21T13:01:08.580Z,market,trade,TESTE,99986.70023582013,164,,,,JPM,BTG,,,
2026-03-21T13:01:08.580Z,alert,,TESTE,99986.70023582013,,,3,Acúmulo Institucional Abaixo da VWAP,,,,,
2026-03-21T13:01:08.736Z,market,trade,TESTE,99987.38733104899,35,,,,JPM,GOLDM,,,
2026-03-21T13:01:08.737Z,alert,,TESTE,99987.38733104899,,,3,Acúmulo Institucional Abaixo da VWAP,,,,,
2026-03-21T13:01:08.888Z,market,trade,TESTE,99972.57447489699,182,,,,BTG,XP,,,
2026-03-21T13:01:08.888Z,alert,,TESTE,99972.57447489699,,,3,Acúmulo Institucional Abaixo da VWAP,,,,,
2026-03-21T13:01:09.053Z,market,trade,TESTE,99979.80947218233,69,,,,CITI,BARCL,,,
2026-03-21T13:01:09.204Z,market,trade,TESTE,99982.1668508358,50,,,,JPM,CITI,,,
2026-03-21T13:01:09.204Z,alert,,TESTE,99982.1668508358,,,3,Acúmulo Institucional Abaixo da VWAP,,,,,
2026-03-21T13:01:09.356Z,market,flow_inversion,,,,,,,,,-4,9,GOLDM
2026-03-21T13:01:09.356Z,market,trade,TESTE,99977.96631932676,13,,,,GOLDM,UBS,,,
2026-03-21T13:01:09.356Z,alert,,TESTE,99977.96631932676,,,3,Acúmulo Institucional Abaixo da VWAP,,,,,
2026-03-21T13:01:09.520Z,market,trade,TESTE,99973.77995876185,51,,,,CITI,CITI,,,
2026-03-21T13:01:09.685Z,market,trade,TESTE,99976.67316412975,91,,,,GOLDM,XP,,,
2026-03-21T13:01:09.685Z,alert,,TESTE,99976.67316412975,,,3,Acúmulo Institucional Abaixo da VWAP,,,,,
2026-03-21T13:01:09.836Z,market,trade,TESTE,99962.16168457849,24,,,,MS,MS,,,
2026-03-21T13:01:09.836Z,alert,,TESTE,99962.16168457849,,,3,Acúmulo Institucional Abaixo da VWAP,,,,,
2026-03-21T13:01:09.997Z,market,trade,TESTE,99968.3952979092,95,,,,GOLDM,BTG,,,
2026-03-21T13:01:09.997Z,alert,,TESTE,99968.3952979092,,,3,Acúmulo Institucional Abaixo da VWAP,,,,,
2026-03-21T13:01:10.160Z,market,trade,TESTE,99969.10650887914,150,,,,GOLDM,MS,,,
2026-03-21T13:01:10.161Z,alert,,TESTE,99969.10650887914,,,3,Acúmulo Institucional Abaixo da VWAP,,,,,
2026-03-21T13:01:10.325Z,market,trade,TESTE,99961.04668114199,134,,,,UBS,XP,,,
2026-03-21T13:01:10.325Z,alert,,TESTE,99961.04668114199,,,3,Acúmulo Institucional Abaixo da VWAP,,,,,
2026-03-21T13:01:10.478Z,market,trade,TESTE,99973.44245747273,134,,,,BTG,CITI,,,
2026-03-21T13:01:10.478Z,alert,,TESTE,99973.44245747273,,,3,Acúmulo Institucional Abaixo da VWAP,,,,,
2026-03-21T13:01:10.669Z,market,trade,TESTE,99974.35957264862,31,,,,UBS,BARCL,,,
2026-03-21T13:01:10.669Z,alert,,TESTE,99974.35957264862,,,3,Acúmulo Institucional Abaixo da VWAP,,,,,
2026-03-21T13:01:10.828Z,market,trade,TESTE,99971.96672542831,110,,,,XP,GOLDM,,,
2026-03-21T13:01:10.828Z,alert,,TESTE,99971.96672542831,,,3,Acúmulo Institucional Abaixo da VWAP,,,,,
2026-03-21T13:01:10.983Z,market,trade,TESTE,99960.8360785764,131,,,,XP,MS,,,
2026-03-21T13:01:10.984Z,alert,,TESTE,99960.8360785764,,,3,Acúmulo Institucional Abaixo da VWAP,,,,,
2026-03-21T13:01:11.148Z,market,trade,TESTE,99964.78286967623,123,,,,BTG,JPM,,,
2026-03-21T13:01:11.148Z,alert,,TESTE,99964.78286967623,,,3,Acúmulo Institucional Abaixo da VWAP,,,,,
2026-03-21T13:01:11.308Z,market,trade,TESTE,99964.46730262139,132,,,,UBS,BTG,,,
2026-03-21T13:01:11.308Z,alert,,TESTE,99964.46730262139,,,3,Acúmulo Institucional Abaixo da VWAP,,,,,
2026-03-21T13:01:11.461Z,market,trade,TESTE,99971.56826123051,129,,,,ITAU,CS,,,
2026-03-21T13:01:11.461Z,alert,,TESTE,99971.56826123051,,,3,Acúmulo Institucional Abaixo da VWAP,,,,,
2026-03-21T13:01:11.617Z,market,trade,TESTE,99964.44871680134,117,,,,BTG,GOLDM,,,
2026-03-21T13:01:11.617Z,alert,,TESTE,99964.44871680134,,,3,Acúmulo Institucional Abaixo da VWAP,,,,,
2026-03-21T13:01:11.776Z,market,trade,TESTE,99965.10275835567,155,,,,XP,JPM,,,
2026-03-21T13:01:11.776Z,alert,,TESTE,99965.10275835567,,,3,Acúmulo Institucional Abaixo da VWAP,,,,,
2026-03-21T13:01:11.927Z,market,trade,TESTE,99974.81534875571,103,,,,GOLDM,BARCL,,,
2026-03-21T13:01:11.927Z,alert,,TESTE,99974.81534875571,,,3,Acúmulo Institucional Abaixo da VWAP,,,,,
2026-03-21T13:01:12.078Z,market,trade,TESTE,99970.66543296937,56,,,,MS,GOLDM,,,
2026-03-21T13:01:12.078Z,alert,,TESTE,99970.66543296937,,,3,Acúmulo Institucional Abaixo da VWAP,,,,,
2026-03-21T13:01:12.229Z,market,trade,TESTE,99961.31287938954,110,,,,CS,BTG,,,
2026-03-21T13:01:12.229Z,alert,,TESTE,99961.31287938954,,,3,Acúmulo Institucional Abaixo da VWAP,,,,,
2026-03-21T13:01:12.394Z,market,trade,TESTE,99965.1183916563,58,,,,CITI,JPM,,,
2026-03-21T13:01:12.394Z,alert,,TESTE,99965.1183916563,,,3,Acúmulo Institucional Abaixo da VWAP,,,,,
2026-03-21T13:01:12.545Z,market,trade,TESTE,99961.10013288645,199,,,,CITI,ITAU,,,
2026-03-21T13:01:12.545Z,alert,,TESTE,99961.10013288645,,,3,Acúmulo Institucional Abaixo da VWAP,,,,,
2026-03-21T13:01:12.696Z,market,trade,TESTE,99965.11849890757,38,,,,ITAU,BTG,,,
2026-03-21T13:01:12.697Z,alert,,TESTE,99965.11849890757,,,3,Acúmulo Institucional Abaixo da VWAP,,,,,
2026-03-21T13:01:12.852Z,market,trade,TESTE,99965.54913624187,180,,,,CS,XP,,,
2026-03-21T13:01:12.852Z,alert,,TESTE,99965.54913624187,,,3,Acúmulo Institucional Abaixo da VWAP,,,,,
2026-03-21T13:01:13.006Z,market,trade,TESTE,99976.60626787387,30,,,,CITI,BARCL,,,
2026-03-21T13:01:13.158Z,market,trade,TESTE,99967.21642234335,68,,,,UBS,CS,,,
2026-03-21T13:01:13.158Z,alert,,TESTE,99967.21642234335,,,3,Acúmulo Institucional Abaixo da VWAP,,,,,
2026-03-21T13:01:13.309Z,market,trade,TESTE,99964.85487234544,47,,,,GOLDM,GOLDM,,,
2026-03-21T13:01:13.309Z,alert,,TESTE,99964.85487234544,,,3,Acúmulo Institucional Abaixo da VWAP,,,,,
2026-03-21T13:01:13.460Z,market,trade,TESTE,99971.70525541698,82,,,,JPM,CITI,,,
2026-03-21T13:01:13.460Z,alert,,TESTE,99971.70525541698,,,3,Acúmulo Institucional Abaixo da VWAP,,,,,
2026-03-21T13:01:13.615Z,market,trade,TESTE,99960.03239030951,148,,,,UBS,BTG,,,
2026-03-21T13:01:13.615Z,alert,,TESTE,99960.03239030951,,,3,Acúmulo Institucional Abaixo da VWAP,,,,,
2026-03-21T13:01:13.776Z,market,trade,TESTE,99958.65872784985,83,,,,BARCL,MS,,,
2026-03-21T13:01:13.776Z,alert,,TESTE,99958.65872784985,,,3,Acúmulo Institucional Abaixo da VWAP,,,,,
2026-03-21T13:01:13.936Z,market,trade,TESTE,99961.15013353803,10,,,,JPM,BTG,,,
2026-03-21T13:01:13.937Z,alert,,TESTE,99961.15013353803,,,3,Acúmulo Institucional Abaixo da VWAP,,,,,
2026-03-21T13:01:14.109Z,market,trade,TESTE,99959.84786923163,192,,,,XP,MS,,,
2026-03-21T13:01:14.109Z,alert,,TESTE,99959.84786923163,,,3,Acúmulo Institucional Abaixo da VWAP,,,,,
2026-03-21T13:01:14.268Z,market,trade,TESTE,99972.40498126617,138,,,,XP,CITI,,,
2026-03-21T13:01:14.268Z,alert,,TESTE,99972.40498126617,,,3,Acúmulo Institucional Abaixo da VWAP,,,,,
2026-03-21T13:01:14.427Z,market,trade,TESTE,99965.45900142415,147,,,,BTG,CITI,,,
2026-03-21T13:01:14.427Z,alert,,TESTE,99965.45900142415,,,3,Acúmulo Institucional Abaixo da VWAP,,,,,
2026-03-21T13:01:14.582Z,market,trade,TESTE,99961.26145751396,116,,,,JPM,CITI,,,
2026-03-21T13:01:14.583Z,alert,,TESTE,99961.26145751396,,,3,Acúmulo Institucional Abaixo da VWAP,,,,,
2026-03-21T13:01:14.741Z,market,trade,TESTE,99958.25750078262,65,,,,CS,GOLDM,,,
2026-03-21T13:01:14.741Z,alert,,TESTE,99958.25750078262,,,3,Acúmulo Institucional Abaixo da VWAP,,,,,
2026-03-21T13:01:14.901Z,market,trade,TESTE,99954.33447901405,192,,,,CS,CITI,,,
2026-03-21T13:01:14.901Z,alert,,TESTE,99954.33447901405,,,3,Acúmulo Institucional Abaixo da VWAP,,,,,
2026-03-21T13:01:15.056Z,market,trade,TESTE,99960.77942745571,91,,,,ITAU,ITAU,,,
2026-03-21T13:01:15.056Z,alert,,TESTE,99960.77942745571,,,3,Acúmulo Institucional Abaixo da VWAP,,,,,
2026-03-21T13:01:15.221Z,market,trade,TESTE,99956.46803298892,142,,,,CITI,BARCL,,,
2026-03-21T13:01:15.221Z,alert,,TESTE,99956.46803298892,,,3,Acúmulo Institucional Abaixo da VWAP,,,,,
2026-03-21T13:01:15.377Z,market,trade,TESTE,99953.40471904681,113,,,,UBS,BTG,,,
2026-03-21T13:01:15.377Z,alert,,TESTE,99953.40471904681,,,3,Acúmulo Institucional Abaixo da VWAP,,,,,
2026-03-21T13:01:15.527Z,market,trade,TESTE,99943.50194343018,156,,,,BTG,BTG,,,
2026-03-21T13:01:15.527Z,alert,,TESTE,99943.50194343018,,,3,Acúmulo Institucional Abaixo da VWAP,,,,,
2026-03-21T13:01:15.681Z,market,trade,TESTE,99949.16537964178,153,,,,XP,CITI,,,
2026-03-21T13:01:15.681Z,alert,,TESTE,99949.16537964178,,,3,Acúmulo Institucional Abaixo da VWAP,,,,,
2026-03-21T13:01:15.838Z,market,trade,TESTE,99939.61411538365,178,,,,ITAU,GOLDM,,,
2026-03-21T13:01:15.838Z,alert,,TESTE,99939.61411538365,,,3,Acúmulo Institucional Abaixo da VWAP,,,,,
2026-03-21T13:01:16.003Z,market,trade,TESTE,99944.82605448036,125,,,,ITAU,BTG,,,
2026-03-21T13:01:16.003Z,alert,,TESTE,99944.82605448036,,,3,Acúmulo Institucional Abaixo da VWAP,,,,,
2026-03-21T13:01:16.160Z,market,trade,TESTE,99947.86209222603,192,,,,CS,BARCL,,,
2026-03-21T13:01:16.160Z,alert,,TESTE,99947.86209222603,,,3,Acúmulo Institucional Abaixo da VWAP,,,,,
2026-03-21T13:01:16.321Z,market,trade,TESTE,99948.80847802572,186,,,,CS,CS,,,
2026-03-21T13:01:16.321Z,alert,,TESTE,99948.80847802572,,,3,Acúmulo Institucional Abaixo da VWAP,,,,,
2026-03-21T13:01:16.481Z,market,trade,TESTE,99953.30792234087,41,,,,BTG,GOLDM,,,
2026-03-21T13:01:16.481Z,alert,,TESTE,99953.30792234087,,,3,Acúmulo Institucional Abaixo da VWAP,,,,,
2026-03-21T13:01:16.641Z,market,trade,TESTE,99957.43499710609,81,,,,BARCL,BARCL,,,
2026-03-21T13:01:16.797Z,market,trade,TESTE,99957.55661938238,107,,,,JPM,BTG,,,
2026-03-21T13:01:16.797Z,alert,,TESTE,99957.55661938238,,,3,Acúmulo Institucional Abaixo da VWAP,,,,,
2026-03-21T13:01:16.954Z,market,trade,TESTE,99956.66656503384,44,,,,MS,CITI,,,
2026-03-21T13:01:16.954Z,alert,,TESTE,99956.66656503384,,,3,Acúmulo Institucional Abaixo da VWAP,,,,,
2026-03-21T13:01:17.111Z,market,trade,TESTE,99957.28907610469,156,,,,XP,JPM,,,
2026-03-21T13:01:17.111Z,alert,,TESTE,99957.28907610469,,,3,Acúmulo Institucional Abaixo da VWAP,,,,,
2026-03-21T13:01:17.272Z,market,trade,TESTE,99955.74126495536,198,,,,GOLDM,BTG,,,
2026-03-21T13:01:17.272Z,alert,,TESTE,99955.74126495536,,,3,Acúmulo Institucional Abaixo da VWAP,,,,,
2026-03-21T13:01:17.432Z,market,trade,TESTE,99954.24308868787,40,,,,BTG,CS,,,
2026-03-21T13:01:17.432Z,alert,,TESTE,99954.24308868787,,,3,Acúmulo Institucional Abaixo da VWAP,,,,,
2026-03-21T13:01:17.593Z,market,trade,TESTE,99945.96904348132,19,,,,CITI,UBS,,,
2026-03-21T13:01:17.746Z,market,trade,TESTE,99955.46526600904,176,,,,CS,XP,,,
2026-03-21T13:01:17.746Z,alert,,TESTE,99955.46526600904,,,3,Acúmulo Institucional Abaixo da VWAP,,,,,
2026-03-21T13:01:17.897Z,market,trade,TESTE,99946.25962226094,95,,,,MS,BARCL,,,
2026-03-21T13:01:17.897Z,alert,,TESTE,99946.25962226094,,,3,Acúmulo Institucional Abaixo da VWAP,,,,,
2026-03-21T13:01:18.062Z,market,trade,TESTE,99955.27855322823,144,,,,UBS,XP,,,
2026-03-21T13:01:18.062Z,alert,,TESTE,99955.27855322823,,,3,Acúmulo Institucional Abaixo da VWAP,,,,,
2026-03-21T13:01:18.222Z,market,trade,TESTE,99955.74185603132,118,,,,XP,CS,,,
2026-03-21T13:01:18.222Z,alert,,TESTE,99955.74185603132,,,3,Acúmulo Institucional Abaixo da VWAP,,,,,
2026-03-21T13:01:18.382Z,market,trade,TESTE,99940.83248575944,16,,,,MS,UBS,,,
2026-03-21T13:01:18.542Z,market,trade,TESTE,99943.24291698613,28,,,,BTG,CITI,,,
2026-03-21T13:01:18.542Z,alert,,TESTE,99943.24291698613,,,3,Acúmulo Institucional Abaixo da VWAP,,,,,
2026-03-21T13:01:18.702Z,market,trade,TESTE,99943.44372868085,172,,,,GOLDM,JPM,,,
2026-03-21T13:01:18.702Z,alert,,TESTE,99943.44372868085,,,3,Acúmulo Institucional Abaixo da VWAP,,,,,
2026-03-21T13:01:18.857Z,market,trade,TESTE,99941.02603267043,123,,,,BTG,ITAU,,,
2026-03-21T13:01:18.858Z,alert,,TESTE,99941.02603267043,,,3,Acúmulo Institucional Abaixo da VWAP,,,,,
2026-03-21T13:01:19.023Z,market,trade,TESTE,99938.35043415199,96,,,,MS,CS,,,
2026-03-21T13:01:19.187Z,market,trade,TESTE,99949.36961928963,172,,,,UBS,BTG,,,
2026-03-21T13:01:19.187Z,alert,,TESTE,99949.36961928963,,,3,Acúmulo Institucional Abaixo da VWAP,,,,,
2026-03-21T13:01:19.347Z,market,trade,TESTE,99944.33363671594,150,,,,CITI,XP,,,
2026-03-21T13:01:19.347Z,alert,,TESTE,99944.33363671594,,,3,Acúmulo Institucional Abaixo da VWAP,,,,,
2026-03-21T13:01:19.506Z,market,trade,TESTE,99946.4933141386,115,,,,GOLDM,JPM,,,
2026-03-21T13:01:19.506Z,alert,,TESTE,99946.4933141386,,,3,Acúmulo Institucional Abaixo da VWAP,,,,,
2026-03-21T13:01:19.662Z,market,trade,TESTE,99945.32678248527,148,,,,CITI,BTG,,,
2026-03-21T13:01:19.662Z,alert,,TESTE,99945.32678248527,,,3,Acúmulo Institucional Abaixo da VWAP,,,,,
2026-03-21T13:01:19.822Z,market,trade,TESTE,99953.40133050852,43,,,,UBS,UBS,,,
2026-03-21T13:01:19.822Z,alert,,TESTE,99953.40133050852,,,3,Acúmulo Institucional Abaixo da VWAP,,,,,
2026-03-21T13:01:19.986Z,market,trade,TESTE,99956.127744152,90,,,,BTG,GOLDM,,,
2026-03-21T13:01:20.142Z,market,trade,TESTE,99948.40618309313,117,,,,BARCL,ITAU,,,
2026-03-21T13:01:20.143Z,alert,,TESTE,99948.40618309313,,,3,Acúmulo Institucional Abaixo da VWAP,,,,,
2026-03-21T13:01:20.306Z,market,trade,TESTE,99952.12797171398,163,,,,ITAU,MS,,,
2026-03-21T13:01:20.307Z,alert,,TESTE,99952.12797171398,,,3,Acúmulo Institucional Abaixo da VWAP,,,,,
2026-03-21T13:01:20.465Z,market,trade,TESTE,99962.94072848749,182,,,,BTG,CITI,,,
2026-03-21T13:01:20.622Z,market,trade,TESTE,99951.0131309856,67,,,,BTG,CS,,,
2026-03-21T13:01:20.777Z,market,trade,TESTE,99948.49685039568,143,,,,CITI,GOLDM,,,
2026-03-21T13:01:20.777Z,alert,,TESTE,99948.49685039568,,,3,Acúmulo Institucional Abaixo da VWAP,,,,,
2026-03-21T13:01:20.932Z,market,trade,TESTE,99956.49367126636,159,,,,UBS,JPM,,,
2026-03-21T13:01:20.932Z,alert,,TESTE,99956.49367126636,,,3,Acúmulo Institucional Abaixo da VWAP,,,,,
2026-03-21T13:01:21.083Z,market,trade,TESTE,99943.237608875,193,,,,BARCL,MS,,,
2026-03-21T13:01:21.083Z,alert,,TESTE,99943.237608875,,,3,Acúmulo Institucional Abaixo da VWAP,,,,,
2026-03-21T13:01:21.237Z,market,trade,TESTE,99941.58891010804,176,,,,CITI,CS,,,
2026-03-21T13:01:21.397Z,market,trade,TESTE,99943.96533018662,41,,,,MS,MS,,,
2026-03-21T13:01:21.397Z,alert,,TESTE,99943.96533018662,,,3,Acúmulo Institucional Abaixo da VWAP,,,,,
2026-03-21T13:01:21.563Z,market,trade,TESTE,99942.10229993943,103,,,,ITAU,ITAU,,,
2026-03-21T13:01:21.563Z,alert,,TESTE,99942.10229993943,,,3,Acúmulo Institucional Abaixo da VWAP,,,,,
2026-03-21T13:01:21.726Z,market,trade,TESTE,99940.0867496036,94,,,,XP,CS,,,
2026-03-21T13:01:21.726Z,alert,,TESTE,99940.0867496036,,,3,Acúmulo Institucional Abaixo da VWAP,,,,,
2026-03-21T13:01:21.889Z,market,trade,TESTE,99938.12484289403,14,,,,XP,GOLDM,,,
2026-03-21T13:01:21.889Z,alert,,TESTE,99938.12484289403,,,3,Acúmulo Institucional Abaixo da VWAP,,,,,
2026-03-21T13:01:22.052Z,market,trade,TESTE,99935.33939921859,159,,,,ITAU,XP,,,
2026-03-21T13:01:22.052Z,alert,,TESTE,99935.33939921859,,,3,Acúmulo Institucional Abaixo da VWAP,,,,,
2026-03-21T13:01:22.210Z,market,trade,TESTE,99942.38282923416,13,,,,CS,BTG,,,
2026-03-21T13:01:22.367Z,market,trade,TESTE,99931.48451259175,184,,,,BARCL,CITI,,,
2026-03-21T13:01:22.519Z,market,trade,TESTE,99935.49712981227,182,,,,CS,GOLDM,,,
2026-03-21T13:01:22.519Z,alert,,TESTE,99935.49712981227,,,3,Acúmulo Institucional Abaixo da VWAP,,,,,
2026-03-21T13:01:22.671Z,market,flow_inversion,,,,,,,,,58,-27,GOLDM
2026-03-21T13:01:22.671Z,market,trade,TESTE,99944.99677029166,85,,,,JPM,GOLDM,,,
2026-03-21T13:01:22.824Z,market,trade,TESTE,99942.78096307945,95,,,,GOLDM,BTG,,,
2026-03-21T13:01:22.976Z,market,trade,TESTE,99934.40601196831,171,,,,UBS,BTG,,,
2026-03-21T13:01:22.976Z,alert,,TESTE,99934.40601196831,,,3,Acúmulo Institucional Abaixo da VWAP,,,,,
2026-03-21T13:01:23.138Z,market,trade,TESTE,99945.21391262181,61,,,,CITI,BARCL,,,
2026-03-21T13:01:23.303Z,market,trade,TESTE,99936.26210950354,71,,,,UBS,UBS,,,
2026-03-21T13:01:23.466Z,market,trade,TESTE,99935.150193919,35,,,,JPM,BARCL,,,
2026-03-21T13:01:23.617Z,market,trade,TESTE,99931.63596862927,47,,,,GOLDM,BTG,,,
2026-03-21T13:01:23.617Z,alert,,TESTE,99931.63596862927,,,3,Acúmulo Institucional Abaixo da VWAP,,,,,
2026-03-21T13:01:23.773Z,market,trade,TESTE,99928.25230412383,142,,,,BTG,CS,,,
2026-03-21T13:01:23.930Z,market,trade,TESTE,99935.76193411025,197,,,,JPM,XP,,,
2026-03-21T13:01:24.081Z,market,trade,TESTE,99938.71780001977,98,,,,BTG,ITAU,,,
2026-03-21T13:01:24.232Z,market,trade,TESTE,99935.8024062186,155,,,,JPM,BTG,,,
2026-03-21T13:01:24.388Z,market,trade,TESTE,99926.5079818612,170,,,,ITAU,BTG,,,
2026-03-21T13:01:24.388Z,alert,,TESTE,99926.5079818612,,,3,Acúmulo Institucional Abaixo da VWAP,,,,,
2026-03-21T13:01:24.546Z,market,trade,TESTE,99936.24480404248,11,,,,BTG,BTG,,,
2026-03-21T13:01:24.697Z,market,trade,TESTE,99934.408531912,20,,,,ITAU,BARCL,,,
2026-03-21T13:01:24.848Z,market,trade,TESTE,99921.83702909104,195,,,,CITI,JPM,,,
2026-03-21T13:01:25.005Z,market,trade,TESTE,99935.41680524494,118,,,,CS,MS,,,
2026-03-21T13:01:25.156Z,market,trade,TESTE,99938.3085381761,68,,,,GOLDM,GOLDM,,,
2026-03-21T13:01:25.307Z,market,trade,TESTE,99926.53181190135,150,,,,BTG,ITAU,,,
2026-03-21T13:01:25.460Z,market,trade,TESTE,99931.4329637156,60,,,,UBS,BTG,,,
2026-03-21T13:01:25.460Z,alert,,TESTE,99931.4329637156,,,3,Acúmulo Institucional Abaixo da VWAP,,,,,
2026-03-21T13:01:25.616Z,market,trade,TESTE,99933.01275257827,87,,,,ITAU,UBS,,,
2026-03-21T13:01:25.771Z,market,trade,TESTE,99929.24094309371,133,,,,MS,UBS,,,
2026-03-21T13:01:25.772Z,alert,,TESTE,99929.24094309371,,,3,Acúmulo Institucional Abaixo da VWAP,,,,,
2026-03-21T13:01:25.930Z,market,trade,TESTE,99934.09081415342,57,,,,JPM,ITAU,,,
2026-03-21T13:01:26.091Z,market,trade,TESTE,99945.49151775886,191,,,,BTG,BTG,,,
2026-03-21T13:01:26.242Z,market,trade,TESTE,99932.72259821494,167,,,,ITAU,MS,,,
2026-03-21T13:01:26.396Z,market,trade,TESTE,99942.00905506389,191,,,,MS,CS,,,
2026-03-21T13:01:26.548Z,market,trade,TESTE,99927.68022038689,199,,,,MS,BARCL,,,
2026-03-21T13:01:26.703Z,market,trade,TESTE,99933.5629762875,131,,,,XP,UBS,,,
2026-03-21T13:01:26.869Z,market,trade,TESTE,99922.55657656283,139,,,,MS,CS,,,
2026-03-21T13:01:27.026Z,market,trade,TESTE,99935.19420176205,71,,,,UBS,UBS,,,
2026-03-21T13:01:27.186Z,market,trade,TESTE,99930.29264533169,80,,,,CS,BTG,,,
2026-03-21T13:01:27.346Z,market,trade,TESTE,99916.02823555772,126,,,,JPM,UBS,,,
2026-03-21T13:01:27.346Z,alert,,TESTE,99916.02823555772,,,3,Acúmulo Institucional Abaixo da VWAP,,,,,
2026-03-21T13:01:27.510Z,market,flow_inversion,,,,,,,,,90,-18,UBS
2026-03-21T13:01:27.510Z,market,trade,TESTE,99929.16002004413,108,,,,BARCL,UBS,,,
2026-03-21T13:01:27.670Z,market,trade,TESTE,99926.27953546574,24,,,,CS,CS,,,
2026-03-21T13:01:27.822Z,market,trade,TESTE,99920.48694717669,100,,,,UBS,ITAU,,,
2026-03-21T13:01:27.973Z,market,trade,TESTE,99916.04983268192,17,,,,BTG,MS,,,
2026-03-21T13:01:28.133Z,market,trade,TESTE,99911.79473006757,17,,,,ITAU,XP,,,
2026-03-21T13:01:28.293Z,market,trade,TESTE,99922.20856285216,67,,,,XP,BTG,,,
2026-03-21T13:01:28.450Z,market,trade,TESTE,99924.87806694531,162,,,,CITI,JPM,,,
2026-03-21T13:01:28.615Z,market,trade,TESTE,99927.8388812711,71,,,,BARCL,MS,,,
2026-03-21T13:01:28.769Z,market,trade,TESTE,99915.47254029522,77,,,,MS,BARCL,,,
2026-03-21T13:01:28.933Z,market,trade,TESTE,99916.25857449029,137,,,,CS,JPM,,,
2026-03-21T13:01:29.085Z,market,trade,TESTE,99912.5751955508,177,,,,MS,XP,,,
2026-03-21T13:01:29.246Z,market,trade,TESTE,99922.4655171799,84,,,,GOLDM,JPM,,,
2026-03-21T13:01:29.406Z,market,trade,TESTE,99912.61530039312,72,,,,JPM,JPM,,,
2026-03-21T13:01:29.566Z,market,trade,TESTE,99926.20769640013,66,,,,JPM,MS,,,
2026-03-21T13:01:29.730Z,market,trade,TESTE,99914.08008646386,22,,,,CITI,ITAU,,,
2026-03-21T13:01:29.890Z,market,trade,TESTE,99915.30052187474,66,,,,BARCL,XP,,,
2026-03-21T13:01:30.050Z,market,trade,TESTE,99919.31975250723,170,,,,XP,JPM,,,
2026-03-21T13:01:30.206Z,market,trade,TESTE,99918.64385399736,158,,,,BARCL,JPM,,,
2026-03-21T13:01:30.370Z,market,trade,TESTE,99929.48243217755,22,,,,CS,XP,,,
2026-03-21T13:01:30.530Z,market,trade,TESTE,99915.5620158767,95,,,,CS,CITI,,,
2026-03-21T13:01:30.684Z,market,trade,TESTE,99914.0778014189,96,,,,BARCL,BARCL,,,
2026-03-21T13:01:30.836Z,market,trade,TESTE,99921.14329869226,163,,,,GOLDM,MS,,,
2026-03-21T13:01:30.987Z,market,trade,TESTE,99918.98795992145,168,,,,JPM,CS,,,
2026-03-21T13:01:31.139Z,market,trade,TESTE,99908.6414338698,26,,,,CS,BARCL,,,
2026-03-21T13:01:31.293Z,market,trade,TESTE,99912.79736056652,154,,,,CITI,BARCL,,,
2026-03-21T13:01:31.447Z,market,trade,TESTE,99927.07548335039,166,,,,JPM,JPM,,,
2026-03-21T13:01:31.599Z,market,trade,TESTE,99918.6458054716,59,,,,ITAU,XP,,,
2026-03-21T13:01:31.762Z,market,trade,TESTE,99926.82383344586,150,,,,JPM,GOLDM,,,
2026-03-21T13:01:31.922Z,market,trade,TESTE,99927.73326382574,33,,,,MS,JPM,,,
2026-03-21T13:01:32.078Z,market,trade,TESTE,99913.7135113029,76,,,,CS,BTG,,,
2026-03-21T13:01:32.242Z,market,trade,TESTE,99914.59404605634,115,,,,JPM,UBS,,,
2026-03-21T13:01:32.408Z,market,trade,TESTE,99917.73635118255,59,,,,BTG,UBS,,,
2026-03-21T13:01:32.408Z,alert,,TESTE,99917.73635118255,,,3,Acúmulo Institucional Abaixo da VWAP,,,,,
2026-03-21T13:01:32.567Z,market,trade,TESTE,99929.97669939598,76,,,,CITI,XP,,,
2026-03-21T13:01:32.727Z,market,trade,TESTE,99921.4787823457,140,,,,ITAU,ITAU,,,
2026-03-21T13:01:32.891Z,market,trade,TESTE,99924.19249806173,185,,,,MS,CS,,,
2026-03-21T13:01:33.047Z,market,trade,TESTE,99923.07845851748,151,,,,UBS,CITI,,,
2026-03-21T13:01:33.210Z,market,trade,TESTE,99919.06756972207,41,,,,BTG,JPM,,,
2026-03-21T13:01:33.363Z,market,trade,TESTE,99925.2480167361,18,,,,BARCL,CITI,,,
2026-03-21T13:01:33.527Z,market,trade,TESTE,99915.34938410962,95,,,,CITI,MS,,,
2026-03-21T13:01:33.686Z,market,trade,TESTE,99928.92364723732,65,,,,XP,GOLDM,,,
2026-03-21T13:01:33.842Z,market,trade,TESTE,99920.61431839524,135,,,,ITAU,XP,,,
2026-03-21T13:01:34.005Z,market,trade,TESTE,99926.82846587172,197,,,,GOLDM,MS,,,
2026-03-21T13:01:34.167Z,market,trade,TESTE,99927.60150274214,127,,,,XP,BARCL,,,
2026-03-21T13:01:34.320Z,market,trade,TESTE,99916.64558375704,36,,,,CS,JPM,,,
2026-03-21T13:01:34.481Z,market,trade,TESTE,99912.17786755758,142,,,,GOLDM,ITAU,,,
2026-03-21T13:01:34.640Z,market,trade,TESTE,99911.01431438452,30,,,,XP,JPM,,,
2026-03-21T13:01:34.806Z,market,trade,TESTE,99919.53435224401,177,,,,BTG,UBS,,,
2026-03-21T13:01:34.965Z,market,trade,TESTE,99908.04377349558,102,,,,UBS,CITI,,,
2026-03-21T13:01:35.127Z,market,trade,TESTE,99915.37657647011,196,,,,BARCL,BTG,,,
2026-03-21T13:01:35.287Z,market,trade,TESTE,99902.05266654264,161,,,,JPM,JPM,,,
2026-03-21T13:01:35.443Z,market,trade,TESTE,99906.40006005828,127,,,,CS,GOLDM,,,
2026-03-21T13:01:35.610Z,market,trade,TESTE,99907.50551596907,7,,,,GOLDM,XP,,,
2026-03-21T13:01:35.770Z,market,trade,TESTE,99911.21013043463,124,,,,JPM,JPM,,,
2026-03-21T13:01:35.930Z,market,trade,TESTE,99913.21736491332,195,,,,GOLDM,XP,,,
2026-03-21T13:01:36.081Z,market,trade,TESTE,99927.64117053528,112,,,,ITAU,CITI,,,
2026-03-21T13:01:36.239Z,market,trade,TESTE,99925.14689820497,26,,,,JPM,XP,,,
2026-03-21T13:01:36.407Z,market,trade,TESTE,99927.19267443515,94,,,,CS,CITI,,,
2026-03-21T13:01:36.562Z,market,trade,TESTE,99921.50376048996,6,,,,MS,GOLDM,,,
2026-03-21T13:01:36.718Z,market,trade,TESTE,99917.05128546932,185,,,,CITI,XP,,,
2026-03-21T13:01:36.878Z,market,trade,TESTE,99920.52951616402,192,,,,CITI,XP,,,
2026-03-21T13:01:37.043Z,market,trade,TESTE,99931.37820159453,155,,,,UBS,BARCL,,,
2026-03-21T13:01:37.198Z,market,trade,TESTE,99928.27809605484,187,,,,GOLDM,CS,,,
2026-03-21T13:01:37.363Z,market,trade,TESTE,99932.67875458255,124,,,,CS,JPM,,,
2026-03-21T13:01:37.518Z,market,trade,TESTE,99937.33149460796,120,,,,UBS,JPM,,,
2026-03-21T13:01:37.678Z,market,trade,TESTE,99938.90949348695,104,,,,BTG,MS,,,
2026-03-21T13:01:37.835Z,market,trade,TESTE,99943.04105099462,194,,,,MS,XP,,,
2026-03-21T13:01:37.990Z,market,trade,TESTE,99943.732813728,48,,,,GOLDM,MS,,,
2026-03-21T13:01:38.141Z,market,trade,TESTE,99940.70890213638,13,,,,BTG,BTG,,,
2026-03-21T13:01:38.310Z,market,trade,TESTE,99934.10721167603,135,,,,CS,JPM,,,
2026-03-21T13:01:38.466Z,market,trade,TESTE,99930.02977144871,174,,,,GOLDM,ITAU,,,
2026-03-21T13:01:38.625Z,market,trade,TESTE,99941.94455194252,118,,,,BTG,XP,,,
2026-03-21T13:01:38.789Z,market,trade,TESTE,99937.99002523816,169,,,,CITI,JPM,,,
2026-03-21T13:01:38.950Z,market,trade,TESTE,99932.13150701656,58,,,,BTG,UBS,,,
2026-03-21T13:01:39.107Z,market,trade,TESTE,99947.0380387782,127,,,,MS,CS,,,
2026-03-21T13:01:39.266Z,market,trade,TESTE,99942.95158217107,77,,,,CS,CITI,,,
2026-03-21T13:01:39.425Z,market,trade,TESTE,99941.3941081631,83,,,,GOLDM,JPM,,,
2026-03-21T13:01:39.586Z,market,trade,TESTE,99940.20415015981,57,,,,BARCL,MS,,,
2026-03-21T13:01:39.738Z,market,trade,TESTE,99929.91845136893,25,,,,CS,BTG,,,
2026-03-21T13:01:39.890Z,market,trade,TESTE,99937.21168119984,75,,,,BARCL,CITI,,,
2026-03-21T13:01:40.041Z,market,trade,TESTE,99930.72225257724,42,,,,JPM,UBS,,,
2026-03-21T13:01:40.193Z,market,trade,TESTE,99926.91129395773,192,,,,MS,CITI,,,
2026-03-21T13:01:40.345Z,market,trade,TESTE,99926.72733731025,169,,,,CITI,CS,,,
2026-03-21T13:01:40.497Z,market,trade,TESTE,99930.7552948515,46,,,,CS,UBS,,,
2026-03-21T13:01:40.652Z,market,trade,TESTE,99943.91631643656,163,,,,CS,ITAU,,,
2026-03-21T13:01:40.817Z,market,trade,TESTE,99946.97686132122,43,,,,CS,UBS,,,
2026-03-21T13:01:40.981Z,market,trade,TESTE,99950.66454222462,144,,,,ITAU,XP,,,
2026-03-21T13:01:41.146Z,market,trade,TESTE,99944.18179076983,23,,,,GOLDM,CS,,,
2026-03-21T13:01:41.297Z,market,trade,TESTE,99940.17849625618,86,,,,ITAU,JPM,,,
2026-03-21T13:01:41.453Z,market,trade,TESTE,99947.3023796996,109,,,,BARCL,CITI,,,
2026-03-21T13:01:41.606Z,market,trade,TESTE,99941.4693490439,46,,,,MS,ITAU,,,
2026-03-21T13:01:41.770Z,market,trade,TESTE,99950.57963196887,7,,,,CS,JPM,,,
2026-03-21T13:01:41.921Z,market,trade,TESTE,99945.39300175091,59,,,,BTG,CITI,,,
2026-03-21T13:01:42.074Z,market,trade,TESTE,99946.3951603488,43,,,,JPM,CS,,,
2026-03-21T13:01:42.232Z,market,trade,TESTE,99945.00114635075,133,,,,ITAU,UBS,,,
2026-03-21T13:01:42.386Z,market,trade,TESTE,99956.19979376823,169,,,,CITI,XP,,,
2026-03-21T13:01:42.546Z,market,trade,TESTE,99950.17648286145,149,,,,CITI,XP,,,
2026-03-21T13:01:42.706Z,market,trade,TESTE,99946.76386011572,88,,,,XP,GOLDM,,,
2026-03-21T13:01:42.870Z,market,trade,TESTE,99960.99510225693,86,,,,GOLDM,CS,,,
2026-03-21T13:01:43.027Z,market,trade,TESTE,99947.85974994673,105,,,,JPM,CITI,,,
2026-03-21T13:01:43.178Z,market,trade,TESTE,99951.67372192041,99,,,,GOLDM,ITAU,,,
2026-03-21T13:01:43.329Z,market,trade,TESTE,99949.91014266326,95,,,,BARCL,CITI,,,
2026-03-21T13:01:43.492Z,market,trade,TESTE,99947.30653117571,66,,,,CITI,XP,,,
2026-03-21T13:01:43.653Z,market,trade,TESTE,99948.72818493373,90,,,,CS,XP,,,
2026-03-21T13:01:43.810Z,market,trade,TESTE,99961.219644122,131,,,,UBS,GOLDM,,,
2026-03-21T13:01:43.963Z,market,trade,TESTE,99966.17294486845,95,,,,BTG,GOLDM,,,
2026-03-21T13:01:44.130Z,market,trade,TESTE,99961.99883771353,16,,,,ITAU,XP,,,
2026-03-21T13:01:44.283Z,market,trade,TESTE,99951.90139479822,165,,,,BTG,CS,,,
2026-03-21T13:01:44.437Z,market,trade,TESTE,99961.36597987202,97,,,,MS,MS,,,
2026-03-21T13:01:44.588Z,market,trade,TESTE,99955.26101205545,151,,,,MS,BTG,,,
2026-03-21T13:01:44.739Z,market,trade,TESTE,99958.57829908695,154,,,,XP,BTG,,,
2026-03-21T13:01:44.893Z,market,trade,TESTE,99970.92768298653,171,,,,UBS,CITI,,,
2026-03-21T13:01:45.052Z,market,trade,TESTE,99975.14262770188,37,,,,CS,BTG,,,
2026-03-21T13:01:45.206Z,market,trade,TESTE,99973.90364643745,162,,,,MS,BARCL,,,
2026-03-21T13:01:45.357Z,market,trade,TESTE,99977.40152896054,50,,,,UBS,BTG,,,
2026-03-21T13:01:45.508Z,market,trade,TESTE,99962.93231345221,85,,,,JPM,BTG,,,
2026-03-21T13:01:45.671Z,market,trade,TESTE,99960.67537969569,100,,,,ITAU,UBS,,,
2026-03-21T13:01:45.833Z,market,trade,TESTE,99957.71410353831,178,,,,UBS,MS,,,
2026-03-21T13:01:45.993Z,market,trade,TESTE,99960.41643174799,195,,,,ITAU,GOLDM,,,
2026-03-21T13:01:46.152Z,market,trade,TESTE,99957.48397744488,150,,,,JPM,BARCL,,,
2026-03-21T13:01:46.343Z,market,trade,WINFUT,180250.0,29,,,,XP Investimentos CCTVM S/A,J. P. MORGAN CCVM S.A.,,,
2026-03-21T13:01:51.858Z,market,trade,TESTE,99995.78812801815,191,,,,ITAU,MS,,,
2026-03-21T13:01:51.858Z,alert,,TESTE,99995.78812801815,,,3,Acúmulo Institucional Abaixo da VWAP,,,,,
2026-03-21T13:01:52.009Z,market,trade,TESTE,100010.46152406554,188,,,,CITI,CS,,,
2026-03-21T13:01:52.009Z,alert,,TESTE,100010.46152406554,,,3,Acúmulo Institucional Abaixo da VWAP,,,,,
2026-03-21T13:01:52.160Z,market,trade,TESTE,100006.54856421777,144,,,,CITI,MS,,,
2026-03-21T13:01:52.160Z,alert,,TESTE,100006.54856421777,,,3,Acúmulo Institucional Abaixo da VWAP,,,,,
2026-03-21T13:01:52.311Z,market,trade,TESTE,100004.9921533786,104,,,,MS,CITI,,,
2026-03-21T13:01:52.462Z,market,trade,TESTE,100002.30410279139,116,,,,XP,BTG,,,
2026-03-21T13:01:52.462Z,alert,,TESTE,100002.30410279139,,,3,Acúmulo Institucional Abaixo da VWAP,,,,,
2026-03-21T13:01:52.617Z,market,trade,TESTE,99995.31686615833,181,,,,CS,MS,,,
2026-03-21T13:01:52.617Z,alert,,TESTE,99995.31686615833,,,3,Acúmulo Institucional Abaixo da VWAP,,,,,
2026-03-21T13:01:52.774Z,market,trade,TESTE,100000.9891065282,25,,,,GOLDM,GOLDM,,,
2026-03-21T13:01:52.774Z,alert,,TESTE,100000.9891065282,,,3,Acúmulo Institucional Abaixo da VWAP,,,,,
2026-03-21T13:01:52.934Z,market,trade,TESTE,100003.670331213,168,,,,CS,BTG,,,
2026-03-21T13:01:52.934Z,alert,,TESTE,100003.670331213,,,3,Acúmulo Institucional Abaixo da VWAP,,,,,
2026-03-21T13:01:53.085Z,market,trade,TESTE,99994.77487061232,116,,,,CS,ITAU,,,
2026-03-21T13:01:53.085Z,alert,,TESTE,99994.77487061232,,,3,Acúmulo Institucional Abaixo da VWAP,,,,,
2026-03-21T13:01:53.236Z,market,trade,TESTE,99992.55112666798,67,,,,CS,GOLDM,,,
2026-03-21T13:01:53.236Z,alert,,TESTE,99992.55112666798,,,3,Acúmulo Institucional Abaixo da VWAP,,,,,
2026-03-21T13:01:53.387Z,market,trade,TESTE,99993.77807017187,161,,,,BARCL,MS,,,
2026-03-21T13:01:53.387Z,alert,,TESTE,99993.77807017187,,,3,Acúmulo Institucional Abaixo da VWAP,,,,,
2026-03-21T13:01:53.552Z,market,trade,TESTE,100000.67872525942,112,,,,ITAU,JPM,,,
2026-03-21T13:01:53.707Z,market,trade,TESTE,99991.46676349355,46,,,,GOLDM,UBS,,,
2026-03-21T13:01:53.707Z,alert,,TESTE,99991.46676349355,,,3,Acúmulo Institucional Abaixo da VWAP,,,,,
2026-03-21T13:01:53.870Z,market,trade,TESTE,99996.13099918868,116,,,,CS,JPM,,,
2026-03-21T13:01:53.870Z,alert,,TESTE,99996.13099918868,,,3,Acúmulo Institucional Abaixo da VWAP,,,,,
2026-03-21T13:01:54.027Z,market,trade,TESTE,99999.51310487298,32,,,,MS,MS,,,
2026-03-21T13:01:54.027Z,alert,,TESTE,99999.51310487298,,,3,Acúmulo Institucional Abaixo da VWAP,,,,,
2026-03-21T13:01:54.185Z,market,trade,TESTE,99999.71807840586,134,,,,XP,ITAU,,,
2026-03-21T13:01:54.185Z,alert,,TESTE,99999.71807840586,,,3,Acúmulo Institucional Abaixo da VWAP,,,,,
2026-03-21T13:01:54.336Z,market,trade,TESTE,100006.88711379803,131,,,,BARCL,BTG,,,
2026-03-21T13:01:54.337Z,alert,,TESTE,100006.88711379803,,,3,Acúmulo Institucional Abaixo da VWAP,,,,,
2026-03-21T13:01:54.488Z,market,trade,TESTE,100002.9851129993,109,,,,CS,CITI,,,
2026-03-21T13:01:54.488Z,alert,,TESTE,100002.9851129993,,,3,Acúmulo Institucional Abaixo da VWAP,,,,,
2026-03-21T13:01:54.640Z,market,trade,TESTE,100005.54340745774,89,,,,BTG,CITI,,,
2026-03-21T13:01:54.640Z,alert,,TESTE,100005.54340745774,,,3,Acúmulo Institucional Abaixo da VWAP,,,,,
2026-03-21T13:01:54.796Z,market,trade,TESTE,100002.43222838275,72,,,,ITAU,GOLDM,,,
2026-03-21T13:01:54.956Z,market,trade,TESTE,99988.52456581294,96,,,,CITI,UBS,,,
2026-03-21T13:01:54.956Z,alert,,TESTE,99988.52456581294,,,3,Acúmulo Institucional Abaixo da VWAP,,,,,
2026-03-21T13:01:55.115Z,market,trade,TESTE,99984.49440707122,109,,,,JPM,ITAU,,,
2026-03-21T13:01:55.115Z,alert,,TESTE,99984.49440707122,,,3,Acúmulo Institucional Abaixo da VWAP,,,,,
2026-03-21T13:01:55.276Z,market,trade,TESTE,99998.60256841958,176,,,,XP,UBS,,,
2026-03-21T13:01:55.436Z,market,trade,TESTE,99990.24768244896,67,,,,ITAU,BARCL,,,
2026-03-21T13:01:55.436Z,alert,,TESTE,99990.24768244896,,,3,Acúmulo Institucional Abaixo da VWAP,,,,,
2026-03-21T13:01:55.594Z,market,trade,TESTE,99989.54216941119,80,,,,JPM,MS,,,
2026-03-21T13:01:55.594Z,alert,,TESTE,99989.54216941119,,,3,Acúmulo Institucional Abaixo da VWAP,,,,,
2026-03-21T13:01:55.757Z,market,trade,TESTE,100004.10620602258,95,,,,CS,BARCL,,,
2026-03-21T13:01:55.908Z,market,trade,TESTE,100002.93285412286,192,,,,CS,UBS,,,
2026-03-21T13:01:56.059Z,market,trade,TESTE,99993.60345937309,120,,,,BTG,BTG,,,
2026-03-21T13:01:56.059Z,alert,,TESTE,99993.60345937309,,,3,Acúmulo Institucional Abaixo da VWAP,,,,,
2026-03-21T13:01:56.218Z,market,trade,TESTE,100005.12434720111,108,,,,BTG,ITAU,,,
2026-03-21T13:01:56.382Z,market,trade,TESTE,100002.65089612828,30,,,,BTG,GOLDM,,,
2026-03-21T13:01:56.541Z,market,trade,TESTE,99995.4063321278,191,,,,ITAU,ITAU,,,
2026-03-21T13:01:56.541Z,alert,,TESTE,99995.4063321278,,,3,Acúmulo Institucional Abaixo da VWAP,,,,,
2026-03-21T13:01:56.706Z,market,trade,TESTE,99991.66074716643,15,,,,ITAU,BARCL,,,
2026-03-21T13:01:56.706Z,alert,,TESTE,99991.66074716643,,,3,Acúmulo Institucional Abaixo da VWAP,,,,,
2026-03-21T13:01:56.858Z,market,trade,TESTE,99992.96760489361,177,,,,BTG,BARCL,,,
2026-03-21T13:01:56.858Z,alert,,TESTE,99992.96760489361,,,3,Acúmulo Institucional Abaixo da VWAP,,,,,
2026-03-21T13:01:57.016Z,market,trade,TESTE,99997.4324392489,124,,,,MS,BARCL,,,
2026-03-21T13:01:57.182Z,market,trade,TESTE,100011.60874203524,19,,,,CS,MS,,,
2026-03-21T13:01:57.343Z,market,trade,TESTE,100003.005898354,117,,,,BTG,BTG,,,
2026-03-21T13:01:57.343Z,alert,,TESTE,100003.005898354,,,3,Acúmulo Institucional Abaixo da VWAP,,,,,
2026-03-21T13:01:57.502Z,market,trade,TESTE,100014.40781081103,177,,,,CITI,CS,,,
2026-03-21T13:01:57.661Z,market,trade,TESTE,100008.90423931986,37,,,,GOLDM,UBS,,,
2026-03-21T13:01:57.661Z,alert,,TESTE,100008.90423931986,,,3,Acúmulo Institucional Abaixo da VWAP,,,,,
2026-03-21T13:01:57.826Z,market,trade,TESTE,100011.19424245768,77,,,,CS,GOLDM,,,
2026-03-21T13:01:57.826Z,alert,,TESTE,100011.19424245768,,,3,Acúmulo Institucional Abaixo da VWAP,,,,,
2026-03-21T13:01:57.986Z,market,trade,TESTE,100023.69412580549,11,,,,CS,UBS,,,
2026-03-21T13:01:58.145Z,market,trade,TESTE,100017.83998971086,112,,,,MS,ITAU,,,
2026-03-21T13:01:58.145Z,alert,,TESTE,100017.83998971086,,,3,Acúmulo Institucional Abaixo da VWAP,,,,,
2026-03-21T13:01:58.307Z,market,trade,TESTE,100015.43420021114,19,,,,BTG,XP,,,
2026-03-21T13:01:58.307Z,alert,,TESTE,100015.43420021114,,,3,Acúmulo Institucional Abaixo da VWAP,,,,,
2026-03-21T13:01:58.466Z,market,trade,TESTE,100028.96732365758,161,,,,BARCL,CS,,,
2026-03-21T13:01:58.623Z,market,trade,TESTE,100020.35094579236,141,,,,ITAU,CS,,,
2026-03-21T13:01:58.623Z,alert,,TESTE,100020.35094579236,,,3,Acúmulo Institucional Abaixo da VWAP,,,,,
2026-03-21T13:01:58.784Z,market,trade,TESTE,100015.75027851222,87,,,,BTG,XP,,,
2026-03-21T13:01:58.784Z,alert,,TESTE,100015.75027851222,,,3,Acúmulo Institucional Abaixo da VWAP,,,,,
2026-03-21T13:01:58.944Z,market,trade,TESTE,100017.75341104028,125,,,,GOLDM,GOLDM,,,
2026-03-21T13:01:58.944Z,alert,,TESTE,100017.75341104028,,,3,Acúmulo Institucional Abaixo da VWAP,,,,,
2026-03-21T13:01:59.102Z,market,trade,TESTE,100027.29816775638,113,,,,JPM,XP,,,
2026-03-21T13:01:59.102Z,alert,,TESTE,100027.29816775638,,,3,Acúmulo Institucional Abaixo da VWAP,,,,,
2026-03-21T13:01:59.262Z,market,trade,TESTE,100024.00614256837,52,,,,XP,XP,,,
2026-03-21T13:01:59.422Z,market,trade,TESTE,100010.99470843397,130,,,,GOLDM,UBS,,,
2026-03-21T13:01:59.422Z,alert,,TESTE,100010.99470843397,,,3,Acúmulo Institucional Abaixo da VWAP,,,,,
2026-03-21T13:01:59.581Z,market,trade,TESTE,100014.44467523487,10,,,,GOLDM,ITAU,,,
2026-03-21T13:01:59.581Z,alert,,TESTE,100014.44467523487,,,3,Acúmulo Institucional Abaixo da VWAP,,,,,
2026-03-21T13:01:59.742Z,market,trade,TESTE,100013.37740249785,154,,,,MS,BTG,,,
2026-03-21T13:01:59.742Z,alert,,TESTE,100013.37740249785,,,3,Acúmulo Institucional Abaixo da VWAP,,,,,
2026-03-21T13:01:59.896Z,market,trade,TESTE,100016.86552002913,102,,,,JPM,BARCL,,,
2026-03-21T13:02:00.061Z,market,trade,TESTE,100027.17060507934,93,,,,JPM,MS,,,
2026-03-21T13:02:00.061Z,alert,,TESTE,100027.17060507934,,,3,Acúmulo Institucional Abaixo da VWAP,,,,,
2026-03-21T13:02:00.223Z,market,trade,TESTE,100014.13818639315,172,,,,BARCL,MS,,,
2026-03-21T13:02:00.382Z,market,trade,TESTE,100026.84251198641,126,,,,CITI,BTG,,,
2026-03-21T13:02:00.542Z,market,trade,TESTE,100016.40905585297,87,,,,XP,BARCL,,,
2026-03-21T13:02:00.702Z,market,trade,TESTE,100017.59951656281,64,,,,CITI,MS,,,
2026-03-21T13:02:00.858Z,market,trade,TESTE,100016.93957720346,10,,,,CS,CITI,,,
2026-03-21T13:02:00.859Z,alert,,TESTE,100016.93957720346,,,3,Acúmulo Institucional Abaixo da VWAP,,,,,
2026-03-21T13:02:01.017Z,market,trade,TESTE,100025.89962413274,166,,,,BTG,BARCL,,,
2026-03-21T13:02:01.170Z,market,trade,TESTE,100017.84020036398,23,,,,CITI,CS,,,
2026-03-21T13:02:01.170Z,alert,,TESTE,100017.84020036398,,,3,Acúmulo Institucional Abaixo da VWAP,,,,,
2026-03-21T13:02:01.326Z,market,trade,TESTE,100016.28641468528,10,,,,UBS,CS,,,
2026-03-21T13:02:01.326Z,alert,,TESTE,100016.28641468528,,,3,Acúmulo Institucional Abaixo da VWAP,,,,,
2026-03-21T13:02:01.482Z,market,trade,TESTE,100027.79961034158,191,,,,BARCL,BTG,,,
2026-03-21T13:02:01.636Z,market,trade,TESTE,100013.23514725213,99,,,,JPM,ITAU,,,
2026-03-21T13:02:01.790Z,market,trade,TESTE,100010.59900689477,166,,,,CITI,CITI,,,
2026-03-21T13:02:01.790Z,alert,,TESTE,100010.59900689477,,,3,Acúmulo Institucional Abaixo da VWAP,,,,,
2026-03-21T13:02:01.946Z,market,trade,TESTE,100015.49913049387,28,,,,JPM,MS,,,
2026-03-21T13:02:02.105Z,market,trade,TESTE,100018.20341857181,56,,,,GOLDM,UBS,,,
2026-03-21T13:02:02.105Z,alert,,TESTE,100018.20341857181,,,3,Acúmulo Institucional Abaixo da VWAP,,,,,
2026-03-21T13:02:02.262Z,market,trade,TESTE,100019.21261611894,69,,,,CITI,XP,,,
2026-03-21T13:02:02.263Z,alert,,TESTE,100019.21261611894,,,3,Acúmulo Institucional Abaixo da VWAP,,,,,
2026-03-21T13:02:02.421Z,market,trade,TESTE,100014.26082850472,160,,,,MS,UBS,,,
2026-03-21T13:02:02.421Z,alert,,TESTE,100014.26082850472,,,3,Acúmulo Institucional Abaixo da VWAP,,,,,
2026-03-21T13:02:02.582Z,market,trade,TESTE,100025.00445019895,59,,,,CS,CS,,,
2026-03-21T13:02:02.742Z,market,trade,TESTE,100016.92523749551,133,,,,XP,ITAU,,,
2026-03-21T13:02:02.897Z,market,trade,TESTE,100019.62452798674,29,,,,CS,BTG,,,
2026-03-21T13:02:03.050Z,market,trade,TESTE,100034.27022885083,126,,,,GOLDM,BTG,,,
2026-03-21T13:02:03.205Z,market,trade,TESTE,100029.19271162646,38,,,,ITAU,GOLDM,,,
2026-03-21T13:02:03.356Z,market,trade,TESTE,100033.9634030257,153,,,,CS,CS,,,
2026-03-21T13:02:03.507Z,market,trade,TESTE,100043.38632451188,159,,,,CITI,CITI,,,
2026-03-21T13:02:03.657Z,market,trade,TESTE,100044.74505373291,175,,,,BARCL,MS,,,
2026-03-21T13:02:03.807Z,market,trade,TESTE,100030.64450078347,87,,,,CITI,BARCL,,,
2026-03-21T13:02:03.959Z,market,trade,TESTE,100028.05090160645,158,,,,JPM,XP,,,
2026-03-21T13:02:03.959Z,alert,,TESTE,100028.05090160645,,,3,Acúmulo Institucional Abaixo da VWAP,,,,,
2026-03-21T13:02:04.110Z,market,trade,TESTE,100031.64072095283,198,,,,CS,JPM,,,
2026-03-21T13:02:04.110Z,alert,,TESTE,100031.64072095283,,,3,Acúmulo Institucional Abaixo da VWAP,,,,,
2026-03-21T13:02:04.273Z,market,trade,TESTE,100034.6484877325,26,,,,BARCL,CITI,,,
2026-03-21T13:02:04.437Z,market,trade,TESTE,100038.361888037,110,,,,MS,BTG,,,
2026-03-21T13:02:04.588Z,market,trade,TESTE,100038.55159988556,9,,,,CS,BTG,,,
2026-03-21T13:02:04.745Z,market,trade,TESTE,100048.93695230693,90,,,,CS,XP,,,
2026-03-21T13:02:04.906Z,market,trade,TESTE,100049.16242455256,139,,,,XP,BTG,,,
2026-03-21T13:02:05.057Z,market,trade,TESTE,100042.17209305905,111,,,,GOLDM,GOLDM,,,
2026-03-21T13:02:05.213Z,market,trade,TESTE,100043.62944341746,76,,,,BARCL,BARCL,,,
2026-03-21T13:02:05.366Z,market,trade,TESTE,100049.4106943552,165,,,,BTG,CITI,,,
2026-03-21T13:02:05.526Z,market,trade,TESTE,100047.06769586468,143,,,,CITI,CITI,,,
2026-03-21T13:02:05.686Z,market,trade,TESTE,100045.0771559824,190,,,,BARCL,MS,,,
2026-03-21T13:02:05.837Z,market,trade,TESTE,100048.60146891761,179,,,,BTG,BTG,,,
2026-03-21T13:02:06.002Z,market,trade,TESTE,100049.62279407815,92,,,,MS,BARCL,,,
2026-03-21T13:02:06.166Z,market,trade,TESTE,100044.7651196504,130,,,,XP,BTG,,,
2026-03-21T13:02:06.319Z,market,trade,TESTE,100045.04373952336,130,,,,GOLDM,BARCL,,,
2026-03-21T13:02:06.473Z,market,trade,TESTE,100043.60099571844,152,,,,UBS,UBS,,,
2026-03-21T13:02:06.623Z,market,trade,TESTE,100030.01379431211,120,,,,JPM,JPM,,,
2026-03-21T13:02:06.623Z,alert,,TESTE,100030.01379431211,,,3,Acúmulo Institucional Abaixo da VWAP,,,,,
2026-03-21T13:02:06.775Z,market,trade,TESTE,100034.95957702587,152,,,,JPM,UBS,,,
2026-03-21T13:02:06.933Z,market,trade,TESTE,100046.98734959382,159,,,,BARCL,UBS,,,
2026-03-21T13:02:07.086Z,market,trade,TESTE,100043.66286760541,135,,,,CITI,CITI,,,
2026-03-21T13:02:07.238Z,market,trade,TESTE,100034.35064983593,96,,,,CS,CS,,,
2026-03-21T13:02:07.389Z,market,trade,TESTE,100032.85416651791,124,,,,XP,GOLDM,,,
2026-03-21T13:02:07.545Z,market,trade,TESTE,100030.43043028713,122,,,,UBS,CS,,,
2026-03-21T13:02:07.702Z,market,trade,TESTE,100031.55756825575,89,,,,UBS,MS,,,
2026-03-21T13:02:07.857Z,market,trade,TESTE,100040.76858139897,149,,,,GOLDM,BTG,,,
2026-03-21T13:02:08.012Z,market,trade,TESTE,100028.99816227425,185,,,,BTG,JPM,,,
2026-03-21T13:02:08.012Z,alert,,TESTE,100028.99816227425,,,3,Acúmulo Institucional Abaixo da VWAP,,,,,
2026-03-21T13:02:08.169Z,market,trade,TESTE,100027.30138218241,54,,,,CS,CITI,,,
2026-03-21T13:02:08.344Z,market,trade,TESTE,100034.50619592298,169,,,,CS,ITAU,,,
2026-03-21T13:02:08.500Z,market,trade,TESTE,100023.05993875499,39,,,,GOLDM,BTG,,,
2026-03-21T13:02:08.667Z,market,trade,TESTE,100027.56330540446,32,,,,BARCL,GOLDM,,,
2026-03-21T13:02:08.826Z,market,trade,TESTE,100042.51430950251,180,,,,GOLDM,JPM,,,
2026-03-21T13:02:08.985Z,market,trade,TESTE,100046.95740130043,200,,,,MS,GOLDM,,,
2026-03-21T13:02:09.146Z,market,trade,TESTE,100050.76891067984,27,,,,ITAU,CITI,,,
2026-03-21T13:02:09.302Z,market,trade,TESTE,100044.71705302846,103,,,,CS,UBS,,,
2026-03-21T13:02:09.456Z,market,trade,TESTE,100043.12075386172,68,,,,XP,UBS,,,
2026-03-21T13:02:09.608Z,market,trade,TESTE,100054.85922760145,10,,,,CITI,BTG,,,
2026-03-21T13:02:09.772Z,market,trade,TESTE,100054.75688021032,26,,,,BARCL,BARCL,,,
2026-03-21T13:02:09.929Z,market,trade,TESTE,100058.06110838299,54,,,,UBS,XP,,,
2026-03-21T13:02:10.083Z,market,trade,TESTE,100045.24314987221,16,,,,CITI,CITI,,,
2026-03-21T13:02:10.233Z,market,trade,TESTE,100047.60455018088,122,,,,JPM,CS,,,
2026-03-21T13:02:10.387Z,market,trade,TESTE,100045.66956820968,138,,,,UBS,CITI,,,
2026-03-21T13:02:10.539Z,market,trade,TESTE,100044.31726374492,36,,,,UBS,JPM,,,
2026-03-21T13:02:10.539Z,alert,,TESTE,100044.31726374492,,,3,Acúmulo Institucional Abaixo da VWAP,,,,,
2026-03-21T13:02:10.692Z,market,trade,TESTE,100047.14274764828,52,,,,CITI,XP,,,
2026-03-21T13:02:10.692Z,alert,,TESTE,100047.14274764828,,,3,Acúmulo Institucional Abaixo da VWAP,,,,,
2026-03-21T13:02:10.843Z,market,trade,TESTE,100047.06513043973,131,,,,ITAU,BARCL,,,
2026-03-21T13:02:11.002Z,market,trade,TESTE,100044.75436558516,10,,,,BARCL,BARCL,,,
2026-03-21T13:02:11.156Z,market,trade,TESTE,100043.93362054888,101,,,,CITI,MS,,,
2026-03-21T13:02:11.316Z,market,trade,TESTE,100042.78491105819,17,,,,XP,BTG,,,
2026-03-21T13:02:11.482Z,market,trade,TESTE,100048.96073131898,99,,,,BARCL,JPM,,,
2026-03-21T13:02:11.641Z,market,trade,TESTE,100051.29226293685,31,,,,GOLDM,MS,,,
2026-03-21T13:02:11.805Z,market,trade,TESTE,100055.43398096874,133,,,,UBS,GOLDM,,,
2026-03-21T13:02:11.966Z,market,trade,TESTE,100057.3613372304,120,,,,GOLDM,GOLDM,,,
2026-03-21T13:02:12.117Z,market,trade,TESTE,100052.50978108446,74,,,,MS,MS,,,
2026-03-21T13:02:12.272Z,market,trade,TESTE,100055.06501536399,92,,,,XP,BARCL,,,
2026-03-21T13:02:12.426Z,market,trade,TESTE,100054.80671030968,29,,,,JPM,BTG,,,
2026-03-21T13:02:12.586Z,market,trade,TESTE,100048.43698819532,104,,,,CS,MS,,,
2026-03-21T13:02:12.746Z,market,trade,TESTE,100060.14304294343,57,,,,JPM,ITAU,,,
2026-03-21T13:02:12.896Z,market,trade,TESTE,100054.10131663359,125,,,,BARCL,CS,,,
2026-03-21T13:02:13.057Z,market,trade,TESTE,100055.91838695425,48,,,,ITAU,GOLDM,,,
2026-03-21T13:02:13.208Z,market,trade,TESTE,100066.32888201323,103,,,,BARCL,BTG,,,
2026-03-21T13:02:13.360Z,market,trade,TESTE,100057.02866711556,18,,,,CS,GOLDM,,,
2026-03-21T13:02:13.510Z,market,trade,TESTE,100066.62705978283,179,,,,BARCL,CITI,,,
2026-03-21T13:02:13.661Z,market,trade,TESTE,100058.0995534242,44,,,,MS,BTG,,,
2026-03-21T13:02:13.811Z,market,trade,TESTE,100061.94272726393,112,,,,GOLDM,CS,,,
2026-03-21T13:02:13.972Z,market,trade,TESTE,100072.20519179766,36,,,,XP,UBS,,,
2026-03-21T13:02:14.124Z,market,trade,TESTE,100074.13488932629,180,,,,ITAU,CS,,,
2026-03-21T13:02:14.285Z,market,trade,TESTE,100065.84567803056,192,,,,GOLDM,ITAU,,,
2026-03-21T13:02:14.438Z,market,trade,TESTE,100064.73557294677,157,,,,CITI,GOLDM,,,
2026-03-21T13:02:14.597Z,market,trade,TESTE,100062.25624739019,76,,,,CITI,ITAU,,,
2026-03-21T13:02:14.748Z,market,trade,TESTE,100069.51623285492,63,,,,UBS,ITAU,,,
2026-03-21T13:02:14.904Z,market,trade,TESTE,100057.28013257196,11,,,,UBS,GOLDM,,,
2026-03-21T13:02:15.062Z,market,trade,TESTE,100055.70420233592,49,,,,JPM,CITI,,,
2026-03-21T13:02:15.221Z,market,trade,TESTE,100055.184114975,29,,,,UBS,JPM,,,
2026-03-21T13:02:15.385Z,market,trade,TESTE,100051.24467041052,15,,,,BTG,CITI,,,
2026-03-21T13:02:15.545Z,market,trade,TESTE,100058.91873726602,102,,,,JPM,CS,,,
2026-03-21T13:02:15.698Z,market,trade,TESTE,100050.32668661639,36,,,,BTG,UBS,,,
2026-03-21T13:02:15.857Z,market,trade,TESTE,100063.17798454413,109,,,,BTG,JPM,,,
2026-03-21T13:02:16.009Z,market,trade,TESTE,100066.23516442989,71,,,,ITAU,GOLDM,,,
2026-03-21T13:02:16.162Z,market,trade,TESTE,100064.84886529924,137,,,,BTG,ITAU,,,
2026-03-21T13:02:16.326Z,market,trade,TESTE,100052.26925678694,14,,,,BARCL,BTG,,,
2026-03-21T13:02:16.488Z,market,trade,TESTE,100066.06714371903,6,,,,CS,BTG,,,
2026-03-21T13:02:16.642Z,market,trade,TESTE,100056.30956444117,38,,,,BARCL,ITAU,,,
2026-03-21T13:02:16.806Z,market,trade,TESTE,100058.41539139114,157,,,,ITAU,CS,,,
2026-03-21T13:02:16.962Z,market,trade,TESTE,100065.03278452146,94,,,,XP,GOLDM,,,
2026-03-21T13:02:17.129Z,market,trade,TESTE,100053.21838713158,44,,,,ITAU,CITI,,,
2026-03-21T13:02:17.292Z,market,trade,TESTE,100056.36372550392,165,,,,CS,ITAU,,,
2026-03-21T13:02:17.451Z,market,trade,TESTE,100054.42505632146,18,,,,XP,CITI,,,
2026-03-21T13:02:17.604Z,market,trade,TESTE,100063.00018878146,194,,,,CITI,CS,,,
2026-03-21T13:02:17.766Z,market,trade,TESTE,100059.99870079568,10,,,,UBS,JPM,,,
2026-03-21T13:02:17.920Z,market,trade,TESTE,100052.43201582563,26,,,,CS,GOLDM,,,
2026-03-21T13:02:18.076Z,market,trade,TESTE,100050.67572477419,99,,,,JPM,CS,,,
2026-03-21T13:02:18.227Z,market,trade,TESTE,100054.07693092077,37,,,,MS,GOLDM,,,
2026-03-21T13:02:18.379Z,market,trade,TESTE,100056.44005900208,166,,,,MS,JPM,,,
2026-03-21T13:02:18.536Z,market,trade,TESTE,100055.89984003478,178,,,,MS,ITAU,,,
2026-03-21T13:02:18.690Z,market,trade,TESTE,100053.37932307813,185,,,,ITAU,CITI,,,
2026-03-21T13:02:18.841Z,market,trade,TESTE,100050.02189343546,36,,,,MS,UBS,,,
2026-03-21T13:02:19.007Z,market,trade,TESTE,100051.91326809507,121,,,,CITI,UBS,,,
2026-03-21T13:02:19.164Z,market,trade,TESTE,100062.4018944181,138,,,,CS,CS,,,
2026-03-21T13:02:19.321Z,market,trade,TESTE,100054.79575197578,28,,,,BTG,BARCL,,,
2026-03-21T13:02:19.482Z,market,trade,TESTE,100063.3182499489,196,,,,MS,BARCL,,,
2026-03-21T13:02:19.642Z,market,trade,TESTE,100063.93255527814,15,,,,CITI,CS,,,
2026-03-21T13:02:19.809Z,market,trade,TESTE,100064.50274125402,156,,,,ITAU,GOLDM,,,
2026-03-21T13:02:19.966Z,market,trade,TESTE,100062.93792584701,175,,,,JPM,XP,,,
2026-03-21T13:02:20.127Z,market,trade,TESTE,100057.73509668815,154,,,,XP,ITAU,,,
2026-03-21T13:02:20.285Z,market,trade,TESTE,100061.7504091951,164,,,,ITAU,BTG,,,
2026-03-21T13:02:20.446Z,market,trade,TESTE,100058.84572099852,124,,,,CITI,ITAU,,,
2026-03-21T13:02:20.607Z,market,trade,TESTE,100065.56191278592,102,,,,UBS,ITAU,,,
2026-03-21T13:02:20.771Z,market,trade,TESTE,100061.42156010304,85,,,,XP,BTG,,,
2026-03-21T13:02:20.929Z,market,trade,TESTE,100066.16385994309,25,,,,BTG,CITI,,,
2026-03-21T13:02:21.087Z,market,trade,TESTE,100055.98963886657,158,,,,UBS,CITI,,,
2026-03-21T13:02:21.246Z,market,trade,TESTE,100070.0174618258,8,,,,MS,JPM,,,
2026-03-21T13:02:21.405Z,market,trade,TESTE,100065.10506370621,57,,,,ITAU,UBS,,,
2026-03-21T13:02:21.566Z,market,trade,TESTE,100066.00486438954,132,,,,BTG,MS,,,
2026-03-21T13:02:21.722Z,market,trade,TESTE,100056.55555480353,191,,,,CS,UBS,,,
2026-03-21T13:02:21.885Z,market,trade,TESTE,100067.53805793231,115,,,,BARCL,UBS,,,
2026-03-21T13:02:22.045Z,market,trade,TESTE,100062.04373823741,54,,,,JPM,XP,,,
2026-03-21T13:02:22.045Z,alert,,TESTE,100062.04373823741,,,3,Acúmulo Institucional Abaixo da VWAP,,,,,
2026-03-21T13:02:22.201Z,market,trade,TESTE,100057.50095761374,6,,,,BARCL,XP,,,
2026-03-21T13:02:22.201Z,alert,,TESTE,100057.50095761374,,,3,Acúmulo Institucional Abaixo da VWAP,,,,,
2026-03-21T13:02:22.363Z,market,trade,TESTE,100059.93009903701,83,,,,MS,CITI,,,
2026-03-21T13:02:22.522Z,market,trade,TESTE,100056.09107464051,166,,,,JPM,ITAU,,,
2026-03-21T13:02:22.681Z,market,trade,TESTE,100062.62336241607,25,,,,ITAU,BTG,,,
2026-03-21T13:02:22.838Z,market,trade,TESTE,100053.95243108024,34,,,,BARCL,MS,,,
2026-03-21T13:02:23.002Z,market,trade,TESTE,100058.51150530703,77,,,,XP,BARCL,,,
2026-03-21T13:02:23.162Z,market,trade,TESTE,100055.46202264445,110,,,,MS,XP,,,
2026-03-21T13:02:23.326Z,market,trade,TESTE,100064.98190858886,163,,,,UBS,JPM,,,
2026-03-21T13:02:23.481Z,market,trade,TESTE,100061.44059402557,144,,,,ITAU,JPM,,,
2026-03-21T13:02:23.643Z,market,trade,TESTE,100066.04284953112,82,,,,UBS,UBS,,,
2026-03-21T13:02:23.806Z,market,trade,TESTE,100068.32922402746,153,,,,BARCL,MS,,,
2026-03-21T13:02:23.966Z,market,trade,TESTE,100060.81249986238,152,,,,BTG,JPM,,,
2026-03-21T13:02:24.126Z,market,trade,TESTE,100068.07647496533,79,,,,BTG,CS,,,
2026-03-21T13:02:24.280Z,market,trade,TESTE,100053.12907432548,66,,,,BTG,JPM,,,
2026-03-21T13:02:24.442Z,market,trade,TESTE,100066.28732729911,133,,,,GOLDM,BTG,,,
2026-03-21T13:02:24.602Z,market,trade,TESTE,100058.57908702518,85,,,,ITAU,CITI,,,
2026-03-21T13:02:24.765Z,market,trade,TESTE,100061.8055092809,62,,,,ITAU,CS,,,
2026-03-21T13:02:24.925Z,market,trade,TESTE,100062.34212319937,22,,,,MS,GOLDM,,,
2026-03-21T13:02:25.086Z,market,trade,TESTE,100066.04046034903,142,,,,BARCL,BARCL,,,
2026-03-21T13:02:25.243Z,market,trade,TESTE,100074.35247112533,48,,,,ITAU,ITAU,,,
2026-03-21T13:02:25.406Z,market,trade,TESTE,100071.08892288721,59,,,,UBS,BTG,,,
2026-03-21T13:02:25.556Z,market,trade,TESTE,100058.54431730563,64,,,,MS,BTG,,,
2026-03-21T13:02:25.708Z,market,trade,TESTE,100062.30257040903,53,,,,BTG,JPM,,,
2026-03-21T13:02:25.862Z,market,trade,TESTE,100067.47787078074,194,,,,JPM,BTG,,,
2026-03-21T13:02:26.022Z,market,trade,TESTE,100055.42710833414,127,,,,JPM,BARCL,,,
2026-03-21T13:02:26.182Z,market,trade,TESTE,100063.4035708327,108,,,,BARCL,XP,,,
2026-03-21T13:02:26.345Z,market,trade,TESTE,100050.94729092774,190,,,,JPM,ITAU,,,
2026-03-21T13:02:26.501Z,market,trade,TESTE,100063.06632099449,159,,,,MS,XP,,,
2026-03-21T13:02:26.662Z,market,trade,TESTE,100064.95426375986,100,,,,ITAU,BTG,,,
2026-03-21T13:02:26.826Z,market,trade,TESTE,100060.52978493445,58,,,,BARCL,ITAU,,,
2026-03-21T13:02:26.984Z,market,trade,TESTE,100047.95711443234,109,,,,CITI,BARCL,,,
2026-03-21T13:02:27.146Z,market,trade,TESTE,100053.25208018774,144,,,,BARCL,BTG,,,
2026-03-21T13:02:27.302Z,market,trade,TESTE,100051.20377638534,121,,,,CS,ITAU,,,
2026-03-21T13:02:27.461Z,market,trade,TESTE,100041.20679804824,12,,,,ITAU,XP,,,
2026-03-21T13:02:27.622Z,market,trade,TESTE,100045.57425950539,82,,,,GOLDM,CITI,,,
2026-03-21T13:02:27.772Z,market,trade,TESTE,100050.74016033426,88,,,,GOLDM,CS,,,
2026-03-21T13:02:27.930Z,market,trade,TESTE,100047.33954404667,182,,,,BARCL,MS,,,
2026-03-21T13:02:28.087Z,market,trade,TESTE,100039.82588938881,169,,,,MS,JPM,,,
2026-03-21T13:02:28.246Z,market,trade,TESTE,100054.2937775068,116,,,,ITAU,MS,,,
2026-03-21T13:02:28.405Z,market,trade,TESTE,100051.4768321792,27,,,,CITI,CS,,,
2026-03-21T13:02:28.562Z,market,trade,TESTE,100055.47180570498,21,,,,UBS,GOLDM,,,
2026-03-21T13:02:28.721Z,market,trade,TESTE,100051.4657092265,171,,,,BTG,BTG,,,
2026-03-21T13:02:28.885Z,market,trade,TESTE,100038.34638027802,120,,,,ITAU,JPM,,,
2026-03-21T13:02:29.042Z,market,trade,TESTE,100041.47388900207,33,,,,JPM,XP,,,
2026-03-21T13:02:29.204Z,market,trade,TESTE,100039.33674007018,21,,,,GOLDM,BARCL,,,
2026-03-21T13:02:29.361Z,market,trade,TESTE,100044.40025228397,148,,,,CITI,JPM,,,
2026-03-21T13:02:29.522Z,market,trade,TESTE,100034.18055920614,118,,,,JPM,UBS,,,
2026-03-21T13:02:29.688Z,market,trade,TESTE,100043.57730835698,141,,,,BARCL,CITI,,,
2026-03-21T13:02:29.839Z,market,trade,TESTE,100036.76308791304,135,,,,UBS,UBS,,,
2026-03-21T13:02:30.001Z,market,trade,TESTE,100041.34787051019,18,,,,XP,BARCL,,,
2026-03-21T13:02:30.162Z,market,trade,TESTE,100042.84309977968,85,,,,XP,BARCL,,,
2026-03-21T13:02:30.321Z,market,trade,TESTE,100038.15331683615,19,,,,GOLDM,BARCL,,,
2026-03-21T13:02:30.483Z,market,trade,TESTE,100048.51638514528,95,,,,XP,MS,,,
2026-03-21T13:02:30.646Z,market,trade,TESTE,100043.8654609252,23,,,,MS,MS,,,
2026-03-21T13:02:30.806Z,market,trade,TESTE,100037.89991978713,190,,,,GOLDM,CS,,,
2026-03-21T13:02:30.965Z,market,trade,TESTE,100045.68335008743,122,,,,CS,UBS,,,
2026-03-21T13:02:31.122Z,market,trade,TESTE,100041.73348914359,183,,,,CS,XP,,,
2026-03-21T13:02:31.285Z,market,trade,TESTE,100045.2900880825,162,,,,JPM,UBS,,,
2026-03-21T13:02:31.446Z,market,trade,TESTE,100037.77627853426,20,,,,CITI,UBS,,,
2026-03-21T13:02:31.606Z,market,trade,TESTE,100043.86319106621,74,,,,UBS,ITAU,,,
2026-03-21T13:02:31.767Z,market,trade,TESTE,100032.56809604545,126,,,,CITI,GOLDM,,,
2026-03-21T13:02:31.925Z,market,trade,TESTE,100032.02390178978,80,,,,BARCL,UBS,,,
2026-03-21T13:02:32.085Z,market,trade,TESTE,100035.48057797115,102,,,,CITI,BARCL,,,
2026-03-21T13:02:32.245Z,market,trade,TESTE,100041.12318009482,40,,,,CS,BTG,,,
2026-03-21T13:02:32.404Z,market,trade,TESTE,100035.84321898397,62,,,,ITAU,MS,,,
2026-03-21T13:02:32.560Z,market,trade,TESTE,100036.65905838355,116,,,,UBS,CITI,,,
2026-03-21T13:02:32.721Z,market,trade,TESTE,100040.22728659773,46,,,,UBS,MS,,,
2026-03-21T13:02:32.887Z,market,trade,TESTE,100050.59966768647,78,,,,BARCL,XP,,,
2026-03-21T13:02:33.046Z,market,trade,TESTE,100047.3258744021,33,,,,CS,BARCL,,,
2026-03-21T13:02:33.206Z,market,trade,TESTE,100051.16477931348,185,,,,BARCL,ITAU,,,
2026-03-21T13:02:33.366Z,market,trade,TESTE,100044.58373860626,164,,,,GOLDM,BTG,,,
2026-03-21T13:02:33.517Z,market,trade,TESTE,100053.28995800801,121,,,,JPM,BARCL,,,
2026-03-21T13:02:33.668Z,market,trade,TESTE,100049.41238815623,50,,,,CS,GOLDM,,,
2026-03-21T13:02:33.820Z,market,trade,TESTE,100051.15289664968,185,,,,CITI,ITAU,,,
2026-03-21T13:02:33.974Z,market,trade,TESTE,100048.15833541061,189,,,,ITAU,BARCL,,,
2026-03-21T13:02:34.127Z,market,trade,TESTE,100040.9966702101,60,,,,JPM,UBS,,,
2026-03-21T13:02:34.285Z,market,trade,TESTE,100041.97665223492,85,,,,ITAU,JPM,,,
2026-03-21T13:02:34.442Z,market,trade,TESTE,100054.54456211124,179,,,,ITAU,CS,,,
2026-03-21T13:02:34.600Z,market,trade,TESTE,100041.36264030234,158,,,,GOLDM,XP,,,
2026-03-21T13:02:34.756Z,market,trade,TESTE,100041.04691024516,50,,,,ITAU,JPM,,,
2026-03-21T13:02:34.907Z,market,trade,TESTE,100054.36250899607,7,,,,MS,XP,,,
2026-03-21T13:02:35.065Z,market,trade,TESTE,100058.93484356995,89,,,,BARCL,XP,,,
2026-03-21T13:02:35.221Z,market,trade,TESTE,100051.94040124581,146,,,,CITI,CS,,,
2026-03-21T13:02:35.382Z,market,trade,TESTE,100060.3430820367,140,,,,MS,ITAU,,,
2026-03-21T13:02:35.546Z,market,trade,TESTE,100062.62667854418,126,,,,JPM,BTG,,,
2026-03-21T13:02:35.706Z,market,trade,TESTE,100056.1409157512,165,,,,BTG,XP,,,
2026-03-21T13:02:35.871Z,market,trade,TESTE,100062.812941761,87,,,,ITAU,JPM,,,
2026-03-21T13:02:36.025Z,market,trade,TESTE,100065.16341475524,171,,,,BTG,XP,,,
2026-03-21T13:02:36.186Z,market,trade,TESTE,100061.68073170845,5,,,,BARCL,ITAU,,,
2026-03-21T13:02:36.346Z,market,trade,TESTE,100052.03637730912,55,,,,CS,ITAU,,,
2026-03-21T13:02:36.496Z,market,trade,TESTE,100054.1995967589,89,,,,BARCL,BARCL,,,
2026-03-21T13:02:36.661Z,market,trade,TESTE,100068.44565266935,78,,,,BARCL,ITAU,,,
2026-03-21T13:02:36.821Z,market,trade,TESTE,100072.19798944028,91,,,,ITAU,UBS,,,
2026-03-21T13:02:36.986Z,market,trade,TESTE,100060.58892679552,110,,,,JPM,MS,,,
2026-03-21T13:02:37.145Z,market,trade,TESTE,100063.48245466797,38,,,,BTG,UBS,,,
2026-03-21T13:02:37.305Z,market,trade,TESTE,100070.126769951,16,,,,GOLDM,GOLDM,,,
2026-03-21T13:02:37.456Z,market,trade,TESTE,100068.20531549255,162,,,,JPM,GOLDM,,,
2026-03-21T13:02:37.607Z,market,trade,TESTE,100068.62797483688,11,,,,CITI,BTG,,,
2026-03-21T13:02:37.757Z,market,trade,TESTE,100070.0560438206,44,,,,BTG,JPM,,,
2026-03-21T13:02:37.910Z,market,trade,TESTE,100060.93947221339,35,,,,GOLDM,CITI,,,
2026-03-21T13:02:38.065Z,market,trade,TESTE,100059.1721878089,194,,,,UBS,GOLDM,,,
2026-03-21T13:02:38.225Z,market,trade,TESTE,100070.57603046451,41,,,,ITAU,BARCL,,,
2026-03-21T13:02:38.384Z,market,trade,TESTE,100062.38731957368,169,,,,CITI,JPM,,,
2026-03-21T13:02:38.541Z,market,trade,TESTE,100073.94761247346,40,,,,BTG,JPM,,,
2026-03-21T13:02:38.704Z,market,trade,TESTE,100069.11463695562,92,,,,GOLDM,XP,,,
2026-03-21T13:02:38.869Z,market,trade,TESTE,100059.95866777658,82,,,,XP,GOLDM,,,
2026-03-21T13:02:39.025Z,market,trade,TESTE,100057.6375893913,143,,,,JPM,BARCL,,,
2026-03-21T13:02:39.186Z,market,trade,TESTE,100072.17489459008,9,,,,CS,BARCL,,,
2026-03-21T13:02:39.345Z,market,trade,TESTE,100072.75566251384,68,,,,MS,JPM,,,
2026-03-21T13:02:39.505Z,market,trade,TESTE,100068.28198967858,113,,,,BTG,UBS,,,
2026-03-21T13:02:39.656Z,market,trade,TESTE,100059.81077005678,30,,,,BTG,BTG,,,
2026-03-21T13:02:39.808Z,market,trade,TESTE,100059.95933913456,141,,,,JPM,ITAU,,,
2026-03-21T13:02:39.959Z,market,trade,TESTE,100056.98420429998,148,,,,BARCL,CS,,,
2026-03-21T13:02:40.112Z,market,trade,TESTE,100071.69441674522,52,,,,CS,GOLDM,,,
2026-03-21T13:02:40.263Z,market,trade,TESTE,100064.01210573212,9,,,,MS,BARCL,,,
2026-03-21T13:02:40.426Z,market,trade,TESTE,100072.88604994494,177,,,,ITAU,CS,,,
2026-03-21T13:02:40.578Z,market,trade,TESTE,100065.1699350077,57,,,,BTG,BARCL,,,
2026-03-21T13:02:40.732Z,market,trade,TESTE,100066.59549208566,54,,,,JPM,CITI,,,
2026-03-21T13:02:40.893Z,market,trade,TESTE,100079.48059113168,106,,,,MS,CITI,,,
2026-03-21T13:02:41.045Z,market,trade,TESTE,100076.76860081872,191,,,,CS,UBS,,,
2026-03-21T13:02:41.196Z,market,trade,TESTE,100066.5729432335,136,,,,CITI,JPM,,,
2026-03-21T13:02:41.348Z,market,trade,TESTE,100063.37439039274,62,,,,BTG,UBS,,,
2026-03-21T13:02:41.512Z,market,trade,TESTE,100060.10363358803,55,,,,CS,BARCL,,,
2026-03-21T13:02:41.666Z,market,trade,TESTE,100060.98841383337,55,,,,BARCL,MS,,,
2026-03-21T13:02:41.826Z,market,trade,TESTE,100066.0616088113,61,,,,CS,BTG,,,
2026-03-21T13:02:41.982Z,market,trade,TESTE,100053.95055123883,79,,,,BTG,GOLDM,,,
2026-03-21T13:02:42.141Z,market,trade,TESTE,100053.87302761852,9,,,,XP,JPM,,,
2026-03-21T13:02:42.301Z,market,trade,TESTE,100049.72422073815,145,,,,JPM,BARCL,,,
2026-03-21T13:02:42.462Z,market,trade,TESTE,100049.52257793456,83,,,,BARCL,MS,,,
2026-03-21T13:02:42.626Z,market,trade,TESTE,100048.28076773921,133,,,,MS,XP,,,
2026-03-21T13:02:42.790Z,market,trade,TESTE,100043.5184633676,75,,,,UBS,ITAU,,,
2026-03-21T13:02:42.950Z,market,trade,TESTE,100043.79608683175,49,,,,BARCL,MS,,,
2026-03-21T13:21:57.341Z,market,trade,WINFUT,180250.0,29,,,,XP Investimentos CCTVM S/A,J. P. MORGAN CCVM S.A.,,,
2026-03-21T13:21:58.179Z,market,trade,TESTE,100001.06979839748,111,,,,MS,GOLDM,,,
2026-03-21T13:21:58.338Z,market,trade,TESTE,99992.03267738121,116,,,,ITAU,CS,,,
2026-03-21T13:21:58.500Z,market,flow_inversion,,,,,,,,,0,93,BTG
2026-03-21T13:21:58.500Z,market,trade,TESTE,99998.92168725262,93,,,,BTG,CS,,,
2026-03-21T13:21:58.657Z,market,trade,TESTE,99985.3715700271,45,,,,BARCL,MS,,,
2026-03-21T13:21:58.817Z,market,trade,TESTE,99994.68811854078,193,,,,XP,BARCL,,,
2026-03-21T13:21:58.976Z,market,trade,TESTE,99982.41604194476,110,,,,ITAU,MS,,,
2026-03-21T13:21:59.128Z,market,trade,TESTE,99997.25751279714,95,,,,CITI,CS,,,
2026-03-21T13:21:59.286Z,market,trade,TESTE,99989.44813503417,8,,,,BTG,ITAU,,,
2026-03-21T13:21:59.437Z,market,trade,TESTE,99995.67264382994,161,,,,ITAU,CS,,,
2026-03-21T13:21:59.591Z,market,trade,TESTE,99993.80246447967,42,,,,CS,MS,,,
2026-03-21T13:21:59.745Z,market,trade,TESTE,99978.89953957152,37,,,,BARCL,BTG,,,
2026-03-21T13:21:59.908Z,market,trade,TESTE,99974.84313647018,106,,,,BARCL,MS,,,
2026-03-21T13:22:00.074Z,market,flow_inversion,,,,,,,,,0,73,UBS
2026-03-21T13:22:00.074Z,market,trade,TESTE,99982.25533589395,73,,,,UBS,ITAU,,,
2026-03-21T13:22:00.227Z,market,flow_inversion,,,,,,,,,0,16,GOLDM
2026-03-21T13:22:00.227Z,market,trade,TESTE,99981.68872483014,16,,,,GOLDM,ITAU,,,
2026-03-21T13:22:00.381Z,market,trade,TESTE,99969.08277112759,24,,,,XP,CITI,,,
2026-03-21T13:22:00.547Z,market,trade,TESTE,99968.83495886259,50,,,,BARCL,GOLDM,,,
2026-03-21T13:22:00.705Z,market,trade,TESTE,99965.37218266947,93,,,,BTG,JPM,,,
2026-03-21T13:22:00.858Z,market,trade,TESTE,99973.12509051409,65,,,,BARCL,UBS,,,
2026-03-21T13:22:01.011Z,market,trade,TESTE,99974.0531448236,111,,,,GOLDM,BARCL,,,
2026-03-21T13:22:01.165Z,market,trade,TESTE,99962.78342851836,33,,,,ITAU,CS,,,
2026-03-21T13:22:01.322Z,market,trade,TESTE,99961.96764956182,83,,,,ITAU,ITAU,,,
2026-03-21T13:22:01.487Z,market,trade,TESTE,99960.17037838046,53,,,,JPM,UBS,,,
2026-03-21T13:22:01.645Z,market,trade,TESTE,99963.120930783,85,,,,BTG,MS,,,
2026-03-21T13:22:01.805Z,market,trade,TESTE,99971.43299822458,88,,,,CS,JPM,,,
2026-03-21T13:22:01.959Z,market,trade,TESTE,99962.54588966699,157,,,,MS,BARCL,,,
2026-03-21T13:22:02.115Z,market,trade,TESTE,99958.23664813577,38,,,,MS,JPM,,,
2026-03-21T13:22:02.271Z,market,trade,TESTE,99957.78393173612,56,,,,GOLDM,CITI,,,
2026-03-21T13:22:02.423Z,market,trade,TESTE,99968.99395333017,166,,,,ITAU,BARCL,,,
2026-03-21T13:22:02.586Z,market,trade,TESTE,99967.58019656238,142,,,,UBS,GOLDM,,,
2026-03-21T13:22:02.752Z,market,trade,TESTE,99967.13987571604,84,,,,GOLDM,ITAU,,,
2026-03-21T13:22:02.904Z,market,trade,TESTE,99957.37877522132,30,,,,UBS,BTG,,,
2026-03-21T13:22:03.066Z,market,trade,TESTE,99958.73406481312,20,,,,JPM,BTG,,,
2026-03-21T13:22:03.223Z,market,trade,TESTE,99973.01206305657,179,,,,GOLDM,UBS,,,
2026-03-21T13:22:03.377Z,market,trade,TESTE,99970.17957601364,193,,,,CITI,CITI,,,
2026-03-21T13:22:03.527Z,market,trade,TESTE,99974.11696733382,152,,,,XP,JPM,,,
2026-03-21T13:22:03.683Z,market,trade,TESTE,99963.58041857654,187,,,,CITI,CS,,,
2026-03-21T13:22:03.839Z,market,trade,TESTE,99963.86359667014,53,,,,CITI,BTG,,,
2026-03-21T13:22:03.991Z,market,trade,TESTE,99963.29586335378,94,,,,MS,ITAU,,,
2026-03-21T13:22:04.144Z,market,trade,TESTE,99962.43752562469,138,,,,JPM,GOLDM,,,
2026-03-21T13:22:04.300Z,market,trade,TESTE,99966.05949552,30,,,,UBS,BARCL,,,
2026-03-21T13:22:04.465Z,market,trade,TESTE,99961.45048266483,137,,,,UBS,CITI,,,
2026-03-21T13:22:04.624Z,market,trade,TESTE,99969.38038103878,107,,,,CITI,ITAU,,,
2026-03-21T13:22:04.782Z,market,trade,TESTE,99966.95512344752,102,,,,CITI,MS,,,
2026-03-21T13:22:04.937Z,market,trade,TESTE,99971.69884473659,131,,,,ITAU,BARCL,,,
2026-03-21T13:22:05.100Z,market,trade,TESTE,99970.29276610301,97,,,,BARCL,BTG,,,
2026-03-21T13:22:05.251Z,market,trade,TESTE,99974.1154570674,85,,,,JPM,CS,,,
2026-03-21T13:22:05.406Z,market,trade,TESTE,99963.33862759288,125,,,,ITAU,CITI,,,
2026-03-21T13:22:05.575Z,market,trade,TESTE,99972.535852398,72,,,,CS,BARCL,,,
2026-03-21T13:22:05.736Z,market,trade,TESTE,99975.61227294266,198,,,,UBS,GOLDM,,,
2026-03-21T13:22:05.888Z,market,trade,TESTE,99972.52886412031,118,,,,UBS,MS,,,
2026-03-21T13:22:05.889Z,alert,,TESTE,99972.52886412031,,,3,Acúmulo Institucional Abaixo da VWAP,,,,,
2026-03-21T13:22:06.046Z,market,trade,TESTE,99972.42341480692,97,,,,XP,BTG,,,
2026-03-21T13:22:06.202Z,market,trade,TESTE,99973.17153960923,8,,,,BARCL,XP,,,
2026-03-21T13:22:06.356Z,market,trade,TESTE,99972.1201937188,50,,,,CITI,MS,,,
2026-03-21T13:22:06.356Z,alert,,TESTE,99972.1201937188,,,3,Acúmulo Institucional Abaixo da VWAP,,,,,
2026-03-21T13:22:06.518Z,market,trade,TESTE,99964.51539394566,145,,,,XP,CS,,,
2026-03-21T13:22:06.676Z,market,trade,TESTE,99969.86673842768,119,,,,JPM,ITAU,,,
2026-03-21T13:22:06.837Z,market,trade,TESTE,99957.46631680995,127,,,,BTG,BARCL,,,
2026-03-21T13:22:06.999Z,market,trade,TESTE,99957.83126059794,30,,,,BTG,XP,,,
2026-03-21T13:22:07.161Z,market,trade,TESTE,99972.75434851418,131,,,,GOLDM,BARCL,,,
2026-03-21T13:22:07.161Z,alert,,TESTE,99972.75434851418,,,3,Acúmulo Institucional Abaixo da VWAP,,,,,
2026-03-21T13:22:07.320Z,market,trade,TESTE,99960.06264766122,98,,,,JPM,CITI,,,
2026-03-21T13:22:07.476Z,market,trade,TESTE,99961.46586429427,189,,,,GOLDM,MS,,,
2026-03-21T13:22:07.476Z,alert,,TESTE,99961.46586429427,,,3,Acúmulo Institucional Abaixo da VWAP,,,,,
2026-03-21T13:22:07.640Z,market,trade,TESTE,99961.28362498184,37,,,,JPM,BTG,,,
2026-03-21T13:22:07.799Z,market,trade,TESTE,99967.96940258637,39,,,,JPM,XP,,,
2026-03-21T13:22:07.957Z,market,trade,TESTE,99960.67510101544,48,,,,ITAU,GOLDM,,,
2026-03-21T13:22:08.112Z,market,trade,TESTE,99965.36360796697,63,,,,ITAU,UBS,,,
2026-03-21T13:22:08.276Z,market,trade,TESTE,99973.34037251218,177,,,,CS,XP,,,
2026-03-21T13:22:08.440Z,market,trade,TESTE,99970.55297023452,110,,,,GOLDM,ITAU,,,
2026-03-21T13:22:08.441Z,alert,,TESTE,99970.55297023452,,,3,Acúmulo Institucional Abaixo da VWAP,,,,,
2026-03-21T13:22:08.591Z,market,trade,TESTE,99974.66219109281,23,,,,CS,CS,,,
2026-03-21T13:22:08.742Z,market,trade,TESTE,99976.384152987,65,,,,GOLDM,MS,,,
2026-03-21T13:22:08.742Z,alert,,TESTE,99976.384152987,,,3,Acúmulo Institucional Abaixo da VWAP,,,,,
2026-03-21T13:22:08.902Z,market,trade,TESTE,99974.01038903912,175,,,,UBS,MS,,,
2026-03-21T13:22:08.902Z,alert,,TESTE,99974.01038903912,,,3,Acúmulo Institucional Abaixo da VWAP,,,,,
2026-03-21T13:22:09.060Z,market,trade,TESTE,99959.23243986175,157,,,,BARCL,BARCL,,,
2026-03-21T13:22:09.214Z,market,trade,TESTE,99955.28412813113,176,,,,BTG,XP,,,
2026-03-21T13:22:09.380Z,market,trade,TESTE,99964.32003209232,32,,,,CS,MS,,,
2026-03-21T13:22:09.532Z,market,trade,TESTE,99957.74965471409,58,,,,UBS,MS,,,
2026-03-21T13:22:09.532Z,alert,,TESTE,99957.74965471409,,,3,Acúmulo Institucional Abaixo da VWAP,,,,,
2026-03-21T13:22:09.691Z,market,trade,TESTE,99968.0886486197,125,,,,XP,UBS,,,
2026-03-21T13:22:09.691Z,alert,,TESTE,99968.0886486197,,,3,Acúmulo Institucional Abaixo da VWAP,,,,,
2026-03-21T13:22:09.845Z,market,trade,TESTE,99966.53605099393,136,,,,BTG,UBS,,,
2026-03-21T13:22:09.999Z,market,trade,TESTE,99952.39724031942,72,,,,BTG,BARCL,,,
2026-03-21T13:22:10.000Z,alert,,TESTE,99952.39724031942,,,3,Acúmulo Institucional Abaixo da VWAP,,,,,
2026-03-21T13:22:10.160Z,market,trade,TESTE,99954.95362868269,126,,,,MS,GOLDM,,,
2026-03-21T13:22:10.320Z,market,trade,TESTE,99955.06826455072,132,,,,ITAU,JPM,,,
2026-03-21T13:22:10.475Z,market,trade,TESTE,99958.01443348362,88,,,,BARCL,CITI,,,
2026-03-21T13:22:10.476Z,alert,,TESTE,99958.01443348362,,,3,Acúmulo Institucional Abaixo da VWAP,,,,,
2026-03-21T13:22:10.640Z,market,trade,TESTE,99953.5946860222,40,,,,ITAU,UBS,,,
2026-03-21T13:22:10.799Z,market,trade,TESTE,99958.294754815,130,,,,BTG,BTG,,,
2026-03-21T13:22:10.961Z,market,trade,TESTE,99967.4516905039,33,,,,JPM,CS,,,
2026-03-21T13:22:11.114Z,market,trade,TESTE,99953.96445158384,95,,,,CS,CS,,,
2026-03-21T13:22:11.114Z,alert,,TESTE,99953.96445158384,,,3,Acúmulo Institucional Abaixo da VWAP,,,,,
2026-03-21T13:22:11.280Z,market,trade,TESTE,99953.88405661102,183,,,,BTG,GOLDM,,,
2026-03-21T13:22:11.281Z,alert,,TESTE,99953.88405661102,,,3,Acúmulo Institucional Abaixo da VWAP,,,,,
2026-03-21T13:22:11.442Z,market,trade,TESTE,99965.46161251272,149,,,,ITAU,ITAU,,,
2026-03-21T13:22:11.442Z,alert,,TESTE,99965.46161251272,,,3,Acúmulo Institucional Abaixo da VWAP,,,,,
2026-03-21T13:22:11.605Z,market,trade,TESTE,99952.9412313996,74,,,,ITAU,UBS,,,
2026-03-21T13:22:11.765Z,market,trade,TESTE,99957.69049896601,89,,,,CITI,CITI,,,
2026-03-21T13:22:11.766Z,alert,,TESTE,99957.69049896601,,,3,Acúmulo Institucional Abaixo da VWAP,,,,,
2026-03-21T13:22:11.920Z,market,trade,TESTE,99971.91257981482,118,,,,UBS,CS,,,
2026-03-21T13:22:11.920Z,alert,,TESTE,99971.91257981482,,,3,Acúmulo Institucional Abaixo da VWAP,,,,,
2026-03-21T13:22:12.082Z,market,trade,TESTE,99973.4853482457,132,,,,XP,BTG,,,
2026-03-21T13:22:12.082Z,alert,,TESTE,99973.4853482457,,,3,Acúmulo Institucional Abaixo da VWAP,,,,,
2026-03-21T13:22:12.241Z,market,trade,TESTE,99959.46464677561,189,,,,BARCL,BARCL,,,
2026-03-21T13:22:12.241Z,alert,,TESTE,99959.46464677561,,,3,Acúmulo Institucional Abaixo da VWAP,,,,,
2026-03-21T13:22:12.400Z,market,trade,TESTE,99960.45506626026,182,,,,MS,JPM,,,
2026-03-21T13:22:12.560Z,market,trade,TESTE,99963.8207180461,195,,,,CITI,XP,,,
2026-03-21T13:22:12.720Z,market,trade,TESTE,99968.43046604718,23,,,,UBS,XP,,,
2026-03-21T13:22:12.880Z,market,trade,TESTE,99970.72602206953,14,,,,BARCL,CITI,,,
2026-03-21T13:22:12.880Z,alert,,TESTE,99970.72602206953,,,3,Acúmulo Institucional Abaixo da VWAP,,,,,
2026-03-21T13:22:13.031Z,market,trade,TESTE,99971.57656024466,111,,,,CITI,UBS,,,
2026-03-21T13:22:13.197Z,market,trade,TESTE,99980.19997599564,32,,,,ITAU,GOLDM,,,
2026-03-21T13:22:13.197Z,alert,,TESTE,99980.19997599564,,,3,Acúmulo Institucional Abaixo da VWAP,,,,,
2026-03-21T13:22:13.350Z,market,trade,TESTE,99972.40239627389,132,,,,XP,GOLDM,,,
2026-03-21T13:22:13.350Z,alert,,TESTE,99972.40239627389,,,3,Acúmulo Institucional Abaixo da VWAP,,,,,
2026-03-21T13:22:13.516Z,market,trade,TESTE,99969.39428095036,129,,,,CITI,BARCL,,,
2026-03-21T13:22:13.516Z,alert,,TESTE,99969.39428095036,,,3,Acúmulo Institucional Abaixo da VWAP,,,,,
2026-03-21T13:22:13.673Z,market,trade,TESTE,99974.30325365074,197,,,,MS,BARCL,,,
2026-03-21T13:22:13.673Z,alert,,TESTE,99974.30325365074,,,3,Acúmulo Institucional Abaixo da VWAP,,,,,
2026-03-21T13:22:13.824Z,market,trade,TESTE,99984.3326656636,110,,,,GOLDM,UBS,,,
2026-03-21T13:22:13.825Z,alert,,TESTE,99984.3326656636,,,3,Acúmulo Institucional Abaixo da VWAP,,,,,
2026-03-21T13:22:13.980Z,market,trade,TESTE,99976.21750024939,108,,,,UBS,JPM,,,
2026-03-21T13:22:13.980Z,alert,,TESTE,99976.21750024939,,,3,Acúmulo Institucional Abaixo da VWAP,,,,,
2026-03-21T13:22:14.145Z,market,trade,TESTE,99977.83787092917,28,,,,XP,GOLDM,,,
2026-03-21T13:22:14.145Z,alert,,TESTE,99977.83787092917,,,3,Acúmulo Institucional Abaixo da VWAP,,,,,
2026-03-21T13:22:14.299Z,market,trade,TESTE,99976.06860501948,89,,,,CITI,MS,,,
2026-03-21T13:22:14.299Z,alert,,TESTE,99976.06860501948,,,3,Acúmulo Institucional Abaixo da VWAP,,,,,
2026-03-21T13:22:14.456Z,market,trade,TESTE,99977.84509944664,44,,,,ITAU,BARCL,,,
2026-03-21T13:22:14.456Z,alert,,TESTE,99977.84509944664,,,3,Acúmulo Institucional Abaixo da VWAP,,,,,
2026-03-21T13:22:14.624Z,market,trade,TESTE,99974.11545591058,126,,,,MS,UBS,,,
2026-03-21T13:22:14.781Z,market,trade,TESTE,99985.29154209745,170,,,,JPM,BARCL,,,
2026-03-21T13:22:14.944Z,market,trade,TESTE,99986.57796919745,102,,,,GOLDM,GOLDM,,,
2026-03-21T13:22:14.944Z,alert,,TESTE,99986.57796919745,,,3,Acúmulo Institucional Abaixo da VWAP,,,,,
2026-03-21T13:22:15.096Z,market,trade,TESTE,99977.12422456148,192,,,,GOLDM,UBS,,,
2026-03-21T13:22:15.096Z,alert,,TESTE,99977.12422456148,,,3,Acúmulo Institucional Abaixo da VWAP,,,,,
2026-03-21T13:22:15.256Z,market,trade,TESTE,99988.48290485737,46,,,,ITAU,GOLDM,,,
2026-03-21T13:22:15.256Z,alert,,TESTE,99988.48290485737,,,3,Acúmulo Institucional Abaixo da VWAP,,,,,
2026-03-21T13:22:15.411Z,market,trade,TESTE,99974.74542903034,25,,,,MS,MS,,,
2026-03-21T13:22:15.411Z,alert,,TESTE,99974.74542903034,,,3,Acúmulo Institucional Abaixo da VWAP,,,,,
2026-03-21T13:22:15.565Z,market,trade,TESTE,99984.51781792156,17,,,,BARCL,ITAU,,,
2026-03-21T13:22:15.724Z,market,trade,TESTE,99975.67201514302,82,,,,ITAU,CITI,,,
2026-03-21T13:22:15.724Z,alert,,TESTE,99975.67201514302,,,3,Acúmulo Institucional Abaixo da VWAP,,,,,
2026-03-21T13:22:15.878Z,market,trade,TESTE,99989.82883030268,12,,,,BARCL,BTG,,,
2026-03-21T13:22:16.031Z,market,trade,TESTE,99984.2907816499,95,,,,XP,GOLDM,,,
2026-03-21T13:22:16.031Z,alert,,TESTE,99984.2907816499,,,3,Acúmulo Institucional Abaixo da VWAP,,,,,
2026-03-21T13:22:16.195Z,market,trade,TESTE,99981.71584146956,19,,,,XP,ITAU,,,
2026-03-21T13:22:16.354Z,market,trade,TESTE,99980.20902305556,107,,,,BTG,CITI,,,
2026-03-21T13:22:16.354Z,alert,,TESTE,99980.20902305556,,,3,Acúmulo Institucional Abaixo da VWAP,,,,,
2026-03-21T13:22:16.519Z,market,trade,TESTE,99980.36205008806,82,,,,MS,ITAU,,,
2026-03-21T13:22:16.671Z,market,trade,TESTE,99985.1388777775,108,,,,BTG,XP,,,
2026-03-21T13:22:16.671Z,alert,,TESTE,99985.1388777775,,,3,Acúmulo Institucional Abaixo da VWAP,,,,,
2026-03-21T13:22:16.824Z,market,trade,TESTE,99986.13445775193,164,,,,XP,JPM,,,
2026-03-21T13:22:16.824Z,alert,,TESTE,99986.13445775193,,,3,Acúmulo Institucional Abaixo da VWAP,,,,,
2026-03-21T13:22:16.977Z,market,trade,TESTE,99990.27654145537,114,,,,GOLDM,GOLDM,,,
2026-03-21T13:22:16.977Z,alert,,TESTE,99990.27654145537,,,3,Acúmulo Institucional Abaixo da VWAP,,,,,
2026-03-21T13:22:17.131Z,market,trade,TESTE,100005.1625518767,115,,,,ITAU,MS,,,
2026-03-21T13:22:17.131Z,alert,,TESTE,100005.1625518767,,,3,Acúmulo Institucional Abaixo da VWAP,,,,,
2026-03-21T13:22:17.282Z,market,trade,TESTE,99997.44547991896,90,,,,BARCL,BTG,,,
2026-03-21T13:22:17.447Z,market,trade,TESTE,100011.74864727395,100,,,,MS,BARCL,,,
2026-03-21T13:22:17.602Z,market,trade,TESTE,100013.93457299829,199,,,,UBS,UBS,,,
2026-03-21T13:22:17.603Z,alert,,TESTE,100013.93457299829,,,3,Acúmulo Institucional Abaixo da VWAP,,,,,
2026-03-21T13:22:17.759Z,market,trade,TESTE,100004.10913047405,58,,,,BTG,JPM,,,
2026-03-21T13:22:17.759Z,alert,,TESTE,100004.10913047405,,,3,Acúmulo Institucional Abaixo da VWAP,,,,,
2026-03-21T13:22:17.917Z,market,trade,TESTE,100012.56360692541,172,,,,BTG,CITI,,,
2026-03-21T13:22:18.072Z,market,trade,TESTE,100012.73393232723,193,,,,CITI,XP,,,
2026-03-21T13:22:18.072Z,alert,,TESTE,100012.73393232723,,,3,Acúmulo Institucional Abaixo da VWAP,,,,,
2026-03-21T13:22:18.229Z,market,trade,TESTE,100017.71908383718,33,,,,XP,CS,,,
2026-03-21T13:22:18.229Z,alert,,TESTE,100017.71908383718,,,3,Acúmulo Institucional Abaixo da VWAP,,,,,
2026-03-21T13:22:18.383Z,market,trade,TESTE,100008.15822096687,47,,,,CS,MS,,,
2026-03-21T13:22:18.384Z,alert,,TESTE,100008.15822096687,,,3,Acúmulo Institucional Abaixo da VWAP,,,,,
2026-03-21T13:22:18.540Z,market,trade,TESTE,100005.41757216536,115,,,,BARCL,CITI,,,
2026-03-21T13:22:18.540Z,alert,,TESTE,100005.41757216536,,,3,Acúmulo Institucional Abaixo da VWAP,,,,,
2026-03-21T13:22:18.695Z,market,trade,TESTE,100013.40306162347,15,,,,XP,CITI,,,
2026-03-21T13:22:18.695Z,alert,,TESTE,100013.40306162347,,,3,Acúmulo Institucional Abaixo da VWAP,,,,,
2026-03-21T13:22:18.850Z,market,trade,TESTE,100010.25636881602,156,,,,CITI,BTG,,,
2026-03-21T13:22:18.850Z,alert,,TESTE,100010.25636881602,,,3,Acúmulo Institucional Abaixo da VWAP,,,,,
2026-03-21T13:22:19.005Z,market,trade,TESTE,100008.41456157611,101,,,,JPM,GOLDM,,,
2026-03-21T13:22:19.005Z,alert,,TESTE,100008.41456157611,,,3,Acúmulo Institucional Abaixo da VWAP,,,,,
2026-03-21T13:22:19.168Z,market,trade,TESTE,100002.43115922941,88,,,,CS,CITI,,,
2026-03-21T13:22:19.168Z,alert,,TESTE,100002.43115922941,,,3,Acúmulo Institucional Abaixo da VWAP,,,,,
2026-03-21T13:22:19.325Z,market,trade,TESTE,100015.22054083941,176,,,,MS,MS,,,
2026-03-21T13:22:19.488Z,market,trade,TESTE,100006.56147100641,119,,,,BARCL,XP,,,
2026-03-21T13:22:19.488Z,alert,,TESTE,100006.56147100641,,,3,Acúmulo Institucional Abaixo da VWAP,,,,,
2026-03-21T13:22:19.640Z,market,trade,TESTE,100009.42519183288,178,,,,MS,BTG,,,
2026-03-21T13:22:19.640Z,alert,,TESTE,100009.42519183288,,,3,Acúmulo Institucional Abaixo da VWAP,,,,,
2026-03-21T13:22:19.792Z,market,trade,TESTE,100014.68346756867,17,,,,MS,JPM,,,
2026-03-21T13:22:19.950Z,market,trade,TESTE,100009.21016922763,177,,,,XP,MS,,,
2026-03-21T13:22:19.950Z,alert,,TESTE,100009.21016922763,,,3,Acúmulo Institucional Abaixo da VWAP,,,,,
2026-03-21T13:22:20.104Z,market,trade,TESTE,100004.32912623632,172,,,,XP,GOLDM,,,
2026-03-21T13:22:20.104Z,alert,,TESTE,100004.32912623632,,,3,Acúmulo Institucional Abaixo da VWAP,,,,,
2026-03-21T13:22:20.263Z,market,trade,TESTE,100018.25920688726,54,,,,UBS,BTG,,,
2026-03-21T13:22:20.263Z,alert,,TESTE,100018.25920688726,,,3,Acúmulo Institucional Abaixo da VWAP,,,,,
2026-03-21T13:22:20.414Z,market,trade,TESTE,100017.62119930256,13,,,,BARCL,CITI,,,
2026-03-21T13:22:20.572Z,market,trade,TESTE,100016.17035053662,12,,,,BARCL,XP,,,
2026-03-21T13:22:20.725Z,market,flow_inversion,,,,,,,,,63,-84,GOLDM
2026-03-21T13:22:20.725Z,market,trade,TESTE,100015.88675899662,147,,,,JPM,GOLDM,,,
2026-03-21T13:22:20.725Z,alert,,TESTE,100015.88675899662,,,3,Acúmulo Institucional Abaixo da VWAP,,,,,
2026-03-21T13:22:20.879Z,market,trade,TESTE,100008.27927905016,58,,,,GOLDM,XP,,,
2026-03-21T13:22:20.879Z,alert,,TESTE,100008.27927905016,,,3,Acúmulo Institucional Abaixo da VWAP,,,,,
2026-03-21T13:22:21.033Z,market,trade,TESTE,100008.29304741723,9,,,,CITI,CITI,,,
2026-03-21T13:22:21.033Z,alert,,TESTE,100008.29304741723,,,3,Acúmulo Institucional Abaixo da VWAP,,,,,
2026-03-21T13:22:21.187Z,market,trade,TESTE,100005.07822034106,47,,,,CS,CS,,,
2026-03-21T13:22:21.187Z,alert,,TESTE,100005.07822034106,,,3,Acúmulo Institucional Abaixo da VWAP,,,,,
2026-03-21T13:22:21.347Z,market,trade,TESTE,100019.52935902392,181,,,,BARCL,UBS,,,
2026-03-21T13:22:21.507Z,market,trade,TESTE,100007.17150130493,86,,,,JPM,XP,,,
2026-03-21T13:22:21.507Z,alert,,TESTE,100007.17150130493,,,3,Acúmulo Institucional Abaixo da VWAP,,,,,
2026-03-21T13:22:21.665Z,market,trade,TESTE,100019.96679500358,43,,,,CS,MS,,,
2026-03-21T13:22:21.820Z,market,trade,TESTE,100016.42238744142,170,,,,CS,CS,,,
2026-03-21T13:22:21.820Z,alert,,TESTE,100016.42238744142,,,3,Acúmulo Institucional Abaixo da VWAP,,,,,
2026-03-21T13:22:21.982Z,market,trade,TESTE,100003.98815527413,119,,,,BARCL,BTG,,,
2026-03-21T13:22:21.982Z,alert,,TESTE,100003.98815527413,,,3,Acúmulo Institucional Abaixo da VWAP,,,,,
2026-03-21T13:22:22.146Z,market,trade,TESTE,100010.9120300048,97,,,,BARCL,JPM,,,
2026-03-21T13:22:22.146Z,alert,,TESTE,100010.9120300048,,,3,Acúmulo Institucional Abaixo da VWAP,,,,,
2026-03-21T13:22:22.298Z,market,trade,TESTE,100004.12840316,108,,,,JPM,GOLDM,,,
2026-03-21T13:22:22.298Z,alert,,TESTE,100004.12840316,,,3,Acúmulo Institucional Abaixo da VWAP,,,,,
2026-03-21T13:22:22.454Z,market,trade,TESTE,100007.94524232391,154,,,,UBS,ITAU,,,
2026-03-21T13:22:22.607Z,market,trade,TESTE,100009.978178405,48,,,,ITAU,JPM,,,
2026-03-21T13:22:22.607Z,alert,,TESTE,100009.978178405,,,3,Acúmulo Institucional Abaixo da VWAP,,,,,
2026-03-21T13:22:22.768Z,market,trade,TESTE,100023.65346749214,59,,,,BTG,MS,,,
2026-03-21T13:22:22.924Z,market,trade,TESTE,100021.22238396209,87,,,,MS,CITI,,,
2026-03-21T13:22:23.079Z,market,trade,TESTE,100017.407120615,38,,,,ITAU,CS,,,
2026-03-21T13:22:23.079Z,alert,,TESTE,100017.407120615,,,3,Acúmulo Institucional Abaixo da VWAP,,,,,
2026-03-21T13:22:23.231Z,market,trade,TESTE,100007.76014469992,115,,,,CITI,ITAU,,,
2026-03-21T13:22:23.231Z,alert,,TESTE,100007.76014469992,,,3,Acúmulo Institucional Abaixo da VWAP,,,,,
2026-03-21T13:22:23.387Z,market,trade,TESTE,100004.2249715319,108,,,,MS,CITI,,,
2026-03-21T13:22:23.387Z,alert,,TESTE,100004.2249715319,,,3,Acúmulo Institucional Abaixo da VWAP,,,,,
2026-03-21T13:22:23.547Z,market,trade,TESTE,99999.67623872274,89,,,,GOLDM,XP,,,
2026-03-21T13:22:23.547Z,alert,,TESTE,99999.67623872274,,,3,Acúmulo Institucional Abaixo da VWAP,,,,,
2026-03-21T13:22:23.698Z,market,trade,TESTE,100007.84712650202,109,,,,BARCL,GOLDM,,,
2026-03-21T13:22:23.698Z,alert,,TESTE,100007.84712650202,,,3,Acúmulo Institucional Abaixo da VWAP,,,,,
2026-03-21T13:22:23.854Z,market,trade,TESTE,100009.70395219717,64,,,,JPM,JPM,,,
2026-03-21T13:22:23.854Z,alert,,TESTE,100009.70395219717,,,3,Acúmulo Institucional Abaixo da VWAP,,,,,
2026-03-21T13:22:24.007Z,market,trade,TESTE,99999.6909085063,7,,,,BTG,MS,,,
2026-03-21T13:22:24.007Z,alert,,TESTE,99999.6909085063,,,3,Acúmulo Institucional Abaixo da VWAP,,,,,
2026-03-21T13:22:24.163Z,market,trade,TESTE,100007.62440915387,83,,,,BARCL,XP,,,
2026-03-21T13:22:24.164Z,alert,,TESTE,100007.62440915387,,,3,Acúmulo Institucional Abaixo da VWAP,,,,,
2026-03-21T13:22:24.325Z,market,trade,TESTE,100010.76854705546,92,,,,BTG,BARCL,,,
2026-03-21T13:22:24.325Z,alert,,TESTE,100010.76854705546,,,3,Acúmulo Institucional Abaixo da VWAP,,,,,
2026-03-21T13:22:24.486Z,market,trade,TESTE,100010.07536590679,184,,,,CITI,CS,,,
2026-03-21T13:22:24.486Z,alert,,TESTE,100010.07536590679,,,3,Acúmulo Institucional Abaixo da VWAP,,,,,
2026-03-21T13:22:24.641Z,market,trade,TESTE,100003.65650571459,24,,,,JPM,XP,,,
2026-03-21T13:22:24.641Z,alert,,TESTE,100003.65650571459,,,3,Acúmulo Institucional Abaixo da VWAP,,,,,
2026-03-21T13:22:24.792Z,market,trade,TESTE,100002.43171506116,17,,,,UBS,BARCL,,,
2026-03-21T13:22:24.792Z,alert,,TESTE,100002.43171506116,,,3,Acúmulo Institucional Abaixo da VWAP,,,,,
2026-03-21T13:22:24.956Z,market,trade,TESTE,100014.63324862927,54,,,,ITAU,JPM,,,
2026-03-21T13:22:24.957Z,alert,,TESTE,100014.63324862927,,,3,Acúmulo Institucional Abaixo da VWAP,,,,,
2026-03-21T13:22:25.114Z,market,trade,TESTE,100007.7445914898,111,,,,BARCL,CITI,,,
2026-03-21T13:22:25.114Z,alert,,TESTE,100007.7445914898,,,3,Acúmulo Institucional Abaixo da VWAP,,,,,
2026-03-21T13:22:25.272Z,market,trade,TESTE,100011.6707903178,71,,,,GOLDM,MS,,,
2026-03-21T13:22:25.273Z,alert,,TESTE,100011.6707903178,,,3,Acúmulo Institucional Abaixo da VWAP,,,,,
2026-03-21T13:22:25.424Z,market,trade,TESTE,100013.51600342405,136,,,,CS,XP,,,
2026-03-21T13:22:25.425Z,alert,,TESTE,100013.51600342405,,,3,Acúmulo Institucional Abaixo da VWAP,,,,,
2026-03-21T13:22:25.582Z,market,trade,TESTE,100010.6289187995,120,,,,MS,ITAU,,,
2026-03-21T13:22:25.582Z,alert,,TESTE,100010.6289187995,,,3,Acúmulo Institucional Abaixo da VWAP,,,,,
2026-03-21T13:22:25.740Z,market,trade,TESTE,100025.41330167177,73,,,,CS,ITAU,,,
2026-03-21T13:22:25.741Z,alert,,TESTE,100025.41330167177,,,3,Acúmulo Institucional Abaixo da VWAP,,,,,
2026-03-21T13:22:25.899Z,market,flow_inversion,,,,,,,,,160,-2,UBS
2026-03-21T13:22:25.899Z,market,trade,TESTE,100018.34218640641,162,,,,XP,UBS,,,
2026-03-21T13:22:25.899Z,alert,,TESTE,100018.34218640641,,,3,Acúmulo Institucional Abaixo da VWAP,,,,,
2026-03-21T13:22:26.066Z,market,trade,TESTE,100023.04042875794,189,,,,ITAU,BTG,,,
2026-03-21T13:22:26.066Z,alert,,TESTE,100023.04042875794,,,3,Acúmulo Institucional Abaixo da VWAP,,,,,
2026-03-21T13:22:26.226Z,market,trade,TESTE,100024.46627119598,112,,,,BTG,BARCL,,,
2026-03-21T13:22:26.226Z,alert,,TESTE,100024.46627119598,,,3,Acúmulo Institucional Abaixo da VWAP,,,,,
2026-03-21T13:22:26.386Z,market,trade,TESTE,100024.1418544625,161,,,,JPM,JPM,,,
2026-03-21T13:22:26.386Z,alert,,TESTE,100024.1418544625,,,3,Acúmulo Institucional Abaixo da VWAP,,,,,
2026-03-21T13:22:26.547Z,market,trade,TESTE,100020.32978990603,192,,,,BTG,ITAU,,,
2026-03-21T13:22:26.547Z,alert,,TESTE,100020.32978990603,,,3,Acúmulo Institucional Abaixo da VWAP,,,,,
2026-03-21T13:22:26.703Z,market,trade,TESTE,100018.3407815854,120,,,,JPM,CS,,,
2026-03-21T13:22:26.703Z,alert,,TESTE,100018.3407815854,,,3,Acúmulo Institucional Abaixo da VWAP,,,,,
2026-03-21T13:22:26.867Z,market,trade,TESTE,100028.81796011081,151,,,,GOLDM,JPM,,,
2026-03-21T13:22:26.867Z,alert,,TESTE,100028.81796011081,,,3,Acúmulo Institucional Abaixo da VWAP,,,,,
2026-03-21T13:22:27.024Z,market,trade,TESTE,100020.72775098284,82,,,,BARCL,GOLDM,,,
2026-03-21T13:22:27.024Z,alert,,TESTE,100020.72775098284,,,3,Acúmulo Institucional Abaixo da VWAP,,,,,
2026-03-21T13:22:27.182Z,market,trade,TESTE,100034.17478577007,29,,,,MS,ITAU,,,
2026-03-21T13:22:27.336Z,market,trade,TESTE,100034.76029077097,154,,,,CS,MS,,,
2026-03-21T13:22:27.336Z,alert,,TESTE,100034.76029077097,,,3,Acúmulo Institucional Abaixo da VWAP,,,,,
2026-03-21T13:22:27.499Z,market,trade,TESTE,100038.14829671466,165,,,,JPM,CITI,,,
2026-03-21T13:22:27.499Z,alert,,TESTE,100038.14829671466,,,3,Acúmulo Institucional Abaixo da VWAP,,,,,
2026-03-21T13:22:27.657Z,market,trade,TESTE,100040.93525073255,111,,,,XP,JPM,,,
2026-03-21T13:22:27.657Z,alert,,TESTE,100040.93525073255,,,3,Acúmulo Institucional Abaixo da VWAP,,,,,
2026-03-21T13:22:27.808Z,market,trade,TESTE,100042.29085338811,149,,,,BARCL,XP,,,
2026-03-21T13:22:27.808Z,alert,,TESTE,100042.29085338811,,,3,Acúmulo Institucional Abaixo da VWAP,,,,,
2026-03-21T13:22:27.962Z,market,trade,TESTE,100041.83210108026,141,,,,BARCL,XP,,,
2026-03-21T13:22:28.114Z,market,trade,TESTE,100038.77196136997,188,,,,UBS,CITI,,,
2026-03-21T13:22:28.114Z,alert,,TESTE,100038.77196136997,,,3,Acúmulo Institucional Abaixo da VWAP,,,,,
2026-03-21T13:22:28.276Z,market,trade,TESTE,100032.85766606567,85,,,,GOLDM,UBS,,,
2026-03-21T13:22:28.276Z,alert,,TESTE,100032.85766606567,,,3,Acúmulo Institucional Abaixo da VWAP,,,,,
2026-03-21T13:22:28.427Z,market,trade,TESTE,100042.21511252345,139,,,,MS,MS,,,
2026-03-21T13:22:28.587Z,market,trade,TESTE,100045.995348927,143,,,,JPM,BTG,,,
2026-03-21T13:22:28.587Z,alert,,TESTE,100045.995348927,,,3,Acúmulo Institucional Abaixo da VWAP,,,,,
2026-03-21T13:22:28.751Z,market,flow_inversion,,,,,,,,,192,-1,BTG
2026-03-21T13:22:28.751Z,market,trade,TESTE,100048.15468412003,193,,,,UBS,BTG,,,
2026-03-21T13:22:28.752Z,alert,,TESTE,100048.15468412003,,,3,Acúmulo Institucional Abaixo da VWAP,,,,,
2026-03-21T13:22:28.917Z,market,trade,TESTE,100039.77369712052,151,,,,ITAU,JPM,,,
2026-03-21T13:22:28.917Z,alert,,TESTE,100039.77369712052,,,3,Acúmulo Institucional Abaixo da VWAP,,,,,
2026-03-21T13:22:29.082Z,market,trade,TESTE,100036.3399109299,51,,,,CS,GOLDM,,,
2026-03-21T13:22:29.082Z,alert,,TESTE,100036.3399109299,,,3,Acúmulo Institucional Abaixo da VWAP,,,,,
2026-03-21T13:22:29.237Z,market,trade,TESTE,100050.92793957108,196,,,,ITAU,ITAU,,,
2026-03-21T13:22:29.238Z,alert,,TESTE,100050.92793957108,,,3,Acúmulo Institucional Abaixo da VWAP,,,,,
2026-03-21T13:22:29.388Z,market,trade,TESTE,100055.91268849834,38,,,,BTG,CITI,,,
2026-03-21T13:22:29.388Z,alert,,TESTE,100055.91268849834,,,3,Acúmulo Institucional Abaixo da VWAP,,,,,
2026-03-21T13:22:29.549Z,market,trade,TESTE,100045.82344878673,11,,,,MS,CITI,,,
2026-03-21T13:22:29.549Z,alert,,TESTE,100045.82344878673,,,3,Acúmulo Institucional Abaixo da VWAP,,,,,
2026-03-21T13:22:29.713Z,market,trade,TESTE,100048.75266968856,95,,,,ITAU,BARCL,,,
2026-03-21T13:22:29.713Z,alert,,TESTE,100048.75266968856,,,3,Acúmulo Institucional Abaixo da VWAP,,,,,
2026-03-21T13:22:29.869Z,market,trade,TESTE,100055.91810029956,200,,,,ITAU,GOLDM,,,
2026-03-21T13:22:29.869Z,alert,,TESTE,100055.91810029956,,,3,Acúmulo Institucional Abaixo da VWAP,,,,,
2026-03-21T13:22:30.035Z,market,trade,TESTE,100047.23738932767,118,,,,MS,MS,,,
2026-03-21T13:22:30.035Z,alert,,TESTE,100047.23738932767,,,3,Acúmulo Institucional Abaixo da VWAP,,,,,
2026-03-21T13:22:30.200Z,market,trade,TESTE,100045.06616888952,186,,,,ITAU,BTG,,,
2026-03-21T13:22:30.200Z,alert,,TESTE,100045.06616888952,,,3,Acúmulo Institucional Abaixo da VWAP,,,,,
2026-03-21T13:22:30.361Z,market,trade,TESTE,100043.14491641111,100,,,,JPM,BTG,,,
2026-03-21T13:22:30.518Z,market,trade,TESTE,100056.62855172467,159,,,,GOLDM,CS,,,
2026-03-21T13:22:30.518Z,alert,,TESTE,100056.62855172467,,,3,Acúmulo Institucional Abaixo da VWAP,,,,,
2026-03-21T13:22:30.683Z,market,trade,TESTE,100055.79650124679,66,,,,CITI,JPM,,,
2026-03-21T13:22:30.683Z,alert,,TESTE,100055.79650124679,,,3,Acúmulo Institucional Abaixo da VWAP,,,,,
2026-03-21T13:22:30.841Z,market,trade,TESTE,100048.67194274615,109,,,,CS,MS,,,
2026-03-21T13:22:30.841Z,alert,,TESTE,100048.67194274615,,,3,Acúmulo Institucional Abaixo da VWAP,,,,,
2026-03-21T13:22:30.995Z,market,trade,TESTE,100048.81019579817,75,,,,JPM,ITAU,,,
2026-03-21T13:22:30.995Z,alert,,TESTE,100048.81019579817,,,3,Acúmulo Institucional Abaixo da VWAP,,,,,
2026-03-21T13:22:31.151Z,market,trade,TESTE,100054.84463500777,86,,,,BTG,BTG,,,
2026-03-21T13:22:31.310Z,market,trade,TESTE,100041.19976501925,121,,,,UBS,ITAU,,,
2026-03-21T13:22:31.467Z,market,trade,TESTE,100041.40160670909,181,,,,JPM,ITAU,,,
2026-03-21T13:22:31.631Z,market,trade,TESTE,100040.32089662385,118,,,,XP,GOLDM,,,
2026-03-21T13:22:31.631Z,alert,,TESTE,100040.32089662385,,,3,Acúmulo Institucional Abaixo da VWAP,,,,,
2026-03-21T13:22:31.790Z,market,trade,TESTE,100039.40697959649,113,,,,ITAU,BTG,,,
2026-03-21T13:22:31.950Z,market,trade,TESTE,100040.14227282119,146,,,,UBS,BTG,,,
2026-03-21T13:22:32.109Z,market,trade,TESTE,100036.00982413447,133,,,,BARCL,JPM,,,
2026-03-21T13:22:32.109Z,alert,,TESTE,100036.00982413447,,,3,Acúmulo Institucional Abaixo da VWAP,,,,,
2026-03-21T13:22:32.272Z,market,trade,TESTE,100031.87155897391,78,,,,BARCL,UBS,,,
2026-03-21T13:22:32.272Z,alert,,TESTE,100031.87155897391,,,3,Acúmulo Institucional Abaixo da VWAP,,,,,
2026-03-21T13:22:32.427Z,market,trade,TESTE,100032.17206687135,97,,,,CITI,CITI,,,
2026-03-21T13:22:32.427Z,alert,,TESTE,100032.17206687135,,,3,Acúmulo Institucional Abaixo da VWAP,,,,,
2026-03-21T13:22:32.582Z,market,trade,TESTE,100036.23427944098,49,,,,XP,JPM,,,
2026-03-21T13:22:32.582Z,alert,,TESTE,100036.23427944098,,,3,Acúmulo Institucional Abaixo da VWAP,,,,,
2026-03-21T13:22:32.739Z,market,trade,TESTE,100048.43707783661,134,,,,CITI,MS,,,
2026-03-21T13:22:32.897Z,market,trade,TESTE,100043.04284403441,129,,,,JPM,BTG,,,
2026-03-21T13:22:33.065Z,market,trade,TESTE,100054.93248729181,144,,,,BARCL,BARCL,,,
2026-03-21T13:22:33.227Z,market,trade,TESTE,100059.8803835249,59,,,,JPM,BTG,,,
2026-03-21T13:22:33.386Z,market,trade,TESTE,100052.74886765084,58,,,,UBS,BARCL,,,
2026-03-21T13:22:33.386Z,alert,,TESTE,100052.74886765084,,,3,Acúmulo Institucional Abaixo da VWAP,,,,,
2026-03-21T13:22:33.549Z,market,trade,TESTE,100066.15930272777,113,,,,JPM,MS,,,
2026-03-21T13:22:33.711Z,market,trade,TESTE,100060.76105994896,22,,,,CS,GOLDM,,,
2026-03-21T13:22:33.711Z,alert,,TESTE,100060.76105994896,,,3,Acúmulo Institucional Abaixo da VWAP,,,,,
2026-03-21T13:22:33.863Z,market,trade,TESTE,100058.60568432864,62,,,,JPM,GOLDM,,,
2026-03-21T13:22:33.863Z,alert,,TESTE,100058.60568432864,,,3,Acúmulo Institucional Abaixo da VWAP,,,,,
2026-03-21T13:22:34.015Z,market,trade,TESTE,100057.24834750539,117,,,,GOLDM,BTG,,,
2026-03-21T13:22:34.173Z,market,trade,TESTE,100070.97678476066,47,,,,CS,MS,,,
2026-03-21T13:22:34.328Z,market,trade,TESTE,100057.24791863518,153,,,,MS,CS,,,
2026-03-21T13:22:34.328Z,alert,,TESTE,100057.24791863518,,,3,Acúmulo Institucional Abaixo da VWAP,,,,,
2026-03-21T13:22:34.491Z,market,trade,TESTE,100054.52921800368,39,,,,JPM,BARCL,,,
2026-03-21T13:22:34.492Z,alert,,TESTE,100054.52921800368,,,3,Acúmulo Institucional Abaixo da VWAP,,,,,
2026-03-21T13:22:34.656Z,market,trade,TESTE,100059.29690520315,45,,,,JPM,CITI,,,
2026-03-21T13:22:34.656Z,alert,,TESTE,100059.29690520315,,,3,Acúmulo Institucional Abaixo da VWAP,,,,,
2026-03-21T13:22:34.820Z,market,trade,TESTE,100071.39640620557,48,,,,BARCL,CS,,,
2026-03-21T13:22:34.971Z,market,trade,TESTE,100065.02277702185,147,,,,BARCL,UBS,,,
2026-03-21T13:22:34.971Z,alert,,TESTE,100065.02277702185,,,3,Acúmulo Institucional Abaixo da VWAP,,,,,
2026-03-21T13:22:35.133Z,market,trade,TESTE,100066.61222344829,90,,,,XP,CS,,,
2026-03-21T13:22:35.295Z,market,trade,TESTE,100063.97702701033,102,,,,BTG,BTG,,,
2026-03-21T13:22:35.456Z,market,trade,TESTE,100061.17173211799,60,,,,CS,CS,,,
2026-03-21T13:22:35.617Z,market,trade,TESTE,100071.7593905153,130,,,,JPM,UBS,,,
2026-03-21T13:22:35.782Z,market,trade,TESTE,100072.09374339941,141,,,,BTG,BTG,,,
2026-03-21T13:22:35.940Z,market,trade,TESTE,100061.83982528932,89,,,,MS,CITI,,,
2026-03-21T13:22:35.940Z,alert,,TESTE,100061.83982528932,,,3,Acúmulo Institucional Abaixo da VWAP,,,,,
2026-03-21T13:22:36.093Z,market,trade,TESTE,100068.45344529995,93,,,,BARCL,BARCL,,,
2026-03-21T13:22:36.249Z,market,trade,TESTE,100057.93946812388,96,,,,UBS,ITAU,,,
2026-03-21T13:22:36.407Z,market,trade,TESTE,100056.63272588384,123,,,,XP,BTG,,,
2026-03-21T13:22:36.567Z,market,trade,TESTE,100052.0939769301,15,,,,JPM,MS,,,
2026-03-21T13:22:36.567Z,alert,,TESTE,100052.0939769301,,,3,Acúmulo Institucional Abaixo da VWAP,,,,,
2026-03-21T13:22:36.717Z,market,trade,TESTE,100049.9820577087,142,,,,UBS,BTG,,,
2026-03-21T13:22:36.872Z,market,trade,TESTE,100046.39332868774,27,,,,CITI,XP,,,
2026-03-21T13:22:36.872Z,alert,,TESTE,100046.39332868774,,,3,Acúmulo Institucional Abaixo da VWAP,,,,,
2026-03-21T13:22:37.036Z,market,trade,TESTE,100054.38294208782,122,,,,XP,BARCL,,,
2026-03-21T13:22:37.189Z,market,trade,TESTE,100044.22493032111,70,,,,ITAU,UBS,,,
2026-03-21T13:22:37.341Z,market,trade,TESTE,100044.5534082917,56,,,,UBS,BARCL,,,
2026-03-21T13:22:37.341Z,alert,,TESTE,100044.5534082917,,,3,Acúmulo Institucional Abaixo da VWAP,,,,,
2026-03-21T13:22:37.492Z,market,trade,TESTE,100056.64552839445,110,,,,CS,ITAU,,,
2026-03-21T13:22:37.656Z,market,trade,TESTE,100042.3262703328,50,,,,CITI,JPM,,,
2026-03-21T13:22:37.809Z,market,trade,TESTE,100049.82732195662,79,,,,CS,XP,,,
2026-03-21T13:22:37.965Z,market,trade,TESTE,100037.98092836836,134,,,,XP,JPM,,,
2026-03-21T13:22:38.128Z,market,trade,TESTE,100041.51383009079,55,,,,BTG,CS,,,
2026-03-21T13:22:38.288Z,market,trade,TESTE,100053.74565486472,196,,,,GOLDM,BARCL,,,
2026-03-21T13:22:38.440Z,market,trade,TESTE,100051.21458147035,13,,,,BTG,UBS,,,
2026-03-21T13:22:38.591Z,market,trade,TESTE,100055.13955540121,54,,,,MS,XP,,,
2026-03-21T13:22:38.756Z,market,trade,TESTE,100046.64740454286,7,,,,CITI,JPM,,,
2026-03-21T13:22:38.909Z,market,trade,TESTE,100041.89661143377,151,,,,GOLDM,UBS,,,
2026-03-21T13:22:39.068Z,market,trade,TESTE,100046.31179100816,24,,,,BARCL,GOLDM,,,
2026-03-21T13:22:39.068Z,alert,,TESTE,100046.31179100816,,,3,Acúmulo Institucional Abaixo da VWAP,,,,,
2026-03-21T13:22:39.220Z,market,trade,TESTE,100061.08603266001,6,,,,JPM,MS,,,
2026-03-21T13:22:39.384Z,market,trade,TESTE,100055.25153228307,41,,,,UBS,BARCL,,,
2026-03-21T13:22:39.384Z,alert,,TESTE,100055.25153228307,,,3,Acúmulo Institucional Abaixo da VWAP,,,,,
2026-03-21T13:22:39.537Z,market,trade,TESTE,100055.7285946051,78,,,,CS,ITAU,,,
2026-03-21T13:22:39.702Z,market,trade,TESTE,100055.20869773526,38,,,,XP,GOLDM,,,
2026-03-21T13:22:39.702Z,alert,,TESTE,100055.20869773526,,,3,Acúmulo Institucional Abaixo da VWAP,,,,,
2026-03-21T13:22:39.867Z,market,trade,TESTE,100067.79529056126,190,,,,GOLDM,ITAU,,,
2026-03-21T13:22:40.027Z,market,trade,TESTE,100062.48865093292,24,,,,JPM,CITI,,,
2026-03-21T13:22:40.027Z,alert,,TESTE,100062.48865093292,,,3,Acúmulo Institucional Abaixo da VWAP,,,,,
2026-03-21T13:22:40.186Z,market,trade,TESTE,100063.72745435232,67,,,,CITI,BARCL,,,
2026-03-21T13:22:40.187Z,alert,,TESTE,100063.72745435232,,,3,Acúmulo Institucional Abaixo da VWAP,,,,,
2026-03-21T13:22:40.341Z,market,trade,TESTE,100069.87010254311,112,,,,JPM,JPM,,,
2026-03-21T13:22:40.497Z,market,trade,TESTE,100066.00722170672,124,,,,BARCL,MS,,,
2026-03-21T13:22:40.650Z,market,trade,TESTE,100052.85979592489,29,,,,XP,JPM,,,
2026-03-21T13:22:40.812Z,market,trade,TESTE,100066.48478579562,157,,,,UBS,ITAU,,,
2026-03-21T13:22:40.967Z,market,trade,TESTE,100067.9525062922,167,,,,UBS,MS,,,
2026-03-21T13:22:41.132Z,market,trade,TESTE,100072.03978637038,94,,,,UBS,MS,,,
2026-03-21T13:22:41.288Z,market,trade,TESTE,100072.12519639712,140,,,,GOLDM,CITI,,,
2026-03-21T13:22:41.439Z,market,trade,TESTE,100060.18105118765,57,,,,UBS,ITAU,,,
2026-03-21T13:22:41.591Z,market,trade,TESTE,100061.88983273983,41,,,,CITI,CS,,,
2026-03-21T13:22:41.748Z,market,trade,TESTE,100067.23406768701,111,,,,JPM,JPM,,,
2026-03-21T13:22:41.904Z,market,trade,TESTE,100057.3027383798,181,,,,UBS,ITAU,,,
2026-03-21T13:22:42.062Z,market,trade,TESTE,100071.62476145395,17,,,,CS,XP,,,
2026-03-21T13:22:42.220Z,market,trade,TESTE,100064.10630025403,64,,,,GOLDM,CITI,,,
2026-03-21T13:22:42.381Z,market,trade,TESTE,100064.54559693499,17,,,,BARCL,CITI,,,
2026-03-21T13:22:42.556Z,market,trade,TESTE,100079.42770093928,63,,,,CS,JPM,,,
2026-03-21T13:22:42.717Z,market,trade,TESTE,100070.47490840826,190,,,,XP,CS,,,
2026-03-21T13:22:42.871Z,market,trade,TESTE,100067.3960562627,126,,,,CITI,XP,,,
2026-03-21T13:22:43.028Z,market,trade,TESTE,100080.61766651664,42,,,,CS,BTG,,,
2026-03-21T13:22:43.182Z,market,trade,TESTE,100072.28142459778,31,,,,UBS,MS,,,
2026-03-21T13:22:43.340Z,market,trade,TESTE,100086.77455006054,58,,,,MS,GOLDM,,,
2026-03-21T13:22:43.500Z,market,trade,TESTE,100083.98902932763,31,,,,UBS,XP,,,
2026-03-21T13:22:43.661Z,market,trade,TESTE,100079.58133339976,25,,,,UBS,MS,,,
2026-03-21T13:22:43.815Z,market,trade,TESTE,100083.87552246485,172,,,,JPM,CITI,,,
2026-03-21T13:22:43.965Z,market,trade,TESTE,100069.98171941386,28,,,,JPM,ITAU,,,
2026-03-21T13:22:44.116Z,market,trade,TESTE,100076.78703544941,57,,,,CS,JPM,,,
2026-03-21T13:22:44.272Z,market,trade,TESTE,100079.31599430447,36,,,,JPM,UBS,,,
2026-03-21T13:22:44.437Z,market,trade,TESTE,100077.37578462614,100,,,,ITAU,JPM,,,
2026-03-21T13:22:44.595Z,market,trade,TESTE,100072.28641156737,187,,,,UBS,UBS,,,
2026-03-21T13:22:44.756Z,market,trade,TESTE,100073.02622976911,107,,,,GOLDM,ITAU,,,
2026-03-21T13:22:44.921Z,market,trade,TESTE,100070.75223131609,146,,,,MS,JPM,,,
2026-03-21T13:22:45.075Z,market,trade,TESTE,100070.04496388327,144,,,,ITAU,CS,,,
2026-03-21T13:22:45.237Z,market,trade,TESTE,100070.5398954225,168,,,,CS,BTG,,,
2026-03-21T13:22:45.396Z,market,trade,TESTE,100067.36365763601,125,,,,MS,BARCL,,,
2026-03-21T13:22:45.552Z,market,trade,TESTE,100081.21062312875,138,,,,JPM,CITI,,,
2026-03-21T13:22:45.709Z,market,trade,TESTE,100083.54479517174,182,,,,CS,UBS,,,
2026-03-21T13:22:45.861Z,market,trade,TESTE,100085.05150872178,157,,,,CS,JPM,,,
2026-03-21T13:22:46.014Z,market,trade,TESTE,100085.37702959652,109,,,,BTG,CITI,,,
2026-03-21T13:22:46.178Z,market,trade,TESTE,100080.25243764406,136,,,,ITAU,XP,,,
2026-03-21T13:22:46.337Z,market,trade,TESTE,100084.66064879837,195,,,,ITAU,GOLDM,,,
2026-03-21T13:22:46.494Z,market,trade,TESTE,100097.6410914664,147,,,,GOLDM,CITI,,,
2026-03-21T13:22:46.656Z,market,trade,TESTE,100092.65093747222,95,,,,JPM,XP,,,
2026-03-21T13:22:46.817Z,market,trade,TESTE,100096.37094900581,86,,,,MS,BARCL,,,
2026-03-21T13:22:46.980Z,market,trade,TESTE,100081.66847642795,172,,,,ITAU,UBS,,,
2026-03-21T13:22:47.145Z,market,trade,TESTE,100080.11073956966,149,,,,CITI,GOLDM,,,
2026-03-21T13:22:47.300Z,market,trade,TESTE,100080.8513431749,142,,,,CITI,CITI,,,
2026-03-21T13:22:47.461Z,market,trade,TESTE,100076.07288734271,108,,,,CITI,MS,,,
2026-03-21T13:22:47.625Z,market,trade,TESTE,100079.76758639375,169,,,,CS,CS,,,
2026-03-21T13:22:47.782Z,market,trade,TESTE,100089.3527267363,192,,,,XP,ITAU,,,
2026-03-21T13:22:47.937Z,market,trade,TESTE,100092.90097063137,51,,,,BTG,BTG,,,
2026-03-21T13:22:48.101Z,market,trade,TESTE,100084.94119091901,131,,,,MS,BTG,,,
2026-03-21T13:22:48.256Z,market,trade,TESTE,100096.41859757785,173,,,,ITAU,UBS,,,
2026-03-21T13:22:48.415Z,market,trade,TESTE,100092.21379228863,79,,,,CS,ITAU,,,
2026-03-21T13:22:48.574Z,market,trade,TESTE,100083.57427368948,35,,,,MS,GOLDM,,,
2026-03-21T13:22:48.737Z,market,trade,TESTE,100082.19380024534,30,,,,MS,MS,,,
2026-03-21T13:22:48.899Z,market,trade,TESTE,100084.73425432955,51,,,,BARCL,BARCL,,,
2026-03-21T13:22:49.064Z,market,trade,TESTE,100097.92089424856,76,,,,CS,XP,,,
2026-03-21T13:22:49.220Z,market,trade,TESTE,100085.85545405035,66,,,,MS,GOLDM,,,
2026-03-21T13:22:49.376Z,market,trade,TESTE,100085.85359125696,200,,,,ITAU,XP,,,
2026-03-21T13:22:49.529Z,market,trade,TESTE,100087.58830732417,75,,,,ITAU,BTG,,,
2026-03-21T13:22:49.692Z,market,trade,TESTE,100082.88358513803,48,,,,MS,UBS,,,
2026-03-21T13:22:49.850Z,market,trade,TESTE,100089.39612613678,65,,,,XP,CS,,,
2026-03-21T13:22:50.014Z,market,trade,TESTE,100092.81770380998,13,,,,JPM,BARCL,,,
2026-03-21T13:22:50.179Z,market,trade,TESTE,100080.804528497,136,,,,CITI,JPM,,,
2026-03-21T13:22:50.340Z,market,trade,TESTE,100095.35687732593,25,,,,GOLDM,GOLDM,,,
2026-03-21T13:22:50.498Z,market,trade,TESTE,100096.62602793571,29,,,,JPM,BTG,,,
2026-03-21T13:22:50.656Z,market,trade,TESTE,100093.27037725784,169,,,,UBS,BARCL,,,
2026-03-21T13:22:50.806Z,market,trade,TESTE,100089.12646059625,28,,,,MS,BTG,,,
2026-03-21T13:22:50.959Z,market,trade,TESTE,100088.35380002756,109,,,,XP,ITAU,,,
2026-03-21T13:22:51.111Z,market,trade,TESTE,100086.88547741645,156,,,,BARCL,BTG,,,
2026-03-21T13:22:51.274Z,market,trade,TESTE,100073.42473571129,60,,,,UBS,XP,,,
2026-03-21T13:22:51.436Z,market,trade,TESTE,100087.96198542378,87,,,,CITI,BARCL,,,
2026-03-21T13:22:51.591Z,market,trade,TESTE,100081.2646850254,34,,,,XP,XP,,,
2026-03-21T13:22:51.748Z,market,trade,TESTE,100077.79367605118,139,,,,MS,GOLDM,,,
2026-03-21T13:22:51.904Z,market,trade,TESTE,100082.73286017326,135,,,,CITI,BARCL,,,
2026-03-21T13:22:52.056Z,market,trade,TESTE,100096.48411808291,182,,,,CITI,ITAU,,,
2026-03-21T13:22:52.219Z,market,trade,TESTE,100086.50527696592,146,,,,MS,XP,,,
2026-03-21T13:22:52.380Z,market,trade,TESTE,100081.66338524054,74,,,,CS,BTG,,,
2026-03-21T13:22:52.548Z,market,trade,TESTE,100080.32799977734,71,,,,ITAU,UBS,,,
2026-03-21T13:22:52.707Z,market,trade,TESTE,100078.81071702983,194,,,,CS,UBS,,,
2026-03-21T13:22:52.861Z,market,trade,TESTE,100078.23831610546,122,,,,ITAU,CS,,,
2026-03-21T13:22:53.020Z,market,trade,TESTE,100086.23744785016,38,,,,ITAU,CS,,,
2026-03-21T13:22:53.180Z,market,trade,TESTE,100073.74580976435,104,,,,CS,MS,,,
2026-03-21T13:22:53.336Z,market,trade,TESTE,100079.34655206125,146,,,,JPM,UBS,,,
2026-03-21T13:22:53.492Z,market,trade,TESTE,100081.46774272277,101,,,,CS,GOLDM,,,
2026-03-21T13:22:53.645Z,market,trade,TESTE,100067.66030467508,178,,,,JPM,BTG,,,
2026-03-21T13:22:53.800Z,market,trade,TESTE,100071.32892902015,44,,,,XP,CS,,,
2026-03-21T13:22:53.961Z,market,trade,TESTE,100067.73521446444,104,,,,JPM,BTG,,,
2026-03-21T13:22:54.113Z,market,trade,TESTE,100066.6205898888,127,,,,UBS,BTG,,,
2026-03-21T13:22:54.275Z,market,trade,TESTE,100063.77309137392,114,,,,GOLDM,XP,,,
2026-03-21T13:22:54.437Z,market,trade,TESTE,100077.90595787531,155,,,,JPM,MS,,,
2026-03-21T13:22:54.591Z,market,trade,TESTE,100077.04755130871,44,,,,CS,UBS,,,
2026-03-21T13:22:54.756Z,market,trade,TESTE,100068.45629915145,110,,,,CITI,XP,,,
2026-03-21T13:22:54.913Z,market,trade,TESTE,100082.52113881917,113,,,,CS,GOLDM,,,
2026-03-21T13:22:55.083Z,market,trade,TESTE,100070.86722194817,156,,,,CS,CITI,,,
2026-03-21T13:22:55.241Z,market,trade,TESTE,100076.3719880359,51,,,,XP,GOLDM,,,
2026-03-21T13:22:55.402Z,market,trade,TESTE,100068.96149972569,110,,,,CS,CITI,,,
2026-03-21T13:22:55.563Z,market,trade,TESTE,100069.26853680963,171,,,,GOLDM,ITAU,,,
2026-03-21T13:22:55.721Z,market,trade,TESTE,100065.68645687988,146,,,,JPM,CITI,,,
2026-03-21T13:22:55.882Z,market,trade,TESTE,100066.45167477317,116,,,,JPM,XP,,,
2026-03-21T13:22:56.035Z,market,trade,TESTE,100069.96540094574,163,,,,XP,UBS,,,
2026-03-21T13:22:56.186Z,market,trade,TESTE,100071.51964757484,105,,,,CITI,GOLDM,,,
2026-03-21T13:22:56.348Z,market,trade,TESTE,100070.01696812584,44,,,,JPM,XP,,,
2026-03-21T13:22:56.499Z,market,trade,TESTE,100069.14250397807,169,,,,ITAU,GOLDM,,,
2026-03-21T13:22:56.650Z,market,trade,TESTE,100071.98424931169,197,,,,BTG,MS,,,
2026-03-21T13:22:56.806Z,market,trade,TESTE,100073.21461938928,66,,,,BARCL,ITAU,,,
2026-03-21T13:22:56.972Z,market,trade,TESTE,100085.1861034638,164,,,,CITI,CITI,,,
2026-03-21T13:22:57.127Z,market,trade,TESTE,100070.37972398639,46,,,,JPM,GOLDM,,,
2026-03-21T13:22:57.280Z,market,trade,TESTE,100068.17582037042,100,,,,BTG,JPM,,,
2026-03-21T13:22:57.443Z,market,trade,TESTE,100082.51923369999,70,,,,MS,ITAU,,,
2026-03-21T13:22:57.594Z,market,trade,TESTE,100081.31477096662,99,,,,CS,UBS,,,
2026-03-21T13:22:57.745Z,market,trade,TESTE,100069.15832296274,57,,,,CS,GOLDM,,,
2026-03-21T13:22:57.903Z,market,trade,TESTE,100074.6505410991,19,,,,GOLDM,XP,,,
2026-03-21T13:22:58.066Z,market,trade,TESTE,100075.51946146495,188,,,,CS,XP,,,
2026-03-21T13:22:58.217Z,market,trade,TESTE,100070.28396920596,83,,,,ITAU,XP,,,
2026-03-21T13:22:58.382Z,market,trade,TESTE,100082.4740137756,182,,,,GOLDM,JPM,,,
2026-03-21T13:22:58.538Z,market,trade,TESTE,100074.6838812804,136,,,,BTG,CS,,,
2026-03-21T13:22:58.698Z,market,trade,TESTE,100088.01612286485,114,,,,UBS,CS,,,
2026-03-21T13:22:58.857Z,market,trade,TESTE,100082.98845924716,197,,,,CITI,CS,,,
2026-03-21T13:22:59.015Z,market,trade,TESTE,100091.34319492114,103,,,,CITI,CITI,,,
2026-03-21T13:22:59.180Z,market,trade,TESTE,100076.48669425762,20,,,,UBS,UBS,,,
2026-03-21T13:22:59.339Z,market,trade,TESTE,100087.17129159646,37,,,,BTG,UBS,,,
2026-03-21T13:22:59.496Z,market,trade,TESTE,100072.85301106208,168,,,,UBS,CITI,,,
2026-03-21T13:22:59.661Z,market,trade,TESTE,100083.01960267471,90,,,,CS,BARCL,,,
2026-03-21T13:22:59.815Z,market,trade,TESTE,100072.44113063085,125,,,,BARCL,MS,,,
2026-03-21T13:22:59.973Z,market,trade,TESTE,100082.49610774811,181,,,,BARCL,ITAU,,,
2026-03-21T13:23:00.129Z,market,trade,TESTE,100075.58936500484,56,,,,MS,CITI,,,
2026-03-21T13:23:00.279Z,market,trade,TESTE,100089.29473587165,142,,,,CITI,UBS,,,
2026-03-21T13:23:00.438Z,market,trade,TESTE,100092.57938104856,177,,,,BARCL,CITI,,,
2026-03-21T13:23:00.592Z,market,trade,TESTE,100079.3742990017,62,,,,MS,BTG,,,
2026-03-21T13:23:00.744Z,market,trade,TESTE,100088.75182298085,180,,,,MS,JPM,,,
2026-03-21T13:23:00.909Z,market,trade,TESTE,100076.61026769095,119,,,,MS,CS,,,
2026-03-21T13:23:01.060Z,market,trade,TESTE,100090.15629530621,58,,,,CITI,UBS,,,
2026-03-21T13:23:01.212Z,market,trade,TESTE,100087.14608852085,15,,,,UBS,ITAU,,,
2026-03-21T13:23:01.364Z,market,trade,TESTE,100086.0626941155,166,,,,BARCL,MS,,,
2026-03-21T13:23:01.520Z,market,trade,TESTE,100075.96958562979,38,,,,CS,XP,,,
2026-03-21T13:23:01.676Z,market,trade,TESTE,100080.91907037146,60,,,,JPM,GOLDM,,,
2026-03-21T13:23:01.835Z,market,trade,TESTE,100076.42843453966,156,,,,JPM,JPM,,,
2026-03-21T13:23:01.997Z,market,trade,TESTE,100088.69721909765,152,,,,BTG,GOLDM,,,
2026-03-21T13:23:02.159Z,market,trade,TESTE,100079.9718830558,39,,,,MS,BTG,,,
2026-03-21T13:23:02.321Z,market,trade,TESTE,100083.87388195707,132,,,,JPM,ITAU,,,
2026-03-21T13:23:02.471Z,market,trade,TESTE,100085.45808110417,134,,,,XP,MS,,,
2026-03-21T13:23:02.624Z,market,trade,TESTE,100090.75147522509,70,,,,CS,GOLDM,,,
2026-03-21T13:23:02.783Z,market,trade,TESTE,100089.8822896591,112,,,,BARCL,ITAU,,,
2026-03-21T13:23:02.947Z,market,trade,TESTE,100078.99875820088,136,,,,ITAU,CITI,,,
2026-03-21T13:23:03.113Z,market,trade,TESTE,100090.44567801163,155,,,,MS,UBS,,,
2026-03-21T13:23:03.277Z,market,trade,TESTE,100077.92789840541,141,,,,BTG,JPM,,,
2026-03-21T13:23:03.437Z,market,trade,TESTE,100084.39415709376,27,,,,BARCL,BTG,,,
2026-03-21T13:23:03.591Z,market,trade,TESTE,100073.24551606618,150,,,,XP,BTG,,,
2026-03-21T13:23:03.756Z,market,trade,TESTE,100077.52891034306,109,,,,CS,BARCL,,,
2026-03-21T13:23:03.921Z,market,trade,TESTE,100074.27517752448,22,,,,UBS,MS,,,
2026-03-21T13:23:04.073Z,market,trade,TESTE,100081.47904645435,101,,,,BARCL,UBS,,,
2026-03-21T13:23:04.236Z,market,trade,TESTE,100076.9377155096,99,,,,MS,CITI,,,
2026-03-21T13:23:04.399Z,market,trade,TESTE,100069.99754750235,171,,,,CITI,MS,,,
2026-03-21T13:23:04.552Z,market,trade,TESTE,100077.31104676268,11,,,,UBS,UBS,,,
2026-03-21T13:23:04.705Z,market,trade,TESTE,100080.79602391047,138,,,,ITAU,CS,,,
2026-03-21T13:23:04.861Z,market,trade,TESTE,100084.76682621732,19,,,,BARCL,CS,,,
2026-03-21T13:23:05.016Z,market,trade,TESTE,100078.42058825624,58,,,,CITI,CS,,,
2026-03-21T13:23:05.180Z,market,trade,TESTE,100089.7686257964,131,,,,BTG,XP,,,
2026-03-21T13:23:05.335Z,market,trade,TESTE,100075.21349686557,114,,,,CS,GOLDM,,,
2026-03-21T13:23:05.486Z,market,trade,TESTE,100070.85234493081,56,,,,ITAU,MS,,,
2026-03-21T13:23:05.638Z,market,trade,TESTE,100084.50734185854,48,,,,XP,CS,,,
2026-03-21T13:23:05.788Z,market,trade,TESTE,100081.0925678299,193,,,,ITAU,XP,,,
2026-03-21T13:23:05.951Z,market,trade,TESTE,100066.99397653894,35,,,,CS,GOLDM,,,
2026-03-21T13:23:06.111Z,market,trade,TESTE,100063.0922309398,12,,,,JPM,BARCL,,,
2026-03-21T13:23:06.261Z,market,trade,TESTE,100059.92941059018,181,,,,JPM,BTG,,,
2026-03-21T13:23:06.419Z,market,trade,TESTE,100056.06546140433,11,,,,JPM,GOLDM,,,
2026-03-21T13:23:06.575Z,market,trade,TESTE,100051.21784615461,16,,,,ITAU,XP,,,
2026-03-21T13:23:06.733Z,market,trade,TESTE,100064.09707051094,123,,,,JPM,ITAU,,,
2026-03-21T13:23:06.887Z,market,trade,TESTE,100063.59928475815,105,,,,UBS,CITI,,,
2026-03-21T13:23:07.048Z,market,trade,TESTE,100052.23962062076,92,,,,XP,BARCL,,,
2026-03-21T13:23:07.202Z,market,trade,TESTE,100047.99496876946,105,,,,ITAU,MS,,,
2026-03-21T13:23:07.358Z,market,trade,TESTE,100047.02230616251,194,,,,ITAU,MS,,,
2026-03-21T13:23:07.510Z,market,trade,TESTE,100054.71221065754,113,,,,ITAU,JPM,,,
2026-03-21T13:23:07.667Z,market,trade,TESTE,100049.40919869818,157,,,,BARCL,BARCL,,,
2026-03-21T13:23:07.831Z,market,trade,TESTE,100050.42186080091,129,,,,BTG,JPM,,,
2026-03-21T13:23:07.987Z,market,trade,TESTE,100053.19167075472,21,,,,CITI,BARCL,,,
2026-03-21T13:23:08.150Z,market,trade,TESTE,100065.23694486736,38,,,,BTG,UBS,,,
2026-03-21T13:23:08.306Z,market,trade,TESTE,100069.81408578597,59,,,,XP,XP,,,
2026-03-21T13:23:08.477Z,market,trade,TESTE,100069.44020692613,64,,,,GOLDM,JPM,,,
2026-03-21T13:23:08.628Z,market,trade,TESTE,100067.69540015086,87,,,,MS,ITAU,,,
2026-03-21T13:23:08.779Z,market,trade,TESTE,100055.69328387368,90,,,,CS,XP,,,
2026-03-21T13:23:08.931Z,market,trade,TESTE,100057.3446797549,126,,,,JPM,JPM,,,
2026-03-21T13:23:09.087Z,market,trade,TESTE,100070.01507178959,146,,,,BTG,MS,,,
2026-03-21T13:23:09.250Z,market,trade,TESTE,100057.69193890206,52,,,,BARCL,JPM,,,
2026-03-21T13:23:09.411Z,market,trade,TESTE,100064.28201945622,149,,,,MS,XP,,,
2026-03-21T13:23:09.567Z,market,trade,TESTE,100059.1319759302,98,,,,GOLDM,ITAU,,,
2026-03-21T13:23:09.729Z,market,trade,TESTE,100057.3049303606,172,,,,XP,ITAU,,,
2026-03-21T13:23:09.880Z,market,trade,TESTE,100063.66948815405,20,,,,CITI,MS,,,
2026-03-21T13:23:10.031Z,market,trade,TESTE,100061.24776755909,106,,,,MS,MS,,,
2026-03-21T13:23:10.184Z,market,trade,TESTE,100063.01645804338,57,,,,MS,BARCL,,,
2026-03-21T13:23:10.336Z,market,trade,TESTE,100067.6447769638,172,,,,JPM,BARCL,,,
2026-03-21T13:23:10.486Z,market,trade,TESTE,100056.72043924866,108,,,,CS,BTG,,,
2026-03-21T13:23:10.648Z,market,trade,TESTE,100070.80676067057,15,,,,CS,JPM,,,
2026-03-21T13:23:10.806Z,market,trade,TESTE,100058.18360519565,189,,,,CS,ITAU,,,
2026-03-21T13:23:10.967Z,market,trade,TESTE,100058.81659072927,92,,,,CS,JPM,,,
2026-03-21T13:23:11.127Z,market,trade,TESTE,100055.05649411297,180,,,,UBS,XP,,,
2026-03-21T13:23:11.286Z,market,trade,TESTE,100064.6576995961,33,,,,JPM,MS,,,
2026-03-21T13:23:11.447Z,market,trade,TESTE,100056.1811358958,143,,,,JPM,CS,,,
2026-03-21T13:23:11.607Z,market,trade,TESTE,100070.850693735,58,,,,XP,JPM,,,
2026-03-21T13:23:11.766Z,market,trade,TESTE,100056.87249388876,110,,,,JPM,MS,,,
2026-03-21T13:23:11.927Z,market,trade,TESTE,100058.98527601254,23,,,,UBS,ITAU,,,
2026-03-21T13:23:12.086Z,market,trade,TESTE,100071.8051351241,165,,,,XP,UBS,,,
2026-03-21T13:23:12.246Z,market,trade,TESTE,100072.43507903632,65,,,,GOLDM,MS,,,
2026-03-21T13:23:12.406Z,market,trade,TESTE,100064.30881079141,49,,,,BTG,BARCL,,,
2026-03-21T13:23:12.567Z,market,trade,TESTE,100065.20080466174,67,,,,XP,CITI,,,
2026-03-21T13:23:12.726Z,market,trade,TESTE,100066.90551904694,6,,,,UBS,BTG,,,
2026-03-21T13:23:12.886Z,market,trade,TESTE,100073.96165369685,140,,,,JPM,UBS,,,
2026-03-21T13:23:13.047Z,market,trade,TESTE,100070.15310432852,31,,,,BTG,BARCL,,,
2026-03-21T13:23:13.207Z,market,trade,TESTE,100070.4088942005,148,,,,CITI,GOLDM,,,
2026-03-21T13:23:13.363Z,market,trade,TESTE,100056.75390437763,65,,,,MS,BARCL,,,
2026-03-21T13:23:13.526Z,market,trade,TESTE,100071.65842968402,96,,,,UBS,CITI,,,
2026-03-21T13:23:13.686Z,market,trade,TESTE,100067.38493607589,68,,,,BTG,ITAU,,,
2026-03-21T13:23:13.846Z,market,trade,TESTE,100067.77112529488,45,,,,MS,JPM,,,
2026-03-21T13:23:14.007Z,market,trade,TESTE,100067.24221310223,114,,,,ITAU,JPM,,,
2026-03-21T13:23:14.163Z,market,trade,TESTE,100053.55466523916,75,,,,XP,BARCL,,,
2026-03-21T13:23:14.323Z,market,trade,TESTE,100067.35551343586,176,,,,CS,UBS,,,
2026-03-21T13:23:14.486Z,market,trade,TESTE,100060.74232394197,43,,,,UBS,UBS,,,
2026-03-21T13:23:14.642Z,market,trade,TESTE,100071.10277696564,77,,,,UBS,ITAU,,,
2026-03-21T13:23:14.807Z,market,trade,TESTE,100067.34498696806,32,,,,ITAU,JPM,,,
2026-03-21T13:23:14.962Z,market,trade,TESTE,100068.74301180587,108,,,,CS,GOLDM,,,
2026-03-21T13:23:15.124Z,market,trade,TESTE,100057.63232468943,97,,,,CITI,UBS,,,
2026-03-21T13:23:15.287Z,market,trade,TESTE,100071.7359410963,47,,,,CS,BTG,,,
2026-03-21T13:23:15.446Z,market,trade,TESTE,100072.27419349406,124,,,,CITI,BTG,,,
2026-03-21T13:23:15.606Z,market,trade,TESTE,100069.0523491822,86,,,,UBS,CS,,,
2026-03-21T13:23:15.766Z,market,trade,TESTE,100064.3219379349,190,,,,GOLDM,GOLDM,,,
2026-03-21T13:23:15.924Z,market,trade,TESTE,100056.5193199793,95,,,,ITAU,GOLDM,,,
2026-03-21T13:23:16.087Z,market,trade,TESTE,100058.4135768719,46,,,,BTG,MS,,,
2026-03-21T13:23:16.247Z,market,trade,TESTE,100072.39357605363,145,,,,JPM,CITI,,,
2026-03-21T13:23:16.406Z,market,trade,TESTE,100062.59954297291,46,,,,JPM,XP,,,
2026-03-21T13:23:16.563Z,market,trade,TESTE,100065.24650648686,120,,,,CS,UBS,,,
2026-03-21T13:23:16.727Z,market,trade,TESTE,100063.56488271376,76,,,,XP,CITI,,,
2026-03-21T13:23:16.886Z,market,trade,TESTE,100067.51363196224,180,,,,GOLDM,UBS,,,
2026-03-21T13:23:17.043Z,market,trade,TESTE,100069.99241011188,116,,,,UBS,CS,,,
2026-03-21T13:23:17.206Z,market,trade,TESTE,100070.9857998478,179,,,,CS,CS,,,
2026-03-21T13:23:17.368Z,market,trade,TESTE,100081.09010365426,78,,,,BTG,GOLDM,,,
2026-03-21T13:23:17.530Z,market,trade,TESTE,100068.67347424173,186,,,,CS,MS,,,
2026-03-21T13:23:17.685Z,market,trade,TESTE,100066.64264894371,21,,,,MS,BARCL,,,
2026-03-21T13:23:17.849Z,market,trade,TESTE,100065.2407188601,123,,,,JPM,JPM,,,
2026-03-21T13:23:18.006Z,market,trade,TESTE,100060.33113664796,174,,,,MS,BARCL,,,
2026-03-21T13:23:18.160Z,market,trade,TESTE,100069.64944595053,66,,,,UBS,BARCL,,,
2026-03-21T13:23:18.320Z,market,trade,TESTE,100070.56044049331,176,,,,GOLDM,CITI,,,
2026-03-21T13:23:18.476Z,market,trade,TESTE,100057.03223306143,28,,,,BARCL,GOLDM,,,
2026-03-21T13:23:18.628Z,market,trade,TESTE,100070.36128607535,120,,,,BARCL,UBS,,,
2026-03-21T13:23:18.780Z,market,trade,TESTE,100067.182186236,154,,,,GOLDM,GOLDM,,,
2026-03-21T13:23:18.931Z,market,trade,TESTE,100068.31275196941,73,,,,XP,CITI,,,
2026-03-21T13:23:19.088Z,market,trade,TESTE,100060.01999390402,172,,,,BARCL,UBS,,,
2026-03-21T13:23:19.245Z,market,trade,TESTE,100070.15155425141,82,,,,BTG,GOLDM,,,
2026-03-21T13:23:19.397Z,market,trade,TESTE,100070.14641252381,31,,,,ITAU,BARCL,,,
2026-03-21T13:23:19.547Z,market,trade,TESTE,100071.44399740087,182,,,,JPM,XP,,,
2026-03-21T13:23:19.706Z,market,trade,TESTE,100075.07712502258,194,,,,CITI,XP,,,
2026-03-21T13:23:19.862Z,market,trade,TESTE,100061.21122745579,84,,,,JPM,GOLDM,,,
2026-03-21T13:23:20.016Z,market,trade,TESTE,100063.82496952178,158,,,,MS,CITI,,,
2026-03-21T13:23:20.171Z,market,trade,TESTE,100067.1700875597,76,,,,XP,MS,,,
2026-03-21T13:23:20.322Z,market,trade,TESTE,100068.93349917464,57,,,,BARCL,GOLDM,,,
2026-03-21T13:23:20.481Z,market,trade,TESTE,100076.2497861077,83,,,,UBS,XP,,,
2026-03-21T13:23:20.648Z,market,trade,TESTE,100074.68880566098,153,,,,BTG,BTG,,,
2026-03-21T13:23:20.806Z,market,trade,TESTE,100075.89164777339,192,,,,BARCL,JPM,,,
2026-03-21T13:23:20.960Z,market,trade,TESTE,100065.5666188284,199,,,,BTG,GOLDM,,,
2026-03-21T13:23:21.111Z,market,trade,TESTE,100075.09727852792,187,,,,ITAU,GOLDM,,,
2026-03-21T13:23:21.267Z,market,trade,TESTE,100071.25896438147,17,,,,GOLDM,JPM,,,
2026-03-21T13:23:21.427Z,market,trade,TESTE,100068.7084268564,170,,,,CITI,GOLDM,,,
2026-03-21T13:23:21.578Z,market,trade,TESTE,100069.31498104705,113,,,,JPM,CS,,,
2026-03-21T13:23:21.735Z,market,trade,TESTE,100057.99712682771,16,,,,XP,GOLDM,,,
2026-03-21T13:23:21.892Z,market,trade,TESTE,100057.95643063106,51,,,,ITAU,JPM,,,
2026-03-21T13:23:22.048Z,market,trade,TESTE,100069.14266470945,92,,,,CITI,BTG,,,
2026-03-21T13:23:22.201Z,market,trade,TESTE,100068.5408984268,161,,,,BTG,UBS,,,
2026-03-21T13:23:22.351Z,market,trade,TESTE,100062.90436265274,147,,,,UBS,XP,,,
2026-03-21T13:23:22.503Z,market,trade,TESTE,100059.84011534728,163,,,,BTG,ITAU,,,
2026-03-21T13:23:22.660Z,market,trade,TESTE,100063.44411586404,72,,,,GOLDM,CS,,,
2026-03-21T13:23:22.819Z,market,trade,TESTE,100061.55959227502,70,,,,BTG,GOLDM,,,
2026-03-21T13:23:22.983Z,market,trade,TESTE,100072.36746470517,158,,,,CITI,CITI,,,
2026-03-21T13:23:23.147Z,market,trade,TESTE,100068.2532642517,39,,,,MS,CS,,,
2026-03-21T13:23:23.313Z,market,trade,TESTE,100062.58857619188,19,,,,JPM,XP,,,
2026-03-21T13:23:23.467Z,market,trade,TESTE,100077.32012234778,23,,,,GOLDM,MS,,,
2026-03-21T13:23:23.627Z,market,trade,TESTE,100064.25516959545,168,,,,ITAU,MS,,,
2026-03-21T13:23:23.778Z,market,trade,TESTE,100062.70520128576,28,,,,BARCL,MS,,,
2026-03-21T13:23:23.936Z,market,trade,TESTE,100074.43999945541,89,,,,ITAU,BTG,,,
2026-03-21T13:23:24.092Z,market,trade,TESTE,100073.85543183233,81,,,,XP,BTG,,,
2026-03-21T13:23:24.243Z,market,trade,TESTE,100069.4406984244,124,,,,CS,ITAU,,,
2026-03-21T13:23:24.398Z,market,trade,TESTE,100064.38591063407,198,,,,CITI,BTG,,,
2026-03-21T13:23:24.557Z,market,trade,TESTE,100069.52165440605,131,,,,ITAU,ITAU,,,
2026-03-21T13:23:24.717Z,market,trade,TESTE,100071.91884535897,161,,,,ITAU,CS,,,
2026-03-21T13:23:24.868Z,market,trade,TESTE,100063.30692165048,100,,,,UBS,XP,,,
2026-03-21T13:23:25.028Z,market,trade,TESTE,100060.41643801381,163,,,,BTG,CITI,,,
2026-03-21T13:23:25.187Z,market,trade,TESTE,100073.8919094364,156,,,,GOLDM,CITI,,,
2026-03-21T13:23:25.347Z,market,trade,TESTE,100064.8308557421,80,,,,UBS,MS,,,
2026-03-21T13:23:25.506Z,market,trade,TESTE,100069.17737759426,117,,,,BTG,XP,,,
2026-03-21T13:23:25.667Z,market,trade,TESTE,100081.53658610121,187,,,,UBS,BARCL,,,
2026-03-21T13:23:25.827Z,market,trade,TESTE,100080.18665631209,28,,,,UBS,BTG,,,
2026-03-21T13:23:25.987Z,market,trade,TESTE,100068.16641445034,37,,,,JPM,XP,,,
2026-03-21T13:23:26.139Z,market,trade,TESTE,100066.5703478473,103,,,,UBS,JPM,,,
2026-03-21T13:23:26.297Z,market,trade,TESTE,100068.44213056267,184,,,,UBS,MS,,,
2026-03-21T13:23:26.461Z,market,trade,TESTE,100072.58279382836,38,,,,BTG,XP,,,
2026-03-21T13:23:26.618Z,market,trade,TESTE,100081.47629406594,116,,,,CS,GOLDM,,,
2026-03-21T13:23:26.782Z,market,trade,TESTE,100074.25014120757,77,,,,JPM,GOLDM,,,
2026-03-21T13:23:26.948Z,market,trade,TESTE,100080.78556901305,116,,,,UBS,BARCL,,,
2026-03-21T13:23:27.108Z,market,trade,TESTE,100083.45959752711,103,,,,CITI,BTG,,,
2026-03-21T13:23:27.267Z,market,trade,TESTE,100079.62580968627,72,,,,BTG,GOLDM,,,
2026-03-21T13:23:27.427Z,market,trade,TESTE,100075.40805742874,77,,,,CITI,MS,,,
2026-03-21T13:23:27.592Z,market,trade,TESTE,100065.47972894058,183,,,,ITAU,ITAU,,,
2026-03-21T13:23:27.747Z,market,trade,TESTE,100071.90144557787,132,,,,CS,BTG,,,
2026-03-21T13:23:27.898Z,market,trade,TESTE,100065.02172381963,179,,,,CS,ITAU,,,
2026-03-21T13:23:28.054Z,market,trade,TESTE,100061.99622254547,164,,,,CITI,BARCL,,,
2026-03-21T13:23:28.205Z,market,trade,TESTE,100076.19834313958,169,,,,UBS,CITI,,,
2026-03-21T13:23:28.361Z,market,trade,TESTE,100073.33233230864,64,,,,MS,CS,,,
2026-03-21T13:23:28.526Z,market,trade,TESTE,100076.00792328594,109,,,,MS,GOLDM,,,
2026-03-21T13:23:28.678Z,market,trade,TESTE,100073.81940520552,48,,,,CS,JPM,,,
2026-03-21T13:23:28.831Z,market,trade,TESTE,100076.87718429553,42,,,,GOLDM,XP,,,
2026-03-21T13:23:28.984Z,market,trade,TESTE,100067.74937475663,191,,,,UBS,BTG,,,
2026-03-21T13:23:29.135Z,market,trade,TESTE,100076.86752887644,86,,,,CITI,BTG,,,
2026-03-21T13:23:29.292Z,market,trade,TESTE,100078.24703129927,34,,,,XP,BARCL,,,
2026-03-21T13:23:29.445Z,market,trade,TESTE,100080.1533743347,109,,,,CITI,CS,,,
2026-03-21T13:23:29.607Z,market,trade,TESTE,100066.0827346551,8,,,,GOLDM,JPM,,,
2026-03-21T13:23:29.760Z,market,trade,TESTE,100067.60114966249,20,,,,BARCL,GOLDM,,,
2026-03-21T13:23:29.911Z,market,trade,TESTE,100064.65187598774,169,,,,GOLDM,CS,,,
2026-03-21T13:23:30.062Z,market,trade,TESTE,100065.33857768598,58,,,,UBS,XP,,,
2026-03-21T13:23:30.226Z,market,trade,TESTE,100078.72288466996,195,,,,BTG,BTG,,,
2026-03-21T13:23:30.376Z,market,trade,TESTE,100073.09467108012,200,,,,MS,BTG,,,
2026-03-21T13:23:30.536Z,market,trade,TESTE,100069.41701705009,187,,,,ITAU,MS,,,
2026-03-21T13:23:30.692Z,market,trade,TESTE,100079.17374924348,65,,,,GOLDM,CITI,,,
2026-03-21T13:23:30.846Z,market,trade,TESTE,100065.75547244745,28,,,,GOLDM,XP,,,
2026-03-21T13:23:30.997Z,market,trade,TESTE,100062.0994028126,17,,,,BTG,XP,,,
2026-03-21T13:23:31.154Z,market,trade,TESTE,100060.75686591877,31,,,,UBS,CS,,,
2026-03-21T13:23:31.311Z,market,trade,TESTE,100062.44438651222,86,,,,BARCL,UBS,,,
2026-03-21T13:23:31.463Z,market,trade,TESTE,100066.25932984981,7,,,,GOLDM,CITI,,,
2026-03-21T13:23:31.614Z,market,trade,TESTE,100064.5188129401,34,,,,CITI,GOLDM,,,
2026-03-21T13:23:31.771Z,market,trade,TESTE,100077.75115083583,147,,,,JPM,CS,,,
2026-03-21T13:23:31.928Z,market,trade,TESTE,100068.59590369227,91,,,,BTG,BTG,,,
2026-03-21T13:23:32.084Z,market,trade,TESTE,100069.1083746905,174,,,,MS,ITAU,,,
2026-03-21T13:23:32.246Z,market,trade,TESTE,100078.97863653782,102,,,,JPM,CS,,,
2026-03-21T13:23:32.396Z,market,trade,TESTE,100069.56661965097,118,,,,BTG,MS,,,
2026-03-21T13:23:32.547Z,market,trade,TESTE,100084.0987756251,67,,,,XP,CITI,,,
2026-03-21T13:23:32.706Z,market,trade,TESTE,100088.4234415809,154,,,,ITAU,CITI,,,
2026-03-21T13:23:32.870Z,market,trade,TESTE,100085.21204528265,88,,,,UBS,CS,,,
2026-03-21T13:23:33.027Z,market,trade,TESTE,100083.66974809114,142,,,,UBS,CITI,,,
2026-03-21T13:23:33.186Z,market,trade,TESTE,100074.23419786118,42,,,,XP,UBS,,,
2026-03-21T13:23:33.341Z,market,trade,TESTE,100070.6326187027,109,,,,CITI,UBS,,,
2026-03-21T13:23:33.491Z,market,trade,TESTE,100071.01580094107,156,,,,JPM,MS,,,
2026-03-21T13:23:33.647Z,market,trade,TESTE,100069.3044144315,104,,,,XP,JPM,,,
2026-03-21T13:23:33.807Z,market,trade,TESTE,100075.06630069629,46,,,,GOLDM,BTG,,,
2026-03-21T13:23:33.967Z,market,trade,TESTE,100076.06465843708,102,,,,GOLDM,MS,,,
2026-03-21T13:23:34.125Z,market,trade,TESTE,100079.34717571797,89,,,,ITAU,MS,,,
2026-03-21T13:23:34.289Z,market,trade,TESTE,100083.20020422677,53,,,,MS,CS,,,
2026-03-21T13:23:34.444Z,market,trade,TESTE,100083.09153296013,55,,,,UBS,BARCL,,,
2026-03-21T13:23:34.615Z,market,trade,TESTE,100088.02216512343,133,,,,MS,CITI,,,
2026-03-21T13:23:34.778Z,market,trade,TESTE,100082.15850996644,94,,,,ITAU,XP,,,
2026-03-21T13:23:34.937Z,market,trade,TESTE,100091.02828032621,19,,,,ITAU,CITI,,,
2026-03-21T13:23:35.096Z,market,trade,TESTE,100087.71620747089,89,,,,ITAU,BTG,,,
2026-03-21T13:23:35.257Z,market,trade,TESTE,100075.11484547395,52,,,,MS,CS,,,
2026-03-21T13:23:35.418Z,market,trade,TESTE,100089.97077917347,167,,,,JPM,JPM,,,
2026-03-21T13:23:35.574Z,market,trade,TESTE,100086.89950876715,120,,,,GOLDM,CS,,,
2026-03-21T13:23:35.732Z,market,trade,TESTE,100076.05512048681,65,,,,BTG,ITAU,,,
2026-03-21T13:23:35.886Z,market,trade,TESTE,100090.47535481262,182,,,,XP,JPM,,,
2026-03-21T13:23:36.043Z,market,trade,TESTE,100092.80752798545,20,,,,GOLDM,BARCL,,,
2026-03-21T13:23:36.204Z,market,trade,TESTE,100097.56325300498,79,,,,BARCL,CITI,,,
2026-03-21T13:23:36.360Z,market,trade,TESTE,100083.48672072697,62,,,,UBS,CS,,,
2026-03-21T13:23:36.525Z,market,trade,TESTE,100084.93716687885,83,,,,GOLDM,BTG,,,
2026-03-21T13:23:36.676Z,market,trade,TESTE,100082.30993351639,172,,,,CS,UBS,,,
2026-03-21T13:23:36.840Z,market,trade,TESTE,100084.02052058832,115,,,,UBS,CITI,,,
2026-03-21T13:23:36.997Z,market,trade,TESTE,100088.18894009931,40,,,,JPM,CITI,,,
2026-03-21T13:23:37.153Z,market,trade,TESTE,100100.80967983384,117,,,,CITI,BTG,,,
2026-03-21T13:23:37.311Z,market,trade,TESTE,100101.09584088446,144,,,,CS,JPM,,,
2026-03-21T13:23:37.465Z,market,trade,TESTE,100098.04176980717,184,,,,CITI,CITI,,,
2026-03-21T13:23:37.624Z,market,trade,TESTE,100097.14923234205,177,,,,MS,XP,,,
2026-03-21T13:23:37.791Z,market,trade,TESTE,100096.06685347324,198,,,,ITAU,BARCL,,,
2026-03-21T13:23:37.950Z,market,trade,TESTE,100097.12990135321,28,,,,CITI,MS,,,
2026-03-21T13:23:38.110Z,market,trade,TESTE,100091.80990708641,196,,,,BTG,UBS,,,
2026-03-21T13:23:38.288Z,market,trade,TESTE,100090.58187405486,62,,,,CS,CITI,,,
2026-03-21T13:23:38.443Z,market,trade,TESTE,100092.49221139056,76,,,,CS,CITI,,,
2026-03-21T13:23:38.607Z,market,trade,TESTE,100105.19959435432,100,,,,CITI,GOLDM,,,
2026-03-21T13:23:38.786Z,market,trade,TESTE,100091.94204241679,67,,,,BARCL,BARCL,,,
2026-03-21T13:23:38.968Z,market,trade,TESTE,100103.94874862395,105,,,,BTG,XP,,,
2026-03-21T13:23:39.142Z,market,trade,TESTE,100096.9798149698,28,,,,JPM,GOLDM,,,
2026-03-21T13:23:39.299Z,market,trade,TESTE,100110.8582861446,159,,,,CITI,XP,,,
2026-03-21T13:23:39.455Z,market,trade,TESTE,100111.7030721085,142,,,,XP,CS,,,
2026-03-21T13:23:39.611Z,market,trade,TESTE,100110.64465420177,12,,,,JPM,BARCL,,,
2026-03-21T13:23:39.768Z,market,trade,TESTE,100114.35163797672,43,,,,CS,UBS,,,
2026-03-21T13:23:39.933Z,market,trade,TESTE,100110.60895651842,29,,,,XP,MS,,,
2026-03-21T13:23:40.084Z,market,trade,TESTE,100096.8131840777,198,,,,BARCL,GOLDM,,,
2026-03-21T13:23:40.236Z,market,trade,TESTE,100097.61775410626,30,,,,CITI,BARCL,,,
2026-03-21T13:23:40.388Z,market,trade,TESTE,100102.49443752597,124,,,,MS,BTG,,,
2026-03-21T13:23:40.542Z,market,trade,TESTE,100107.05182189151,45,,,,CS,CS,,,
2026-03-21T13:23:40.700Z,market,trade,TESTE,100120.67460123013,177,,,,XP,UBS,,,
2026-03-21T13:23:40.852Z,market,trade,TESTE,100122.77049279874,175,,,,BTG,BTG,,,
2026-03-21T13:23:41.006Z,market,trade,TESTE,100113.30573689856,104,,,,BARCL,ITAU,,,
2026-03-21T13:23:41.167Z,market,trade,TESTE,100122.01838798447,33,,,,ITAU,UBS,,,
2026-03-21T13:23:41.324Z,market,trade,TESTE,100116.0534994596,148,,,,CS,JPM,,,
2026-03-21T13:23:41.482Z,market,trade,TESTE,100121.84217096824,110,,,,JPM,UBS,,,
2026-03-21T13:23:41.640Z,market,trade,TESTE,100119.6604798187,167,,,,UBS,UBS,,,
2026-03-21T13:23:41.794Z,market,trade,TESTE,100116.34427126315,29,,,,JPM,MS,,,
2026-03-21T13:23:41.963Z,market,trade,TESTE,100103.45176282464,152,,,,UBS,BARCL,,,
2026-03-21T13:23:42.124Z,market,trade,TESTE,100110.55370876782,89,,,,CITI,CITI,,,
2026-03-21T13:23:42.282Z,market,trade,TESTE,100110.2744067906,137,,,,CITI,MS,,,
2026-03-21T13:23:42.450Z,market,trade,TESTE,100108.30156418943,46,,,,XP,MS,,,
2026-03-21T13:23:42.606Z,market,trade,TESTE,100097.76860393239,59,,,,XP,XP,,,
2026-03-21T13:23:42.763Z,market,trade,TESTE,100106.49503422818,65,,,,ITAU,BARCL,,,
2026-03-21T13:23:42.923Z,market,trade,TESTE,100099.13502052402,106,,,,ITAU,CITI,,,
2026-03-21T13:23:43.078Z,market,trade,TESTE,100098.41332095435,61,,,,BARCL,ITAU,,,
2026-03-21T13:23:43.240Z,market,trade,TESTE,100110.37553597453,59,,,,UBS,GOLDM,,,
2026-03-21T13:23:43.399Z,market,trade,TESTE,100098.24711267103,195,,,,UBS,XP,,,
2026-03-21T13:23:43.555Z,market,trade,TESTE,100094.08590138266,38,,,,MS,CS,,,
2026-03-21T13:23:43.707Z,market,trade,TESTE,100106.13675375139,67,,,,CS,UBS,,,
2026-03-21T13:23:43.862Z,market,trade,TESTE,100102.5117029087,120,,,,MS,BARCL,,,
2026-03-21T13:23:44.013Z,market,trade,TESTE,100095.22043498553,71,,,,ITAU,XP,,,
2026-03-21T13:23:44.166Z,market,trade,TESTE,100095.36051058672,94,,,,UBS,CITI,,,
2026-03-21T13:23:44.332Z,market,trade,TESTE,100097.80496805122,164,,,,UBS,UBS,,,
2026-03-21T13:23:44.485Z,market,trade,TESTE,100109.8377316594,137,,,,BTG,ITAU,,,
2026-03-21T13:23:44.636Z,market,trade,TESTE,100107.58479178176,37,,,,MS,BTG,,,
2026-03-21T13:23:44.792Z,market,trade,TESTE,100093.07758492859,108,,,,ITAU,BTG,,,
2026-03-21T13:23:44.942Z,market,trade,TESTE,100091.56835718313,154,,,,ITAU,ITAU,,,
2026-03-21T13:23:45.093Z,market,trade,TESTE,100096.74746325609,85,,,,ITAU,MS,,,
2026-03-21T13:23:45.243Z,market,trade,TESTE,100101.24333572641,65,,,,BARCL,JPM,,,
2026-03-21T13:23:45.394Z,market,trade,TESTE,100089.37032340276,147,,,,BARCL,MS,,,
2026-03-21T13:23:45.545Z,market,trade,TESTE,100098.36891845563,195,,,,CS,ITAU,,,
2026-03-21T13:23:45.697Z,market,trade,TESTE,100090.74337211186,165,,,,GOLDM,BARCL,,,
2026-03-21T13:23:45.851Z,market,trade,TESTE,100087.29493101744,63,,,,CITI,UBS,,,
2026-03-21T13:23:46.006Z,market,trade,TESTE,100088.3988669861,181,,,,JPM,BARCL,,,
2026-03-21T13:23:46.159Z,market,trade,TESTE,100090.4423733094,49,,,,CS,MS,,,
2026-03-21T13:23:46.319Z,market,trade,TESTE,100103.08138267869,35,,,,BTG,MS,,,
2026-03-21T13:23:46.479Z,market,trade,TESTE,100097.98004976843,53,,,,ITAU,BTG,,,
2026-03-21T13:23:46.636Z,market,trade,TESTE,100104.85207267832,101,,,,UBS,BARCL,,,
2026-03-21T13:23:46.798Z,market,trade,TESTE,100093.53697581898,115,,,,ITAU,XP,,,
2026-03-21T13:23:46.957Z,market,trade,TESTE,100104.39179339116,126,,,,GOLDM,BTG,,,
2026-03-21T13:23:47.120Z,market,trade,TESTE,100105.01793788897,53,,,,ITAU,BARCL,,,
2026-03-21T13:23:47.274Z,market,trade,TESTE,100106.81458710638,106,,,,UBS,UBS,,,
2026-03-21T13:23:47.436Z,market,trade,TESTE,100095.16212910092,188,,,,BTG,BARCL,,,
2026-03-21T13:23:47.586Z,market,trade,TESTE,100106.33155037518,25,,,,CITI,BTG,,,
2026-03-21T13:23:47.742Z,market,trade,TESTE,100106.99036126386,118,,,,CS,BTG,,,
2026-03-21T13:23:47.898Z,market,trade,TESTE,100108.95537479101,169,,,,GOLDM,CS,,,
2026-03-21T13:23:48.056Z,market,trade,TESTE,100097.08882532714,146,,,,CITI,BTG,,,
2026-03-21T13:23:48.216Z,market,trade,TESTE,100093.48287374488,189,,,,BARCL,CS,,,
2026-03-21T13:23:48.370Z,market,trade,TESTE,100091.9624438994,172,,,,UBS,JPM,,,
2026-03-21T13:23:48.525Z,market,trade,TESTE,100103.00433732031,200,,,,CS,BTG,,,
2026-03-21T13:23:48.682Z,market,trade,TESTE,100107.95339237907,60,,,,CS,GOLDM,,,
2026-03-21T13:23:48.838Z,market,trade,TESTE,100109.71535150587,23,,,,XP,MS,,,
2026-03-21T13:23:48.994Z,market,trade,TESTE,100104.44622695896,128,,,,CITI,MS,,,
2026-03-21T13:23:49.150Z,market,trade,TESTE,100110.33078948616,195,,,,MS,BTG,,,
2026-03-21T13:23:49.307Z,market,trade,TESTE,100101.82070878122,159,,,,BARCL,CITI,,,
2026-03-21T13:23:49.463Z,market,trade,TESTE,100112.73518035594,79,,,,ITAU,JPM,,,
2026-03-21T13:23:49.617Z,market,trade,TESTE,100103.34261607013,55,,,,JPM,BARCL,,,
2026-03-21T13:23:49.776Z,market,trade,TESTE,100101.06207354127,185,,,,UBS,CITI,,,
2026-03-21T13:23:49.934Z,market,trade,TESTE,100103.36329652058,186,,,,ITAU,GOLDM,,,
2026-03-21T13:23:50.091Z,market,trade,TESTE,100115.09277784024,117,,,,XP,UBS,,,
2026-03-21T13:23:50.243Z,market,trade,TESTE,100102.08247805908,126,,,,CITI,CITI,,,
2026-03-21T13:23:50.399Z,market,trade,TESTE,100100.72640788025,78,,,,GOLDM,BARCL,,,
2026-03-21T13:23:50.556Z,market,trade,TESTE,100114.32644344504,81,,,,BTG,CS,,,
2026-03-21T13:23:50.707Z,market,trade,TESTE,100107.24236792195,134,,,,CS,UBS,,,
2026-03-21T13:23:50.858Z,market,trade,TESTE,100120.54290443372,41,,,,CITI,BTG,,,
2026-03-21T13:23:51.017Z,market,trade,TESTE,100122.2754303322,97,,,,BTG,ITAU,,,
2026-03-21T13:23:51.168Z,market,trade,TESTE,100121.8947720587,197,,,,XP,CITI,,,
2026-03-21T13:23:51.332Z,market,trade,TESTE,100123.7926225202,187,,,,BARCL,UBS,,,
2026-03-21T13:23:51.489Z,market,trade,TESTE,100114.98832961188,105,,,,ITAU,UBS,,,
2026-03-21T13:23:51.650Z,market,trade,TESTE,100119.35762654492,159,,,,ITAU,UBS,,,
2026-03-21T13:23:51.816Z,market,trade,TESTE,100127.45872918448,25,,,,XP,UBS,,,
2026-03-21T13:23:51.967Z,market,trade,TESTE,100128.02077227496,56,,,,BARCL,CS,,,
2026-03-21T13:23:52.126Z,market,trade,TESTE,100119.98699884997,190,,,,UBS,BARCL,,,
2026-03-21T13:23:52.277Z,market,trade,TESTE,100121.25283747616,148,,,,XP,XP,,,
2026-03-21T13:23:52.440Z,market,trade,TESTE,100133.09494967955,184,,,,BARCL,MS,,,
2026-03-21T13:23:52.602Z,market,trade,TESTE,100122.99449324668,15,,,,XP,UBS,,,
2026-03-21T13:23:52.764Z,market,trade,TESTE,100126.20527801747,183,,,,CS,MS,,,
2026-03-21T13:23:52.928Z,market,trade,TESTE,100140.44869573957,14,,,,UBS,MS,,,
2026-03-21T13:23:53.081Z,market,trade,TESTE,100132.73285910174,147,,,,MS,UBS,,,
2026-03-21T13:23:53.245Z,market,trade,TESTE,100134.1789301988,54,,,,JPM,JPM,,,
2026-03-21T13:23:53.406Z,market,trade,TESTE,100132.81905179241,84,,,,CS,GOLDM,,,
2026-03-21T13:23:53.559Z,market,trade,TESTE,100128.85263786737,109,,,,CS,UBS,,,
2026-03-21T13:23:53.559Z,alert,,TESTE,100128.85263786737,,,1,Armadilha / Falso Rompimento de Topo,,,,,
2026-03-21T13:23:53.724Z,market,trade,TESTE,100139.15228215767,159,,,,XP,BTG,,,
2026-03-21T13:23:53.887Z,market,trade,TESTE,100135.90263140986,73,,,,BARCL,MS,,,
2026-03-21T13:23:54.047Z,market,trade,TESTE,100121.89478654518,44,,,,BTG,MS,,,
2026-03-21T13:23:54.200Z,market,trade,TESTE,100129.98468094219,10,,,,CS,JPM,,,
2026-03-21T13:23:54.367Z,market,trade,TESTE,100128.1861453189,48,,,,GOLDM,XP,,,
2026-03-21T13:23:54.528Z,market,trade,TESTE,100127.19036974946,65,,,,BTG,GOLDM,,,
2026-03-21T13:23:54.687Z,market,trade,TESTE,100130.68834436208,27,,,,XP,CS,,,
2026-03-21T13:23:54.847Z,market,trade,TESTE,100126.42223116837,171,,,,CS,CS,,,
2026-03-21T13:23:55.006Z,market,trade,TESTE,100127.0079538599,123,,,,MS,UBS,,,
2026-03-21T13:23:55.167Z,market,trade,TESTE,100126.25892474255,139,,,,CITI,MS,,,
2026-03-21T13:23:55.327Z,market,trade,TESTE,100129.52327596796,131,,,,ITAU,CS,,,
2026-03-21T13:23:55.487Z,market,trade,TESTE,100125.24732347361,97,,,,BTG,BARCL,,,
2026-03-21T13:23:55.648Z,market,trade,TESTE,100118.51146936264,106,,,,BTG,GOLDM,,,
2026-03-21T13:23:55.807Z,market,trade,TESTE,100115.3069687886,179,,,,XP,XP,,,
2026-03-21T13:23:55.967Z,market,trade,TESTE,100128.62839172836,143,,,,GOLDM,GOLDM,,,
2026-03-21T13:23:56.126Z,market,trade,TESTE,100120.36292159755,53,,,,CS,JPM,,,
2026-03-21T13:23:56.287Z,market,trade,TESTE,100126.48732899589,85,,,,GOLDM,XP,,,
2026-03-21T13:23:56.447Z,market,trade,TESTE,100117.40889589483,36,,,,JPM,ITAU,,,
2026-03-21T13:23:56.609Z,market,trade,TESTE,100124.05764438903,15,,,,UBS,CITI,,,
2026-03-21T13:23:56.767Z,market,trade,TESTE,100128.32279089463,71,,,,CITI,BTG,,,
2026-03-21T13:23:56.927Z,market,trade,TESTE,100120.87990119429,172,,,,BARCL,MS,,,
2026-03-21T13:23:57.087Z,market,trade,TESTE,100124.01281846361,56,,,,JPM,BARCL,,,
2026-03-21T13:23:57.247Z,market,trade,TESTE,100128.51873396582,66,,,,CS,BARCL,,,
2026-03-21T13:23:57.408Z,market,trade,TESTE,100133.110839519,168,,,,CITI,CS,,,
2026-03-21T13:23:57.567Z,market,trade,TESTE,100147.43711938352,151,,,,CITI,UBS,,,
2026-03-21T13:23:57.726Z,market,trade,TESTE,100140.39528657663,66,,,,CS,CS,,,
2026-03-21T13:23:57.884Z,market,trade,TESTE,100137.25142219751,131,,,,JPM,JPM,,,
2026-03-21T13:23:58.046Z,market,trade,TESTE,100136.12877615658,78,,,,BTG,UBS,,,
2026-03-21T13:23:58.208Z,market,trade,TESTE,100149.3815415988,10,,,,CITI,CS,,,
2026-03-21T13:23:58.367Z,market,trade,TESTE,100140.52141133805,85,,,,CITI,CS,,,
2026-03-21T13:23:58.528Z,market,trade,TESTE,100144.61406132315,158,,,,JPM,BTG,,,
2026-03-21T13:23:58.687Z,market,trade,TESTE,100159.07518627286,38,,,,MS,JPM,,,
2026-03-21T13:23:58.846Z,market,trade,TESTE,100146.0754514116,76,,,,BTG,BARCL,,,
2026-03-21T13:23:59.002Z,market,trade,TESTE,100146.93971020608,27,,,,BARCL,MS,,,
2026-03-21T13:23:59.164Z,market,trade,TESTE,100160.80807389566,29,,,,JPM,MS,,,
2026-03-21T13:23:59.326Z,market,trade,TESTE,100148.65747302052,150,,,,GOLDM,BTG,,,
2026-03-21T13:23:59.487Z,market,trade,TESTE,100144.6816886731,29,,,,CS,CS,,,
2026-03-21T13:23:59.647Z,market,trade,TESTE,100143.90103199096,178,,,,BARCL,CITI,,,
2026-03-21T13:23:59.807Z,market,trade,TESTE,100155.31540952761,90,,,,ITAU,ITAU,,,
2026-03-21T13:23:59.967Z,market,trade,TESTE,100151.93232553604,189,,,,MS,MS,,,
2026-03-21T13:24:00.126Z,market,trade,TESTE,100138.6678457695,119,,,,CS,XP,,,
2026-03-21T13:24:00.287Z,market,trade,TESTE,100148.41967047974,144,,,,BARCL,XP,,,
2026-03-21T13:24:00.447Z,market,trade,TESTE,100136.59353356787,61,,,,MS,CITI,,,
2026-03-21T13:24:00.602Z,market,trade,TESTE,100132.11406902585,66,,,,UBS,ITAU,,,
2026-03-21T13:24:00.767Z,market,trade,TESTE,100133.87990917363,43,,,,JPM,ITAU,,,
2026-03-21T13:24:00.927Z,market,trade,TESTE,100137.48046116489,57,,,,ITAU,BTG,,,
2026-03-21T13:24:01.087Z,market,trade,TESTE,100148.99251482313,85,,,,JPM,XP,,,
2026-03-21T13:24:01.247Z,market,trade,TESTE,100151.07843002181,16,,,,XP,BARCL,,,
2026-03-21T13:24:01.407Z,market,trade,TESTE,100152.69181014426,197,,,,CS,MS,,,
2026-03-21T13:24:01.558Z,market,trade,TESTE,100139.89699330299,186,,,,JPM,JPM,,,
2026-03-21T13:24:01.711Z,market,trade,TESTE,100149.97072514074,142,,,,UBS,CS,,,
2026-03-21T13:24:01.867Z,market,trade,TESTE,100144.07201828179,105,,,,GOLDM,JPM,,,
2026-03-21T13:24:02.028Z,market,trade,TESTE,100158.59904251319,134,,,,GOLDM,MS,,,
2026-03-21T13:24:02.187Z,market,trade,TESTE,100151.16163173645,75,,,,MS,UBS,,,
2026-03-21T13:24:02.338Z,market,trade,TESTE,100153.1812700896,175,,,,ITAU,JPM,,,
2026-03-21T13:24:02.491Z,market,trade,TESTE,100149.94348925992,137,,,,JPM,GOLDM,,,
2026-03-21T13:24:02.647Z,market,trade,TESTE,100157.23788773386,116,,,,BTG,CITI,,,
2026-03-21T13:24:02.799Z,market,trade,TESTE,100145.98235467868,18,,,,BARCL,CITI,,,
2026-03-21T13:24:02.951Z,market,trade,TESTE,100152.60743019103,92,,,,BTG,XP,,,
2026-03-21T13:24:03.107Z,market,trade,TESTE,100143.5187242817,74,,,,MS,MS,,,
2026-03-21T13:24:03.268Z,market,trade,TESTE,100144.17543161186,180,,,,CITI,BARCL,,,
2026-03-21T13:24:03.428Z,market,trade,TESTE,100157.28563520923,121,,,,MS,JPM,,,
2026-03-21T13:24:03.587Z,market,trade,TESTE,100149.75572621763,170,,,,ITAU,JPM,,,
2026-03-21T13:24:03.742Z,market,trade,TESTE,100148.56403793253,5,,,,MS,CS,,,
2026-03-21T13:24:03.907Z,market,trade,TESTE,100154.02231771257,178,,,,ITAU,BTG,,,
2026-03-21T13:24:04.062Z,market,trade,TESTE,100145.6555729412,57,,,,BTG,ITAU,,,
2026-03-21T13:24:04.226Z,market,trade,TESTE,100147.92441851993,91,,,,JPM,CITI,,,
2026-03-21T13:24:04.386Z,market,trade,TESTE,100154.24312892924,156,,,,JPM,JPM,,,
2026-03-21T13:24:04.547Z,market,trade,TESTE,100147.62232982439,41,,,,GOLDM,UBS,,,
2026-03-21T13:24:04.706Z,market,trade,TESTE,100142.9861491587,167,,,,ITAU,CS,,,
2026-03-21T13:24:04.867Z,market,trade,TESTE,100147.37030437934,60,,,,BTG,JPM,,,
2026-03-21T13:24:05.027Z,market,trade,TESTE,100142.67557530288,136,,,,BTG,BARCL,,,
2026-03-21T13:24:05.186Z,market,trade,TESTE,100140.41010695568,108,,,,JPM,JPM,,,
2026-03-21T13:24:05.343Z,market,trade,TESTE,100136.4226362127,152,,,,UBS,CS,,,
2026-03-21T13:24:05.508Z,market,trade,TESTE,100144.36273717396,53,,,,XP,UBS,,,
2026-03-21T13:24:05.667Z,market,trade,TESTE,100139.48956173474,25,,,,ITAU,XP,,,
2026-03-21T13:24:05.831Z,market,trade,TESTE,100124.76628254996,108,,,,UBS,BARCL,,,
2026-03-21T13:24:05.987Z,market,trade,TESTE,100133.54226239883,168,,,,ITAU,CS,,,
2026-03-21T13:24:06.147Z,market,trade,TESTE,100133.98409725713,89,,,,CS,JPM,,,
2026-03-21T13:24:06.306Z,market,trade,TESTE,100136.06673613636,11,,,,CITI,BTG,,,
2026-03-21T13:24:06.467Z,market,trade,TESTE,100137.1190866688,130,,,,XP,BTG,,,
2026-03-21T13:24:06.628Z,market,trade,TESTE,100132.68815224929,52,,,,MS,UBS,,,
2026-03-21T13:24:06.787Z,market,trade,TESTE,100119.18319965269,121,,,,BTG,CITI,,,
2026-03-21T13:24:06.948Z,market,trade,TESTE,100132.63207420941,93,,,,MS,BTG,,,
2026-03-21T13:24:07.106Z,market,trade,TESTE,100120.57230766986,106,,,,BARCL,MS,,,
2026-03-21T13:24:07.266Z,market,trade,TESTE,100115.6359696316,57,,,,CITI,ITAU,,,
2026-03-21T13:24:07.428Z,market,trade,TESTE,100115.27093052147,96,,,,BARCL,BARCL,,,
2026-03-21T13:24:07.587Z,market,trade,TESTE,100128.87835985988,32,,,,UBS,UBS,,,
2026-03-21T13:24:07.747Z,market,trade,TESTE,100119.92856746781,149,,,,GOLDM,MS,,,
2026-03-21T13:24:07.906Z,market,trade,TESTE,100125.51297687969,115,,,,CS,MS,,,
2026-03-21T13:24:08.067Z,market,trade,TESTE,100117.00283607231,88,,,,JPM,BTG,,,
2026-03-21T13:24:08.227Z,market,trade,TESTE,100127.12786127342,68,,,,XP,BTG,,,
2026-03-21T13:24:08.387Z,market,trade,TESTE,100121.07955648452,160,,,,GOLDM,BTG,,,
2026-03-21T13:24:08.547Z,market,trade,TESTE,100118.11903119207,25,,,,GOLDM,GOLDM,,,
2026-03-21T13:24:08.706Z,market,trade,TESTE,100116.88074814982,58,,,,BTG,BARCL,,,
2026-03-21T13:24:08.867Z,market,trade,TESTE,100113.1056164963,17,,,,CS,BTG,,,
2026-03-21T13:24:09.026Z,market,trade,TESTE,100121.50802334229,161,,,,XP,XP,,,
2026-03-21T13:24:09.187Z,market,trade,TESTE,100126.22085337556,20,,,,BTG,CITI,,,
2026-03-21T13:24:09.347Z,market,trade,TESTE,100126.6113511397,64,,,,BARCL,MS,,,
2026-03-21T13:24:09.506Z,market,trade,TESTE,100123.29673013609,181,,,,BARCL,JPM,,,
2026-03-21T13:24:09.667Z,market,trade,TESTE,100126.41958578455,42,,,,CS,JPM,,,
2026-03-21T13:24:09.828Z,market,trade,TESTE,100127.80715701143,138,,,,CS,UBS,,,
2026-03-21T13:24:09.986Z,market,trade,TESTE,100118.72031092805,102,,,,BARCL,BTG,,,
2026-03-21T13:24:10.147Z,market,trade,TESTE,100121.20696980393,148,,,,ITAU,JPM,,,
2026-03-21T13:24:10.306Z,market,trade,TESTE,100129.16907007326,74,,,,BTG,BTG,,,
2026-03-21T13:24:10.458Z,market,trade,TESTE,100129.57485188326,58,,,,BTG,GOLDM,,,
2026-03-21T13:24:10.609Z,market,trade,TESTE,100116.64541704748,173,,,,XP,BARCL,,,
2026-03-21T13:24:10.759Z,market,trade,TESTE,100117.99363878657,169,,,,UBS,MS,,,
2026-03-21T13:24:10.911Z,market,trade,TESTE,100117.58022943052,157,,,,XP,MS,,,
2026-03-21T13:24:11.071Z,market,trade,TESTE,100118.2310622806,86,,,,BTG,UBS,,,
2026-03-21T13:24:11.227Z,market,trade,TESTE,100125.71746756109,103,,,,BARCL,JPM,,,
2026-03-21T13:24:11.387Z,market,trade,TESTE,100112.41574509871,194,,,,ITAU,ITAU,,,
2026-03-21T13:24:11.537Z,market,trade,TESTE,100110.76165556617,75,,,,JPM,CITI,,,
2026-03-21T13:24:11.690Z,market,trade,TESTE,100120.30858415677,116,,,,CITI,CS,,,
2026-03-21T13:24:11.852Z,market,trade,TESTE,100124.87406903032,53,,,,BARCL,JPM,,,
2026-03-21T13:24:12.006Z,market,trade,TESTE,100113.75345092606,63,,,,GOLDM,CS,,,
2026-03-21T13:24:12.164Z,market,trade,TESTE,100127.42465289458,126,,,,JPM,GOLDM,,,
2026-03-21T13:24:12.327Z,market,trade,TESTE,100118.61720424733,67,,,,BTG,BTG,,,
2026-03-21T13:24:12.486Z,market,trade,TESTE,100131.41018929113,197,,,,GOLDM,JPM,,,
2026-03-21T13:24:12.649Z,market,trade,TESTE,100120.5783271656,132,,,,ITAU,GOLDM,,,
2026-03-21T13:24:12.799Z,market,trade,TESTE,100129.485872237,111,,,,JPM,ITAU,,,
2026-03-21T13:24:12.951Z,market,trade,TESTE,100128.58279960883,120,,,,UBS,CS,,,
2026-03-21T13:24:13.103Z,market,trade,TESTE,100129.68767770448,83,,,,CS,MS,,,
2026-03-21T13:24:13.267Z,market,trade,TESTE,100120.39840647172,103,,,,XP,CS,,,
2026-03-21T13:24:13.426Z,market,trade,TESTE,100127.30730281076,161,,,,XP,ITAU,,,
2026-03-21T13:24:13.586Z,market,trade,TESTE,100115.17622260851,43,,,,JPM,UBS,,,
2026-03-21T13:24:13.746Z,market,trade,TESTE,100124.31835003576,128,,,,MS,XP,,,
2026-03-21T13:24:13.907Z,market,trade,TESTE,100129.00385525201,147,,,,CS,UBS,,,
2026-03-21T13:24:14.067Z,market,trade,TESTE,100131.00345603963,78,,,,BTG,XP,,,
2026-03-21T13:24:14.227Z,market,trade,TESTE,100130.13639764712,106,,,,XP,JPM,,,
2026-03-21T13:24:14.383Z,market,trade,TESTE,100132.37204122807,135,,,,GOLDM,MS,,,
2026-03-21T13:24:14.546Z,market,trade,TESTE,100133.08547907727,163,,,,BARCL,XP,,,
2026-03-21T13:24:14.700Z,market,trade,TESTE,100132.00246250804,64,,,,GOLDM,CITI,,,
2026-03-21T13:24:14.861Z,market,trade,TESTE,100135.75610886463,75,,,,BARCL,BARCL,,,
2026-03-21T13:24:15.023Z,market,trade,TESTE,100138.49518451892,112,,,,JPM,CITI,,,
2026-03-21T13:24:15.180Z,market,trade,TESTE,100140.33682474162,188,,,,XP,BTG,,,
2026-03-21T13:24:15.331Z,market,trade,TESTE,100132.32352683552,161,,,,UBS,XP,,,
2026-03-21T13:24:15.482Z,market,trade,TESTE,100142.66794366567,24,,,,CS,CS,,,
2026-03-21T13:24:15.647Z,market,trade,TESTE,100133.11065318665,5,,,,BARCL,BARCL,,,
2026-03-21T13:24:15.797Z,market,trade,TESTE,100131.75482340812,153,,,,GOLDM,CS,,,
2026-03-21T13:24:15.949Z,market,trade,TESTE,100127.96727880536,113,,,,JPM,ITAU,,,
2026-03-21T13:24:16.111Z,market,trade,TESTE,100126.63758855443,182,,,,GOLDM,ITAU,,,
2026-03-21T13:24:16.267Z,market,trade,TESTE,100124.91801073357,123,,,,CS,XP,,,
2026-03-21T13:24:16.430Z,market,trade,TESTE,100135.71909888797,112,,,,BTG,ITAU,,,
2026-03-21T13:24:16.584Z,market,trade,TESTE,100132.63482430992,52,,,,BARCL,XP,,,
2026-03-21T13:24:16.735Z,market,trade,TESTE,100119.60775678843,93,,,,XP,UBS,,,
2026-03-21T13:24:16.891Z,market,trade,TESTE,100130.8573491178,60,,,,UBS,JPM,,,
2026-03-21T13:24:17.056Z,market,trade,TESTE,100133.10723622408,57,,,,UBS,JPM,,,
2026-03-21T13:24:17.210Z,market,trade,TESTE,100125.27355596147,185,,,,XP,UBS,,,
2026-03-21T13:24:17.366Z,market,trade,TESTE,100126.56917507369,53,,,,CITI,XP,,,
2026-03-21T13:24:17.526Z,market,trade,TESTE,100134.4865987578,137,,,,MS,XP,,,
2026-03-21T13:24:17.679Z,market,trade,TESTE,100131.76832947465,196,,,,MS,MS,,,
2026-03-21T13:24:17.830Z,market,trade,TESTE,100128.78749268388,30,,,,JPM,UBS,,,
2026-03-21T13:24:17.981Z,market,trade,TESTE,100115.12673464011,132,,,,GOLDM,UBS,,,
2026-03-21T13:24:18.131Z,market,trade,TESTE,100124.91450634484,110,,,,UBS,UBS,,,
2026-03-21T13:24:18.283Z,market,trade,TESTE,100126.64137934094,36,,,,ITAU,MS,,,
2026-03-21T13:24:18.446Z,market,trade,TESTE,100121.77225826358,76,,,,CITI,GOLDM,,,
2026-03-21T13:24:18.604Z,market,trade,TESTE,100122.69087301679,199,,,,CITI,BTG,,,
2026-03-21T13:24:18.767Z,market,trade,TESTE,100110.68360279764,80,,,,ITAU,GOLDM,,,
2026-03-21T13:24:18.930Z,market,trade,TESTE,100118.72756134627,181,,,,CITI,BARCL,,,
2026-03-21T13:24:19.084Z,market,trade,TESTE,100122.58718096411,77,,,,CITI,JPM,,,
2026-03-21T13:24:19.239Z,market,trade,TESTE,100117.8291943194,111,,,,CS,ITAU,,,
2026-03-21T13:24:19.390Z,market,trade,TESTE,100111.23961730956,174,,,,GOLDM,XP,,,
2026-03-21T13:24:19.548Z,market,trade,TESTE,100118.25648129561,59,,,,ITAU,BTG,,,
2026-03-21T13:24:19.706Z,market,trade,TESTE,100118.70271774751,168,,,,BTG,CITI,,,
2026-03-21T13:24:19.865Z,market,trade,TESTE,100118.10454008706,11,,,,MS,MS,,,
2026-03-21T13:24:20.025Z,market,trade,TESTE,100118.14744889608,89,,,,CITI,GOLDM,,,
2026-03-21T13:24:20.182Z,market,trade,TESTE,100119.64895925293,35,,,,CS,BTG,,,
2026-03-21T13:24:20.349Z,market,trade,TESTE,100107.90451058242,76,,,,UBS,ITAU,,,
2026-03-21T13:24:20.501Z,market,trade,TESTE,100116.14829258573,71,,,,BARCL,CITI,,,
2026-03-21T13:24:20.667Z,market,trade,TESTE,100109.57214589133,94,,,,CITI,MS,,,
2026-03-21T13:24:20.831Z,market,trade,TESTE,100118.08177522605,159,,,,BARCL,JPM,,,
2026-03-21T13:24:20.987Z,market,trade,TESTE,100117.87182367938,191,,,,JPM,BARCL,,,
2026-03-21T13:24:21.146Z,market,trade,TESTE,100120.3265583282,125,,,,UBS,UBS,,,
2026-03-21T13:24:21.308Z,market,trade,TESTE,100115.94511852869,100,,,,GOLDM,ITAU,,,
2026-03-21T13:24:21.467Z,market,trade,TESTE,100105.78076969295,36,,,,MS,JPM,,,
2026-03-21T13:24:21.626Z,market,trade,TESTE,100101.28332955005,140,,,,XP,BTG,,,
2026-03-21T13:24:21.786Z,market,trade,TESTE,100105.18829369196,56,,,,BTG,CS,,,
2026-03-21T13:24:21.948Z,market,trade,TESTE,100119.72573740549,40,,,,CS,CITI,,,
2026-03-21T13:24:22.106Z,market,trade,TESTE,100118.29616974019,74,,,,XP,CS,,,
2026-03-21T13:24:22.267Z,market,trade,TESTE,100105.00386616688,42,,,,GOLDM,UBS,,,
2026-03-21T13:24:22.427Z,market,trade,TESTE,100118.74584517209,169,,,,JPM,BARCL,,,
2026-03-21T13:24:22.587Z,market,trade,TESTE,100115.30266590943,89,,,,ITAU,UBS,,,
2026-03-21T13:24:22.747Z,market,trade,TESTE,100106.85372740043,90,,,,ITAU,XP,,,
2026-03-21T13:24:22.906Z,market,trade,TESTE,100115.79872470089,10,,,,UBS,UBS,,,
2026-03-21T13:24:23.067Z,market,trade,TESTE,100119.23113934808,68,,,,BARCL,ITAU,,,
2026-03-21T13:24:23.227Z,market,trade,TESTE,100107.5136490192,14,,,,CITI,CS,,,
2026-03-21T13:24:23.388Z,market,trade,TESTE,100104.80758195514,178,,,,CITI,CS,,,
2026-03-21T13:24:23.547Z,market,trade,TESTE,100108.3777514772,47,,,,CITI,ITAU,,,
2026-03-21T13:24:23.706Z,market,trade,TESTE,100108.59563690098,195,,,,GOLDM,CS,,,
2026-03-21T13:24:23.867Z,market,trade,TESTE,100109.07292618447,153,,,,ITAU,GOLDM,,,
2026-03-21T13:24:24.027Z,market,trade,TESTE,100105.31171622283,145,,,,JPM,BTG,,,
2026-03-21T13:24:24.187Z,market,trade,TESTE,100110.20809187561,40,,,,XP,BTG,,,
2026-03-21T13:24:24.346Z,market,trade,TESTE,100121.17976916407,159,,,,XP,MS,,,
2026-03-21T13:24:24.506Z,market,trade,TESTE,100106.78802663492,52,,,,GOLDM,BARCL,,,
2026-03-21T13:24:24.664Z,market,trade,TESTE,100103.7120685321,138,,,,CITI,GOLDM,,,
2026-03-21T13:24:24.826Z,market,trade,TESTE,100103.86846701734,99,,,,BARCL,GOLDM,,,
2026-03-21T13:24:24.987Z,market,trade,TESTE,100113.7494440877,136,,,,BARCL,BTG,,,
2026-03-21T13:24:25.147Z,market,trade,TESTE,100106.65047121684,75,,,,ITAU,ITAU,,,
2026-03-21T13:24:25.306Z,market,trade,TESTE,100121.59914277107,186,,,,CITI,ITAU,,,
2026-03-21T13:24:25.467Z,market,trade,TESTE,100125.05111624436,93,,,,CITI,CITI,,,
2026-03-21T13:24:25.626Z,market,trade,TESTE,100111.25643523016,173,,,,UBS,GOLDM,,,
2026-03-21T13:24:25.787Z,market,trade,TESTE,100109.23575801677,155,,,,CITI,GOLDM,,,
2026-03-21T13:24:25.940Z,market,trade,TESTE,100109.09248868219,33,,,,CITI,XP,,,
2026-03-21T13:24:26.097Z,market,trade,TESTE,100109.74003749687,74,,,,BTG,BTG,,,
2026-03-21T13:24:26.256Z,market,trade,TESTE,100109.94089007883,31,,,,MS,BTG,,,
2026-03-21T13:24:26.406Z,market,trade,TESTE,100107.24061474256,105,,,,CITI,ITAU,,,
2026-03-21T13:24:26.561Z,market,trade,TESTE,100114.96137464998,33,,,,XP,BTG,,,
2026-03-21T13:24:26.711Z,market,trade,TESTE,100104.47421831002,25,,,,ITAU,BTG,,,
2026-03-21T13:24:26.867Z,market,trade,TESTE,100111.64668946856,133,,,,XP,MS,,,
2026-03-21T13:24:27.021Z,market,trade,TESTE,100101.64039000701,109,,,,ITAU,JPM,,,
2026-03-21T13:24:27.183Z,market,trade,TESTE,100104.69020515136,108,,,,JPM,MS,,,
2026-03-21T13:24:27.338Z,market,trade,TESTE,100110.24692088198,125,,,,UBS,CS,,,
2026-03-21T13:24:27.496Z,market,trade,TESTE,100105.13812394971,199,,,,CS,CITI,,,
2026-03-21T13:24:27.649Z,market,trade,TESTE,100119.61464688036,94,,,,CS,JPM,,,
2026-03-21T13:24:27.803Z,market,trade,TESTE,100111.56063558218,99,,,,CITI,JPM,,,
2026-03-21T13:24:27.963Z,market,trade,TESTE,100113.95299203251,97,,,,BARCL,CS,,,
2026-03-21T13:24:28.126Z,market,trade,TESTE,100118.95847453302,169,,,,UBS,MS,,,
2026-03-21T13:24:28.285Z,market,trade,TESTE,100109.11957776871,160,,,,ITAU,MS,,,
2026-03-21T13:24:28.439Z,market,trade,TESTE,100122.47714955428,16,,,,GOLDM,UBS,,,
2026-03-21T13:24:28.592Z,market,trade,TESTE,100118.12035358185,33,,,,BTG,UBS,,,
2026-03-21T13:24:28.750Z,market,trade,TESTE,100105.31664312136,99,,,,UBS,UBS,,,
2026-03-21T13:24:28.906Z,market,trade,TESTE,100108.4105177975,157,,,,ITAU,CS,,,
2026-03-21T13:24:29.057Z,market,trade,TESTE,100111.70346481944,80,,,,MS,ITAU,,,
2026-03-21T13:24:29.210Z,market,trade,TESTE,100119.35276002993,159,,,,UBS,XP,,,
2026-03-21T13:24:29.371Z,market,trade,TESTE,100113.78813325001,59,,,,MS,UBS,,,
2026-03-21T13:24:29.527Z,market,trade,TESTE,100125.07445554793,176,,,,JPM,XP,,,
2026-03-21T13:24:29.678Z,market,trade,TESTE,100120.28482552367,158,,,,JPM,CS,,,
2026-03-21T13:24:29.831Z,market,trade,TESTE,100113.76853034477,112,,,,XP,MS,,,
2026-03-21T13:24:29.986Z,market,trade,TESTE,100115.64327715238,64,,,,BTG,MS,,,
2026-03-21T13:24:30.139Z,market,trade,TESTE,100122.77711620645,49,,,,BARCL,CS,,,
2026-03-21T13:24:30.290Z,market,trade,TESTE,100112.33230192174,49,,,,BARCL,CITI,,,
2026-03-21T13:24:30.450Z,market,trade,TESTE,100117.38045584757,161,,,,BTG,BARCL,,,
2026-03-21T13:24:30.611Z,market,trade,TESTE,100116.5711386798,12,,,,ITAU,BARCL,,,
2026-03-21T13:24:30.766Z,market,trade,TESTE,100109.57922994316,163,,,,BTG,ITAU,,,
2026-03-21T13:24:30.916Z,market,trade,TESTE,100117.3750082222,196,,,,JPM,CS,,,
2026-03-21T13:24:31.067Z,market,trade,TESTE,100114.42306286498,105,,,,ITAU,BTG,,,
2026-03-21T13:24:31.218Z,market,trade,TESTE,100111.1350204064,16,,,,UBS,MS,,,
2026-03-21T13:24:31.371Z,market,trade,TESTE,100110.56237701865,178,,,,UBS,GOLDM,,,
2026-03-21T13:24:31.534Z,market,trade,TESTE,100104.49640624296,100,,,,JPM,JPM,,,
2026-03-21T13:24:31.692Z,market,trade,TESTE,100105.0496664576,72,,,,GOLDM,ITAU,,,
2026-03-21T13:24:31.843Z,market,trade,TESTE,100102.03945442828,140,,,,CS,XP,,,
2026-03-21T13:24:31.994Z,market,trade,TESTE,100111.82228509944,136,,,,MS,MS,,,
2026-03-21T13:24:32.146Z,market,trade,TESTE,100100.74312994699,177,,,,CS,JPM,,,
2026-03-21T13:24:32.306Z,market,trade,TESTE,100098.76451993811,108,,,,ITAU,ITAU,,,
2026-03-21T13:24:32.467Z,market,trade,TESTE,100105.72701370688,34,,,,XP,CS,,,
2026-03-21T13:24:32.626Z,market,trade,TESTE,100107.65492504793,199,,,,JPM,CS,,,
2026-03-21T13:24:32.787Z,market,trade,TESTE,100098.22848914436,136,,,,CITI,JPM,,,
2026-03-21T13:24:32.941Z,market,trade,TESTE,100112.29952008929,99,,,,ITAU,CITI,,,
2026-03-21T13:24:33.106Z,market,trade,TESTE,100101.8380604983,140,,,,BARCL,CITI,,,
2026-03-21T13:24:33.266Z,market,trade,TESTE,100099.17356582274,175,,,,BARCL,BTG,,,
2026-03-21T13:24:33.427Z,market,trade,TESTE,100106.48021671217,186,,,,CS,CITI,,,
2026-03-21T13:24:33.581Z,market,trade,TESTE,100105.91266982045,159,,,,JPM,UBS,,,
2026-03-21T13:24:33.731Z,market,trade,TESTE,100108.0467745934,200,,,,MS,MS,,,
2026-03-21T13:24:33.887Z,market,trade,TESTE,100107.1242164651,24,,,,BARCL,CITI,,,
2026-03-21T13:24:34.047Z,market,trade,TESTE,100108.2904430609,149,,,,CS,GOLDM,,,
2026-03-21T13:24:34.207Z,market,trade,TESTE,100102.86381544087,67,,,,ITAU,MS,,,
2026-03-21T13:24:34.367Z,market,trade,TESTE,100106.03918222438,131,,,,CS,UBS,,,
2026-03-21T13:24:34.527Z,market,trade,TESTE,100114.84437234272,22,,,,ITAU,JPM,,,
2026-03-21T13:24:34.687Z,market,trade,TESTE,100118.59464416532,178,,,,CS,ITAU,,,
2026-03-21T13:24:34.846Z,market,trade,TESTE,100114.50778339326,23,,,,MS,MS,,,
2026-03-21T13:24:35.006Z,market,trade,TESTE,100116.50789402856,106,,,,ITAU,XP,,,
2026-03-21T13:24:35.165Z,market,trade,TESTE,100111.60538711517,160,,,,MS,ITAU,,,
2026-03-21T13:24:35.325Z,market,trade,TESTE,100115.56285239058,134,,,,CS,GOLDM,,,
2026-03-21T13:24:35.486Z,market,trade,TESTE,100101.88424563901,43,,,,BTG,MS,,,
2026-03-21T13:24:35.646Z,market,trade,TESTE,100116.20616082616,55,,,,BTG,CS,,,
2026-03-21T13:24:35.800Z,market,trade,TESTE,100118.51558986976,24,,,,CS,UBS,,,
2026-03-21T13:24:35.950Z,market,trade,TESTE,100116.1808768458,180,,,,JPM,CITI,,,
2026-03-21T13:24:36.108Z,market,trade,TESTE,100101.19192796081,109,,,,BARCL,UBS,,,
2026-03-21T13:24:36.260Z,market,trade,TESTE,100101.67992891099,12,,,,JPM,BARCL,,,
2026-03-21T13:24:36.411Z,market,trade,TESTE,100105.92326205006,58,,,,XP,MS,,,
2026-03-21T13:24:36.566Z,market,trade,TESTE,100102.30291414127,40,,,,JPM,MS,,,
2026-03-21T13:24:36.731Z,market,trade,TESTE,100116.58853484601,162,,,,UBS,CS,,,
2026-03-21T13:24:36.882Z,market,trade,TESTE,100115.44059888435,142,,,,MS,UBS,,,
2026-03-21T13:24:37.046Z,market,trade,TESTE,100113.68174548312,119,,,,BARCL,CITI,,,
2026-03-21T13:24:37.200Z,market,trade,TESTE,100112.084571076,106,,,,ITAU,ITAU,,,
2026-03-21T13:24:37.351Z,market,trade,TESTE,100110.30909157988,56,,,,JPM,XP,,,
2026-03-21T13:24:37.512Z,market,trade,TESTE,100108.20963013904,79,,,,BARCL,ITAU,,,
2026-03-21T13:24:37.667Z,market,trade,TESTE,100100.44680230806,106,,,,BTG,CITI,,,
2026-03-21T13:24:37.819Z,market,trade,TESTE,100101.00268593905,115,,,,BTG,CS,,,
2026-03-21T13:24:37.973Z,market,trade,TESTE,100112.03240987417,28,,,,UBS,XP,,,
2026-03-21T13:24:38.138Z,market,trade,TESTE,100101.29438482053,182,,,,CITI,BTG,,,
2026-03-21T13:24:38.291Z,market,trade,TESTE,100106.86010233364,135,,,,JPM,XP,,,
2026-03-21T13:24:38.442Z,market,trade,TESTE,100106.20005140427,62,,,,BTG,XP,,,
2026-03-21T13:24:38.593Z,market,trade,TESTE,100108.9246511257,166,,,,MS,BTG,,,
2026-03-21T13:24:38.747Z,market,trade,TESTE,100105.63953838221,47,,,,CITI,CITI,,,
2026-03-21T13:24:38.897Z,market,trade,TESTE,100099.15059904793,14,,,,XP,BARCL,,,
2026-03-21T13:24:39.053Z,market,trade,TESTE,100102.8771291097,35,,,,BTG,JPM,,,
2026-03-21T13:24:39.206Z,market,trade,TESTE,100110.238275756,167,,,,XP,UBS,,,
2026-03-21T13:24:39.357Z,market,trade,TESTE,100114.58364525819,59,,,,ITAU,MS,,,
2026-03-21T13:24:39.511Z,market,trade,TESTE,100103.82442454297,66,,,,JPM,GOLDM,,,
2026-03-21T13:24:39.666Z,market,trade,TESTE,100106.41500045812,108,,,,JPM,BTG,,,
2026-03-21T13:24:39.826Z,market,trade,TESTE,100108.89317295716,122,,,,UBS,BTG,,,
2026-03-21T13:24:39.987Z,market,trade,TESTE,100112.32020591978,20,,,,BARCL,CS,,,
2026-03-21T13:24:40.147Z,market,trade,TESTE,100107.86962958665,157,,,,JPM,CITI,,,
2026-03-21T13:24:40.297Z,market,trade,TESTE,100116.32644809324,49,,,,GOLDM,CS,,,
2026-03-21T13:24:40.455Z,market,trade,TESTE,100120.15845680155,174,,,,MS,BARCL,,,
2026-03-21T13:24:40.605Z,market,trade,TESTE,100120.73285772606,94,,,,BARCL,MS,,,
2026-03-21T13:24:40.768Z,market,trade,TESTE,100117.34253977661,31,,,,MS,BARCL,,,
2026-03-21T13:24:40.927Z,market,trade,TESTE,100121.79078328614,40,,,,GOLDM,JPM,,,
2026-03-21T13:24:41.077Z,market,trade,TESTE,100112.6347201778,160,,,,BTG,ITAU,,,
2026-03-21T13:24:41.230Z,market,trade,TESTE,100116.6347720973,66,,,,JPM,BARCL,,,
2026-03-21T13:24:41.385Z,market,trade,TESTE,100126.28866588903,136,,,,BARCL,JPM,,,
2026-03-21T13:24:41.547Z,market,trade,TESTE,100131.11153671428,86,,,,UBS,BARCL,,,
2026-03-21T13:24:41.707Z,market,trade,TESTE,100131.04448424366,64,,,,UBS,MS,,,
2026-03-21T13:24:41.867Z,market,trade,TESTE,100124.28679945284,146,,,,CITI,CITI,,,
2026-03-21T13:24:42.027Z,market,trade,TESTE,100128.93235970123,192,,,,BTG,BARCL,,,
2026-03-21T13:24:42.187Z,market,trade,TESTE,100126.08405110204,131,,,,ITAU,MS,,,
2026-03-21T13:24:42.346Z,market,trade,TESTE,100140.23155745742,159,,,,JPM,GOLDM,,,
2026-03-21T13:24:42.506Z,market,trade,TESTE,100132.98361302084,180,,,,UBS,ITAU,,,
2026-03-21T13:24:42.666Z,market,trade,TESTE,100129.08355656697,56,,,,BARCL,CS,,,
2026-03-21T13:24:42.824Z,market,trade,TESTE,100138.93268242903,43,,,,ITAU,UBS,,,
2026-03-21T13:24:42.986Z,market,trade,TESTE,100137.02254337088,128,,,,CITI,GOLDM,,,
2026-03-21T13:24:43.147Z,market,trade,TESTE,100137.26504399469,189,,,,BTG,GOLDM,,,
2026-03-21T13:24:43.297Z,market,trade,TESTE,100141.28859890204,36,,,,JPM,CITI,,,
2026-03-21T13:24:43.453Z,market,trade,TESTE,100132.59129254233,20,,,,ITAU,GOLDM,,,
2026-03-21T13:24:43.604Z,market,trade,TESTE,100135.94105405654,109,,,,MS,XP,,,
2026-03-21T13:24:43.757Z,market,trade,TESTE,100149.54454081671,73,,,,UBS,BARCL,,,
2026-03-21T13:24:43.911Z,market,trade,TESTE,100151.00929787633,192,,,,UBS,GOLDM,,,
2026-03-21T13:24:44.066Z,market,trade,TESTE,100154.7826313618,120,,,,BARCL,JPM,,,
2026-03-21T13:24:44.220Z,market,trade,TESTE,100153.93274877712,53,,,,GOLDM,CITI,,,
2026-03-21T13:24:44.371Z,market,trade,TESTE,100154.58833832975,40,,,,UBS,BARCL,,,
2026-03-21T13:24:44.530Z,market,trade,TESTE,100144.75173380136,34,,,,CS,MS,,,
2026-03-21T13:24:44.687Z,market,trade,TESTE,100141.43019351979,8,,,,ITAU,ITAU,,,
2026-03-21T13:24:44.851Z,market,trade,TESTE,100139.12926435546,52,,,,UBS,UBS,,,
2026-03-21T13:24:45.006Z,market,trade,TESTE,100153.54795738409,191,,,,BARCL,BARCL,,,
2026-03-21T13:24:45.167Z,market,trade,TESTE,100151.41088537239,135,,,,GOLDM,ITAU,,,
2026-03-21T13:24:45.322Z,market,trade,TESTE,100152.24766722329,115,,,,ITAU,GOLDM,,,
2026-03-21T13:24:45.488Z,market,trade,TESTE,100144.83535057222,51,,,,CITI,CS,,,
2026-03-21T13:24:45.645Z,market,trade,TESTE,100157.40520372186,184,,,,ITAU,GOLDM,,,
2026-03-21T13:24:45.801Z,market,trade,TESTE,100149.00442698732,198,,,,ITAU,XP,,,
2026-03-21T13:24:45.963Z,market,trade,TESTE,100155.54289632423,188,,,,CS,CS,,,
2026-03-21T13:24:46.128Z,market,trade,TESTE,100147.90207072112,63,,,,UBS,BTG,,,
2026-03-21T13:24:46.288Z,market,trade,TESTE,100159.55426669965,185,,,,BTG,JPM,,,
2026-03-21T13:24:46.451Z,market,trade,TESTE,100161.7081877748,86,,,,GOLDM,CS,,,
2026-03-21T13:24:46.606Z,market,trade,TESTE,100166.48773646416,92,,,,MS,XP,,,
2026-03-21T13:24:46.764Z,market,trade,TESTE,100151.75485775089,139,,,,CS,JPM,,,
2026-03-21T13:24:46.916Z,market,trade,TESTE,100159.91645515004,95,,,,GOLDM,BARCL,,,
2026-03-21T13:24:47.067Z,market,trade,TESTE,100162.97679269311,138,,,,GOLDM,BTG,,,
2026-03-21T13:24:47.219Z,market,trade,TESTE,100157.2423956703,60,,,,JPM,MS,,,
2026-03-21T13:24:47.371Z,market,trade,TESTE,100171.71864785512,128,,,,CITI,UBS,,,
2026-03-21T13:24:47.523Z,market,trade,TESTE,100166.84810977789,65,,,,GOLDM,ITAU,,,
2026-03-21T13:24:47.673Z,market,trade,TESTE,100161.03749047623,88,,,,JPM,ITAU,,,
2026-03-21T13:24:47.832Z,market,trade,TESTE,100157.91215744597,61,,,,BTG,UBS,,,
2026-03-21T13:24:47.988Z,market,trade,TESTE,100158.29923851269,147,,,,CS,GOLDM,,,
2026-03-21T13:24:48.148Z,market,trade,TESTE,100164.49710724525,46,,,,UBS,BTG,,,
2026-03-21T13:24:48.311Z,market,trade,TESTE,100155.92909729466,24,,,,BTG,JPM,,,
2026-03-21T13:24:48.462Z,market,trade,TESTE,100169.44288982236,8,,,,BARCL,CITI,,,
2026-03-21T13:24:48.613Z,market,trade,TESTE,100173.24978570439,85,,,,BTG,BTG,,,
2026-03-21T13:24:48.768Z,market,trade,TESTE,100173.25493539315,6,,,,ITAU,UBS,,,
2026-03-21T13:24:48.927Z,market,trade,TESTE,100161.72745518961,39,,,,BARCL,CITI,,,
2026-03-21T13:24:49.088Z,market,trade,TESTE,100160.4614021292,90,,,,JPM,BARCL,,,
2026-03-21T13:24:49.247Z,market,trade,TESTE,100168.88602782275,194,,,,ITAU,BTG,,,
2026-03-21T13:24:49.407Z,market,trade,TESTE,100172.39470145358,101,,,,MS,CS,,,
2026-03-21T13:24:49.567Z,market,trade,TESTE,100173.90036815309,69,,,,GOLDM,XP,,,
2026-03-21T13:24:49.726Z,market,trade,TESTE,100172.3103599959,84,,,,UBS,CITI,,,
2026-03-21T13:24:49.887Z,market,trade,TESTE,100163.82984451053,80,,,,XP,CITI,,,
2026-03-21T13:24:50.047Z,market,trade,TESTE,100167.1950302506,193,,,,BARCL,BARCL,,,
2026-03-21T13:24:50.207Z,market,trade,TESTE,100181.27481954597,188,,,,MS,BTG,,,
2026-03-21T13:24:50.367Z,market,trade,TESTE,100170.14381854414,198,,,,UBS,CITI,,,
2026-03-21T13:24:50.528Z,market,trade,TESTE,100172.15881327906,162,,,,CITI,CS,,,
2026-03-21T13:24:50.687Z,market,trade,TESTE,100176.77966252097,34,,,,GOLDM,CITI,,,
2026-03-21T13:24:50.845Z,market,trade,TESTE,100174.00553611154,42,,,,BARCL,GOLDM,,,
2026-03-21T13:24:51.008Z,market,trade,TESTE,100187.5161669938,29,,,,BTG,CITI,,,
2026-03-21T13:24:51.167Z,market,trade,TESTE,100173.98109988015,128,,,,CS,CITI,,,
2026-03-21T13:24:51.326Z,market,trade,TESTE,100174.6916659668,159,,,,GOLDM,CITI,,,
2026-03-21T13:24:51.485Z,market,trade,TESTE,100177.09494356385,135,,,,XP,JPM,,,
2026-03-21T13:24:51.647Z,market,trade,TESTE,100186.10279182497,27,,,,BTG,UBS,,,
2026-03-21T13:24:51.807Z,market,trade,TESTE,100179.26558011284,102,,,,XP,MS,,,
2026-03-21T13:24:51.967Z,market,trade,TESTE,100189.60220676105,85,,,,MS,CITI,,,
2026-03-21T13:24:52.126Z,market,trade,TESTE,100182.66442808603,174,,,,CS,CITI,,,
2026-03-21T13:24:52.287Z,market,trade,TESTE,100196.48993051735,186,,,,CITI,CS,,,
2026-03-21T13:24:52.447Z,market,trade,TESTE,100192.32715173492,22,,,,BTG,XP,,,
2026-03-21T13:24:52.607Z,market,trade,TESTE,100192.67019568176,19,,,,XP,CS,,,
2026-03-21T13:24:52.767Z,market,trade,TESTE,100178.12781060037,82,,,,JPM,ITAU,,,
2026-03-21T13:24:52.926Z,market,trade,TESTE,100187.48028335092,78,,,,JPM,CS,,,
2026-03-21T13:24:53.088Z,market,trade,TESTE,100189.20192937834,129,,,,GOLDM,UBS,,,
2026-03-21T13:24:53.246Z,market,trade,TESTE,100185.7042332261,25,,,,JPM,BARCL,,,
2026-03-21T13:24:53.407Z,market,trade,TESTE,100186.66946638521,87,,,,BARCL,ITAU,,,
2026-03-21T13:24:53.567Z,market,trade,TESTE,100185.35177793747,26,,,,XP,XP,,,
2026-03-21T13:24:53.726Z,market,trade,TESTE,100171.17403584381,125,,,,CS,UBS,,,
2026-03-21T13:24:53.887Z,market,trade,TESTE,100175.09370842025,185,,,,UBS,BTG,,,
2026-03-21T13:24:54.048Z,market,trade,TESTE,100179.1308279739,113,,,,UBS,JPM,,,
2026-03-21T13:24:54.210Z,market,trade,TESTE,100193.2735908947,181,,,,BTG,CITI,,,
2026-03-21T13:24:54.367Z,market,trade,TESTE,100189.7986970183,78,,,,XP,CS,,,
2026-03-21T13:24:54.526Z,market,trade,TESTE,100185.32496260256,132,,,,BTG,UBS,,,
2026-03-21T13:24:54.687Z,market,trade,TESTE,100187.19802574937,121,,,,CITI,GOLDM,,,
2026-03-21T13:24:54.841Z,market,trade,TESTE,100190.40107135144,143,,,,CITI,GOLDM,,,
2026-03-21T13:24:55.001Z,market,trade,TESTE,100187.32088414975,43,,,,CITI,ITAU,,,
2026-03-21T13:24:55.167Z,market,trade,TESTE,100175.94847175613,163,,,,JPM,UBS,,,
2026-03-21T13:24:55.326Z,market,trade,TESTE,100187.99855450241,32,,,,CS,CS,,,
2026-03-21T13:24:55.487Z,market,trade,TESTE,100185.32379012801,195,,,,ITAU,MS,,,
2026-03-21T13:24:55.646Z,market,trade,TESTE,100175.49800477472,151,,,,ITAU,JPM,,,
2026-03-21T13:24:55.807Z,market,trade,TESTE,100178.19189131587,16,,,,BARCL,BTG,,,
2026-03-21T13:24:55.967Z,market,trade,TESTE,100193.07583516838,146,,,,ITAU,UBS,,,
2026-03-21T13:24:56.122Z,market,trade,TESTE,100179.06181567711,69,,,,JPM,GOLDM,,,
2026-03-21T13:24:56.273Z,market,trade,TESTE,100174.51780060098,176,,,,BTG,GOLDM,,,
2026-03-21T13:24:56.426Z,market,trade,TESTE,100174.52119933437,53,,,,BTG,XP,,,
2026-03-21T13:24:56.588Z,market,trade,TESTE,100188.66014369052,186,,,,ITAU,JPM,,,
2026-03-21T13:24:56.741Z,market,trade,TESTE,100183.36778057617,87,,,,CS,UBS,,,
2026-03-21T13:24:56.907Z,market,trade,TESTE,100196.64444007435,166,,,,BARCL,UBS,,,
2026-03-21T13:24:57.067Z,market,trade,TESTE,100192.22129180784,77,,,,BARCL,GOLDM,,,
2026-03-21T13:24:57.226Z,market,trade,TESTE,100181.69186644739,104,,,,CITI,CS,,,
2026-03-21T13:24:57.387Z,market,trade,TESTE,100191.88750198846,166,,,,XP,ITAU,,,
2026-03-21T13:24:57.547Z,market,trade,TESTE,100188.24169547227,177,,,,BTG,ITAU,,,
2026-03-21T13:24:57.706Z,market,trade,TESTE,100185.78797248464,141,,,,UBS,BTG,,,
2026-03-21T13:24:57.867Z,market,trade,TESTE,100171.81255043301,114,,,,CITI,MS,,,
2026-03-21T13:24:58.026Z,market,trade,TESTE,100183.36490605539,52,,,,CS,ITAU,,,
2026-03-21T13:24:58.187Z,market,trade,TESTE,100184.2794901736,164,,,,ITAU,UBS,,,
2026-03-21T13:24:58.341Z,market,trade,TESTE,100175.47252365245,8,,,,CITI,CITI,,,
2026-03-21T13:24:58.500Z,market,trade,TESTE,100183.72088951559,156,,,,CS,GOLDM,,,
2026-03-21T13:24:58.651Z,market,trade,TESTE,100188.54374487212,73,,,,MS,UBS,,,
2026-03-21T13:24:58.808Z,market,trade,TESTE,100174.67927798982,81,,,,CITI,ITAU,,,
2026-03-21T13:24:58.973Z,market,trade,TESTE,100179.4512805863,169,,,,BARCL,JPM,,,
2026-03-21T13:24:59.126Z,market,trade,TESTE,100186.79769646144,170,,,,UBS,BARCL,,,
2026-03-21T13:24:59.287Z,market,trade,TESTE,100181.33718014703,89,,,,BARCL,BARCL,,,
2026-03-21T13:24:59.447Z,market,trade,TESTE,100192.62706738843,24,,,,CS,JPM,,,
2026-03-21T13:24:59.607Z,market,trade,TESTE,100191.10475317817,175,,,,UBS,ITAU,,,
2026-03-21T13:24:59.767Z,market,trade,TESTE,100181.98621324715,73,,,,CITI,GOLDM,,,
2026-03-21T13:24:59.921Z,market,trade,TESTE,100179.67980653569,66,,,,CS,CS,,,
2026-03-21T13:25:00.083Z,market,trade,TESTE,100194.60828553773,144,,,,CS,JPM,,,
2026-03-21T13:25:00.247Z,market,trade,TESTE,100187.74491298205,93,,,,MS,MS,,,
2026-03-21T13:25:00.407Z,market,trade,TESTE,100193.04331457167,74,,,,BTG,BARCL,,,
2026-03-21T13:25:00.567Z,market,trade,TESTE,100191.92441980161,25,,,,XP,ITAU,,,
2026-03-21T13:25:00.726Z,market,trade,TESTE,100180.03273780973,96,,,,GOLDM,CS,,,
2026-03-21T13:25:00.885Z,market,trade,TESTE,100187.52351133329,33,,,,ITAU,XP,,,
2026-03-21T13:25:01.047Z,market,trade,TESTE,100190.57733511552,195,,,,ITAU,MS,,,
2026-03-21T13:25:01.207Z,market,trade,TESTE,100188.52295443778,19,,,,UBS,JPM,,,
2026-03-21T13:25:01.366Z,market,trade,TESTE,100178.83775740906,24,,,,CITI,CITI,,,
2026-03-21T13:25:01.526Z,market,trade,TESTE,100176.31615872674,19,,,,ITAU,BTG,,,
2026-03-21T13:25:01.687Z,market,trade,TESTE,100183.50642027658,52,,,,BTG,CITI,,,
2026-03-21T13:25:01.842Z,market,trade,TESTE,100186.22363483396,72,,,,MS,CS,,,
2026-03-21T13:25:02.007Z,market,trade,TESTE,100190.7267348365,140,,,,BTG,MS,,,
2026-03-21T13:25:02.169Z,market,trade,TESTE,100182.00995201714,22,,,,JPM,UBS,,,
2026-03-21T13:25:02.326Z,market,trade,TESTE,100188.89119097858,107,,,,JPM,GOLDM,,,
2026-03-21T13:25:02.485Z,market,trade,TESTE,100183.43485837581,15,,,,CITI,GOLDM,,,
2026-03-21T13:25:02.647Z,market,trade,TESTE,100193.6572824639,44,,,,GOLDM,GOLDM,,,
2026-03-21T13:25:02.802Z,market,trade,TESTE,100185.1333220473,168,,,,BTG,CITI,,,
2026-03-21T13:25:02.967Z,market,trade,TESTE,100192.90802760581,188,,,,UBS,CITI,,,
2026-03-21T13:25:03.126Z,market,trade,TESTE,100193.32524238453,66,,,,BARCL,CITI,,,
2026-03-21T13:25:03.287Z,market,trade,TESTE,100198.30119311952,174,,,,UBS,UBS,,,
2026-03-21T13:25:03.447Z,market,trade,TESTE,100185.745834931,86,,,,CITI,UBS,,,
2026-03-21T13:25:03.609Z,market,trade,TESTE,100184.05169454066,124,,,,BTG,JPM,,,
2026-03-21T13:25:03.762Z,market,trade,TESTE,100194.25146172263,72,,,,ITAU,MS,,,
2026-03-21T13:25:03.926Z,market,trade,TESTE,100180.98395222834,169,,,,GOLDM,BARCL,,,
2026-03-21T13:25:04.086Z,market,trade,TESTE,100190.85469402176,39,,,,BARCL,JPM,,,
2026-03-21T13:25:04.246Z,market,trade,TESTE,100178.9167287044,7,,,,CITI,UBS,,,
2026-03-21T13:25:04.406Z,market,trade,TESTE,100183.23709741166,43,,,,XP,BARCL,,,
2026-03-21T13:25:04.566Z,market,trade,TESTE,100192.94811295829,40,,,,BTG,XP,,,
2026-03-21T13:25:04.726Z,market,trade,TESTE,100187.58172002502,55,,,,ITAU,MS,,,
2026-03-21T13:25:04.878Z,market,trade,TESTE,100185.05237084127,35,,,,CS,ITAU,,,
2026-03-21T13:25:05.036Z,market,trade,TESTE,100198.53126521672,36,,,,ITAU,ITAU,,,
2026-03-21T13:25:05.187Z,market,trade,TESTE,100188.64310656145,31,,,,BARCL,ITAU,,,
2026-03-21T13:25:05.346Z,market,trade,TESTE,100194.56146489762,53,,,,ITAU,UBS,,,
2026-03-21T13:25:05.502Z,market,trade,TESTE,100192.77165533211,91,,,,BARCL,CITI,,,
2026-03-21T13:25:05.666Z,market,trade,TESTE,100188.16225274683,122,,,,MS,BARCL,,,
2026-03-21T13:25:05.826Z,market,trade,TESTE,100185.2410775283,157,,,,BARCL,UBS,,,
2026-03-21T13:25:05.982Z,market,trade,TESTE,100173.22247490691,178,,,,UBS,CS,,,
2026-03-21T13:25:06.146Z,market,trade,TESTE,100178.09351949487,34,,,,UBS,BTG,,,
2026-03-21T13:25:06.306Z,market,trade,TESTE,100179.38964802003,161,,,,CS,GOLDM,,,
2026-03-21T13:25:06.466Z,market,trade,TESTE,100185.96245170732,165,,,,GOLDM,CS,,,
2026-03-21T13:25:06.626Z,market,trade,TESTE,100172.13525807277,169,,,,GOLDM,BARCL,,,
2026-03-21T13:25:06.778Z,market,trade,TESTE,100183.61623143055,120,,,,CITI,CITI,,,
2026-03-21T13:25:06.931Z,market,trade,TESTE,100173.15012953512,46,,,,CITI,XP,,,
2026-03-21T13:25:07.088Z,market,trade,TESTE,100187.32952578305,8,,,,ITAU,CS,,,
2026-03-21T13:25:07.247Z,market,trade,TESTE,100191.23941558358,131,,,,ITAU,MS,,,
2026-03-21T13:25:07.406Z,market,trade,TESTE,100181.93001969055,97,,,,MS,ITAU,,,
2026-03-21T13:25:07.568Z,market,trade,TESTE,100182.93918304487,130,,,,UBS,GOLDM,,,
2026-03-21T13:25:07.726Z,market,trade,TESTE,100184.84458510602,49,,,,GOLDM,XP,,,
2026-03-21T13:25:07.888Z,market,trade,TESTE,100186.71984316608,65,,,,JPM,JPM,,,
2026-03-21T13:25:08.040Z,market,trade,TESTE,100189.29735078309,29,,,,MS,ITAU,,,
2026-03-21T13:25:08.191Z,market,trade,TESTE,100192.86780986091,37,,,,GOLDM,CITI,,,
2026-03-21T13:25:08.347Z,market,trade,TESTE,100191.06603057485,168,,,,GOLDM,BARCL,,,
2026-03-21T13:25:08.506Z,market,trade,TESTE,100188.19270177219,87,,,,CS,BARCL,,,
2026-03-21T13:25:08.667Z,market,trade,TESTE,100194.20014977099,145,,,,JPM,MS,,,
2026-03-21T13:25:08.826Z,market,trade,TESTE,100196.76000799816,87,,,,JPM,GOLDM,,,
2026-03-21T13:25:08.987Z,market,trade,TESTE,100190.84369764503,74,,,,UBS,CS,,,
2026-03-21T13:25:09.146Z,market,trade,TESTE,100199.29504624268,119,,,,ITAU,ITAU,,,
2026-03-21T13:25:09.306Z,market,trade,TESTE,100191.79641253808,15,,,,BARCL,ITAU,,,
2026-03-21T13:25:09.466Z,market,trade,TESTE,100194.23857816248,38,,,,UBS,BARCL,,,
2026-03-21T13:25:09.626Z,market,trade,TESTE,100197.44077184031,115,,,,UBS,BARCL,,,
2026-03-21T13:25:09.787Z,market,trade,TESTE,100196.86505229867,54,,,,UBS,ITAU,,,
2026-03-21T13:25:09.947Z,market,trade,TESTE,100199.26669667497,175,,,,ITAU,JPM,,,
2026-03-21T13:25:10.109Z,market,trade,TESTE,100212.02309728455,171,,,,CS,BARCL,,,
2026-03-21T13:25:10.267Z,market,trade,TESTE,100197.56922339066,89,,,,JPM,UBS,,,
2026-03-21T13:25:10.426Z,market,trade,TESTE,100207.34283438783,140,,,,BTG,GOLDM,,,
2026-03-21T13:25:10.589Z,market,trade,TESTE,100211.71849598193,89,,,,ITAU,BARCL,,,
2026-03-21T13:25:10.754Z,market,trade,TESTE,100203.96174354624,148,,,,JPM,XP,,,
2026-03-21T13:25:10.907Z,market,trade,TESTE,100214.2721850805,140,,,,BTG,BARCL,,,
2026-03-21T13:25:11.067Z,market,trade,TESTE,100212.5115573829,117,,,,GOLDM,ITAU,,,
2026-03-21T13:25:11.226Z,market,trade,TESTE,100211.73703169219,101,,,,GOLDM,GOLDM,,,
2026-03-21T13:25:11.386Z,market,trade,TESTE,100199.48065829865,103,,,,BTG,XP,,,
2026-03-21T13:25:11.548Z,market,trade,TESTE,100206.98280481517,87,,,,BARCL,JPM,,,
2026-03-21T13:25:11.707Z,market,trade,TESTE,100207.9460048245,167,,,,GOLDM,BARCL,,,
2026-03-21T13:25:11.866Z,market,trade,TESTE,100200.18131827275,99,,,,BTG,XP,,,
2026-03-21T13:25:12.023Z,market,trade,TESTE,100195.78735068154,149,,,,JPM,CS,,,
2026-03-21T13:25:12.184Z,market,trade,TESTE,100208.96365514876,108,,,,CS,MS,,,
2026-03-21T13:25:12.346Z,market,trade,TESTE,100209.80080210397,162,,,,CS,CS,,,
2026-03-21T13:25:12.506Z,market,trade,TESTE,100197.20265926381,61,,,,XP,CS,,,
2026-03-21T13:25:12.667Z,market,trade,TESTE,100205.81548792816,52,,,,XP,CS,,,
2026-03-21T13:25:12.826Z,market,trade,TESTE,100205.81478648866,70,,,,BTG,XP,,,
2026-03-21T13:25:12.986Z,market,trade,TESTE,100195.1434981804,8,,,,GOLDM,BTG,,,
2026-03-21T13:25:13.147Z,market,trade,TESTE,100206.24955864015,18,,,,BTG,MS,,,
2026-03-21T13:25:13.307Z,market,trade,TESTE,100204.98728110261,70,,,,CITI,GOLDM,,,
2026-03-21T13:25:13.466Z,market,trade,TESTE,100204.90189790075,138,,,,BTG,CS,,,
2026-03-21T13:25:13.619Z,market,trade,TESTE,100194.29234663754,151,,,,UBS,JPM,,,
2026-03-21T13:25:13.783Z,market,trade,TESTE,100202.32146437027,14,,,,UBS,UBS,,,
2026-03-21T13:25:13.946Z,market,trade,TESTE,100201.32353638604,183,,,,CITI,XP,,,
2026-03-21T13:25:14.107Z,market,trade,TESTE,100198.43478678378,20,,,,GOLDM,UBS,,,
2026-03-21T13:25:14.267Z,market,trade,TESTE,100200.21739155715,127,,,,BTG,UBS,,,
2026-03-21T13:25:14.423Z,market,trade,TESTE,100193.67717308142,75,,,,CS,MS,,,
2026-03-21T13:25:14.581Z,market,trade,TESTE,100201.38502619664,26,,,,ITAU,CS,,,
2026-03-21T13:25:14.741Z,market,trade,TESTE,100186.52076131261,169,,,,MS,BTG,,,
2026-03-21T13:25:14.891Z,market,trade,TESTE,100199.3854977536,108,,,,ITAU,CITI,,,
2026-03-21T13:25:15.046Z,market,trade,TESTE,100202.39173230606,29,,,,GOLDM,BTG,,,
2026-03-21T13:25:15.197Z,market,trade,TESTE,100205.11833409671,143,,,,XP,XP,,,
2026-03-21T13:25:15.348Z,market,trade,TESTE,100202.85869492503,168,,,,ITAU,MS,,,
2026-03-21T13:25:15.500Z,market,trade,TESTE,100206.426896492,187,,,,JPM,JPM,,,
2026-03-21T13:25:15.655Z,market,trade,TESTE,100207.07040850364,115,,,,MS,ITAU,,,
2026-03-21T13:25:15.807Z,market,trade,TESTE,100212.03182345636,191,,,,BTG,MS,,,
2026-03-21T13:25:15.968Z,market,trade,TESTE,100204.40089561956,182,,,,UBS,BTG,,,
2026-03-21T13:25:16.127Z,market,trade,TESTE,100218.67881230442,38,,,,ITAU,MS,,,
2026-03-21T13:25:16.282Z,market,trade,TESTE,100220.74018805308,176,,,,XP,BARCL,,,
2026-03-21T13:25:16.446Z,market,trade,TESTE,100213.442955705,171,,,,CITI,BTG,,,
2026-03-21T13:25:16.607Z,market,trade,TESTE,100223.22087147288,33,,,,CS,BARCL,,,
2026-03-21T13:25:16.767Z,market,trade,TESTE,100211.74674232685,9,,,,XP,BTG,,,
2026-03-21T13:25:16.918Z,market,trade,TESTE,100223.95626048443,47,,,,GOLDM,GOLDM,,,
2026-03-21T13:25:17.071Z,market,trade,TESTE,100212.19328422625,100,,,,BARCL,GOLDM,,,
2026-03-21T13:25:17.221Z,market,trade,TESTE,100223.01778239848,98,,,,GOLDM,JPM,,,
2026-03-21T13:25:17.383Z,market,trade,TESTE,100209.42244919174,160,,,,GOLDM,MS,,,
2026-03-21T13:25:17.546Z,market,trade,TESTE,100209.83321033392,85,,,,XP,CITI,,,
2026-03-21T13:25:17.698Z,market,trade,TESTE,100213.86561801854,61,,,,JPM,GOLDM,,,
2026-03-21T13:25:17.860Z,market,trade,TESTE,100219.728907011,40,,,,GOLDM,CITI,,,
2026-03-21T13:25:18.019Z,market,trade,TESTE,100214.06524237827,32,,,,CITI,XP,,,
2026-03-21T13:25:18.174Z,market,trade,TESTE,100225.58441523573,50,,,,XP,XP,,,
2026-03-21T13:25:18.334Z,market,trade,TESTE,100210.71917341652,183,,,,ITAU,XP,,,
2026-03-21T13:25:18.484Z,market,trade,TESTE,100215.47699354222,9,,,,GOLDM,BTG,,,
2026-03-21T13:25:18.646Z,market,trade,TESTE,100217.26548353843,129,,,,BARCL,UBS,,,
2026-03-21T13:25:18.807Z,market,trade,TESTE,100227.95491142788,66,,,,UBS,BARCL,,,
2026-03-21T13:25:18.966Z,market,trade,TESTE,100213.61748984175,33,,,,JPM,GOLDM,,,
2026-03-21T13:25:19.125Z,market,trade,TESTE,100210.71683080451,105,,,,CS,XP,,,
2026-03-21T13:25:19.286Z,market,trade,TESTE,100215.27556071884,81,,,,MS,MS,,,
2026-03-21T13:25:19.447Z,market,trade,TESTE,100228.15235553183,97,,,,CITI,CITI,,,
2026-03-21T13:25:19.610Z,market,trade,TESTE,100223.10481524217,112,,,,CS,JPM,,,
2026-03-21T13:25:19.767Z,market,trade,TESTE,100234.78228002942,69,,,,CITI,JPM,,,
2026-03-21T13:25:19.926Z,market,trade,TESTE,100230.6211617904,31,,,,CS,BARCL,,,
2026-03-21T13:25:20.087Z,market,trade,TESTE,100229.96268134678,81,,,,JPM,UBS,,,
2026-03-21T13:25:20.247Z,market,trade,TESTE,100225.12806899325,10,,,,CITI,JPM,,,
2026-03-21T13:25:20.406Z,market,trade,TESTE,100212.15548382975,155,,,,CITI,MS,,,
2026-03-21T13:25:20.567Z,market,trade,TESTE,100220.36436233015,140,,,,CS,CS,,,
2026-03-21T13:25:20.727Z,market,trade,TESTE,100213.67506921617,15,,,,JPM,MS,,,
2026-03-21T13:25:20.887Z,market,trade,TESTE,100221.65359708513,151,,,,BARCL,XP,,,
2026-03-21T13:25:21.041Z,market,trade,TESTE,100209.63249190162,89,,,,ITAU,BARCL,,,
2026-03-21T13:25:21.191Z,market,trade,TESTE,100209.89876520903,196,,,,GOLDM,CITI,,,
2026-03-21T13:25:21.346Z,market,trade,TESTE,100209.45102749551,78,,,,BTG,MS,,,
2026-03-21T13:25:21.506Z,market,trade,TESTE,100214.42165818762,68,,,,BARCL,ITAU,,,
2026-03-21T13:25:21.667Z,market,trade,TESTE,100225.25241760073,179,,,,XP,GOLDM,,,
2026-03-21T13:25:21.826Z,market,trade,TESTE,100225.67145558729,161,,,,BARCL,ITAU,,,
2026-03-21T13:25:21.987Z,market,trade,TESTE,100226.71677878589,183,,,,XP,JPM,,,
2026-03-21T13:25:22.143Z,market,trade,TESTE,100220.4294734223,48,,,,ITAU,ITAU,,,
2026-03-21T13:25:22.307Z,market,trade,TESTE,100221.88652881455,66,,,,ITAU,CITI,,,
2026-03-21T13:25:22.467Z,market,trade,TESTE,100229.3882827055,94,,,,CITI,UBS,,,
2026-03-21T13:25:22.626Z,market,trade,TESTE,100230.00179191564,174,,,,MS,XP,,,
2026-03-21T13:25:22.786Z,market,trade,TESTE,100218.4485998434,171,,,,JPM,BARCL,,,
2026-03-21T13:25:22.947Z,market,trade,TESTE,100226.54360083448,99,,,,CITI,UBS,,,
2026-03-21T13:25:23.106Z,market,trade,TESTE,100231.09486756696,134,,,,UBS,CS,,,
2026-03-21T13:25:23.267Z,market,trade,TESTE,100225.39883835278,44,,,,BARCL,CS,,,
2026-03-21T13:25:23.425Z,market,trade,TESTE,100230.28229746396,8,,,,JPM,GOLDM,,,
2026-03-21T13:25:23.586Z,market,trade,TESTE,100234.81733600088,41,,,,XP,MS,,,
2026-03-21T13:25:23.746Z,market,trade,TESTE,100246.15684521441,117,,,,XP,BTG,,,
2026-03-21T13:25:23.907Z,market,trade,TESTE,100241.22555371001,192,,,,ITAU,CITI,,,
2026-03-21T13:25:24.066Z,market,trade,TESTE,100233.26024453808,17,,,,CITI,CITI,,,
2026-03-21T13:25:24.226Z,market,trade,TESTE,100241.41100210283,14,,,,GOLDM,BTG,,,
2026-03-21T13:25:24.386Z,market,trade,TESTE,100236.48334691692,90,,,,GOLDM,BTG,,,
2026-03-21T13:25:24.546Z,market,trade,TESTE,100238.51143781593,95,,,,XP,GOLDM,,,
2026-03-21T13:25:24.706Z,market,trade,TESTE,100231.12119869416,14,,,,GOLDM,UBS,,,
2026-03-21T13:25:24.867Z,market,trade,TESTE,100239.28573798374,183,,,,BTG,JPM,,,
2026-03-21T13:25:25.026Z,market,trade,TESTE,100231.54682682018,30,,,,CS,UBS,,,
2026-03-21T13:25:25.187Z,market,trade,TESTE,100242.01137352432,47,,,,BARCL,CS,,,
2026-03-21T13:25:25.346Z,market,trade,TESTE,100244.01185532831,101,,,,MS,BARCL,,,
2026-03-21T13:25:25.506Z,market,trade,TESTE,100242.46820861346,38,,,,GOLDM,UBS,,,
2026-03-21T13:25:25.666Z,market,trade,TESTE,100235.79314952249,33,,,,GOLDM,BTG,,,
2026-03-21T13:25:25.826Z,market,trade,TESTE,100231.21343563245,174,,,,UBS,BTG,,,
2026-03-21T13:25:25.985Z,market,trade,TESTE,100238.63180053075,170,,,,JPM,UBS,,,
2026-03-21T13:25:26.148Z,market,trade,TESTE,100241.88112309035,30,,,,CS,ITAU,,,
2026-03-21T13:25:26.304Z,market,trade,TESTE,100244.50695927978,128,,,,CS,XP,,,
2026-03-21T13:25:26.463Z,market,trade,TESTE,100231.54903952622,106,,,,BTG,CITI,,,
2026-03-21T13:25:26.626Z,market,trade,TESTE,100246.25209320102,145,,,,CS,BARCL,,,
2026-03-21T13:25:26.786Z,market,trade,TESTE,100243.90570803218,147,,,,XP,CITI,,,
2026-03-21T13:25:26.947Z,market,trade,TESTE,100238.96304550454,157,,,,GOLDM,JPM,,,
2026-03-21T13:25:27.098Z,market,trade,TESTE,100232.75599326144,198,,,,UBS,CITI,,,
2026-03-21T13:25:27.261Z,market,trade,TESTE,100230.86461885319,126,,,,XP,ITAU,,,
2026-03-21T13:25:27.413Z,market,trade,TESTE,100243.48466651732,172,,,,GOLDM,XP,,,
2026-03-21T13:25:27.576Z,market,trade,TESTE,100245.6842201375,139,,,,CS,BTG,,,
2026-03-21T13:25:27.736Z,market,trade,TESTE,100233.27371157125,66,,,,XP,CS,,,
2026-03-21T13:25:27.887Z,market,trade,TESTE,100244.01861894275,62,,,,BARCL,CS,,,
2026-03-21T13:25:28.039Z,market,trade,TESTE,100242.14455337333,9,,,,MS,CITI,,,
2026-03-21T13:25:28.191Z,market,trade,TESTE,100232.84950975547,194,,,,MS,GOLDM,,,
2026-03-21T13:25:28.342Z,market,trade,TESTE,100246.51542504085,148,,,,GOLDM,XP,,,
2026-03-21T13:25:28.493Z,market,trade,TESTE,100251.49558154821,161,,,,BTG,ITAU,,,
2026-03-21T13:25:28.644Z,market,trade,TESTE,100240.37732430527,111,,,,GOLDM,UBS,,,
2026-03-21T13:25:28.795Z,market,trade,TESTE,100244.58407325525,121,,,,UBS,ITAU,,,
2026-03-21T13:25:28.948Z,market,trade,TESTE,100254.61775320252,115,,,,JPM,BARCL,,,
2026-03-21T13:25:29.106Z,market,trade,TESTE,100256.8511666516,139,,,,CS,ITAU,,,
2026-03-21T13:25:29.267Z,market,trade,TESTE,100256.94767199937,138,,,,MS,MS,,,
2026-03-21T13:25:29.428Z,market,trade,TESTE,100260.43259975186,118,,,,CITI,XP,,,
2026-03-21T13:25:29.578Z,market,trade,TESTE,100247.09821300834,111,,,,JPM,ITAU,,,
2026-03-21T13:25:29.730Z,market,trade,TESTE,100246.89298951118,70,,,,JPM,CITI,,,
2026-03-21T13:25:29.888Z,market,trade,TESTE,100243.11284653065,69,,,,BTG,CITI,,,
2026-03-21T13:25:30.041Z,market,trade,TESTE,100246.11473306145,105,,,,XP,BARCL,,,
2026-03-21T13:25:30.207Z,market,trade,TESTE,100244.8755753724,81,,,,MS,MS,,,
2026-03-21T13:25:30.367Z,market,trade,TESTE,100255.87790930955,88,,,,CS,XP,,,
2026-03-21T13:25:30.526Z,market,trade,TESTE,100248.40889647091,172,,,,CS,GOLDM,,,
2026-03-21T13:25:30.688Z,market,trade,TESTE,100252.03530338021,33,,,,BTG,MS,,,
2026-03-21T13:25:30.846Z,market,trade,TESTE,100250.6734336973,31,,,,BARCL,ITAU,,,
2026-03-21T13:25:30.996Z,market,trade,TESTE,100250.33810514763,179,,,,XP,MS,,,
2026-03-21T13:25:31.154Z,market,trade,TESTE,100249.32230462051,55,,,,BTG,CS,,,
2026-03-21T13:25:31.310Z,market,trade,TESTE,100247.98755160261,72,,,,ITAU,CITI,,,
2026-03-21T13:25:31.471Z,market,trade,TESTE,100256.56920414756,139,,,,XP,BARCL,,,
2026-03-21T13:25:31.630Z,market,trade,TESTE,100260.59174800885,140,,,,XP,UBS,,,
2026-03-21T13:25:31.791Z,market,trade,TESTE,100260.40555477144,181,,,,BARCL,CS,,,
2026-03-21T13:25:31.941Z,market,trade,TESTE,100249.41350935398,115,,,,CS,MS,,,
2026-03-21T13:25:32.092Z,market,trade,TESTE,100263.63101202768,143,,,,UBS,UBS,,,
2026-03-21T13:25:32.246Z,market,trade,TESTE,100251.62395054022,31,,,,XP,CS,,,
2026-03-21T13:25:32.397Z,market,trade,TESTE,100264.17365079738,66,,,,ITAU,CITI,,,
2026-03-21T13:25:32.551Z,market,trade,TESTE,100260.16389316722,186,,,,UBS,BTG,,,
2026-03-21T13:25:32.703Z,market,trade,TESTE,100251.74841519402,114,,,,BARCL,MS,,,
2026-03-21T13:25:32.855Z,market,trade,TESTE,100249.77483832544,44,,,,JPM,BARCL,,,
2026-03-21T13:25:33.005Z,market,trade,TESTE,100263.43019539503,124,,,,MS,XP,,,
2026-03-21T13:25:33.156Z,market,trade,TESTE,100250.20150612901,195,,,,CITI,UBS,,,
2026-03-21T13:25:33.306Z,market,trade,TESTE,100252.52367898686,36,,,,MS,MS,,,
2026-03-21T13:25:33.467Z,market,trade,TESTE,100261.39886973804,196,,,,ITAU,CS,,,
2026-03-21T13:25:33.626Z,market,trade,TESTE,100266.22767998786,183,,,,XP,GOLDM,,,
2026-03-21T13:25:33.786Z,market,trade,TESTE,100261.167273542,54,,,,BTG,MS,,,
2026-03-21T13:25:33.942Z,market,trade,TESTE,100261.2353428334,71,,,,BTG,BTG,,,
2026-03-21T13:25:34.095Z,market,trade,TESTE,100257.19137143366,11,,,,UBS,MS,,,
2026-03-21T13:25:34.251Z,market,trade,TESTE,100269.95617495637,13,,,,BARCL,BTG,,,
2026-03-21T13:25:34.408Z,market,trade,TESTE,100260.60892116255,102,,,,CITI,XP,,,
2026-03-21T13:25:34.559Z,market,trade,TESTE,100266.81700034458,144,,,,CITI,CS,,,
2026-03-21T13:25:34.711Z,market,trade,TESTE,100259.31481086063,191,,,,JPM,GOLDM,,,
2026-03-21T13:25:34.867Z,market,trade,TESTE,100258.65185307132,65,,,,CS,CITI,,,
2026-03-21T13:25:35.024Z,market,trade,TESTE,100261.62492567746,113,,,,ITAU,UBS,,,
2026-03-21T13:25:35.187Z,market,trade,TESTE,100264.373078109,44,,,,JPM,CITI,,,
2026-03-21T13:25:35.340Z,market,trade,TESTE,100272.20660739456,136,,,,JPM,MS,,,
2026-03-21T13:25:35.493Z,market,trade,TESTE,100273.20001520641,197,,,,CITI,BARCL,,,
2026-03-21T13:25:35.646Z,market,trade,TESTE,100270.618166354,51,,,,JPM,CITI,,,
2026-03-21T13:25:35.806Z,market,trade,TESTE,100268.18133310755,7,,,,JPM,GOLDM,,,
2026-03-21T13:25:35.966Z,market,trade,TESTE,100254.12189098063,49,,,,UBS,JPM,,,
2026-03-21T13:25:36.126Z,market,trade,TESTE,100259.27757501298,135,,,,ITAU,UBS,,,
2026-03-21T13:25:36.287Z,market,trade,TESTE,100245.83617684424,53,,,,CITI,ITAU,,,
2026-03-21T13:25:36.446Z,market,trade,TESTE,100252.53515370787,112,,,,XP,ITAU,,,
2026-03-21T13:25:36.610Z,market,trade,TESTE,100238.18756389104,135,,,,CITI,ITAU,,,
2026-03-21T13:25:36.766Z,market,trade,TESTE,100247.87780193631,195,,,,CITI,JPM,,,
2026-03-21T13:25:36.926Z,market,trade,TESTE,100239.19051851593,171,,,,GOLDM,UBS,,,
2026-03-21T13:25:37.081Z,market,trade,TESTE,100250.98810767825,132,,,,CS,CITI,,,
2026-03-21T13:25:37.233Z,market,trade,TESTE,100254.44534657872,138,,,,JPM,XP,,,
2026-03-21T13:25:37.384Z,market,trade,TESTE,100244.48075244405,197,,,,CS,ITAU,,,
2026-03-21T13:25:37.539Z,market,trade,TESTE,100242.99012207921,54,,,,CITI,MS,,,
2026-03-21T13:25:37.690Z,market,trade,TESTE,100250.05255746779,113,,,,XP,GOLDM,,,
2026-03-21T13:25:37.841Z,market,trade,TESTE,100249.13197302177,103,,,,CITI,CITI,,,
2026-03-21T13:25:37.996Z,market,trade,TESTE,100236.87266845853,101,,,,CITI,CS,,,
2026-03-21T13:25:38.146Z,market,trade,TESTE,100245.5057847672,176,,,,BTG,CITI,,,
2026-03-21T13:25:38.307Z,market,trade,TESTE,100245.376379698,107,,,,UBS,ITAU,,,
2026-03-21T13:25:38.459Z,market,trade,TESTE,100249.50168479861,79,,,,BARCL,JPM,,,
2026-03-21T13:25:38.610Z,market,trade,TESTE,100249.99786881506,24,,,,BTG,UBS,,,
2026-03-21T13:25:38.767Z,market,trade,TESTE,100244.77096601023,150,,,,BARCL,MS,,,
2026-03-21T13:25:38.919Z,market,trade,TESTE,100256.33462610647,127,,,,UBS,GOLDM,,,
2026-03-21T13:25:39.071Z,market,trade,TESTE,100248.08654736976,39,,,,XP,UBS,,,
2026-03-21T13:25:39.227Z,market,trade,TESTE,100249.03367769325,38,,,,CITI,BTG,,,
2026-03-21T13:25:39.377Z,market,trade,TESTE,100255.52321940311,127,,,,GOLDM,BARCL,,,
2026-03-21T13:25:39.528Z,market,trade,TESTE,100253.18271790494,92,,,,GOLDM,CS,,,
2026-03-21T13:25:39.679Z,market,trade,TESTE,100254.61761769674,63,,,,MS,ITAU,,,
2026-03-21T13:25:39.830Z,market,trade,TESTE,100242.98531905912,127,,,,CITI,BTG,,,
2026-03-21T13:25:39.986Z,market,trade,TESTE,100257.33669342374,157,,,,JPM,CS,,,
2026-03-21T13:25:40.147Z,market,trade,TESTE,100243.33660505408,6,,,,CS,GOLDM,,,
2026-03-21T13:25:40.306Z,market,trade,TESTE,100247.01056025273,188,,,,CS,XP,,,
2026-03-21T13:25:40.466Z,market,trade,TESTE,100243.34775690363,33,,,,MS,GOLDM,,,
2026-03-21T13:25:40.627Z,market,trade,TESTE,100251.22495275467,72,,,,XP,MS,,,
2026-03-21T13:25:40.787Z,market,trade,TESTE,100248.66608999574,22,,,,BARCL,ITAU,,,
2026-03-21T13:25:40.949Z,market,trade,TESTE,100247.92070866142,149,,,,BARCL,BARCL,,,
2026-03-21T13:25:41.114Z,market,trade,TESTE,100247.71501868978,81,,,,GOLDM,ITAU,,,
2026-03-21T13:25:41.265Z,market,trade,TESTE,100239.53984754284,15,,,,CITI,CS,,,
2026-03-21T13:25:41.423Z,market,trade,TESTE,100238.43093618729,99,,,,GOLDM,GOLDM,,,
2026-03-21T13:25:41.586Z,market,trade,TESTE,100243.45854121906,48,,,,JPM,XP,,,
2026-03-21T13:25:41.744Z,market,trade,TESTE,100241.90702046338,74,,,,XP,BARCL,,,
2026-03-21T13:25:41.907Z,market,trade,TESTE,100246.09698128866,118,,,,BARCL,JPM,,,
2026-03-21T13:25:42.068Z,market,trade,TESTE,100241.68561390028,89,,,,JPM,CITI,,,
2026-03-21T13:25:42.218Z,market,trade,TESTE,100240.80895996567,175,,,,MS,ITAU,,,
2026-03-21T13:25:42.371Z,market,trade,TESTE,100243.21387622772,145,,,,MS,CITI,,,
2026-03-21T13:25:42.521Z,market,trade,TESTE,100234.78263928942,144,,,,XP,ITAU,,,
2026-03-21T13:25:42.687Z,market,trade,TESTE,100239.07691038263,74,,,,JPM,ITAU,,,
2026-03-21T13:25:42.850Z,market,trade,TESTE,100239.7958732965,54,,,,BTG,JPM,,,
2026-03-21T13:25:43.007Z,market,trade,TESTE,100254.7430700218,158,,,,UBS,BTG,,,
2026-03-21T13:25:43.167Z,market,trade,TESTE,100251.06225997371,20,,,,BARCL,GOLDM,,,
2026-03-21T13:25:43.324Z,market,trade,TESTE,100236.9533096278,81,,,,ITAU,GOLDM,,,
2026-03-21T13:25:43.486Z,market,trade,TESTE,100235.81744137488,17,,,,XP,UBS,,,
2026-03-21T13:25:43.650Z,market,trade,TESTE,100241.84164478196,192,,,,CITI,UBS,,,
2026-03-21T13:25:43.808Z,market,trade,TESTE,100231.17280511907,88,,,,CS,MS,,,
2026-03-21T13:25:43.969Z,market,trade,TESTE,100236.11377225588,195,,,,MS,UBS,,,
2026-03-21T13:25:44.130Z,market,trade,TESTE,100245.65895435147,89,,,,MS,CITI,,,
2026-03-21T13:25:44.286Z,market,trade,TESTE,100234.60078761201,61,,,,MS,BTG,,,
2026-03-21T13:25:44.439Z,market,trade,TESTE,100234.29608366122,127,,,,MS,MS,,,
2026-03-21T13:25:44.593Z,market,trade,TESTE,100231.01114992869,50,,,,BARCL,GOLDM,,,
2026-03-21T13:25:44.748Z,market,trade,TESTE,100230.72135944889,71,,,,CS,CS,,,
2026-03-21T13:25:44.906Z,market,trade,TESTE,100244.2266478957,46,,,,MS,BARCL,,,
2026-03-21T13:25:45.066Z,market,trade,TESTE,100233.27176508249,37,,,,CS,JPM,,,
2026-03-21T13:25:45.226Z,market,trade,TESTE,100235.9727700964,27,,,,CITI,CITI,,,
2026-03-21T13:25:45.387Z,market,trade,TESTE,100250.91661027906,186,,,,CS,GOLDM,,,
2026-03-21T13:25:45.547Z,market,trade,TESTE,100238.26889070665,49,,,,JPM,MS,,,
2026-03-21T13:25:45.698Z,market,trade,TESTE,100250.39339580845,194,,,,JPM,MS,,,
2026-03-21T13:25:45.851Z,market,trade,TESTE,100246.12191737581,26,,,,BTG,GOLDM,,,
2026-03-21T13:25:46.004Z,market,trade,TESTE,100237.75739228216,56,,,,CS,ITAU,,,
2026-03-21T13:25:46.169Z,market,trade,TESTE,100250.7837681451,53,,,,XP,BTG,,,
2026-03-21T13:25:46.328Z,market,trade,TESTE,100250.68331761738,123,,,,BARCL,BARCL,,,
2026-03-21T13:25:46.485Z,market,trade,TESTE,100250.307816384,12,,,,ITAU,GOLDM,,,
2026-03-21T13:25:46.647Z,market,trade,TESTE,100239.63348171822,30,,,,JPM,ITAU,,,
2026-03-21T13:25:46.806Z,market,trade,TESTE,100245.05736682874,28,,,,GOLDM,CS,,,
2026-03-21T13:25:46.980Z,market,trade,TESTE,100230.32466846074,71,,,,BARCL,UBS,,,
2026-03-21T13:25:47.131Z,market,trade,TESTE,100234.17068574214,176,,,,GOLDM,GOLDM,,,
2026-03-21T13:25:47.287Z,market,trade,TESTE,100245.11928186977,92,,,,ITAU,GOLDM,,,
2026-03-21T13:25:47.447Z,market,trade,TESTE,100236.11662063834,119,,,,ITAU,BTG,,,
2026-03-21T13:25:47.607Z,market,trade,TESTE,100240.6809484504,97,,,,CITI,GOLDM,,,
2026-03-21T13:25:47.766Z,market,trade,TESTE,100245.27999883285,184,,,,XP,MS,,,
2026-03-21T13:25:47.927Z,market,trade,TESTE,100249.42678792468,41,,,,CITI,CS,,,
2026-03-21T13:25:48.087Z,market,trade,TESTE,100245.19633272092,164,,,,BARCL,GOLDM,,,
2026-03-21T13:25:48.251Z,market,trade,TESTE,100246.6790286334,196,,,,UBS,UBS,,,
2026-03-21T13:25:48.403Z,market,trade,TESTE,100249.43849024478,88,,,,JPM,BARCL,,,
2026-03-21T13:25:48.566Z,market,trade,TESTE,100260.39334931421,18,,,,CITI,XP,,,
2026-03-21T13:25:48.730Z,market,trade,TESTE,100263.51771315912,147,,,,BARCL,GOLDM,,,
2026-03-21T13:25:48.882Z,market,trade,TESTE,100264.4706846804,187,,,,CS,JPM,,,
2026-03-21T13:25:49.044Z,market,trade,TESTE,100252.30837526098,26,,,,CITI,JPM,,,
2026-03-21T13:25:49.207Z,market,trade,TESTE,100261.07319915348,24,,,,JPM,GOLDM,,,
2026-03-21T13:25:49.367Z,market,trade,TESTE,100251.8993710658,136,,,,ITAU,XP,,,
2026-03-21T13:25:49.527Z,market,trade,TESTE,100255.51868308177,6,,,,ITAU,GOLDM,,,
2026-03-21T13:25:49.687Z,market,trade,TESTE,100267.22005290403,25,,,,XP,GOLDM,,,
2026-03-21T13:25:49.846Z,market,trade,TESTE,100270.02244729617,135,,,,MS,UBS,,,
2026-03-21T13:25:50.007Z,market,trade,TESTE,100257.60902204852,116,,,,ITAU,GOLDM,,,
2026-03-21T13:25:50.166Z,market,trade,TESTE,100267.36663249611,13,,,,BARCL,BARCL,,,
2026-03-21T13:25:50.326Z,market,trade,TESTE,100253.38674335544,91,,,,ITAU,CS,,,
2026-03-21T13:25:50.485Z,market,trade,TESTE,100266.43215519858,94,,,,UBS,ITAU,,,
2026-03-21T13:25:50.647Z,market,trade,TESTE,100252.65744394354,53,,,,CITI,BARCL,,,
2026-03-21T13:25:50.806Z,market,trade,TESTE,100260.97070847156,124,,,,ITAU,MS,,,
2026-03-21T13:25:50.966Z,market,trade,TESTE,100248.73997430569,90,,,,CITI,ITAU,,,
2026-03-21T13:25:51.126Z,market,trade,TESTE,100252.6164752327,79,,,,XP,JPM,,,
2026-03-21T13:25:51.286Z,market,trade,TESTE,100263.49196732558,62,,,,ITAU,JPM,,,
2026-03-21T13:25:51.447Z,market,trade,TESTE,100254.88328045043,188,,,,XP,GOLDM,,,
2026-03-21T13:25:51.602Z,market,trade,TESTE,100260.64927994531,14,,,,UBS,UBS,,,
2026-03-21T13:25:51.766Z,market,trade,TESTE,100262.82631834425,94,,,,ITAU,BARCL,,,
2026-03-21T13:25:51.926Z,market,trade,TESTE,100259.64174843229,70,,,,XP,CS,,,
2026-03-21T13:25:52.082Z,market,trade,TESTE,100251.23525561315,41,,,,MS,CITI,,,
2026-03-21T13:25:52.246Z,market,trade,TESTE,100250.984507388,68,,,,ITAU,CS,,,
2026-03-21T13:25:52.407Z,market,trade,TESTE,100253.18887199431,17,,,,BARCL,GOLDM,,,
2026-03-21T13:25:52.566Z,market,trade,TESTE,100264.18482601272,164,,,,BTG,XP,,,
2026-03-21T13:25:52.726Z,market,trade,TESTE,100259.28013507869,183,,,,BTG,BTG,,,
2026-03-21T13:25:52.886Z,market,trade,TESTE,100246.40214813272,32,,,,BARCL,CITI,,,
2026-03-21T13:25:53.047Z,market,trade,TESTE,100255.72813867332,56,,,,JPM,JPM,,,
2026-03-21T13:25:53.207Z,market,trade,TESTE,100254.16197877003,197,,,,XP,GOLDM,,,
2026-03-21T13:25:53.366Z,market,trade,TESTE,100250.52820935402,21,,,,MS,UBS,,,
2026-03-21T13:25:53.524Z,market,trade,TESTE,100249.5318627106,191,,,,CS,UBS,,,
2026-03-21T13:25:53.685Z,market,trade,TESTE,100242.13709683529,141,,,,BTG,GOLDM,,,
2026-03-21T13:25:53.846Z,market,trade,TESTE,100254.15742580158,107,,,,UBS,JPM,,,
2026-03-21T13:25:54.007Z,market,trade,TESTE,100257.97502308332,16,,,,CS,UBS,,,
2026-03-21T13:25:54.166Z,market,trade,TESTE,100247.53215851067,196,,,,UBS,UBS,,,
2026-03-21T13:25:54.326Z,market,trade,TESTE,100259.6665648403,18,,,,UBS,GOLDM,,,
2026-03-21T13:25:54.487Z,market,trade,TESTE,100255.25780133346,152,,,,JPM,JPM,,,
2026-03-21T13:25:54.648Z,market,trade,TESTE,100243.90884325757,175,,,,MS,UBS,,,
2026-03-21T13:25:54.806Z,market,trade,TESTE,100254.6877684634,196,,,,XP,JPM,,,
2026-03-21T13:25:54.967Z,market,trade,TESTE,100254.84280353639,62,,,,XP,GOLDM,,,
2026-03-21T13:25:55.126Z,market,trade,TESTE,100242.60535214473,117,,,,BARCL,UBS,,,
2026-03-21T13:25:55.287Z,market,trade,TESTE,100245.68533763563,92,,,,CS,CS,,,
2026-03-21T13:25:55.446Z,market,trade,TESTE,100247.2365152684,191,,,,BARCL,BARCL,,,
2026-03-21T13:25:55.608Z,market,trade,TESTE,100245.68774795512,51,,,,CS,CITI,,,
2026-03-21T13:25:55.766Z,market,trade,TESTE,100254.39405643448,187,,,,CS,GOLDM,,,
2026-03-21T13:25:55.926Z,market,trade,TESTE,100247.47237158465,165,,,,CS,XP,,,
2026-03-21T13:25:56.087Z,market,trade,TESTE,100253.34887356317,194,,,,BARCL,ITAU,,,
2026-03-21T13:25:56.247Z,market,trade,TESTE,100239.06017578577,80,,,,XP,GOLDM,,,
2026-03-21T13:25:56.407Z,market,trade,TESTE,100240.86440579563,62,,,,BTG,CS,,,
2026-03-21T13:25:56.559Z,market,trade,TESTE,100236.75999628234,178,,,,CS,CITI,,,
2026-03-21T13:25:56.710Z,market,trade,TESTE,100233.02587258673,16,,,,BTG,BTG,,,
2026-03-21T13:25:56.867Z,market,trade,TESTE,100230.40216118311,33,,,,BTG,BTG,,,
2026-03-21T13:25:57.026Z,market,trade,TESTE,100225.63329686197,76,,,,CITI,GOLDM,,,
2026-03-21T13:25:57.180Z,market,trade,TESTE,100236.65722199538,16,,,,GOLDM,MS,,,
2026-03-21T13:25:57.347Z,market,trade,TESTE,100240.9501048713,104,,,,UBS,UBS,,,
2026-03-21T13:25:57.512Z,market,trade,TESTE,100239.37079488396,167,,,,JPM,CITI,,,
2026-03-21T13:25:57.666Z,market,trade,TESTE,100236.8748787289,18,,,,GOLDM,CS,,,
2026-03-21T13:25:57.824Z,market,trade,TESTE,100237.3691650196,177,,,,UBS,GOLDM,,,
2026-03-21T13:25:57.987Z,market,trade,TESTE,100236.17125031937,83,,,,CITI,ITAU,,,
2026-03-21T13:25:58.147Z,market,trade,TESTE,100227.48345970106,67,,,,ITAU,GOLDM,,,
2026-03-21T13:25:58.307Z,market,trade,TESTE,100226.87804358557,111,,,,ITAU,CITI,,,
2026-03-21T13:25:58.467Z,market,trade,TESTE,100240.45671242697,72,,,,GOLDM,BARCL,,,
2026-03-21T13:25:58.626Z,market,trade,TESTE,100237.3598784736,93,,,,XP,JPM,,,
2026-03-21T13:25:58.782Z,market,trade,TESTE,100240.17951605516,149,,,,UBS,XP,,,
2026-03-21T13:25:58.949Z,market,trade,TESTE,100231.40522549028,115,,,,CS,CITI,,,
2026-03-21T13:25:59.106Z,market,trade,TESTE,100237.087308367,182,,,,XP,ITAU,,,
2026-03-21T13:25:59.266Z,market,trade,TESTE,100233.14745084835,99,,,,MS,GOLDM,,,
2026-03-21T13:25:59.421Z,market,trade,TESTE,100234.12419568762,34,,,,JPM,ITAU,,,
2026-03-21T13:25:59.573Z,market,trade,TESTE,100224.61908414564,172,,,,CS,XP,,,
2026-03-21T13:25:59.727Z,market,trade,TESTE,100230.64826296203,33,,,,MS,GOLDM,,,
2026-03-21T13:25:59.886Z,market,trade,TESTE,100231.67759025586,139,,,,UBS,JPM,,,
2026-03-21T13:26:00.047Z,market,trade,TESTE,100232.54705962344,31,,,,GOLDM,CS,,,
2026-03-21T13:26:00.207Z,market,trade,TESTE,100235.19563067492,49,,,,UBS,MS,,,
2026-03-21T13:26:00.371Z,market,trade,TESTE,100235.06505004418,152,,,,CITI,BARCL,,,
2026-03-21T13:26:00.531Z,market,trade,TESTE,100225.75776552882,150,,,,BTG,BARCL,,,
2026-03-21T13:26:00.687Z,market,trade,TESTE,100222.29715253216,25,,,,BTG,CITI,,,
2026-03-21T13:26:00.847Z,market,trade,TESTE,100226.42758743414,73,,,,ITAU,MS,,,
2026-03-21T13:26:01.007Z,market,trade,TESTE,100238.73607710657,197,,,,CS,XP,,,
2026-03-21T13:26:01.166Z,market,trade,TESTE,100227.71958638413,66,,,,ITAU,CITI,,,
2026-03-21T13:26:01.326Z,market,trade,TESTE,100236.21954105284,24,,,,JPM,BTG,,,
2026-03-21T13:26:01.487Z,market,trade,TESTE,100239.64313670594,78,,,,GOLDM,MS,,,
2026-03-21T13:26:01.647Z,market,trade,TESTE,100233.17473501674,157,,,,XP,BTG,,,
2026-03-21T13:26:01.807Z,market,trade,TESTE,100247.37047669411,67,,,,CITI,JPM,,,
2026-03-21T13:26:01.966Z,market,trade,TESTE,100246.95878305571,32,,,,CS,BTG,,,
2026-03-21T13:26:02.126Z,market,trade,TESTE,100235.12762723448,145,,,,XP,JPM,,,
2026-03-21T13:26:02.286Z,market,trade,TESTE,100246.32754552871,191,,,,BARCL,BARCL,,,
2026-03-21T13:26:02.447Z,market,trade,TESTE,100238.80369860424,152,,,,UBS,UBS,,,
2026-03-21T13:26:02.609Z,market,trade,TESTE,100242.786749272,138,,,,UBS,UBS,,,
2026-03-21T13:26:02.765Z,market,trade,TESTE,100242.95225288683,139,,,,ITAU,XP,,,
2026-03-21T13:26:02.926Z,market,trade,TESTE,100242.87776975718,157,,,,JPM,XP,,,
2026-03-21T13:26:03.087Z,market,trade,TESTE,100241.94516432688,190,,,,XP,MS,,,
2026-03-21T13:26:03.240Z,market,trade,TESTE,100239.77581656571,157,,,,BARCL,BTG,,,
2026-03-21T13:26:03.401Z,market,trade,TESTE,100240.42177809782,138,,,,ITAU,CITI,,,
2026-03-21T13:26:03.566Z,market,trade,TESTE,100241.4508276541,103,,,,MS,CS,,,
2026-03-21T13:26:03.726Z,market,trade,TESTE,100243.37490329007,151,,,,JPM,BTG,,,
2026-03-21T13:26:03.886Z,market,trade,TESTE,100247.06477064911,119,,,,GOLDM,BTG,,,
2026-03-21T13:26:04.046Z,market,trade,TESTE,100248.4843050479,83,,,,MS,BTG,,,
2026-03-21T13:26:04.211Z,market,trade,TESTE,100263.34688515966,156,,,,GOLDM,JPM,,,
2026-03-21T13:26:04.366Z,market,trade,TESTE,100249.61272354872,70,,,,MS,GOLDM,,,
2026-03-21T13:26:04.526Z,market,trade,TESTE,100259.64798706479,66,,,,MS,XP,,,
2026-03-21T13:26:04.687Z,market,trade,TESTE,100248.27084282189,65,,,,CITI,CITI,,,
2026-03-21T13:26:04.850Z,market,trade,TESTE,100249.56335221151,108,,,,JPM,GOLDM,,,
2026-03-21T13:26:05.007Z,market,trade,TESTE,100253.69001401209,137,,,,ITAU,ITAU,,,
2026-03-21T13:26:05.167Z,market,trade,TESTE,100261.61722093992,54,,,,XP,CS,,,
2026-03-21T13:26:05.326Z,market,trade,TESTE,100266.14994379913,200,,,,MS,UBS,,,
2026-03-21T13:26:05.487Z,market,trade,TESTE,100255.42512887895,76,,,,JPM,XP,,,
2026-03-21T13:26:05.646Z,market,trade,TESTE,100263.4763820603,80,,,,BARCL,XP,,,
2026-03-21T13:26:05.806Z,market,trade,TESTE,100262.45987532678,34,,,,BARCL,UBS,,,
2026-03-21T13:26:05.966Z,market,trade,TESTE,100263.93367621237,73,,,,CS,ITAU,,,
2026-03-21T13:26:06.126Z,market,trade,TESTE,100260.68134096202,132,,,,BARCL,BTG,,,
2026-03-21T13:26:06.277Z,market,trade,TESTE,100257.20842507386,7,,,,BARCL,GOLDM,,,
2026-03-21T13:26:06.430Z,market,trade,TESTE,100246.59805960243,93,,,,CITI,ITAU,,,
2026-03-21T13:26:06.587Z,market,trade,TESTE,100258.49061281687,73,,,,XP,XP,,,
2026-03-21T13:26:06.746Z,market,trade,TESTE,100244.31232551127,92,,,,BTG,XP,,,
2026-03-21T13:26:06.908Z,market,trade,TESTE,100248.64361017708,101,,,,CS,CS,,,
2026-03-21T13:26:07.067Z,market,trade,TESTE,100254.38627973024,96,,,,ITAU,MS,,,
2026-03-21T13:26:07.226Z,market,trade,TESTE,100241.35769938194,53,,,,MS,CS,,,
2026-03-21T13:26:07.386Z,market,trade,TESTE,100238.38942648687,39,,,,GOLDM,CITI,,,
2026-03-21T13:26:07.546Z,market,trade,TESTE,100239.06490096306,133,,,,GOLDM,CS,,,
2026-03-21T13:26:07.707Z,market,trade,TESTE,100241.02337617369,175,,,,MS,BTG,,,
2026-03-21T13:26:07.866Z,market,trade,TESTE,100254.03681714687,99,,,,MS,CS,,,
2026-03-21T13:26:08.026Z,market,trade,TESTE,100239.11245636798,28,,,,CS,UBS,,,
2026-03-21T13:26:08.186Z,market,trade,TESTE,100239.68864399803,177,,,,MS,ITAU,,,
2026-03-21T13:26:08.346Z,market,trade,TESTE,100246.9928311841,135,,,,ITAU,BARCL,,,
2026-03-21T13:26:08.508Z,market,trade,TESTE,100250.68725376726,123,,,,BARCL,XP,,,
2026-03-21T13:26:08.666Z,market,trade,TESTE,100242.05961415135,181,,,,CITI,CS,,,
2026-03-21T13:26:08.827Z,market,trade,TESTE,100251.14254006188,7,,,,BARCL,BTG,,,
2026-03-21T13:26:08.987Z,market,trade,TESTE,100243.53987275183,130,,,,ITAU,BTG,,,
2026-03-21T13:26:09.146Z,market,trade,TESTE,100240.9933094709,72,,,,CITI,MS,,,
2026-03-21T13:26:09.307Z,market,trade,TESTE,100247.62460801932,47,,,,BARCL,GOLDM,,,
2026-03-21T13:26:09.466Z,market,trade,TESTE,100241.94621245388,60,,,,GOLDM,UBS,,,
2026-03-21T13:26:09.626Z,market,trade,TESTE,100246.90515139447,78,,,,GOLDM,MS,,,
2026-03-21T13:26:09.787Z,market,trade,TESTE,100255.07404531132,17,,,,JPM,UBS,,,
2026-03-21T13:26:09.946Z,market,trade,TESTE,100255.32290090992,125,,,,GOLDM,BTG,,,
2026-03-21T13:26:10.107Z,market,trade,TESTE,100252.80693156547,193,,,,UBS,UBS,,,
2026-03-21T13:26:10.266Z,market,trade,TESTE,100243.39713475207,96,,,,XP,JPM,,,
2026-03-21T13:26:10.425Z,market,trade,TESTE,100251.45817457951,75,,,,BTG,UBS,,,
2026-03-21T13:26:10.587Z,market,trade,TESTE,100240.61123495905,161,,,,JPM,MS,,,
2026-03-21T13:26:10.741Z,market,trade,TESTE,100245.67306056566,181,,,,CITI,MS,,,
2026-03-21T13:26:10.907Z,market,trade,TESTE,100242.83077124429,157,,,,BTG,UBS,,,
2026-03-21T13:26:11.068Z,market,trade,TESTE,100229.84198171647,182,,,,BTG,BARCL,,,
2026-03-21T13:26:11.227Z,market,trade,TESTE,100234.21682226438,49,,,,JPM,XP,,,
2026-03-21T13:26:11.380Z,market,trade,TESTE,100239.78151089282,149,,,,BARCL,CS,,,
2026-03-21T13:26:11.531Z,market,trade,TESTE,100228.88787840524,90,,,,XP,JPM,,,
2026-03-21T13:26:11.686Z,market,trade,TESTE,100231.84324999506,123,,,,ITAU,BTG,,,
2026-03-21T13:26:11.846Z,market,trade,TESTE,100242.72030930087,72,,,,JPM,BARCL,,,
2026-03-21T13:26:12.007Z,market,trade,TESTE,100246.34637658333,147,,,,ITAU,UBS,,,
2026-03-21T13:26:12.166Z,market,trade,TESTE,100235.6100078959,179,,,,CS,MS,,,
2026-03-21T13:26:12.326Z,market,trade,TESTE,100233.41729699468,135,,,,CITI,BARCL,,,
2026-03-21T13:26:12.487Z,market,trade,TESTE,100243.87214735591,69,,,,ITAU,JPM,,,
2026-03-21T13:26:12.646Z,market,trade,TESTE,100231.42078513505,33,,,,XP,BARCL,,,
2026-03-21T13:26:12.805Z,market,trade,TESTE,100229.75221006174,146,,,,GOLDM,CS,,,
2026-03-21T13:26:12.961Z,market,trade,TESTE,100241.40659161076,174,,,,CS,ITAU,,,
2026-03-21T13:26:13.126Z,market,trade,TESTE,100244.06732543981,176,,,,XP,ITAU,,,
2026-03-21T13:26:13.287Z,market,trade,TESTE,100237.04272474446,152,,,,BARCL,CITI,,,
2026-03-21T13:26:13.446Z,market,trade,TESTE,100243.27635083119,164,,,,MS,GOLDM,,,
2026-03-21T13:26:13.610Z,market,trade,TESTE,100236.65172527883,138,,,,MS,CITI,,,
2026-03-21T13:26:13.763Z,market,trade,TESTE,100241.98689189834,107,,,,GOLDM,CS,,,
2026-03-21T13:26:13.926Z,market,trade,TESTE,100231.51803153136,79,,,,GOLDM,MS,,,
2026-03-21T13:26:14.086Z,market,trade,TESTE,100235.49409032133,115,,,,JPM,XP,,,
2026-03-21T13:26:14.246Z,market,trade,TESTE,100240.90200166716,85,,,,MS,GOLDM,,,
2026-03-21T13:26:14.405Z,market,trade,TESTE,100237.78681102507,100,,,,BTG,CITI,,,
2026-03-21T13:26:14.567Z,market,trade,TESTE,100238.89285056788,76,,,,MS,JPM,,,
2026-03-21T13:26:14.726Z,market,trade,TESTE,100232.75754206373,132,,,,CITI,ITAU,,,
2026-03-21T13:26:14.886Z,market,trade,TESTE,100232.45965718945,88,,,,GOLDM,GOLDM,,,
2026-03-21T13:26:15.038Z,market,trade,TESTE,100245.00831043463,193,,,,GOLDM,CITI,,,
2026-03-21T13:26:15.190Z,market,trade,TESTE,100232.3687298,133,,,,CITI,XP,,,
2026-03-21T13:26:15.355Z,market,trade,TESTE,100235.67607339316,187,,,,ITAU,CITI,,,
2026-03-21T13:26:15.506Z,market,trade,TESTE,100243.47573132363,195,,,,XP,XP,,,
2026-03-21T13:26:15.666Z,market,trade,TESTE,100232.33275156104,167,,,,JPM,CS,,,
2026-03-21T13:26:15.825Z,market,trade,TESTE,100228.82793343745,83,,,,JPM,UBS,,,
2026-03-21T13:26:15.986Z,market,trade,TESTE,100224.73762855175,103,,,,JPM,BARCL,,,
2026-03-21T13:26:16.146Z,market,trade,TESTE,100231.2850461438,182,,,,BTG,BTG,,,
2026-03-21T13:26:16.302Z,market,trade,TESTE,100230.85267175088,27,,,,BARCL,UBS,,,
2026-03-21T13:26:16.462Z,market,trade,TESTE,100218.7424044085,156,,,,BTG,GOLDM,,,
2026-03-21T13:26:16.626Z,market,trade,TESTE,100225.45595152095,200,,,,BTG,BTG,,,
2026-03-21T13:26:16.786Z,market,trade,TESTE,100227.7766136274,80,,,,XP,CITI,,,
2026-03-21T13:26:16.947Z,market,trade,TESTE,100225.56767591705,41,,,,UBS,BTG,,,
2026-03-21T13:26:17.106Z,market,trade,TESTE,100217.62013866646,88,,,,CS,BARCL,,,
2026-03-21T13:26:17.257Z,market,trade,TESTE,100219.95614032321,196,,,,BARCL,UBS,,,
2026-03-21T13:26:17.410Z,market,trade,TESTE,100223.67030850475,198,,,,GOLDM,XP,,,
2026-03-21T13:26:17.566Z,market,trade,TESTE,100235.85395515375,197,,,,JPM,GOLDM,,,
2026-03-21T13:26:17.726Z,market,trade,TESTE,100221.74936590408,200,,,,JPM,MS,,,
2026-03-21T13:26:17.882Z,market,trade,TESTE,100225.08292099695,114,,,,ITAU,BTG,,,
2026-03-21T13:26:18.036Z,market,trade,TESTE,100238.95179734395,62,,,,BTG,MS,,,
2026-03-21T13:26:18.187Z,market,trade,TESTE,100227.46521066022,5,,,,XP,BTG,,,
2026-03-21T13:26:18.346Z,market,trade,TESTE,100242.18803710863,154,,,,UBS,JPM,,,
2026-03-21T13:26:18.506Z,market,trade,TESTE,100230.0141763513,103,,,,XP,ITAU,,,
2026-03-21T13:26:18.664Z,market,trade,TESTE,100229.23690418917,18,,,,XP,ITAU,,,
2026-03-21T13:26:18.826Z,market,trade,TESTE,100239.52772599961,188,,,,GOLDM,CITI,,,
2026-03-21T13:26:18.987Z,market,trade,TESTE,100226.25839840785,68,,,,UBS,CS,,,
2026-03-21T13:26:19.146Z,market,trade,TESTE,100232.04729624261,56,,,,MS,UBS,,,
2026-03-21T13:26:19.312Z,market,trade,TESTE,100225.54550482558,22,,,,CITI,XP,,,
2026-03-21T13:26:19.477Z,market,trade,TESTE,100238.79715012792,6,,,,BARCL,CITI,,,
2026-03-21T13:26:19.633Z,market,trade,TESTE,100225.29814059805,156,,,,GOLDM,BTG,,,
2026-03-21T13:26:19.786Z,market,trade,TESTE,100238.36024042637,187,,,,JPM,BTG,,,
2026-03-21T13:26:19.947Z,market,trade,TESTE,100233.69092046445,145,,,,ITAU,CITI,,,
2026-03-21T13:26:20.105Z,market,trade,TESTE,100226.32267695491,199,,,,JPM,JPM,,,
2026-03-21T13:26:20.266Z,market,trade,TESTE,100225.70994913575,13,,,,XP,BTG,,,
2026-03-21T13:26:20.427Z,market,trade,TESTE,100221.65296661775,193,,,,JPM,CITI,,,
2026-03-21T13:26:20.587Z,market,trade,TESTE,100222.33609414114,143,,,,CITI,JPM,,,
2026-03-21T13:26:20.746Z,market,trade,TESTE,100229.25216102113,168,,,,ITAU,ITAU,,,
2026-03-21T13:26:20.907Z,market,trade,TESTE,100225.41334045565,140,,,,BTG,UBS,,,
2026-03-21T13:26:21.066Z,market,trade,TESTE,100215.69635072372,67,,,,XP,CS,,,
2026-03-21T13:26:21.226Z,market,trade,TESTE,100228.75693203574,58,,,,MS,BARCL,,,
2026-03-21T13:26:21.387Z,market,trade,TESTE,100222.8546261328,194,,,,UBS,UBS,,,
2026-03-21T13:26:21.546Z,market,trade,TESTE,100226.52607613585,55,,,,CS,GOLDM,,,
2026-03-21T13:26:21.702Z,market,trade,TESTE,100238.26201477445,88,,,,UBS,CS,,,
2026-03-21T13:26:21.867Z,market,trade,TESTE,100233.13540907016,106,,,,GOLDM,UBS,,,
2026-03-21T13:26:22.026Z,market,trade,TESTE,100232.70183954798,184,,,,XP,XP,,,
2026-03-21T13:26:22.187Z,market,trade,TESTE,100232.02620626982,72,,,,BTG,MS,,,
2026-03-21T13:26:22.341Z,market,trade,TESTE,100232.32671090373,133,,,,JPM,XP,,,
2026-03-21T13:26:22.492Z,market,trade,TESTE,100235.71741280654,78,,,,UBS,ITAU,,,
2026-03-21T13:26:22.645Z,market,trade,TESTE,100233.99709842763,147,,,,XP,BARCL,,,
2026-03-21T13:26:22.806Z,market,trade,TESTE,100243.95734051734,164,,,,JPM,CS,,,
2026-03-21T13:26:22.960Z,market,trade,TESTE,100244.61870515322,177,,,,MS,BARCL,,,
2026-03-21T13:26:23.126Z,market,trade,TESTE,100245.71875170383,92,,,,UBS,MS,,,
2026-03-21T13:26:23.286Z,market,trade,TESTE,100232.13346951327,93,,,,CS,GOLDM,,,
2026-03-21T13:26:23.447Z,market,trade,TESTE,100241.20177389635,115,,,,BARCL,BTG,,,
2026-03-21T13:26:23.604Z,market,trade,TESTE,100230.9787542614,55,,,,BTG,UBS,,,
2026-03-21T13:26:23.755Z,market,trade,TESTE,100241.53055800655,149,,,,XP,ITAU,,,
2026-03-21T13:26:23.911Z,market,trade,TESTE,100232.78836811903,159,,,,BTG,MS,,,
2026-03-21T13:26:24.066Z,market,trade,TESTE,100245.06117678722,72,,,,UBS,BARCL,,,
2026-03-21T13:26:24.219Z,market,trade,TESTE,100238.88440280088,171,,,,XP,UBS,,,
2026-03-21T13:26:24.384Z,market,trade,TESTE,100244.82670091858,100,,,,MS,BARCL,,,
2026-03-21T13:26:24.546Z,market,trade,TESTE,100238.74744762038,24,,,,BTG,UBS,,,
2026-03-21T13:26:24.701Z,market,trade,TESTE,100243.92098519013,68,,,,CS,BARCL,,,
2026-03-21T13:26:24.866Z,market,trade,TESTE,100242.10022043169,143,,,,JPM,CITI,,,
2026-03-21T13:26:25.026Z,market,trade,TESTE,100229.39107635392,151,,,,ITAU,BARCL,,,
2026-03-21T13:26:25.186Z,market,trade,TESTE,100235.51239720212,26,,,,GOLDM,XP,,,
2026-03-21T13:26:25.346Z,market,trade,TESTE,100231.44229550523,60,,,,MS,JPM,,,
2026-03-21T13:26:25.506Z,market,trade,TESTE,100224.8438229766,40,,,,ITAU,BTG,,,
2026-03-21T13:26:25.667Z,market,trade,TESTE,100228.95853921924,77,,,,CS,BARCL,,,
2026-03-21T13:26:25.829Z,market,trade,TESTE,100240.18408742022,157,,,,JPM,UBS,,,
2026-03-21T13:26:25.980Z,market,trade,TESTE,100232.1298302902,136,,,,ITAU,CS,,,
2026-03-21T13:26:26.135Z,market,trade,TESTE,100227.27427816573,119,,,,MS,BTG,,,
2026-03-21T13:26:26.285Z,market,trade,TESTE,100226.84043597603,114,,,,ITAU,CS,,,
2026-03-21T13:26:26.439Z,market,trade,TESTE,100228.12983977977,59,,,,GOLDM,BTG,,,
2026-03-21T13:26:26.592Z,market,trade,TESTE,100229.54020297606,107,,,,JPM,BTG,,,
2026-03-21T13:26:26.746Z,market,trade,TESTE,100226.20080831989,47,,,,XP,GOLDM,,,
2026-03-21T13:26:26.906Z,market,trade,TESTE,100226.51812324005,95,,,,BARCL,MS,,,
2026-03-21T13:26:27.066Z,market,trade,TESTE,100231.12942930759,177,,,,BTG,JPM,,,
2026-03-21T13:26:27.226Z,market,trade,TESTE,100227.37205646762,171,,,,ITAU,XP,,,
2026-03-21T13:26:27.386Z,market,trade,TESTE,100233.20552326122,38,,,,CITI,BARCL,,,
2026-03-21T13:26:27.546Z,market,trade,TESTE,100232.15116430869,110,,,,ITAU,MS,,,
2026-03-21T13:26:27.706Z,market,trade,TESTE,100230.11436561137,172,,,,JPM,BTG,,,
2026-03-21T13:26:27.866Z,market,trade,TESTE,100231.1840695184,35,,,,BARCL,ITAU,,,
2026-03-21T13:26:28.026Z,market,trade,TESTE,100236.16017316026,91,,,,ITAU,CS,,,
2026-03-21T13:26:28.186Z,market,trade,TESTE,100239.5025474511,125,,,,GOLDM,UBS,,,
2026-03-21T13:26:28.347Z,market,trade,TESTE,100229.61696608803,90,,,,BARCL,XP,,,
2026-03-21T13:26:28.507Z,market,trade,TESTE,100240.75462080364,61,,,,XP,ITAU,,,
2026-03-21T13:26:28.667Z,market,trade,TESTE,100239.92798237121,99,,,,JPM,JPM,,,
2026-03-21T13:26:28.826Z,market,trade,TESTE,100232.01850998009,174,,,,JPM,JPM,,,
2026-03-21T13:26:28.986Z,market,trade,TESTE,100234.33798731011,50,,,,BARCL,GOLDM,,,
2026-03-21T13:26:29.146Z,market,trade,TESTE,100249.16442615398,124,,,,CS,BARCL,,,
2026-03-21T13:26:29.306Z,market,trade,TESTE,100251.36532632119,114,,,,BTG,JPM,,,
2026-03-21T13:26:29.465Z,market,trade,TESTE,100252.74224427775,55,,,,CS,XP,,,
2026-03-21T13:26:29.626Z,market,trade,TESTE,100248.42344885801,118,,,,BTG,BARCL,,,
2026-03-21T13:26:29.786Z,market,trade,TESTE,100235.97032207942,81,,,,GOLDM,BARCL,,,
2026-03-21T13:26:29.945Z,market,trade,TESTE,100243.51552921532,92,,,,ITAU,GOLDM,,,
2026-03-21T13:26:30.106Z,market,trade,TESTE,100241.45421058929,39,,,,ITAU,MS,,,
2026-03-21T13:26:30.265Z,market,trade,TESTE,100233.89260951336,130,,,,CITI,BTG,,,
2026-03-21T13:26:30.427Z,market,trade,TESTE,100230.42926637417,138,,,,MS,GOLDM,,,
2026-03-21T13:26:30.586Z,market,trade,TESTE,100243.83456576444,132,,,,UBS,CITI,,,
2026-03-21T13:26:30.745Z,market,trade,TESTE,100247.88635585834,7,,,,JPM,UBS,,,
2026-03-21T13:26:30.907Z,market,trade,TESTE,100239.92468687131,64,,,,BARCL,ITAU,,,
2026-03-21T13:26:31.066Z,market,trade,TESTE,100243.68344770365,182,,,,BARCL,BTG,,,
2026-03-21T13:26:31.226Z,market,trade,TESTE,100245.69865942342,71,,,,CS,XP,,,
2026-03-21T13:26:31.386Z,market,trade,TESTE,100253.82337617365,160,,,,BTG,CS,,,
2026-03-21T13:26:31.546Z,market,trade,TESTE,100251.30632503984,74,,,,BARCL,BARCL,,,
2026-03-21T13:26:31.706Z,market,trade,TESTE,100256.17014649734,127,,,,GOLDM,MS,,,
2026-03-21T13:26:31.873Z,market,trade,TESTE,100249.93696582716,167,,,,CS,XP,,,
2026-03-21T13:26:32.026Z,market,trade,TESTE,100262.70333261583,84,,,,JPM,CITI,,,
2026-03-21T13:26:32.186Z,market,trade,TESTE,100253.57152883186,139,,,,CITI,XP,,,
2026-03-21T13:26:32.346Z,market,trade,TESTE,100257.10093944617,41,,,,XP,CITI,,,
2026-03-21T13:26:32.506Z,market,trade,TESTE,100264.80660142573,134,,,,BTG,MS,,,
2026-03-21T13:26:32.666Z,market,trade,TESTE,100256.03168046319,57,,,,MS,CS,,,
2026-03-21T13:26:32.820Z,market,trade,TESTE,100255.97355745413,168,,,,XP,BARCL,,,
2026-03-21T13:26:32.986Z,market,trade,TESTE,100270.39272188708,56,,,,CS,XP,,,
2026-03-21T13:26:33.146Z,market,trade,TESTE,100256.05972126387,44,,,,XP,CS,,,
2026-03-21T13:26:33.306Z,market,trade,TESTE,100254.9905956856,14,,,,UBS,GOLDM,,,
2026-03-21T13:26:33.466Z,market,trade,TESTE,100255.86326810038,117,,,,BTG,ITAU,,,
2026-03-21T13:26:33.626Z,market,trade,TESTE,100259.13501296806,56,,,,CS,BTG,,,
2026-03-21T13:26:33.788Z,market,trade,TESTE,100268.79214615701,142,,,,XP,CITI,,,
2026-03-21T13:26:33.946Z,market,trade,TESTE,100268.19856386664,120,,,,XP,GOLDM,,,
2026-03-21T13:26:34.106Z,market,trade,TESTE,100269.67688147209,156,,,,ITAU,CS,,,
2026-03-21T13:26:34.270Z,market,trade,TESTE,100266.29527525316,43,,,,BARCL,BTG,,,
2026-03-21T13:26:34.426Z,market,trade,TESTE,100263.12690504106,167,,,,GOLDM,BTG,,,
2026-03-21T13:26:34.579Z,market,trade,TESTE,100267.93341634702,192,,,,JPM,MS,,,
2026-03-21T13:26:34.733Z,market,trade,TESTE,100263.88962134704,19,,,,CS,BARCL,,,
2026-03-21T13:26:34.888Z,market,trade,TESTE,100265.05265164333,160,,,,UBS,MS,,,
2026-03-21T13:26:35.044Z,market,trade,TESTE,100266.8510592312,47,,,,BTG,BTG,,,
2026-03-21T13:26:35.201Z,market,trade,TESTE,100262.89559604689,192,,,,MS,XP,,,
2026-03-21T13:26:35.359Z,market,trade,TESTE,100264.9782145509,67,,,,MS,UBS,,,
2026-03-21T13:26:35.514Z,market,trade,TESTE,100265.20939567446,10,,,,GOLDM,BTG,,,
2026-03-21T13:26:35.670Z,market,trade,TESTE,100262.4147034579,38,,,,XP,CS,,,
2026-03-21T13:26:35.826Z,market,trade,TESTE,100258.74250529858,161,,,,ITAU,CS,,,
2026-03-21T13:26:35.987Z,market,trade,TESTE,100246.61611179265,122,,,,CS,XP,,,
2026-03-21T13:26:36.146Z,market,trade,TESTE,100256.43044953406,172,,,,GOLDM,UBS,,,
2026-03-21T13:26:36.307Z,market,trade,TESTE,100254.50502800087,163,,,,ITAU,UBS,,,
2026-03-21T13:26:36.466Z,market,trade,TESTE,100253.60461657998,175,,,,MS,BTG,,,
2026-03-21T13:26:36.626Z,market,trade,TESTE,100256.6184208938,144,,,,JPM,XP,,,
2026-03-21T13:26:36.786Z,market,trade,TESTE,100246.95317227666,26,,,,GOLDM,ITAU,,,
2026-03-21T13:26:36.946Z,market,trade,TESTE,100261.64517506478,195,,,,CS,XP,,,
2026-03-21T13:26:37.107Z,market,trade,TESTE,100253.73551398597,126,,,,ITAU,ITAU,,,
2026-03-21T13:26:37.266Z,market,trade,TESTE,100254.91948028575,56,,,,CITI,ITAU,,,
2026-03-21T13:26:37.428Z,market,trade,TESTE,100265.23243839953,187,,,,JPM,BTG,,,
2026-03-21T13:26:37.587Z,market,trade,TESTE,100255.63806315737,198,,,,CS,BARCL,,,
2026-03-21T13:26:37.746Z,market,trade,TESTE,100267.91232957509,76,,,,CS,GOLDM,,,
2026-03-21T13:26:37.906Z,market,trade,TESTE,100255.35774439819,62,,,,BARCL,XP,,,
2026-03-21T13:26:38.066Z,market,trade,TESTE,100258.12990100615,21,,,,JPM,XP,,,
2026-03-21T13:26:38.226Z,market,trade,TESTE,100260.89165026194,95,,,,BARCL,BARCL,,,
2026-03-21T13:26:38.387Z,market,trade,TESTE,100267.60405334654,21,,,,UBS,UBS,,,
2026-03-21T13:26:38.546Z,market,trade,TESTE,100267.1315711326,148,,,,GOLDM,MS,,,
2026-03-21T13:26:38.699Z,market,trade,TESTE,100264.03897410978,96,,,,GOLDM,CS,,,
2026-03-21T13:26:38.851Z,market,trade,TESTE,100257.35656587398,174,,,,ITAU,CITI,,,
2026-03-21T13:26:39.006Z,market,trade,TESTE,100260.73748985669,49,,,,BARCL,XP,,,
2026-03-21T13:26:39.157Z,market,trade,TESTE,100258.85503410015,52,,,,XP,BARCL,,,
2026-03-21T13:26:39.322Z,market,trade,TESTE,100271.45300652119,82,,,,BTG,BTG,,,
2026-03-21T13:26:39.482Z,market,trade,TESTE,100267.94614401311,167,,,,MS,CS,,,
2026-03-21T13:26:39.646Z,market,trade,TESTE,100254.0694580432,50,,,,MS,MS,,,
2026-03-21T13:26:39.802Z,market,trade,TESTE,100255.84030950542,107,,,,CS,GOLDM,,,
2026-03-21T13:26:39.961Z,market,trade,TESTE,100269.70796991696,184,,,,GOLDM,GOLDM,,,
2026-03-21T13:26:40.118Z,market,trade,TESTE,100270.76804468494,15,,,,GOLDM,UBS,,,
2026-03-21T13:26:40.274Z,market,trade,TESTE,100270.65651521848,23,,,,BARCL,JPM,,,
2026-03-21T13:26:40.430Z,market,trade,TESTE,100258.61657945553,51,,,,JPM,MS,,,
2026-03-21T13:26:40.584Z,market,trade,TESTE,100261.90034985362,111,,,,GOLDM,GOLDM,,,
2026-03-21T13:26:40.741Z,market,trade,TESTE,100274.90145323203,144,,,,CITI,MS,,,
2026-03-21T13:26:40.895Z,market,trade,TESTE,100274.10088686543,160,,,,MS,ITAU,,,
2026-03-21T13:26:41.050Z,market,trade,TESTE,100274.7766431066,12,,,,ITAU,BTG,,,
2026-03-21T13:26:41.206Z,market,trade,TESTE,100267.48506609147,113,,,,UBS,JPM,,,
2026-03-21T13:26:41.364Z,market,trade,TESTE,100277.54070740128,167,,,,BARCL,UBS,,,
2026-03-21T13:26:41.521Z,market,trade,TESTE,100280.56374820597,187,,,,JPM,CITI,,,
2026-03-21T13:26:41.676Z,market,trade,TESTE,100284.95827686018,115,,,,UBS,CS,,,
2026-03-21T13:26:41.833Z,market,trade,TESTE,100280.05029939323,69,,,,CS,XP,,,
2026-03-21T13:26:41.988Z,market,trade,TESTE,100277.10898931323,8,,,,XP,CITI,,,
2026-03-21T13:26:42.142Z,market,trade,TESTE,100267.91815918672,133,,,,BARCL,ITAU,,,
2026-03-21T13:26:42.298Z,market,trade,TESTE,100264.84385434414,34,,,,UBS,BTG,,,
2026-03-21T13:26:42.451Z,market,trade,TESTE,100261.29617930563,69,,,,JPM,BARCL,,,
2026-03-21T13:26:42.602Z,market,trade,TESTE,100256.31078810494,28,,,,BARCL,UBS,,,
2026-03-21T13:26:42.756Z,market,trade,TESTE,100255.66786320366,149,,,,GOLDM,XP,,,
2026-03-21T13:26:42.921Z,market,trade,TESTE,100253.7156922331,81,,,,UBS,CS,,,
2026-03-21T13:26:43.078Z,market,trade,TESTE,100263.68114513495,190,,,,CITI,UBS,,,
2026-03-21T13:26:43.237Z,market,trade,TESTE,100251.29471724892,146,,,,BARCL,UBS,,,
2026-03-21T13:26:43.393Z,market,trade,TESTE,100260.82327263523,31,,,,XP,GOLDM,,,
2026-03-21T13:26:43.547Z,market,trade,TESTE,100259.16273248129,55,,,,JPM,GOLDM,,,
2026-03-21T13:26:43.706Z,market,trade,TESTE,100248.84352556082,148,,,,MS,UBS,,,
2026-03-21T13:26:43.866Z,market,trade,TESTE,100257.92510473874,55,,,,BARCL,BARCL,,,
2026-03-21T13:26:44.026Z,market,trade,TESTE,100246.14776109906,108,,,,CS,BARCL,,,
2026-03-21T13:26:44.185Z,market,trade,TESTE,100252.9573597456,135,,,,UBS,CITI,,,
2026-03-21T13:26:44.339Z,market,trade,TESTE,100248.80871655184,174,,,,MS,XP,,,
2026-03-21T13:26:44.501Z,market,trade,TESTE,100244.20553525697,178,,,,CS,ITAU,,,
2026-03-21T13:26:44.666Z,market,trade,TESTE,100234.31542958225,93,,,,BARCL,MS,,,
2026-03-21T13:26:44.826Z,market,trade,TESTE,100242.07729578679,73,,,,MS,CITI,,,
2026-03-21T13:26:44.987Z,market,trade,TESTE,100227.75839204017,107,,,,ITAU,BTG,,,
2026-03-21T13:26:45.147Z,market,trade,TESTE,100225.4183500808,60,,,,BTG,CITI,,,
2026-03-21T13:26:45.306Z,market,trade,TESTE,100237.0210486921,195,,,,CS,CITI,,,
2026-03-21T13:26:45.466Z,market,trade,TESTE,100235.69695119544,49,,,,MS,CS,,,
2026-03-21T13:26:45.628Z,market,trade,TESTE,100224.47999216567,25,,,,GOLDM,CS,,,
2026-03-21T13:26:45.787Z,market,trade,TESTE,100235.17304144571,76,,,,BARCL,GOLDM,,,
2026-03-21T13:26:45.946Z,market,trade,TESTE,100237.0263941931,193,,,,BARCL,BARCL,,,
2026-03-21T13:26:46.107Z,market,trade,TESTE,100227.37264239349,86,,,,ITAU,JPM,,,
2026-03-21T13:26:46.266Z,market,trade,TESTE,100232.98720111109,32,,,,JPM,GOLDM,,,
2026-03-21T13:26:46.425Z,market,trade,TESTE,100223.07967149888,193,,,,UBS,CITI,,,
2026-03-21T13:26:46.585Z,market,trade,TESTE,100228.46043235445,127,,,,MS,CS,,,
2026-03-21T13:26:46.745Z,market,trade,TESTE,100224.60882308702,150,,,,BARCL,BARCL,,,
2026-03-21T13:26:46.906Z,market,trade,TESTE,100210.08313962784,126,,,,MS,ITAU,,,
2026-03-21T13:26:47.066Z,market,trade,TESTE,100207.93501264277,149,,,,JPM,JPM,,,
2026-03-21T13:26:47.226Z,market,trade,TESTE,100216.29408249607,36,,,,MS,ITAU,,,
2026-03-21T13:26:47.386Z,market,trade,TESTE,100219.69549455904,156,,,,ITAU,JPM,,,
2026-03-21T13:26:47.542Z,market,trade,TESTE,100216.01774808712,126,,,,ITAU,XP,,,
2026-03-21T13:26:47.702Z,market,trade,TESTE,100201.72699520038,10,,,,CITI,BTG,,,
2026-03-21T13:26:47.866Z,market,trade,TESTE,100197.73974966281,108,,,,ITAU,JPM,,,
2026-03-21T13:26:48.026Z,market,trade,TESTE,100211.23668573689,67,,,,CITI,XP,,,
2026-03-21T13:26:48.187Z,market,trade,TESTE,100200.50115630188,190,,,,XP,CS,,,
2026-03-21T13:26:48.346Z,market,trade,TESTE,100205.10697096669,67,,,,BARCL,ITAU,,,
2026-03-21T13:26:48.506Z,market,trade,TESTE,100214.98481744018,111,,,,UBS,BTG,,,
2026-03-21T13:26:48.666Z,market,trade,TESTE,100219.64384616795,11,,,,ITAU,ITAU,,,
2026-03-21T13:26:48.826Z,market,trade,TESTE,100216.89082161924,179,,,,UBS,GOLDM,,,
2026-03-21T13:26:48.986Z,market,trade,TESTE,100209.28494188013,19,,,,CITI,MS,,,
2026-03-21T13:26:49.146Z,market,trade,TESTE,100220.68470693377,160,,,,JPM,ITAU,,,
2026-03-21T13:26:49.306Z,market,trade,TESTE,100216.3632561071,191,,,,ITAU,UBS,,,
2026-03-21T13:26:49.466Z,market,trade,TESTE,100208.96472568017,84,,,,JPM,ITAU,,,
2026-03-21T13:26:49.626Z,market,trade,TESTE,100220.65498307059,182,,,,UBS,GOLDM,,,
2026-03-21T13:26:49.786Z,market,trade,TESTE,100224.07736117826,190,,,,BTG,GOLDM,,,
2026-03-21T13:26:49.946Z,market,trade,TESTE,100220.95257183636,35,,,,BTG,BARCL,,,
2026-03-21T13:26:50.102Z,market,trade,TESTE,100211.16395827557,78,,,,UBS,UBS,,,
2026-03-21T13:26:50.266Z,market,trade,TESTE,100213.80832081601,114,,,,ITAU,JPM,,,
2026-03-21T13:26:50.426Z,market,trade,TESTE,100227.16162743195,101,,,,MS,JPM,,,
2026-03-21T13:26:50.587Z,market,trade,TESTE,100232.0080114327,48,,,,MS,UBS,,,
2026-03-21T13:26:50.747Z,market,trade,TESTE,100225.70581869586,66,,,,BTG,XP,,,
2026-03-21T13:26:50.906Z,market,trade,TESTE,100227.40875235885,18,,,,MS,JPM,,,
2026-03-21T13:26:51.065Z,market,trade,TESTE,100230.24876950153,93,,,,MS,JPM,,,
2026-03-21T13:26:51.225Z,market,trade,TESTE,100225.87935395757,89,,,,CS,ITAU,,,
2026-03-21T13:26:51.385Z,market,trade,TESTE,100236.03781105694,155,,,,BARCL,JPM,,,
2026-03-21T13:26:51.546Z,market,trade,TESTE,100236.13913425854,12,,,,JPM,XP,,,
2026-03-21T13:26:51.706Z,market,trade,TESTE,100229.01412524059,100,,,,CITI,GOLDM,,,
2026-03-21T13:26:51.867Z,market,trade,TESTE,100239.71951517095,81,,,,XP,MS,,,
2026-03-21T13:26:52.026Z,market,trade,TESTE,100233.09879064193,147,,,,BARCL,ITAU,,,
2026-03-21T13:26:52.186Z,market,trade,TESTE,100234.15309613131,101,,,,ITAU,BARCL,,,
2026-03-21T13:26:52.346Z,market,trade,TESTE,100248.94607547122,62,,,,JPM,CITI,,,
2026-03-21T13:26:52.507Z,market,trade,TESTE,100234.62154862862,143,,,,ITAU,UBS,,,
2026-03-21T13:26:52.666Z,market,trade,TESTE,100233.8779920052,198,,,,ITAU,JPM,,,
2026-03-21T13:26:52.821Z,market,trade,TESTE,100247.507928735,113,,,,CITI,MS,,,
2026-03-21T13:26:52.986Z,market,trade,TESTE,100245.6687625393,139,,,,CITI,MS,,,
2026-03-21T13:26:53.146Z,market,trade,TESTE,100247.65819173296,199,,,,MS,CS,,,
2026-03-21T13:26:53.306Z,market,trade,TESTE,100243.53572651312,50,,,,GOLDM,BTG,,,
2026-03-21T13:26:53.466Z,market,trade,TESTE,100229.71722405929,130,,,,JPM,BTG,,,
2026-03-21T13:26:53.626Z,market,trade,TESTE,100238.31565891013,68,,,,GOLDM,BARCL,,,
2026-03-21T13:26:53.787Z,market,trade,TESTE,100227.85917324095,68,,,,BTG,CITI,,,
2026-03-21T13:26:53.946Z,market,trade,TESTE,100226.64477442142,82,,,,GOLDM,MS,,,
2026-03-21T13:26:54.107Z,market,trade,TESTE,100228.0387669794,110,,,,UBS,JPM,,,
2026-03-21T13:26:54.267Z,market,trade,TESTE,100223.95315588021,161,,,,UBS,CITI,,,
2026-03-21T13:26:54.426Z,market,trade,TESTE,100236.21936049881,101,,,,UBS,XP,,,
2026-03-21T13:26:54.587Z,market,trade,TESTE,100226.37670857055,27,,,,MS,CITI,,,
2026-03-21T13:26:54.746Z,market,trade,TESTE,100229.101610988,56,,,,BARCL,UBS,,,
2026-03-21T13:26:54.906Z,market,trade,TESTE,100242.07756984195,79,,,,ITAU,JPM,,,
2026-03-21T13:26:55.066Z,market,trade,TESTE,100230.91838307951,20,,,,JPM,MS,,,
2026-03-21T13:26:55.227Z,market,trade,TESTE,100227.73476003048,120,,,,CS,GOLDM,,,
2026-03-21T13:26:55.387Z,market,trade,TESTE,100226.91355776218,94,,,,ITAU,MS,,,
2026-03-21T13:26:55.546Z,market,trade,TESTE,100230.33593968205,31,,,,ITAU,UBS,,,
2026-03-21T13:26:55.708Z,market,trade,TESTE,100240.36548597104,194,,,,ITAU,MS,,,
2026-03-21T13:26:55.866Z,market,trade,TESTE,100241.79716401268,117,,,,GOLDM,UBS,,,
2026-03-21T13:26:56.026Z,market,trade,TESTE,100227.79099686885,111,,,,CS,BARCL,,,
2026-03-21T13:26:56.187Z,market,trade,TESTE,100229.15491222277,31,,,,UBS,BTG,,,
2026-03-21T13:26:56.350Z,market,trade,TESTE,100236.2778532378,61,,,,UBS,CITI,,,
2026-03-21T13:26:56.501Z,market,trade,TESTE,100238.05273629038,18,,,,MS,JPM,,,
2026-03-21T13:26:56.667Z,market,trade,TESTE,100224.92860949767,22,,,,GOLDM,CITI,,,
2026-03-21T13:26:56.830Z,market,trade,TESTE,100236.90416585027,172,,,,XP,UBS,,,
2026-03-21T13:26:56.985Z,market,trade,TESTE,100222.46509080562,79,,,,XP,BTG,,,
2026-03-21T13:26:57.142Z,market,trade,TESTE,100233.80793192434,189,,,,BARCL,UBS,,,
2026-03-21T13:26:57.296Z,market,trade,TESTE,100219.37838419084,108,,,,GOLDM,GOLDM,,,
2026-03-21T13:26:57.454Z,market,trade,TESTE,100232.06035842575,103,,,,XP,ITAU,,,
2026-03-21T13:26:57.610Z,market,trade,TESTE,100221.54971164011,121,,,,JPM,CS,,,
2026-03-21T13:26:57.766Z,market,trade,TESTE,100231.53657605952,66,,,,CS,GOLDM,,,
2026-03-21T13:26:57.922Z,market,trade,TESTE,100223.50874386432,18,,,,CITI,MS,,,
2026-03-21T13:26:58.077Z,market,trade,TESTE,100231.9141105655,184,,,,MS,CS,,,
2026-03-21T13:26:58.232Z,market,trade,TESTE,100219.38578598677,124,,,,JPM,CITI,,,
2026-03-21T13:26:58.392Z,market,trade,TESTE,100227.62413967666,47,,,,BARCL,CITI,,,
2026-03-21T13:26:58.546Z,market,trade,TESTE,100215.26680223951,101,,,,BARCL,CS,,,
2026-03-21T13:26:58.706Z,market,trade,TESTE,100220.90460221404,147,,,,XP,GOLDM,,,
2026-03-21T13:26:58.866Z,market,trade,TESTE,100224.03893780784,60,,,,ITAU,UBS,,,
2026-03-21T19:01:34.785Z,market,trade,TESTE,99993.67438785313,79,,,,BTG,ITAU,,,
2026-03-21T19:01:34.939Z,market,trade,TESTE,99992.94671226597,96,,,,ITAU,ITAU,,,
2026-03-21T19:01:35.096Z,market,trade,TESTE,100001.46190280309,158,,,,CITI,BARCL,,,
2026-03-21T19:01:35.257Z,market,trade,TESTE,100004.20592251919,45,,,,JPM,MS,,,
2026-03-21T19:01:35.408Z,market,trade,TESTE,100008.38440233032,175,,,,BARCL,GOLDM,,,
2026-03-21T19:01:35.571Z,market,trade,TESTE,99995.40172969224,81,,,,CITI,BARCL,,,
2026-03-21T19:01:35.722Z,market,flow_inversion,,,,,,,,,0,148,UBS
2026-03-21T19:01:35.722Z,market,trade,TESTE,100000.71878447419,148,,,,UBS,CS,,,
2026-03-21T19:01:35.888Z,market,trade,TESTE,100001.88459470101,175,,,,BARCL,GOLDM,,,
2026-03-21T19:01:36.053Z,market,trade,TESTE,99998.28815289066,125,,,,BARCL,CITI,,,
2026-03-21T19:01:36.207Z,market,trade,TESTE,99988.10334401784,147,,,,ITAU,JPM,,,
2026-03-21T19:01:36.370Z,market,flow_inversion,,,,,,,,,0,132,BTG
2026-03-21T19:01:36.370Z,market,trade,TESTE,100001.68105562206,132,,,,BTG,CS,,,
2026-03-21T19:01:36.547Z,market,trade,WINFUT,180250.0,29,,,,XP Investimentos CCTVM S/A,J. P. MORGAN CCVM S.A.,,,
2026-03-21T19:05:11.633Z,market,trade,TESTE,100007.30181536647,178,,,,MS,CS,,,
2026-03-21T19:05:11.784Z,market,trade,TESTE,99993.09234546819,48,,,,JPM,BARCL,,,
2026-03-21T19:05:11.938Z,market,flow_inversion,,,,,,,,,0,60,UBS
2026-03-21T19:05:11.938Z,market,trade,TESTE,99992.87864946622,60,,,,UBS,CITI,,,
2026-03-21T19:05:12.104Z,market,trade,TESTE,100006.36516116592,151,,,,UBS,ITAU,,,
2026-03-21T19:05:12.254Z,market,flow_inversion,,,,,,,,,0,143,BTG
2026-03-21T19:05:12.254Z,market,trade,TESTE,99997.38594598034,143,,,,BTG,GOLDM,,,
2026-03-21T19:05:12.416Z,market,trade,TESTE,99997.48446822897,179,,,,CS,XP,,,
2026-03-21T19:05:12.577Z,market,trade,TESTE,100004.00906388194,108,,,,UBS,GOLDM,,,
2026-03-21T19:05:12.736Z,market,trade,TESTE,100002.84338168672,73,,,,UBS,CS,,,
2026-03-21T19:05:12.887Z,market,trade,TESTE,99995.29411460456,132,,,,MS,CITI,,,
2026-03-21T19:05:13.050Z,market,trade,TESTE,100005.69620474313,121,,,,CITI,XP,,,
2026-03-21T19:05:13.203Z,market,trade,TESTE,99993.12495323093,100,,,,BARCL,GOLDM,,,
2026-03-21T19:05:13.371Z,market,trade,TESTE,99999.8511608856,38,,,,MS,ITAU,,,
2026-03-21T19:05:13.534Z,market,trade,TESTE,99987.44965440159,149,,,,BARCL,CS,,,
2026-03-21T19:05:13.694Z,market,trade,TESTE,100000.28519228077,51,,,,BARCL,XP,,,
2026-03-21T19:05:13.850Z,market,trade,TESTE,99994.03033363327,9,,,,JPM,UBS,,,
2026-03-21T19:05:14.006Z,market,trade,TESTE,99999.66618915128,135,,,,BARCL,CITI,,,
2026-03-21T19:05:14.167Z,market,trade,TESTE,99986.08627348357,136,,,,UBS,GOLDM,,,
2026-03-21T19:05:14.321Z,market,flow_inversion,,,,,,,,,143,-34,BTG
2026-03-21T19:05:14.321Z,market,trade,TESTE,99989.2100955927,177,,,,ITAU,BTG,,,
2026-03-21T19:05:14.484Z,market,trade,TESTE,99994.89277271648,199,,,,CS,JPM,,,
2026-03-21T19:05:14.636Z,market,trade,TESTE,99999.0452020947,17,,,,MS,MS,,,
2026-03-21T19:05:14.786Z,market,trade,TESTE,99992.53351922357,167,,,,ITAU,CS,,,
2026-03-21T19:05:14.943Z,market,trade,TESTE,100000.07288739944,165,,,,ITAU,BARCL,,,
2026-03-21T19:05:15.095Z,market,trade,TESTE,100001.06611616905,181,,,,MS,BTG,,,
2026-03-21T19:05:15.246Z,market,trade,TESTE,100000.96415048189,90,,,,GOLDM,UBS,,,
2026-03-21T19:05:15.397Z,market,trade,TESTE,99986.36386470372,111,,,,CITI,UBS,,,
2026-03-21T19:05:15.553Z,market,trade,TESTE,99995.47619286452,138,,,,JPM,MS,,,
2026-03-21T19:05:15.705Z,market,trade,TESTE,99993.88015772875,73,,,,MS,BTG,,,
2026-03-21T19:05:15.870Z,market,flow_inversion,,,,,,,,,-34,97,BTG
2026-03-21T19:05:15.870Z,market,trade,TESTE,99990.86422818906,131,,,,BTG,BARCL,,,
2026-03-21T19:05:16.020Z,market,trade,TESTE,99976.36807802736,87,,,,CS,CS,,,
2026-03-21T19:05:16.172Z,market,trade,TESTE,99973.57660352795,137,,,,BARCL,MS,,,
2026-03-21T19:05:16.329Z,market,trade,TESTE,99983.1208336388,99,,,,JPM,UBS,,,
2026-03-21T19:05:16.488Z,market,trade,TESTE,99979.54321657044,128,,,,XP,JPM,,,
2026-03-21T19:05:16.653Z,market,trade,TESTE,99969.88333556724,83,,,,XP,JPM,,,
2026-03-21T19:05:16.803Z,market,trade,TESTE,99974.99934520217,85,,,,CITI,CITI,,,
2026-03-21T19:05:16.968Z,market,trade,TESTE,99972.18155865232,119,,,,CS,BTG,,,
2026-03-21T19:05:17.120Z,market,flow_inversion,,,,,,,,,-146,21,GOLDM
2026-03-21T19:05:17.120Z,market,trade,TESTE,99976.10536232463,167,,,,GOLDM,MS,,,
2026-03-21T19:05:17.285Z,market,trade,TESTE,99980.80619421935,185,,,,JPM,MS,,,
2026-03-21T19:05:17.438Z,market,trade,TESTE,99983.41224856056,70,,,,CITI,CS,,,
2026-03-21T19:05:17.602Z,market,trade,TESTE,99978.38470610406,99,,,,JPM,ITAU,,,
2026-03-21T19:05:17.767Z,market,trade,TESTE,99991.59773316416,158,,,,MS,BTG,,,
2026-03-21T19:05:17.767Z,alert,,TESTE,99991.59773316416,,,3,Acúmulo Institucional Abaixo da VWAP,,,,,
2026-03-21T19:05:17.918Z,market,trade,TESTE,99991.04062906351,68,,,,CS,CS,,,
2026-03-21T19:05:18.070Z,market,trade,TESTE,99992.91198905914,109,,,,CITI,CS,,,
2026-03-21T19:05:18.221Z,market,trade,TESTE,99989.5713938884,77,,,,GOLDM,CITI,,,
2026-03-21T19:05:18.385Z,market,trade,TESTE,99993.53216277117,41,,,,BTG,BTG,,,
2026-03-21T19:05:18.554Z,market,trade,TESTE,99981.7911921627,137,,,,MS,BARCL,,,
2026-03-21T19:05:18.720Z,market,trade,TESTE,99996.28553688223,87,,,,MS,BTG,,,
2026-03-21T19:05:18.720Z,alert,,TESTE,99996.28553688223,,,3,Acúmulo Institucional Abaixo da VWAP,,,,,
2026-03-21T19:05:18.888Z,market,trade,TESTE,99985.40006349202,144,,,,UBS,CS,,,
2026-03-21T19:05:18.888Z,alert,,TESTE,99985.40006349202,,,3,Acúmulo Institucional Abaixo da VWAP,,,,,
2026-03-21T19:05:19.053Z,market,trade,TESTE,99998.60030565837,34,,,,UBS,UBS,,,
2026-03-21T19:05:19.205Z,market,trade,TESTE,100002.2960500103,32,,,,BTG,MS,,,
2026-03-21T19:05:19.371Z,market,trade,TESTE,100005.524116738,94,,,,BTG,GOLDM,,,
2026-03-21T19:05:19.521Z,market,trade,TESTE,99991.83352016126,83,,,,ITAU,XP,,,
2026-03-21T19:05:19.682Z,market,trade,TESTE,99992.70653511384,59,,,,XP,JPM,,,
2026-03-21T19:05:19.838Z,market,trade,TESTE,99996.76701596769,18,,,,BARCL,UBS,,,
2026-03-21T19:05:20.003Z,market,trade,TESTE,99995.33443112424,50,,,,CITI,CITI,,,
2026-03-21T19:05:20.168Z,market,trade,TESTE,99993.50588443357,56,,,,CS,CS,,,
2026-03-21T19:05:20.168Z,alert,,TESTE,99993.50588443357,,,3,Acúmulo Institucional Abaixo da VWAP,,,,,
2026-03-21T19:05:20.321Z,market,trade,TESTE,99992.4160033259,176,,,,XP,UBS,,,
2026-03-21T19:05:20.471Z,market,trade,TESTE,99988.45005419679,85,,,,CS,BARCL,,,
2026-03-21T19:05:20.629Z,market,trade,TESTE,99990.50420374774,108,,,,MS,GOLDM,,,
2026-03-21T19:05:20.783Z,market,trade,TESTE,99990.84709389723,125,,,,ITAU,CS,,,
2026-03-21T19:05:20.784Z,alert,,TESTE,99990.84709389723,,,3,Acúmulo Institucional Abaixo da VWAP,,,,,
2026-03-21T19:05:20.936Z,market,trade,TESTE,99993.17167089238,183,,,,CS,XP,,,
2026-03-21T19:05:21.097Z,market,trade,TESTE,100000.38298632561,47,,,,XP,BARCL,,,
2026-03-21T19:05:21.250Z,market,trade,TESTE,100001.74798860424,195,,,,XP,UBS,,,
2026-03-21T19:05:21.404Z,market,trade,TESTE,100003.16364996422,188,,,,GOLDM,BARCL,,,
2026-03-21T19:05:21.404Z,alert,,TESTE,100003.16364996422,,,3,Acúmulo Institucional Abaixo da VWAP,,,,,
2026-03-21T19:05:21.567Z,market,trade,TESTE,100006.64378128428,87,,,,JPM,CITI,,,
2026-03-21T19:05:21.567Z,alert,,TESTE,100006.64378128428,,,3,Acúmulo Institucional Abaixo da VWAP,,,,,
2026-03-21T19:05:21.720Z,market,trade,TESTE,100003.2629185248,155,,,,ITAU,MS,,,
2026-03-21T19:05:21.883Z,market,trade,TESTE,100003.49954626315,189,,,,CS,BTG,,,
2026-03-21T19:05:21.883Z,alert,,TESTE,100003.49954626315,,,3,Acúmulo Institucional Abaixo da VWAP,,,,,
2026-03-21T19:05:22.038Z,market,trade,TESTE,100000.1021560064,184,,,,BTG,UBS,,,
2026-03-21T19:05:22.188Z,market,trade,TESTE,99999.88860053376,33,,,,CS,MS,,,
2026-03-21T19:05:22.188Z,alert,,TESTE,99999.88860053376,,,3,Acúmulo Institucional Abaixo da VWAP,,,,,
2026-03-21T19:05:22.355Z,market,trade,TESTE,99985.97394467451,93,,,,BARCL,BARCL,,,
2026-03-21T19:05:22.514Z,market,trade,TESTE,99985.7282837822,70,,,,MS,CITI,,,
2026-03-21T19:05:22.671Z,market,trade,TESTE,99989.78153226415,95,,,,CITI,UBS,,,
2026-03-21T19:05:22.834Z,market,trade,TESTE,100000.97548570368,32,,,,CITI,CS,,,
2026-03-21T19:05:22.985Z,market,trade,TESTE,99994.69881942852,109,,,,CS,CITI,,,
2026-03-21T19:05:23.138Z,market,trade,TESTE,99991.96582777052,50,,,,CS,CS,,,
2026-03-21T19:05:23.138Z,alert,,TESTE,99991.96582777052,,,3,Acúmulo Institucional Abaixo da VWAP,,,,,
2026-03-21T19:05:23.302Z,market,trade,TESTE,99999.98893498725,172,,,,JPM,BTG,,,
2026-03-21T19:05:23.302Z,alert,,TESTE,99999.98893498725,,,3,Acúmulo Institucional Abaixo da VWAP,,,,,
2026-03-21T19:05:23.454Z,market,trade,TESTE,100002.2992343796,81,,,,BARCL,XP,,,
2026-03-21T19:05:23.618Z,market,trade,TESTE,99990.89366422883,147,,,,CS,BARCL,,,
2026-03-21T19:05:23.618Z,alert,,TESTE,99990.89366422883,,,3,Acúmulo Institucional Abaixo da VWAP,,,,,
2026-03-21T19:05:23.784Z,market,trade,TESTE,99992.13397036941,105,,,,CITI,ITAU,,,
2026-03-21T19:05:23.956Z,market,trade,TESTE,100001.7164493485,95,,,,BTG,ITAU,,,
2026-03-21T19:05:23.956Z,alert,,TESTE,100001.7164493485,,,3,Acúmulo Institucional Abaixo da VWAP,,,,,
2026-03-21T19:05:24.117Z,market,trade,TESTE,100002.54720548903,115,,,,MS,JPM,,,
2026-03-21T19:05:24.117Z,alert,,TESTE,100002.54720548903,,,3,Acúmulo Institucional Abaixo da VWAP,,,,,
2026-03-21T19:05:24.270Z,market,trade,TESTE,99993.8252624285,55,,,,MS,BTG,,,
2026-03-21T19:05:24.421Z,market,trade,TESTE,99990.87031182778,155,,,,BARCL,BTG,,,
2026-03-21T19:05:24.583Z,market,trade,TESTE,100000.80409475097,68,,,,MS,ITAU,,,
2026-03-21T19:05:24.583Z,alert,,TESTE,100000.80409475097,,,3,Acúmulo Institucional Abaixo da VWAP,,,,,
2026-03-21T19:05:24.738Z,market,trade,TESTE,99992.51006420775,197,,,,CS,JPM,,,
2026-03-21T19:05:24.901Z,market,trade,TESTE,99999.42519902687,42,,,,CITI,JPM,,,
2026-03-21T19:05:25.055Z,market,trade,TESTE,99984.58763834111,179,,,,XP,UBS,,,
2026-03-21T19:05:25.055Z,alert,,TESTE,99984.58763834111,,,3,Acúmulo Institucional Abaixo da VWAP,,,,,
2026-03-21T19:05:25.211Z,market,trade,TESTE,99993.97323151796,44,,,,BTG,JPM,,,
2026-03-21T19:05:25.211Z,alert,,TESTE,99993.97323151796,,,3,Acúmulo Institucional Abaixo da VWAP,,,,,
2026-03-21T19:05:25.371Z,market,trade,TESTE,99980.15884041488,108,,,,BTG,JPM,,,
2026-03-21T19:05:25.536Z,market,trade,TESTE,99989.55387858218,138,,,,CITI,BARCL,,,
2026-03-21T19:05:25.536Z,alert,,TESTE,99989.55387858218,,,3,Acúmulo Institucional Abaixo da VWAP,,,,,
2026-03-21T19:05:25.689Z,market,trade,TESTE,99982.72022608508,150,,,,UBS,CS,,,
2026-03-21T19:05:25.689Z,alert,,TESTE,99982.72022608508,,,3,Acúmulo Institucional Abaixo da VWAP,,,,,
2026-03-21T19:05:25.854Z,market,trade,TESTE,99979.0177995347,140,,,,BARCL,GOLDM,,,
2026-03-21T19:05:25.854Z,alert,,TESTE,99979.0177995347,,,3,Acúmulo Institucional Abaixo da VWAP,,,,,
2026-03-21T19:05:26.004Z,market,trade,TESTE,99974.57511331198,102,,,,XP,ITAU,,,
2026-03-21T19:05:26.170Z,market,trade,TESTE,99977.1783644474,19,,,,UBS,BTG,,,
2026-03-21T19:05:26.321Z,market,trade,TESTE,99974.44878730123,62,,,,UBS,ITAU,,,
2026-03-21T19:05:26.487Z,market,trade,TESTE,99975.99991674516,34,,,,BTG,UBS,,,
2026-03-21T19:05:26.487Z,alert,,TESTE,99975.99991674516,,,3,Acúmulo Institucional Abaixo da VWAP,,,,,
2026-03-21T19:05:26.637Z,market,trade,TESTE,99975.25175933825,119,,,,UBS,CITI,,,
2026-03-21T19:05:26.637Z,alert,,TESTE,99975.25175933825,,,3,Acúmulo Institucional Abaixo da VWAP,,,,,
2026-03-21T19:05:26.803Z,market,trade,TESTE,99972.65834739468,62,,,,JPM,CS,,,
2026-03-21T19:05:26.803Z,alert,,TESTE,99972.65834739468,,,3,Acúmulo Institucional Abaixo da VWAP,,,,,
2026-03-21T19:05:26.955Z,market,trade,TESTE,99984.92481010506,51,,,,UBS,JPM,,,
2026-03-21T19:05:27.120Z,market,trade,TESTE,99988.6917549477,172,,,,ITAU,UBS,,,
2026-03-21T19:05:27.271Z,market,trade,TESTE,99987.0931521063,25,,,,UBS,BTG,,,
2026-03-21T19:05:27.421Z,market,trade,TESTE,99974.53918640173,149,,,,ITAU,ITAU,,,
2026-03-21T19:05:27.421Z,alert,,TESTE,99974.53918640173,,,3,Acúmulo Institucional Abaixo da VWAP,,,,,
2026-03-21T19:05:27.571Z,market,trade,TESTE,99970.0053228448,143,,,,CITI,CITI,,,
2026-03-21T19:05:27.572Z,alert,,TESTE,99970.0053228448,,,3,Acúmulo Institucional Abaixo da VWAP,,,,,
2026-03-21T19:05:27.736Z,market,trade,TESTE,99977.06276355269,141,,,,UBS,BARCL,,,
2026-03-21T19:05:27.736Z,alert,,TESTE,99977.06276355269,,,3,Acúmulo Institucional Abaixo da VWAP,,,,,
2026-03-21T19:05:27.888Z,market,trade,TESTE,99971.09798635918,44,,,,XP,BARCL,,,
2026-03-21T19:05:27.888Z,alert,,TESTE,99971.09798635918,,,3,Acúmulo Institucional Abaixo da VWAP,,,,,
2026-03-21T19:05:28.040Z,market,trade,TESTE,99975.60835814702,102,,,,XP,UBS,,,
2026-03-21T19:05:28.040Z,alert,,TESTE,99975.60835814702,,,3,Acúmulo Institucional Abaixo da VWAP,,,,,
2026-03-21T19:05:28.203Z,market,trade,TESTE,99989.59177397509,137,,,,JPM,XP,,,
2026-03-21T19:05:28.203Z,alert,,TESTE,99989.59177397509,,,3,Acúmulo Institucional Abaixo da VWAP,,,,,
2026-03-21T19:05:28.353Z,market,trade,TESTE,99978.35521041324,109,,,,BTG,BARCL,,,
2026-03-21T19:05:28.353Z,alert,,TESTE,99978.35521041324,,,3,Acúmulo Institucional Abaixo da VWAP,,,,,
2026-03-21T19:05:28.504Z,market,trade,TESTE,99989.59486854917,113,,,,CS,MS,,,
2026-03-21T19:05:28.504Z,alert,,TESTE,99989.59486854917,,,3,Acúmulo Institucional Abaixo da VWAP,,,,,
2026-03-21T19:05:28.655Z,market,trade,TESTE,99993.18942262881,36,,,,XP,ITAU,,,
2026-03-21T19:05:28.820Z,market,trade,TESTE,99979.65082196584,75,,,,CS,JPM,,,
2026-03-21T19:05:28.820Z,alert,,TESTE,99979.65082196584,,,3,Acúmulo Institucional Abaixo da VWAP,,,,,
2026-03-21T19:05:28.970Z,market,trade,TESTE,99975.20247790472,39,,,,XP,MS,,,
2026-03-21T19:05:29.121Z,market,trade,TESTE,99987.94593988016,115,,,,ITAU,UBS,,,
2026-03-21T19:05:29.122Z,alert,,TESTE,99987.94593988016,,,3,Acúmulo Institucional Abaixo da VWAP,,,,,
2026-03-21T19:05:29.287Z,market,trade,TESTE,99980.7197639499,111,,,,MS,UBS,,,
2026-03-21T19:05:29.287Z,alert,,TESTE,99980.7197639499,,,3,Acúmulo Institucional Abaixo da VWAP,,,,,
2026-03-21T19:05:29.437Z,market,trade,TESTE,99979.0166362075,130,,,,GOLDM,CS,,,
2026-03-21T19:05:29.438Z,alert,,TESTE,99979.0166362075,,,3,Acúmulo Institucional Abaixo da VWAP,,,,,
2026-03-21T19:05:29.588Z,market,trade,TESTE,99982.93344703285,76,,,,JPM,BTG,,,
2026-03-21T19:05:29.752Z,market,trade,TESTE,99985.25817486012,29,,,,MS,BARCL,,,
2026-03-21T19:05:29.752Z,alert,,TESTE,99985.25817486012,,,3,Acúmulo Institucional Abaixo da VWAP,,,,,
2026-03-21T19:05:29.903Z,market,trade,TESTE,99990.86592199546,97,,,,BTG,BARCL,,,
2026-03-21T19:05:29.903Z,alert,,TESTE,99990.86592199546,,,3,Acúmulo Institucional Abaixo da VWAP,,,,,
2026-03-21T19:05:30.054Z,market,trade,TESTE,99988.38881953908,128,,,,BTG,ITAU,,,
2026-03-21T19:05:30.054Z,alert,,TESTE,99988.38881953908,,,3,Acúmulo Institucional Abaixo da VWAP,,,,,
2026-03-21T19:05:30.205Z,market,trade,TESTE,99974.70911059447,83,,,,BTG,BARCL,,,
2026-03-21T19:05:30.205Z,alert,,TESTE,99974.70911059447,,,3,Acúmulo Institucional Abaixo da VWAP,,,,,
2026-03-21T19:05:30.370Z,market,trade,TESTE,99982.00064085462,81,,,,BTG,XP,,,
2026-03-21T19:05:30.370Z,alert,,TESTE,99982.00064085462,,,3,Acúmulo Institucional Abaixo da VWAP,,,,,
2026-03-21T19:05:30.520Z,market,trade,TESTE,99986.70343078033,151,,,,BARCL,XP,,,
2026-03-21T19:05:30.671Z,market,trade,TESTE,99988.32334513782,191,,,,JPM,CS,,,
2026-03-21T19:05:30.671Z,alert,,TESTE,99988.32334513782,,,3,Acúmulo Institucional Abaixo da VWAP,,,,,
2026-03-21T19:05:30.836Z,market,trade,TESTE,99990.61525753506,6,,,,GOLDM,JPM,,,
2026-03-21T19:05:30.836Z,alert,,TESTE,99990.61525753506,,,3,Acúmulo Institucional Abaixo da VWAP,,,,,
2026-03-21T19:05:30.986Z,market,trade,TESTE,99982.71416044231,147,,,,XP,BTG,,,
2026-03-21T19:05:30.986Z,alert,,TESTE,99982.71416044231,,,3,Acúmulo Institucional Abaixo da VWAP,,,,,
2026-03-21T19:05:31.137Z,market,trade,TESTE,99993.85729239136,41,,,,UBS,UBS,,,
2026-03-21T19:05:31.137Z,alert,,TESTE,99993.85729239136,,,3,Acúmulo Institucional Abaixo da VWAP,,,,,
2026-03-21T19:05:31.302Z,market,trade,TESTE,99988.96375041119,60,,,,UBS,MS,,,
2026-03-21T19:05:31.302Z,alert,,TESTE,99988.96375041119,,,3,Acúmulo Institucional Abaixo da VWAP,,,,,
2026-03-21T19:05:31.453Z,market,trade,TESTE,99979.86039988784,179,,,,GOLDM,UBS,,,
2026-03-21T19:05:31.453Z,alert,,TESTE,99979.86039988784,,,3,Acúmulo Institucional Abaixo da VWAP,,,,,
2026-03-21T19:05:31.617Z,market,trade,TESTE,99991.00923836032,70,,,,ITAU,ITAU,,,
2026-03-21T19:05:31.617Z,alert,,TESTE,99991.00923836032,,,3,Acúmulo Institucional Abaixo da VWAP,,,,,
2026-03-21T19:05:31.770Z,market,trade,TESTE,99990.32413055326,9,,,,BTG,CS,,,
2026-03-21T19:05:31.770Z,alert,,TESTE,99990.32413055326,,,3,Acúmulo Institucional Abaixo da VWAP,,,,,
2026-03-21T19:05:31.921Z,market,trade,TESTE,99982.82729187273,129,,,,MS,BARCL,,,
2026-03-21T19:05:31.921Z,alert,,TESTE,99982.82729187273,,,3,Acúmulo Institucional Abaixo da VWAP,,,,,
2026-03-21T19:05:32.086Z,market,trade,TESTE,99993.09018846232,83,,,,MS,ITAU,,,
2026-03-21T19:05:32.087Z,alert,,TESTE,99993.09018846232,,,3,Acúmulo Institucional Abaixo da VWAP,,,,,
2026-03-21T19:05:32.237Z,market,trade,TESTE,99979.48957611495,161,,,,CITI,XP,,,
2026-03-21T19:05:32.237Z,alert,,TESTE,99979.48957611495,,,3,Acúmulo Institucional Abaixo da VWAP,,,,,
2026-03-21T19:05:32.403Z,market,trade,TESTE,99982.9794259057,142,,,,JPM,UBS,,,
2026-03-21T19:05:32.403Z,alert,,TESTE,99982.9794259057,,,3,Acúmulo Institucional Abaixo da VWAP,,,,,
2026-03-21T19:05:32.554Z,market,trade,TESTE,99987.02450821732,25,,,,JPM,UBS,,,
2026-03-21T19:05:32.554Z,alert,,TESTE,99987.02450821732,,,3,Acúmulo Institucional Abaixo da VWAP,,,,,
2026-03-21T19:05:32.718Z,market,trade,TESTE,99988.48567963626,122,,,,CITI,ITAU,,,
2026-03-21T19:05:32.718Z,alert,,TESTE,99988.48567963626,,,3,Acúmulo Institucional Abaixo da VWAP,,,,,
2026-03-21T19:05:32.868Z,market,trade,TESTE,99998.74631178263,5,,,,BARCL,CS,,,
2026-03-21T19:05:33.020Z,market,trade,TESTE,99996.66931387655,123,,,,CITI,JPM,,,
2026-03-21T19:05:33.020Z,alert,,TESTE,99996.66931387655,,,3,Acúmulo Institucional Abaixo da VWAP,,,,,
2026-03-21T19:05:33.185Z,market,trade,TESTE,99984.26583659803,52,,,,MS,JPM,,,
2026-03-21T19:05:33.185Z,alert,,TESTE,99984.26583659803,,,3,Acúmulo Institucional Abaixo da VWAP,,,,,
2026-03-21T19:05:33.336Z,market,trade,TESTE,99986.35200680463,192,,,,MS,UBS,,,
2026-03-21T19:05:33.336Z,alert,,TESTE,99986.35200680463,,,3,Acúmulo Institucional Abaixo da VWAP,,,,,
2026-03-21T19:05:33.500Z,market,trade,TESTE,100000.92956112858,156,,,,BTG,BTG,,,
2026-03-21T19:05:33.500Z,alert,,TESTE,100000.92956112858,,,3,Acúmulo Institucional Abaixo da VWAP,,,,,
2026-03-21T19:05:33.654Z,market,trade,TESTE,99995.56587497334,165,,,,ITAU,MS,,,
2026-03-21T19:05:33.804Z,market,trade,TESTE,99999.53550380777,87,,,,UBS,UBS,,,
2026-03-21T19:05:33.804Z,alert,,TESTE,99999.53550380777,,,3,Acúmulo Institucional Abaixo da VWAP,,,,,
2026-03-21T19:05:33.954Z,market,trade,TESTE,100008.70430680411,138,,,,JPM,MS,,,
2026-03-21T19:05:33.955Z,alert,,TESTE,100008.70430680411,,,3,Acúmulo Institucional Abaixo da VWAP,,,,,
2026-03-21T19:05:34.112Z,market,trade,TESTE,100013.45839119503,78,,,,MS,JPM,,,
2026-03-21T19:05:34.112Z,alert,,TESTE,100013.45839119503,,,3,Acúmulo Institucional Abaixo da VWAP,,,,,
2026-03-21T19:05:34.268Z,market,trade,TESTE,100011.03572330224,173,,,,CITI,XP,,,
2026-03-21T19:05:34.268Z,alert,,TESTE,100011.03572330224,,,3,Acúmulo Institucional Abaixo da VWAP,,,,,
2026-03-21T19:05:34.433Z,market,trade,TESTE,100009.34833276084,134,,,,JPM,BARCL,,,
2026-03-21T19:05:34.433Z,alert,,TESTE,100009.34833276084,,,3,Acúmulo Institucional Abaixo da VWAP,,,,,
2026-03-21T19:05:34.586Z,market,trade,TESTE,99996.70260277604,58,,,,UBS,UBS,,,
2026-03-21T19:05:34.586Z,alert,,TESTE,99996.70260277604,,,3,Acúmulo Institucional Abaixo da VWAP,,,,,
2026-03-21T19:05:34.737Z,market,trade,TESTE,99999.73663246348,180,,,,MS,BARCL,,,
2026-03-21T19:05:34.737Z,alert,,TESTE,99999.73663246348,,,3,Acúmulo Institucional Abaixo da VWAP,,,,,
2026-03-21T19:05:34.888Z,market,trade,TESTE,99996.59595077731,82,,,,CITI,JPM,,,
2026-03-21T19:05:34.888Z,alert,,TESTE,99996.59595077731,,,3,Acúmulo Institucional Abaixo da VWAP,,,,,
2026-03-21T19:05:35.051Z,market,trade,TESTE,100005.31394549437,143,,,,XP,ITAU,,,
2026-03-21T19:05:35.051Z,alert,,TESTE,100005.31394549437,,,3,Acúmulo Institucional Abaixo da VWAP,,,,,
2026-03-21T19:05:35.203Z,market,trade,TESTE,100009.82474060403,82,,,,CS,CS,,,
2026-03-21T19:05:35.203Z,alert,,TESTE,100009.82474060403,,,3,Acúmulo Institucional Abaixo da VWAP,,,,,
2026-03-21T19:05:35.354Z,market,trade,TESTE,99995.31015629371,9,,,,XP,JPM,,,
2026-03-21T19:05:35.354Z,alert,,TESTE,99995.31015629371,,,3,Acúmulo Institucional Abaixo da VWAP,,,,,
2026-03-21T19:05:35.519Z,market,trade,TESTE,99990.41263325421,8,,,,UBS,MS,,,
2026-03-21T19:05:35.684Z,market,trade,TESTE,99991.12694468582,80,,,,BARCL,CS,,,
2026-03-21T19:05:35.685Z,alert,,TESTE,99991.12694468582,,,3,Acúmulo Institucional Abaixo da VWAP,,,,,
2026-03-21T19:05:35.836Z,market,trade,TESTE,99995.89546182139,178,,,,MS,BTG,,,
2026-03-21T19:05:35.836Z,alert,,TESTE,99995.89546182139,,,3,Acúmulo Institucional Abaixo da VWAP,,,,,
2026-03-21T19:05:35.988Z,market,trade,TESTE,100005.9246494201,193,,,,ITAU,CITI,,,
2026-03-21T19:05:35.988Z,alert,,TESTE,100005.9246494201,,,3,Acúmulo Institucional Abaixo da VWAP,,,,,
2026-03-21T19:05:36.152Z,market,trade,TESTE,100006.46144928734,16,,,,UBS,JPM,,,
2026-03-21T19:05:36.153Z,alert,,TESTE,100006.46144928734,,,3,Acúmulo Institucional Abaixo da VWAP,,,,,
2026-03-21T19:05:36.303Z,market,trade,TESTE,100009.68684660162,55,,,,BARCL,UBS,,,
2026-03-21T19:05:36.454Z,market,trade,TESTE,100010.95456716503,34,,,,BARCL,CS,,,
2026-03-21T19:05:36.454Z,alert,,TESTE,100010.95456716503,,,3,Acúmulo Institucional Abaixo da VWAP,,,,,
2026-03-21T19:05:36.619Z,market,trade,TESTE,100006.5010654396,72,,,,CS,CITI,,,
2026-03-21T19:05:36.619Z,alert,,TESTE,100006.5010654396,,,3,Acúmulo Institucional Abaixo da VWAP,,,,,
2026-03-21T19:05:36.771Z,market,trade,TESTE,99998.29900891366,16,,,,XP,CS,,,
2026-03-21T19:05:36.771Z,alert,,TESTE,99998.29900891366,,,3,Acúmulo Institucional Abaixo da VWAP,,,,,
2026-03-21T19:05:36.921Z,market,trade,TESTE,100008.68978122507,117,,,,CITI,JPM,,,
2026-03-21T19:05:36.921Z,alert,,TESTE,100008.68978122507,,,3,Acúmulo Institucional Abaixo da VWAP,,,,,
2026-03-21T19:05:37.073Z,market,trade,TESTE,100013.63920159942,51,,,,MS,GOLDM,,,
2026-03-21T19:05:37.073Z,alert,,TESTE,100013.63920159942,,,3,Acúmulo Institucional Abaixo da VWAP,,,,,
2026-03-21T19:05:37.224Z,market,trade,TESTE,100007.60273444612,71,,,,BTG,BTG,,,
2026-03-21T19:05:37.224Z,alert,,TESTE,100007.60273444612,,,3,Acúmulo Institucional Abaixo da VWAP,,,,,
2026-03-21T19:05:37.374Z,market,trade,TESTE,100021.90339520792,35,,,,ITAU,XP,,,
2026-03-21T19:05:37.375Z,alert,,TESTE,100021.90339520792,,,3,Acúmulo Institucional Abaixo da VWAP,,,,,
2026-03-21T19:05:37.531Z,market,trade,TESTE,100011.874632636,179,,,,GOLDM,BARCL,,,
2026-03-21T19:05:37.531Z,alert,,TESTE,100011.874632636,,,3,Acúmulo Institucional Abaixo da VWAP,,,,,
2026-03-21T19:05:37.688Z,market,trade,TESTE,100012.33598953225,182,,,,CS,BARCL,,,
2026-03-21T19:05:37.688Z,alert,,TESTE,100012.33598953225,,,3,Acúmulo Institucional Abaixo da VWAP,,,,,
2026-03-21T19:05:37.840Z,market,trade,TESTE,100014.18762189735,51,,,,BARCL,BARCL,,,
2026-03-21T19:05:37.840Z,alert,,TESTE,100014.18762189735,,,3,Acúmulo Institucional Abaixo da VWAP,,,,,
2026-03-21T19:05:37.998Z,market,trade,TESTE,100019.76575736977,161,,,,BARCL,CITI,,,
2026-03-21T19:05:37.998Z,alert,,TESTE,100019.76575736977,,,3,Acúmulo Institucional Abaixo da VWAP,,,,,
2026-03-21T19:05:38.152Z,market,trade,TESTE,100023.14429223306,114,,,,CITI,ITAU,,,
2026-03-21T19:05:38.153Z,alert,,TESTE,100023.14429223306,,,3,Acúmulo Institucional Abaixo da VWAP,,,,,
2026-03-21T19:05:38.314Z,market,trade,TESTE,100011.80851834455,47,,,,MS,ITAU,,,
2026-03-21T19:05:38.314Z,alert,,TESTE,100011.80851834455,,,3,Acúmulo Institucional Abaixo da VWAP,,,,,
2026-03-21T19:05:38.472Z,market,trade,TESTE,100013.94658829668,167,,,,BTG,CITI,,,
2026-03-21T19:05:38.472Z,alert,,TESTE,100013.94658829668,,,3,Acúmulo Institucional Abaixo da VWAP,,,,,
2026-03-21T19:05:38.632Z,market,trade,TESTE,100012.53013960761,9,,,,JPM,GOLDM,,,
2026-03-21T19:05:38.632Z,alert,,TESTE,100012.53013960761,,,3,Acúmulo Institucional Abaixo da VWAP,,,,,
2026-03-21T19:05:38.785Z,market,trade,TESTE,100013.1546943368,150,,,,XP,MS,,,
2026-03-21T19:05:38.949Z,market,trade,TESTE,100011.84120336974,6,,,,XP,XP,,,
2026-03-21T19:05:38.950Z,alert,,TESTE,100011.84120336974,,,3,Acúmulo Institucional Abaixo da VWAP,,,,,
2026-03-21T19:05:39.103Z,market,trade,TESTE,100016.15476868614,62,,,,BARCL,BTG,,,
2026-03-21T19:05:39.103Z,alert,,TESTE,100016.15476868614,,,3,Acúmulo Institucional Abaixo da VWAP,,,,,
2026-03-21T19:05:39.268Z,market,trade,TESTE,100020.3721549087,82,,,,ITAU,UBS,,,
2026-03-21T19:05:39.268Z,alert,,TESTE,100020.3721549087,,,3,Acúmulo Institucional Abaixo da VWAP,,,,,
2026-03-21T19:05:39.420Z,market,trade,TESTE,100029.62431752351,104,,,,UBS,MS,,,
2026-03-21T19:05:39.420Z,alert,,TESTE,100029.62431752351,,,3,Acúmulo Institucional Abaixo da VWAP,,,,,
2026-03-21T19:05:39.571Z,market,trade,TESTE,100016.80159492721,52,,,,JPM,XP,,,
2026-03-21T19:05:39.572Z,alert,,TESTE,100016.80159492721,,,3,Acúmulo Institucional Abaixo da VWAP,,,,,
2026-03-21T19:05:39.723Z,market,trade,TESTE,100021.59008795228,102,,,,BARCL,ITAU,,,
2026-03-21T19:05:39.724Z,alert,,TESTE,100021.59008795228,,,3,Acúmulo Institucional Abaixo da VWAP,,,,,
2026-03-21T19:05:39.888Z,market,trade,TESTE,100018.58673323777,107,,,,XP,ITAU,,,
2026-03-21T19:05:39.888Z,alert,,TESTE,100018.58673323777,,,3,Acúmulo Institucional Abaixo da VWAP,,,,,
2026-03-21T19:05:40.051Z,market,trade,TESTE,100030.17247828546,161,,,,XP,CITI,,,
2026-03-21T19:05:40.052Z,alert,,TESTE,100030.17247828546,,,3,Acúmulo Institucional Abaixo da VWAP,,,,,
2026-03-21T19:05:40.205Z,market,trade,TESTE,100026.04802960236,151,,,,CS,CITI,,,
2026-03-21T19:05:40.205Z,alert,,TESTE,100026.04802960236,,,3,Acúmulo Institucional Abaixo da VWAP,,,,,
2026-03-21T19:05:40.357Z,market,trade,TESTE,100020.2212711843,100,,,,ITAU,ITAU,,,
2026-03-21T19:05:40.357Z,alert,,TESTE,100020.2212711843,,,3,Acúmulo Institucional Abaixo da VWAP,,,,,
2026-03-21T19:05:40.521Z,market,trade,TESTE,100021.00494873934,56,,,,GOLDM,UBS,,,
2026-03-21T19:05:40.521Z,alert,,TESTE,100021.00494873934,,,3,Acúmulo Institucional Abaixo da VWAP,,,,,
2026-03-21T19:05:40.681Z,market,trade,TESTE,100028.35711331772,139,,,,XP,MS,,,
2026-03-21T19:05:40.681Z,alert,,TESTE,100028.35711331772,,,3,Acúmulo Institucional Abaixo da VWAP,,,,,
2026-03-21T19:05:40.836Z,market,trade,TESTE,100017.19766463217,166,,,,ITAU,CITI,,,
2026-03-21T19:05:40.836Z,alert,,TESTE,100017.19766463217,,,3,Acúmulo Institucional Abaixo da VWAP,,,,,
2026-03-21T19:05:41.005Z,market,trade,TESTE,100014.99073010946,18,,,,GOLDM,BTG,,,
2026-03-21T19:05:41.005Z,alert,,TESTE,100014.99073010946,,,3,Acúmulo Institucional Abaixo da VWAP,,,,,
2026-03-21T19:05:41.170Z,market,trade,TESTE,100029.86067324814,133,,,,ITAU,GOLDM,,,
2026-03-21T19:05:41.170Z,alert,,TESTE,100029.86067324814,,,3,Acúmulo Institucional Abaixo da VWAP,,,,,
2026-03-21T19:05:41.321Z,market,trade,TESTE,100018.24433567643,122,,,,XP,CITI,,,
2026-03-21T19:05:41.321Z,alert,,TESTE,100018.24433567643,,,3,Acúmulo Institucional Abaixo da VWAP,,,,,
2026-03-21T19:05:41.485Z,market,trade,TESTE,100016.69930927789,133,,,,GOLDM,BTG,,,
2026-03-21T19:05:41.485Z,alert,,TESTE,100016.69930927789,,,3,Acúmulo Institucional Abaixo da VWAP,,,,,
2026-03-21T19:05:41.638Z,market,trade,TESTE,100024.6646345729,45,,,,XP,CITI,,,
2026-03-21T19:05:41.638Z,alert,,TESTE,100024.6646345729,,,3,Acúmulo Institucional Abaixo da VWAP,,,,,
2026-03-21T19:05:41.803Z,market,trade,TESTE,100016.60592318604,51,,,,UBS,BTG,,,
2026-03-21T19:05:41.803Z,alert,,TESTE,100016.60592318604,,,3,Acúmulo Institucional Abaixo da VWAP,,,,,
2026-03-21T19:05:41.954Z,market,trade,TESTE,100021.20708838422,32,,,,MS,XP,,,
2026-03-21T19:05:41.955Z,alert,,TESTE,100021.20708838422,,,3,Acúmulo Institucional Abaixo da VWAP,,,,,
2026-03-21T19:05:42.105Z,market,trade,TESTE,100019.02087422227,37,,,,MS,CS,,,
2026-03-21T19:05:42.105Z,alert,,TESTE,100019.02087422227,,,3,Acúmulo Institucional Abaixo da VWAP,,,,,
2026-03-21T19:05:42.255Z,market,trade,TESTE,100030.47362214573,21,,,,GOLDM,CITI,,,
2026-03-21T19:05:42.255Z,alert,,TESTE,100030.47362214573,,,3,Acúmulo Institucional Abaixo da VWAP,,,,,
2026-03-21T19:05:42.417Z,market,trade,TESTE,100034.49901795552,91,,,,BARCL,UBS,,,
2026-03-21T19:05:42.418Z,alert,,TESTE,100034.49901795552,,,3,Acúmulo Institucional Abaixo da VWAP,,,,,
2026-03-21T19:05:42.573Z,market,trade,TESTE,100021.13217924253,184,,,,ITAU,CS,,,
2026-03-21T19:05:42.573Z,alert,,TESTE,100021.13217924253,,,3,Acúmulo Institucional Abaixo da VWAP,,,,,
2026-03-21T19:05:42.734Z,market,trade,TESTE,100017.7677607008,49,,,,ITAU,CITI,,,
2026-03-21T19:05:42.735Z,alert,,TESTE,100017.7677607008,,,3,Acúmulo Institucional Abaixo da VWAP,,,,,
2026-03-21T19:05:42.889Z,market,trade,TESTE,100024.2039531227,75,,,,ITAU,UBS,,,
2026-03-21T19:05:42.889Z,alert,,TESTE,100024.2039531227,,,3,Acúmulo Institucional Abaixo da VWAP,,,,,
2026-03-21T19:05:43.055Z,market,trade,TESTE,100022.1545763072,38,,,,XP,XP,,,
2026-03-21T19:05:43.055Z,alert,,TESTE,100022.1545763072,,,3,Acúmulo Institucional Abaixo da VWAP,,,,,
2026-03-21T19:05:43.207Z,market,trade,TESTE,100010.18186259143,68,,,,BARCL,BTG,,,
2026-03-21T19:05:43.207Z,alert,,TESTE,100010.18186259143,,,3,Acúmulo Institucional Abaixo da VWAP,,,,,
2026-03-21T19:05:43.362Z,market,trade,TESTE,100007.24932376333,193,,,,ITAU,CS,,,
2026-03-21T19:05:43.363Z,alert,,TESTE,100007.24932376333,,,3,Acúmulo Institucional Abaixo da VWAP,,,,,
2026-03-21T19:05:43.515Z,market,trade,TESTE,100014.15569112478,82,,,,CS,CITI,,,
2026-03-21T19:05:43.515Z,alert,,TESTE,100014.15569112478,,,3,Acúmulo Institucional Abaixo da VWAP,,,,,
2026-03-21T19:05:43.672Z,market,trade,TESTE,100000.35310949128,65,,,,MS,BTG,,,
2026-03-21T19:05:43.672Z,alert,,TESTE,100000.35310949128,,,3,Acúmulo Institucional Abaixo da VWAP,,,,,
2026-03-21T19:05:43.838Z,market,trade,TESTE,100013.7512084879,114,,,,JPM,XP,,,
2026-03-21T19:05:43.838Z,alert,,TESTE,100013.7512084879,,,3,Acúmulo Institucional Abaixo da VWAP,,,,,
2026-03-21T19:05:43.988Z,market,trade,TESTE,100001.16547553423,144,,,,GOLDM,ITAU,,,
2026-03-21T19:05:43.989Z,alert,,TESTE,100001.16547553423,,,3,Acúmulo Institucional Abaixo da VWAP,,,,,
2026-03-21T19:05:44.146Z,market,trade,TESTE,100006.07062211113,95,,,,ITAU,CITI,,,
2026-03-21T19:05:44.146Z,alert,,TESTE,100006.07062211113,,,3,Acúmulo Institucional Abaixo da VWAP,,,,,
2026-03-21T19:05:44.303Z,market,trade,TESTE,100015.7533966082,187,,,,XP,MS,,,
2026-03-21T19:05:44.454Z,market,trade,TESTE,100006.13769550594,82,,,,MS,CS,,,
2026-03-21T19:05:44.454Z,alert,,TESTE,100006.13769550594,,,3,Acúmulo Institucional Abaixo da VWAP,,,,,
2026-03-21T19:05:44.604Z,market,trade,TESTE,100002.98793915535,89,,,,BARCL,BARCL,,,
2026-03-21T19:05:44.604Z,alert,,TESTE,100002.98793915535,,,3,Acúmulo Institucional Abaixo da VWAP,,,,,
2026-03-21T19:05:44.764Z,market,trade,TESTE,100005.77273329496,197,,,,XP,CITI,,,
2026-03-21T19:05:44.764Z,alert,,TESTE,100005.77273329496,,,3,Acúmulo Institucional Abaixo da VWAP,,,,,
2026-03-21T19:05:44.938Z,market,trade,TESTE,100001.27913670316,27,,,,ITAU,CITI,,,
2026-03-21T19:05:44.938Z,alert,,TESTE,100001.27913670316,,,3,Acúmulo Institucional Abaixo da VWAP,,,,,
2026-03-21T19:05:45.100Z,market,trade,TESTE,100009.13985592578,125,,,,ITAU,MS,,,
2026-03-21T19:05:45.255Z,market,trade,TESTE,100001.30707560392,10,,,,UBS,MS,,,
2026-03-21T19:05:45.255Z,alert,,TESTE,100001.30707560392,,,3,Acúmulo Institucional Abaixo da VWAP,,,,,
2026-03-21T19:05:45.405Z,market,trade,TESTE,100001.72259398924,93,,,,ITAU,CITI,,,
2026-03-21T19:05:45.405Z,alert,,TESTE,100001.72259398924,,,3,Acúmulo Institucional Abaixo da VWAP,,,,,
2026-03-21T19:05:45.558Z,market,trade,TESTE,100014.77221280198,38,,,,CS,XP,,,
2026-03-21T19:05:45.558Z,alert,,TESTE,100014.77221280198,,,3,Acúmulo Institucional Abaixo da VWAP,,,,,
2026-03-21T19:05:45.721Z,market,trade,TESTE,100011.83376655173,172,,,,BTG,XP,,,
2026-03-21T19:05:45.721Z,alert,,TESTE,100011.83376655173,,,3,Acúmulo Institucional Abaixo da VWAP,,,,,
2026-03-21T19:05:45.872Z,market,trade,TESTE,100003.97771218569,122,,,,GOLDM,CS,,,
2026-03-21T19:05:45.872Z,alert,,TESTE,100003.97771218569,,,3,Acúmulo Institucional Abaixo da VWAP,,,,,
2026-03-21T19:05:46.044Z,market,trade,TESTE,100000.77291319719,172,,,,ITAU,ITAU,,,
2026-03-21T19:05:46.045Z,alert,,TESTE,100000.77291319719,,,3,Acúmulo Institucional Abaixo da VWAP,,,,,
2026-03-21T19:05:46.203Z,market,trade,TESTE,99996.36436252474,39,,,,ITAU,CS,,,
2026-03-21T19:05:46.203Z,alert,,TESTE,99996.36436252474,,,3,Acúmulo Institucional Abaixo da VWAP,,,,,
2026-03-21T19:05:46.353Z,market,trade,TESTE,99992.22482799995,159,,,,CITI,CITI,,,
2026-03-21T19:05:46.354Z,alert,,TESTE,99992.22482799995,,,3,Acúmulo Institucional Abaixo da VWAP,,,,,
2026-03-21T19:05:46.504Z,market,trade,TESTE,100006.80523724592,27,,,,MS,BTG,,,
2026-03-21T19:05:46.670Z,market,trade,TESTE,99996.02509527608,180,,,,ITAU,BARCL,,,
2026-03-21T19:05:46.670Z,alert,,TESTE,99996.02509527608,,,3,Acúmulo Institucional Abaixo da VWAP,,,,,
2026-03-21T19:05:46.821Z,market,trade,TESTE,99998.43787043318,168,,,,XP,CITI,,,
2026-03-21T19:05:46.986Z,market,trade,TESTE,99997.22908867804,191,,,,XP,JPM,,,
2026-03-21T19:05:46.987Z,alert,,TESTE,99997.22908867804,,,3,Acúmulo Institucional Abaixo da VWAP,,,,,
2026-03-21T19:05:47.137Z,market,trade,TESTE,99995.26512641851,136,,,,JPM,GOLDM,,,
2026-03-21T19:05:47.137Z,alert,,TESTE,99995.26512641851,,,3,Acúmulo Institucional Abaixo da VWAP,,,,,
2026-03-21T19:05:47.288Z,market,trade,TESTE,100003.09707924718,13,,,,UBS,BARCL,,,
2026-03-21T19:05:47.452Z,market,trade,TESTE,99995.86943365911,115,,,,BTG,BTG,,,
2026-03-21T19:05:47.603Z,market,trade,TESTE,99993.28522784011,199,,,,CS,GOLDM,,,
2026-03-21T19:05:47.603Z,alert,,TESTE,99993.28522784011,,,3,Acúmulo Institucional Abaixo da VWAP,,,,,
2026-03-21T19:05:47.768Z,market,trade,TESTE,100005.30607993666,110,,,,UBS,BARCL,,,
2026-03-21T19:05:47.924Z,market,trade,TESTE,100002.75365159256,83,,,,BTG,MS,,,
2026-03-21T19:05:48.079Z,market,trade,TESTE,99995.32631506969,176,,,,CS,ITAU,,,
2026-03-21T19:05:48.239Z,market,trade,TESTE,99995.34723290372,162,,,,GOLDM,JPM,,,
2026-03-21T19:05:48.239Z,alert,,TESTE,99995.34723290372,,,3,Acúmulo Institucional Abaixo da VWAP,,,,,
2026-03-21T19:05:48.404Z,market,trade,TESTE,100006.30435760925,45,,,,BARCL,UBS,,,
2026-03-21T19:05:48.555Z,market,trade,TESTE,99995.3135224569,136,,,,CS,XP,,,
2026-03-21T19:05:48.705Z,market,trade,TESTE,100005.40936495118,155,,,,JPM,CS,,,
2026-03-21T19:05:48.858Z,market,trade,TESTE,100002.14396051678,157,,,,XP,MS,,,
2026-03-21T19:05:49.019Z,market,trade,TESTE,99987.56817334915,106,,,,CITI,ITAU,,,
2026-03-21T19:05:49.171Z,market,trade,TESTE,99998.14196540025,98,,,,BARCL,BARCL,,,
2026-03-21T19:05:49.322Z,market,trade,TESTE,99993.19470751315,31,,,,UBS,CITI,,,
2026-03-21T19:05:49.484Z,market,trade,TESTE,99990.49882724769,61,,,,JPM,GOLDM,,,
2026-03-21T19:05:49.649Z,market,trade,TESTE,99977.91107517424,142,,,,BTG,BARCL,,,
2026-03-21T19:05:49.804Z,market,trade,TESTE,99988.7506517572,10,,,,CS,JPM,,,
2026-03-21T19:05:49.956Z,market,trade,TESTE,99989.17557568983,89,,,,CS,ITAU,,,
2026-03-21T19:05:50.118Z,market,trade,TESTE,99991.5451662476,98,,,,UBS,ITAU,,,
2026-03-21T19:05:50.272Z,market,trade,TESTE,99979.0498083769,48,,,,JPM,BTG,,,
2026-03-21T19:05:50.435Z,market,trade,TESTE,99986.3016384277,69,,,,MS,GOLDM,,,
2026-03-21T19:05:50.588Z,market,trade,TESTE,99980.75172602416,191,,,,UBS,ITAU,,,
2026-03-21T19:05:50.753Z,market,trade,TESTE,99981.98621728636,142,,,,JPM,JPM,,,
2026-03-21T19:05:50.903Z,market,trade,TESTE,99980.84993975372,103,,,,MS,XP,,,
2026-03-21T19:05:51.054Z,market,trade,TESTE,99977.98032167126,124,,,,BARCL,CS,,,
2026-03-21T19:05:51.220Z,market,trade,TESTE,99975.69971870932,21,,,,GOLDM,BTG,,,
2026-03-21T19:05:51.371Z,market,trade,TESTE,99977.03390384988,164,,,,XP,ITAU,,,
2026-03-21T19:05:51.536Z,market,trade,TESTE,99988.74659779975,16,,,,GOLDM,BARCL,,,
2026-03-21T19:05:51.699Z,market,trade,TESTE,99973.9412178882,96,,,,CS,XP,,,
2026-03-21T19:05:51.853Z,market,trade,TESTE,99986.88638418114,101,,,,XP,CS,,,
2026-03-21T19:05:52.004Z,market,trade,TESTE,99973.65123736796,183,,,,CS,BARCL,,,
2026-03-21T19:05:52.169Z,market,trade,TESTE,99985.90622167336,175,,,,GOLDM,CS,,,
2026-03-21T19:05:52.320Z,market,trade,TESTE,99986.2207409194,137,,,,XP,ITAU,,,
2026-03-21T19:05:52.471Z,market,trade,TESTE,99972.62067676372,73,,,,MS,ITAU,,,
2026-03-21T19:05:52.621Z,market,trade,TESTE,99971.93217552103,117,,,,UBS,BTG,,,
2026-03-21T19:05:52.786Z,market,trade,TESTE,99972.25591602398,190,,,,ITAU,BARCL,,,
2026-03-21T19:05:52.938Z,market,trade,TESTE,99968.25118840918,191,,,,BARCL,CITI,,,
2026-03-21T19:05:53.103Z,market,trade,TESTE,99975.81811821363,14,,,,BARCL,ITAU,,,
2026-03-21T19:05:53.254Z,market,trade,TESTE,99970.71127007395,182,,,,XP,MS,,,
2026-03-21T19:05:53.419Z,market,trade,TESTE,99967.88037770771,93,,,,CS,JPM,,,
2026-03-21T19:05:53.572Z,market,trade,TESTE,99970.48445946573,121,,,,UBS,GOLDM,,,
2026-03-21T19:05:53.736Z,market,trade,TESTE,99970.66249709825,57,,,,JPM,XP,,,
2026-03-21T19:05:53.888Z,market,trade,TESTE,99982.47939857186,178,,,,UBS,MS,,,
2026-03-21T19:05:54.053Z,market,flow_inversion,,,,,,,,,52,-49,GOLDM
2026-03-21T19:05:54.053Z,market,trade,TESTE,99983.07277905894,101,,,,BARCL,GOLDM,,,
2026-03-21T19:05:54.204Z,market,trade,TESTE,99986.9336522665,159,,,,CS,JPM,,,
2026-03-21T19:05:54.369Z,market,trade,TESTE,99983.74010584533,56,,,,MS,BARCL,,,
2026-03-21T19:05:54.520Z,market,trade,TESTE,99974.54359565783,22,,,,CITI,BARCL,,,
2026-03-21T19:05:54.670Z,market,trade,TESTE,99981.32391011206,35,,,,XP,XP,,,
2026-03-21T19:05:54.821Z,market,flow_inversion,,,,,,,,,172,-26,BTG
2026-03-21T19:05:54.821Z,market,trade,TESTE,99969.1845601621,198,,,,BARCL,BTG,,,
2026-03-21T19:05:54.986Z,market,trade,TESTE,99970.7944033835,121,,,,CITI,BARCL,,,
2026-03-21T19:05:55.137Z,market,trade,TESTE,99981.76374657349,164,,,,ITAU,BARCL,,,
2026-03-21T19:05:55.303Z,market,trade,TESTE,99971.60372836757,104,,,,GOLDM,XP,,,
2026-03-21T19:05:55.453Z,market,trade,TESTE,99985.49209098,47,,,,CITI,XP,,,
2026-03-21T19:05:55.604Z,market,trade,TESTE,99990.48641140075,188,,,,BTG,UBS,,,
2026-03-21T19:05:55.770Z,market,trade,TESTE,99976.79307365004,71,,,,BARCL,BARCL,,,
2026-03-21T19:05:55.937Z,market,trade,TESTE,99972.3840024555,69,,,,UBS,BTG,,,
2026-03-21T19:05:56.088Z,market,trade,TESTE,99974.71158961447,72,,,,GOLDM,BTG,,,
2026-03-21T19:05:56.253Z,market,trade,TESTE,99979.57337714899,73,,,,ITAU,BTG,,,
2026-03-21T19:05:56.418Z,market,trade,TESTE,99988.11719001566,198,,,,UBS,XP,,,
2026-03-21T19:05:56.569Z,market,trade,TESTE,99978.48719257755,88,,,,CS,MS,,,
2026-03-21T19:05:56.720Z,market,trade,TESTE,99974.05170036091,185,,,,GOLDM,MS,,,
2026-03-21T19:05:56.871Z,market,trade,TESTE,99982.61412319822,11,,,,BTG,JPM,,,
2026-03-21T19:05:57.034Z,market,trade,TESTE,99977.77595553012,186,,,,XP,GOLDM,,,
2026-03-21T19:05:57.185Z,market,trade,TESTE,99974.76849867705,141,,,,CITI,CITI,,,
2026-03-21T19:05:57.336Z,market,trade,TESTE,99972.04468322954,75,,,,CS,ITAU,,,
2026-03-21T19:05:57.500Z,market,trade,TESTE,99973.69341825477,65,,,,JPM,UBS,,,
2026-03-21T19:05:57.652Z,market,trade,TESTE,99972.11117573708,114,,,,ITAU,CITI,,,
2026-03-21T19:05:57.818Z,market,trade,TESTE,99972.8129353848,121,,,,XP,CITI,,,
2026-03-21T19:05:57.971Z,market,trade,TESTE,99965.15913744179,159,,,,MS,ITAU,,,
2026-03-21T19:05:58.133Z,market,trade,TESTE,99964.03483708152,70,,,,XP,CITI,,,
2026-03-21T19:05:58.288Z,market,trade,TESTE,99975.87813088101,169,,,,XP,MS,,,
2026-03-21T19:05:58.447Z,market,trade,TESTE,99970.77154817317,122,,,,CS,BTG,,,
2026-03-21T19:05:58.603Z,market,trade,TESTE,99984.86435086664,126,,,,ITAU,ITAU,,,
2026-03-21T19:05:58.754Z,market,trade,TESTE,99973.52960057295,88,,,,CS,CS,,,
2026-03-21T19:05:58.910Z,market,trade,TESTE,99985.2222812715,145,,,,BARCL,ITAU,,,
2026-03-21T19:05:59.068Z,market,trade,TESTE,99978.53937646515,118,,,,BTG,CITI,,,
2026-03-21T19:05:59.220Z,market,trade,TESTE,99973.73672118387,186,,,,BARCL,UBS,,,
2026-03-21T19:05:59.371Z,market,trade,TESTE,99981.18106497292,166,,,,CS,BARCL,,,
2026-03-21T19:05:59.531Z,market,trade,TESTE,99984.12812907259,190,,,,BTG,ITAU,,,
2026-03-21T19:05:59.683Z,market,trade,TESTE,99974.53059181356,144,,,,JPM,CS,,,
2026-03-21T19:05:59.841Z,market,trade,TESTE,99977.35496685863,50,,,,XP,CITI,,,
2026-03-21T19:06:00.003Z,market,trade,TESTE,99980.05736115818,75,,,,ITAU,ITAU,,,
2026-03-21T19:06:00.170Z,market,trade,TESTE,99975.61774555504,93,,,,ITAU,XP,,,
2026-03-21T19:06:00.321Z,market,trade,TESTE,99971.38155678124,73,,,,CITI,CS,,,
2026-03-21T19:06:00.485Z,market,trade,TESTE,99968.97459064117,172,,,,BTG,CS,,,
2026-03-21T19:06:00.640Z,market,trade,TESTE,99981.99862232685,136,,,,MS,BTG,,,
2026-03-21T19:06:00.803Z,market,trade,TESTE,99967.4896239409,49,,,,GOLDM,JPM,,,
2026-03-21T19:06:00.966Z,market,trade,TESTE,99979.0439507976,19,,,,CS,CITI,,,
2026-03-21T19:06:01.119Z,market,trade,TESTE,99969.48666750401,174,,,,CS,ITAU,,,
2026-03-21T19:06:01.269Z,market,trade,TESTE,99983.61647216784,48,,,,UBS,XP,,,
2026-03-21T19:06:01.435Z,market,trade,TESTE,99974.95940349021,200,,,,GOLDM,CS,,,
2026-03-21T19:06:01.587Z,market,trade,TESTE,99973.92234846785,6,,,,JPM,JPM,,,
2026-03-21T19:06:01.752Z,market,trade,TESTE,99972.58960863837,104,,,,CS,BARCL,,,
2026-03-21T19:06:01.903Z,market,trade,TESTE,99967.67785772952,196,,,,BTG,BARCL,,,
2026-03-21T19:06:02.054Z,market,trade,TESTE,99979.830187544,60,,,,GOLDM,BTG,,,
2026-03-21T19:06:02.204Z,market,trade,TESTE,99974.57669451677,123,,,,CS,CS,,,
2026-03-21T19:06:02.370Z,market,trade,TESTE,99973.27572499868,160,,,,BARCL,ITAU,,,
2026-03-21T19:06:02.521Z,market,trade,TESTE,99976.62956978018,155,,,,CITI,GOLDM,,,
2026-03-21T19:06:02.686Z,market,trade,TESTE,99990.25766742104,79,,,,BARCL,CS,,,
2026-03-21T19:06:02.837Z,market,trade,TESTE,99990.50944963841,193,,,,BTG,GOLDM,,,
2026-03-21T19:06:03.003Z,market,trade,TESTE,99980.35062061882,71,,,,XP,JPM,,,
2026-03-21T19:06:03.154Z,market,trade,TESTE,99982.02852351323,6,,,,GOLDM,CS,,,
2026-03-21T19:06:03.305Z,market,trade,TESTE,99995.29449110117,113,,,,UBS,CS,,,
2026-03-21T19:06:03.470Z,market,trade,TESTE,99985.89900951786,171,,,,JPM,GOLDM,,,
2026-03-21T19:06:03.620Z,market,trade,TESTE,99995.9842472952,139,,,,MS,BARCL,,,
2026-03-21T19:06:03.773Z,market,trade,TESTE,99989.46448773151,199,,,,BARCL,CITI,,,
2026-03-21T19:06:03.925Z,market,trade,TESTE,99994.78168005994,196,,,,BARCL,JPM,,,
2026-03-21T19:06:04.087Z,market,trade,TESTE,99991.09130227857,192,,,,BTG,MS,,,
2026-03-21T19:06:04.240Z,market,trade,TESTE,99994.45841714245,195,,,,BARCL,JPM,,,
2026-03-21T19:06:04.395Z,market,trade,TESTE,99997.95464084198,163,,,,GOLDM,CS,,,
2026-03-21T19:06:04.551Z,market,trade,TESTE,99991.14604294072,40,,,,XP,BARCL,,,
2026-03-21T19:06:04.703Z,market,trade,TESTE,99988.63336794393,91,,,,GOLDM,BARCL,,,
2026-03-21T19:06:04.854Z,market,trade,TESTE,99994.84874430185,31,,,,XP,GOLDM,,,
2026-03-21T19:06:05.019Z,market,trade,TESTE,99993.10966400475,73,,,,CS,JPM,,,
2026-03-21T19:06:05.171Z,market,trade,TESTE,99988.07745391833,43,,,,BARCL,UBS,,,
2026-03-21T19:06:05.336Z,market,trade,TESTE,99993.71231806626,116,,,,JPM,BTG,,,
2026-03-21T19:06:05.501Z,market,trade,TESTE,99989.61713675935,21,,,,XP,ITAU,,,
2026-03-21T19:06:05.656Z,market,trade,TESTE,99992.33505707224,55,,,,MS,XP,,,
2026-03-21T19:06:05.819Z,market,trade,TESTE,99995.22929434196,142,,,,CITI,XP,,,
2026-03-21T19:06:05.974Z,market,trade,TESTE,99987.45343479274,129,,,,CITI,GOLDM,,,
2026-03-21T19:06:06.135Z,market,trade,TESTE,99992.2414724425,61,,,,BARCL,BARCL,,,
2026-03-21T19:06:06.287Z,market,trade,TESTE,100002.48247609667,82,,,,UBS,BARCL,,,
2026-03-21T19:06:06.453Z,market,trade,TESTE,99992.66579048218,168,,,,MS,CITI,,,
2026-03-21T19:06:06.604Z,market,trade,TESTE,100005.14842111019,195,,,,BTG,UBS,,,
2026-03-21T19:06:06.754Z,market,trade,TESTE,100008.51028433294,124,,,,BTG,GOLDM,,,
2026-03-21T19:06:06.920Z,market,trade,TESTE,99993.51243167107,10,,,,JPM,CITI,,,
2026-03-21T19:06:07.071Z,market,trade,TESTE,100007.70678554506,53,,,,GOLDM,ITAU,,,
2026-03-21T19:06:07.230Z,market,trade,TESTE,100000.6867061255,67,,,,BTG,BARCL,,,
2026-03-21T19:06:07.386Z,market,trade,TESTE,99996.91711314628,47,,,,XP,BARCL,,,
2026-03-21T19:06:07.551Z,market,trade,TESTE,100008.18585388972,40,,,,JPM,XP,,,
2026-03-21T19:06:07.703Z,market,trade,TESTE,100000.43493619896,152,,,,CS,JPM,,,
2026-03-21T19:06:07.854Z,market,trade,TESTE,100014.29372419727,85,,,,CITI,JPM,,,
2026-03-21T19:06:08.020Z,market,trade,TESTE,100013.80434184124,113,,,,MS,BTG,,,
2026-03-21T19:06:08.171Z,market,trade,TESTE,100015.93267930725,5,,,,GOLDM,JPM,,,
2026-03-21T19:06:08.327Z,market,trade,TESTE,100017.03473389432,132,,,,MS,JPM,,,
2026-03-21T19:06:08.479Z,market,trade,TESTE,100014.3013676385,144,,,,MS,MS,,,
2026-03-21T19:06:08.637Z,market,trade,TESTE,100006.127280314,113,,,,CS,CITI,,,
2026-03-21T19:06:08.788Z,market,trade,TESTE,100010.0017266065,26,,,,XP,BARCL,,,
2026-03-21T19:06:08.952Z,market,trade,TESTE,100014.99187128052,7,,,,BARCL,BTG,,,
2026-03-21T19:06:09.104Z,market,trade,TESTE,100010.71807066973,176,,,,XP,GOLDM,,,
2026-03-21T19:06:09.255Z,market,trade,TESTE,100010.19783086989,163,,,,ITAU,XP,,,
2026-03-21T19:06:09.418Z,market,trade,TESTE,100015.52586180618,76,,,,BTG,JPM,,,
2026-03-21T19:06:09.569Z,market,trade,TESTE,100005.08978956986,81,,,,GOLDM,CS,,,
2026-03-21T19:06:09.729Z,market,trade,TESTE,100011.42629754856,187,,,,JPM,BARCL,,,
2026-03-21T19:06:09.882Z,market,flow_inversion,,,,,,,,,6,-54,UBS
2026-03-21T19:06:09.882Z,market,trade,TESTE,100016.08352857325,60,,,,ITAU,UBS,,,
2026-03-21T19:06:10.038Z,market,trade,TESTE,100020.53910371801,118,,,,JPM,XP,,,
2026-03-21T19:06:10.204Z,market,trade,TESTE,100014.93840203641,153,,,,BARCL,XP,,,
2026-03-21T19:06:10.354Z,market,trade,TESTE,100017.03699446506,158,,,,GOLDM,XP,,,
2026-03-21T19:06:10.504Z,market,trade,TESTE,100027.04174742312,129,,,,XP,CS,,,
2026-03-21T19:06:10.669Z,market,trade,TESTE,100026.7974671144,66,,,,ITAU,BTG,,,
2026-03-21T19:06:10.821Z,market,trade,TESTE,100017.69206541554,73,,,,UBS,BTG,,,
2026-03-21T19:06:10.972Z,market,trade,TESTE,100015.2009087759,196,,,,BTG,MS,,,
2026-03-21T19:06:11.136Z,market,trade,TESTE,100026.29714649572,60,,,,GOLDM,UBS,,,
2026-03-21T19:06:11.287Z,market,trade,TESTE,100023.81365112295,45,,,,CITI,GOLDM,,,
2026-03-21T19:06:11.453Z,market,trade,TESTE,100012.25887200944,101,,,,BARCL,ITAU,,,
2026-03-21T19:06:11.604Z,market,trade,TESTE,100010.16010727681,54,,,,GOLDM,MS,,,
2026-03-21T19:06:11.768Z,market,trade,TESTE,100008.41582294807,40,,,,JPM,MS,,,
2026-03-21T19:06:11.929Z,market,trade,TESTE,100011.90533286819,136,,,,CS,CS,,,
2026-03-21T19:06:12.087Z,market,trade,TESTE,100012.3397552807,55,,,,ITAU,ITAU,,,
2026-03-21T19:06:12.252Z,market,trade,TESTE,100011.03752896514,174,,,,JPM,UBS,,,
2026-03-21T19:06:12.404Z,market,trade,TESTE,100008.81070208916,157,,,,MS,BTG,,,
2026-03-21T19:06:12.570Z,market,trade,TESTE,100004.59161287169,16,,,,BARCL,JPM,,,
2026-03-21T19:06:12.735Z,market,trade,TESTE,100000.16005307941,90,,,,CS,CITI,,,
2026-03-21T19:06:12.887Z,market,trade,TESTE,100002.10603680502,78,,,,CITI,CS,,,
2026-03-21T19:06:13.039Z,market,trade,TESTE,99998.2544817554,196,,,,GOLDM,UBS,,,
2026-03-21T19:06:13.189Z,market,trade,TESTE,99995.29532163651,25,,,,ITAU,CITI,,,
2026-03-21T19:06:13.353Z,market,trade,TESTE,99992.92444946388,89,,,,MS,ITAU,,,
2026-03-21T19:06:13.504Z,market,trade,TESTE,99998.92393207886,86,,,,ITAU,MS,,,
2026-03-21T19:06:13.670Z,market,trade,TESTE,99986.97678009506,104,,,,XP,UBS,,,
2026-03-21T19:06:13.834Z,market,trade,TESTE,100001.63168494724,5,,,,BTG,JPM,,,
2026-03-21T19:06:13.987Z,market,trade,TESTE,99999.47248510573,86,,,,CITI,BTG,,,
2026-03-21T19:06:14.137Z,market,trade,TESTE,99994.42193397322,91,,,,BTG,GOLDM,,,
2026-03-21T19:06:14.287Z,market,trade,TESTE,99992.82783051173,141,,,,MS,CS,,,
2026-03-21T19:06:14.453Z,market,trade,TESTE,100007.00044676402,175,,,,GOLDM,CS,,,
2026-03-21T19:06:14.604Z,market,trade,TESTE,99996.15446426014,105,,,,MS,BARCL,,,
2026-03-21T19:06:14.769Z,market,trade,TESTE,100009.40483668102,193,,,,JPM,ITAU,,,
2026-03-21T19:06:14.923Z,market,trade,TESTE,100010.17002565414,110,,,,CS,JPM,,,
2026-03-21T19:06:15.085Z,market,trade,TESTE,99998.52779333827,168,,,,CITI,CITI,,,
2026-03-21T19:06:15.240Z,market,trade,TESTE,99996.80361641906,71,,,,ITAU,UBS,,,
2026-03-21T19:06:15.404Z,market,trade,TESTE,100006.6141387768,125,,,,BARCL,ITAU,,,
2026-03-21T19:06:15.569Z,market,trade,TESTE,99996.31177930476,86,,,,JPM,XP,,,
2026-03-21T19:06:15.720Z,market,trade,TESTE,99993.06185856822,127,,,,JPM,CITI,,,
2026-03-21T19:06:15.872Z,market,trade,TESTE,100005.49776065751,22,,,,GOLDM,UBS,,,
2026-03-21T19:06:16.041Z,market,trade,TESTE,99993.95877336568,49,,,,XP,MS,,,
2026-03-21T19:06:16.204Z,market,trade,TESTE,99999.9536313393,106,,,,JPM,UBS,,,
2026-03-21T19:06:16.357Z,market,trade,TESTE,99990.76491058995,17,,,,MS,MS,,,
2026-03-21T19:06:16.520Z,market,trade,TESTE,99997.51990042772,152,,,,GOLDM,XP,,,
2026-03-21T19:06:16.686Z,market,trade,TESTE,99989.85866307067,7,,,,XP,BTG,,,
2026-03-21T19:06:16.838Z,market,trade,TESTE,99996.49419231685,70,,,,BARCL,XP,,,
2026-03-21T19:06:17.003Z,market,trade,TESTE,99985.5648616404,124,,,,CITI,ITAU,,,
2026-03-21T19:06:17.155Z,market,trade,TESTE,99983.90692364011,93,,,,XP,ITAU,,,
2026-03-21T19:06:17.305Z,market,trade,TESTE,99994.38572931354,197,,,,GOLDM,MS,,,
2026-03-21T19:06:17.456Z,market,trade,TESTE,99984.02334346621,174,,,,CS,CITI,,,
2026-03-21T19:06:17.620Z,market,trade,TESTE,99992.51256577917,94,,,,CS,XP,,,
2026-03-21T19:06:17.771Z,market,trade,TESTE,99988.4100279646,40,,,,JPM,MS,,,
2026-03-21T19:06:17.924Z,market,trade,TESTE,99974.41831030171,70,,,,MS,CITI,,,
2026-03-21T19:06:18.086Z,market,trade,TESTE,99980.09362467675,179,,,,JPM,CS,,,
2026-03-21T19:06:18.246Z,market,trade,TESTE,99975.33037347886,175,,,,XP,CS,,,
2026-03-21T19:06:18.404Z,market,trade,TESTE,99978.33347614709,63,,,,BARCL,GOLDM,,,
2026-03-21T19:06:18.555Z,market,trade,TESTE,99975.10038087441,27,,,,BTG,MS,,,
2026-03-21T19:06:18.720Z,market,trade,TESTE,99974.70946642003,6,,,,CS,UBS,,,
2026-03-21T19:06:18.880Z,market,trade,TESTE,99964.51802591766,132,,,,JPM,XP,,,
2026-03-21T19:06:19.038Z,market,trade,TESTE,99968.57586555465,181,,,,MS,BARCL,,,
2026-03-21T19:06:19.204Z,market,trade,TESTE,99970.34586959315,19,,,,CITI,BARCL,,,
2026-03-21T19:06:19.365Z,market,trade,TESTE,99970.9562976505,167,,,,CS,XP,,,
2026-03-21T19:06:19.518Z,market,trade,TESTE,99969.506522958,83,,,,GOLDM,UBS,,,
2026-03-21T19:06:19.682Z,market,trade,TESTE,99977.74123242483,46,,,,XP,GOLDM,,,
2026-03-21T19:06:19.856Z,market,trade,TESTE,99982.08569219238,87,,,,MS,ITAU,,,
2026-03-21T19:06:20.015Z,market,trade,TESTE,99980.7378053302,144,,,,CITI,JPM,,,
2026-03-21T19:06:20.171Z,market,trade,TESTE,99974.1285297539,80,,,,MS,JPM,,,
2026-03-21T19:06:20.332Z,market,trade,TESTE,99976.36164402978,19,,,,CS,BARCL,,,
2026-03-21T19:06:20.486Z,market,trade,TESTE,99986.0019347552,94,,,,JPM,MS,,,
2026-03-21T19:06:20.637Z,market,trade,TESTE,99986.48887739207,160,,,,CS,CS,,,
2026-03-21T19:06:20.801Z,market,trade,TESTE,99975.05757767422,189,,,,GOLDM,JPM,,,
2026-03-21T19:06:20.954Z,market,trade,TESTE,99972.84603960156,168,,,,CITI,ITAU,,,
2026-03-21T19:06:21.117Z,market,trade,TESTE,99985.27501728454,160,,,,UBS,MS,,,
2026-03-21T19:06:21.270Z,market,trade,TESTE,99986.67287253209,48,,,,CS,BTG,,,
2026-03-21T19:06:21.436Z,market,trade,TESTE,99989.37732468473,7,,,,CS,MS,,,
2026-03-21T19:06:21.587Z,market,trade,TESTE,99984.87655944543,174,,,,CS,ITAU,,,
2026-03-21T19:06:21.737Z,market,trade,TESTE,99980.9585014908,12,,,,CS,GOLDM,,,
2026-03-21T19:06:21.903Z,market,trade,TESTE,99978.57491234054,148,,,,MS,CS,,,
2026-03-21T19:06:22.054Z,market,trade,TESTE,99972.372667229,155,,,,XP,GOLDM,,,
2026-03-21T19:06:22.219Z,market,trade,TESTE,99969.25411260549,145,,,,XP,UBS,,,
2026-03-21T19:06:22.388Z,market,trade,TESTE,99965.55822410842,184,,,,MS,XP,,,
2026-03-21T19:06:22.554Z,market,trade,TESTE,99970.15505111006,87,,,,JPM,JPM,,,
2026-03-21T19:06:22.705Z,market,trade,TESTE,99983.02835434927,133,,,,BARCL,JPM,,,
2026-03-21T19:06:22.870Z,market,trade,TESTE,99968.30249450513,159,,,,BARCL,ITAU,,,
2026-03-21T19:06:23.021Z,market,trade,TESTE,99979.0866773717,75,,,,XP,UBS,,,
2026-03-21T19:06:23.188Z,market,trade,TESTE,99967.92622240203,186,,,,ITAU,BTG,,,
2026-03-21T19:06:23.338Z,market,trade,TESTE,99970.58060254723,138,,,,BARCL,CITI,,,
2026-03-21T19:06:23.501Z,market,trade,TESTE,99982.94114419897,182,,,,BTG,ITAU,,,
2026-03-21T19:06:23.653Z,market,trade,TESTE,99970.08764324232,108,,,,MS,ITAU,,,
2026-03-21T19:06:23.805Z,market,trade,TESTE,99972.26443117982,128,,,,GOLDM,GOLDM,,,
2026-03-21T19:06:23.967Z,market,trade,TESTE,99974.86839433663,123,,,,BARCL,CS,,,
2026-03-21T19:06:24.120Z,market,trade,TESTE,99972.27283150898,123,,,,CITI,MS,,,
2026-03-21T19:06:24.272Z,market,trade,TESTE,99986.66413362486,72,,,,CS,MS,,,
2026-03-21T19:06:24.432Z,market,trade,TESTE,99974.94107898227,26,,,,BTG,GOLDM,,,
2026-03-21T19:06:24.586Z,market,trade,TESTE,99981.57699140646,54,,,,GOLDM,CITI,,,
2026-03-21T19:06:24.738Z,market,trade,TESTE,99976.46049835302,112,,,,BTG,BTG,,,
2026-03-21T19:06:24.888Z,market,trade,TESTE,99980.78133281237,65,,,,ITAU,XP,,,
2026-03-21T19:06:25.053Z,market,trade,TESTE,99994.52161537578,22,,,,CITI,MS,,,
2026-03-21T19:06:25.205Z,market,trade,TESTE,99989.73916932588,163,,,,CITI,JPM,,,
2026-03-21T19:06:25.370Z,market,trade,TESTE,99982.17209751632,172,,,,GOLDM,ITAU,,,
2026-03-21T19:06:25.521Z,market,trade,TESTE,99992.79601855991,163,,,,ITAU,CITI,,,
2026-03-21T19:06:25.684Z,market,trade,TESTE,99983.57127555233,125,,,,MS,CS,,,
2026-03-21T19:06:25.837Z,market,trade,TESTE,99990.6340405812,34,,,,MS,JPM,,,
2026-03-21T19:06:26.002Z,market,trade,TESTE,99976.60067832615,23,,,,BARCL,JPM,,,
2026-03-21T19:06:26.167Z,market,trade,TESTE,99986.79785507718,93,,,,MS,XP,,,
2026-03-21T19:06:26.321Z,market,trade,TESTE,99979.80700003136,186,,,,BTG,CS,,,
2026-03-21T19:06:26.472Z,market,trade,TESTE,99975.63137882295,19,,,,XP,CITI,,,
2026-03-21T19:06:26.633Z,market,trade,TESTE,99984.82323792027,106,,,,JPM,UBS,,,
2026-03-21T19:06:26.787Z,market,trade,TESTE,99986.95255230261,62,,,,UBS,JPM,,,
2026-03-21T19:06:26.951Z,market,trade,TESTE,99978.52409081247,99,,,,BTG,GOLDM,,,
2026-03-21T19:06:27.103Z,market,trade,TESTE,99990.41435245087,103,,,,BTG,UBS,,,
2026-03-21T19:06:27.254Z,market,trade,TESTE,99993.39028265503,178,,,,CS,BTG,,,
2026-03-21T19:06:27.421Z,market,trade,TESTE,99996.88098621818,164,,,,ITAU,CITI,,,
2026-03-21T19:06:27.586Z,market,trade,TESTE,99989.7651033778,120,,,,CS,BARCL,,,
2026-03-21T19:06:27.737Z,market,trade,TESTE,99992.91711779781,184,,,,BARCL,MS,,,
2026-03-21T19:06:27.902Z,market,trade,TESTE,99997.77514784252,164,,,,BTG,BTG,,,
2026-03-21T19:06:28.054Z,market,trade,TESTE,100006.31107107212,187,,,,JPM,BTG,,,
2026-03-21T19:06:28.219Z,market,trade,TESTE,100001.58555339277,104,,,,XP,GOLDM,,,
2026-03-21T19:06:28.370Z,market,trade,TESTE,100002.05478096704,52,,,,XP,MS,,,
2026-03-21T19:06:28.521Z,market,trade,TESTE,100005.36662030056,196,,,,ITAU,CS,,,
2026-03-21T19:06:28.673Z,market,trade,TESTE,99990.65007342075,175,,,,XP,GOLDM,,,
2026-03-21T19:06:28.837Z,market,trade,TESTE,99987.67103458062,111,,,,MS,UBS,,,
2026-03-21T19:06:28.987Z,market,trade,TESTE,99983.18624526056,72,,,,BTG,UBS,,,
2026-03-21T19:06:29.153Z,market,trade,TESTE,99996.56555043683,50,,,,GOLDM,GOLDM,,,
2026-03-21T19:06:29.305Z,market,trade,TESTE,99985.43185006757,148,,,,GOLDM,BTG,,,
2026-03-21T19:06:29.469Z,market,trade,TESTE,99995.75734908895,61,,,,CITI,UBS,,,
2026-03-21T19:06:29.621Z,market,trade,TESTE,99996.92607270704,98,,,,XP,BARCL,,,
2026-03-21T19:06:29.779Z,market,trade,TESTE,99999.31448826235,127,,,,JPM,CS,,,
2026-03-21T19:06:29.935Z,market,trade,TESTE,99997.56318605584,26,,,,ITAU,JPM,,,
2026-03-21T19:06:30.087Z,market,trade,TESTE,99984.38852003534,82,,,,CITI,BARCL,,,
2026-03-21T19:06:30.237Z,market,trade,TESTE,99984.04189403924,22,,,,CITI,MS,,,
2026-03-21T19:06:30.391Z,market,trade,TESTE,99991.83471529113,113,,,,JPM,UBS,,,
2026-03-21T19:06:30.554Z,market,trade,TESTE,99978.69724842606,7,,,,MS,CS,,,
2026-03-21T19:06:30.705Z,market,trade,TESTE,99976.76076778334,161,,,,XP,GOLDM,,,
2026-03-21T19:06:30.858Z,market,trade,TESTE,99989.11131546233,174,,,,ITAU,GOLDM,,,
2026-03-21T19:06:31.019Z,market,trade,TESTE,99984.35733369472,142,,,,BTG,XP,,,
2026-03-21T19:06:31.169Z,market,trade,TESTE,99979.74143373556,10,,,,ITAU,BTG,,,
2026-03-21T19:06:31.320Z,market,trade,TESTE,99973.24563380596,129,,,,ITAU,ITAU,,,
2026-03-21T19:06:31.471Z,market,trade,TESTE,99972.50474721302,57,,,,ITAU,XP,,,
2026-03-21T19:06:31.636Z,market,trade,TESTE,99972.2367304259,86,,,,BTG,BARCL,,,
2026-03-21T19:06:31.803Z,market,trade,TESTE,99985.66477151851,132,,,,XP,BARCL,,,
2026-03-21T19:06:31.955Z,market,trade,TESTE,99972.14401720528,192,,,,JPM,MS,,,
2026-03-21T19:06:32.119Z,market,trade,TESTE,99985.87195967411,82,,,,CITI,BARCL,,,
2026-03-21T19:06:32.271Z,market,trade,TESTE,99978.9299375801,158,,,,ITAU,UBS,,,
2026-03-21T19:06:32.435Z,market,trade,TESTE,99992.03830244194,83,,,,CS,UBS,,,
2026-03-21T19:06:32.586Z,market,trade,TESTE,99994.76528965544,38,,,,UBS,CS,,,
2026-03-21T19:06:32.737Z,market,trade,TESTE,99998.00441839232,129,,,,CS,MS,,,
2026-03-21T19:06:32.889Z,market,trade,TESTE,99996.23429529622,48,,,,BTG,JPM,,,
2026-03-21T19:06:33.053Z,market,trade,TESTE,99984.94092554583,30,,,,JPM,CS,,,
2026-03-21T19:06:33.204Z,market,trade,TESTE,99996.1373411929,22,,,,GOLDM,CITI,,,
2026-03-21T19:06:33.369Z,market,trade,TESTE,100000.75193855874,189,,,,GOLDM,GOLDM,,,
2026-03-21T19:06:33.520Z,market,trade,TESTE,99998.68058373431,178,,,,UBS,UBS,,,
2026-03-21T19:06:33.683Z,market,trade,TESTE,99994.29358159043,35,,,,BTG,CITI,,,
2026-03-21T19:06:33.838Z,market,trade,TESTE,99989.08394507774,178,,,,JPM,MS,,,
2026-03-21T19:06:34.003Z,market,trade,TESTE,99997.65152189041,37,,,,UBS,CS,,,
2026-03-21T19:06:34.155Z,market,trade,TESTE,99995.70487003676,170,,,,BTG,GOLDM,,,
2026-03-21T19:06:34.320Z,market,trade,TESTE,99999.12515025439,75,,,,MS,BTG,,,
2026-03-21T19:06:34.476Z,market,trade,TESTE,99995.13394859032,65,,,,UBS,BTG,,,
2026-03-21T19:06:34.636Z,market,trade,TESTE,99990.18660858853,86,,,,GOLDM,MS,,,
2026-03-21T19:06:34.787Z,market,trade,TESTE,99994.59664180366,139,,,,CS,XP,,,
2026-03-21T19:06:34.943Z,market,trade,TESTE,99992.90299763011,178,,,,GOLDM,JPM,,,
2026-03-21T19:06:35.102Z,market,trade,TESTE,99991.3851215217,32,,,,JPM,ITAU,,,
2026-03-21T19:06:35.261Z,market,trade,TESTE,99989.85736186906,151,,,,CS,BARCL,,,
2026-03-21T19:06:35.416Z,market,trade,TESTE,99975.52751883963,139,,,,BARCL,BTG,,,
2026-03-21T19:06:35.571Z,market,trade,TESTE,99989.12851428131,27,,,,CITI,GOLDM,,,
2026-03-21T19:06:35.738Z,market,trade,TESTE,99981.10154632232,102,,,,BARCL,XP,,,
2026-03-21T19:06:35.893Z,market,trade,TESTE,99993.38279726272,105,,,,MS,XP,,,
2026-03-21T19:06:36.054Z,market,trade,TESTE,99986.85780306529,67,,,,CS,GOLDM,,,
2026-03-21T19:06:36.219Z,market,trade,TESTE,99984.62516974825,14,,,,BTG,XP,,,
2026-03-21T19:06:36.370Z,market,trade,TESTE,99991.30092414287,132,,,,JPM,CS,,,
2026-03-21T19:06:36.524Z,market,trade,TESTE,99989.90266116713,17,,,,JPM,XP,,,
2026-03-21T19:06:36.680Z,market,trade,TESTE,99976.04228225819,131,,,,BARCL,CITI,,,
2026-03-21T19:06:36.833Z,market,trade,TESTE,99975.25028678344,30,,,,GOLDM,XP,,,
2026-03-21T19:06:36.990Z,market,trade,TESTE,99984.19644232716,73,,,,MS,GOLDM,,,
2026-03-21T19:06:37.141Z,market,trade,TESTE,99978.3234202481,180,,,,XP,ITAU,,,
2026-03-21T19:06:37.292Z,market,trade,TESTE,99990.27300769882,137,,,,CS,ITAU,,,
2026-03-21T19:06:37.443Z,market,trade,TESTE,99991.5853851733,94,,,,ITAU,BARCL,,,
2026-03-21T19:06:37.602Z,market,trade,TESTE,99985.01301219861,125,,,,UBS,GOLDM,,,
2026-03-21T19:06:37.752Z,market,trade,TESTE,99992.3177956886,187,,,,BARCL,XP,,,
2026-03-21T19:06:37.913Z,market,trade,TESTE,99983.38196797915,110,,,,JPM,JPM,,,
2026-03-21T19:06:38.068Z,market,trade,TESTE,99990.39345077855,52,,,,MS,MS,,,
2026-03-21T19:06:38.222Z,market,trade,TESTE,99977.97799767516,39,,,,MS,ITAU,,,
2026-03-21T19:06:38.387Z,market,trade,TESTE,99982.68042308789,93,,,,GOLDM,UBS,,,
2026-03-21T19:06:38.551Z,market,trade,TESTE,99986.66936541874,186,,,,XP,CITI,,,
2026-03-21T19:06:38.710Z,market,trade,TESTE,99989.00931532976,19,,,,BARCL,MS,,,
2026-03-21T19:06:38.866Z,market,trade,TESTE,100002.58164215986,105,,,,UBS,BTG,,,
2026-03-21T19:06:39.020Z,market,trade,TESTE,99990.24586330408,23,,,,GOLDM,BARCL,,,
2026-03-21T19:06:39.172Z,market,trade,TESTE,99989.72896881551,137,,,,BARCL,UBS,,,
2026-03-21T19:06:39.334Z,market,trade,TESTE,99986.46709347596,28,,,,JPM,MS,,,
2026-03-21T19:06:39.488Z,market,trade,TESTE,99994.8838706928,108,,,,BTG,UBS,,,
2026-03-21T19:06:39.655Z,market,trade,TESTE,99987.79838217738,126,,,,XP,JPM,,,
2026-03-21T19:06:39.819Z,market,trade,TESTE,99983.00971456664,74,,,,CITI,ITAU,,,
2026-03-21T19:06:39.982Z,market,trade,TESTE,99996.64877294392,135,,,,CITI,CS,,,
2026-03-21T19:06:40.138Z,market,trade,TESTE,99986.75809745362,27,,,,ITAU,GOLDM,,,
2026-03-21T19:06:40.288Z,market,trade,TESTE,99997.63714313197,184,,,,CS,BTG,,,
2026-03-21T19:06:40.450Z,market,trade,TESTE,99998.86520930447,76,,,,MS,MS,,,
2026-03-21T19:06:40.614Z,market,trade,TESTE,99993.30210345138,70,,,,GOLDM,UBS,,,
2026-03-21T19:06:40.765Z,market,trade,TESTE,99989.74007357446,66,,,,ITAU,ITAU,,,
2026-03-21T19:06:40.928Z,market,trade,TESTE,99992.47753227924,37,,,,CITI,MS,,,
2026-03-21T19:06:41.083Z,market,trade,TESTE,99988.32242672052,165,,,,BTG,CS,,,
2026-03-21T19:06:41.234Z,market,trade,TESTE,99994.59310550748,63,,,,XP,ITAU,,,
2026-03-21T19:06:41.385Z,market,trade,TESTE,99995.66462489827,123,,,,XP,UBS,,,
2026-03-21T19:06:41.550Z,market,trade,TESTE,99993.75615545761,15,,,,JPM,CS,,,
2026-03-21T19:06:41.705Z,market,trade,TESTE,99995.77646890806,130,,,,BARCL,UBS,,,
2026-03-21T19:06:41.863Z,market,trade,TESTE,99980.86220181259,57,,,,CS,GOLDM,,,
2026-03-21T19:06:42.019Z,market,trade,TESTE,99988.42902588837,64,,,,BARCL,BTG,,,
2026-03-21T19:06:42.185Z,market,trade,TESTE,99977.62848750723,160,,,,XP,XP,,,
2026-03-21T19:06:42.336Z,market,trade,TESTE,99977.52480509208,175,,,,ITAU,GOLDM,,,
2026-03-21T19:06:42.502Z,market,trade,TESTE,99990.60314101874,90,,,,CITI,XP,,,
2026-03-21T19:06:42.652Z,market,trade,TESTE,99995.12738078237,196,,,,JPM,CS,,,
2026-03-21T19:06:42.803Z,market,trade,TESTE,99992.44261677371,136,,,,CITI,ITAU,,,
2026-03-21T19:06:42.971Z,market,trade,TESTE,99988.30721718921,48,,,,JPM,XP,,,
2026-03-21T19:06:43.134Z,market,trade,TESTE,99990.97012236454,92,,,,MS,BARCL,,,
2026-03-21T19:06:43.285Z,market,trade,TESTE,99991.89804471738,63,,,,MS,XP,,,
2026-03-21T19:06:43.436Z,market,trade,TESTE,99985.63376515933,190,,,,CS,JPM,,,
2026-03-21T19:06:43.601Z,market,trade,TESTE,99983.7979487289,120,,,,ITAU,ITAU,,,
2026-03-21T19:06:43.752Z,market,trade,TESTE,99997.24255091099,139,,,,ITAU,MS,,,
2026-03-21T19:06:43.907Z,market,trade,TESTE,99998.03937830898,44,,,,UBS,CITI,,,
2026-03-21T19:06:44.069Z,market,trade,TESTE,99987.02224619655,175,,,,JPM,GOLDM,,,
2026-03-21T19:06:44.220Z,market,trade,TESTE,99995.57013275415,44,,,,MS,UBS,,,
2026-03-21T19:06:44.372Z,market,trade,TESTE,99981.26670881592,109,,,,ITAU,BARCL,,,
2026-03-21T19:06:44.538Z,market,trade,TESTE,99976.75594588828,145,,,,MS,CITI,,,
2026-03-21T19:06:44.689Z,market,trade,TESTE,99983.34914225184,143,,,,CS,BARCL,,,
2026-03-21T19:06:44.851Z,market,trade,TESTE,99982.29392486069,182,,,,UBS,BARCL,,,
2026-03-21T19:06:45.013Z,market,trade,TESTE,99980.78356591237,115,,,,JPM,XP,,,
2026-03-21T19:06:45.171Z,market,trade,TESTE,99976.22278559701,63,,,,ITAU,JPM,,,
2026-03-21T19:06:45.337Z,market,trade,TESTE,99971.99693963834,139,,,,BARCL,BARCL,,,
2026-03-21T19:06:45.496Z,market,trade,TESTE,99970.67285017305,148,,,,GOLDM,CITI,,,
2026-03-21T19:06:45.660Z,market,trade,TESTE,99958.04737260731,65,,,,XP,CITI,,,
2026-03-21T19:06:45.821Z,market,trade,TESTE,99968.92494894695,139,,,,ITAU,ITAU,,,
2026-03-21T19:06:45.985Z,market,trade,TESTE,99953.97745550884,140,,,,GOLDM,XP,,,
2026-03-21T19:06:46.137Z,market,trade,TESTE,99952.32951107103,158,,,,BARCL,GOLDM,,,
2026-03-21T19:06:46.303Z,market,trade,TESTE,99954.3771398159,35,,,,CITI,JPM,,,
2026-03-21T19:06:46.455Z,market,trade,TESTE,99964.94095639899,18,,,,CS,XP,,,
2026-03-21T19:06:46.619Z,market,trade,TESTE,99957.8911077794,31,,,,UBS,CS,,,
2026-03-21T19:06:46.770Z,market,trade,TESTE,99971.67158244544,197,,,,CITI,BARCL,,,
2026-03-21T19:06:46.964Z,market,trade,TESTE,99959.61172669845,7,,,,CITI,CS,,,
2026-03-21T19:06:47.121Z,market,trade,TESTE,99963.94898358818,150,,,,ITAU,XP,,,
2026-03-21T19:06:47.273Z,market,trade,TESTE,99966.58074985415,161,,,,XP,ITAU,,,
2026-03-21T19:06:47.435Z,market,trade,TESTE,99970.00017741686,131,,,,MS,BTG,,,
2026-03-21T19:06:47.586Z,market,trade,TESTE,99981.20183927657,103,,,,GOLDM,XP,,,
2026-03-21T19:06:47.737Z,market,trade,TESTE,99971.65596624702,27,,,,CITI,ITAU,,,
2026-03-21T19:06:47.902Z,market,trade,TESTE,99976.20679639907,104,,,,XP,XP,,,
2026-03-21T19:06:48.058Z,market,trade,TESTE,99973.71555126159,154,,,,JPM,MS,,,
2026-03-21T19:06:48.220Z,market,trade,TESTE,99984.12449878133,31,,,,MS,JPM,,,
2026-03-21T19:06:48.371Z,market,trade,TESTE,99971.23990078345,141,,,,XP,CITI,,,
2026-03-21T19:11:15.135Z,market,trade,TESTE,99996.76598885436,131,,,,GOLDM,XP,,,
2026-03-21T19:11:15.285Z,market,trade,TESTE,100003.15948041204,33,,,,XP,BTG,,,
2026-03-21T19:11:15.436Z,market,trade,TESTE,99996.62989873573,9,,,,BARCL,ITAU,,,
2026-03-21T19:11:15.623Z,market,trade,TESTE,99994.88557054865,60,,,,XP,UBS,,,
2026-03-21T19:11:15.784Z,market,flow_inversion,,,,,,,,,-60,49,UBS
2026-03-21T19:11:15.784Z,market,trade,TESTE,100008.70831276439,109,,,,UBS,MS,,,
2026-03-21T19:11:15.935Z,market,trade,TESTE,99995.07971183003,190,,,,ITAU,CITI,,,
2026-03-21T19:11:16.088Z,market,trade,TESTE,99993.5544947416,177,,,,BARCL,ITAU,,,
2026-03-21T19:11:16.251Z,market,trade,TESTE,100003.3021485823,195,,,,BTG,JPM,,,
2026-03-21T19:11:16.402Z,market,trade,TESTE,100001.10441592986,56,,,,JPM,ITAU,,,
2026-03-21T19:11:16.552Z,market,trade,TESTE,100003.38256090393,117,,,,BARCL,CS,,,
2026-03-21T19:11:16.713Z,market,trade,TESTE,99993.91397034189,45,,,,XP,MS,,,
2026-03-21T19:11:16.868Z,market,flow_inversion,,,,,,,,,49,-88,UBS
2026-03-21T19:11:16.868Z,market,trade,TESTE,99996.28244003674,137,,,,XP,UBS,,,
2026-03-21T19:11:17.019Z,market,trade,TESTE,100003.48573598254,96,,,,CS,BARCL,,,
2026-03-21T19:11:17.169Z,market,flow_inversion,,,,,,,,,-33,167,BTG
2026-03-21T19:11:17.169Z,market,trade,TESTE,100001.85641046538,200,,,,BTG,GOLDM,,,
2026-03-21T19:11:17.334Z,market,trade,TESTE,99999.98175610509,59,,,,XP,XP,,,
2026-03-21T19:11:17.486Z,market,trade,TESTE,99999.4909914235,82,,,,UBS,MS,,,
2026-03-21T19:11:17.636Z,market,trade,TESTE,99987.00452586624,159,,,,CITI,ITAU,,,
2026-03-21T19:11:17.787Z,market,trade,TESTE,99989.50561557611,191,,,,CS,UBS,,,
2026-03-21T19:11:17.951Z,market,trade,TESTE,100001.00936218155,151,,,,UBS,CITI,,,
2026-03-21T19:11:18.104Z,market,trade,TESTE,99999.63861553442,99,,,,JPM,UBS,,,
2026-03-21T19:11:18.268Z,market,trade,TESTE,99996.76228792702,108,,,,ITAU,ITAU,,,
2026-03-21T19:11:18.419Z,market,trade,TESTE,99986.86184995799,166,,,,ITAU,JPM,,,
2026-03-21T19:11:18.570Z,market,trade,TESTE,99999.72191967566,84,,,,ITAU,UBS,,,
2026-03-21T19:11:18.732Z,market,flow_inversion,,,,,,,,,0,133,GOLDM
2026-03-21T19:11:18.732Z,market,trade,TESTE,99987.50639052902,133,,,,GOLDM,JPM,,,
2026-03-21T19:11:18.885Z,market,trade,TESTE,99994.35588434552,86,,,,XP,GOLDM,,,
2026-03-21T19:11:19.036Z,market,trade,TESTE,99997.10988116861,175,,,,XP,ITAU,,,
2026-03-21T19:11:19.202Z,market,trade,TESTE,99997.73462739922,52,,,,XP,CITI,,,
2026-03-21T19:11:19.352Z,market,trade,TESTE,99999.16581083553,65,,,,CITI,GOLDM,,,
2026-03-21T19:11:19.517Z,market,trade,TESTE,100004.02403939558,19,,,,ITAU,XP,,,
2026-03-21T19:11:19.668Z,market,flow_inversion,,,,,,,,,-46,10,UBS
2026-03-21T19:11:19.668Z,market,trade,TESTE,99994.76396328473,56,,,,UBS,UBS,,,
2026-03-21T19:11:19.819Z,market,trade,TESTE,100007.19364435844,137,,,,ITAU,XP,,,
2026-03-21T19:11:19.985Z,market,trade,TESTE,99998.07209943589,162,,,,BARCL,CITI,,,
2026-03-21T19:11:20.136Z,market,trade,TESTE,100000.55533481525,30,,,,MS,CS,,,
2026-03-21T19:11:20.301Z,market,trade,TESTE,100015.22799545652,150,,,,GOLDM,GOLDM,,,
2026-03-21T19:11:20.453Z,market,trade,TESTE,100012.47396107769,6,,,,XP,UBS,,,
2026-03-21T19:11:20.618Z,market,trade,TESTE,99998.01208592135,177,,,,BTG,BARCL,,,
2026-03-21T19:11:20.768Z,market,trade,TESTE,100010.14497967694,157,,,,UBS,UBS,,,
2026-03-21T19:11:20.919Z,market,trade,TESTE,100004.28334031727,175,,,,UBS,CITI,,,
2026-03-21T19:11:20.919Z,alert,,TESTE,100004.28334031727,,,3,Acúmulo Institucional Abaixo da VWAP,,,,,
2026-03-21T19:11:21.085Z,market,trade,TESTE,100004.01403889815,147,,,,UBS,CS,,,
2026-03-21T19:11:21.236Z,market,trade,TESTE,100012.77073754577,38,,,,BARCL,GOLDM,,,
2026-03-21T19:11:21.401Z,market,trade,TESTE,100008.76252719147,67,,,,MS,ITAU,,,
2026-03-21T19:11:21.551Z,market,trade,TESTE,100000.34060884682,88,,,,XP,MS,,,
2026-03-21T19:11:21.702Z,market,trade,TESTE,100014.53289911603,145,,,,BARCL,ITAU,,,
2026-03-21T19:11:21.853Z,market,trade,TESTE,100012.44877750454,118,,,,CS,MS,,,
2026-03-21T19:11:22.018Z,market,trade,TESTE,99998.58183926162,123,,,,BTG,UBS,,,
2026-03-21T19:11:22.018Z,alert,,TESTE,99998.58183926162,,,3,Acúmulo Institucional Abaixo da VWAP,,,,,
2026-03-21T19:11:22.168Z,market,trade,TESTE,99994.22246512513,26,,,,BTG,BARCL,,,
2026-03-21T19:11:22.319Z,market,trade,TESTE,99989.52663616241,12,,,,UBS,CS,,,
2026-03-21T19:11:22.485Z,market,trade,TESTE,99988.08052240846,33,,,,JPM,GOLDM,,,
2026-03-21T19:11:22.636Z,market,trade,TESTE,99992.585126412,64,,,,ITAU,CITI,,,
2026-03-21T19:11:22.636Z,alert,,TESTE,99992.585126412,,,3,Acúmulo Institucional Abaixo da VWAP,,,,,
2026-03-21T19:11:22.803Z,market,trade,TESTE,99997.93540577366,127,,,,XP,BTG,,,
2026-03-21T19:11:22.803Z,alert,,TESTE,99997.93540577366,,,3,Acúmulo Institucional Abaixo da VWAP,,,,,
2026-03-21T19:11:22.967Z,market,trade,TESTE,99985.97576980725,145,,,,ITAU,UBS,,,
2026-03-21T19:11:22.967Z,alert,,TESTE,99985.97576980725,,,3,Acúmulo Institucional Abaixo da VWAP,,,,,
2026-03-21T19:11:23.118Z,market,trade,TESTE,99988.84817679113,144,,,,XP,ITAU,,,
2026-03-21T19:11:23.269Z,market,trade,TESTE,100003.14783451332,70,,,,BTG,UBS,,,
2026-03-21T19:11:23.434Z,market,trade,TESTE,100003.82574685341,195,,,,BTG,BTG,,,
2026-03-21T19:11:23.434Z,alert,,TESTE,100003.82574685341,,,3,Acúmulo Institucional Abaixo da VWAP,,,,,
2026-03-21T19:11:23.585Z,market,trade,TESTE,100002.23254643449,71,,,,UBS,CS,,,
2026-03-21T19:11:23.585Z,alert,,TESTE,100002.23254643449,,,3,Acúmulo Institucional Abaixo da VWAP,,,,,
2026-03-21T19:11:23.736Z,market,trade,TESTE,99988.6124374929,61,,,,MS,ITAU,,,
2026-03-21T19:11:23.736Z,alert,,TESTE,99988.6124374929,,,3,Acúmulo Institucional Abaixo da VWAP,,,,,
2026-03-21T19:11:23.901Z,market,trade,TESTE,99992.53524899625,151,,,,CS,CS,,,
2026-03-21T19:11:24.067Z,market,trade,TESTE,100005.86165696732,8,,,,BARCL,CITI,,,
2026-03-21T19:11:24.219Z,market,trade,TESTE,100002.43887767081,145,,,,MS,BTG,,,
2026-03-21T19:11:24.370Z,market,trade,TESTE,100000.97567549595,177,,,,ITAU,BTG,,,
2026-03-21T19:11:24.370Z,alert,,TESTE,100000.97567549595,,,3,Acúmulo Institucional Abaixo da VWAP,,,,,
2026-03-21T19:11:24.535Z,market,trade,TESTE,99997.23752164296,123,,,,CITI,ITAU,,,
2026-03-21T19:11:24.685Z,market,trade,TESTE,99998.35256669154,117,,,,XP,BARCL,,,
2026-03-21T19:11:24.685Z,alert,,TESTE,99998.35256669154,,,3,Acúmulo Institucional Abaixo da VWAP,,,,,
2026-03-21T19:11:24.836Z,market,trade,TESTE,99985.96185789212,109,,,,MS,JPM,,,
2026-03-21T19:11:25.002Z,market,trade,TESTE,99984.18986144483,150,,,,CITI,BARCL,,,
2026-03-21T19:11:25.153Z,market,trade,TESTE,99987.76961182871,45,,,,CITI,XP,,,
2026-03-21T19:11:25.319Z,market,trade,TESTE,99984.72609216937,156,,,,XP,MS,,,
2026-03-21T19:11:25.469Z,market,trade,TESTE,99995.44451073605,188,,,,GOLDM,CS,,,
2026-03-21T19:11:25.620Z,market,trade,TESTE,99998.62424380032,171,,,,UBS,CS,,,
2026-03-21T19:11:25.620Z,alert,,TESTE,99998.62424380032,,,3,Acúmulo Institucional Abaixo da VWAP,,,,,
2026-03-21T19:11:25.784Z,market,trade,TESTE,99993.671196147,28,,,,CITI,UBS,,,
2026-03-21T19:11:25.934Z,market,trade,TESTE,99991.17785144136,42,,,,XP,BARCL,,,
2026-03-21T19:11:25.934Z,alert,,TESTE,99991.17785144136,,,3,Acúmulo Institucional Abaixo da VWAP,,,,,
2026-03-21T19:11:26.085Z,market,trade,TESTE,99993.41320657742,9,,,,CS,CITI,,,
2026-03-21T19:11:26.251Z,market,trade,TESTE,99982.49167373528,34,,,,XP,MS,,,
2026-03-21T19:11:26.403Z,market,trade,TESTE,99979.08786150167,23,,,,BARCL,UBS,,,
2026-03-21T19:11:26.403Z,alert,,TESTE,99979.08786150167,,,3,Acúmulo Institucional Abaixo da VWAP,,,,,
2026-03-21T19:11:26.568Z,market,trade,TESTE,99976.27821238484,13,,,,MS,XP,,,
2026-03-21T19:11:26.730Z,market,trade,TESTE,99974.86992728445,31,,,,MS,JPM,,,
2026-03-21T19:11:26.885Z,market,trade,TESTE,99984.60781944061,17,,,,XP,MS,,,
2026-03-21T19:11:26.885Z,alert,,TESTE,99984.60781944061,,,3,Acúmulo Institucional Abaixo da VWAP,,,,,
2026-03-21T19:11:27.036Z,market,trade,TESTE,99971.0039999595,45,,,,CITI,MS,,,
2026-03-21T19:11:27.201Z,market,trade,TESTE,99969.28056239021,179,,,,CS,MS,,,
2026-03-21T19:11:27.202Z,alert,,TESTE,99969.28056239021,,,3,Acúmulo Institucional Abaixo da VWAP,,,,,
2026-03-21T19:11:27.352Z,market,trade,TESTE,99976.52901606422,153,,,,MS,BARCL,,,
2026-03-21T19:11:27.518Z,market,trade,TESTE,99978.18697086543,185,,,,CS,MS,,,
2026-03-21T19:11:27.671Z,market,trade,TESTE,99971.88141366397,146,,,,JPM,BARCL,,,
2026-03-21T19:11:27.834Z,market,trade,TESTE,99975.419935896,84,,,,ITAU,JPM,,,
2026-03-21T19:11:27.834Z,alert,,TESTE,99975.419935896,,,3,Acúmulo Institucional Abaixo da VWAP,,,,,
2026-03-21T19:11:28.002Z,market,trade,TESTE,99971.38568845413,69,,,,BARCL,ITAU,,,
2026-03-21T19:11:28.002Z,alert,,TESTE,99971.38568845413,,,3,Acúmulo Institucional Abaixo da VWAP,,,,,
2026-03-21T19:11:28.152Z,market,trade,TESTE,99980.34955964427,119,,,,GOLDM,BTG,,,
2026-03-21T19:11:28.302Z,market,trade,TESTE,99969.94454222168,35,,,,XP,UBS,,,
2026-03-21T19:11:28.303Z,alert,,TESTE,99969.94454222168,,,3,Acúmulo Institucional Abaixo da VWAP,,,,,
2026-03-21T19:11:28.468Z,market,trade,TESTE,99970.05929645713,102,,,,BARCL,ITAU,,,
2026-03-21T19:11:28.468Z,alert,,TESTE,99970.05929645713,,,3,Acúmulo Institucional Abaixo da VWAP,,,,,
2026-03-21T19:11:28.619Z,market,trade,TESTE,99977.00092533913,177,,,,CS,CS,,,
2026-03-21T19:11:28.619Z,alert,,TESTE,99977.00092533913,,,3,Acúmulo Institucional Abaixo da VWAP,,,,,
2026-03-21T19:11:28.784Z,market,trade,TESTE,99962.28130624829,101,,,,BTG,UBS,,,
2026-03-21T19:11:28.785Z,alert,,TESTE,99962.28130624829,,,3,Acúmulo Institucional Abaixo da VWAP,,,,,
2026-03-21T19:11:28.935Z,market,trade,TESTE,99961.52415347619,76,,,,GOLDM,UBS,,,
2026-03-21T19:11:28.935Z,alert,,TESTE,99961.52415347619,,,3,Acúmulo Institucional Abaixo da VWAP,,,,,
2026-03-21T19:11:29.085Z,market,trade,TESTE,99959.2128674855,200,,,,ITAU,XP,,,
2026-03-21T19:11:29.236Z,market,trade,TESTE,99965.3515863771,114,,,,BARCL,ITAU,,,
2026-03-21T19:11:29.386Z,market,trade,TESTE,99962.1788714575,43,,,,BARCL,CITI,,,
2026-03-21T19:11:29.551Z,market,trade,TESTE,99954.22221002972,90,,,,MS,GOLDM,,,
2026-03-21T19:11:29.716Z,market,trade,TESTE,99962.28742786178,151,,,,XP,BARCL,,,
2026-03-21T19:11:29.716Z,alert,,TESTE,99962.28742786178,,,3,Acúmulo Institucional Abaixo da VWAP,,,,,
2026-03-21T19:11:29.868Z,market,trade,TESTE,99958.3766825533,31,,,,MS,XP,,,
2026-03-21T19:11:30.019Z,market,trade,TESTE,99946.06786419467,197,,,,BTG,JPM,,,
2026-03-21T19:11:30.019Z,alert,,TESTE,99946.06786419467,,,3,Acúmulo Institucional Abaixo da VWAP,,,,,
2026-03-21T19:11:30.184Z,market,trade,TESTE,99957.40412601599,127,,,,BARCL,ITAU,,,
2026-03-21T19:11:30.185Z,alert,,TESTE,99957.40412601599,,,3,Acúmulo Institucional Abaixo da VWAP,,,,,
2026-03-21T19:11:30.336Z,market,trade,TESTE,99944.64390341027,89,,,,BARCL,MS,,,
2026-03-21T19:11:30.336Z,alert,,TESTE,99944.64390341027,,,3,Acúmulo Institucional Abaixo da VWAP,,,,,
2026-03-21T19:11:30.501Z,market,trade,TESTE,99953.59947591537,118,,,,JPM,JPM,,,
2026-03-21T19:11:30.653Z,market,trade,TESTE,99947.62787560158,160,,,,UBS,BARCL,,,
2026-03-21T19:11:30.653Z,alert,,TESTE,99947.62787560158,,,3,Acúmulo Institucional Abaixo da VWAP,,,,,
2026-03-21T19:11:30.818Z,market,trade,TESTE,99947.9746987176,37,,,,XP,GOLDM,,,
2026-03-21T19:11:30.968Z,market,trade,TESTE,99942.9862027236,19,,,,XP,XP,,,
2026-03-21T19:11:31.119Z,market,trade,TESTE,99949.55782845426,106,,,,JPM,GOLDM,,,
2026-03-21T19:11:31.285Z,market,trade,TESTE,99940.16004542487,164,,,,JPM,CITI,,,
2026-03-21T19:11:31.285Z,alert,,TESTE,99940.16004542487,,,3,Acúmulo Institucional Abaixo da VWAP,,,,,
2026-03-21T19:11:31.451Z,market,trade,TESTE,99946.15555072988,172,,,,XP,MS,,,
2026-03-21T19:11:31.451Z,alert,,TESTE,99946.15555072988,,,3,Acúmulo Institucional Abaixo da VWAP,,,,,
2026-03-21T19:11:31.602Z,market,trade,TESTE,99935.84829882254,153,,,,CS,BARCL,,,
2026-03-21T19:11:31.602Z,alert,,TESTE,99935.84829882254,,,3,Acúmulo Institucional Abaixo da VWAP,,,,,
2026-03-21T19:11:31.752Z,market,trade,TESTE,99941.76533042123,171,,,,BARCL,UBS,,,
2026-03-21T19:11:31.752Z,alert,,TESTE,99941.76533042123,,,3,Acúmulo Institucional Abaixo da VWAP,,,,,
2026-03-21T19:11:31.902Z,market,trade,TESTE,99945.16783366787,100,,,,GOLDM,MS,,,
2026-03-21T19:11:31.902Z,alert,,TESTE,99945.16783366787,,,3,Acúmulo Institucional Abaixo da VWAP,,,,,
2026-03-21T19:11:32.067Z,market,trade,TESTE,99947.60406610645,176,,,,JPM,CITI,,,
2026-03-21T19:11:32.068Z,alert,,TESTE,99947.60406610645,,,3,Acúmulo Institucional Abaixo da VWAP,,,,,
2026-03-21T19:11:32.218Z,market,trade,TESTE,99944.437526727,163,,,,UBS,JPM,,,
2026-03-21T19:11:32.218Z,alert,,TESTE,99944.437526727,,,3,Acúmulo Institucional Abaixo da VWAP,,,,,
2026-03-21T19:11:32.369Z,market,trade,TESTE,99946.60270892193,106,,,,XP,BTG,,,
2026-03-21T19:11:32.369Z,alert,,TESTE,99946.60270892193,,,3,Acúmulo Institucional Abaixo da VWAP,,,,,
2026-03-21T19:11:32.534Z,market,trade,TESTE,99938.14774765934,10,,,,ITAU,XP,,,
2026-03-21T19:11:32.698Z,market,trade,TESTE,99938.05301609222,58,,,,CITI,CITI,,,
2026-03-21T19:11:32.698Z,alert,,TESTE,99938.05301609222,,,3,Acúmulo Institucional Abaixo da VWAP,,,,,
2026-03-21T19:11:32.852Z,market,trade,TESTE,99946.0086792896,46,,,,CS,UBS,,,
2026-03-21T19:11:32.852Z,alert,,TESTE,99946.0086792896,,,3,Acúmulo Institucional Abaixo da VWAP,,,,,
2026-03-21T19:11:33.003Z,market,trade,TESTE,99939.83479266972,188,,,,ITAU,XP,,,
2026-03-21T19:11:33.003Z,alert,,TESTE,99939.83479266972,,,3,Acúmulo Institucional Abaixo da VWAP,,,,,
2026-03-21T19:11:33.168Z,market,trade,TESTE,99950.27039173289,167,,,,JPM,MS,,,
2026-03-21T19:11:33.168Z,alert,,TESTE,99950.27039173289,,,3,Acúmulo Institucional Abaixo da VWAP,,,,,
2026-03-21T19:11:33.318Z,market,trade,TESTE,99937.79126476019,63,,,,JPM,CS,,,
2026-03-21T19:11:33.470Z,market,trade,TESTE,99941.12489376948,171,,,,BTG,BTG,,,
2026-03-21T19:11:33.633Z,market,trade,TESTE,99945.30723872797,148,,,,XP,UBS,,,
2026-03-21T19:11:33.633Z,alert,,TESTE,99945.30723872797,,,3,Acúmulo Institucional Abaixo da VWAP,,,,,
2026-03-21T19:11:33.794Z,market,trade,TESTE,99944.85316152108,14,,,,CITI,CS,,,
2026-03-21T19:11:33.953Z,market,trade,TESTE,99954.38623499803,17,,,,XP,XP,,,
2026-03-21T19:11:33.953Z,alert,,TESTE,99954.38623499803,,,3,Acúmulo Institucional Abaixo da VWAP,,,,,
2026-03-21T19:11:34.110Z,market,trade,TESTE,99942.89158561573,198,,,,MS,BARCL,,,
2026-03-21T19:11:34.111Z,alert,,TESTE,99942.89158561573,,,3,Acúmulo Institucional Abaixo da VWAP,,,,,
2026-03-21T19:11:34.269Z,market,trade,TESTE,99956.01613707752,200,,,,BARCL,JPM,,,
2026-03-21T19:11:34.269Z,alert,,TESTE,99956.01613707752,,,3,Acúmulo Institucional Abaixo da VWAP,,,,,
2026-03-21T19:11:34.432Z,market,trade,TESTE,99955.32936663831,60,,,,GOLDM,UBS,,,
2026-03-21T19:11:34.433Z,alert,,TESTE,99955.32936663831,,,3,Acúmulo Institucional Abaixo da VWAP,,,,,
2026-03-21T19:11:34.584Z,market,trade,TESTE,99955.30799594137,111,,,,CS,CITI,,,
2026-03-21T19:11:34.584Z,alert,,TESTE,99955.30799594137,,,3,Acúmulo Institucional Abaixo da VWAP,,,,,
2026-03-21T19:11:34.748Z,market,trade,TESTE,99947.65128483665,150,,,,CITI,CITI,,,
2026-03-21T19:11:34.748Z,alert,,TESTE,99947.65128483665,,,3,Acúmulo Institucional Abaixo da VWAP,,,,,
2026-03-21T19:11:34.901Z,market,trade,TESTE,99943.72587144352,85,,,,JPM,BTG,,,
2026-03-21T19:11:35.066Z,market,trade,TESTE,99950.53217432818,139,,,,CITI,BTG,,,
2026-03-21T19:11:35.217Z,market,trade,TESTE,99951.00331196425,137,,,,CITI,UBS,,,
2026-03-21T19:11:35.379Z,market,trade,TESTE,99948.69281713852,90,,,,JPM,ITAU,,,
2026-03-21T19:11:35.379Z,alert,,TESTE,99948.69281713852,,,3,Acúmulo Institucional Abaixo da VWAP,,,,,
2026-03-21T19:11:35.534Z,market,trade,TESTE,99945.47426843575,128,,,,CITI,ITAU,,,
2026-03-21T19:11:35.535Z,alert,,TESTE,99945.47426843575,,,3,Acúmulo Institucional Abaixo da VWAP,,,,,
2026-03-21T19:11:35.687Z,market,trade,TESTE,99950.24570510667,73,,,,MS,GOLDM,,,
2026-03-21T19:11:35.841Z,market,trade,TESTE,99943.07664847841,60,,,,BARCL,XP,,,
2026-03-21T19:11:35.841Z,alert,,TESTE,99943.07664847841,,,3,Acúmulo Institucional Abaixo da VWAP,,,,,
2026-03-21T19:11:35.995Z,market,trade,TESTE,99956.41517211401,46,,,,MS,BARCL,,,
2026-03-21T19:11:35.995Z,alert,,TESTE,99956.41517211401,,,3,Acúmulo Institucional Abaixo da VWAP,,,,,
2026-03-21T19:11:36.149Z,market,trade,TESTE,99948.15480726048,91,,,,JPM,UBS,,,
2026-03-21T19:11:36.149Z,alert,,TESTE,99948.15480726048,,,3,Acúmulo Institucional Abaixo da VWAP,,,,,
2026-03-21T19:11:36.300Z,market,trade,TESTE,99951.3688253598,66,,,,ITAU,JPM,,,
2026-03-21T19:11:36.300Z,alert,,TESTE,99951.3688253598,,,3,Acúmulo Institucional Abaixo da VWAP,,,,,
2026-03-21T19:11:36.451Z,market,trade,TESTE,99951.05621691159,107,,,,JPM,CS,,,
2026-03-21T19:11:36.451Z,alert,,TESTE,99951.05621691159,,,3,Acúmulo Institucional Abaixo da VWAP,,,,,
2026-03-21T19:11:36.615Z,market,trade,TESTE,99960.04709061822,85,,,,UBS,MS,,,
2026-03-21T19:11:36.615Z,alert,,TESTE,99960.04709061822,,,3,Acúmulo Institucional Abaixo da VWAP,,,,,
2026-03-21T19:11:36.767Z,market,trade,TESTE,99952.18143661095,184,,,,ITAU,MS,,,
2026-03-21T19:11:36.767Z,alert,,TESTE,99952.18143661095,,,3,Acúmulo Institucional Abaixo da VWAP,,,,,
2026-03-21T19:11:36.918Z,market,trade,TESTE,99962.20662976347,165,,,,CITI,BTG,,,
2026-03-21T19:11:36.918Z,alert,,TESTE,99962.20662976347,,,3,Acúmulo Institucional Abaixo da VWAP,,,,,
2026-03-21T19:11:37.069Z,market,trade,TESTE,99949.76940995132,185,,,,GOLDM,BARCL,,,
2026-03-21T19:11:37.069Z,alert,,TESTE,99949.76940995132,,,3,Acúmulo Institucional Abaixo da VWAP,,,,,
2026-03-21T19:11:37.234Z,market,trade,TESTE,99944.88449816225,37,,,,XP,CITI,,,
2026-03-21T19:11:37.234Z,alert,,TESTE,99944.88449816225,,,3,Acúmulo Institucional Abaixo da VWAP,,,,,
2026-03-21T19:11:37.384Z,market,trade,TESTE,99959.4726574288,135,,,,JPM,ITAU,,,
2026-03-21T19:11:37.384Z,alert,,TESTE,99959.4726574288,,,3,Acúmulo Institucional Abaixo da VWAP,,,,,
2026-03-21T19:11:37.535Z,market,trade,TESTE,99947.90937174708,60,,,,BARCL,CITI,,,
2026-03-21T19:11:37.535Z,alert,,TESTE,99947.90937174708,,,3,Acúmulo Institucional Abaixo da VWAP,,,,,
2026-03-21T19:11:37.686Z,market,trade,TESTE,99953.89077018619,138,,,,CITI,JPM,,,
2026-03-21T19:11:37.687Z,alert,,TESTE,99953.89077018619,,,3,Acúmulo Institucional Abaixo da VWAP,,,,,
2026-03-21T19:11:37.851Z,market,trade,TESTE,99950.93506381015,6,,,,CS,GOLDM,,,
2026-03-21T19:11:37.851Z,alert,,TESTE,99950.93506381015,,,3,Acúmulo Institucional Abaixo da VWAP,,,,,
2026-03-21T19:11:38.002Z,market,trade,TESTE,99955.08136280203,144,,,,ITAU,JPM,,,
2026-03-21T19:11:38.002Z,alert,,TESTE,99955.08136280203,,,3,Acúmulo Institucional Abaixo da VWAP,,,,,
2026-03-21T19:11:38.167Z,market,trade,TESTE,99944.4582263859,79,,,,BTG,UBS,,,
2026-03-21T19:11:38.167Z,alert,,TESTE,99944.4582263859,,,3,Acúmulo Institucional Abaixo da VWAP,,,,,
2026-03-21T19:11:38.318Z,market,trade,TESTE,99953.20563186749,92,,,,ITAU,BTG,,,
2026-03-21T19:11:38.318Z,alert,,TESTE,99953.20563186749,,,3,Acúmulo Institucional Abaixo da VWAP,,,,,
2026-03-21T19:11:38.469Z,market,trade,TESTE,99941.35907877129,190,,,,XP,BTG,,,
2026-03-21T19:11:38.634Z,market,trade,TESTE,99949.89923413126,30,,,,UBS,BARCL,,,
2026-03-21T19:11:38.634Z,alert,,TESTE,99949.89923413126,,,3,Acúmulo Institucional Abaixo da VWAP,,,,,
2026-03-21T19:11:38.786Z,market,trade,TESTE,99940.62030962386,143,,,,UBS,JPM,,,
2026-03-21T19:11:38.786Z,alert,,TESTE,99940.62030962386,,,3,Acúmulo Institucional Abaixo da VWAP,,,,,
2026-03-21T19:11:38.951Z,market,trade,TESTE,99951.45083754692,174,,,,JPM,UBS,,,
2026-03-21T19:11:38.951Z,alert,,TESTE,99951.45083754692,,,3,Acúmulo Institucional Abaixo da VWAP,,,,,
2026-03-21T19:11:39.101Z,market,trade,TESTE,99945.49916693158,137,,,,BTG,UBS,,,
2026-03-21T19:11:39.102Z,alert,,TESTE,99945.49916693158,,,3,Acúmulo Institucional Abaixo da VWAP,,,,,
2026-03-21T19:11:39.253Z,market,trade,TESTE,99959.81030088996,116,,,,CITI,UBS,,,
2026-03-21T19:11:39.253Z,alert,,TESTE,99959.81030088996,,,3,Acúmulo Institucional Abaixo da VWAP,,,,,
2026-03-21T19:11:39.418Z,market,trade,TESTE,99952.148820398,170,,,,UBS,UBS,,,
2026-03-21T19:11:39.418Z,alert,,TESTE,99952.148820398,,,3,Acúmulo Institucional Abaixo da VWAP,,,,,
2026-03-21T19:11:39.569Z,market,trade,TESTE,99958.63815863417,39,,,,CITI,UBS,,,
2026-03-21T19:11:39.569Z,alert,,TESTE,99958.63815863417,,,3,Acúmulo Institucional Abaixo da VWAP,,,,,
2026-03-21T19:11:39.733Z,market,trade,TESTE,99951.7439499759,192,,,,UBS,BTG,,,
2026-03-21T19:11:39.733Z,alert,,TESTE,99951.7439499759,,,3,Acúmulo Institucional Abaixo da VWAP,,,,,
2026-03-21T19:11:39.885Z,market,trade,TESTE,99964.5076123329,32,,,,CITI,BTG,,,
2026-03-21T19:11:39.885Z,alert,,TESTE,99964.5076123329,,,3,Acúmulo Institucional Abaixo da VWAP,,,,,
2026-03-21T19:11:40.036Z,market,trade,TESTE,99957.91183188207,159,,,,BTG,CS,,,
2026-03-21T19:11:40.036Z,alert,,TESTE,99957.91183188207,,,3,Acúmulo Institucional Abaixo da VWAP,,,,,
2026-03-21T19:11:40.201Z,market,trade,TESTE,99963.2614112703,13,,,,XP,CITI,,,
2026-03-21T19:11:40.201Z,alert,,TESTE,99963.2614112703,,,3,Acúmulo Institucional Abaixo da VWAP,,,,,
2026-03-21T19:11:40.352Z,market,trade,TESTE,99958.07539500305,140,,,,XP,XP,,,
2026-03-21T19:11:40.353Z,alert,,TESTE,99958.07539500305,,,3,Acúmulo Institucional Abaixo da VWAP,,,,,
2026-03-21T19:11:40.503Z,market,trade,TESTE,99955.0184324977,163,,,,GOLDM,BTG,,,
2026-03-21T19:11:40.503Z,alert,,TESTE,99955.0184324977,,,3,Acúmulo Institucional Abaixo da VWAP,,,,,
2026-03-21T19:11:40.666Z,market,trade,TESTE,99951.45542177637,165,,,,BARCL,JPM,,,
2026-03-21T19:11:40.667Z,alert,,TESTE,99951.45542177637,,,3,Acúmulo Institucional Abaixo da VWAP,,,,,
2026-03-21T19:11:40.817Z,market,trade,TESTE,99954.68478386627,193,,,,CITI,BTG,,,
2026-03-21T19:11:40.818Z,alert,,TESTE,99954.68478386627,,,3,Acúmulo Institucional Abaixo da VWAP,,,,,
2026-03-21T19:11:40.969Z,market,trade,TESTE,99951.45342210477,80,,,,ITAU,CITI,,,
2026-03-21T19:11:40.969Z,alert,,TESTE,99951.45342210477,,,3,Acúmulo Institucional Abaixo da VWAP,,,,,
2026-03-21T19:11:41.134Z,market,trade,TESTE,99955.73283311709,13,,,,CS,GOLDM,,,
2026-03-21T19:11:41.285Z,market,trade,TESTE,99965.43633501968,143,,,,CITI,JPM,,,
2026-03-21T19:11:41.285Z,alert,,TESTE,99965.43633501968,,,3,Acúmulo Institucional Abaixo da VWAP,,,,,
2026-03-21T19:11:41.436Z,market,trade,TESTE,99952.31356705593,96,,,,CITI,JPM,,,
2026-03-21T19:11:41.436Z,alert,,TESTE,99952.31356705593,,,3,Acúmulo Institucional Abaixo da VWAP,,,,,
2026-03-21T19:11:41.601Z,market,trade,TESTE,99956.933032296,103,,,,BTG,BTG,,,
2026-03-21T19:11:41.602Z,alert,,TESTE,99956.933032296,,,3,Acúmulo Institucional Abaixo da VWAP,,,,,
2026-03-21T19:11:41.753Z,market,trade,TESTE,99953.56623804115,129,,,,ITAU,GOLDM,,,
2026-03-21T19:11:41.903Z,market,trade,TESTE,99962.38316994409,170,,,,GOLDM,ITAU,,,
2026-03-21T19:11:41.903Z,alert,,TESTE,99962.38316994409,,,3,Acúmulo Institucional Abaixo da VWAP,,,,,
2026-03-21T19:11:42.053Z,market,trade,TESTE,99961.083855504,53,,,,CITI,CITI,,,
2026-03-21T19:11:42.053Z,alert,,TESTE,99961.083855504,,,3,Acúmulo Institucional Abaixo da VWAP,,,,,
2026-03-21T19:11:42.218Z,market,trade,TESTE,99948.29528308957,153,,,,BTG,GOLDM,,,
2026-03-21T19:11:42.368Z,market,trade,TESTE,99958.3674070631,139,,,,GOLDM,XP,,,
2026-03-21T19:11:42.368Z,alert,,TESTE,99958.3674070631,,,3,Acúmulo Institucional Abaixo da VWAP,,,,,
2026-03-21T19:11:42.519Z,market,trade,TESTE,99949.56411315604,75,,,,GOLDM,CITI,,,
2026-03-21T19:11:42.519Z,alert,,TESTE,99949.56411315604,,,3,Acúmulo Institucional Abaixo da VWAP,,,,,
2026-03-21T19:11:42.684Z,market,trade,TESTE,99962.72541233803,82,,,,JPM,UBS,,,
2026-03-21T19:11:42.685Z,alert,,TESTE,99962.72541233803,,,3,Acúmulo Institucional Abaixo da VWAP,,,,,
2026-03-21T19:11:42.836Z,market,trade,TESTE,99963.22244393024,41,,,,UBS,GOLDM,,,
2026-03-21T19:11:42.836Z,alert,,TESTE,99963.22244393024,,,3,Acúmulo Institucional Abaixo da VWAP,,,,,
2026-03-21T19:11:42.989Z,market,trade,TESTE,99963.89367707811,42,,,,XP,JPM,,,
2026-03-21T19:11:42.989Z,alert,,TESTE,99963.89367707811,,,3,Acúmulo Institucional Abaixo da VWAP,,,,,
2026-03-21T19:11:43.151Z,market,trade,TESTE,99951.97166792392,116,,,,GOLDM,UBS,,,
2026-03-21T19:11:43.151Z,alert,,TESTE,99951.97166792392,,,3,Acúmulo Institucional Abaixo da VWAP,,,,,
2026-03-21T19:11:43.313Z,market,trade,TESTE,99951.71542240746,25,,,,XP,CITI,,,
2026-03-21T19:11:43.313Z,alert,,TESTE,99951.71542240746,,,3,Acúmulo Institucional Abaixo da VWAP,,,,,
2026-03-21T19:11:43.464Z,market,trade,TESTE,99949.10127548546,90,,,,UBS,JPM,,,
2026-03-21T19:11:43.464Z,alert,,TESTE,99949.10127548546,,,3,Acúmulo Institucional Abaixo da VWAP,,,,,
2026-03-21T19:11:43.620Z,market,trade,TESTE,99957.23874691309,34,,,,BTG,XP,,,
2026-03-21T19:11:43.784Z,market,trade,TESTE,99959.88248198864,135,,,,JPM,GOLDM,,,
2026-03-21T19:11:43.784Z,alert,,TESTE,99959.88248198864,,,3,Acúmulo Institucional Abaixo da VWAP,,,,,
2026-03-21T19:11:43.934Z,market,trade,TESTE,99952.354342933,84,,,,XP,CS,,,
2026-03-21T19:11:43.934Z,alert,,TESTE,99952.354342933,,,3,Acúmulo Institucional Abaixo da VWAP,,,,,
2026-03-21T19:11:44.085Z,market,trade,TESTE,99963.61622177518,65,,,,GOLDM,MS,,,
2026-03-21T19:11:44.085Z,alert,,TESTE,99963.61622177518,,,3,Acúmulo Institucional Abaixo da VWAP,,,,,
2026-03-21T19:11:44.236Z,market,trade,TESTE,99963.41587380249,110,,,,GOLDM,MS,,,
2026-03-21T19:11:44.236Z,alert,,TESTE,99963.41587380249,,,3,Acúmulo Institucional Abaixo da VWAP,,,,,
2026-03-21T19:11:44.402Z,market,trade,TESTE,99968.05598141586,83,,,,MS,XP,,,
2026-03-21T19:11:44.402Z,alert,,TESTE,99968.05598141586,,,3,Acúmulo Institucional Abaixo da VWAP,,,,,
2026-03-21T19:11:44.566Z,market,trade,TESTE,99972.3174060194,131,,,,BARCL,GOLDM,,,
2026-03-21T19:11:44.566Z,alert,,TESTE,99972.3174060194,,,3,Acúmulo Institucional Abaixo da VWAP,,,,,
2026-03-21T19:11:44.721Z,market,trade,TESTE,99975.71673865359,179,,,,ITAU,CITI,,,
2026-03-21T19:11:44.721Z,alert,,TESTE,99975.71673865359,,,3,Acúmulo Institucional Abaixo da VWAP,,,,,
2026-03-21T19:11:44.882Z,market,trade,TESTE,99963.52400791584,49,,,,BARCL,XP,,,
2026-03-21T19:11:44.882Z,alert,,TESTE,99963.52400791584,,,3,Acúmulo Institucional Abaixo da VWAP,,,,,
2026-03-21T19:11:45.034Z,market,trade,TESTE,99977.28683139182,195,,,,BARCL,CS,,,
2026-03-21T19:11:45.034Z,alert,,TESTE,99977.28683139182,,,3,Acúmulo Institucional Abaixo da VWAP,,,,,
2026-03-21T19:11:45.185Z,market,trade,TESTE,99974.86176169678,194,,,,BTG,UBS,,,
2026-03-21T19:11:45.335Z,market,trade,TESTE,99974.21347923263,83,,,,CS,GOLDM,,,
2026-03-21T19:11:45.335Z,alert,,TESTE,99974.21347923263,,,3,Acúmulo Institucional Abaixo da VWAP,,,,,
2026-03-21T19:11:45.486Z,market,trade,TESTE,99968.16063631135,72,,,,XP,XP,,,
2026-03-21T19:11:45.486Z,alert,,TESTE,99968.16063631135,,,3,Acúmulo Institucional Abaixo da VWAP,,,,,
2026-03-21T19:11:45.650Z,market,trade,TESTE,99981.64338253043,171,,,,BARCL,CITI,,,
2026-03-21T19:11:45.650Z,alert,,TESTE,99981.64338253043,,,3,Acúmulo Institucional Abaixo da VWAP,,,,,
2026-03-21T19:11:45.801Z,market,trade,TESTE,99977.84297891169,109,,,,CS,ITAU,,,
2026-03-21T19:11:45.953Z,market,trade,TESTE,99970.88996406217,57,,,,CITI,BARCL,,,
2026-03-21T19:11:45.954Z,alert,,TESTE,99970.88996406217,,,3,Acúmulo Institucional Abaixo da VWAP,,,,,
2026-03-21T19:11:46.118Z,market,trade,TESTE,99982.53759021092,35,,,,JPM,BTG,,,
2026-03-21T19:11:46.118Z,alert,,TESTE,99982.53759021092,,,3,Acúmulo Institucional Abaixo da VWAP,,,,,
2026-03-21T19:11:46.268Z,market,trade,TESTE,99975.16495790514,95,,,,XP,UBS,,,
2026-03-21T19:11:46.268Z,alert,,TESTE,99975.16495790514,,,3,Acúmulo Institucional Abaixo da VWAP,,,,,
2026-03-21T19:11:46.420Z,market,trade,TESTE,99988.77389612803,189,,,,JPM,MS,,,
2026-03-21T19:11:46.420Z,alert,,TESTE,99988.77389612803,,,3,Acúmulo Institucional Abaixo da VWAP,,,,,
2026-03-21T19:11:46.571Z,market,trade,TESTE,99983.14478198868,190,,,,UBS,ITAU,,,
2026-03-21T19:11:46.731Z,market,trade,TESTE,99979.92574418639,151,,,,MS,UBS,,,
2026-03-21T19:11:46.732Z,alert,,TESTE,99979.92574418639,,,3,Acúmulo Institucional Abaixo da VWAP,,,,,
2026-03-21T19:11:46.885Z,market,trade,TESTE,99986.77258970431,186,,,,XP,BARCL,,,
2026-03-21T19:11:47.047Z,market,trade,TESTE,99978.69387743055,65,,,,JPM,CS,,,
2026-03-21T19:11:47.047Z,alert,,TESTE,99978.69387743055,,,3,Acúmulo Institucional Abaixo da VWAP,,,,,
2026-03-21T19:11:47.200Z,market,trade,TESTE,99975.0508587794,152,,,,GOLDM,ITAU,,,
2026-03-21T19:11:47.370Z,market,trade,TESTE,99980.68098249774,124,,,,BTG,CS,,,
2026-03-21T19:11:47.535Z,market,trade,TESTE,99984.29278747192,148,,,,GOLDM,GOLDM,,,
2026-03-21T19:11:47.687Z,market,trade,TESTE,99988.49784503785,131,,,,UBS,BTG,,,
2026-03-21T19:11:47.850Z,market,trade,TESTE,99979.52887048546,134,,,,CS,CITI,,,
2026-03-21T19:11:47.850Z,alert,,TESTE,99979.52887048546,,,3,Acúmulo Institucional Abaixo da VWAP,,,,,
2026-03-21T19:11:48.013Z,market,trade,TESTE,99986.64737691874,136,,,,GOLDM,CS,,,
2026-03-21T19:11:48.169Z,market,trade,TESTE,99983.03852464508,180,,,,CITI,CS,,,
2026-03-21T19:11:48.169Z,alert,,TESTE,99983.03852464508,,,3,Acúmulo Institucional Abaixo da VWAP,,,,,
2026-03-21T19:11:48.321Z,market,trade,TESTE,99977.4726976547,21,,,,JPM,CITI,,,
2026-03-21T19:11:48.321Z,alert,,TESTE,99977.4726976547,,,3,Acúmulo Institucional Abaixo da VWAP,,,,,
2026-03-21T19:11:48.485Z,market,trade,TESTE,99986.03927778282,89,,,,XP,GOLDM,,,
2026-03-21T19:11:48.650Z,market,trade,TESTE,99986.36313731065,120,,,,XP,BTG,,,
2026-03-21T19:11:48.802Z,market,trade,TESTE,99980.91603936758,156,,,,BTG,UBS,,,
2026-03-21T19:11:48.802Z,alert,,TESTE,99980.91603936758,,,3,Acúmulo Institucional Abaixo da VWAP,,,,,
2026-03-21T19:11:48.957Z,market,trade,TESTE,99995.53476571201,86,,,,BTG,BTG,,,
2026-03-21T19:11:49.118Z,market,trade,TESTE,99981.02756594201,39,,,,XP,JPM,,,
2026-03-21T19:11:49.119Z,alert,,TESTE,99981.02756594201,,,3,Acúmulo Institucional Abaixo da VWAP,,,,,
2026-03-21T19:11:49.282Z,market,trade,TESTE,99990.95413923931,164,,,,UBS,GOLDM,,,
2026-03-21T19:11:49.443Z,market,trade,TESTE,99995.1248427139,139,,,,BARCL,ITAU,,,
2026-03-21T19:11:49.601Z,market,trade,TESTE,99987.00873416134,74,,,,ITAU,XP,,,
2026-03-21T19:11:49.601Z,alert,,TESTE,99987.00873416134,,,3,Acúmulo Institucional Abaixo da VWAP,,,,,
2026-03-21T19:11:49.752Z,market,trade,TESTE,99986.10557556442,118,,,,ITAU,BARCL,,,
2026-03-21T19:11:49.752Z,alert,,TESTE,99986.10557556442,,,3,Acúmulo Institucional Abaixo da VWAP,,,,,
2026-03-21T19:11:49.903Z,market,trade,TESTE,99992.69407461549,127,,,,BTG,BTG,,,
2026-03-21T19:11:50.068Z,market,trade,TESTE,99989.75855023338,114,,,,UBS,CS,,,
2026-03-21T19:11:50.219Z,market,trade,TESTE,99992.38124060622,82,,,,GOLDM,MS,,,
2026-03-21T19:11:50.384Z,market,trade,TESTE,99994.45013591678,59,,,,JPM,MS,,,
2026-03-21T19:11:50.384Z,alert,,TESTE,99994.45013591678,,,3,Acúmulo Institucional Abaixo da VWAP,,,,,
2026-03-21T19:11:50.535Z,market,trade,TESTE,99987.70039834245,158,,,,UBS,CITI,,,
2026-03-21T19:11:50.697Z,market,trade,TESTE,99983.93321429884,82,,,,MS,BARCL,,,
2026-03-21T19:11:50.697Z,alert,,TESTE,99983.93321429884,,,3,Acúmulo Institucional Abaixo da VWAP,,,,,
2026-03-21T19:11:50.852Z,market,trade,TESTE,99998.53120270427,72,,,,BARCL,ITAU,,,
2026-03-21T19:11:51.003Z,market,trade,TESTE,99990.3309059046,34,,,,JPM,ITAU,,,
2026-03-21T19:11:51.167Z,market,trade,TESTE,100004.28186435922,83,,,,MS,BTG,,,
2026-03-21T19:11:51.329Z,market,trade,TESTE,100003.04767004748,40,,,,ITAU,GOLDM,,,
2026-03-21T19:11:51.483Z,market,trade,TESTE,99991.81036177963,70,,,,CS,GOLDM,,,
2026-03-21T19:11:51.483Z,alert,,TESTE,99991.81036177963,,,3,Acúmulo Institucional Abaixo da VWAP,,,,,
2026-03-21T19:11:51.647Z,market,trade,TESTE,99995.81252074637,138,,,,BTG,CITI,,,
2026-03-21T19:11:51.801Z,market,trade,TESTE,100003.2192560633,96,,,,BARCL,XP,,,
2026-03-21T19:11:51.969Z,market,trade,TESTE,100007.96418213795,115,,,,MS,ITAU,,,
2026-03-21T19:11:52.133Z,market,trade,TESTE,99998.38522229291,177,,,,UBS,BARCL,,,
2026-03-21T19:11:52.294Z,market,trade,TESTE,100006.18728245722,130,,,,CS,BARCL,,,
2026-03-21T19:11:52.450Z,market,trade,TESTE,100005.68691898821,31,,,,MS,JPM,,,
2026-03-21T19:11:52.615Z,market,trade,TESTE,100007.52632471075,116,,,,XP,UBS,,,
2026-03-21T19:11:52.770Z,market,trade,TESTE,99998.26469257231,69,,,,CITI,JPM,,,
2026-03-21T19:11:52.931Z,market,trade,TESTE,100009.32293229428,11,,,,MS,GOLDM,,,
2026-03-21T19:11:53.085Z,market,trade,TESTE,99997.29614941908,13,,,,XP,BTG,,,
2026-03-21T19:11:53.085Z,alert,,TESTE,99997.29614941908,,,3,Acúmulo Institucional Abaixo da VWAP,,,,,
2026-03-21T19:11:53.236Z,market,trade,TESTE,99993.0245424974,129,,,,XP,JPM,,,
2026-03-21T19:11:53.386Z,market,trade,TESTE,99996.86079899047,136,,,,BTG,JPM,,,
2026-03-21T19:11:53.547Z,market,trade,TESTE,99999.75073089049,54,,,,BARCL,MS,,,
2026-03-21T19:11:53.702Z,market,trade,TESTE,100008.75770121402,115,,,,UBS,BTG,,,
2026-03-21T19:11:53.854Z,market,trade,TESTE,100009.23805548748,131,,,,BTG,BARCL,,,
2026-03-21T19:11:54.017Z,market,trade,TESTE,100001.49309144824,83,,,,XP,CITI,,,
2026-03-21T19:11:54.169Z,market,trade,TESTE,100002.60213308543,115,,,,GOLDM,XP,,,
2026-03-21T19:11:54.334Z,market,trade,TESTE,100006.22200460042,92,,,,ITAU,BARCL,,,
2026-03-21T19:11:54.486Z,market,trade,TESTE,100016.01746592893,140,,,,ITAU,UBS,,,
2026-03-21T19:11:54.650Z,market,trade,TESTE,100007.13423855898,54,,,,BTG,XP,,,
2026-03-21T19:11:54.802Z,market,trade,TESTE,100020.3597381429,199,,,,XP,XP,,,
2026-03-21T19:11:54.968Z,market,trade,TESTE,100017.12209730611,162,,,,XP,GOLDM,,,
2026-03-21T19:11:55.133Z,market,trade,TESTE,100019.362143714,54,,,,JPM,BARCL,,,
2026-03-21T19:11:55.292Z,market,trade,TESTE,100016.38488429073,66,,,,JPM,JPM,,,
2026-03-21T19:11:55.449Z,market,trade,TESTE,100014.90473354864,74,,,,MS,ITAU,,,
2026-03-21T19:11:55.601Z,market,trade,TESTE,100008.54084822682,154,,,,BTG,ITAU,,,
2026-03-21T19:11:55.752Z,market,trade,TESTE,100009.15807384679,153,,,,BARCL,GOLDM,,,
2026-03-21T19:11:55.908Z,market,trade,TESTE,100023.28501167972,101,,,,BARCL,CS,,,
2026-03-21T19:11:56.072Z,market,trade,TESTE,100018.48576447439,178,,,,UBS,JPM,,,
2026-03-21T19:11:56.235Z,market,trade,TESTE,100023.1341451284,130,,,,CS,ITAU,,,
2026-03-21T19:11:56.386Z,market,trade,TESTE,100017.97835971319,67,,,,BTG,UBS,,,
2026-03-21T19:11:56.536Z,market,trade,TESTE,100032.53518711847,69,,,,XP,MS,,,
2026-03-21T19:11:56.687Z,market,trade,TESTE,100017.73609735795,105,,,,ITAU,JPM,,,
2026-03-21T19:11:56.841Z,market,trade,TESTE,100015.89520617122,22,,,,CITI,GOLDM,,,
2026-03-21T19:11:57.002Z,market,trade,TESTE,100014.96872347947,188,,,,GOLDM,GOLDM,,,
2026-03-21T19:11:57.168Z,market,trade,TESTE,100025.40131685634,42,,,,XP,CITI,,,
2026-03-21T19:11:57.325Z,market,trade,TESTE,100029.99086033346,128,,,,ITAU,XP,,,
2026-03-21T19:11:57.501Z,market,trade,TESTE,100025.19883396437,131,,,,MS,GOLDM,,,
2026-03-21T19:11:57.652Z,market,trade,TESTE,100014.51242123783,70,,,,ITAU,BARCL,,,
2026-03-21T19:11:57.803Z,market,trade,TESTE,100025.43141883097,76,,,,CITI,GOLDM,,,
2026-03-21T19:11:57.967Z,market,trade,TESTE,100020.55213018636,193,,,,JPM,XP,,,
2026-03-21T19:11:58.125Z,market,trade,TESTE,100011.66696337367,99,,,,XP,BTG,,,
2026-03-21T19:11:58.126Z,alert,,TESTE,100011.66696337367,,,3,Acúmulo Institucional Abaixo da VWAP,,,,,
2026-03-21T19:11:58.286Z,market,trade,TESTE,100018.32881265745,71,,,,JPM,BARCL,,,
2026-03-21T19:11:58.451Z,market,trade,TESTE,100008.95547467998,29,,,,CITI,XP,,,
2026-03-21T19:11:58.611Z,market,trade,TESTE,100022.30009840509,40,,,,CS,BTG,,,
2026-03-21T19:11:58.767Z,market,trade,TESTE,100023.23701618542,127,,,,UBS,CS,,,
2026-03-21T19:11:58.920Z,market,trade,TESTE,100015.44989424643,37,,,,JPM,BARCL,,,
2026-03-21T19:11:59.082Z,market,trade,TESTE,100022.98545462995,45,,,,JPM,XP,,,
2026-03-21T19:11:59.238Z,market,trade,TESTE,100008.28375297824,58,,,,ITAU,ITAU,,,
2026-03-21T19:11:59.403Z,market,trade,TESTE,100011.78436994572,187,,,,JPM,ITAU,,,
2026-03-21T19:11:59.567Z,market,trade,TESTE,100025.74658211747,179,,,,ITAU,CITI,,,
2026-03-21T19:11:59.719Z,market,trade,TESTE,100024.3726232096,109,,,,UBS,GOLDM,,,
2026-03-21T19:11:59.870Z,market,trade,TESTE,100020.77420913219,123,,,,UBS,UBS,,,
2026-03-21T19:12:00.035Z,market,trade,TESTE,100007.61629371929,22,,,,JPM,BARCL,,,
2026-03-21T19:12:00.187Z,market,trade,TESTE,100006.82531958768,126,,,,MS,MS,,,
2026-03-21T19:12:00.350Z,market,trade,TESTE,100021.0370172783,82,,,,CS,MS,,,
2026-03-21T19:12:00.503Z,market,trade,TESTE,100014.72457524463,178,,,,UBS,XP,,,
2026-03-21T19:12:00.668Z,market,trade,TESTE,100020.5544545899,68,,,,JPM,BTG,,,
2026-03-21T19:12:00.826Z,market,trade,TESTE,100007.17541543953,96,,,,XP,XP,,,
2026-03-21T19:12:00.986Z,market,trade,TESTE,100013.89259698665,19,,,,XP,BTG,,,
2026-03-21T19:12:01.150Z,market,trade,TESTE,100018.0685994583,82,,,,BARCL,GOLDM,,,
2026-03-21T19:12:01.303Z,market,trade,TESTE,100011.09569180568,184,,,,JPM,ITAU,,,
2026-03-21T19:12:01.468Z,market,trade,TESTE,100020.92913956166,89,,,,JPM,JPM,,,
2026-03-21T19:12:01.618Z,market,trade,TESTE,100012.495165941,170,,,,BARCL,UBS,,,
2026-03-21T19:12:01.769Z,market,trade,TESTE,100025.54588140655,117,,,,BARCL,UBS,,,
2026-03-21T19:12:01.934Z,market,trade,TESTE,100019.70922137158,167,,,,XP,ITAU,,,
2026-03-21T19:12:02.088Z,market,trade,TESTE,100023.2284882572,178,,,,MS,UBS,,,
2026-03-21T19:12:02.254Z,market,trade,TESTE,100035.65645802267,181,,,,GOLDM,BTG,,,
2026-03-21T19:12:02.419Z,market,trade,TESTE,100020.80562186425,49,,,,CITI,UBS,,,
2026-03-21T19:12:02.585Z,market,trade,TESTE,100025.97927708905,128,,,,MS,JPM,,,
2026-03-21T19:12:02.736Z,market,trade,TESTE,100014.70682758372,7,,,,UBS,BARCL,,,
2026-03-21T19:12:02.901Z,market,trade,TESTE,100027.81908441357,199,,,,CS,UBS,,,
2026-03-21T19:12:03.051Z,market,trade,TESTE,100014.7944128294,110,,,,XP,BARCL,,,
2026-03-21T19:12:03.216Z,market,trade,TESTE,100015.55088414026,74,,,,GOLDM,CS,,,
2026-03-21T19:12:03.369Z,market,trade,TESTE,100019.10098462198,57,,,,MS,CITI,,,
2026-03-21T19:12:03.554Z,market,trade,TESTE,100033.41456958819,69,,,,BTG,XP,,,
2026-03-21T19:12:03.720Z,market,trade,TESTE,100029.25785217174,105,,,,ITAU,GOLDM,,,
2026-03-21T19:16:00.650Z,market,trade,TESTE,99999.03376097129,196,,,,CITI,CS,,,
2026-03-21T19:16:00.800Z,market,trade,TESTE,100013.7085068058,80,,,,MS,JPM,,,
2026-03-21T19:16:00.951Z,market,trade,TESTE,100005.84351524085,98,,,,BARCL,JPM,,,
2026-03-21T19:16:01.103Z,market,trade,TESTE,100007.38911261997,166,,,,JPM,XP,,,
2026-03-21T19:16:01.268Z,market,trade,TESTE,100017.43183079502,34,,,,MS,BTG,,,
2026-03-21T19:16:01.435Z,market,trade,TESTE,100010.61590843687,137,,,,JPM,JPM,,,
2026-03-21T19:16:01.602Z,market,trade,TESTE,100025.36198132412,134,,,,UBS,CITI,,,
2026-03-21T19:16:01.752Z,market,trade,TESTE,100019.55659793135,110,,,,ITAU,BARCL,,,
2026-03-21T19:16:01.904Z,market,trade,TESTE,100017.6351086275,23,,,,GOLDM,GOLDM,,,
2026-03-21T19:16:02.060Z,market,trade,TESTE,100023.32571920098,195,,,,BTG,GOLDM,,,
2026-03-21T19:16:02.218Z,market,trade,TESTE,100009.25716515968,165,,,,JPM,BTG,,,
2026-03-21T19:16:02.384Z,market,trade,TESTE,100009.31602451309,7,,,,BARCL,JPM,,,
2026-03-21T19:16:02.537Z,market,trade,TESTE,100019.82949018313,98,,,,UBS,BARCL,,,
2026-03-21T19:16:02.693Z,market,trade,TESTE,100013.20869259357,59,,,,BTG,CITI,,,
2026-03-21T19:16:02.846Z,market,trade,TESTE,100015.60447656536,38,,,,UBS,ITAU,,,
2026-03-21T19:16:03.001Z,market,trade,TESTE,100012.09309197975,41,,,,MS,CITI,,,
2026-03-21T19:16:03.151Z,market,trade,TESTE,100019.20565645985,195,,,,CITI,ITAU,,,
2026-03-21T19:16:03.302Z,market,trade,TESTE,100016.26880441613,140,,,,CS,MS,,,
2026-03-21T19:16:03.467Z,market,trade,TESTE,100013.9606135484,103,,,,JPM,MS,,,
2026-03-21T19:16:03.621Z,market,trade,TESTE,100018.78744731916,41,,,,ITAU,CITI,,,
2026-03-21T19:16:03.775Z,market,trade,TESTE,100017.03620192458,35,,,,JPM,BTG,,,
2026-03-21T19:16:03.934Z,market,trade,TESTE,100012.96210755066,136,,,,CITI,MS,,,
2026-03-21T19:16:04.085Z,market,trade,TESTE,99999.71258979422,157,,,,GOLDM,ITAU,,,
2026-03-21T19:16:04.248Z,market,trade,TESTE,100000.50894034977,119,,,,CS,XP,,,
2026-03-21T19:16:04.400Z,market,trade,TESTE,99996.90205955123,113,,,,MS,BTG,,,
2026-03-21T19:16:04.564Z,market,trade,TESTE,99996.67803853398,57,,,,XP,JPM,,,
2026-03-21T19:16:04.715Z,market,trade,TESTE,100006.79473136226,149,,,,JPM,BARCL,,,
2026-03-21T19:16:04.868Z,market,trade,TESTE,99998.9040899099,127,,,,ITAU,CITI,,,
2026-03-21T19:16:05.033Z,market,trade,TESTE,100008.54366305134,106,,,,XP,MS,,,
2026-03-21T19:16:05.185Z,market,trade,TESTE,100001.77293108712,9,,,,BTG,XP,,,
2026-03-21T19:16:05.339Z,market,trade,TESTE,100005.90697141258,8,,,,UBS,BTG,,,
2026-03-21T19:16:05.500Z,market,trade,TESTE,100002.36949613794,154,,,,ITAU,UBS,,,
2026-03-21T19:16:05.650Z,market,trade,TESTE,99998.33816662035,164,,,,JPM,XP,,,
2026-03-21T19:16:05.801Z,market,trade,TESTE,99995.26722499458,47,,,,BTG,UBS,,,
2026-03-21T19:16:05.967Z,market,trade,TESTE,100007.70551532938,192,,,,BTG,XP,,,
2026-03-21T19:16:06.131Z,market,trade,TESTE,100002.1956625693,7,,,,MS,UBS,,,
2026-03-21T19:16:06.284Z,market,trade,TESTE,99997.76189862452,54,,,,JPM,MS,,,
2026-03-21T19:16:06.451Z,market,trade,TESTE,100003.22000263447,54,,,,ITAU,ITAU,,,
2026-03-21T19:16:06.612Z,market,trade,TESTE,99996.72305765655,32,,,,BARCL,MS,,,
2026-03-21T19:16:06.763Z,market,trade,TESTE,99998.51670287785,6,,,,CS,CITI,,,
2026-03-21T19:16:06.916Z,market,trade,TESTE,100002.73543285509,82,,,,BTG,JPM,,,
2026-03-21T19:16:07.068Z,market,trade,TESTE,100001.78339754506,79,,,,CS,ITAU,,,
2026-03-21T19:16:07.233Z,market,trade,TESTE,100011.6695797751,153,,,,ITAU,BTG,,,
2026-03-21T19:16:07.384Z,market,trade,TESTE,100010.7503482288,51,,,,MS,XP,,,
2026-03-21T19:16:07.535Z,market,trade,TESTE,100008.72281165629,117,,,,MS,BTG,,,
2026-03-21T19:16:07.685Z,market,trade,TESTE,100003.04026642634,19,,,,ITAU,MS,,,
2026-03-21T19:16:07.847Z,market,trade,TESTE,99998.99068854371,21,,,,BARCL,CS,,,
2026-03-21T19:16:07.998Z,market,trade,TESTE,100013.26388150688,133,,,,XP,CITI,,,
2026-03-21T19:16:08.150Z,market,trade,TESTE,100016.44501856867,78,,,,BTG,CS,,,
2026-03-21T19:16:08.301Z,market,trade,TESTE,100015.1220919111,57,,,,CS,GOLDM,,,
2026-03-21T19:16:08.451Z,market,trade,TESTE,100013.33124099385,200,,,,CITI,BARCL,,,
2026-03-21T19:16:08.451Z,alert,,TESTE,100013.33124099385,,,3,Acúmulo Institucional Abaixo da VWAP,,,,,
2026-03-21T19:16:08.602Z,market,trade,TESTE,100007.31914790353,77,,,,JPM,MS,,,
2026-03-21T19:16:08.752Z,market,trade,TESTE,100016.758951979,20,,,,JPM,BARCL,,,
2026-03-21T19:16:08.917Z,market,trade,TESTE,100021.07985592814,31,,,,CITI,UBS,,,
2026-03-21T19:16:08.917Z,alert,,TESTE,100021.07985592814,,,3,Acúmulo Institucional Abaixo da VWAP,,,,,
2026-03-21T19:16:09.085Z,market,trade,TESTE,100015.63212333461,73,,,,JPM,ITAU,,,
2026-03-21T19:16:09.235Z,market,trade,TESTE,100029.16707530052,105,,,,CS,ITAU,,,
2026-03-21T19:16:09.385Z,market,trade,TESTE,100024.78677873197,97,,,,UBS,BARCL,,,
2026-03-21T19:16:09.536Z,market,trade,TESTE,100025.28313804619,116,,,,MS,XP,,,
2026-03-21T19:16:09.687Z,market,trade,TESTE,100023.08657261543,110,,,,ITAU,CS,,,
2026-03-21T19:16:09.839Z,market,trade,TESTE,100008.6910588236,95,,,,BTG,BTG,,,
2026-03-21T19:16:09.991Z,market,trade,TESTE,100011.01235560441,135,,,,XP,XP,,,
2026-03-21T19:16:09.991Z,alert,,TESTE,100011.01235560441,,,3,Acúmulo Institucional Abaixo da VWAP,,,,,
2026-03-21T19:16:10.147Z,market,trade,TESTE,100021.7757865902,127,,,,GOLDM,MS,,,
2026-03-21T19:16:10.300Z,market,trade,TESTE,100016.04820108823,181,,,,BARCL,ITAU,,,
2026-03-21T19:16:10.300Z,alert,,TESTE,100016.04820108823,,,3,Acúmulo Institucional Abaixo da VWAP,,,,,
2026-03-21T19:16:10.450Z,market,trade,TESTE,100029.51775256102,56,,,,GOLDM,MS,,,
2026-03-21T19:16:10.601Z,market,trade,TESTE,100020.64877132147,99,,,,CITI,XP,,,
2026-03-21T19:16:10.601Z,alert,,TESTE,100020.64877132147,,,3,Acúmulo Institucional Abaixo da VWAP,,,,,
2026-03-21T19:16:10.763Z,market,trade,TESTE,100028.31192951833,123,,,,BARCL,UBS,,,
2026-03-21T19:16:10.914Z,market,trade,TESTE,100017.91982429232,141,,,,JPM,BARCL,,,
2026-03-21T19:16:11.066Z,market,trade,TESTE,100016.84733625855,68,,,,GOLDM,CITI,,,
2026-03-21T19:16:11.221Z,market,trade,TESTE,100019.81403526058,27,,,,CS,CS,,,
2026-03-21T19:16:11.378Z,market,trade,TESTE,100018.69034603062,42,,,,CS,JPM,,,
2026-03-21T19:16:11.534Z,market,trade,TESTE,100023.79744026545,150,,,,ITAU,BTG,,,
2026-03-21T19:16:11.534Z,alert,,TESTE,100023.79744026545,,,3,Acúmulo Institucional Abaixo da VWAP,,,,,
2026-03-21T19:16:11.685Z,market,trade,TESTE,100022.0553539006,21,,,,JPM,CS,,,
2026-03-21T19:16:11.835Z,market,flow_inversion,,,,,,,,,-24,7,GOLDM
2026-03-21T19:16:11.835Z,market,trade,TESTE,100020.48787546023,31,,,,GOLDM,XP,,,
2026-03-21T19:16:12.000Z,market,trade,TESTE,100013.92062294559,110,,,,XP,MS,,,
2026-03-21T19:16:12.151Z,market,trade,TESTE,100010.74836745356,46,,,,BARCL,XP,,,
2026-03-21T19:16:12.151Z,alert,,TESTE,100010.74836745356,,,3,Acúmulo Institucional Abaixo da VWAP,,,,,
2026-03-21T19:16:12.301Z,market,trade,TESTE,100010.44849617853,199,,,,GOLDM,CITI,,,
2026-03-21T19:16:12.302Z,alert,,TESTE,100010.44849617853,,,3,Acúmulo Institucional Abaixo da VWAP,,,,,
2026-03-21T19:16:12.468Z,market,trade,TESTE,100017.27928673745,80,,,,ITAU,CS,,,
2026-03-21T19:16:12.468Z,alert,,TESTE,100017.27928673745,,,3,Acúmulo Institucional Abaixo da VWAP,,,,,
2026-03-21T19:16:12.618Z,market,trade,TESTE,100010.59227116835,200,,,,UBS,UBS,,,
2026-03-21T19:16:12.769Z,market,trade,TESTE,100018.38198985365,79,,,,BARCL,BARCL,,,
2026-03-21T19:16:12.934Z,market,trade,TESTE,100005.91402914599,197,,,,BARCL,BTG,,,
2026-03-21T19:16:12.934Z,alert,,TESTE,100005.91402914599,,,3,Acúmulo Institucional Abaixo da VWAP,,,,,
2026-03-21T19:16:13.092Z,market,trade,TESTE,100010.43660229564,129,,,,CITI,ITAU,,,
2026-03-21T19:16:13.093Z,alert,,TESTE,100010.43660229564,,,3,Acúmulo Institucional Abaixo da VWAP,,,,,
2026-03-21T19:16:13.264Z,market,trade,TESTE,100025.17478115902,79,,,,ITAU,ITAU,,,
2026-03-21T19:16:13.264Z,alert,,TESTE,100025.17478115902,,,3,Acúmulo Institucional Abaixo da VWAP,,,,,
2026-03-21T19:16:13.418Z,market,trade,TESTE,100019.33757570178,125,,,,BARCL,MS,,,
2026-03-21T19:16:13.584Z,market,trade,TESTE,100019.78617515447,200,,,,CITI,UBS,,,
2026-03-21T19:16:13.584Z,alert,,TESTE,100019.78617515447,,,3,Acúmulo Institucional Abaixo da VWAP,,,,,
2026-03-21T19:16:13.735Z,market,trade,TESTE,100018.51703387994,89,,,,CS,ITAU,,,
2026-03-21T19:16:13.735Z,alert,,TESTE,100018.51703387994,,,3,Acúmulo Institucional Abaixo da VWAP,,,,,
2026-03-21T19:16:13.900Z,market,trade,TESTE,100027.09656416962,51,,,,CS,BTG,,,
2026-03-21T19:16:14.051Z,market,trade,TESTE,100027.76611335363,69,,,,UBS,CS,,,
2026-03-21T19:16:14.216Z,market,trade,TESTE,100015.62610709577,114,,,,ITAU,CITI,,,
2026-03-21T19:16:14.216Z,alert,,TESTE,100015.62610709577,,,3,Acúmulo Institucional Abaixo da VWAP,,,,,
2026-03-21T19:16:14.386Z,market,trade,TESTE,100015.50232072525,112,,,,ITAU,CITI,,,
2026-03-21T19:16:14.386Z,alert,,TESTE,100015.50232072525,,,3,Acúmulo Institucional Abaixo da VWAP,,,,,
2026-03-21T19:16:14.553Z,market,trade,TESTE,100017.55630955496,165,,,,ITAU,XP,,,
2026-03-21T19:16:14.553Z,alert,,TESTE,100017.55630955496,,,3,Acúmulo Institucional Abaixo da VWAP,,,,,
2026-03-21T19:16:14.713Z,market,trade,TESTE,100026.04184458143,177,,,,JPM,ITAU,,,
2026-03-21T19:16:14.713Z,alert,,TESTE,100026.04184458143,,,3,Acúmulo Institucional Abaixo da VWAP,,,,,
2026-03-21T19:16:14.867Z,market,trade,TESTE,100016.83683715126,165,,,,CS,MS,,,
2026-03-21T19:16:14.867Z,alert,,TESTE,100016.83683715126,,,3,Acúmulo Institucional Abaixo da VWAP,,,,,
2026-03-21T19:16:15.035Z,market,trade,TESTE,100014.477307921,6,,,,CITI,XP,,,
2026-03-21T19:16:15.035Z,alert,,TESTE,100014.477307921,,,3,Acúmulo Institucional Abaixo da VWAP,,,,,
2026-03-21T19:16:15.200Z,market,trade,TESTE,100028.32673162658,162,,,,BARCL,UBS,,,
2026-03-21T19:16:15.362Z,market,trade,TESTE,100016.27020684801,11,,,,MS,ITAU,,,
2026-03-21T19:16:15.362Z,alert,,TESTE,100016.27020684801,,,3,Acúmulo Institucional Abaixo da VWAP,,,,,
2026-03-21T19:16:15.518Z,market,trade,TESTE,100013.24914762318,131,,,,JPM,CITI,,,
2026-03-21T19:16:15.518Z,alert,,TESTE,100013.24914762318,,,3,Acúmulo Institucional Abaixo da VWAP,,,,,
2026-03-21T19:16:15.682Z,market,trade,TESTE,100021.60079406055,162,,,,MS,MS,,,
2026-03-21T19:16:15.682Z,alert,,TESTE,100021.60079406055,,,3,Acúmulo Institucional Abaixo da VWAP,,,,,
2026-03-21T19:16:15.851Z,market,trade,TESTE,100023.03475238981,21,,,,MS,CS,,,
2026-03-21T19:16:15.851Z,alert,,TESTE,100023.03475238981,,,3,Acúmulo Institucional Abaixo da VWAP,,,,,
2026-03-21T19:16:16.002Z,market,flow_inversion,,,,,,,,,7,-50,GOLDM
2026-03-21T19:16:16.002Z,market,trade,TESTE,100022.50453448693,57,,,,CS,GOLDM,,,
2026-03-21T19:16:16.165Z,market,trade,TESTE,100012.82936284579,160,,,,ITAU,CS,,,
2026-03-21T19:16:16.316Z,market,trade,TESTE,100020.1017754275,193,,,,XP,UBS,,,
2026-03-21T19:16:16.484Z,market,trade,TESTE,100023.45522455114,86,,,,UBS,BTG,,,
2026-03-21T19:16:16.636Z,market,trade,TESTE,100012.72862565028,60,,,,JPM,GOLDM,,,
2026-03-21T19:16:16.800Z,market,trade,TESTE,100010.00164223368,187,,,,CITI,UBS,,,
2026-03-21T19:16:16.801Z,alert,,TESTE,100010.00164223368,,,3,Acúmulo Institucional Abaixo da VWAP,,,,,
2026-03-21T19:16:16.951Z,market,trade,TESTE,100024.46027567123,128,,,,CS,GOLDM,,,
2026-03-21T19:16:16.951Z,alert,,TESTE,100024.46027567123,,,3,Acúmulo Institucional Abaixo da VWAP,,,,,
2026-03-21T19:16:17.101Z,market,trade,TESTE,100022.57802460264,143,,,,UBS,CS,,,
2026-03-21T19:16:17.101Z,alert,,TESTE,100022.57802460264,,,3,Acúmulo Institucional Abaixo da VWAP,,,,,
2026-03-21T19:16:17.267Z,market,trade,TESTE,100025.08075224677,181,,,,CS,GOLDM,,,
2026-03-21T19:16:17.267Z,alert,,TESTE,100025.08075224677,,,3,Acúmulo Institucional Abaixo da VWAP,,,,,
2026-03-21T19:16:17.418Z,market,trade,TESTE,100013.82254500221,155,,,,ITAU,GOLDM,,,
2026-03-21T19:16:17.583Z,market,trade,TESTE,100022.99940870277,110,,,,ITAU,BTG,,,
2026-03-21T19:16:17.583Z,alert,,TESTE,100022.99940870277,,,3,Acúmulo Institucional Abaixo da VWAP,,,,,
2026-03-21T19:16:17.748Z,market,trade,TESTE,100023.0396693803,10,,,,BARCL,JPM,,,
2026-03-21T19:16:17.900Z,market,trade,TESTE,100019.62374249747,37,,,,MS,ITAU,,,
2026-03-21T19:16:17.901Z,alert,,TESTE,100019.62374249747,,,3,Acúmulo Institucional Abaixo da VWAP,,,,,
2026-03-21T19:16:18.052Z,market,trade,TESTE,100022.95080780522,120,,,,XP,UBS,,,
2026-03-21T19:16:18.052Z,alert,,TESTE,100022.95080780522,,,3,Acúmulo Institucional Abaixo da VWAP,,,,,
2026-03-21T19:16:18.217Z,market,trade,TESTE,100011.13998815656,121,,,,BARCL,XP,,,
2026-03-21T19:16:18.218Z,alert,,TESTE,100011.13998815656,,,3,Acúmulo Institucional Abaixo da VWAP,,,,,
2026-03-21T19:16:18.385Z,market,trade,TESTE,100007.28936649494,118,,,,ITAU,XP,,,
2026-03-21T19:16:18.385Z,alert,,TESTE,100007.28936649494,,,3,Acúmulo Institucional Abaixo da VWAP,,,,,
2026-03-21T19:16:18.547Z,market,trade,TESTE,100004.95676519578,184,,,,BARCL,BARCL,,,
2026-03-21T19:16:18.703Z,market,trade,TESTE,100019.52202139086,121,,,,UBS,UBS,,,
2026-03-21T19:16:18.703Z,alert,,TESTE,100019.52202139086,,,3,Acúmulo Institucional Abaixo da VWAP,,,,,
2026-03-21T19:16:18.868Z,market,trade,TESTE,100013.99449864148,14,,,,JPM,GOLDM,,,
2026-03-21T19:16:19.025Z,market,trade,TESTE,100015.88845512197,56,,,,BTG,CS,,,
2026-03-21T19:16:19.184Z,market,trade,TESTE,100021.47944495424,69,,,,BTG,JPM,,,
2026-03-21T19:16:19.184Z,alert,,TESTE,100021.47944495424,,,3,Acúmulo Institucional Abaixo da VWAP,,,,,
2026-03-21T19:16:19.336Z,market,trade,TESTE,100007.90502878747,122,,,,CS,JPM,,,
2026-03-21T19:16:19.336Z,alert,,TESTE,100007.90502878747,,,3,Acúmulo Institucional Abaixo da VWAP,,,,,
2026-03-21T19:16:19.500Z,market,trade,TESTE,100016.46416237696,185,,,,BTG,UBS,,,
2026-03-21T19:16:19.501Z,alert,,TESTE,100016.46416237696,,,3,Acúmulo Institucional Abaixo da VWAP,,,,,
2026-03-21T19:16:19.652Z,market,trade,TESTE,100018.14140427014,180,,,,JPM,UBS,,,
2026-03-21T19:16:19.652Z,alert,,TESTE,100018.14140427014,,,3,Acúmulo Institucional Abaixo da VWAP,,,,,
2026-03-21T19:16:19.818Z,market,trade,TESTE,100022.08784255534,191,,,,GOLDM,GOLDM,,,
2026-03-21T19:16:19.968Z,market,trade,TESTE,100013.37679848728,101,,,,MS,BARCL,,,
2026-03-21T19:16:19.968Z,alert,,TESTE,100013.37679848728,,,3,Acúmulo Institucional Abaixo da VWAP,,,,,
2026-03-21T19:16:20.128Z,market,trade,TESTE,100017.72112200063,180,,,,XP,BARCL,,,
2026-03-21T19:16:20.128Z,alert,,TESTE,100017.72112200063,,,3,Acúmulo Institucional Abaixo da VWAP,,,,,
2026-03-21T19:16:20.283Z,market,trade,TESTE,100015.38362398266,25,,,,UBS,CS,,,
2026-03-21T19:16:20.434Z,market,trade,TESTE,100021.86346615397,130,,,,JPM,CS,,,
2026-03-21T19:16:20.434Z,alert,,TESTE,100021.86346615397,,,3,Acúmulo Institucional Abaixo da VWAP,,,,,
2026-03-21T19:16:20.598Z,market,trade,TESTE,100014.12270768559,84,,,,BTG,CITI,,,
2026-03-21T19:16:20.598Z,alert,,TESTE,100014.12270768559,,,3,Acúmulo Institucional Abaixo da VWAP,,,,,
2026-03-21T19:16:20.751Z,market,trade,TESTE,100021.78619478409,55,,,,GOLDM,CS,,,
2026-03-21T19:16:20.918Z,market,trade,TESTE,100015.65323960473,114,,,,CS,XP,,,
2026-03-21T19:16:20.918Z,alert,,TESTE,100015.65323960473,,,3,Acúmulo Institucional Abaixo da VWAP,,,,,
2026-03-21T19:16:21.081Z,market,trade,TESTE,100020.86754234912,132,,,,BTG,BARCL,,,
2026-03-21T19:16:21.081Z,alert,,TESTE,100020.86754234912,,,3,Acúmulo Institucional Abaixo da VWAP,,,,,
2026-03-21T19:16:21.233Z,market,trade,TESTE,100012.67289078169,11,,,,MS,BARCL,,,
2026-03-21T19:16:21.233Z,alert,,TESTE,100012.67289078169,,,3,Acúmulo Institucional Abaixo da VWAP,,,,,
2026-03-21T19:16:21.398Z,market,trade,TESTE,100009.94775990714,109,,,,UBS,BTG,,,
2026-03-21T19:16:21.398Z,alert,,TESTE,100009.94775990714,,,3,Acúmulo Institucional Abaixo da VWAP,,,,,
2026-03-21T19:16:21.550Z,market,trade,TESTE,100006.96148915416,132,,,,MS,BTG,,,
2026-03-21T19:16:21.551Z,alert,,TESTE,100006.96148915416,,,3,Acúmulo Institucional Abaixo da VWAP,,,,,
2026-03-21T19:16:21.701Z,market,trade,TESTE,100012.15078060208,178,,,,UBS,BTG,,,
2026-03-21T19:16:21.701Z,alert,,TESTE,100012.15078060208,,,3,Acúmulo Institucional Abaixo da VWAP,,,,,
2026-03-21T19:16:21.869Z,market,trade,TESTE,100003.78607504636,155,,,,ITAU,MS,,,
2026-03-21T19:16:21.869Z,alert,,TESTE,100003.78607504636,,,3,Acúmulo Institucional Abaixo da VWAP,,,,,
2026-03-21T19:16:22.031Z,market,trade,TESTE,100008.03331911616,181,,,,CS,BARCL,,,
2026-03-21T19:16:22.031Z,alert,,TESTE,100008.03331911616,,,3,Acúmulo Institucional Abaixo da VWAP,,,,,
2026-03-21T19:16:22.183Z,market,trade,TESTE,100015.12759661223,115,,,,JPM,CS,,,
2026-03-21T19:16:22.183Z,alert,,TESTE,100015.12759661223,,,3,Acúmulo Institucional Abaixo da VWAP,,,,,
2026-03-21T19:16:22.347Z,market,trade,TESTE,100016.49389853587,22,,,,UBS,CS,,,
2026-03-21T19:16:22.347Z,alert,,TESTE,100016.49389853587,,,3,Acúmulo Institucional Abaixo da VWAP,,,,,
2026-03-21T19:16:22.500Z,market,trade,TESTE,100010.63691941474,76,,,,BTG,XP,,,
2026-03-21T19:16:22.500Z,alert,,TESTE,100010.63691941474,,,3,Acúmulo Institucional Abaixo da VWAP,,,,,
2026-03-21T19:16:22.651Z,market,trade,TESTE,100010.74597422933,91,,,,XP,ITAU,,,
2026-03-21T19:16:22.652Z,alert,,TESTE,100010.74597422933,,,3,Acúmulo Institucional Abaixo da VWAP,,,,,
2026-03-21T19:16:22.817Z,market,trade,TESTE,100016.62410056696,44,,,,XP,BARCL,,,
2026-03-21T19:16:22.817Z,alert,,TESTE,100016.62410056696,,,3,Acúmulo Institucional Abaixo da VWAP,,,,,
2026-03-21T19:16:22.982Z,market,trade,TESTE,100004.8471941439,93,,,,GOLDM,ITAU,,,
2026-03-21T19:16:22.982Z,alert,,TESTE,100004.8471941439,,,3,Acúmulo Institucional Abaixo da VWAP,,,,,
2026-03-21T19:16:23.148Z,market,trade,TESTE,100003.20458510621,102,,,,BARCL,JPM,,,
2026-03-21T19:16:23.148Z,alert,,TESTE,100003.20458510621,,,3,Acúmulo Institucional Abaixo da VWAP,,,,,
2026-03-21T19:16:23.301Z,market,trade,TESTE,100000.0146729657,131,,,,ITAU,BTG,,,
2026-03-21T19:16:23.301Z,alert,,TESTE,100000.0146729657,,,3,Acúmulo Institucional Abaixo da VWAP,,,,,
2026-03-21T19:16:23.466Z,market,trade,TESTE,100005.92466115986,6,,,,GOLDM,BARCL,,,
2026-03-21T19:16:23.617Z,market,trade,TESTE,99998.0128595859,127,,,,CS,MS,,,
2026-03-21T19:16:23.617Z,alert,,TESTE,99998.0128595859,,,3,Acúmulo Institucional Abaixo da VWAP,,,,,
2026-03-21T19:16:23.768Z,market,trade,TESTE,100010.6059928686,119,,,,BARCL,ITAU,,,
2026-03-21T19:16:23.919Z,market,trade,TESTE,100013.7235564584,90,,,,CS,ITAU,,,
2026-03-21T19:16:23.919Z,alert,,TESTE,100013.7235564584,,,3,Acúmulo Institucional Abaixo da VWAP,,,,,
2026-03-21T19:16:24.083Z,market,trade,TESTE,100010.3908460452,164,,,,GOLDM,ITAU,,,
2026-03-21T19:16:24.083Z,alert,,TESTE,100010.3908460452,,,3,Acúmulo Institucional Abaixo da VWAP,,,,,
2026-03-21T19:16:24.234Z,market,trade,TESTE,100000.5828068254,64,,,,BTG,JPM,,,
2026-03-21T19:16:24.234Z,alert,,TESTE,100000.5828068254,,,3,Acúmulo Institucional Abaixo da VWAP,,,,,
2026-03-21T19:16:24.399Z,market,trade,TESTE,100002.53004613644,13,,,,UBS,JPM,,,
2026-03-21T19:16:24.400Z,alert,,TESTE,100002.53004613644,,,3,Acúmulo Institucional Abaixo da VWAP,,,,,
2026-03-21T19:16:24.565Z,market,trade,TESTE,100016.91623444892,127,,,,JPM,ITAU,,,
2026-03-21T19:16:24.565Z,alert,,TESTE,100016.91623444892,,,3,Acúmulo Institucional Abaixo da VWAP,,,,,
2026-03-21T19:16:24.717Z,market,trade,TESTE,100004.79657671753,147,,,,UBS,UBS,,,
2026-03-21T19:16:24.717Z,alert,,TESTE,100004.79657671753,,,3,Acúmulo Institucional Abaixo da VWAP,,,,,
2026-03-21T19:16:24.868Z,market,trade,TESTE,100005.66388253125,175,,,,CS,ITAU,,,
2026-03-21T19:16:24.868Z,alert,,TESTE,100005.66388253125,,,3,Acúmulo Institucional Abaixo da VWAP,,,,,
2026-03-21T19:16:25.031Z,market,trade,TESTE,100004.06962509423,47,,,,BTG,XP,,,
2026-03-21T19:16:25.031Z,alert,,TESTE,100004.06962509423,,,3,Acúmulo Institucional Abaixo da VWAP,,,,,
2026-03-21T19:16:25.185Z,market,trade,TESTE,100010.87930843208,52,,,,MS,ITAU,,,
2026-03-21T19:16:25.185Z,alert,,TESTE,100010.87930843208,,,3,Acúmulo Institucional Abaixo da VWAP,,,,,
2026-03-21T19:16:25.335Z,market,trade,TESTE,100012.81518593447,14,,,,BARCL,XP,,,
2026-03-21T19:16:25.336Z,alert,,TESTE,100012.81518593447,,,3,Acúmulo Institucional Abaixo da VWAP,,,,,
2026-03-21T19:16:25.500Z,market,trade,TESTE,99999.61492167924,77,,,,BTG,BTG,,,
2026-03-21T19:16:25.500Z,alert,,TESTE,99999.61492167924,,,3,Acúmulo Institucional Abaixo da VWAP,,,,,
2026-03-21T19:16:25.666Z,market,trade,TESTE,99997.11008568546,136,,,,UBS,JPM,,,
2026-03-21T19:16:25.666Z,alert,,TESTE,99997.11008568546,,,3,Acúmulo Institucional Abaixo da VWAP,,,,,
2026-03-21T19:16:25.818Z,market,trade,TESTE,100004.39149300523,136,,,,MS,CITI,,,
2026-03-21T19:16:25.818Z,alert,,TESTE,100004.39149300523,,,3,Acúmulo Institucional Abaixo da VWAP,,,,,
2026-03-21T19:16:25.982Z,market,trade,TESTE,99996.61165816944,158,,,,GOLDM,BARCL,,,
2026-03-21T19:16:25.982Z,alert,,TESTE,99996.61165816944,,,3,Acúmulo Institucional Abaixo da VWAP,,,,,
2026-03-21T19:16:26.134Z,market,trade,TESTE,100005.1306309114,175,,,,XP,CITI,,,
2026-03-21T19:16:26.134Z,alert,,TESTE,100005.1306309114,,,3,Acúmulo Institucional Abaixo da VWAP,,,,,
2026-03-21T19:16:26.285Z,market,trade,TESTE,100008.63981736895,51,,,,MS,JPM,,,
2026-03-21T19:16:26.285Z,alert,,TESTE,100008.63981736895,,,3,Acúmulo Institucional Abaixo da VWAP,,,,,
2026-03-21T19:16:26.449Z,market,trade,TESTE,100012.29605389909,169,,,,UBS,UBS,,,
2026-03-21T19:16:26.449Z,alert,,TESTE,100012.29605389909,,,3,Acúmulo Institucional Abaixo da VWAP,,,,,
2026-03-21T19:16:26.601Z,market,trade,TESTE,100004.83555126883,61,,,,BARCL,ITAU,,,
2026-03-21T19:16:26.601Z,alert,,TESTE,100004.83555126883,,,3,Acúmulo Institucional Abaixo da VWAP,,,,,
2026-03-21T19:16:26.752Z,market,trade,TESTE,100002.71846363139,50,,,,BTG,BARCL,,,
2026-03-21T19:16:26.752Z,alert,,TESTE,100002.71846363139,,,3,Acúmulo Institucional Abaixo da VWAP,,,,,
2026-03-21T19:16:26.903Z,market,trade,TESTE,99998.63744123759,24,,,,JPM,GOLDM,,,
2026-03-21T19:16:27.067Z,market,trade,TESTE,99999.86570715166,191,,,,UBS,ITAU,,,
2026-03-21T19:16:27.067Z,alert,,TESTE,99999.86570715166,,,3,Acúmulo Institucional Abaixo da VWAP,,,,,
2026-03-21T19:16:27.218Z,market,trade,TESTE,100013.77425955285,180,,,,MS,JPM,,,
2026-03-21T19:16:27.218Z,alert,,TESTE,100013.77425955285,,,3,Acúmulo Institucional Abaixo da VWAP,,,,,
2026-03-21T19:16:27.385Z,market,trade,TESTE,100017.7573120329,131,,,,GOLDM,BARCL,,,
2026-03-21T19:16:27.385Z,alert,,TESTE,100017.7573120329,,,3,Acúmulo Institucional Abaixo da VWAP,,,,,
2026-03-21T19:16:27.537Z,market,trade,TESTE,100014.76401204838,13,,,,BARCL,UBS,,,
2026-03-21T19:16:27.537Z,alert,,TESTE,100014.76401204838,,,3,Acúmulo Institucional Abaixo da VWAP,,,,,
2026-03-21T19:16:27.698Z,market,trade,TESTE,100002.76521612064,112,,,,MS,CS,,,
2026-03-21T19:16:27.698Z,alert,,TESTE,100002.76521612064,,,3,Acúmulo Institucional Abaixo da VWAP,,,,,
2026-03-21T19:16:27.850Z,market,trade,TESTE,100015.48877988258,124,,,,ITAU,CS,,,
2026-03-21T19:16:27.851Z,alert,,TESTE,100015.48877988258,,,3,Acúmulo Institucional Abaixo da VWAP,,,,,
2026-03-21T19:16:28.019Z,market,trade,TESTE,100007.7826688043,65,,,,CITI,JPM,,,
2026-03-21T19:16:28.019Z,alert,,TESTE,100007.7826688043,,,3,Acúmulo Institucional Abaixo da VWAP,,,,,
2026-03-21T19:16:28.184Z,market,trade,TESTE,100020.68157665273,177,,,,JPM,CS,,,
2026-03-21T19:16:28.184Z,alert,,TESTE,100020.68157665273,,,3,Acúmulo Institucional Abaixo da VWAP,,,,,
2026-03-21T19:16:28.348Z,market,trade,TESTE,100011.80294663661,10,,,,CITI,CS,,,
2026-03-21T19:16:28.348Z,alert,,TESTE,100011.80294663661,,,3,Acúmulo Institucional Abaixo da VWAP,,,,,
2026-03-21T19:16:28.501Z,market,trade,TESTE,100025.4046953554,103,,,,JPM,MS,,,
2026-03-21T19:16:28.501Z,alert,,TESTE,100025.4046953554,,,3,Acúmulo Institucional Abaixo da VWAP,,,,,
2026-03-21T19:16:28.651Z,market,trade,TESTE,100011.71381877956,73,,,,XP,BTG,,,
2026-03-21T19:16:28.651Z,alert,,TESTE,100011.71381877956,,,3,Acúmulo Institucional Abaixo da VWAP,,,,,
2026-03-21T19:16:28.818Z,market,trade,TESTE,100019.05359954767,30,,,,CITI,BARCL,,,
2026-03-21T19:16:28.818Z,alert,,TESTE,100019.05359954767,,,3,Acúmulo Institucional Abaixo da VWAP,,,,,
2026-03-21T19:16:28.969Z,market,trade,TESTE,100021.38954039631,169,,,,BTG,CS,,,
2026-03-21T19:16:28.970Z,alert,,TESTE,100021.38954039631,,,3,Acúmulo Institucional Abaixo da VWAP,,,,,
2026-03-21T19:16:29.133Z,market,trade,TESTE,100008.15642631725,190,,,,JPM,UBS,,,
2026-03-21T19:16:29.133Z,alert,,TESTE,100008.15642631725,,,3,Acúmulo Institucional Abaixo da VWAP,,,,,
2026-03-21T19:16:29.285Z,market,trade,TESTE,100005.39472932041,38,,,,UBS,GOLDM,,,
2026-03-21T19:16:29.447Z,market,trade,TESTE,100017.48046907152,185,,,,BARCL,MS,,,
2026-03-21T19:16:29.447Z,alert,,TESTE,100017.48046907152,,,3,Acúmulo Institucional Abaixo da VWAP,,,,,
2026-03-21T19:16:29.601Z,market,trade,TESTE,100008.11325153074,114,,,,BTG,JPM,,,
2026-03-21T19:16:29.601Z,alert,,TESTE,100008.11325153074,,,3,Acúmulo Institucional Abaixo da VWAP,,,,,
2026-03-21T19:16:29.751Z,market,trade,TESTE,100013.28441260091,58,,,,BARCL,BARCL,,,
2026-03-21T19:16:29.751Z,alert,,TESTE,100013.28441260091,,,3,Acúmulo Institucional Abaixo da VWAP,,,,,
2026-03-21T19:16:29.918Z,market,trade,TESTE,100010.5241593612,67,,,,ITAU,BTG,,,
2026-03-21T19:16:29.918Z,alert,,TESTE,100010.5241593612,,,3,Acúmulo Institucional Abaixo da VWAP,,,,,
2026-03-21T19:16:30.083Z,market,trade,TESTE,100000.39235509656,191,,,,CITI,MS,,,
2026-03-21T19:16:30.083Z,alert,,TESTE,100000.39235509656,,,3,Acúmulo Institucional Abaixo da VWAP,,,,,
2026-03-21T19:16:30.234Z,market,trade,TESTE,100014.24081063847,184,,,,CS,XP,,,
2026-03-21T19:16:30.234Z,alert,,TESTE,100014.24081063847,,,3,Acúmulo Institucional Abaixo da VWAP,,,,,
2026-03-21T19:16:30.396Z,market,trade,TESTE,100008.1837164113,198,,,,BTG,JPM,,,
2026-03-21T19:16:30.396Z,alert,,TESTE,100008.1837164113,,,3,Acúmulo Institucional Abaixo da VWAP,,,,,
2026-03-21T19:16:30.547Z,market,trade,TESTE,100009.35986060082,23,,,,BARCL,XP,,,
2026-03-21T19:16:30.547Z,alert,,TESTE,100009.35986060082,,,3,Acúmulo Institucional Abaixo da VWAP,,,,,
2026-03-21T19:16:30.701Z,market,trade,TESTE,100015.5064894847,86,,,,CITI,ITAU,,,
2026-03-21T19:16:30.701Z,alert,,TESTE,100015.5064894847,,,3,Acúmulo Institucional Abaixo da VWAP,,,,,
2026-03-21T19:16:30.852Z,market,trade,TESTE,100015.57233207085,112,,,,GOLDM,UBS,,,
2026-03-21T19:16:30.852Z,alert,,TESTE,100015.57233207085,,,3,Acúmulo Institucional Abaixo da VWAP,,,,,
2026-03-21T19:16:31.016Z,market,trade,TESTE,100003.73076300134,27,,,,XP,UBS,,,
2026-03-21T19:16:31.016Z,alert,,TESTE,100003.73076300134,,,3,Acúmulo Institucional Abaixo da VWAP,,,,,
2026-03-21T19:16:31.168Z,market,trade,TESTE,100018.68515056708,89,,,,JPM,XP,,,
2026-03-21T19:16:31.168Z,alert,,TESTE,100018.68515056708,,,3,Acúmulo Institucional Abaixo da VWAP,,,,,
2026-03-21T19:16:31.331Z,market,trade,TESTE,100008.01114654249,125,,,,JPM,CITI,,,
2026-03-21T19:16:31.331Z,alert,,TESTE,100008.01114654249,,,3,Acúmulo Institucional Abaixo da VWAP,,,,,
2026-03-21T19:16:31.483Z,market,trade,TESTE,100020.05600677505,79,,,,GOLDM,BTG,,,
2026-03-21T19:16:31.483Z,alert,,TESTE,100020.05600677505,,,3,Acúmulo Institucional Abaixo da VWAP,,,,,
2026-03-21T19:16:31.652Z,market,trade,TESTE,100019.26320761474,62,,,,CITI,ITAU,,,
2026-03-21T19:16:31.652Z,alert,,TESTE,100019.26320761474,,,3,Acúmulo Institucional Abaixo da VWAP,,,,,
2026-03-21T19:16:31.813Z,market,trade,TESTE,100020.96184128236,85,,,,CS,GOLDM,,,
2026-03-21T19:16:31.813Z,alert,,TESTE,100020.96184128236,,,3,Acúmulo Institucional Abaixo da VWAP,,,,,
2026-03-21T19:16:31.964Z,market,trade,TESTE,100012.42579049064,157,,,,JPM,XP,,,
2026-03-21T19:16:31.964Z,alert,,TESTE,100012.42579049064,,,3,Acúmulo Institucional Abaixo da VWAP,,,,,
2026-03-21T19:16:32.115Z,market,trade,TESTE,100011.13263243328,192,,,,GOLDM,UBS,,,
2026-03-21T19:16:32.115Z,alert,,TESTE,100011.13263243328,,,3,Acúmulo Institucional Abaixo da VWAP,,,,,
2026-03-21T19:16:32.268Z,market,trade,TESTE,100023.26148754185,110,,,,CITI,XP,,,
2026-03-21T19:16:32.268Z,alert,,TESTE,100023.26148754185,,,3,Acúmulo Institucional Abaixo da VWAP,,,,,
2026-03-21T19:16:32.429Z,market,trade,TESTE,100018.3040725308,26,,,,XP,ITAU,,,
2026-03-21T19:16:32.429Z,alert,,TESTE,100018.3040725308,,,3,Acúmulo Institucional Abaixo da VWAP,,,,,
2026-03-21T19:16:32.585Z,market,trade,TESTE,100009.43704844886,75,,,,UBS,JPM,,,
2026-03-21T19:16:32.585Z,alert,,TESTE,100009.43704844886,,,3,Acúmulo Institucional Abaixo da VWAP,,,,,
2026-03-21T19:16:32.750Z,market,trade,TESTE,100015.47321318244,56,,,,GOLDM,UBS,,,
2026-03-21T19:16:32.750Z,alert,,TESTE,100015.47321318244,,,3,Acúmulo Institucional Abaixo da VWAP,,,,,
2026-03-21T19:16:32.910Z,market,trade,TESTE,100015.05333972945,108,,,,GOLDM,UBS,,,
2026-03-21T19:16:32.910Z,alert,,TESTE,100015.05333972945,,,3,Acúmulo Institucional Abaixo da VWAP,,,,,
2026-03-21T19:16:33.065Z,market,trade,TESTE,100003.5660556234,73,,,,ITAU,BTG,,,
2026-03-21T19:16:33.065Z,alert,,TESTE,100003.5660556234,,,3,Acúmulo Institucional Abaixo da VWAP,,,,,
2026-03-21T19:16:33.218Z,market,trade,TESTE,100012.55554737161,151,,,,UBS,XP,,,
2026-03-21T19:16:33.218Z,alert,,TESTE,100012.55554737161,,,3,Acúmulo Institucional Abaixo da VWAP,,,,,
2026-03-21T19:16:33.382Z,market,trade,TESTE,100011.99756278808,108,,,,XP,ITAU,,,
2026-03-21T19:16:33.382Z,alert,,TESTE,100011.99756278808,,,3,Acúmulo Institucional Abaixo da VWAP,,,,,
2026-03-21T19:16:33.533Z,market,trade,TESTE,100002.85008397877,37,,,,MS,GOLDM,,,
2026-03-21T19:16:33.684Z,market,trade,TESTE,99998.80471706559,45,,,,MS,JPM,,,
2026-03-21T19:16:33.684Z,alert,,TESTE,99998.80471706559,,,3,Acúmulo Institucional Abaixo da VWAP,,,,,
2026-03-21T19:16:33.850Z,market,trade,TESTE,100010.29275004388,58,,,,BARCL,BTG,,,
2026-03-21T19:16:33.850Z,alert,,TESTE,100010.29275004388,,,3,Acúmulo Institucional Abaixo da VWAP,,,,,
2026-03-21T19:16:34.002Z,market,trade,TESTE,100009.02095907691,131,,,,ITAU,JPM,,,
2026-03-21T19:16:34.002Z,alert,,TESTE,100009.02095907691,,,3,Acúmulo Institucional Abaixo da VWAP,,,,,
2026-03-21T19:16:34.166Z,market,trade,TESTE,100005.51004186009,136,,,,GOLDM,GOLDM,,,
2026-03-21T19:16:34.166Z,alert,,TESTE,100005.51004186009,,,3,Acúmulo Institucional Abaixo da VWAP,,,,,
2026-03-21T19:16:34.318Z,market,trade,TESTE,100006.37239453741,99,,,,GOLDM,CS,,,
2026-03-21T19:16:34.318Z,alert,,TESTE,100006.37239453741,,,3,Acúmulo Institucional Abaixo da VWAP,,,,,
2026-03-21T19:16:34.481Z,market,trade,TESTE,100010.76608575265,121,,,,BARCL,ITAU,,,
2026-03-21T19:16:34.481Z,alert,,TESTE,100010.76608575265,,,3,Acúmulo Institucional Abaixo da VWAP,,,,,
2026-03-21T19:16:34.633Z,market,trade,TESTE,100004.50432291158,47,,,,MS,BARCL,,,
2026-03-21T19:16:34.633Z,alert,,TESTE,100004.50432291158,,,3,Acúmulo Institucional Abaixo da VWAP,,,,,
2026-03-21T19:16:34.784Z,market,trade,TESTE,100001.39580841015,20,,,,GOLDM,CS,,,
2026-03-21T19:16:34.784Z,alert,,TESTE,100001.39580841015,,,3,Acúmulo Institucional Abaixo da VWAP,,,,,
2026-03-21T19:16:34.948Z,market,trade,TESTE,100014.12339962454,44,,,,MS,GOLDM,,,
2026-03-21T19:16:34.948Z,alert,,TESTE,100014.12339962454,,,3,Acúmulo Institucional Abaixo da VWAP,,,,,
2026-03-21T19:16:35.101Z,market,trade,TESTE,100011.1295431146,191,,,,UBS,ITAU,,,
2026-03-21T19:16:35.268Z,market,trade,TESTE,100002.8823791341,44,,,,XP,BARCL,,,
2026-03-21T19:16:35.268Z,alert,,TESTE,100002.8823791341,,,3,Acúmulo Institucional Abaixo da VWAP,,,,,
2026-03-21T19:16:35.418Z,market,trade,TESTE,100007.41859294969,113,,,,BTG,GOLDM,,,
2026-03-21T19:16:35.568Z,market,trade,TESTE,100009.86483186448,104,,,,JPM,BARCL,,,
2026-03-21T19:16:35.568Z,alert,,TESTE,100009.86483186448,,,3,Acúmulo Institucional Abaixo da VWAP,,,,,
2026-03-21T19:16:35.724Z,market,trade,TESTE,100024.65071829886,136,,,,XP,JPM,,,
2026-03-21T19:16:35.884Z,market,trade,TESTE,100017.10654178809,51,,,,BARCL,GOLDM,,,
2026-03-21T19:16:35.884Z,alert,,TESTE,100017.10654178809,,,3,Acúmulo Institucional Abaixo da VWAP,,,,,
2026-03-21T19:16:36.050Z,market,trade,TESTE,100025.68142865325,196,,,,BTG,MS,,,
2026-03-21T19:16:36.217Z,market,trade,TESTE,100019.16224287756,14,,,,UBS,ITAU,,,
2026-03-21T19:16:36.218Z,alert,,TESTE,100019.16224287756,,,3,Acúmulo Institucional Abaixo da VWAP,,,,,
2026-03-21T19:16:36.369Z,market,trade,TESTE,100029.95548169356,67,,,,CS,ITAU,,,
2026-03-21T19:16:36.519Z,market,trade,TESTE,100031.06153880668,103,,,,XP,ITAU,,,
2026-03-21T19:16:36.685Z,market,trade,TESTE,100023.73649464277,30,,,,ITAU,MS,,,
2026-03-21T19:16:36.685Z,alert,,TESTE,100023.73649464277,,,3,Acúmulo Institucional Abaixo da VWAP,,,,,
2026-03-21T19:16:36.850Z,market,trade,TESTE,100038.6226108813,37,,,,CS,ITAU,,,
2026-03-21T19:16:37.003Z,market,trade,TESTE,100027.29773663773,101,,,,GOLDM,ITAU,,,
2026-03-21T19:16:37.003Z,alert,,TESTE,100027.29773663773,,,3,Acúmulo Institucional Abaixo da VWAP,,,,,
2026-03-21T19:16:37.168Z,market,trade,TESTE,100034.60101120063,43,,,,JPM,BTG,,,
2026-03-21T19:16:37.319Z,market,trade,TESTE,100037.47095837186,86,,,,CITI,GOLDM,,,
2026-03-21T19:16:37.484Z,market,trade,TESTE,100025.45024849469,114,,,,BARCL,ITAU,,,
2026-03-21T19:16:37.484Z,alert,,TESTE,100025.45024849469,,,3,Acúmulo Institucional Abaixo da VWAP,,,,,
2026-03-21T19:16:37.637Z,market,trade,TESTE,100026.16001737167,40,,,,CS,ITAU,,,
2026-03-21T19:16:37.637Z,alert,,TESTE,100026.16001737167,,,3,Acúmulo Institucional Abaixo da VWAP,,,,,
2026-03-21T19:16:37.800Z,market,trade,TESTE,100038.88286759883,87,,,,JPM,BARCL,,,
2026-03-21T19:16:37.951Z,market,trade,TESTE,100041.6147035231,161,,,,JPM,BARCL,,,
2026-03-21T19:16:38.102Z,market,trade,TESTE,100028.68195902444,70,,,,UBS,BTG,,,
2026-03-21T19:16:38.102Z,alert,,TESTE,100028.68195902444,,,3,Acúmulo Institucional Abaixo da VWAP,,,,,
2026-03-21T19:16:38.253Z,market,trade,TESTE,100035.7494023854,198,,,,MS,JPM,,,
2026-03-21T19:16:38.414Z,market,trade,TESTE,100024.23488002116,83,,,,UBS,CITI,,,
2026-03-21T19:16:38.566Z,market,trade,TESTE,100020.24563066523,144,,,,XP,UBS,,,
2026-03-21T19:16:38.729Z,market,trade,TESTE,100026.36981755297,115,,,,MS,BTG,,,
2026-03-21T19:16:38.882Z,market,trade,TESTE,100015.90153493261,37,,,,UBS,XP,,,
2026-03-21T19:16:39.034Z,market,trade,TESTE,100021.97112665036,157,,,,BARCL,XP,,,
2026-03-21T19:16:39.185Z,market,trade,TESTE,100023.37531814346,38,,,,ITAU,JPM,,,
2026-03-21T19:16:39.350Z,market,trade,TESTE,100019.7655816919,145,,,,JPM,JPM,,,
2026-03-21T19:16:39.500Z,market,trade,TESTE,100006.11730828889,136,,,,UBS,CS,,,
2026-03-21T19:16:39.500Z,alert,,TESTE,100006.11730828889,,,3,Acúmulo Institucional Abaixo da VWAP,,,,,
2026-03-21T19:16:39.652Z,market,trade,TESTE,100003.70001630588,185,,,,XP,CS,,,
2026-03-21T19:16:39.652Z,alert,,TESTE,100003.70001630588,,,3,Acúmulo Institucional Abaixo da VWAP,,,,,
2026-03-21T19:16:39.817Z,market,trade,TESTE,100015.86599140236,60,,,,BTG,XP,,,
2026-03-21T19:16:39.981Z,market,trade,TESTE,100002.43641077177,36,,,,CS,MS,,,
2026-03-21T19:16:40.135Z,market,trade,TESTE,100001.79659334719,196,,,,GOLDM,BARCL,,,
2026-03-21T19:16:40.286Z,market,trade,TESTE,100007.96906203504,182,,,,JPM,GOLDM,,,
2026-03-21T19:16:40.451Z,market,trade,TESTE,100005.2034790159,122,,,,ITAU,ITAU,,,
2026-03-21T19:16:40.616Z,market,trade,TESTE,99999.88914645067,30,,,,BTG,MS,,,
2026-03-21T19:16:40.767Z,market,trade,TESTE,99997.7568502592,96,,,,CS,CS,,,
2026-03-21T19:16:40.918Z,market,trade,TESTE,99997.46976421669,30,,,,UBS,XP,,,
2026-03-21T19:16:41.084Z,market,trade,TESTE,99997.60841717743,161,,,,GOLDM,XP,,,
2026-03-21T19:16:41.234Z,market,trade,TESTE,100011.05502166755,49,,,,BTG,GOLDM,,,
2026-03-21T19:16:41.384Z,market,trade,TESTE,100005.06485614789,155,,,,CITI,BTG,,,
2026-03-21T19:16:41.550Z,market,trade,TESTE,100011.85737756074,125,,,,UBS,CITI,,,
2026-03-21T19:16:41.700Z,market,trade,TESTE,100010.84876624354,31,,,,GOLDM,GOLDM,,,
2026-03-21T19:16:41.851Z,market,trade,TESTE,100014.02390028992,94,,,,GOLDM,CS,,,
2026-03-21T19:16:42.001Z,market,trade,TESTE,100000.1651805534,128,,,,CS,CITI,,,
2026-03-21T19:16:42.167Z,market,trade,TESTE,99995.60926578852,136,,,,UBS,JPM,,,
2026-03-21T19:16:42.318Z,market,trade,TESTE,100010.38285247915,95,,,,CITI,UBS,,,
2026-03-21T19:16:42.474Z,market,trade,TESTE,100009.20244194585,117,,,,ITAU,ITAU,,,
2026-03-21T19:16:42.633Z,market,trade,TESTE,100011.37578497932,99,,,,CS,GOLDM,,,
2026-03-21T19:16:42.786Z,market,trade,TESTE,99996.9526340264,47,,,,MS,CITI,,,
2026-03-21T19:16:42.950Z,market,trade,TESTE,100002.96250918378,87,,,,JPM,JPM,,,
2026-03-21T19:16:43.101Z,market,trade,TESTE,99988.42253609373,23,,,,JPM,BTG,,,
2026-03-21T19:16:43.253Z,market,trade,TESTE,99987.78976927986,86,,,,CS,JPM,,,
2026-03-21T19:16:43.405Z,market,trade,TESTE,99987.28922784813,49,,,,BARCL,BTG,,,
2026-03-21T19:16:43.567Z,market,trade,TESTE,99986.73977358089,172,,,,UBS,XP,,,
2026-03-21T19:16:43.734Z,market,trade,TESTE,99988.86313187813,144,,,,XP,CITI,,,
2026-03-21T19:16:43.885Z,market,trade,TESTE,99996.47571262771,124,,,,ITAU,BTG,,,
2026-03-21T19:16:44.050Z,market,trade,TESTE,99982.74350336376,124,,,,MS,CS,,,
2026-03-21T19:16:44.203Z,market,trade,TESTE,99989.04840372204,155,,,,BARCL,MS,,,
2026-03-21T19:16:44.354Z,market,trade,TESTE,99976.24444942221,101,,,,MS,UBS,,,
2026-03-21T19:16:44.518Z,market,trade,TESTE,99989.04619668458,25,,,,JPM,BARCL,,,
2026-03-21T19:16:44.684Z,market,trade,TESTE,99979.75856646737,37,,,,ITAU,BARCL,,,
2026-03-21T19:16:44.835Z,market,trade,TESTE,99985.73160648027,58,,,,JPM,MS,,,
2026-03-21T19:16:45.000Z,market,trade,TESTE,99987.77444631443,81,,,,XP,UBS,,,
2026-03-21T19:16:45.151Z,market,trade,TESTE,99990.4279968009,176,,,,BTG,CITI,,,
2026-03-21T19:16:45.317Z,market,trade,TESTE,99988.15184266122,26,,,,BARCL,ITAU,,,
2026-03-21T19:16:45.483Z,market,trade,TESTE,99991.56863368886,197,,,,BARCL,UBS,,,
2026-03-21T19:16:45.636Z,market,trade,TESTE,99984.23880785162,131,,,,CITI,GOLDM,,,
2026-03-21T19:16:45.802Z,market,trade,TESTE,99998.79592551307,189,,,,GOLDM,XP,,,
2026-03-21T19:16:45.967Z,market,trade,TESTE,99984.35242326613,69,,,,BARCL,BTG,,,
2026-03-21T19:16:46.117Z,market,trade,TESTE,99984.3541628869,75,,,,MS,BARCL,,,
2026-03-21T19:16:46.282Z,market,trade,TESTE,99996.03404208018,99,,,,BARCL,XP,,,
2026-03-21T19:16:46.436Z,market,trade,TESTE,99982.51259703768,24,,,,BARCL,BTG,,,
2026-03-21T19:16:46.601Z,market,trade,TESTE,99981.90883680715,143,,,,BTG,BARCL,,,
2026-03-21T19:16:46.766Z,market,trade,TESTE,99991.67150896556,97,,,,BTG,CITI,,,
2026-03-21T19:16:46.920Z,market,trade,TESTE,99977.14517861207,81,,,,JPM,CITI,,,
2026-03-21T19:16:47.085Z,market,trade,TESTE,99975.24870844638,150,,,,CITI,ITAU,,,
2026-03-21T19:16:47.235Z,market,trade,TESTE,99984.8044065019,19,,,,BARCL,JPM,,,
2026-03-21T19:16:47.386Z,market,trade,TESTE,99973.35330834628,83,,,,GOLDM,GOLDM,,,
2026-03-21T19:16:47.550Z,market,trade,TESTE,99986.43861391432,181,,,,CITI,MS,,,
2026-03-21T19:16:47.700Z,market,trade,TESTE,99985.3655542427,74,,,,BARCL,GOLDM,,,
2026-03-21T19:16:47.863Z,market,trade,TESTE,99975.46280363227,114,,,,ITAU,GOLDM,,,
2026-03-21T19:16:48.015Z,market,trade,TESTE,99988.23128023994,137,,,,BTG,UBS,,,
2026-03-21T19:16:48.166Z,market,trade,TESTE,99989.22048839666,88,,,,CITI,GOLDM,,,
2026-03-21T19:16:48.325Z,market,trade,TESTE,99980.92715724197,34,,,,CITI,UBS,,,
2026-03-21T19:16:48.484Z,market,trade,TESTE,99995.10684333048,194,,,,UBS,JPM,,,
2026-03-21T19:16:48.635Z,market,trade,TESTE,99985.78647520722,150,,,,BTG,MS,,,
2026-03-21T19:16:48.801Z,market,trade,TESTE,99982.63970140573,197,,,,ITAU,BTG,,,
2026-03-21T19:16:48.966Z,market,trade,TESTE,99983.2560948451,33,,,,BTG,BTG,,,
2026-03-21T19:16:49.117Z,market,trade,TESTE,99983.51360688353,88,,,,BTG,CS,,,
2026-03-21T19:16:49.268Z,market,trade,TESTE,99988.21733091096,5,,,,BARCL,ITAU,,,
2026-03-21T19:16:49.433Z,market,trade,TESTE,99992.56659676577,123,,,,GOLDM,GOLDM,,,
2026-03-21T19:16:49.584Z,market,trade,TESTE,99993.26101964926,158,,,,CITI,UBS,,,
2026-03-21T19:16:49.735Z,market,trade,TESTE,99999.5279051501,194,,,,MS,JPM,,,
2026-03-21T19:16:49.899Z,market,trade,TESTE,100002.29722613656,44,,,,CS,JPM,,,
2026-03-21T19:16:50.063Z,market,trade,TESTE,99996.03007408146,132,,,,MS,BARCL,,,
2026-03-21T19:16:50.215Z,market,trade,TESTE,99992.75174158128,70,,,,MS,BTG,,,
2026-03-21T19:16:50.365Z,market,trade,TESTE,99997.52699664503,121,,,,UBS,JPM,,,
2026-03-21T19:16:50.531Z,market,trade,TESTE,99993.0048499534,84,,,,GOLDM,CITI,,,
2026-03-21T19:16:50.687Z,market,trade,TESTE,100002.3342123074,27,,,,MS,MS,,,
2026-03-21T19:16:50.850Z,market,trade,TESTE,99995.81142958663,89,,,,BTG,UBS,,,
2026-03-21T19:16:51.001Z,market,trade,TESTE,100005.76951258861,188,,,,JPM,JPM,,,
2026-03-21T19:16:51.165Z,market,trade,TESTE,99998.20427426479,31,,,,CITI,CITI,,,
2026-03-21T19:16:51.330Z,market,trade,TESTE,100011.57609373309,79,,,,UBS,GOLDM,,,
2026-03-21T19:16:51.484Z,market,trade,TESTE,100015.82550642201,70,,,,BTG,GOLDM,,,
2026-03-21T19:16:51.634Z,market,trade,TESTE,100004.80345934632,27,,,,CS,CITI,,,
2026-03-21T19:16:51.785Z,market,trade,TESTE,100017.84877202268,61,,,,CITI,BTG,,,
2026-03-21T19:16:51.938Z,market,trade,TESTE,100010.04629654696,9,,,,GOLDM,JPM,,,
2026-03-21T19:16:52.098Z,market,trade,TESTE,100021.20429040365,169,,,,MS,BTG,,,
2026-03-21T19:16:52.252Z,market,trade,TESTE,100012.64039315163,105,,,,ITAU,CITI,,,
2026-03-21T19:16:52.417Z,market,trade,TESTE,100023.85283131048,23,,,,GOLDM,BARCL,,,
2026-03-21T19:16:52.567Z,market,trade,TESTE,100017.25935663762,54,,,,BTG,UBS,,,
2026-03-21T19:16:52.719Z,market,trade,TESTE,100029.22390870613,183,,,,JPM,GOLDM,,,
2026-03-21T19:16:52.883Z,market,trade,TESTE,100015.47084066781,175,,,,CS,GOLDM,,,
2026-03-21T19:16:53.037Z,market,trade,TESTE,100023.39787584005,91,,,,CS,UBS,,,
2026-03-21T19:16:53.201Z,market,trade,TESTE,100020.21458531772,144,,,,JPM,JPM,,,
2026-03-21T19:16:53.360Z,market,trade,TESTE,100010.57288540497,88,,,,BARCL,CS,,,
2026-03-21T19:16:53.517Z,market,trade,TESTE,100009.96659323719,72,,,,ITAU,XP,,,
2026-03-21T19:16:53.685Z,market,trade,TESTE,100017.83020387772,164,,,,UBS,CS,,,
2026-03-21T19:16:53.851Z,market,trade,TESTE,100009.23770771554,117,,,,MS,MS,,,
2026-03-21T19:16:54.001Z,market,trade,TESTE,100008.8936445162,89,,,,BTG,XP,,,
2026-03-21T19:16:54.167Z,market,trade,TESTE,100022.90865919218,150,,,,BTG,XP,,,
2026-03-21T19:16:54.317Z,market,trade,TESTE,100015.64047301695,52,,,,CS,UBS,,,
2026-03-21T19:16:54.469Z,market,trade,TESTE,100012.06927692221,123,,,,BTG,CS,,,
2026-03-21T19:16:54.634Z,market,trade,TESTE,100026.48279665172,92,,,,BTG,GOLDM,,,
2026-03-21T19:16:54.784Z,market,trade,TESTE,100018.86178418985,87,,,,BTG,XP,,,
2026-03-21T19:16:54.935Z,market,trade,TESTE,100031.87355238268,67,,,,BARCL,XP,,,
2026-03-21T19:16:55.100Z,market,trade,TESTE,100018.21406416383,109,,,,ITAU,XP,,,
2026-03-21T19:16:55.252Z,market,trade,TESTE,100027.1733771346,105,,,,CITI,XP,,,
2026-03-21T19:16:55.418Z,market,trade,TESTE,100012.79687437738,63,,,,XP,ITAU,,,
2026-03-21T19:16:55.584Z,market,trade,TESTE,100021.58737136467,75,,,,XP,ITAU,,,
2026-03-21T19:16:55.734Z,market,flow_inversion,,,,,,,,,-92,106,BTG
2026-03-21T19:16:55.734Z,market,trade,TESTE,100013.56850190889,198,,,,BTG,CS,,,
2026-03-21T19:16:55.898Z,market,flow_inversion,,,,,,,,,106,-87,BTG
2026-03-21T19:16:55.898Z,market,trade,TESTE,100014.4765250813,193,,,,UBS,BTG,,,
2026-03-21T19:16:56.049Z,market,trade,TESTE,100020.82474578037,104,,,,JPM,CS,,,
2026-03-21T19:16:56.201Z,market,trade,TESTE,100017.22520169106,36,,,,UBS,UBS,,,
2026-03-21T19:16:56.352Z,market,trade,TESTE,100020.97872737063,167,,,,CS,CS,,,
2026-03-21T19:16:56.514Z,market,trade,TESTE,100010.42756598389,67,,,,GOLDM,ITAU,,,
2026-03-21T19:16:56.667Z,market,trade,TESTE,100005.52838388603,51,,,,XP,UBS,,,
2026-03-21T19:16:56.829Z,market,trade,TESTE,100005.3258276692,116,,,,JPM,XP,,,
2026-03-21T19:16:56.983Z,market,trade,TESTE,100003.87304268125,116,,,,MS,XP,,,
2026-03-21T19:16:57.148Z,market,trade,TESTE,100018.08537366666,181,,,,ITAU,CS,,,
2026-03-21T19:16:57.302Z,market,trade,TESTE,100014.36603307267,73,,,,UBS,BARCL,,,
2026-03-21T19:16:57.467Z,market,trade,TESTE,100014.56643901557,56,,,,JPM,MS,,,
2026-03-21T19:16:57.630Z,market,trade,TESTE,100008.9098976134,148,,,,BARCL,MS,,,
2026-03-21T19:16:57.782Z,market,trade,TESTE,100014.4879530881,92,,,,XP,XP,,,
2026-03-21T19:16:57.947Z,market,trade,TESTE,100014.91143875335,112,,,,ITAU,UBS,,,
2026-03-21T19:16:58.100Z,market,trade,TESTE,100010.7178654015,196,,,,MS,CS,,,
2026-03-21T19:16:58.251Z,market,trade,TESTE,100015.60529033736,29,,,,GOLDM,BARCL,,,
2026-03-21T19:16:58.412Z,market,trade,TESTE,100012.44419950161,148,,,,CS,MS,,,
2026-03-21T19:16:58.562Z,market,trade,TESTE,100003.79443361664,27,,,,CITI,BARCL,,,
2026-03-21T19:16:58.715Z,market,trade,TESTE,100003.36044739408,129,,,,MS,BTG,,,
2026-03-21T19:16:58.879Z,market,trade,TESTE,100012.47289659188,30,,,,BTG,CS,,,
2026-03-21T19:16:59.035Z,market,trade,TESTE,99998.0648894686,131,,,,JPM,BTG,,,
2026-03-21T19:16:59.185Z,market,trade,TESTE,99999.96479902213,160,,,,XP,GOLDM,,,
2026-03-21T19:16:59.350Z,market,trade,TESTE,100010.24347676821,189,,,,UBS,CITI,,,
2026-03-21T19:16:59.505Z,market,trade,TESTE,100006.71870553895,101,,,,JPM,BTG,,,
2026-03-21T19:16:59.666Z,market,trade,TESTE,99998.34994732322,52,,,,MS,ITAU,,,
2026-03-21T19:16:59.829Z,market,trade,TESTE,100007.12434589364,143,,,,JPM,CS,,,
2026-03-21T19:16:59.982Z,market,trade,TESTE,100000.68259761539,13,,,,JPM,GOLDM,,,
2026-03-21T19:17:00.134Z,market,trade,TESTE,100012.83635121385,169,,,,CITI,BTG,,,
2026-03-21T19:17:00.297Z,market,trade,TESTE,100010.9020512018,18,,,,MS,ITAU,,,
2026-03-21T19:17:00.451Z,market,trade,TESTE,100009.42384437667,54,,,,CS,UBS,,,
2026-03-21T19:17:00.618Z,market,trade,TESTE,99996.75132290731,185,,,,BARCL,MS,,,
2026-03-21T19:17:00.783Z,market,trade,TESTE,99996.13520675909,118,,,,CS,XP,,,
2026-03-21T19:17:00.934Z,market,trade,TESTE,99995.49678612701,35,,,,BARCL,CS,,,
2026-03-21T19:17:01.097Z,market,trade,TESTE,99991.22152842996,46,,,,MS,BARCL,,,
2026-03-21T19:17:01.262Z,market,trade,TESTE,100000.04737800102,64,,,,CS,ITAU,,,
2026-03-21T19:17:01.416Z,market,trade,TESTE,99999.34783448883,88,,,,CITI,CS,,,
2026-03-21T19:17:01.567Z,market,trade,TESTE,100000.62694066361,17,,,,ITAU,XP,,,
2026-03-21T19:17:01.718Z,market,trade,TESTE,99999.09597152779,118,,,,UBS,XP,,,
2026-03-21T19:17:01.880Z,market,trade,TESTE,99993.36738244587,35,,,,UBS,BARCL,,,
2026-03-21T19:17:02.031Z,market,trade,TESTE,100005.00054252105,186,,,,BARCL,BARCL,,,
2026-03-21T19:17:02.182Z,market,trade,TESTE,100001.85340078388,139,,,,GOLDM,XP,,,
2026-03-21T19:17:02.335Z,market,trade,TESTE,100001.62002880799,58,,,,BARCL,XP,,,
2026-03-21T19:17:02.489Z,market,flow_inversion,,,,,,,,,-57,65,BTG
2026-03-21T19:17:02.489Z,market,trade,TESTE,99991.08573511256,122,,,,BTG,BARCL,,,
2026-03-21T19:17:02.645Z,market,trade,TESTE,99998.91152029486,59,,,,ITAU,MS,,,
2026-03-21T19:17:02.801Z,market,trade,TESTE,99998.77144463256,7,,,,ITAU,GOLDM,,,
2026-03-21T19:17:02.966Z,market,trade,TESTE,99987.38763782464,178,,,,MS,CS,,,
2026-03-21T19:17:03.117Z,market,trade,TESTE,99984.0197626545,150,,,,BARCL,BTG,,,
2026-03-21T19:17:03.268Z,market,trade,TESTE,99980.24980645771,177,,,,MS,ITAU,,,
2026-03-21T19:17:03.433Z,market,trade,TESTE,99980.29767869206,67,,,,CS,BTG,,,
2026-03-21T19:17:03.584Z,market,flow_inversion,,,,,,,,,-62,138,GOLDM
2026-03-21T19:17:03.584Z,market,trade,TESTE,99990.0217638374,200,,,,GOLDM,UBS,,,
2026-03-21T19:17:03.735Z,market,trade,TESTE,99976.56186655417,33,,,,BTG,BTG,,,
2026-03-21T19:17:03.898Z,market,trade,TESTE,99989.49478217175,15,,,,MS,CS,,,
2026-03-21T19:17:04.050Z,market,trade,TESTE,99984.64167979437,65,,,,CS,BARCL,,,
2026-03-21T19:17:04.202Z,market,trade,TESTE,99973.1857131804,28,,,,ITAU,BTG,,,
2026-03-21T19:17:04.365Z,market,trade,TESTE,99974.55547299898,198,,,,ITAU,GOLDM,,,
2026-03-21T19:17:04.518Z,market,trade,TESTE,99972.61596587076,32,,,,MS,ITAU,,,
2026-03-21T19:17:04.674Z,market,trade,TESTE,99977.19993969778,128,,,,UBS,CS,,,
2026-03-21T19:17:04.837Z,market,trade,TESTE,99984.04997792255,82,,,,CS,ITAU,,,
2026-03-21T19:17:04.988Z,market,trade,TESTE,99975.7144971011,181,,,,CITI,XP,,,
2026-03-21T19:17:05.149Z,market,trade,TESTE,99988.82278576445,136,,,,XP,UBS,,,
2026-03-21T19:17:05.301Z,market,trade,TESTE,99984.77753329506,5,,,,GOLDM,JPM,,,
2026-03-21T19:17:05.451Z,market,trade,TESTE,99981.25221424772,126,,,,JPM,MS,,,
2026-03-21T19:17:05.602Z,market,trade,TESTE,99967.5271665874,151,,,,CITI,UBS,,,
2026-03-21T19:17:05.765Z,market,trade,TESTE,99967.27605255338,178,,,,JPM,CITI,,,
2026-03-21T19:17:05.917Z,market,trade,TESTE,99978.46238666757,75,,,,XP,UBS,,,
2026-03-21T19:17:06.069Z,market,trade,TESTE,99978.73967847535,162,,,,CS,BTG,,,
2026-03-21T19:17:06.220Z,market,trade,TESTE,99973.62418761931,106,,,,BARCL,UBS,,,
2026-03-21T19:17:06.384Z,market,trade,TESTE,99969.21179685835,189,,,,UBS,CS,,,
2026-03-21T19:17:06.537Z,market,trade,TESTE,99982.3259595851,98,,,,MS,MS,,,
2026-03-21T19:17:06.700Z,market,flow_inversion,,,,,,,,,98,-65,BTG
2026-03-21T19:17:06.700Z,market,trade,TESTE,99969.79804501189,163,,,,BTG,BTG,,,
2026-03-21T19:17:06.867Z,market,trade,TESTE,99975.38503789557,36,,,,UBS,GOLDM,,,
2026-03-21T19:17:07.017Z,market,trade,TESTE,99967.61483794429,108,,,,GOLDM,BTG,,,
2026-03-21T19:17:07.169Z,market,trade,TESTE,99968.96678937023,69,,,,XP,CS,,,
2026-03-21T19:17:07.331Z,market,trade,TESTE,99982.28625019788,29,,,,BARCL,CS,,,
2026-03-21T19:17:07.485Z,market,trade,TESTE,99984.91125829454,40,,,,UBS,UBS,,,
2026-03-21T19:17:07.648Z,market,trade,TESTE,99985.07582699953,8,,,,GOLDM,JPM,,,
2026-03-21T19:17:07.800Z,market,trade,TESTE,99988.90856703487,160,,,,UBS,MS,,,
2026-03-21T19:17:07.963Z,market,trade,TESTE,99986.79227008382,114,,,,BTG,XP,,,
2026-03-21T19:17:08.114Z,market,trade,TESTE,99985.57922262217,76,,,,BARCL,UBS,,,
2026-03-21T19:17:08.278Z,market,trade,TESTE,99985.01686409066,67,,,,MS,CS,,,
2026-03-21T19:17:08.432Z,market,trade,TESTE,99987.41265385089,53,,,,CITI,BTG,,,
2026-03-21T19:17:08.584Z,market,trade,TESTE,99984.49660725339,82,,,,JPM,BARCL,,,
2026-03-21T19:17:08.736Z,market,trade,TESTE,99981.41663468292,46,,,,JPM,BARCL,,,
2026-03-21T19:17:08.900Z,market,trade,TESTE,99967.57997713615,65,,,,BARCL,MS,,,
2026-03-21T19:17:09.051Z,market,trade,TESTE,99964.00161148669,52,,,,ITAU,CS,,,
2026-03-21T19:17:09.208Z,market,trade,TESTE,99978.26063538523,18,,,,GOLDM,ITAU,,,
2026-03-21T19:17:09.365Z,market,trade,TESTE,99977.1454503145,196,,,,CS,BTG,,,
2026-03-21T19:17:09.529Z,market,trade,TESTE,99968.61226588544,32,,,,CITI,JPM,,,
2026-03-21T19:17:09.684Z,market,trade,TESTE,99967.95548964858,177,,,,JPM,CS,,,
2026-03-21T19:17:09.844Z,market,trade,TESTE,99981.01317032495,27,,,,UBS,CITI,,,
2026-03-21T19:17:10.000Z,market,trade,TESTE,99981.4600849128,174,,,,UBS,BTG,,,
2026-03-21T19:17:10.151Z,market,trade,TESTE,99971.45679479952,163,,,,GOLDM,JPM,,,
2026-03-21T19:17:10.301Z,market,trade,TESTE,99983.89639257613,37,,,,MS,ITAU,,,
2026-03-21T19:17:10.463Z,market,trade,TESTE,99979.08870907921,163,,,,MS,ITAU,,,
2026-03-21T19:17:10.617Z,market,trade,TESTE,99983.46990791344,28,,,,CS,CS,,,
2026-03-21T19:17:10.780Z,market,trade,TESTE,99970.07717856388,11,,,,XP,CITI,,,
2026-03-21T19:17:10.935Z,market,trade,TESTE,99980.74071354963,12,,,,ITAU,ITAU,,,
2026-03-21T19:17:11.099Z,market,trade,TESTE,99983.46283104872,10,,,,BARCL,MS,,,
2026-03-21T19:17:11.249Z,market,trade,TESTE,99970.98691296577,99,,,,UBS,BARCL,,,
2026-03-21T19:17:11.401Z,market,trade,TESTE,99981.84004502387,164,,,,MS,BTG,,,
2026-03-21T19:17:11.567Z,market,trade,TESTE,99985.4881291257,105,,,,BARCL,BTG,,,
2026-03-21T19:17:11.730Z,market,trade,TESTE,99985.34362944563,185,,,,UBS,BTG,,,
2026-03-21T19:17:11.884Z,market,trade,TESTE,99976.37397934217,27,,,,XP,MS,,,
2026-03-21T19:17:12.050Z,market,trade,TESTE,99980.78270926874,37,,,,XP,BTG,,,
2026-03-21T19:17:12.218Z,market,trade,TESTE,99979.05873744811,37,,,,ITAU,CS,,,
2026-03-21T19:17:12.385Z,market,trade,TESTE,99984.92650518872,46,,,,ITAU,BARCL,,,
2026-03-21T19:17:12.550Z,market,trade,TESTE,99988.08709361944,112,,,,BARCL,GOLDM,,,
2026-03-21T19:17:12.716Z,market,trade,TESTE,99985.73101142397,85,,,,BARCL,JPM,,,
2026-03-21T19:17:12.884Z,market,flow_inversion,,,,,,,,,-30,10,UBS
2026-03-21T19:17:12.884Z,market,trade,TESTE,99976.42255557887,40,,,,UBS,ITAU,,,
2026-03-21T19:17:13.035Z,market,trade,TESTE,99986.52296700465,53,,,,BARCL,ITAU,,,
2026-03-21T19:17:13.185Z,market,trade,TESTE,99984.4244482873,97,,,,GOLDM,MS,,,
2026-03-21T19:17:13.348Z,market,trade,TESTE,99974.28019247948,34,,,,ITAU,UBS,,,
2026-03-21T19:17:13.500Z,market,trade,TESTE,99977.14294728498,8,,,,BARCL,GOLDM,,,
2026-03-21T19:17:13.664Z,market,flow_inversion,,,,,,,,,-59,72,BTG
2026-03-21T19:17:13.664Z,market,trade,TESTE,99974.4894034647,131,,,,BTG,UBS,,,
2026-03-21T19:17:13.815Z,market,trade,TESTE,99986.73207801758,197,,,,BTG,XP,,,
2026-03-21T19:17:13.967Z,market,trade,TESTE,99978.07591603295,101,,,,CS,CS,,,
2026-03-21T19:17:14.117Z,market,trade,TESTE,99977.94613708946,62,,,,BTG,BARCL,,,
2026-03-21T19:17:14.268Z,market,trade,TESTE,99974.69192871646,9,,,,CITI,ITAU,,,
2026-03-21T19:17:14.419Z,market,trade,TESTE,99976.54113269493,191,,,,CS,BARCL,,,
2026-03-21T19:17:14.583Z,market,trade,TESTE,99973.73057351756,139,,,,ITAU,UBS,,,
2026-03-21T19:17:14.734Z,market,trade,TESTE,99976.38445828283,121,,,,BARCL,GOLDM,,,
2026-03-21T19:17:14.884Z,market,trade,TESTE,99989.34827691985,186,,,,CS,BARCL,,,
2026-03-21T19:17:15.035Z,market,trade,TESTE,99986.98230651821,158,,,,BARCL,UBS,,,
2026-03-21T19:17:15.201Z,market,trade,TESTE,99978.55350460327,152,,,,GOLDM,UBS,,,
2026-03-21T19:17:15.355Z,market,trade,TESTE,99992.3868194321,116,,,,CS,CITI,,,
2026-03-21T19:17:15.516Z,market,trade,TESTE,99985.96293507345,72,,,,JPM,GOLDM,,,
2026-03-21T19:17:15.667Z,market,trade,TESTE,99995.88297698114,165,,,,GOLDM,BTG,,,
2026-03-21T19:17:15.817Z,market,trade,TESTE,99997.96643007315,123,,,,CS,JPM,,,
2026-03-21T19:17:15.970Z,market,trade,TESTE,99994.00279426387,122,,,,BTG,JPM,,,
2026-03-21T19:17:16.131Z,market,trade,TESTE,99997.20806363561,111,,,,BARCL,UBS,,,
2026-03-21T19:17:16.283Z,market,trade,TESTE,100000.65600854946,23,,,,JPM,CITI,,,
2026-03-21T19:17:16.447Z,market,trade,TESTE,100005.65489760411,192,,,,CITI,BTG,,,
2026-03-21T19:17:16.612Z,market,trade,TESTE,100002.35390297414,87,,,,BTG,XP,,,
2026-03-21T19:17:16.768Z,market,trade,TESTE,99997.9923212565,99,,,,CITI,BARCL,,,
2026-03-21T19:17:16.918Z,market,trade,TESTE,99999.58653047652,160,,,,UBS,ITAU,,,
2026-03-21T19:17:17.083Z,market,trade,TESTE,99998.57752252131,105,,,,CS,ITAU,,,
2026-03-21T19:17:17.247Z,market,trade,TESTE,99992.27770584695,68,,,,GOLDM,CS,,,
2026-03-21T19:17:17.399Z,market,trade,TESTE,99988.89622597063,115,,,,ITAU,CITI,,,
2026-03-21T19:17:17.563Z,market,trade,TESTE,99989.3291204416,86,,,,XP,UBS,,,
2026-03-21T19:17:17.716Z,market,trade,TESTE,99995.88131267815,121,,,,GOLDM,BTG,,,
2026-03-21T19:17:17.874Z,market,trade,TESTE,99998.53695190311,198,,,,CITI,MS,,,
2026-03-21T19:17:18.034Z,market,trade,TESTE,99996.77758046797,132,,,,ITAU,CS,,,
2026-03-21T19:17:18.200Z,market,trade,TESTE,99996.82159002026,127,,,,XP,BTG,,,
2026-03-21T19:17:18.362Z,market,trade,TESTE,99986.51234579754,72,,,,XP,MS,,,
2026-03-21T19:17:18.519Z,market,trade,TESTE,99989.40284363892,123,,,,JPM,CS,,,
2026-03-21T19:17:18.682Z,market,trade,TESTE,99989.37682519114,132,,,,GOLDM,BTG,,,
2026-03-21T19:17:18.834Z,market,trade,TESTE,99993.35759060478,16,,,,ITAU,XP,,,
2026-03-21T19:17:18.984Z,market,trade,TESTE,100004.37331691809,115,,,,CITI,BARCL,,,
2026-03-21T19:17:19.145Z,market,trade,TESTE,99990.4602682783,20,,,,ITAU,MS,,,
2026-03-21T19:17:19.301Z,market,trade,TESTE,99995.77161518329,107,,,,CS,JPM,,,
2026-03-21T19:17:19.452Z,market,trade,TESTE,99992.12833721418,168,,,,UBS,UBS,,,
2026-03-21T19:17:19.618Z,market,trade,TESTE,99991.4010522655,135,,,,MS,CITI,,,
2026-03-21T19:17:19.769Z,market,trade,TESTE,99987.64486627457,90,,,,BARCL,BARCL,,,
2026-03-21T19:17:19.934Z,market,trade,TESTE,99984.9518761096,174,,,,CS,UBS,,,
2026-03-21T19:17:20.090Z,market,trade,TESTE,99988.75057629011,104,,,,UBS,CS,,,
2026-03-21T19:17:20.251Z,market,trade,TESTE,99984.43217767347,65,,,,BARCL,XP,,,
2026-03-21T19:17:20.408Z,market,trade,TESTE,99985.85865844379,147,,,,XP,BTG,,,
2026-03-21T19:17:20.566Z,market,trade,TESTE,99982.54675911233,16,,,,CITI,BARCL,,,
2026-03-21T19:17:20.717Z,market,trade,TESTE,99970.92582383213,188,,,,GOLDM,GOLDM,,,
2026-03-21T19:17:20.883Z,market,trade,TESTE,99967.63527426544,31,,,,MS,CITI,,,
2026-03-21T19:17:21.034Z,market,trade,TESTE,99971.67095396497,57,,,,JPM,GOLDM,,,
2026-03-21T19:17:21.184Z,market,trade,TESTE,99980.57647366276,161,,,,ITAU,JPM,,,
2026-03-21T19:17:21.349Z,market,trade,TESTE,99984.05783729543,54,,,,GOLDM,ITAU,,,
2026-03-21T19:17:21.500Z,market,trade,TESTE,99984.7777556892,163,,,,CITI,CS,,,
2026-03-21T19:17:21.651Z,market,trade,TESTE,99979.81601591542,179,,,,GOLDM,BTG,,,
2026-03-21T19:17:21.801Z,market,trade,TESTE,99977.89114318698,191,,,,UBS,JPM,,,
2026-03-21T19:17:21.966Z,market,trade,TESTE,99970.8261235538,112,,,,MS,MS,,,
2026-03-21T19:17:22.117Z,market,trade,TESTE,99970.20859332592,181,,,,CS,XP,,,
2026-03-21T19:17:22.267Z,market,trade,TESTE,99972.15184663406,29,,,,JPM,CS,,,
2026-03-21T19:17:22.418Z,market,trade,TESTE,99983.42232932693,176,,,,CITI,UBS,,,
2026-03-21T19:17:22.570Z,market,trade,TESTE,99988.36410451678,94,,,,XP,ITAU,,,
2026-03-21T19:17:22.730Z,market,trade,TESTE,99973.97616858968,176,,,,BARCL,JPM,,,
2026-03-21T19:17:22.883Z,market,trade,TESTE,99979.51081719747,35,,,,XP,BTG,,,
2026-03-21T19:17:23.034Z,market,trade,TESTE,99980.13614483809,114,,,,ITAU,BTG,,,
2026-03-21T19:17:23.184Z,market,trade,TESTE,99971.7794305518,131,,,,JPM,ITAU,,,
2026-03-21T19:17:23.349Z,market,trade,TESTE,99982.5058337155,60,,,,BTG,BARCL,,,
2026-03-21T19:17:23.501Z,market,trade,TESTE,99977.4343635575,102,,,,JPM,CITI,,,
2026-03-21T19:17:23.666Z,market,trade,TESTE,99973.16316488548,43,,,,BARCL,CITI,,,
2026-03-21T19:17:23.817Z,market,trade,TESTE,99973.97397102645,175,,,,MS,BTG,,,
2026-03-21T19:17:23.982Z,market,trade,TESTE,99975.6284628139,119,,,,CS,CS,,,
2026-03-21T19:17:24.135Z,market,trade,TESTE,99974.32149888539,156,,,,XP,ITAU,,,
2026-03-21T19:17:24.299Z,market,trade,TESTE,99987.12911061941,33,,,,XP,CITI,,,
2026-03-21T19:17:24.451Z,market,trade,TESTE,99989.46608193558,143,,,,ITAU,ITAU,,,
2026-03-21T19:17:24.616Z,market,trade,TESTE,99978.73005060987,45,,,,GOLDM,CITI,,,
2026-03-21T19:17:24.767Z,market,trade,TESTE,99976.72848002825,13,,,,CITI,BARCL,,,
2026-03-21T19:17:24.917Z,market,trade,TESTE,99983.7810495456,56,,,,MS,CITI,,,
2026-03-21T19:17:25.067Z,market,trade,TESTE,99985.50739336987,62,,,,GOLDM,ITAU,,,
2026-03-21T19:17:25.219Z,market,trade,TESTE,99976.4653659511,16,,,,CITI,BARCL,,,
2026-03-21T19:17:25.384Z,market,trade,TESTE,99978.90690259293,41,,,,CS,CITI,,,
2026-03-21T19:17:25.535Z,market,trade,TESTE,99989.59278137887,71,,,,UBS,JPM,,,
2026-03-21T19:17:25.700Z,market,trade,TESTE,99992.93635856864,76,,,,JPM,BTG,,,
2026-03-21T19:17:25.851Z,market,trade,TESTE,99979.40883223916,108,,,,ITAU,JPM,,,
2026-03-21T19:17:26.002Z,market,trade,TESTE,99978.14210401179,100,,,,BARCL,BTG,,,
2026-03-21T19:17:26.166Z,market,trade,TESTE,99977.87983116347,145,,,,BTG,BARCL,,,
2026-03-21T19:17:26.329Z,market,trade,TESTE,99980.4329497041,64,,,,CITI,BTG,,,
2026-03-21T19:17:26.485Z,market,trade,TESTE,99995.42585807008,29,,,,GOLDM,ITAU,,,
2026-03-21T19:17:26.649Z,market,trade,TESTE,99993.89521159668,30,,,,CITI,MS,,,
2026-03-21T19:17:26.814Z,market,trade,TESTE,99981.56929010789,62,,,,ITAU,MS,,,
2026-03-21T19:17:26.965Z,market,trade,TESTE,99991.13279383602,146,,,,BTG,XP,,,
2026-03-21T19:17:27.121Z,market,trade,TESTE,99992.77764561102,174,,,,XP,ITAU,,,
2026-03-21T19:17:27.286Z,market,trade,TESTE,99987.06937738686,133,,,,BTG,CS,,,
2026-03-21T19:17:27.437Z,market,trade,TESTE,99993.15103358233,75,,,,GOLDM,ITAU,,,
2026-03-21T19:17:27.596Z,market,trade,TESTE,99988.00652089754,38,,,,CITI,BARCL,,,
2026-03-21T19:17:27.751Z,market,trade,TESTE,99984.09720990073,143,,,,CITI,CS,,,
2026-03-21T19:17:27.903Z,market,trade,TESTE,99995.57561291092,171,,,,JPM,JPM,,,
2026-03-21T19:17:28.068Z,market,trade,TESTE,99989.69823922316,145,,,,BTG,JPM,,,
2026-03-21T19:17:28.218Z,market,trade,TESTE,99989.83089308474,142,,,,JPM,CITI,,,
2026-03-21T19:17:28.370Z,market,trade,TESTE,99986.92854213442,140,,,,CITI,CITI,,,
2026-03-21T19:17:28.534Z,market,trade,TESTE,100000.28720522612,158,,,,CS,XP,,,
2026-03-21T19:17:28.697Z,market,trade,TESTE,99996.70319703728,149,,,,GOLDM,JPM,,,
2026-03-21T19:17:28.876Z,market,trade,TESTE,99998.74176825077,150,,,,UBS,UBS,,,
2026-03-21T19:17:29.029Z,market,trade,TESTE,99998.73572062032,139,,,,CITI,CS,,,
2026-03-21T19:17:29.182Z,market,trade,TESTE,99984.68195065056,130,,,,UBS,MS,,,
2026-03-21T19:17:29.335Z,market,trade,TESTE,99982.95517471942,160,,,,UBS,BARCL,,,
2026-03-21T19:17:29.486Z,market,trade,TESTE,99995.33166153547,134,,,,CS,CITI,,,
2026-03-21T19:17:29.638Z,market,trade,TESTE,99995.57038054516,185,,,,CS,CITI,,,
2026-03-21T19:17:29.803Z,market,trade,TESTE,99998.83104051846,97,,,,JPM,MS,,,
2026-03-21T19:17:29.957Z,market,trade,TESTE,99993.45251710516,113,,,,CITI,JPM,,,
2026-03-21T19:17:30.109Z,market,trade,TESTE,99998.47942696366,67,,,,GOLDM,JPM,,,
2026-03-21T19:17:30.260Z,market,trade,TESTE,99986.4564240662,22,,,,CS,CITI,,,
2026-03-21T19:17:30.412Z,market,trade,TESTE,99983.07893370464,144,,,,CITI,XP,,,
2026-03-21T19:17:30.567Z,market,trade,TESTE,99979.47524893969,117,,,,CITI,XP,,,
2026-03-21T19:17:30.718Z,market,trade,TESTE,99982.75761941407,73,,,,CITI,CS,,,
2026-03-21T19:17:30.871Z,market,trade,TESTE,99997.26343514373,38,,,,GOLDM,MS,,,
2026-03-21T19:17:31.021Z,market,trade,TESTE,99985.93838256857,128,,,,ITAU,BTG,,,
2026-03-21T19:17:31.185Z,market,trade,TESTE,99987.85046802755,158,,,,CS,BTG,,,
2026-03-21T19:17:31.341Z,market,trade,TESTE,99997.36137145871,153,,,,JPM,JPM,,,
2026-03-21T19:17:31.502Z,market,trade,TESTE,99992.4729831508,81,,,,GOLDM,GOLDM,,,
2026-03-21T19:17:31.653Z,market,trade,TESTE,99982.34432175713,150,,,,UBS,CS,,,
2026-03-21T19:17:31.805Z,market,trade,TESTE,99991.31959925202,26,,,,BARCL,CS,,,
2026-03-21T19:17:31.967Z,market,trade,TESTE,99980.55520900048,54,,,,CITI,CITI,,,
2026-03-21T19:17:32.122Z,market,trade,TESTE,99993.93171712774,28,,,,ITAU,CITI,,,
2026-03-21T19:17:32.278Z,market,trade,TESTE,99991.44626628475,27,,,,UBS,CS,,,
2026-03-21T19:17:32.433Z,market,trade,TESTE,99977.51279882254,84,,,,ITAU,MS,,,
2026-03-21T19:17:32.584Z,market,trade,TESTE,99976.17140292445,182,,,,BARCL,CITI,,,
2026-03-21T19:17:32.748Z,market,trade,TESTE,99973.72348057614,50,,,,XP,BTG,,,
2026-03-21T19:17:32.902Z,market,trade,TESTE,99980.65128356448,22,,,,UBS,CITI,,,
2026-03-21T19:17:33.065Z,market,trade,TESTE,99981.56589914525,22,,,,CITI,BARCL,,,
2026-03-21T19:17:33.215Z,market,trade,TESTE,99979.63096997018,24,,,,CITI,XP,,,
2026-03-21T19:17:33.381Z,market,trade,TESTE,99979.03427634516,142,,,,CS,ITAU,,,
2026-03-21T19:17:33.534Z,market,trade,TESTE,99983.07903418198,6,,,,CITI,MS,,,
2026-03-21T19:17:33.699Z,market,trade,TESTE,99973.66963441198,198,,,,CITI,BARCL,,,
2026-03-21T19:17:33.850Z,market,trade,TESTE,99976.9068426025,141,,,,BTG,JPM,,,
2026-03-21T19:17:34.010Z,market,trade,TESTE,99980.90392935213,24,,,,BTG,JPM,,,
2026-03-21T19:17:34.167Z,market,trade,TESTE,99985.12373819333,76,,,,ITAU,BARCL,,,
2026-03-21T19:17:34.320Z,market,trade,TESTE,99995.07717786507,5,,,,BARCL,GOLDM,,,
2026-03-21T19:17:34.483Z,market,trade,TESTE,99992.52283235682,6,,,,GOLDM,CITI,,,
2026-03-21T19:17:34.647Z,market,trade,TESTE,99979.11961091186,190,,,,BARCL,CS,,,
2026-03-21T19:17:34.800Z,market,trade,TESTE,99991.87561847159,36,,,,BARCL,GOLDM,,,
2026-03-21T19:17:34.966Z,market,trade,TESTE,99980.288929354,13,,,,CITI,CS,,,
2026-03-21T19:17:35.117Z,market,trade,TESTE,99991.29348776262,141,,,,UBS,CITI,,,
2026-03-21T19:17:35.282Z,market,trade,TESTE,99978.7495239237,191,,,,XP,UBS,,,
2026-03-21T19:17:35.434Z,market,trade,TESTE,99981.30187476617,80,,,,GOLDM,XP,,,
2026-03-21T19:17:35.586Z,market,trade,TESTE,99986.94411443203,67,,,,JPM,ITAU,,,
2026-03-21T19:17:35.751Z,market,trade,TESTE,99971.97500871943,169,,,,JPM,JPM,,,
2026-03-21T19:17:35.901Z,market,trade,TESTE,99985.99916317196,200,,,,CITI,UBS,,,
2026-03-21T19:17:36.067Z,market,trade,TESTE,99978.32323256342,36,,,,JPM,GOLDM,,,
2026-03-21T19:17:36.232Z,market,trade,TESTE,99976.69455741826,11,,,,ITAU,BTG,,,
2026-03-21T19:17:36.384Z,market,trade,TESTE,99990.11687949514,163,,,,GOLDM,XP,,,
2026-03-21T19:17:36.534Z,market,trade,TESTE,99991.36673295691,114,,,,XP,CITI,,,
2026-03-21T19:17:36.698Z,market,trade,TESTE,99979.07895631628,28,,,,BARCL,ITAU,,,
2026-03-21T19:17:36.850Z,market,trade,TESTE,99976.50447903755,34,,,,JPM,GOLDM,,,
2026-03-21T19:17:37.003Z,market,trade,TESTE,99971.58385485123,62,,,,XP,JPM,,,
2026-03-21T19:17:37.164Z,market,trade,TESTE,99969.18632485523,120,,,,BTG,BTG,,,
2026-03-21T19:17:37.317Z,market,trade,TESTE,99965.3353810626,30,,,,GOLDM,BTG,,,
2026-03-21T19:17:37.482Z,market,trade,TESTE,99974.59892034395,98,,,,CS,BARCL,,,
2026-03-21T19:17:37.634Z,market,trade,TESTE,99960.17410976265,78,,,,BARCL,BTG,,,
2026-03-21T19:17:37.786Z,market,trade,TESTE,99970.27049091317,82,,,,MS,GOLDM,,,
2026-03-21T19:17:37.947Z,market,trade,TESTE,99962.85464450665,151,,,,XP,BTG,,,
2026-03-21T19:17:38.113Z,market,trade,TESTE,99958.22341424605,171,,,,JPM,XP,,,
2026-03-21T19:17:38.263Z,market,trade,TESTE,99954.41993651511,158,,,,UBS,XP,,,
2026-03-21T19:17:38.433Z,market,trade,TESTE,99951.0800893203,50,,,,ITAU,GOLDM,,,
2026-03-21T19:17:38.596Z,market,trade,TESTE,99960.69230252402,61,,,,CS,JPM,,,
2026-03-21T19:17:38.751Z,market,trade,TESTE,99947.31934783571,178,,,,JPM,MS,,,
2026-03-21T19:17:38.916Z,market,trade,TESTE,99945.84797415747,195,,,,BARCL,BTG,,,
2026-03-21T19:17:39.085Z,market,trade,TESTE,99946.57965474665,6,,,,BTG,UBS,,,
2026-03-21T19:17:39.250Z,market,trade,TESTE,99952.39565561606,182,,,,UBS,UBS,,,
2026-03-21T19:17:39.402Z,market,trade,TESTE,99944.97336877743,89,,,,BARCL,XP,,,
2026-03-21T19:17:39.564Z,market,trade,TESTE,99947.99020007854,115,,,,BTG,ITAU,,,
2026-03-21T19:17:39.715Z,market,trade,TESTE,99947.62868770568,58,,,,UBS,JPM,,,
2026-03-21T19:17:39.867Z,market,trade,TESTE,99951.72363398084,71,,,,BARCL,XP,,,
2026-03-21T19:17:40.018Z,market,trade,TESTE,99959.42911164796,165,,,,GOLDM,XP,,,
2026-03-21T19:17:40.168Z,market,trade,TESTE,99951.53798277269,198,,,,XP,XP,,,
2026-03-21T19:17:40.333Z,market,trade,TESTE,99946.58661170118,147,,,,JPM,CITI,,,
2026-03-21T19:17:40.496Z,market,trade,TESTE,99945.2977348608,129,,,,BTG,BTG,,,
2026-03-21T19:17:40.652Z,market,trade,TESTE,99942.05482954578,72,,,,CITI,MS,,,
2026-03-21T19:17:40.815Z,market,trade,TESTE,99940.00440007364,106,,,,MS,GOLDM,,,
2026-03-21T19:17:40.965Z,market,trade,TESTE,99950.6336555365,44,,,,MS,BARCL,,,
2026-03-21T19:17:41.129Z,market,trade,TESTE,99937.0653916816,35,,,,BARCL,MS,,,
2026-03-21T19:17:41.282Z,market,trade,TESTE,99949.63900504213,114,,,,UBS,CITI,,,
2026-03-21T19:17:41.447Z,market,trade,TESTE,99943.19573338564,28,,,,BTG,MS,,,
2026-03-21T19:17:41.612Z,market,trade,TESTE,99952.83079117833,109,,,,JPM,MS,,,
2026-03-21T19:17:41.766Z,market,trade,TESTE,99956.92511538736,39,,,,GOLDM,CS,,,
2026-03-21T19:17:41.920Z,market,trade,TESTE,99960.5113958838,145,,,,BTG,BTG,,,
2026-03-21T19:17:42.079Z,market,trade,TESTE,99953.16662679792,80,,,,ITAU,GOLDM,,,
2026-03-21T19:17:42.232Z,market,trade,TESTE,99961.79796207274,61,,,,GOLDM,XP,,,
2026-03-21T19:17:42.384Z,market,trade,TESTE,99955.31230769832,35,,,,XP,GOLDM,,,
2026-03-21T19:17:42.549Z,market,trade,TESTE,99955.72626547524,172,,,,MS,UBS,,,
2026-03-21T19:17:42.700Z,market,trade,TESTE,99963.84914276146,94,,,,CITI,BARCL,,,
2026-03-21T19:17:42.850Z,market,trade,TESTE,99962.51284267864,93,,,,UBS,BARCL,,,
2026-03-21T19:17:43.001Z,market,trade,TESTE,99960.02555210318,52,,,,UBS,BTG,,,
2026-03-21T19:17:43.163Z,market,trade,TESTE,99957.82554749679,191,,,,JPM,UBS,,,
2026-03-21T19:17:43.317Z,market,trade,TESTE,99954.50853445589,90,,,,XP,CS,,,
2026-03-21T19:17:43.478Z,market,trade,TESTE,99949.7821361093,29,,,,GOLDM,MS,,,
2026-03-21T19:17:43.632Z,market,trade,TESTE,99948.74240116047,28,,,,BTG,ITAU,,,
2026-03-21T19:17:43.784Z,market,trade,TESTE,99934.6952356763,179,,,,XP,MS,,,
2026-03-21T19:17:43.950Z,market,trade,TESTE,99948.41199119789,67,,,,GOLDM,ITAU,,,
2026-03-21T19:17:44.101Z,market,trade,TESTE,99944.31466992061,130,,,,BTG,XP,,,
2026-03-21T19:17:44.266Z,market,trade,TESTE,99930.96034629174,172,,,,CITI,CITI,,,
2026-03-21T19:17:44.431Z,market,trade,TESTE,99930.54305414717,79,,,,CITI,ITAU,,,
2026-03-21T19:17:44.584Z,market,trade,TESTE,99929.17012283827,129,,,,BARCL,CITI,,,
2026-03-21T19:17:44.734Z,market,trade,TESTE,99932.68132521676,196,,,,XP,XP,,,
2026-03-21T19:17:44.896Z,market,trade,TESTE,99932.36489433415,7,,,,GOLDM,CITI,,,
2026-03-21T19:17:45.047Z,market,trade,TESTE,99940.40766105769,69,,,,BARCL,CITI,,,
2026-03-21T19:17:45.201Z,market,trade,TESTE,99931.47894505814,131,,,,MS,BARCL,,,
2026-03-21T19:17:45.368Z,market,trade,TESTE,99944.87482553847,164,,,,GOLDM,UBS,,,
2026-03-21T19:17:45.531Z,market,trade,TESTE,99941.39848156428,16,,,,CS,XP,,,
2026-03-21T19:17:45.695Z,market,trade,TESTE,99939.50226408176,71,,,,CS,ITAU,,,
2026-03-21T19:17:45.849Z,market,trade,TESTE,99937.92291315012,20,,,,BTG,BTG,,,
2026-03-21T19:17:46.001Z,market,trade,TESTE,99928.18957289966,33,,,,UBS,CS,,,
2026-03-21T19:17:46.164Z,market,trade,TESTE,99939.94803037944,181,,,,BTG,XP,,,
2026-03-21T19:17:46.314Z,market,trade,TESTE,99935.16113600794,14,,,,CITI,JPM,,,
2026-03-21T19:17:46.480Z,market,trade,TESTE,99925.47879403866,149,,,,XP,BTG,,,
2026-03-21T19:17:46.633Z,market,trade,TESTE,99924.07795909836,35,,,,BARCL,BTG,,,
2026-03-21T19:17:46.784Z,market,trade,TESTE,99933.50637056856,167,,,,BARCL,CS,,,
2026-03-21T19:17:46.951Z,market,trade,TESTE,99932.17810390219,167,,,,JPM,XP,,,
2026-03-21T19:17:47.117Z,market,trade,TESTE,99932.9643490128,155,,,,BTG,GOLDM,,,
2026-03-21T19:17:47.268Z,market,trade,TESTE,99929.20388288907,179,,,,BTG,CITI,,,
2026-03-21T19:17:47.432Z,market,trade,TESTE,99917.96489732768,150,,,,ITAU,UBS,,,
2026-03-21T19:17:47.584Z,market,trade,TESTE,99913.07320263678,158,,,,GOLDM,XP,,,
2026-03-21T19:17:47.734Z,market,trade,TESTE,99916.37003790682,120,,,,XP,UBS,,,
2026-03-21T19:17:47.899Z,market,trade,TESTE,99928.80019905274,86,,,,CITI,GOLDM,,,
2026-03-21T19:17:48.065Z,market,trade,TESTE,99924.43798720663,150,,,,BARCL,BARCL,,,
2026-03-21T19:17:48.229Z,market,trade,TESTE,99920.57187556503,60,,,,GOLDM,JPM,,,
2026-03-21T19:17:48.383Z,market,trade,TESTE,99923.94340524406,109,,,,XP,XP,,,
2026-03-21T19:17:48.534Z,market,trade,TESTE,99917.1756439781,163,,,,GOLDM,ITAU,,,
2026-03-21T19:17:48.696Z,market,trade,TESTE,99912.41868770112,105,,,,MS,BARCL,,,
2026-03-21T19:17:48.849Z,market,trade,TESTE,99913.93969075181,76,,,,CS,UBS,,,
2026-03-21T19:17:49.000Z,market,trade,TESTE,99926.77133352854,132,,,,ITAU,CITI,,,
2026-03-21T19:17:49.151Z,market,trade,TESTE,99921.75954130314,199,,,,BTG,BARCL,,,
2026-03-21T19:17:49.312Z,market,trade,TESTE,99923.56611114462,116,,,,JPM,UBS,,,
2026-03-21T19:17:49.466Z,market,trade,TESTE,99936.9116638314,128,,,,XP,GOLDM,,,
2026-03-21T19:17:49.626Z,market,trade,TESTE,99931.13389670009,70,,,,MS,ITAU,,,
2026-03-21T19:17:49.784Z,market,trade,TESTE,99938.70137592776,136,,,,BTG,GOLDM,,,
2026-03-21T19:17:49.936Z,market,trade,TESTE,99936.59745582273,83,,,,BARCL,BARCL,,,
2026-03-21T19:17:50.099Z,market,trade,TESTE,99933.15408166301,152,,,,BARCL,UBS,,,
2026-03-21T19:17:50.265Z,market,trade,TESTE,99934.89252030679,43,,,,GOLDM,JPM,,,
2026-03-21T19:17:50.416Z,market,trade,TESTE,99934.03050846551,123,,,,CITI,CITI,,,
2026-03-21T19:17:50.569Z,market,trade,TESTE,99935.68112148078,197,,,,UBS,ITAU,,,
2026-03-21T19:17:50.728Z,market,trade,TESTE,99929.92350081197,109,,,,BTG,ITAU,,,
2026-03-21T19:17:50.881Z,market,trade,TESTE,99927.77597565972,5,,,,XP,MS,,,
2026-03-21T19:17:51.033Z,market,trade,TESTE,99923.10632805378,120,,,,CITI,CS,,,
2026-03-21T19:17:51.184Z,market,trade,TESTE,99934.60116862481,123,,,,GOLDM,GOLDM,,,
2026-03-21T19:17:51.349Z,market,trade,TESTE,99937.91064670289,27,,,,XP,GOLDM,,,
2026-03-21T19:17:51.513Z,market,trade,TESTE,99940.16335342004,199,,,,BARCL,UBS,,,
2026-03-21T19:17:51.665Z,market,trade,TESTE,99926.69323622219,179,,,,BARCL,JPM,,,
2026-03-21T19:17:51.816Z,market,trade,TESTE,99925.95785051357,134,,,,BTG,ITAU,,,
2026-03-21T19:17:51.968Z,market,trade,TESTE,99935.46829191521,96,,,,JPM,BTG,,,
2026-03-21T19:17:52.134Z,market,trade,TESTE,99938.33821854141,50,,,,BTG,GOLDM,,,
2026-03-21T19:17:52.288Z,market,trade,TESTE,99934.24522255297,170,,,,UBS,CITI,,,
2026-03-21T19:17:52.451Z,market,trade,TESTE,99920.17521414999,67,,,,UBS,UBS,,,
2026-03-21T19:17:52.602Z,market,trade,TESTE,99926.35271572678,161,,,,GOLDM,BTG,,,
2026-03-21T19:17:52.767Z,market,trade,TESTE,99915.29042968615,84,,,,ITAU,GOLDM,,,
2026-03-21T19:17:52.917Z,market,trade,TESTE,99912.56734322548,172,,,,XP,CITI,,,
2026-03-21T19:17:53.079Z,market,trade,TESTE,99911.4855832551,35,,,,ITAU,UBS,,,
2026-03-21T19:17:53.231Z,market,trade,TESTE,99910.48279243837,46,,,,XP,GOLDM,,,
2026-03-21T19:17:53.384Z,market,trade,TESTE,99909.38389344822,194,,,,ITAU,XP,,,
2026-03-21T19:17:53.536Z,market,trade,TESTE,99914.84661602946,81,,,,MS,GOLDM,,,
2026-03-21T19:17:53.688Z,market,trade,TESTE,99905.02264440108,166,,,,JPM,UBS,,,
2026-03-21T19:17:53.838Z,market,trade,TESTE,99918.26319834757,113,,,,CS,CITI,,,
2026-03-21T19:17:53.992Z,market,trade,TESTE,99905.05312170651,66,,,,JPM,BARCL,,,
2026-03-21T19:17:54.147Z,market,trade,TESTE,99909.6261185525,156,,,,CITI,CITI,,,
2026-03-21T19:17:54.298Z,market,trade,TESTE,99922.3452074448,188,,,,CITI,UBS,,,
2026-03-21T19:17:54.449Z,market,trade,TESTE,99923.22020942857,182,,,,CS,BARCL,,,
2026-03-21T19:17:54.609Z,market,trade,TESTE,99910.6718802396,102,,,,CITI,BARCL,,,
2026-03-21T19:17:54.767Z,market,trade,TESTE,99920.9822562328,167,,,,BTG,ITAU,,,
2026-03-21T19:17:54.918Z,market,trade,TESTE,99921.94718334082,194,,,,BARCL,ITAU,,,
2026-03-21T19:17:55.068Z,market,trade,TESTE,99917.74124081578,154,,,,GOLDM,MS,,,
2026-03-21T19:17:55.231Z,market,trade,TESTE,99917.95098353497,169,,,,XP,CITI,,,
2026-03-21T19:17:55.382Z,market,trade,TESTE,99918.19349409707,35,,,,BARCL,GOLDM,,,
2026-03-21T19:17:55.533Z,market,trade,TESTE,99919.40352577262,69,,,,CS,BTG,,,
2026-03-21T19:17:55.684Z,market,trade,TESTE,99921.92229619472,158,,,,CITI,CS,,,
2026-03-21T19:17:55.849Z,market,trade,TESTE,99919.92330374113,55,,,,ITAU,MS,,,
2026-03-21T19:17:56.001Z,market,trade,TESTE,99907.77838239569,96,,,,MS,UBS,,,
2026-03-21T19:17:56.167Z,market,trade,TESTE,99919.92786909212,106,,,,XP,CS,,,
2026-03-21T19:17:56.332Z,market,trade,TESTE,99908.32225317706,38,,,,BTG,BARCL,,,
2026-03-21T19:17:56.496Z,market,trade,TESTE,99913.72418013331,17,,,,BARCL,BARCL,,,
2026-03-21T19:17:56.649Z,market,trade,TESTE,99917.48326743576,80,,,,MS,BARCL,,,
2026-03-21T19:17:56.812Z,market,trade,TESTE,99918.10575336253,42,,,,UBS,JPM,,,
2026-03-21T19:17:56.967Z,market,trade,TESTE,99911.65708265701,98,,,,UBS,CS,,,
2026-03-21T19:17:57.130Z,market,trade,TESTE,99926.45929003788,132,,,,GOLDM,BARCL,,,
2026-03-21T19:17:57.281Z,market,trade,TESTE,99919.19571438631,135,,,,JPM,XP,,,
2026-03-21T19:17:57.433Z,market,trade,TESTE,99926.30771334816,130,,,,CS,BTG,,,
2026-03-21T19:17:57.597Z,market,trade,TESTE,99922.28951276976,182,,,,CS,UBS,,,
2026-03-21T19:17:57.749Z,market,trade,TESTE,99926.85720784949,24,,,,UBS,GOLDM,,,
2026-03-21T19:17:57.913Z,market,trade,TESTE,99926.9657083406,182,,,,ITAU,MS,,,
2026-03-21T19:17:58.065Z,market,trade,TESTE,99913.36131294482,21,,,,ITAU,ITAU,,,
2026-03-21T19:17:58.216Z,market,trade,TESTE,99921.82287687567,186,,,,CITI,BARCL,,,
2026-03-21T19:17:58.382Z,market,trade,TESTE,99907.33478981214,164,,,,CS,JPM,,,
2026-03-21T19:17:58.546Z,market,trade,TESTE,99911.45220040655,148,,,,CITI,MS,,,
2026-03-21T19:17:58.700Z,market,trade,TESTE,99916.89301855858,193,,,,UBS,ITAU,,,
2026-03-21T19:17:58.851Z,market,trade,TESTE,99919.51729800635,193,,,,CITI,GOLDM,,,
2026-03-21T19:17:59.016Z,market,trade,TESTE,99918.90035807985,18,,,,CITI,CS,,,
2026-03-21T19:17:59.179Z,market,trade,TESTE,99915.49773794287,10,,,,CS,BARCL,,,
2026-03-21T19:17:59.331Z,market,trade,TESTE,99914.0381322179,130,,,,CS,UBS,,,
2026-03-21T19:17:59.483Z,market,trade,TESTE,99916.62607410604,91,,,,BTG,UBS,,,
2026-03-21T19:17:59.642Z,market,trade,TESTE,99921.04049617816,199,,,,JPM,CITI,,,
2026-03-21T19:17:59.800Z,market,trade,TESTE,99911.86975579838,105,,,,CITI,ITAU,,,
2026-03-21T19:17:59.951Z,market,trade,TESTE,99910.75326440854,17,,,,ITAU,BTG,,,
2026-03-21T19:18:00.106Z,market,trade,TESTE,99915.74062520934,144,,,,GOLDM,BARCL,,,
2026-03-21T19:18:00.267Z,market,trade,TESTE,99911.32136485247,85,,,,JPM,CS,,,
2026-03-21T19:18:00.418Z,market,trade,TESTE,99906.98821673405,75,,,,ITAU,BTG,,,
2026-03-21T19:18:00.583Z,market,trade,TESTE,99911.19700420514,60,,,,GOLDM,MS,,,
2026-03-21T19:18:00.746Z,market,trade,TESTE,99920.71737999831,196,,,,JPM,ITAU,,,
2026-03-21T19:18:00.901Z,market,trade,TESTE,99912.50034078189,165,,,,ITAU,ITAU,,,
2026-03-21T19:18:01.065Z,market,trade,TESTE,99921.73324544824,95,,,,BARCL,BARCL,,,
2026-03-21T19:18:01.224Z,market,trade,TESTE,99914.95371943264,156,,,,CS,BTG,,,
2026-03-21T19:18:01.384Z,market,trade,TESTE,99920.44103609028,132,,,,UBS,GOLDM,,,
2026-03-21T19:18:01.549Z,market,trade,TESTE,99914.94451436558,186,,,,BARCL,CS,,,
2026-03-21T19:18:01.714Z,market,trade,TESTE,99926.59569519527,109,,,,XP,CITI,,,
2026-03-21T19:18:01.866Z,market,trade,TESTE,99916.80087045307,155,,,,XP,CITI,,,
2026-03-21T19:18:02.016Z,market,trade,TESTE,99914.35762189976,160,,,,CITI,GOLDM,,,
2026-03-21T19:18:02.169Z,market,trade,TESTE,99928.47457048723,7,,,,CITI,BTG,,,
2026-03-21T19:18:02.333Z,market,trade,TESTE,99917.63732019925,37,,,,ITAU,XP,,,
2026-03-21T19:18:02.489Z,market,trade,TESTE,99930.40551589233,144,,,,CITI,JPM,,,
2026-03-21T19:18:02.639Z,market,trade,TESTE,99923.82075078035,186,,,,GOLDM,BARCL,,,
2026-03-21T19:18:02.800Z,market,trade,TESTE,99934.68930615677,181,,,,CS,JPM,,,
2026-03-21T19:18:02.963Z,market,trade,TESTE,99929.31007287283,101,,,,GOLDM,BTG,,,
2026-03-21T19:18:03.128Z,market,trade,TESTE,99928.29630055801,66,,,,CITI,CS,,,
2026-03-21T19:18:03.279Z,market,trade,TESTE,99943.28068607497,14,,,,JPM,GOLDM,,,
2026-03-21T19:18:03.431Z,market,trade,TESTE,99933.14829098947,93,,,,CS,UBS,,,
2026-03-21T19:18:03.583Z,market,trade,TESTE,99936.89396221771,136,,,,CITI,XP,,,
2026-03-21T19:18:03.734Z,market,trade,TESTE,99950.64045800095,190,,,,BTG,JPM,,,
2026-03-21T19:18:03.897Z,market,trade,TESTE,99939.61235341079,9,,,,MS,BARCL,,,
2026-03-21T19:18:04.051Z,market,trade,TESTE,99941.30692948458,87,,,,ITAU,CS,,,
2026-03-21T19:18:04.201Z,market,trade,TESTE,99950.48860567786,54,,,,JPM,XP,,,
2026-03-21T19:18:04.359Z,market,trade,TESTE,99945.83930446253,144,,,,XP,MS,,,
2026-03-21T19:18:04.514Z,market,trade,TESTE,99943.87624775336,108,,,,JPM,CS,,,
2026-03-21T19:18:04.668Z,market,trade,TESTE,99943.78844236198,106,,,,ITAU,UBS,,,
2026-03-21T19:18:04.833Z,market,trade,TESTE,99936.78740188647,32,,,,CS,BARCL,,,
2026-03-21T19:18:05.001Z,market,trade,TESTE,99932.32930656042,36,,,,MS,BTG,,,
2026-03-21T19:18:05.166Z,market,trade,TESTE,99944.53628009609,126,,,,CITI,XP,,,
2026-03-21T19:18:05.317Z,market,trade,TESTE,99948.5769622233,164,,,,UBS,CITI,,,
2026-03-21T19:18:05.467Z,market,trade,TESTE,99941.05865896012,15,,,,GOLDM,GOLDM,,,
2026-03-21T19:18:05.648Z,market,trade,TESTE,99955.62465979512,150,,,,ITAU,ITAU,,,
2026-03-21T19:18:05.801Z,market,trade,TESTE,99942.9954191405,25,,,,UBS,CITI,,,
2026-03-21T19:18:05.951Z,market,trade,TESTE,99944.60697528237,64,,,,CS,JPM,,,
2026-03-21T19:18:06.114Z,market,trade,TESTE,99951.09655139015,152,,,,JPM,BARCL,,,
2026-03-21T19:18:06.266Z,market,trade,TESTE,99942.85256103899,8,,,,XP,CITI,,,
2026-03-21T19:18:06.423Z,market,trade,TESTE,99938.37413086658,135,,,,BARCL,BTG,,,
2026-03-21T19:18:06.580Z,market,trade,TESTE,99942.17841894981,28,,,,XP,BTG,,,
2026-03-21T19:18:06.733Z,market,trade,TESTE,99947.94387452012,164,,,,MS,BTG,,,
2026-03-21T19:18:06.889Z,market,trade,TESTE,99936.54756350828,43,,,,BARCL,BARCL,,,
2026-03-21T19:18:07.049Z,market,trade,TESTE,99950.6128646703,60,,,,BTG,XP,,,
2026-03-21T19:18:07.214Z,market,trade,TESTE,99951.93516030814,76,,,,MS,XP,,,
2026-03-21T19:18:07.366Z,market,trade,TESTE,99952.19619786223,51,,,,CITI,ITAU,,,
2026-03-21T19:18:07.517Z,market,trade,TESTE,99948.73510678056,186,,,,CS,ITAU,,,
2026-03-21T19:18:07.681Z,market,trade,TESTE,99943.27134280869,166,,,,CS,MS,,,
2026-03-21T19:18:07.846Z,market,trade,TESTE,99942.67100859381,89,,,,BARCL,BTG,,,
2026-03-21T19:18:07.999Z,market,trade,TESTE,99943.71739783499,10,,,,CS,BTG,,,
2026-03-21T19:18:08.155Z,market,trade,TESTE,99942.4006183296,14,,,,UBS,BTG,,,
2026-03-21T19:18:08.316Z,market,trade,TESTE,99948.365212535,145,,,,JPM,JPM,,,
2026-03-21T19:18:08.478Z,market,trade,TESTE,99949.00166818267,174,,,,ITAU,MS,,,
2026-03-21T19:18:08.633Z,market,trade,TESTE,99946.64611092988,156,,,,ITAU,CS,,,
2026-03-21T19:18:08.783Z,market,trade,TESTE,99932.05409199966,81,,,,UBS,UBS,,,
2026-03-21T19:18:08.947Z,market,trade,TESTE,99935.70676904038,82,,,,XP,GOLDM,,,
2026-03-21T19:18:09.098Z,market,trade,TESTE,99947.98032725464,25,,,,MS,CS,,,
2026-03-21T19:18:09.250Z,market,trade,TESTE,99934.21786032506,53,,,,ITAU,CITI,,,
2026-03-21T19:18:09.401Z,market,trade,TESTE,99945.98168750455,37,,,,BTG,ITAU,,,
2026-03-21T19:18:09.556Z,market,trade,TESTE,99941.75858853482,190,,,,CITI,GOLDM,,,
2026-03-21T19:18:09.720Z,market,trade,TESTE,99937.71489144975,101,,,,GOLDM,JPM,,,
2026-03-21T19:18:09.871Z,market,trade,TESTE,99936.92916658796,145,,,,UBS,GOLDM,,,
2026-03-21T19:18:10.022Z,market,trade,TESTE,99940.36129474142,200,,,,UBS,ITAU,,,
2026-03-21T19:18:10.174Z,market,trade,TESTE,99926.32029780683,20,,,,MS,BTG,,,
2026-03-21T19:18:10.327Z,market,trade,TESTE,99928.5654381455,192,,,,XP,UBS,,,
2026-03-21T19:18:10.486Z,market,trade,TESTE,99931.4402313256,98,,,,GOLDM,BTG,,,
2026-03-21T19:18:10.646Z,market,trade,TESTE,99932.5550219934,55,,,,CITI,MS,,,
2026-03-21T19:18:10.803Z,market,trade,TESTE,99937.95639816894,100,,,,CITI,ITAU,,,
2026-03-21T19:18:10.967Z,market,trade,TESTE,99927.63225371599,85,,,,CITI,BARCL,,,
2026-03-21T19:18:11.127Z,market,trade,TESTE,99931.43181846908,188,,,,BTG,GOLDM,,,
2026-03-21T19:18:11.277Z,market,trade,TESTE,99945.2134117032,140,,,,GOLDM,BARCL,,,
2026-03-21T19:18:11.430Z,market,trade,TESTE,99935.37466967771,44,,,,BARCL,UBS,,,
2026-03-21T19:18:11.586Z,market,trade,TESTE,99931.43720657309,158,,,,MS,XP,,,
2026-03-21T19:18:11.752Z,market,trade,TESTE,99930.16003339094,195,,,,ITAU,CITI,,,
2026-03-21T19:18:11.905Z,market,trade,TESTE,99941.03540480655,88,,,,JPM,CITI,,,
2026-03-21T19:18:12.055Z,market,trade,TESTE,99933.68901863397,191,,,,ITAU,MS,,,
2026-03-21T19:18:12.208Z,market,trade,TESTE,99930.6387431429,17,,,,CITI,CITI,,,
2026-03-21T19:18:12.370Z,market,trade,TESTE,99943.9609602079,109,,,,GOLDM,BTG,,,
2026-03-21T19:18:12.534Z,market,trade,TESTE,99931.04693154915,157,,,,BTG,ITAU,,,
2026-03-21T19:18:12.688Z,market,trade,TESTE,99943.98692267736,109,,,,UBS,UBS,,,
2026-03-21T19:18:12.850Z,market,trade,TESTE,99937.62086710356,114,,,,BARCL,MS,,,
2026-03-21T19:18:13.005Z,market,trade,TESTE,99950.25655855663,87,,,,ITAU,BTG,,,
2026-03-21T19:18:13.169Z,market,trade,TESTE,99938.08685380552,192,,,,CITI,BTG,,,
2026-03-21T19:18:13.334Z,market,trade,TESTE,99944.63888013331,73,,,,BARCL,CITI,,,
2026-03-21T19:18:13.485Z,market,trade,TESTE,99943.60410224836,56,,,,BTG,BTG,,,
2026-03-21T19:18:13.635Z,market,trade,TESTE,99946.93549128987,47,,,,MS,JPM,,,
2026-03-21T19:18:13.788Z,market,trade,TESTE,99937.68165517114,189,,,,GOLDM,JPM,,,
2026-03-21T19:18:13.941Z,market,trade,TESTE,99947.32156457592,8,,,,BTG,GOLDM,,,
2026-03-21T19:18:14.100Z,market,trade,TESTE,99945.91514963451,65,,,,MS,CS,,,
2026-03-21T19:18:14.253Z,market,trade,TESTE,99933.21820123678,116,,,,CS,MS,,,
2026-03-21T19:18:14.405Z,market,trade,TESTE,99947.5132927996,142,,,,JPM,MS,,,
2026-03-21T19:18:14.567Z,market,trade,TESTE,99938.86373037085,199,,,,CITI,MS,,,
2026-03-21T19:18:14.732Z,market,trade,TESTE,99951.84966079929,24,,,,BARCL,MS,,,
2026-03-21T19:18:14.898Z,market,trade,TESTE,99952.88077708732,33,,,,MS,XP,,,
2026-03-21T19:18:15.052Z,market,trade,TESTE,99952.36708153712,182,,,,XP,XP,,,
2026-03-21T19:18:15.217Z,market,trade,TESTE,99954.26361406411,124,,,,CS,GOLDM,,,
2026-03-21T19:18:15.370Z,market,trade,TESTE,99947.60552750983,195,,,,CITI,JPM,,,
2026-03-21T19:18:15.532Z,market,trade,TESTE,99959.83673135875,57,,,,UBS,MS,,,
2026-03-21T19:18:15.684Z,market,trade,TESTE,99963.46312534958,41,,,,CS,BTG,,,
2026-03-21T19:18:15.836Z,market,trade,TESTE,99960.23814613446,44,,,,BARCL,ITAU,,,
2026-03-21T19:18:15.997Z,market,trade,TESTE,99956.33856638707,146,,,,XP,CITI,,,
2026-03-21T19:18:16.148Z,market,trade,TESTE,99953.43168273958,56,,,,CITI,GOLDM,,,
2026-03-21T19:18:16.302Z,market,trade,TESTE,99957.71769667427,184,,,,ITAU,CITI,,,
2026-03-21T19:18:16.466Z,market,trade,TESTE,99942.85157983907,96,,,,CS,MS,,,
2026-03-21T19:18:16.619Z,market,trade,TESTE,99945.71986846717,153,,,,JPM,BARCL,,,
2026-03-21T19:18:16.784Z,market,trade,TESTE,99958.38391639014,133,,,,UBS,UBS,,,
2026-03-21T19:18:16.938Z,market,trade,TESTE,99951.63375626405,52,,,,XP,UBS,,,
2026-03-21T19:18:17.092Z,market,trade,TESTE,99949.64302430817,156,,,,BTG,CS,,,
2026-03-21T19:18:17.247Z,market,trade,TESTE,99960.07414943086,50,,,,CS,CITI,,,
2026-03-21T19:18:17.402Z,market,trade,TESTE,99962.20381707996,151,,,,GOLDM,CITI,,,
2026-03-21T19:18:17.557Z,market,trade,TESTE,99966.66133504779,109,,,,ITAU,BTG,,,
2026-03-21T19:18:17.717Z,market,trade,TESTE,99953.56424643204,199,,,,ITAU,XP,,,
2026-03-21T19:18:17.882Z,market,trade,TESTE,99955.0747380009,22,,,,CITI,UBS,,,
2026-03-21T19:18:18.035Z,market,trade,TESTE,99969.22837416195,23,,,,MS,BARCL,,,
2026-03-21T19:18:18.186Z,market,trade,TESTE,99972.00071886569,156,,,,CS,BTG,,,
2026-03-21T19:18:18.345Z,market,trade,TESTE,99972.16398464423,60,,,,CS,UBS,,,
2026-03-21T19:18:18.500Z,market,trade,TESTE,99967.57864219669,64,,,,XP,XP,,,
2026-03-21T19:18:18.652Z,market,trade,TESTE,99955.25458682024,113,,,,MS,MS,,,
2026-03-21T19:18:18.818Z,market,trade,TESTE,99965.63299579448,42,,,,BARCL,XP,,,
2026-03-21T19:18:18.969Z,market,trade,TESTE,99966.96241791504,69,,,,GOLDM,CS,,,
2026-03-21T19:18:19.120Z,market,trade,TESTE,99970.54999832134,66,,,,CITI,BARCL,,,
2026-03-21T19:18:19.286Z,market,trade,TESTE,99964.90928514057,37,,,,GOLDM,XP,,,
2026-03-21T19:18:19.437Z,market,trade,TESTE,99964.61487491321,140,,,,JPM,GOLDM,,,
2026-03-21T19:18:19.599Z,market,trade,TESTE,99964.90295654105,65,,,,XP,CITI,,,
2026-03-21T19:18:19.763Z,market,trade,TESTE,99969.10263283411,168,,,,BARCL,JPM,,,
2026-03-21T19:18:19.919Z,market,trade,TESTE,99968.29403961917,191,,,,JPM,BTG,,,
2026-03-21T19:18:20.075Z,market,trade,TESTE,99969.58806269747,21,,,,BTG,GOLDM,,,
2026-03-21T19:18:20.236Z,market,trade,TESTE,99967.39327522603,148,,,,UBS,ITAU,,,
2026-03-21T19:18:20.401Z,market,trade,TESTE,99963.8634861709,83,,,,UBS,CS,,,
2026-03-21T19:18:20.559Z,market,trade,TESTE,99976.10499204237,174,,,,ITAU,XP,,,
2026-03-21T19:18:20.716Z,market,trade,TESTE,99973.07742908449,10,,,,BARCL,JPM,,,
2026-03-21T19:18:20.867Z,market,trade,TESTE,99970.80313864326,101,,,,JPM,ITAU,,,
2026-03-21T19:18:21.032Z,market,trade,TESTE,99975.16983579425,58,,,,MS,CS,,,
2026-03-21T19:18:21.183Z,market,trade,TESTE,99964.54342598659,182,,,,MS,BARCL,,,
2026-03-21T19:18:21.336Z,market,trade,TESTE,99964.50936623692,141,,,,ITAU,ITAU,,,
2026-03-21T19:18:21.500Z,market,trade,TESTE,99960.42400831521,193,,,,ITAU,XP,,,
2026-03-21T19:18:21.665Z,market,trade,TESTE,99974.53119690408,186,,,,UBS,ITAU,,,
2026-03-21T19:18:21.816Z,market,trade,TESTE,99969.15141198813,22,,,,GOLDM,BTG,,,
2026-03-21T19:18:21.968Z,market,trade,TESTE,99973.53953222866,31,,,,XP,UBS,,,
2026-03-21T19:18:22.133Z,market,trade,TESTE,99972.79165073669,55,,,,BTG,XP,,,
2026-03-21T19:18:22.298Z,market,trade,TESTE,99984.87124572862,72,,,,XP,BARCL,,,
2026-03-21T19:18:22.462Z,market,trade,TESTE,99971.01094621832,117,,,,MS,BTG,,,
2026-03-21T19:18:22.617Z,market,trade,TESTE,99973.47455404028,15,,,,BARCL,JPM,,,
2026-03-21T19:18:22.767Z,market,trade,TESTE,99984.76709284185,127,,,,UBS,JPM,,,
2026-03-21T19:18:22.933Z,market,trade,TESTE,99970.96769356627,55,,,,XP,GOLDM,,,
2026-03-21T19:18:23.085Z,market,trade,TESTE,99969.43525167066,23,,,,CS,BTG,,,
2026-03-21T19:18:23.248Z,market,trade,TESTE,99974.16732035376,26,,,,JPM,CS,,,
2026-03-21T19:18:23.402Z,market,trade,TESTE,99972.81027366595,74,,,,JPM,GOLDM,,,
2026-03-21T19:18:23.567Z,market,trade,TESTE,99985.2174971319,71,,,,BTG,UBS,,,
2026-03-21T19:18:23.717Z,market,trade,TESTE,99975.89489613015,181,,,,BARCL,CITI,,,
2026-03-21T19:18:23.880Z,market,trade,TESTE,99973.78878040788,128,,,,BARCL,MS,,,
2026-03-21T19:18:24.033Z,market,trade,TESTE,99971.35879400262,60,,,,MS,ITAU,,,
2026-03-21T19:18:24.197Z,market,trade,TESTE,99983.25122880278,134,,,,ITAU,UBS,,,
2026-03-21T19:18:24.361Z,market,trade,TESTE,99974.97883654867,175,,,,MS,ITAU,,,
2026-03-21T19:18:24.518Z,market,trade,TESTE,99973.42320401462,50,,,,GOLDM,JPM,,,
2026-03-21T19:18:24.671Z,market,trade,TESTE,99971.74131876726,48,,,,ITAU,CS,,,
2026-03-21T19:18:24.831Z,market,trade,TESTE,99978.91487407048,185,,,,UBS,GOLDM,,,
2026-03-21T19:18:24.988Z,market,trade,TESTE,99966.2124901878,28,,,,XP,JPM,,,
2026-03-21T19:18:25.149Z,market,trade,TESTE,99978.69383688353,14,,,,XP,MS,,,
2026-03-21T19:18:25.316Z,market,trade,TESTE,99981.91937051032,164,,,,GOLDM,BARCL,,,
2026-03-21T19:18:25.467Z,market,trade,TESTE,99977.97047431464,59,,,,UBS,CS,,,
2026-03-21T19:18:25.633Z,market,trade,TESTE,99966.26667809038,70,,,,UBS,BTG,,,
2026-03-21T19:18:25.784Z,market,trade,TESTE,99963.25663551914,20,,,,MS,BTG,,,
2026-03-21T19:18:25.946Z,market,trade,TESTE,99975.27619481857,58,,,,CITI,CITI,,,
2026-03-21T19:18:26.097Z,market,trade,TESTE,99968.27094492895,56,,,,UBS,XP,,,
2026-03-21T19:18:26.261Z,market,trade,TESTE,99969.38624379569,20,,,,CITI,UBS,,,
2026-03-21T19:18:26.417Z,market,trade,TESTE,99980.46589425186,149,,,,BTG,BARCL,,,
2026-03-21T19:18:26.570Z,market,trade,TESTE,99980.36398358224,173,,,,XP,BTG,,,
2026-03-21T19:18:26.730Z,market,trade,TESTE,99970.33410762799,154,,,,ITAU,GOLDM,,,
2026-03-21T19:18:26.888Z,market,trade,TESTE,99979.9600295261,86,,,,JPM,GOLDM,,,
2026-03-21T19:18:27.041Z,market,trade,TESTE,99982.90041102664,30,,,,JPM,GOLDM,,,
2026-03-21T19:18:27.198Z,market,trade,TESTE,99973.38366388094,135,,,,JPM,GOLDM,,,
2026-03-21T19:18:27.351Z,market,trade,TESTE,99987.21486980407,61,,,,CS,ITAU,,,
2026-03-21T19:18:27.517Z,market,trade,TESTE,99978.79511256266,192,,,,BTG,MS,,,
2026-03-21T19:18:27.668Z,market,trade,TESTE,99984.34865687363,136,,,,GOLDM,JPM,,,
2026-03-21T19:18:27.832Z,market,trade,TESTE,99982.75906580182,193,,,,GOLDM,GOLDM,,,
2026-03-21T19:18:27.983Z,market,trade,TESTE,99978.25871329053,193,,,,GOLDM,MS,,,
2026-03-21T19:18:28.134Z,market,trade,TESTE,99975.81925269897,155,,,,BTG,CITI,,,
2026-03-21T19:18:28.300Z,market,trade,TESTE,99965.47280109738,44,,,,GOLDM,ITAU,,,
2026-03-21T19:18:28.457Z,market,trade,TESTE,99963.25868890829,20,,,,UBS,CS,,,
2026-03-21T19:18:28.614Z,market,trade,TESTE,99964.13592441478,178,,,,ITAU,CS,,,
2026-03-21T19:18:28.767Z,market,trade,TESTE,99966.44179868813,156,,,,JPM,JPM,,,
2026-03-21T19:18:28.919Z,market,trade,TESTE,99970.72725127163,73,,,,ITAU,MS,,,
2026-03-21T19:18:29.083Z,market,trade,TESTE,99967.42885310667,127,,,,JPM,BTG,,,
2026-03-21T19:18:29.247Z,market,trade,TESTE,99974.71162466145,151,,,,MS,BTG,,,
2026-03-21T19:18:29.400Z,market,trade,TESTE,99963.01172409288,59,,,,CS,XP,,,
2026-03-21T19:18:29.565Z,market,trade,TESTE,99977.74197124592,32,,,,GOLDM,CITI,,,
2026-03-21T19:18:29.716Z,market,trade,TESTE,99965.60462719483,56,,,,CITI,BARCL,,,
2026-03-21T19:18:29.869Z,market,trade,TESTE,99976.08323480297,15,,,,BARCL,ITAU,,,
2026-03-21T19:18:30.032Z,market,trade,TESTE,99967.27987183776,108,,,,MS,GOLDM,,,
2026-03-21T19:18:30.184Z,market,trade,TESTE,99974.61041151932,22,,,,ITAU,JPM,,,
2026-03-21T19:18:30.336Z,market,trade,TESTE,99963.97651314315,20,,,,UBS,BTG,,,
2026-03-21T19:18:30.500Z,market,trade,TESTE,99962.04624104059,112,,,,CS,BARCL,,,
2026-03-21T19:18:30.665Z,market,trade,TESTE,99968.31246062885,71,,,,CITI,UBS,,,
2026-03-21T19:18:30.819Z,market,trade,TESTE,99958.84191248546,154,,,,GOLDM,JPM,,,
2026-03-21T19:18:30.983Z,market,trade,TESTE,99960.30043324627,118,,,,BTG,ITAU,,,
2026-03-21T19:18:31.134Z,market,trade,TESTE,99965.31869567122,192,,,,BARCL,BTG,,,
2026-03-21T19:18:31.286Z,market,trade,TESTE,99951.59981302518,8,,,,MS,MS,,,
2026-03-21T19:18:31.450Z,market,trade,TESTE,99949.13603367352,128,,,,ITAU,ITAU,,,
2026-03-21T19:18:31.602Z,market,trade,TESTE,99961.35865888158,64,,,,CITI,CS,,,
2026-03-21T19:18:31.767Z,market,trade,TESTE,99953.69241574328,84,,,,CITI,MS,,,
2026-03-21T19:18:31.918Z,market,trade,TESTE,99954.57029928669,188,,,,XP,ITAU,,,
2026-03-21T19:18:32.083Z,market,trade,TESTE,99953.40904838759,23,,,,BARCL,XP,,,
2026-03-21T19:18:32.234Z,market,trade,TESTE,99952.16929194881,90,,,,BTG,UBS,,,
2026-03-21T19:18:32.398Z,market,trade,TESTE,99965.9171521319,64,,,,CITI,CITI,,,
2026-03-21T19:18:32.551Z,market,trade,TESTE,99959.58812275234,52,,,,UBS,XP,,,
2026-03-21T19:18:32.716Z,market,trade,TESTE,99961.74728993983,66,,,,ITAU,GOLDM,,,
2026-03-21T19:18:32.882Z,market,trade,TESTE,99963.97526988121,39,,,,XP,XP,,,
2026-03-21T19:18:33.037Z,market,trade,TESTE,99967.35376412688,110,,,,CITI,XP,,,
2026-03-21T19:18:33.199Z,market,trade,TESTE,99976.61172294083,33,,,,BARCL,BTG,,,
2026-03-21T19:18:33.354Z,market,trade,TESTE,99965.35309558234,120,,,,JPM,ITAU,,,
2026-03-21T19:18:33.511Z,market,trade,TESTE,99961.15917364163,97,,,,UBS,JPM,,,
2026-03-21T19:18:33.669Z,market,trade,TESTE,99962.73001668413,191,,,,CS,GOLDM,,,
2026-03-21T19:18:33.829Z,market,trade,TESTE,99977.11071423464,99,,,,JPM,UBS,,,
2026-03-21T19:18:33.986Z,market,trade,TESTE,99970.97531023834,54,,,,ITAU,CS,,,
2026-03-21T19:18:34.152Z,market,trade,TESTE,99970.88796065692,151,,,,MS,CS,,,
2026-03-21T19:18:34.306Z,market,trade,TESTE,99969.84311595261,174,,,,MS,BTG,,,
2026-03-21T19:18:34.459Z,market,trade,TESTE,99972.5254097248,38,,,,CITI,MS,,,
2026-03-21T19:18:34.617Z,market,trade,TESTE,99986.53132574412,125,,,,ITAU,UBS,,,
2026-03-21T19:18:34.783Z,market,trade,TESTE,99977.15840119726,82,,,,GOLDM,UBS,,,
2026-03-21T19:18:34.933Z,market,trade,TESTE,99986.00263601131,17,,,,UBS,CS,,,
2026-03-21T19:18:35.085Z,market,trade,TESTE,99978.45273769584,100,,,,BARCL,BTG,,,
2026-03-21T19:18:35.242Z,market,trade,TESTE,99981.68486107931,94,,,,XP,CS,,,
2026-03-21T19:18:35.400Z,market,trade,TESTE,99990.25317269115,91,,,,BARCL,XP,,,
2026-03-21T19:18:35.565Z,market,trade,TESTE,99988.74810314435,46,,,,JPM,BTG,,,
2026-03-21T19:18:35.716Z,market,trade,TESTE,99990.68998219486,16,,,,BTG,BTG,,,
2026-03-21T19:18:35.867Z,market,trade,TESTE,99992.57189550996,42,,,,CS,CS,,,
2026-03-21T19:18:36.022Z,market,trade,TESTE,99978.09651658488,95,,,,ITAU,BARCL,,,
2026-03-21T19:18:36.183Z,market,trade,TESTE,99974.40334857989,35,,,,XP,XP,,,
2026-03-21T19:18:36.336Z,market,trade,TESTE,99980.67385827476,99,,,,BTG,MS,,,
2026-03-21T19:18:36.497Z,market,trade,TESTE,99974.51443458763,50,,,,ITAU,JPM,,,
2026-03-21T19:18:36.653Z,market,trade,TESTE,99976.61896961993,112,,,,BARCL,BTG,,,
2026-03-21T19:18:36.819Z,market,trade,TESTE,99990.99275524201,157,,,,MS,MS,,,
2026-03-21T19:18:36.983Z,market,trade,TESTE,99978.04272225051,195,,,,XP,MS,,,
2026-03-21T19:18:37.134Z,market,trade,TESTE,99973.4670744042,170,,,,ITAU,MS,,,
2026-03-21T19:18:37.286Z,market,trade,TESTE,99972.22999717026,121,,,,XP,JPM,,,
2026-03-21T19:18:37.439Z,market,trade,TESTE,99970.15037214465,172,,,,UBS,CITI,,,
2026-03-21T19:18:37.600Z,market,trade,TESTE,99966.26533874805,114,,,,JPM,GOLDM,,,
2026-03-21T19:18:37.751Z,market,trade,TESTE,99963.80704056454,108,,,,JPM,XP,,,
2026-03-21T19:18:37.905Z,market,trade,TESTE,99971.0466160852,123,,,,UBS,BTG,,,
2026-03-21T19:18:38.067Z,market,trade,TESTE,99964.5622572243,141,,,,JPM,CS,,,
2026-03-21T19:18:38.232Z,market,trade,TESTE,99964.03433355765,105,,,,GOLDM,CS,,,
2026-03-21T19:18:38.384Z,market,trade,TESTE,99968.41950446575,153,,,,JPM,CITI,,,
2026-03-21T19:18:38.535Z,market,trade,TESTE,99977.89272336803,142,,,,GOLDM,CS,,,
2026-03-21T19:18:38.699Z,market,trade,TESTE,99967.81170840088,9,,,,UBS,CS,,,
2026-03-21T19:18:38.850Z,market,trade,TESTE,99963.55521451609,118,,,,CS,MS,,,
2026-03-21T19:18:39.001Z,market,trade,TESTE,99966.86731224977,178,,,,UBS,ITAU,,,
2026-03-21T19:18:39.166Z,market,trade,TESTE,99965.46524391083,141,,,,BTG,UBS,,,
2026-03-21T19:18:39.316Z,market,trade,TESTE,99964.59293899669,124,,,,XP,MS,,,
2026-03-21T19:18:39.479Z,market,trade,TESTE,99976.51779986332,67,,,,CS,ITAU,,,
2026-03-21T19:18:39.644Z,market,trade,TESTE,99966.06628487671,171,,,,CS,JPM,,,
2026-03-21T19:18:39.800Z,market,trade,TESTE,99962.57500734086,199,,,,UBS,CITI,,,
2026-03-21T19:18:39.952Z,market,trade,TESTE,99970.58155983822,185,,,,GOLDM,GOLDM,,,
2026-03-21T19:18:40.115Z,market,trade,TESTE,99970.02015790419,88,,,,CITI,UBS,,,
2026-03-21T19:18:40.269Z,market,trade,TESTE,99973.0781938276,195,,,,CITI,CS,,,
2026-03-21T19:18:40.432Z,market,trade,TESTE,99974.78907134414,9,,,,XP,CS,,,
2026-03-21T19:18:40.585Z,market,trade,TESTE,99960.2259086505,133,,,,CITI,CS,,,
2026-03-21T19:18:40.737Z,market,trade,TESTE,99964.89339845662,20,,,,BTG,BTG,,,
2026-03-21T19:18:40.890Z,market,trade,TESTE,99962.9645102925,111,,,,ITAU,BARCL,,,
2026-03-21T19:18:41.051Z,market,trade,TESTE,99971.8167701157,25,,,,XP,CITI,,,
2026-03-21T19:18:41.203Z,market,trade,TESTE,99967.57419011771,141,,,,CS,GOLDM,,,
2026-03-21T19:18:41.366Z,market,trade,TESTE,99967.74191958665,60,,,,XP,CS,,,
2026-03-21T19:18:41.520Z,market,trade,TESTE,99972.22570665172,41,,,,JPM,BTG,,,
2026-03-21T19:18:41.684Z,market,trade,TESTE,99967.42082529221,62,,,,XP,XP,,,
2026-03-21T19:18:41.836Z,market,trade,TESTE,99968.48870244576,56,,,,CITI,MS,,,
2026-03-21T19:18:42.001Z,market,trade,TESTE,99965.59809052353,171,,,,JPM,MS,,,
2026-03-21T19:18:42.165Z,market,trade,TESTE,99960.98565577429,175,,,,BARCL,XP,,,
2026-03-21T19:18:42.317Z,market,trade,TESTE,99951.4432541061,141,,,,BTG,MS,,,
2026-03-21T19:18:42.467Z,market,trade,TESTE,99963.11937063241,108,,,,MS,XP,,,
2026-03-21T19:18:42.633Z,market,trade,TESTE,99965.9359161688,80,,,,MS,JPM,,,
2026-03-21T19:18:42.786Z,market,trade,TESTE,99970.47323893053,112,,,,XP,JPM,,,
2026-03-21T19:18:42.952Z,market,trade,TESTE,99964.98231933413,74,,,,XP,GOLDM,,,
2026-03-21T19:18:43.117Z,market,trade,TESTE,99972.34379979863,29,,,,MS,UBS,,,
2026-03-21T19:18:43.268Z,market,trade,TESTE,99964.39771919191,35,,,,XP,CITI,,,
2026-03-21T19:18:43.434Z,market,trade,TESTE,99960.86223121868,115,,,,UBS,MS,,,
2026-03-21T19:18:43.598Z,market,trade,TESTE,99968.42723708611,152,,,,JPM,ITAU,,,
2026-03-21T19:18:43.750Z,market,trade,TESTE,99963.89782182535,82,,,,ITAU,JPM,,,
2026-03-21T19:18:43.915Z,market,trade,TESTE,99954.60173871141,90,,,,JPM,BTG,,,
2026-03-21T19:18:44.070Z,market,trade,TESTE,99965.51315595332,126,,,,UBS,UBS,,,
2026-03-21T19:18:44.227Z,market,trade,TESTE,99952.70206656361,114,,,,BTG,GOLDM,,,
2026-03-21T19:18:44.401Z,market,trade,TESTE,99957.53826659523,145,,,,GOLDM,JPM,,,
2026-03-21T19:18:44.566Z,market,trade,TESTE,99953.53862384097,41,,,,GOLDM,XP,,,
2026-03-21T19:18:44.717Z,market,trade,TESTE,99962.64607583199,139,,,,GOLDM,UBS,,,
2026-03-21T19:18:44.883Z,market,trade,TESTE,99960.71139599758,19,,,,MS,ITAU,,,
2026-03-21T19:18:45.033Z,market,trade,TESTE,99963.9125838188,101,,,,MS,UBS,,,
2026-03-21T19:18:45.201Z,market,trade,TESTE,99958.70067142347,18,,,,CS,GOLDM,,,
2026-03-21T19:18:45.365Z,market,trade,TESTE,99956.26242865364,99,,,,CITI,XP,,,
2026-03-21T19:18:45.516Z,market,trade,TESTE,99965.08516407345,112,,,,GOLDM,XP,,,
2026-03-21T19:18:45.667Z,market,trade,TESTE,99960.97026777403,75,,,,ITAU,GOLDM,,,
2026-03-21T19:18:45.817Z,market,trade,TESTE,99963.43388822189,17,,,,XP,BARCL,,,
2026-03-21T19:18:45.969Z,market,trade,TESTE,99956.67615094486,111,,,,CS,CITI,,,
2026-03-21T19:18:46.133Z,market,trade,TESTE,99954.11531301259,176,,,,BTG,JPM,,,
2026-03-21T19:18:46.295Z,market,trade,TESTE,99959.21544193599,174,,,,CS,MS,,,
2026-03-21T19:18:46.449Z,market,trade,TESTE,99951.24577986816,83,,,,CS,BARCL,,,
2026-03-21T19:18:46.601Z,market,trade,TESTE,99961.98918914092,92,,,,ITAU,BARCL,,,
2026-03-21T19:18:46.751Z,market,trade,TESTE,99954.24882690923,45,,,,JPM,CITI,,,
2026-03-21T19:18:46.916Z,market,trade,TESTE,99954.95032828847,189,,,,UBS,BARCL,,,
2026-03-21T19:18:47.081Z,market,trade,TESTE,99964.34074058203,176,,,,BTG,XP,,,
2026-03-21T19:18:47.232Z,market,trade,TESTE,99960.44510353159,151,,,,CS,XP,,,
2026-03-21T19:18:47.383Z,market,trade,TESTE,99950.46704838348,9,,,,BARCL,UBS,,,
2026-03-21T19:18:47.534Z,market,trade,TESTE,99964.37313965717,16,,,,XP,JPM,,,
2026-03-21T19:18:47.701Z,market,trade,TESTE,99954.1900263694,132,,,,CITI,ITAU,,,
2026-03-21T19:18:47.866Z,market,trade,TESTE,99959.26657252474,40,,,,JPM,CITI,,,
2026-03-21T19:18:48.018Z,market,trade,TESTE,99945.38753376016,192,,,,JPM,CITI,,,
2026-03-21T19:18:48.184Z,market,trade,TESTE,99945.78086835204,132,,,,JPM,ITAU,,,
2026-03-21T19:18:48.334Z,market,trade,TESTE,99941.35409732795,139,,,,BTG,CS,,,
2026-03-21T19:18:48.499Z,market,trade,TESTE,99940.58785847819,191,,,,CITI,BARCL,,,
2026-03-21T19:18:48.649Z,market,trade,TESTE,99946.67849959196,18,,,,CITI,GOLDM,,,
2026-03-21T19:18:48.800Z,market,trade,TESTE,99938.3488305945,192,,,,CS,XP,,,
2026-03-21T19:18:48.953Z,market,trade,TESTE,99945.05799963554,32,,,,MS,ITAU,,,
2026-03-21T19:18:49.120Z,market,trade,TESTE,99938.9760592276,186,,,,BTG,GOLDM,,,
2026-03-21T19:18:49.282Z,market,trade,TESTE,99947.8248287928,42,,,,CS,JPM,,,
2026-03-21T19:18:49.434Z,market,trade,TESTE,99948.14967020912,113,,,,XP,CS,,,
2026-03-21T19:18:49.600Z,market,trade,TESTE,99951.70257418022,45,,,,UBS,CS,,,
2026-03-21T19:18:49.751Z,market,trade,TESTE,99944.81320980984,101,,,,XP,BARCL,,,
2026-03-21T19:18:49.916Z,market,trade,TESTE,99952.35461430464,189,,,,UBS,XP,,,
2026-03-21T19:18:50.067Z,market,trade,TESTE,99955.98441489655,33,,,,GOLDM,BTG,,,
2026-03-21T19:18:50.218Z,market,trade,TESTE,99952.59124531804,113,,,,BARCL,XP,,,
2026-03-21T19:18:50.383Z,market,trade,TESTE,99948.28626276315,28,,,,XP,BARCL,,,
2026-03-21T19:18:50.535Z,market,trade,TESTE,99952.85571463633,153,,,,BTG,BARCL,,,
2026-03-21T19:18:50.701Z,market,trade,TESTE,99942.58922793774,196,,,,XP,GOLDM,,,
2026-03-21T19:18:50.852Z,market,trade,TESTE,99948.32690058748,149,,,,JPM,ITAU,,,
2026-03-21T19:18:51.017Z,market,trade,TESTE,99949.23711147891,82,,,,ITAU,BTG,,,
2026-03-21T19:18:51.168Z,market,trade,TESTE,99935.47616545264,157,,,,CS,XP,,,
2026-03-21T19:18:51.319Z,market,trade,TESTE,99941.02218393756,110,,,,BARCL,JPM,,,
2026-03-21T19:18:51.485Z,market,trade,TESTE,99940.74098639515,86,,,,MS,XP,,,
2026-03-21T19:18:51.638Z,market,trade,TESTE,99926.30308870172,160,,,,XP,XP,,,
2026-03-21T19:18:51.803Z,market,trade,TESTE,99939.70196908423,193,,,,MS,BTG,,,
2026-03-21T19:18:51.964Z,market,trade,TESTE,99933.13880970347,190,,,,MS,CITI,,,
2026-03-21T19:18:52.118Z,market,trade,TESTE,99938.42938870119,112,,,,MS,JPM,,,
2026-03-21T19:18:52.271Z,market,trade,TESTE,99927.72335987192,136,,,,UBS,GOLDM,,,
2026-03-21T19:18:52.433Z,market,trade,TESTE,99933.77898164565,115,,,,JPM,CITI,,,
2026-03-21T19:18:52.586Z,market,trade,TESTE,99923.49205210687,61,,,,JPM,GOLDM,,,
2026-03-21T19:18:52.739Z,market,trade,TESTE,99931.9591847308,194,,,,XP,GOLDM,,,
2026-03-21T19:18:52.900Z,market,trade,TESTE,99930.31143158244,16,,,,CITI,ITAU,,,
2026-03-21T19:18:53.052Z,market,trade,TESTE,99929.38948310894,19,,,,BTG,GOLDM,,,
2026-03-21T19:18:53.213Z,market,trade,TESTE,99917.24716867383,79,,,,BARCL,CS,,,
2026-03-21T19:18:53.364Z,market,trade,TESTE,99916.9902738356,162,,,,GOLDM,BARCL,,,
2026-03-21T19:18:53.516Z,market,trade,TESTE,99925.08417960214,45,,,,JPM,CS,,,
2026-03-21T19:18:53.668Z,market,trade,TESTE,99921.4237510086,143,,,,JPM,BTG,,,
2026-03-21T19:18:53.833Z,market,trade,TESTE,99912.91763321342,10,,,,MS,BTG,,,
2026-03-21T19:18:53.999Z,market,trade,TESTE,99921.23532446612,123,,,,BTG,XP,,,
2026-03-21T19:18:54.150Z,market,trade,TESTE,99925.50276058959,26,,,,JPM,CS,,,
2026-03-21T19:18:54.301Z,market,trade,TESTE,99916.3695466366,114,,,,CITI,UBS,,,
2026-03-21T19:18:54.466Z,market,trade,TESTE,99928.76184214544,58,,,,GOLDM,GOLDM,,,
2026-03-21T19:18:54.617Z,market,trade,TESTE,99920.7223579088,70,,,,UBS,UBS,,,
2026-03-21T19:18:54.778Z,market,trade,TESTE,99919.71455209114,88,,,,BTG,MS,,,
2026-03-21T19:18:54.933Z,market,trade,TESTE,99921.07259227952,89,,,,ITAU,MS,,,
2026-03-21T19:18:55.099Z,market,trade,TESTE,99921.35874497573,180,,,,ITAU,UBS,,,
2026-03-21T19:18:55.251Z,market,trade,TESTE,99931.82987689046,50,,,,BARCL,UBS,,,
2026-03-21T19:18:55.417Z,market,trade,TESTE,99924.53857823536,66,,,,GOLDM,BARCL,,,
2026-03-21T19:18:55.582Z,market,trade,TESTE,99936.37335333158,52,,,,BTG,JPM,,,
2026-03-21T19:18:55.747Z,market,trade,TESTE,99934.97222434619,171,,,,MS,BTG,,,
2026-03-21T19:18:55.901Z,market,trade,TESTE,99931.51101899755,30,,,,CS,CS,,,
2026-03-21T19:18:56.065Z,market,trade,TESTE,99933.24934602532,199,,,,MS,CITI,,,
2026-03-21T19:18:56.216Z,market,trade,TESTE,99920.87575572226,194,,,,ITAU,BTG,,,
2026-03-21T19:18:56.382Z,market,trade,TESTE,99919.56533573916,17,,,,BTG,CITI,,,
2026-03-21T19:18:56.534Z,market,trade,TESTE,99916.0708064528,187,,,,CITI,GOLDM,,,
2026-03-21T19:18:56.697Z,market,trade,TESTE,99921.64472443203,20,,,,XP,GOLDM,,,
2026-03-21T19:18:56.850Z,market,trade,TESTE,99917.07692022444,95,,,,BTG,BTG,,,
2026-03-21T19:18:57.015Z,market,trade,TESTE,99904.40971389851,46,,,,BTG,XP,,,
2026-03-21T19:18:57.183Z,market,trade,TESTE,99909.25396067681,178,,,,BARCL,UBS,,,
2026-03-21T19:18:57.334Z,market,trade,TESTE,99911.96284079077,144,,,,JPM,JPM,,,
2026-03-21T19:18:57.497Z,market,trade,TESTE,99912.82444972203,147,,,,BARCL,BTG,,,
2026-03-21T19:18:57.648Z,market,trade,TESTE,99910.8607862692,76,,,,BTG,MS,,,
2026-03-21T19:18:57.801Z,market,trade,TESTE,99913.88363750055,26,,,,MS,ITAU,,,
2026-03-21T19:18:57.966Z,market,trade,TESTE,99915.11628267246,147,,,,CITI,UBS,,,
2026-03-21T19:18:58.130Z,market,trade,TESTE,99927.6031947635,130,,,,MS,BARCL,,,
2026-03-21T19:18:58.284Z,market,trade,TESTE,99926.09248197499,119,,,,UBS,GOLDM,,,
2026-03-21T19:18:58.446Z,market,trade,TESTE,99915.39522368148,21,,,,CITI,JPM,,,
2026-03-21T19:18:58.599Z,market,trade,TESTE,99923.16131165209,54,,,,XP,CS,,,
2026-03-21T19:18:58.750Z,market,trade,TESTE,99920.208353042,11,,,,CS,GOLDM,,,
2026-03-21T19:18:58.901Z,market,trade,TESTE,99918.32338128125,104,,,,MS,ITAU,,,
2026-03-21T19:18:59.065Z,market,trade,TESTE,99916.25928706412,23,,,,GOLDM,UBS,,,
2026-03-21T19:18:59.216Z,market,trade,TESTE,99914.36505675895,55,,,,CS,MS,,,
2026-03-21T19:18:59.383Z,market,trade,TESTE,99899.54232262734,42,,,,GOLDM,XP,,,
2026-03-21T19:18:59.534Z,market,trade,TESTE,99904.162710405,63,,,,ITAU,GOLDM,,,
2026-03-21T19:18:59.700Z,market,trade,TESTE,99913.96148138738,79,,,,GOLDM,BARCL,,,
2026-03-21T19:18:59.850Z,market,trade,TESTE,99906.35243012005,131,,,,JPM,ITAU,,,
2026-03-21T19:19:00.001Z,market,trade,TESTE,99920.89122068786,98,,,,MS,JPM,,,
2026-03-21T19:19:00.167Z,market,trade,TESTE,99910.87523129194,191,,,,MS,JPM,,,
2026-03-21T19:19:00.331Z,market,trade,TESTE,99915.38608896942,131,,,,XP,XP,,,
2026-03-21T19:19:00.495Z,market,trade,TESTE,99916.82308582694,173,,,,ITAU,XP,,,
2026-03-21T19:19:00.647Z,market,trade,TESTE,99928.79656425267,173,,,,CITI,CS,,,
2026-03-21T19:19:00.799Z,market,trade,TESTE,99931.52204029507,105,,,,GOLDM,GOLDM,,,
2026-03-21T19:19:00.949Z,market,trade,TESTE,99926.54270889019,138,,,,GOLDM,CITI,,,
2026-03-21T19:19:01.114Z,market,trade,TESTE,99925.70647712523,178,,,,XP,ITAU,,,
2026-03-21T19:19:01.267Z,market,trade,TESTE,99928.7649173575,189,,,,XP,JPM,,,
2026-03-21T19:19:01.417Z,market,trade,TESTE,99922.40281484653,20,,,,MS,JPM,,,
2026-03-21T19:19:01.582Z,market,trade,TESTE,99932.55805911438,59,,,,BARCL,ITAU,,,
2026-03-21T19:19:01.735Z,market,trade,TESTE,99925.04492657752,103,,,,UBS,CS,,,
2026-03-21T19:19:01.900Z,market,trade,TESTE,99939.94055581148,73,,,,ITAU,XP,,,
2026-03-21T19:19:02.051Z,market,trade,TESTE,99941.94376837683,191,,,,BARCL,BARCL,,,
2026-03-21T19:19:02.203Z,market,trade,TESTE,99931.00623737717,73,,,,GOLDM,CS,,,
2026-03-21T19:19:02.367Z,market,trade,TESTE,99930.7718377997,59,,,,CS,CS,,,
2026-03-21T19:19:02.533Z,market,trade,TESTE,99927.41502101881,99,,,,XP,GOLDM,,,
2026-03-21T19:19:02.698Z,market,trade,TESTE,99922.71114097243,189,,,,GOLDM,ITAU,,,
2026-03-21T19:19:02.850Z,market,trade,TESTE,99937.21905926465,151,,,,JPM,CS,,,
2026-03-21T19:19:03.003Z,market,trade,TESTE,99939.68747801805,126,,,,ITAU,JPM,,,
2026-03-21T19:19:03.166Z,market,trade,TESTE,99927.19482725213,112,,,,CS,CITI,,,
2026-03-21T19:19:03.318Z,market,trade,TESTE,99942.11040257839,123,,,,BTG,BTG,,,
2026-03-21T19:19:03.470Z,market,trade,TESTE,99929.09030260885,158,,,,GOLDM,UBS,,,
2026-03-21T19:19:03.635Z,market,trade,TESTE,99942.97422888128,74,,,,UBS,MS,,,
2026-03-21T19:19:03.800Z,market,trade,TESTE,99935.1327365716,5,,,,CS,XP,,,
2026-03-21T19:19:03.951Z,market,trade,TESTE,99938.87461779157,50,,,,JPM,ITAU,,,
2026-03-21T19:19:04.117Z,market,trade,TESTE,99937.78553277967,21,,,,UBS,UBS,,,
2026-03-21T19:19:04.268Z,market,trade,TESTE,99935.77670489092,157,,,,GOLDM,MS,,,
2026-03-21T19:19:04.418Z,market,trade,TESTE,99946.4750908571,103,,,,CS,UBS,,,
2026-03-21T19:19:04.578Z,market,trade,TESTE,99947.52893537817,18,,,,UBS,BARCL,,,
2026-03-21T19:19:04.728Z,market,trade,TESTE,99945.74474681407,50,,,,JPM,GOLDM,,,
2026-03-21T19:19:04.883Z,market,trade,TESTE,99946.00354396457,150,,,,CITI,CS,,,
2026-03-21T19:19:05.049Z,market,trade,TESTE,99937.33473957566,163,,,,ITAU,JPM,,,
2026-03-21T19:19:05.213Z,market,trade,TESTE,99937.37919610635,42,,,,BARCL,BTG,,,
2026-03-21T19:19:05.367Z,market,trade,TESTE,99938.12718095181,173,,,,ITAU,ITAU,,,
2026-03-21T19:19:05.533Z,market,trade,TESTE,99939.81719579964,131,,,,XP,ITAU,,,
2026-03-21T19:19:05.698Z,market,trade,TESTE,99942.08847289663,101,,,,MS,ITAU,,,
2026-03-21T19:19:05.850Z,market,trade,TESTE,99953.41761573589,111,,,,MS,GOLDM,,,
2026-03-21T19:19:06.016Z,market,trade,TESTE,99940.38509448853,66,,,,ITAU,MS,,,
2026-03-21T19:19:06.181Z,market,trade,TESTE,99950.7862078159,106,,,,CITI,XP,,,
2026-03-21T19:19:06.335Z,market,trade,TESTE,99947.12325802655,190,,,,GOLDM,GOLDM,,,
2026-03-21T19:19:06.499Z,market,trade,TESTE,99949.97556086804,10,,,,BARCL,MS,,,
2026-03-21T19:19:06.650Z,market,trade,TESTE,99952.74734723513,164,,,,GOLDM,CS,,,
2026-03-21T19:19:06.815Z,market,trade,TESTE,99950.06897392466,83,,,,MS,XP,,,
2026-03-21T19:19:06.967Z,market,trade,TESTE,99939.21659025099,137,,,,GOLDM,XP,,,
2026-03-21T19:19:07.131Z,market,trade,TESTE,99949.48993396417,93,,,,GOLDM,MS,,,
2026-03-21T19:19:07.284Z,market,trade,TESTE,99948.05612114351,40,,,,BTG,BTG,,,
2026-03-21T19:19:07.449Z,market,trade,TESTE,99936.39442219002,11,,,,CITI,GOLDM,,,
2026-03-21T19:19:07.600Z,market,trade,TESTE,99942.84139141308,199,,,,GOLDM,XP,,,
2026-03-21T19:19:07.767Z,market,trade,TESTE,99936.60929101054,66,,,,CITI,CITI,,,
2026-03-21T19:19:07.922Z,market,trade,TESTE,99947.65825570146,191,,,,CITI,UBS,,,
2026-03-21T19:19:08.082Z,market,trade,TESTE,99939.0288477839,37,,,,ITAU,MS,,,
2026-03-21T19:19:08.247Z,market,trade,TESTE,99952.41691141138,112,,,,XP,GOLDM,,,
2026-03-21T19:19:08.399Z,market,trade,TESTE,99952.93127875081,174,,,,CS,ITAU,,,
2026-03-21T19:19:08.550Z,market,trade,TESTE,99946.59884744775,82,,,,JPM,CITI,,,
2026-03-21T19:19:08.716Z,market,trade,TESTE,99953.8018040244,130,,,,CS,UBS,,,
2026-03-21T19:19:08.867Z,market,trade,TESTE,99943.70511328643,164,,,,JPM,BTG,,,
2026-03-21T19:19:09.017Z,market,trade,TESTE,99954.03772566654,162,,,,MS,GOLDM,,,
2026-03-21T19:19:09.182Z,market,trade,TESTE,99947.84901482041,196,,,,ITAU,GOLDM,,,
2026-03-21T19:19:09.334Z,market,trade,TESTE,99958.905813632,161,,,,BARCL,ITAU,,,
2026-03-21T19:19:09.493Z,market,trade,TESTE,99952.41017572439,48,,,,GOLDM,GOLDM,,,
2026-03-21T19:19:09.652Z,market,trade,TESTE,99961.71704663373,151,,,,JPM,JPM,,,
2026-03-21T19:19:09.802Z,market,trade,TESTE,99959.96661112813,196,,,,XP,MS,,,
2026-03-21T19:19:09.967Z,market,trade,TESTE,99957.76358808803,84,,,,ITAU,XP,,,
2026-03-21T19:19:10.132Z,market,trade,TESTE,99953.37625870336,167,,,,BTG,GOLDM,,,
2026-03-21T19:19:10.284Z,market,trade,TESTE,99949.82966093947,73,,,,JPM,CS,,,
2026-03-21T19:19:10.434Z,market,trade,TESTE,99938.6992043371,169,,,,ITAU,MS,,,
2026-03-21T19:19:10.588Z,market,trade,TESTE,99943.49393472559,115,,,,UBS,MS,,,
2026-03-21T19:19:10.749Z,market,trade,TESTE,99943.11216499061,178,,,,BTG,MS,,,
2026-03-21T19:19:10.901Z,market,trade,TESTE,99943.1263169495,155,,,,CS,BARCL,,,
2026-03-21T19:19:11.066Z,market,trade,TESTE,99939.74383051107,137,,,,MS,XP,,,
2026-03-21T19:19:11.217Z,market,trade,TESTE,99953.8876934648,176,,,,BARCL,JPM,,,
2026-03-21T19:19:11.382Z,market,trade,TESTE,99943.58039988278,167,,,,XP,GOLDM,,,
2026-03-21T19:19:11.532Z,market,trade,TESTE,99943.97838813666,121,,,,CS,CS,,,
2026-03-21T19:19:11.686Z,market,trade,TESTE,99948.07079662988,10,,,,GOLDM,ITAU,,,
2026-03-21T19:19:11.849Z,market,trade,TESTE,99960.6951864405,165,,,,MS,BARCL,,,
2026-03-21T19:19:12.000Z,market,trade,TESTE,99948.03900074406,107,,,,GOLDM,ITAU,,,
2026-03-21T19:19:12.151Z,market,trade,TESTE,99947.75369028054,26,,,,UBS,BTG,,,
2026-03-21T19:19:12.315Z,market,trade,TESTE,99947.40509452968,26,,,,JPM,BTG,,,
2026-03-21T19:19:12.466Z,market,trade,TESTE,99950.83539415244,25,,,,JPM,ITAU,,,
2026-03-21T19:19:12.617Z,market,trade,TESTE,99951.17485869474,168,,,,BARCL,BARCL,,,
2026-03-21T19:19:12.782Z,market,trade,TESTE,99955.67686296701,22,,,,CITI,XP,,,
2026-03-21T19:19:12.932Z,market,trade,TESTE,99960.35024642007,131,,,,GOLDM,MS,,,
2026-03-21T19:19:13.084Z,market,trade,TESTE,99962.63806993235,186,,,,XP,CITI,,,
2026-03-21T19:19:13.235Z,market,trade,TESTE,99966.2766735571,158,,,,XP,BARCL,,,
2026-03-21T19:19:13.396Z,market,trade,TESTE,99979.14657679382,194,,,,BARCL,UBS,,,
2026-03-21T19:19:13.549Z,market,trade,TESTE,99982.61148054527,77,,,,MS,JPM,,,
2026-03-21T19:19:13.702Z,market,trade,TESTE,99987.32465811983,153,,,,MS,MS,,,
2026-03-21T19:19:13.866Z,market,trade,TESTE,99977.48365159235,119,,,,JPM,CS,,,
2026-03-21T19:19:14.019Z,market,trade,TESTE,99988.71449918559,186,,,,JPM,MS,,,
2026-03-21T19:19:14.183Z,market,trade,TESTE,99992.9991734359,157,,,,ITAU,BTG,,,
2026-03-21T19:19:14.334Z,market,trade,TESTE,99980.60621825977,48,,,,BARCL,UBS,,,
2026-03-21T19:19:14.484Z,market,trade,TESTE,99992.0782424476,77,,,,ITAU,XP,,,
2026-03-21T19:19:14.650Z,market,trade,TESTE,99994.67917652628,9,,,,XP,MS,,,
2026-03-21T19:19:14.800Z,market,trade,TESTE,99990.70341529623,20,,,,BARCL,MS,,,
2026-03-21T19:19:14.953Z,market,trade,TESTE,99976.88208141759,27,,,,CITI,CS,,,
2026-03-21T19:19:15.115Z,market,trade,TESTE,99987.1489043159,158,,,,UBS,ITAU,,,
2026-03-21T19:19:15.267Z,market,trade,TESTE,99972.89874719775,60,,,,CS,ITAU,,,
2026-03-21T19:19:15.417Z,market,trade,TESTE,99979.87690431146,129,,,,CITI,JPM,,,
2026-03-21T19:19:15.583Z,market,trade,TESTE,99978.73338580455,51,,,,XP,UBS,,,
2026-03-21T19:19:15.733Z,market,trade,TESTE,99964.90836068205,198,,,,BARCL,BARCL,,,
2026-03-21T19:19:15.898Z,market,trade,TESTE,99961.92785908125,166,,,,CS,XP,,,
2026-03-21T19:19:16.051Z,market,trade,TESTE,99956.9546498851,168,,,,JPM,CS,,,
2026-03-21T19:19:16.203Z,market,trade,TESTE,99970.31551764515,27,,,,GOLDM,BARCL,,,
2026-03-21T19:19:16.366Z,market,trade,TESTE,99974.88468415695,76,,,,BARCL,CITI,,,
2026-03-21T19:19:16.517Z,market,trade,TESTE,99965.25504190747,200,,,,CITI,JPM,,,
2026-03-21T19:19:16.668Z,market,trade,TESTE,99962.26069183415,117,,,,MS,BTG,,,
2026-03-21T19:19:16.832Z,market,trade,TESTE,99959.51144837467,127,,,,XP,GOLDM,,,
2026-03-21T19:19:16.983Z,market,trade,TESTE,99959.5683810134,120,,,,CS,ITAU,,,
2026-03-21T19:19:17.134Z,market,trade,TESTE,99969.57628117119,136,,,,JPM,JPM,,,
2026-03-21T19:19:17.298Z,market,trade,TESTE,99954.93674682782,112,,,,ITAU,BARCL,,,
2026-03-21T19:19:17.451Z,market,trade,TESTE,99962.37303248054,20,,,,BTG,BTG,,,
2026-03-21T19:19:17.602Z,market,trade,TESTE,99956.53217189002,133,,,,CITI,MS,,,
2026-03-21T19:19:17.766Z,market,trade,TESTE,99952.52837722804,99,,,,ITAU,UBS,,,
2026-03-21T19:19:17.919Z,market,trade,TESTE,99962.11793265126,56,,,,ITAU,CITI,,,
2026-03-21T19:19:18.084Z,market,trade,TESTE,99962.47858574726,36,,,,GOLDM,JPM,,,
2026-03-21T19:19:18.235Z,market,trade,TESTE,99961.06406007225,7,,,,CS,CITI,,,
2026-03-21T19:19:18.399Z,market,trade,TESTE,99948.34735101048,191,,,,BTG,CITI,,,
2026-03-21T19:19:18.550Z,market,trade,TESTE,99963.15468348462,36,,,,UBS,MS,,,
2026-03-21T19:19:18.715Z,market,trade,TESTE,99965.55458782284,170,,,,MS,GOLDM,,,
2026-03-21T19:19:18.866Z,market,trade,TESTE,99965.24628959989,5,,,,UBS,CITI,,,
2026-03-21T19:19:19.016Z,market,trade,TESTE,99960.8491800369,194,,,,GOLDM,MS,,,
2026-03-21T19:19:19.167Z,market,trade,TESTE,99961.53537568859,170,,,,XP,UBS,,,
2026-03-21T19:19:19.331Z,market,trade,TESTE,99963.85009804324,22,,,,JPM,ITAU,,,
2026-03-21T19:19:19.483Z,market,trade,TESTE,99957.07690575036,70,,,,BTG,UBS,,,
2026-03-21T19:19:19.634Z,market,trade,TESTE,99961.07272683135,138,,,,MS,BTG,,,
2026-03-21T19:19:19.799Z,market,trade,TESTE,99957.09259996511,162,,,,XP,CITI,,,
2026-03-21T19:19:19.950Z,market,trade,TESTE,99960.7088837303,87,,,,XP,MS,,,
2026-03-21T19:19:20.100Z,market,trade,TESTE,99968.69845233063,95,,,,UBS,BTG,,,
2026-03-21T19:19:20.251Z,market,trade,TESTE,99967.68814916183,124,,,,CS,CS,,,
2026-03-21T19:19:20.401Z,market,trade,TESTE,99958.13536489113,18,,,,MS,JPM,,,
2026-03-21T19:19:20.566Z,market,trade,TESTE,99962.54003431817,111,,,,GOLDM,UBS,,,
2026-03-21T19:19:20.734Z,market,trade,TESTE,99974.9126259409,93,,,,BARCL,CITI,,,
2026-03-21T19:19:20.899Z,market,trade,TESTE,99964.06008857828,10,,,,GOLDM,BTG,,,
2026-03-21T19:19:21.052Z,market,trade,TESTE,99973.86296629474,148,,,,GOLDM,MS,,,
2026-03-21T19:19:21.202Z,market,trade,TESTE,99966.23580185197,66,,,,BARCL,CITI,,,
2026-03-21T19:19:21.365Z,market,trade,TESTE,99978.97387407006,17,,,,XP,JPM,,,
2026-03-21T19:19:21.515Z,market,trade,TESTE,99979.60346226425,111,,,,UBS,CITI,,,
2026-03-21T19:19:21.666Z,market,trade,TESTE,99967.44293102447,15,,,,BARCL,ITAU,,,
2026-03-21T19:19:21.817Z,market,trade,TESTE,99973.98157531273,97,,,,BARCL,JPM,,,
2026-03-21T19:19:21.982Z,market,trade,TESTE,99962.40092625894,58,,,,CS,BTG,,,
2026-03-21T19:19:22.146Z,market,trade,TESTE,99976.65431282173,40,,,,MS,ITAU,,,
2026-03-21T19:19:22.299Z,market,trade,TESTE,99963.34587258215,118,,,,JPM,GOLDM,,,
2026-03-21T19:19:22.450Z,market,trade,TESTE,99964.27631244784,168,,,,ITAU,CITI,,,
2026-03-21T19:19:22.600Z,market,trade,TESTE,99960.69320945996,34,,,,GOLDM,BTG,,,
2026-03-21T19:19:22.751Z,market,trade,TESTE,99968.65902057006,179,,,,UBS,BARCL,,,
2026-03-21T19:19:22.916Z,market,trade,TESTE,99960.53857881432,141,,,,GOLDM,MS,,,
2026-03-21T19:19:23.067Z,market,trade,TESTE,99956.24243085175,80,,,,JPM,CITI,,,
2026-03-21T19:19:23.231Z,market,trade,TESTE,99959.08626354895,30,,,,BTG,GOLDM,,,
2026-03-21T19:19:23.381Z,market,trade,TESTE,99966.91357761355,76,,,,BTG,BTG,,,
2026-03-21T19:19:23.534Z,market,trade,TESTE,99963.51428095449,24,,,,ITAU,GOLDM,,,
2026-03-21T19:19:23.685Z,market,trade,TESTE,99966.18346637703,116,,,,BARCL,BARCL,,,
2026-03-21T19:19:23.835Z,market,trade,TESTE,99958.12561740117,168,,,,MS,CS,,,
2026-03-21T19:19:23.999Z,market,trade,TESTE,99959.16272708496,51,,,,BTG,ITAU,,,
2026-03-21T19:19:24.150Z,market,trade,TESTE,99972.1870033532,78,,,,MS,XP,,,
2026-03-21T19:19:24.315Z,market,trade,TESTE,99977.14889739829,179,,,,UBS,MS,,,
2026-03-21T19:19:24.467Z,market,trade,TESTE,99969.69752914578,71,,,,UBS,BARCL,,,
2026-03-21T19:19:24.617Z,market,trade,TESTE,99979.34331954051,168,,,,CITI,BARCL,,,
2026-03-21T19:19:24.782Z,market,trade,TESTE,99967.96005146876,110,,,,JPM,UBS,,,
2026-03-21T19:19:24.945Z,market,trade,TESTE,99974.34847164205,19,,,,GOLDM,CS,,,
2026-03-21T19:19:25.104Z,market,trade,TESTE,99975.27468335514,140,,,,CS,ITAU,,,
2026-03-21T19:19:25.266Z,market,trade,TESTE,99973.56854911109,110,,,,JPM,XP,,,
2026-03-21T19:19:25.417Z,market,trade,TESTE,99963.44631694577,7,,,,BTG,XP,,,
2026-03-21T19:19:25.568Z,market,trade,TESTE,99964.81146232484,60,,,,MS,MS,,,
2026-03-21T19:19:25.734Z,market,trade,TESTE,99966.64259719808,14,,,,CITI,GOLDM,,,
2026-03-21T19:19:25.885Z,market,trade,TESTE,99970.56743430352,105,,,,CS,CITI,,,
2026-03-21T19:19:26.036Z,market,trade,TESTE,99970.39516747132,159,,,,UBS,BARCL,,,
2026-03-21T19:19:26.198Z,market,trade,TESTE,99976.76500586647,55,,,,XP,GOLDM,,,
2026-03-21T19:19:26.362Z,market,trade,TESTE,99961.80281667637,42,,,,CITI,XP,,,
2026-03-21T19:19:26.515Z,market,trade,TESTE,99975.65909905736,74,,,,XP,MS,,,
2026-03-21T19:19:26.666Z,market,trade,TESTE,99972.76430790198,69,,,,GOLDM,ITAU,,,
2026-03-21T19:19:26.818Z,market,trade,TESTE,99967.90632782645,138,,,,ITAU,ITAU,,,
2026-03-21T19:19:26.982Z,market,trade,TESTE,99963.59944178493,104,,,,BTG,ITAU,,,
2026-03-21T19:19:27.135Z,market,trade,TESTE,99965.82117256543,143,,,,BARCL,GOLDM,,,
2026-03-21T19:19:27.299Z,market,trade,TESTE,99964.46578509732,96,,,,BTG,ITAU,,,
2026-03-21T19:19:27.450Z,market,trade,TESTE,99962.92538668646,70,,,,BARCL,UBS,,,
2026-03-21T19:19:27.602Z,market,trade,TESTE,99952.47716967616,28,,,,GOLDM,GOLDM,,,
2026-03-21T19:19:27.767Z,market,trade,TESTE,99965.64336459791,55,,,,CS,ITAU,,,
2026-03-21T19:19:27.918Z,market,trade,TESTE,99954.95879876817,187,,,,GOLDM,XP,,,
2026-03-21T19:19:28.071Z,market,trade,TESTE,99951.98489375942,57,,,,MS,CS,,,
2026-03-21T19:19:28.234Z,market,trade,TESTE,99953.59851858481,110,,,,ITAU,JPM,,,
2026-03-21T19:19:28.399Z,market,trade,TESTE,99963.65107474184,13,,,,JPM,XP,,,
2026-03-21T19:19:28.550Z,market,trade,TESTE,99961.85013693084,22,,,,ITAU,ITAU,,,
2026-03-21T19:19:28.716Z,market,trade,TESTE,99963.65582624184,10,,,,JPM,BTG,,,
2026-03-21T19:19:28.867Z,market,trade,TESTE,99967.6694537507,169,,,,GOLDM,GOLDM,,,
2026-03-21T19:19:29.017Z,market,trade,TESTE,99964.4225479396,139,,,,CITI,ITAU,,,
2026-03-21T19:19:29.191Z,market,trade,TESTE,99956.19132386752,88,,,,GOLDM,ITAU,,,
2026-03-21T19:19:29.348Z,market,trade,TESTE,99952.19404595101,158,,,,MS,JPM,,,
2026-03-21T19:19:29.501Z,market,trade,TESTE,99960.44988950554,68,,,,CS,BARCL,,,
2026-03-21T19:19:29.651Z,market,trade,TESTE,99953.47184185279,172,,,,JPM,XP,,,
2026-03-21T19:19:29.816Z,market,trade,TESTE,99954.81130993227,136,,,,UBS,XP,,,
2026-03-21T19:19:29.968Z,market,trade,TESTE,99958.90764902362,86,,,,UBS,ITAU,,,
2026-03-21T19:19:30.132Z,market,trade,TESTE,99961.72989796214,38,,,,MS,JPM,,,
2026-03-21T19:19:30.284Z,market,trade,TESTE,99956.74116347697,49,,,,CS,UBS,,,
2026-03-21T19:19:30.435Z,market,trade,TESTE,99960.01626892589,147,,,,CS,UBS,,,
2026-03-21T19:19:30.599Z,market,trade,TESTE,99969.56841359915,178,,,,BARCL,CS,,,
2026-03-21T19:19:30.749Z,market,trade,TESTE,99971.49702063072,27,,,,JPM,XP,,,
2026-03-21T19:19:30.900Z,market,trade,TESTE,99975.40247535572,165,,,,BTG,CITI,,,
2026-03-21T19:19:31.066Z,market,trade,TESTE,99971.54455336799,76,,,,MS,MS,,,
2026-03-21T19:19:31.217Z,market,trade,TESTE,99974.03376282383,193,,,,BARCL,GOLDM,,,
2026-03-21T19:19:31.367Z,market,trade,TESTE,99974.41992674024,192,,,,UBS,XP,,,
2026-03-21T19:19:31.532Z,market,trade,TESTE,99962.5610317292,46,,,,XP,UBS,,,
2026-03-21T19:19:31.691Z,market,trade,TESTE,99965.38889795168,24,,,,BARCL,CITI,,,
2026-03-21T19:19:31.849Z,market,trade,TESTE,99976.89907425598,107,,,,GOLDM,JPM,,,
2026-03-21T19:19:32.000Z,market,trade,TESTE,99980.82897042844,154,,,,UBS,BARCL,,,
2026-03-21T19:19:32.150Z,market,trade,TESTE,99966.2049920902,148,,,,JPM,XP,,,
2026-03-21T19:19:32.316Z,market,trade,TESTE,99978.5186478122,8,,,,MS,CITI,,,
2026-03-21T19:19:32.466Z,market,trade,TESTE,99983.37663975132,197,,,,MS,BTG,,,
2026-03-21T19:19:32.619Z,market,trade,TESTE,99973.46700835822,28,,,,UBS,XP,,,
2026-03-21T19:19:32.783Z,market,trade,TESTE,99986.72759479558,73,,,,GOLDM,UBS,,,
2026-03-21T19:19:32.934Z,market,trade,TESTE,99990.72529039913,77,,,,CITI,BTG,,,
2026-03-21T19:19:33.100Z,market,trade,TESTE,99992.09827058947,188,,,,CITI,MS,,,
2026-03-21T19:19:33.250Z,market,trade,TESTE,99985.35887050361,73,,,,BTG,ITAU,,,
2026-03-21T19:19:33.415Z,market,trade,TESTE,99989.13964928362,58,,,,GOLDM,GOLDM,,,
2026-03-21T19:19:33.567Z,market,trade,TESTE,99997.79774258257,85,,,,CITI,UBS,,,
2026-03-21T19:19:33.732Z,market,trade,TESTE,99995.423254376,188,,,,MS,GOLDM,,,
2026-03-21T19:19:33.884Z,market,trade,TESTE,99990.52446535147,172,,,,BARCL,GOLDM,,,
2026-03-21T19:19:34.049Z,market,trade,TESTE,99991.24735037998,114,,,,CS,JPM,,,
2026-03-21T19:19:34.200Z,market,trade,TESTE,99983.50326563878,171,,,,MS,XP,,,
2026-03-21T19:19:34.364Z,market,trade,TESTE,99989.26771993078,110,,,,JPM,GOLDM,,,
2026-03-21T19:19:34.516Z,market,trade,TESTE,99974.77241193863,7,,,,XP,CS,,,
2026-03-21T19:19:34.666Z,market,trade,TESTE,99979.97669995275,108,,,,XP,JPM,,,
2026-03-21T19:19:34.817Z,market,trade,TESTE,99981.59529818995,60,,,,UBS,ITAU,,,
2026-03-21T19:19:34.968Z,market,trade,TESTE,99973.71578520823,120,,,,UBS,CS,,,
2026-03-21T19:19:35.133Z,market,trade,TESTE,99969.28089856912,166,,,,XP,BTG,,,
2026-03-21T19:19:35.286Z,market,trade,TESTE,99966.0345232646,62,,,,UBS,ITAU,,,
2026-03-21T19:19:35.449Z,market,trade,TESTE,99963.27217033906,96,,,,XP,JPM,,,
2026-03-21T19:19:35.599Z,market,trade,TESTE,99972.9739432081,20,,,,BTG,ITAU,,,
2026-03-21T19:19:35.750Z,market,trade,TESTE,99966.98308116871,195,,,,XP,XP,,,
2026-03-21T19:19:35.915Z,market,trade,TESTE,99975.34500562033,163,,,,UBS,CITI,,,
2026-03-21T19:19:36.067Z,market,trade,TESTE,99961.88814678915,43,,,,JPM,CS,,,
2026-03-21T19:19:36.218Z,market,trade,TESTE,99976.58340690706,117,,,,UBS,BARCL,,,
2026-03-21T19:19:36.369Z,market,trade,TESTE,99979.6646477323,119,,,,CS,JPM,,,
2026-03-21T19:19:36.532Z,market,trade,TESTE,99978.96389842885,198,,,,CITI,CITI,,,
2026-03-21T19:19:36.684Z,market,trade,TESTE,99978.73435344589,13,,,,ITAU,CITI,,,
2026-03-21T19:19:36.839Z,market,trade,TESTE,99981.54674563241,149,,,,UBS,ITAU,,,
2026-03-21T19:19:37.000Z,market,trade,TESTE,99975.13961890855,74,,,,BARCL,GOLDM,,,
2026-03-21T19:19:37.150Z,market,trade,TESTE,99970.60223399971,54,,,,CS,ITAU,,,
2026-03-21T19:19:37.302Z,market,trade,TESTE,99969.25089412785,169,,,,JPM,BARCL,,,
2026-03-21T19:19:37.467Z,market,trade,TESTE,99967.55880787903,134,,,,JPM,XP,,,
2026-03-21T19:19:37.633Z,market,trade,TESTE,99969.20821407945,182,,,,GOLDM,MS,,,
2026-03-21T19:19:37.783Z,market,trade,TESTE,99974.92393156255,13,,,,UBS,CS,,,
2026-03-21T19:19:37.934Z,market,trade,TESTE,99972.53343160702,101,,,,CS,UBS,,,
2026-03-21T19:19:38.099Z,market,trade,TESTE,99971.37365114,162,,,,ITAU,XP,,,
2026-03-21T19:19:38.250Z,market,trade,TESTE,99975.64901502874,183,,,,MS,BARCL,,,
2026-03-21T19:19:38.416Z,market,trade,TESTE,99971.96607398175,149,,,,CITI,ITAU,,,
2026-03-21T19:19:38.567Z,market,trade,TESTE,99969.85107452137,80,,,,JPM,XP,,,
2026-03-21T19:19:38.732Z,market,trade,TESTE,99966.5913582266,23,,,,CITI,BARCL,,,
2026-03-21T19:19:38.884Z,market,trade,TESTE,99957.3190729911,194,,,,JPM,GOLDM,,,
2026-03-21T19:19:39.048Z,market,trade,TESTE,99972.20673886948,18,,,,CITI,GOLDM,,,
2026-03-21T19:19:39.199Z,market,trade,TESTE,99975.94147556653,137,,,,MS,UBS,,,
2026-03-21T19:19:39.355Z,market,trade,TESTE,99969.0605118778,107,,,,BTG,BARCL,,,
2026-03-21T19:19:39.516Z,market,trade,TESTE,99965.98803095972,113,,,,ITAU,JPM,,,
2026-03-21T19:19:39.667Z,market,trade,TESTE,99968.11116865922,146,,,,BARCL,CITI,,,
2026-03-21T19:19:39.833Z,market,trade,TESTE,99971.60020536071,128,,,,BTG,ITAU,,,
2026-03-21T19:19:39.984Z,market,trade,TESTE,99978.01147744065,120,,,,GOLDM,JPM,,,
2026-03-21T19:19:40.135Z,market,trade,TESTE,99968.26875756848,191,,,,GOLDM,MS,,,
2026-03-21T19:19:40.299Z,market,trade,TESTE,99981.40203875159,27,,,,CS,CS,,,
2026-03-21T19:19:40.450Z,market,trade,TESTE,99966.63001536186,115,,,,ITAU,BTG,,,
2026-03-21T19:19:40.615Z,market,trade,TESTE,99969.7625252559,50,,,,GOLDM,ITAU,,,
2026-03-21T19:19:40.766Z,market,trade,TESTE,99980.42705194226,36,,,,BARCL,BTG,,,
2026-03-21T19:19:40.917Z,market,trade,TESTE,99973.22581280515,174,,,,BARCL,CITI,,,
2026-03-21T19:19:41.082Z,market,trade,TESTE,99987.56533233557,130,,,,GOLDM,JPM,,,
2026-03-21T19:19:41.233Z,market,trade,TESTE,99973.57237493357,14,,,,MS,JPM,,,
2026-03-21T19:19:41.384Z,market,trade,TESTE,99988.0349226758,96,,,,GOLDM,BARCL,,,
2026-03-21T19:19:41.549Z,market,trade,TESTE,99976.70100193193,80,,,,UBS,XP,,,
2026-03-21T19:19:41.700Z,market,trade,TESTE,99976.98097021662,159,,,,MS,UBS,,,
2026-03-21T19:19:41.866Z,market,trade,TESTE,99976.72260866151,119,,,,MS,JPM,,,
2026-03-21T19:19:42.017Z,market,trade,TESTE,99975.57311186667,172,,,,ITAU,BTG,,,
2026-03-21T19:19:42.182Z,market,trade,TESTE,99987.7994490686,133,,,,CITI,ITAU,,,
2026-03-21T19:19:42.334Z,market,trade,TESTE,99989.16547628198,18,,,,GOLDM,XP,,,
2026-03-21T19:19:42.499Z,market,trade,TESTE,99975.71596160647,96,,,,JPM,JPM,,,
2026-03-21T19:19:42.649Z,market,trade,TESTE,99988.1173910498,120,,,,ITAU,UBS,,,
2026-03-21T19:19:42.799Z,market,trade,TESTE,99973.74920117113,188,,,,BTG,XP,,,
2026-03-21T19:19:42.964Z,market,trade,TESTE,99975.85500422909,198,,,,GOLDM,BTG,,,
2026-03-21T19:19:43.115Z,market,trade,TESTE,99981.38105830249,117,,,,JPM,JPM,,,
2026-03-21T19:19:43.281Z,market,trade,TESTE,99973.14942273224,77,,,,MS,GOLDM,,,
2026-03-21T19:19:43.432Z,market,trade,TESTE,99982.9946927533,24,,,,BARCL,CITI,,,
2026-03-21T19:19:43.583Z,market,trade,TESTE,99980.09591512824,127,,,,MS,BTG,,,
2026-03-21T19:19:43.734Z,market,trade,TESTE,99969.09903738707,185,,,,JPM,JPM,,,
2026-03-21T19:19:43.899Z,market,trade,TESTE,99973.7406975527,142,,,,BTG,BTG,,,
2026-03-21T19:19:44.057Z,market,trade,TESTE,99984.26157486885,199,,,,CITI,GOLDM,,,
2026-03-21T19:19:44.216Z,market,trade,TESTE,99972.461030043,159,,,,ITAU,JPM,,,
2026-03-21T19:19:44.380Z,market,trade,TESTE,99984.278520174,172,,,,UBS,CITI,,,
2026-03-21T19:19:44.532Z,market,trade,TESTE,99971.12004446554,123,,,,XP,ITAU,,,
2026-03-21T19:19:44.684Z,market,trade,TESTE,99971.12951240323,179,,,,XP,CITI,,,
2026-03-21T19:19:44.848Z,market,trade,TESTE,99967.87947346033,154,,,,CS,XP,,,
2026-03-21T19:19:44.999Z,market,trade,TESTE,99979.14252719935,15,,,,UBS,XP,,,
2026-03-21T19:19:45.150Z,market,trade,TESTE,99979.66359337556,150,,,,MS,MS,,,
2026-03-21T19:19:45.316Z,market,trade,TESTE,99973.71445266032,179,,,,GOLDM,GOLDM,,,
2026-03-21T19:19:45.467Z,market,trade,TESTE,99979.61876603811,64,,,,GOLDM,BARCL,,,
2026-03-21T19:19:45.632Z,market,trade,TESTE,99977.92753723913,111,,,,XP,CITI,,,
2026-03-21T19:19:45.783Z,market,trade,TESTE,99975.39655655283,101,,,,JPM,BTG,,,
2026-03-21T19:19:45.948Z,market,trade,TESTE,99964.85289164173,166,,,,JPM,BTG,,,
2026-03-21T19:19:46.099Z,market,trade,TESTE,99965.19852995656,33,,,,CS,JPM,,,
2026-03-21T19:19:46.250Z,market,trade,TESTE,99974.56291459045,67,,,,CITI,JPM,,,
2026-03-21T19:19:46.400Z,market,trade,TESTE,99973.84212802761,79,,,,JPM,JPM,,,
2026-03-21T19:19:46.550Z,market,trade,TESTE,99970.59114340394,6,,,,CS,BARCL,,,
2026-03-21T19:19:46.716Z,market,trade,TESTE,99955.64317388074,41,,,,BARCL,GOLDM,,,
2026-03-21T19:19:46.867Z,market,trade,TESTE,99951.65308819752,6,,,,GOLDM,JPM,,,
2026-03-21T19:19:47.033Z,market,trade,TESTE,99954.56889743233,108,,,,GOLDM,CITI,,,
2026-03-21T19:19:47.183Z,market,trade,TESTE,99951.21344992249,29,,,,MS,XP,,,
2026-03-21T19:19:47.334Z,market,trade,TESTE,99955.44959257878,112,,,,GOLDM,UBS,,,
2026-03-21T19:19:47.500Z,market,trade,TESTE,99968.01763645065,22,,,,JPM,UBS,,,
2026-03-21T19:19:47.665Z,market,trade,TESTE,99956.17360543371,138,,,,MS,ITAU,,,
2026-03-21T19:19:47.817Z,market,trade,TESTE,99964.70250539598,33,,,,CS,GOLDM,,,
2026-03-21T19:19:47.983Z,market,trade,TESTE,99953.78266489146,196,,,,CITI,GOLDM,,,
2026-03-21T19:19:48.146Z,market,trade,TESTE,99964.48085607619,200,,,,ITAU,GOLDM,,,
2026-03-21T19:19:48.299Z,market,trade,TESTE,99960.56998660554,142,,,,GOLDM,UBS,,,
2026-03-21T19:19:48.463Z,market,trade,TESTE,99952.21428514557,198,,,,BARCL,GOLDM,,,
2026-03-21T19:19:48.616Z,market,trade,TESTE,99956.01452146164,153,,,,MS,ITAU,,,
2026-03-21T19:19:48.767Z,market,trade,TESTE,99956.08850808039,171,,,,UBS,JPM,,,
2026-03-21T19:19:48.924Z,market,trade,TESTE,99971.03847912834,131,,,,XP,CITI,,,
2026-03-21T19:19:49.082Z,market,trade,TESTE,99971.84080441325,42,,,,CITI,JPM,,,
2026-03-21T19:19:49.248Z,market,trade,TESTE,99972.20625117309,194,,,,BTG,CS,,,
2026-03-21T19:19:49.399Z,market,trade,TESTE,99967.09748133522,91,,,,CITI,UBS,,,
2026-03-21T19:19:49.550Z,market,trade,TESTE,99968.49447453603,7,,,,ITAU,GOLDM,,,
2026-03-21T19:19:49.700Z,market,trade,TESTE,99978.44509355654,74,,,,GOLDM,CS,,,
2026-03-21T19:19:49.850Z,market,trade,TESTE,99967.6016715344,43,,,,CS,GOLDM,,,
2026-03-21T19:19:50.014Z,market,trade,TESTE,99968.6576982213,77,,,,CITI,CITI,,,
2026-03-21T19:19:50.166Z,market,trade,TESTE,99983.589928132,128,,,,CS,CITI,,,
2026-03-21T19:19:50.331Z,market,trade,TESTE,99986.17928372894,19,,,,ITAU,CITI,,,
2026-03-21T19:19:50.482Z,market,trade,TESTE,99990.89184049814,128,,,,MS,ITAU,,,
2026-03-21T19:19:50.634Z,market,trade,TESTE,99981.78728936853,66,,,,ITAU,BARCL,,,
2026-03-21T19:19:50.798Z,market,trade,TESTE,99990.77850223449,149,,,,CS,JPM,,,
2026-03-21T19:19:50.949Z,market,trade,TESTE,99981.51567713475,144,,,,ITAU,BARCL,,,
2026-03-21T19:19:51.100Z,market,trade,TESTE,99991.05281897757,161,,,,ITAU,BTG,,,
2026-03-21T19:19:51.253Z,market,trade,TESTE,99987.42401067693,63,,,,ITAU,MS,,,
2026-03-21T19:19:51.416Z,market,trade,TESTE,99978.49324228971,17,,,,XP,JPM,,,
2026-03-21T19:19:51.567Z,market,trade,TESTE,99976.6804300026,91,,,,MS,BTG,,,
2026-03-21T19:19:51.732Z,market,trade,TESTE,99978.39347555563,147,,,,ITAU,BTG,,,
2026-03-21T19:19:51.883Z,market,trade,TESTE,99977.79225917305,190,,,,GOLDM,CITI,,,
2026-03-21T19:19:52.033Z,market,trade,TESTE,99990.10343106161,87,,,,MS,CITI,,,
2026-03-21T19:19:52.198Z,market,trade,TESTE,99986.36555832709,186,,,,BTG,XP,,,
2026-03-21T19:19:52.350Z,market,trade,TESTE,99975.45763271108,172,,,,GOLDM,JPM,,,
2026-03-21T19:19:52.501Z,market,trade,TESTE,99985.99995181082,61,,,,GOLDM,XP,,,
2026-03-21T19:19:52.658Z,market,trade,TESTE,99979.13122016296,65,,,,CITI,CS,,,
2026-03-21T19:19:52.815Z,market,trade,TESTE,99991.06062722656,101,,,,XP,MS,,,
2026-03-21T19:19:52.966Z,market,trade,TESTE,99978.72835000465,40,,,,BARCL,XP,,,
2026-03-21T19:19:53.119Z,market,trade,TESTE,99992.97311876267,34,,,,ITAU,UBS,,,
2026-03-21T19:19:53.281Z,market,trade,TESTE,99981.56578756319,193,,,,XP,BARCL,,,
2026-03-21T19:19:53.433Z,market,trade,TESTE,99993.79574282026,39,,,,UBS,BARCL,,,
2026-03-21T19:19:53.584Z,market,trade,TESTE,99989.24293424723,44,,,,BTG,CS,,,
2026-03-21T19:19:53.735Z,market,trade,TESTE,99988.96691501654,193,,,,UBS,UBS,,,
2026-03-21T19:19:53.899Z,market,trade,TESTE,99986.260623216,150,,,,BTG,ITAU,,,
2026-03-21T19:19:54.050Z,market,trade,TESTE,99988.25848805066,171,,,,XP,CS,,,
2026-03-21T19:19:54.202Z,market,trade,TESTE,99991.23742137471,186,,,,ITAU,ITAU,,,
2026-03-21T19:19:54.364Z,market,trade,TESTE,99979.19057240973,166,,,,BTG,CS,,,
2026-03-21T19:19:54.515Z,market,trade,TESTE,99975.71684620794,169,,,,BTG,ITAU,,,
2026-03-21T19:19:54.666Z,market,trade,TESTE,99971.98595290347,51,,,,JPM,JPM,,,
2026-03-21T19:19:54.817Z,market,trade,TESTE,99984.9454331884,200,,,,UBS,CS,,,
2026-03-21T19:19:54.967Z,market,trade,TESTE,99974.54702952097,117,,,,BARCL,JPM,,,
2026-03-21T19:19:55.117Z,market,trade,TESTE,99971.74580008618,200,,,,BTG,CITI,,,
2026-03-21T19:19:55.269Z,market,trade,TESTE,99971.54785190414,196,,,,CITI,BTG,,,
2026-03-21T19:19:55.432Z,market,trade,TESTE,99972.69549814523,89,,,,GOLDM,CITI,,,
2026-03-21T19:19:55.582Z,market,trade,TESTE,99985.30719658233,68,,,,CS,BTG,,,
2026-03-21T19:19:55.734Z,market,trade,TESTE,99986.04790623354,151,,,,BTG,UBS,,,
2026-03-21T19:19:55.898Z,market,trade,TESTE,99974.52516133673,22,,,,BTG,UBS,,,
2026-03-21T19:19:56.049Z,market,trade,TESTE,99988.50183028058,49,,,,BTG,XP,,,
2026-03-21T19:19:56.200Z,market,trade,TESTE,99991.63531704008,58,,,,MS,CS,,,
2026-03-21T19:19:56.364Z,market,trade,TESTE,99992.02731995529,123,,,,MS,ITAU,,,
2026-03-21T19:19:56.516Z,market,trade,TESTE,99993.35276144538,57,,,,MS,CITI,,,
2026-03-21T19:19:56.666Z,market,trade,TESTE,99988.46797720007,75,,,,CITI,CS,,,
2026-03-21T19:19:56.817Z,market,trade,TESTE,99977.50753996838,62,,,,BTG,JPM,,,
2026-03-21T19:19:56.967Z,market,trade,TESTE,99988.87215633236,131,,,,BTG,CS,,,
2026-03-21T19:19:57.131Z,market,trade,TESTE,99986.76666527249,123,,,,GOLDM,CITI,,,
2026-03-21T19:19:57.282Z,market,trade,TESTE,99980.17745615642,191,,,,ITAU,CITI,,,
2026-03-21T19:19:57.433Z,market,trade,TESTE,99980.76081971558,186,,,,BARCL,JPM,,,
2026-03-21T19:19:57.584Z,market,trade,TESTE,99982.7032957713,147,,,,UBS,ITAU,,,
2026-03-21T19:19:57.749Z,market,trade,TESTE,99988.16446501072,142,,,,MS,XP,,,
2026-03-21T19:19:57.901Z,market,trade,TESTE,99981.20654542248,199,,,,XP,ITAU,,,
2026-03-21T19:19:58.066Z,market,trade,TESTE,99986.07537693279,136,,,,XP,CITI,,,
2026-03-21T19:19:58.218Z,market,trade,TESTE,99998.1306971464,56,,,,MS,BTG,,,
2026-03-21T19:19:58.370Z,market,trade,TESTE,99984.17807115,66,,,,GOLDM,UBS,,,
2026-03-21T19:19:58.533Z,market,trade,TESTE,99993.50577506762,137,,,,UBS,CITI,,,
2026-03-21T19:19:58.685Z,market,trade,TESTE,99988.45076181146,159,,,,CITI,MS,,,
2026-03-21T19:19:58.836Z,market,trade,TESTE,99994.24562079145,143,,,,JPM,ITAU,,,
2026-03-21T19:19:59.000Z,market,trade,TESTE,99981.41934685773,110,,,,XP,GOLDM,,,
2026-03-21T19:19:59.152Z,market,trade,TESTE,99978.57633732662,134,,,,BARCL,ITAU,,,
2026-03-21T19:19:59.316Z,market,trade,TESTE,99978.22650778678,138,,,,CS,CS,,,
2026-03-21T19:19:59.466Z,market,trade,TESTE,99981.49995019507,185,,,,JPM,MS,,,
2026-03-21T19:19:59.617Z,market,trade,TESTE,99995.1093506577,145,,,,XP,CS,,,
2026-03-21T19:19:59.779Z,market,trade,TESTE,99992.12517356308,53,,,,CS,XP,,,
2026-03-21T19:19:59.934Z,market,trade,TESTE,99988.3002357527,108,,,,BARCL,BTG,,,
2026-03-21T19:20:00.096Z,market,trade,TESTE,99992.16228576073,144,,,,ITAU,UBS,,,
2026-03-21T19:20:00.250Z,market,trade,TESTE,99983.16320256413,12,,,,GOLDM,GOLDM,,,
2026-03-21T19:20:00.407Z,market,trade,TESTE,99979.15804618862,168,,,,BTG,MS,,,
2026-03-21T19:20:00.566Z,market,trade,TESTE,99977.91329286864,181,,,,MS,BTG,,,
2026-03-21T19:20:00.723Z,market,trade,TESTE,99987.6524930505,136,,,,GOLDM,ITAU,,,
2026-03-21T19:20:00.881Z,market,trade,TESTE,99985.96875042323,30,,,,UBS,GOLDM,,,
2026-03-21T19:20:01.046Z,market,trade,TESTE,99974.48644579589,77,,,,ITAU,BTG,,,
2026-03-21T19:20:01.200Z,market,trade,TESTE,99976.4795590774,76,,,,ITAU,MS,,,
2026-03-21T19:20:01.357Z,market,trade,TESTE,99974.32736591191,32,,,,CS,BARCL,,,
2026-03-21T19:20:01.512Z,market,trade,TESTE,99976.27677151591,161,,,,BARCL,MS,,,
2026-03-21T19:20:01.667Z,market,trade,TESTE,99983.03860391032,184,,,,CS,BTG,,,
2026-03-21T19:20:01.821Z,market,trade,TESTE,99974.18945802438,31,,,,BTG,JPM,,,
2026-03-21T19:20:01.981Z,market,trade,TESTE,99973.30136826291,54,,,,BTG,UBS,,,
2026-03-21T19:20:02.146Z,market,trade,TESTE,99983.71356289565,39,,,,UBS,CITI,,,
2026-03-21T19:20:02.299Z,market,trade,TESTE,99972.89912074285,13,,,,BARCL,GOLDM,,,
2026-03-21T19:20:02.466Z,market,trade,TESTE,99969.26486934128,143,,,,XP,JPM,,,
2026-03-21T19:20:02.630Z,market,trade,TESTE,99977.42053425724,44,,,,JPM,CS,,,
2026-03-21T19:20:02.792Z,market,trade,TESTE,99965.85595130923,11,,,,UBS,MS,,,
2026-03-21T19:20:02.945Z,market,trade,TESTE,99962.08451522638,184,,,,MS,MS,,,
2026-03-21T19:20:03.099Z,market,trade,TESTE,99962.49025972564,73,,,,ITAU,CITI,,,
2026-03-21T19:20:03.250Z,market,trade,TESTE,99959.44059607235,88,,,,CS,MS,,,
2026-03-21T19:20:03.416Z,market,trade,TESTE,99960.77208219732,40,,,,MS,ITAU,,,
2026-03-21T19:20:03.566Z,market,trade,TESTE,99962.36101279073,113,,,,BARCL,CS,,,
2026-03-21T19:20:03.717Z,market,trade,TESTE,99964.34236460048,19,,,,MS,ITAU,,,
2026-03-21T19:20:03.868Z,market,trade,TESTE,99968.66773182734,10,,,,CITI,XP,,,
2026-03-21T19:20:04.021Z,market,trade,TESTE,99981.24513989732,130,,,,GOLDM,BTG,,,
2026-03-21T19:20:04.182Z,market,trade,TESTE,99966.99990288967,103,,,,CS,ITAU,,,
2026-03-21T19:20:04.334Z,market,trade,TESTE,99969.35954793583,107,,,,BTG,CITI,,,
2026-03-21T19:20:04.494Z,market,trade,TESTE,99978.42482329397,174,,,,CITI,CS,,,
2026-03-21T19:20:04.650Z,market,trade,TESTE,99972.17714284536,111,,,,GOLDM,XP,,,
2026-03-21T19:20:04.801Z,market,trade,TESTE,99984.7571250675,43,,,,ITAU,BARCL,,,
2026-03-21T19:20:04.953Z,market,trade,TESTE,99985.54284406133,167,,,,UBS,BTG,,,
2026-03-21T19:20:05.116Z,market,trade,TESTE,99985.13989607625,155,,,,CS,ITAU,,,
2026-03-21T19:20:05.284Z,market,trade,TESTE,99971.3218259371,39,,,,BARCL,UBS,,,
2026-03-21T19:20:05.434Z,market,trade,TESTE,99966.66449122744,51,,,,CS,XP,,,
2026-03-21T19:20:05.588Z,market,trade,TESTE,99963.64401156029,36,,,,BARCL,ITAU,,,
2026-03-21T19:20:05.751Z,market,trade,TESTE,99962.22820794015,94,,,,BARCL,UBS,,,
2026-03-21T19:20:05.915Z,market,trade,TESTE,99967.7413611064,30,,,,CS,JPM,,,
2026-03-21T19:20:06.077Z,market,trade,TESTE,99953.91991025349,71,,,,BTG,MS,,,
2026-03-21T19:20:06.232Z,market,trade,TESTE,99966.981837719,139,,,,CS,MS,,,
2026-03-21T19:20:06.383Z,market,trade,TESTE,99953.45557175152,115,,,,BARCL,JPM,,,
2026-03-21T19:20:06.548Z,market,trade,TESTE,99959.4105359868,178,,,,CITI,ITAU,,,
2026-03-21T19:20:06.706Z,market,trade,TESTE,99954.05448232483,144,,,,JPM,MS,,,
2026-03-21T19:20:06.867Z,market,trade,TESTE,99954.74037199153,63,,,,ITAU,CITI,,,
2026-03-21T19:20:07.029Z,market,trade,TESTE,99952.0749658623,110,,,,ITAU,BTG,,,
2026-03-21T19:20:07.180Z,market,trade,TESTE,99948.11619211393,18,,,,XP,XP,,,
2026-03-21T19:20:07.345Z,market,trade,TESTE,99952.69071869634,144,,,,GOLDM,CS,,,
2026-03-21T19:20:07.501Z,market,trade,TESTE,99962.55958252128,132,,,,JPM,XP,,,
2026-03-21T19:20:07.663Z,market,trade,TESTE,99957.30672649684,61,,,,CITI,CS,,,
2026-03-21T19:20:07.817Z,market,trade,TESTE,99967.61921252709,76,,,,XP,BARCL,,,
2026-03-21T19:20:07.973Z,market,trade,TESTE,99963.84784346762,59,,,,MS,ITAU,,,
2026-03-21T19:20:08.131Z,market,trade,TESTE,99956.51045675573,87,,,,XP,ITAU,,,
2026-03-21T19:20:08.297Z,market,trade,TESTE,99955.85856487838,146,,,,GOLDM,XP,,,
2026-03-21T19:20:08.448Z,market,trade,TESTE,99955.99488258452,51,,,,BTG,BTG,,,
2026-03-21T19:20:08.598Z,market,trade,TESTE,99965.96067641789,148,,,,JPM,MS,,,
2026-03-21T19:20:08.763Z,market,trade,TESTE,99961.8265793522,171,,,,XP,MS,,,
2026-03-21T19:20:08.919Z,market,trade,TESTE,99953.22532177066,123,,,,XP,ITAU,,,
2026-03-21T19:20:09.078Z,market,trade,TESTE,99959.11622053152,139,,,,GOLDM,JPM,,,
2026-03-21T19:20:09.230Z,market,trade,TESTE,99963.553203157,26,,,,JPM,CS,,,
2026-03-21T19:20:09.392Z,market,trade,TESTE,99953.5634947028,111,,,,BARCL,BARCL,,,
2026-03-21T19:20:09.547Z,market,trade,TESTE,99955.87648580725,76,,,,GOLDM,ITAU,,,
2026-03-21T19:20:09.703Z,market,trade,TESTE,99957.68957853311,62,,,,JPM,BARCL,,,
2026-03-21T19:20:09.868Z,market,trade,TESTE,99964.96053112214,140,,,,XP,MS,,,
2026-03-21T19:20:10.033Z,market,trade,TESTE,99962.61294973484,194,,,,MS,CS,,,
2026-03-21T19:20:10.190Z,market,trade,TESTE,99967.44097380637,114,,,,JPM,CITI,,,
2026-03-21T19:20:10.347Z,market,trade,TESTE,99954.24453773766,8,,,,JPM,ITAU,,,
2026-03-21T19:20:10.500Z,market,trade,TESTE,99958.10076623767,111,,,,MS,ITAU,,,
2026-03-21T19:20:10.666Z,market,trade,TESTE,99963.83465189874,19,,,,ITAU,UBS,,,
2026-03-21T19:20:10.817Z,market,trade,TESTE,99956.73698535176,117,,,,BTG,CS,,,
2026-03-21T19:20:10.982Z,market,trade,TESTE,99955.04148216157,175,,,,XP,CITI,,,
2026-03-21T19:20:11.133Z,market,trade,TESTE,99958.9037006604,175,,,,GOLDM,XP,,,
2026-03-21T19:20:11.285Z,market,trade,TESTE,99963.21385771486,11,,,,CITI,JPM,,,
2026-03-21T19:20:11.449Z,market,trade,TESTE,99969.6621444517,143,,,,UBS,CITI,,,
2026-03-21T19:20:11.599Z,market,trade,TESTE,99973.29767742325,62,,,,UBS,JPM,,,
2026-03-21T19:20:11.750Z,market,trade,TESTE,99958.76394312335,139,,,,CITI,ITAU,,,
2026-03-21T19:20:11.900Z,market,trade,TESTE,99967.3836960652,121,,,,JPM,ITAU,,,
2026-03-21T19:20:12.067Z,market,trade,TESTE,99969.9557676599,107,,,,UBS,GOLDM,,,
2026-03-21T19:20:12.234Z,market,trade,TESTE,99954.99520308102,148,,,,MS,JPM,,,
2026-03-21T19:20:12.384Z,market,trade,TESTE,99958.28969290922,7,,,,ITAU,UBS,,,
2026-03-21T19:20:12.546Z,market,trade,TESTE,99957.60232594996,172,,,,BARCL,UBS,,,
2026-03-21T19:20:12.699Z,market,trade,TESTE,99960.30077457297,25,,,,MS,UBS,,,
2026-03-21T19:20:12.863Z,market,trade,TESTE,99967.62794468943,22,,,,BTG,GOLDM,,,
2026-03-21T19:20:13.015Z,market,trade,TESTE,99955.97493215946,193,,,,GOLDM,CITI,,,
2026-03-21T19:20:13.168Z,market,trade,TESTE,99966.08520497852,29,,,,GOLDM,GOLDM,,,
2026-03-21T19:20:13.319Z,market,trade,TESTE,99958.56210198037,63,,,,CS,BARCL,,,
2026-03-21T19:20:13.475Z,market,trade,TESTE,99953.8603275047,190,,,,ITAU,GOLDM,,,
2026-03-21T19:20:13.633Z,market,trade,TESTE,99957.81590705342,83,,,,ITAU,JPM,,,
2026-03-21T19:20:13.786Z,market,trade,TESTE,99959.48446161038,78,,,,JPM,BTG,,,
2026-03-21T19:20:13.946Z,market,trade,TESTE,99962.7206115635,49,,,,XP,BTG,,,
2026-03-21T19:20:14.103Z,market,trade,TESTE,99975.96371405214,193,,,,CS,CS,,,
2026-03-21T19:20:14.262Z,market,trade,TESTE,99965.89878351406,106,,,,GOLDM,ITAU,,,
2026-03-21T19:20:14.416Z,market,trade,TESTE,99961.40745322692,191,,,,CS,CITI,,,
2026-03-21T19:20:14.576Z,market,trade,TESTE,99971.00959507564,174,,,,BTG,UBS,,,
2026-03-21T19:20:14.730Z,market,trade,TESTE,99974.4744593356,100,,,,UBS,BARCL,,,
2026-03-21T19:20:14.895Z,market,trade,TESTE,99971.40813920733,145,,,,BARCL,CITI,,,
2026-03-21T19:20:15.052Z,market,trade,TESTE,99969.87069334883,125,,,,CITI,ITAU,,,
2026-03-21T19:20:15.207Z,market,trade,TESTE,99955.92472662072,60,,,,BARCL,CITI,,,
2026-03-21T19:20:15.367Z,market,trade,TESTE,99958.46142195485,96,,,,ITAU,MS,,,
2026-03-21T19:20:15.518Z,market,trade,TESTE,99953.96613993889,28,,,,GOLDM,JPM,,,
2026-03-21T19:20:15.683Z,market,trade,TESTE,99965.66217070306,185,,,,UBS,GOLDM,,,
2026-03-21T19:20:15.833Z,market,trade,TESTE,99962.12481078673,185,,,,CITI,GOLDM,,,
2026-03-21T19:20:15.999Z,market,trade,TESTE,99961.0164398384,69,,,,XP,XP,,,
2026-03-21T19:20:16.159Z,market,trade,TESTE,99961.62305612104,118,,,,XP,GOLDM,,,
2026-03-21T19:20:16.317Z,market,trade,TESTE,99964.44169060579,164,,,,ITAU,BARCL,,,
2026-03-21T19:20:16.484Z,market,trade,TESTE,99950.18361001818,190,,,,CS,JPM,,,
2026-03-21T19:20:16.648Z,market,trade,TESTE,99951.74905479653,157,,,,MS,CS,,,
2026-03-21T19:20:16.801Z,market,trade,TESTE,99947.05865899748,44,,,,JPM,CITI,,,
2026-03-21T19:20:16.951Z,market,trade,TESTE,99958.9918855424,101,,,,UBS,GOLDM,,,
2026-03-21T19:20:17.111Z,market,trade,TESTE,99952.01414116188,17,,,,BTG,ITAU,,,
2026-03-21T19:20:17.266Z,market,trade,TESTE,99957.26023038439,16,,,,UBS,CITI,,,
2026-03-21T19:20:17.419Z,market,trade,TESTE,99944.21313972186,8,,,,BARCL,GOLDM,,,
2026-03-21T19:20:17.581Z,market,trade,TESTE,99940.17223248103,111,,,,CS,BARCL,,,
2026-03-21T19:20:17.733Z,market,trade,TESTE,99947.44368949215,142,,,,MS,BARCL,,,
2026-03-21T19:20:17.884Z,market,trade,TESTE,99935.05174792046,178,,,,BTG,BARCL,,,
2026-03-21T19:20:18.047Z,market,trade,TESTE,99934.2938384947,121,,,,JPM,BARCL,,,
2026-03-21T19:20:18.199Z,market,trade,TESTE,99946.31690222803,127,,,,BARCL,CITI,,,
2026-03-21T19:20:18.363Z,market,trade,TESTE,99931.4073894596,105,,,,GOLDM,JPM,,,
2026-03-21T19:20:18.513Z,market,trade,TESTE,99940.70759062664,136,,,,CITI,MS,,,
2026-03-21T19:20:18.664Z,market,trade,TESTE,99945.0737950694,154,,,,CITI,UBS,,,
2026-03-21T19:20:18.816Z,market,trade,TESTE,99934.67115961795,9,,,,XP,UBS,,,
2026-03-21T19:20:18.980Z,market,trade,TESTE,99934.39844192416,72,,,,UBS,CITI,,,
2026-03-21T19:20:19.133Z,market,trade,TESTE,99941.54169293484,40,,,,JPM,BARCL,,,
2026-03-21T19:20:19.298Z,market,trade,TESTE,99933.63262167548,166,,,,BARCL,MS,,,
2026-03-21T19:20:19.451Z,market,trade,TESTE,99934.94726275065,47,,,,XP,CS,,,
2026-03-21T19:20:19.616Z,market,trade,TESTE,99931.79120330447,104,,,,BARCL,BTG,,,
2026-03-21T19:20:19.780Z,market,trade,TESTE,99940.06339614633,86,,,,UBS,BTG,,,
2026-03-21T19:20:19.933Z,market,trade,TESTE,99929.4245998512,106,,,,CITI,ITAU,,,
2026-03-21T19:20:20.097Z,market,trade,TESTE,99927.39603091234,35,,,,ITAU,BARCL,,,
2026-03-21T19:20:20.247Z,market,trade,TESTE,99927.0163994523,67,,,,GOLDM,UBS,,,
2026-03-21T19:20:20.409Z,market,trade,TESTE,99937.0850901304,129,,,,JPM,GOLDM,,,
2026-03-21T19:20:20.566Z,market,trade,TESTE,99926.58792634374,165,,,,XP,CS,,,
2026-03-21T19:20:20.732Z,market,trade,TESTE,99924.20619199063,149,,,,CS,JPM,,,
2026-03-21T19:20:20.882Z,market,trade,TESTE,99925.54564323167,112,,,,BARCL,CITI,,,
2026-03-21T19:20:21.045Z,market,trade,TESTE,99938.17119604732,88,,,,ITAU,UBS,,,
2026-03-21T19:20:21.199Z,market,trade,TESTE,99927.89960457446,155,,,,GOLDM,XP,,,
2026-03-21T19:20:21.363Z,market,trade,TESTE,99940.32524029682,176,,,,JPM,CS,,,
2026-03-21T19:20:21.516Z,market,trade,TESTE,99937.20233499967,60,,,,BARCL,ITAU,,,
2026-03-21T19:20:21.668Z,market,trade,TESTE,99927.10929807647,103,,,,MS,UBS,,,
2026-03-21T19:20:21.832Z,market,trade,TESTE,99935.86548291879,53,,,,GOLDM,MS,,,
2026-03-21T19:20:21.984Z,market,trade,TESTE,99938.96440292693,156,,,,CITI,GOLDM,,,
2026-03-21T19:20:22.136Z,market,trade,TESTE,99935.71170277547,118,,,,BARCL,BARCL,,,
2026-03-21T19:20:22.297Z,market,trade,TESTE,99925.55243389429,131,,,,CITI,GOLDM,,,
2026-03-21T19:20:22.449Z,market,trade,TESTE,99938.99517429691,11,,,,CITI,CS,,,
2026-03-21T19:20:22.611Z,market,trade,TESTE,99925.72367494769,7,,,,CS,GOLDM,,,
2026-03-21T19:20:22.777Z,market,trade,TESTE,99935.50574755302,170,,,,XP,UBS,,,
2026-03-21T19:20:22.942Z,market,trade,TESTE,99933.34149369909,69,,,,GOLDM,BTG,,,
2026-03-21T19:20:23.116Z,market,trade,TESTE,99936.20392738738,116,,,,CS,CITI,,,
2026-03-21T19:20:23.281Z,market,trade,TESTE,99935.07752045707,90,,,,CS,JPM,,,
2026-03-21T19:20:23.432Z,market,trade,TESTE,99933.36869471987,110,,,,JPM,ITAU,,,
2026-03-21T19:20:23.584Z,market,trade,TESTE,99918.85434231843,22,,,,BTG,MS,,,
2026-03-21T19:20:23.749Z,market,trade,TESTE,99933.34494776465,32,,,,GOLDM,BTG,,,
2026-03-21T19:20:23.904Z,market,trade,TESTE,99936.40518406167,79,,,,GOLDM,JPM,,,
2026-03-21T19:20:24.067Z,market,trade,TESTE,99931.39854792022,25,,,,UBS,CS,,,
2026-03-21T19:20:24.230Z,market,trade,TESTE,99928.4650463912,17,,,,UBS,MS,,,
2026-03-21T19:20:24.382Z,market,trade,TESTE,99939.0412069736,148,,,,ITAU,BTG,,,
2026-03-21T19:20:24.533Z,market,trade,TESTE,99926.6360589909,83,,,,CS,UBS,,,
2026-03-21T19:20:24.699Z,market,trade,TESTE,99941.38307780471,165,,,,BTG,CITI,,,
2026-03-21T19:20:24.853Z,market,trade,TESTE,99934.79077701268,157,,,,ITAU,UBS,,,
2026-03-21T19:20:25.020Z,market,trade,TESTE,99947.50244772686,114,,,,GOLDM,GOLDM,,,
2026-03-21T19:20:25.184Z,market,trade,TESTE,99936.30341544341,156,,,,CS,UBS,,,
2026-03-21T19:20:25.348Z,market,trade,TESTE,99946.09064151219,32,,,,MS,CITI,,,
2026-03-21T19:20:25.500Z,market,trade,TESTE,99943.70851688931,112,,,,MS,CITI,,,
2026-03-21T19:20:25.666Z,market,trade,TESTE,99934.49219552333,71,,,,CS,BTG,,,
2026-03-21T19:20:25.817Z,market,trade,TESTE,99934.25046532151,89,,,,BTG,CS,,,
2026-03-21T19:20:25.971Z,market,trade,TESTE,99940.05958884404,198,,,,CITI,BTG,,,
2026-03-21T19:20:26.133Z,market,trade,TESTE,99929.23103700386,143,,,,XP,ITAU,,,
2026-03-21T19:20:26.295Z,market,trade,TESTE,99929.84685434513,152,,,,BTG,BARCL,,,
2026-03-21T19:20:26.450Z,market,trade,TESTE,99930.55739554515,185,,,,JPM,ITAU,,,
2026-03-21T19:20:26.602Z,market,trade,TESTE,99945.2384872689,56,,,,CITI,ITAU,,,
2026-03-21T19:20:26.759Z,market,trade,TESTE,99931.48130242716,139,,,,CITI,JPM,,,
2026-03-21T19:20:26.916Z,market,trade,TESTE,99936.01745029527,104,,,,ITAU,GOLDM,,,
2026-03-21T19:20:27.073Z,market,trade,TESTE,99939.34245709787,89,,,,ITAU,ITAU,,,
2026-03-21T19:20:27.226Z,market,trade,TESTE,99937.11482451303,112,,,,XP,JPM,,,
2026-03-21T19:20:27.381Z,market,trade,TESTE,99942.54804090239,55,,,,BARCL,ITAU,,,
2026-03-21T19:20:27.532Z,market,trade,TESTE,99929.15696823141,165,,,,UBS,CITI,,,
2026-03-21T19:20:27.683Z,market,trade,TESTE,99942.15452399188,74,,,,GOLDM,CS,,,
2026-03-21T19:20:27.848Z,market,trade,TESTE,99944.30516974327,96,,,,XP,UBS,,,
2026-03-21T19:20:27.998Z,market,trade,TESTE,99937.4208720312,131,,,,CITI,ITAU,,,
2026-03-21T19:20:28.150Z,market,trade,TESTE,99947.66329685465,161,,,,GOLDM,BTG,,,
2026-03-21T19:20:28.316Z,market,trade,TESTE,99947.23251467958,158,,,,UBS,ITAU,,,
2026-03-21T19:20:28.467Z,market,trade,TESTE,99952.01607626816,32,,,,CS,ITAU,,,
2026-03-21T19:20:28.632Z,market,trade,TESTE,99956.9646946785,168,,,,XP,MS,,,
2026-03-21T19:20:28.783Z,market,trade,TESTE,99960.98466288827,45,,,,ITAU,CITI,,,
2026-03-21T19:20:28.949Z,market,trade,TESTE,99965.69129367136,52,,,,CITI,JPM,,,
2026-03-21T19:20:29.100Z,market,trade,TESTE,99970.15146463268,160,,,,MS,UBS,,,
2026-03-21T19:20:29.265Z,market,trade,TESTE,99959.07215155412,23,,,,ITAU,BARCL,,,
2026-03-21T19:20:29.417Z,market,trade,TESTE,99967.08190860742,56,,,,CITI,CITI,,,
2026-03-21T19:20:29.571Z,market,trade,TESTE,99971.02364570621,144,,,,BTG,XP,,,
2026-03-21T19:20:29.730Z,market,trade,TESTE,99963.74345555168,78,,,,UBS,JPM,,,
2026-03-21T19:20:29.880Z,market,trade,TESTE,99971.81342107535,124,,,,CS,CS,,,
2026-03-21T19:20:30.032Z,market,trade,TESTE,99961.90805987777,111,,,,CITI,UBS,,,
2026-03-21T19:20:30.184Z,market,trade,TESTE,99970.00397097557,175,,,,CS,ITAU,,,
2026-03-21T19:20:30.347Z,market,trade,TESTE,99963.66832857377,23,,,,JPM,ITAU,,,
2026-03-21T19:20:30.499Z,market,trade,TESTE,99978.12635197454,128,,,,GOLDM,BARCL,,,
2026-03-21T19:20:30.650Z,market,trade,TESTE,99976.10863098761,27,,,,CS,BARCL,,,
2026-03-21T19:20:30.800Z,market,trade,TESTE,99970.83432164512,109,,,,XP,BTG,,,
2026-03-21T19:20:30.957Z,market,trade,TESTE,99974.15970728052,45,,,,CS,CITI,,,
2026-03-21T19:20:31.122Z,market,trade,TESTE,99989.03315185368,126,,,,JPM,MS,,,
2026-03-21T19:20:31.285Z,market,trade,TESTE,99979.26814287156,116,,,,UBS,XP,,,
2026-03-21T19:20:31.437Z,market,trade,TESTE,99992.05857255634,26,,,,BARCL,MS,,,
2026-03-21T19:20:31.601Z,market,trade,TESTE,99992.07074896117,79,,,,UBS,ITAU,,,
2026-03-21T19:20:31.767Z,market,trade,TESTE,99979.10582699208,99,,,,XP,GOLDM,,,
2026-03-21T19:20:31.919Z,market,trade,TESTE,99977.45185650299,161,,,,UBS,BARCL,,,
2026-03-21T19:20:32.070Z,market,trade,TESTE,99973.46645150495,14,,,,XP,XP,,,
2026-03-21T19:20:32.233Z,market,trade,TESTE,99986.84259730575,132,,,,ITAU,XP,,,
2026-03-21T19:20:32.385Z,market,trade,TESTE,99986.07752325853,168,,,,BTG,UBS,,,
2026-03-21T19:20:32.550Z,market,trade,TESTE,99987.14032476714,103,,,,UBS,CS,,,
2026-03-21T19:20:32.701Z,market,trade,TESTE,99978.02951437258,56,,,,UBS,JPM,,,
2026-03-21T19:20:32.853Z,market,trade,TESTE,99983.09924806576,72,,,,ITAU,CITI,,,
2026-03-21T19:20:33.004Z,market,trade,TESTE,99977.63166047403,133,,,,JPM,JPM,,,
2026-03-21T19:20:33.166Z,market,trade,TESTE,99977.23975560875,172,,,,GOLDM,GOLDM,,,
2026-03-21T19:20:33.317Z,market,trade,TESTE,99981.78946500768,129,,,,MS,BARCL,,,
2026-03-21T19:20:33.469Z,market,trade,TESTE,99982.790381981,172,,,,XP,UBS,,,
2026-03-21T19:20:33.629Z,market,trade,TESTE,99978.16344939424,59,,,,XP,CS,,,
2026-03-21T19:20:33.782Z,market,trade,TESTE,99987.46044162328,129,,,,GOLDM,UBS,,,
2026-03-21T19:20:33.933Z,market,trade,TESTE,99990.3270747286,136,,,,UBS,ITAU,,,
2026-03-21T19:20:34.084Z,market,trade,TESTE,99976.47682530181,172,,,,BTG,CS,,,
2026-03-21T19:20:34.236Z,market,trade,TESTE,99988.62916870066,122,,,,ITAU,CITI,,,
2026-03-21T19:20:34.399Z,market,trade,TESTE,99980.26898733046,130,,,,CS,XP,,,
2026-03-21T19:20:34.569Z,market,trade,TESTE,99990.97715734047,179,,,,XP,UBS,,,
2026-03-21T19:20:34.733Z,market,trade,TESTE,99977.88518915806,6,,,,BARCL,CS,,,
2026-03-21T19:20:34.889Z,market,trade,TESTE,99973.75723086293,130,,,,CITI,BARCL,,,
2026-03-21T19:20:35.049Z,market,trade,TESTE,99984.08373889302,151,,,,UBS,CS,,,
2026-03-21T19:20:35.211Z,market,trade,TESTE,99976.90321102877,178,,,,UBS,MS,,,
2026-03-21T19:20:35.365Z,market,trade,TESTE,99991.64139923807,76,,,,JPM,GOLDM,,,
2026-03-21T19:20:35.517Z,market,trade,TESTE,99993.89535796575,106,,,,JPM,CITI,,,
2026-03-21T19:20:35.670Z,market,trade,TESTE,99984.20066187186,58,,,,CS,BTG,,,
2026-03-21T19:20:35.829Z,market,trade,TESTE,99996.97063075911,94,,,,BARCL,BTG,,,
2026-03-21T19:20:35.981Z,market,trade,TESTE,99989.66867683055,189,,,,ITAU,CITI,,,
2026-03-21T19:20:36.134Z,market,trade,TESTE,99996.44181128914,36,,,,BARCL,BARCL,,,
2026-03-21T19:20:36.301Z,market,trade,TESTE,99981.97637231431,57,,,,JPM,CS,,,
2026-03-21T19:20:36.464Z,market,trade,TESTE,99985.3580910016,120,,,,CITI,CS,,,
2026-03-21T19:20:36.615Z,market,trade,TESTE,99997.0525198179,101,,,,BTG,ITAU,,,
2026-03-21T19:20:36.767Z,market,trade,TESTE,99987.20457033753,41,,,,XP,JPM,,,
2026-03-21T19:20:36.924Z,market,trade,TESTE,99998.50266095303,107,,,,BARCL,CS,,,
2026-03-21T19:20:37.081Z,market,trade,TESTE,99991.09683288708,150,,,,CITI,BARCL,,,
2026-03-21T19:20:37.233Z,market,trade,TESTE,100005.58270551276,195,,,,UBS,CITI,,,
2026-03-21T19:20:37.400Z,market,trade,TESTE,99990.89699658973,74,,,,JPM,ITAU,,,
2026-03-21T19:20:37.552Z,market,trade,TESTE,99998.12526770179,118,,,,UBS,BARCL,,,
2026-03-21T19:20:37.715Z,market,trade,TESTE,100000.5409935834,133,,,,ITAU,ITAU,,,
2026-03-21T19:20:37.866Z,market,trade,TESTE,100004.56560441956,88,,,,JPM,MS,,,
2026-03-21T19:20:38.031Z,market,trade,TESTE,99992.14689679965,153,,,,BTG,XP,,,
2026-03-21T19:20:38.196Z,market,trade,TESTE,100002.64111299955,54,,,,BARCL,ITAU,,,
2026-03-21T19:20:38.350Z,market,trade,TESTE,100005.89749602828,39,,,,MS,GOLDM,,,
2026-03-21T19:20:38.506Z,market,trade,TESTE,100000.50356950038,34,,,,JPM,CS,,,
2026-03-21T19:20:38.662Z,market,trade,TESTE,100010.141638302,101,,,,JPM,XP,,,
2026-03-21T19:20:38.815Z,market,trade,TESTE,99999.24820881429,82,,,,GOLDM,MS,,,
2026-03-21T19:20:38.966Z,market,trade,TESTE,100011.60967783553,41,,,,CITI,BTG,,,
2026-03-21T19:20:39.116Z,market,trade,TESTE,100014.52940405195,131,,,,UBS,JPM,,,
2026-03-21T19:20:39.267Z,market,trade,TESTE,100005.7323666223,83,,,,CITI,UBS,,,
2026-03-21T19:20:39.420Z,market,trade,TESTE,100001.81834788162,78,,,,MS,XP,,,
2026-03-21T19:20:39.587Z,market,trade,TESTE,100015.28165548411,110,,,,CITI,JPM,,,
2026-03-21T19:20:39.749Z,market,trade,TESTE,100003.27088590215,129,,,,XP,ITAU,,,
2026-03-21T19:20:39.909Z,market,trade,TESTE,100018.21850801997,61,,,,BTG,XP,,,
2026-03-21T19:20:40.061Z,market,trade,TESTE,100005.93783231931,144,,,,BTG,CITI,,,
2026-03-21T19:20:40.224Z,market,trade,TESTE,100001.61270644862,118,,,,BARCL,BTG,,,
2026-03-21T19:20:40.383Z,market,trade,TESTE,100014.8181242984,142,,,,XP,JPM,,,
2026-03-21T19:20:40.550Z,market,trade,TESTE,100001.71832406045,123,,,,JPM,GOLDM,,,
2026-03-21T19:20:40.715Z,market,trade,TESTE,100010.97957584722,42,,,,CITI,GOLDM,,,
2026-03-21T19:20:40.871Z,market,trade,TESTE,99998.19266923933,195,,,,GOLDM,GOLDM,,,
2026-03-21T19:20:41.032Z,market,trade,TESTE,99997.28441754592,128,,,,MS,BTG,,,
2026-03-21T19:20:41.185Z,market,trade,TESTE,100000.66259961388,30,,,,GOLDM,BTG,,,
2026-03-21T19:20:41.349Z,market,trade,TESTE,100007.45379641397,162,,,,BARCL,ITAU,,,
2026-03-21T19:20:41.500Z,market,trade,TESTE,99998.9025675565,43,,,,BARCL,JPM,,,
2026-03-21T19:20:41.665Z,market,trade,TESTE,99996.6668689381,106,,,,XP,ITAU,,,
2026-03-21T19:20:41.818Z,market,trade,TESTE,99998.83787228298,164,,,,BARCL,JPM,,,
2026-03-21T19:20:41.977Z,market,trade,TESTE,100012.20728853624,37,,,,ITAU,BTG,,,
2026-03-21T19:20:42.132Z,market,trade,TESTE,100010.51263502736,44,,,,JPM,BARCL,,,
2026-03-21T19:20:42.283Z,market,trade,TESTE,100013.17997622085,43,,,,XP,CS,,,
2026-03-21T19:20:42.450Z,market,trade,TESTE,100007.42099151139,118,,,,XP,UBS,,,
2026-03-21T19:20:42.614Z,market,trade,TESTE,100007.28815732639,19,,,,XP,XP,,,
2026-03-21T19:20:42.765Z,market,trade,TESTE,100002.49765362777,124,,,,CITI,BARCL,,,
2026-03-21T19:20:42.917Z,market,trade,TESTE,100015.83474078155,33,,,,BARCL,XP,,,
2026-03-21T19:20:43.071Z,market,trade,TESTE,100008.43465821673,94,,,,CITI,GOLDM,,,
2026-03-21T19:20:43.232Z,market,trade,TESTE,100010.87214756035,123,,,,XP,GOLDM,,,
2026-03-21T19:20:43.384Z,market,trade,TESTE,100008.92345126897,184,,,,XP,BARCL,,,
2026-03-21T19:20:43.535Z,market,trade,TESTE,100006.34054444535,196,,,,ITAU,XP,,,
2026-03-21T19:20:43.698Z,market,trade,TESTE,100017.08205014918,179,,,,CS,JPM,,,
2026-03-21T19:20:43.849Z,market,trade,TESTE,100010.4152487886,8,,,,CITI,CITI,,,
2026-03-21T19:20:44.000Z,market,trade,TESTE,100019.88977646134,64,,,,UBS,MS,,,
2026-03-21T19:20:44.151Z,market,trade,TESTE,100010.88657434336,30,,,,CS,JPM,,,
2026-03-21T19:20:44.316Z,market,trade,TESTE,100008.86527616088,65,,,,BTG,XP,,,
2026-03-21T19:20:44.467Z,market,trade,TESTE,100006.76368317574,36,,,,BTG,GOLDM,,,
2026-03-21T19:20:44.631Z,market,trade,TESTE,100015.91881000604,148,,,,XP,UBS,,,
2026-03-21T19:20:44.782Z,market,trade,TESTE,100017.21536026773,44,,,,XP,XP,,,
2026-03-21T19:20:44.934Z,market,trade,TESTE,100020.94822604967,92,,,,BTG,CITI,,,
2026-03-21T19:20:45.099Z,market,trade,TESTE,100009.26410541614,53,,,,BTG,BARCL,,,
2026-03-21T19:20:45.264Z,market,trade,TESTE,100021.08265893356,38,,,,UBS,UBS,,,
2026-03-21T19:20:45.416Z,market,trade,TESTE,100014.04796631103,140,,,,UBS,MS,,,
2026-03-21T19:20:45.569Z,market,trade,TESTE,100018.82707680069,72,,,,GOLDM,UBS,,,
2026-03-21T19:20:45.734Z,market,trade,TESTE,100021.64312292312,131,,,,BARCL,MS,,,
2026-03-21T19:20:45.898Z,market,trade,TESTE,100031.36910617769,11,,,,XP,XP,,,
2026-03-21T19:20:46.052Z,market,trade,TESTE,100030.51364792278,26,,,,CS,CS,,,
2026-03-21T19:20:46.211Z,market,trade,TESTE,100033.92083927506,147,,,,CITI,UBS,,,
2026-03-21T19:20:46.368Z,market,trade,TESTE,100033.84976469785,45,,,,GOLDM,CS,,,
2026-03-21T19:20:46.528Z,market,trade,TESTE,100035.81943469949,14,,,,CITI,UBS,,,
2026-03-21T19:20:46.685Z,market,trade,TESTE,100027.7639352511,193,,,,MS,CITI,,,
2026-03-21T19:20:46.849Z,market,trade,TESTE,100034.35520866148,96,,,,BARCL,CS,,,
2026-03-21T19:20:47.011Z,market,trade,TESTE,100027.1740059173,91,,,,UBS,BARCL,,,
2026-03-21T19:20:47.166Z,market,trade,TESTE,100032.39527424528,147,,,,BTG,CS,,,
2026-03-21T19:20:47.319Z,market,trade,TESTE,100020.86449144321,136,,,,BTG,ITAU,,,
2026-03-21T19:20:47.474Z,market,trade,TESTE,100029.9153979272,60,,,,ITAU,CITI,,,
2026-03-21T19:20:47.634Z,market,trade,TESTE,100029.5268953891,23,,,,MS,MS,,,
2026-03-21T19:20:47.788Z,market,trade,TESTE,100033.30465579568,83,,,,CS,GOLDM,,,
2026-03-21T19:20:47.950Z,market,trade,TESTE,100023.39619455342,91,,,,MS,GOLDM,,,
2026-03-21T19:20:48.106Z,market,trade,TESTE,100024.04402372394,34,,,,CS,GOLDM,,,
2026-03-21T19:20:48.257Z,market,trade,TESTE,100025.50401343766,20,,,,JPM,GOLDM,,,
2026-03-21T19:20:48.415Z,market,trade,TESTE,100023.15554935418,149,,,,JPM,JPM,,,
2026-03-21T19:20:48.566Z,market,trade,TESTE,100029.97431755462,26,,,,MS,GOLDM,,,
2026-03-21T19:20:48.717Z,market,trade,TESTE,100019.14208789966,7,,,,ITAU,GOLDM,,,
2026-03-21T19:20:48.884Z,market,trade,TESTE,100014.85763207788,177,,,,BARCL,MS,,,
2026-03-21T19:20:49.040Z,market,trade,TESTE,100021.13587501121,76,,,,CS,GOLDM,,,
2026-03-21T19:20:49.199Z,market,trade,TESTE,100013.58074484637,155,,,,CITI,ITAU,,,
2026-03-21T19:20:49.364Z,market,trade,TESTE,100027.51672218238,64,,,,XP,CITI,,,
2026-03-21T19:20:49.515Z,market,trade,TESTE,100028.20070979136,38,,,,GOLDM,UBS,,,
2026-03-21T19:20:49.679Z,market,trade,TESTE,100022.91024681264,84,,,,BTG,ITAU,,,
2026-03-21T19:20:49.832Z,market,trade,TESTE,100018.73155453072,137,,,,CS,ITAU,,,
2026-03-21T19:20:49.982Z,market,trade,TESTE,100014.80385743528,159,,,,JPM,BARCL,,,
2026-03-21T19:20:50.147Z,market,trade,TESTE,100012.71081267571,55,,,,JPM,CS,,,
2026-03-21T19:20:50.297Z,market,trade,TESTE,100014.42099316804,36,,,,MS,MS,,,
2026-03-21T19:20:50.454Z,market,trade,TESTE,100028.5718275785,159,,,,CS,UBS,,,
2026-03-21T19:20:50.620Z,market,trade,TESTE,100030.6174412924,151,,,,UBS,CS,,,
2026-03-21T19:20:50.800Z,market,trade,TESTE,100019.10634608337,92,,,,ITAU,ITAU,,,
2026-03-21T19:20:50.966Z,market,trade,TESTE,100015.59280107902,113,,,,CITI,ITAU,,,
2026-03-21T19:20:51.122Z,market,trade,TESTE,100016.19926233128,164,,,,GOLDM,CS,,,
2026-03-21T19:20:51.282Z,market,trade,TESTE,100018.46539924534,100,,,,JPM,UBS,,,
2026-03-21T19:20:51.433Z,market,trade,TESTE,100029.36911005025,102,,,,JPM,GOLDM,,,
2026-03-21T19:20:51.584Z,market,trade,TESTE,100022.7564684755,125,,,,BARCL,GOLDM,,,
2026-03-21T19:20:51.749Z,market,trade,TESTE,100034.07184780543,181,,,,CITI,ITAU,,,
2026-03-21T19:20:51.900Z,market,trade,TESTE,100027.3742455299,122,,,,ITAU,BTG,,,
2026-03-21T19:20:52.065Z,market,trade,TESTE,100025.39508310055,88,,,,ITAU,CS,,,
2026-03-21T19:20:52.227Z,market,trade,TESTE,100025.07432528993,37,,,,MS,BTG,,,
2026-03-21T19:20:52.381Z,market,trade,TESTE,100034.34628014243,48,,,,XP,BTG,,,
2026-03-21T19:20:52.532Z,market,trade,TESTE,100028.17843187241,149,,,,XP,CITI,,,
2026-03-21T19:20:52.693Z,market,trade,TESTE,100033.44999549138,104,,,,MS,CS,,,
2026-03-21T19:20:52.850Z,market,trade,TESTE,100023.41127388495,16,,,,BTG,BARCL,,,
2026-03-21T19:20:53.011Z,market,trade,TESTE,100029.68438453645,42,,,,CITI,MS,,,
2026-03-21T19:20:53.166Z,market,trade,TESTE,100015.69982619533,152,,,,CS,ITAU,,,
2026-03-21T19:20:53.326Z,market,trade,TESTE,100012.39020097864,136,,,,MS,BTG,,,
2026-03-21T19:20:53.478Z,market,trade,TESTE,100007.82949412569,72,,,,MS,JPM,,,
2026-03-21T19:20:53.636Z,market,trade,TESTE,100004.11306231284,163,,,,ITAU,BTG,,,
2026-03-21T19:20:53.799Z,market,trade,TESTE,100012.0860109962,92,,,,BTG,CITI,,,
2026-03-21T19:20:53.956Z,market,trade,TESTE,99999.55660961095,116,,,,MS,BARCL,,,
2026-03-21T19:20:54.119Z,market,trade,TESTE,100000.5676566095,166,,,,BTG,CITI,,,
2026-03-21T19:20:54.285Z,market,trade,TESTE,100010.17229242,77,,,,BTG,XP,,,
2026-03-21T19:20:54.448Z,market,trade,TESTE,100013.60493850398,108,,,,MS,CS,,,
2026-03-21T19:20:54.600Z,market,trade,TESTE,100000.81391916735,6,,,,MS,BARCL,,,
2026-03-21T19:20:54.755Z,market,trade,TESTE,100013.61793737023,152,,,,BTG,ITAU,,,
2026-03-21T19:20:54.920Z,market,trade,TESTE,100002.8467760282,163,,,,MS,BTG,,,
2026-03-21T19:20:55.077Z,market,trade,TESTE,100005.62076064965,166,,,,ITAU,UBS,,,
2026-03-21T19:20:55.232Z,market,trade,TESTE,100004.87053525835,165,,,,MS,JPM,,,
