ts,topic,type,ticker,price,qty,agent,rule,label,buy_agent,sell_agent,previous_delta,current_delta,agent_name
2026-03-27T13:03:43.219Z,market,trade,WINFUT,182720.0,4,,,,SANTANDER CORRETORA DE TITULOS E VALORES MOBILIARIOS S.A.,SANTANDER CORRETORA DE TITULOS E VALORES MOBILIARIOS S.A.,,,
2026-03-27T13:03:43.219Z,market,trade,WINFUT,182720.0,9,,,,GENIAL INSTITUCIONAL CCTVM S.A,GENIAL INSTITUCIONAL CCTVM S.A,,,
2026-03-27T13:03:43.219Z,market,trade,WINFUT,182720.0,1,,,,GENIAL INSTITUCIONAL CCTVM S.A,GENIAL INSTITUCIONAL CCTVM S.A,,,
2026-03-27T13:03:43.219Z,market,trade,WINFUT,182720.0,1,,,,XP Investimentos CCTVM S/A,XP Investimentos CCTVM S/A,,,
2026-03-27T13:03:43.219Z,market,trade,WINFUT,182720.0,1,,,,BTG Pactual CTVM S.A.,BTG Pactual CTVM S.A.,,,
2026-03-27T13:03:43.219Z,market,trade,WINFUT,182725.0,1,,,,SANTANDER CORRETORA DE TITULOS E VALORES MOBILIARIOS S.A.,SANTANDER CORRETORA DE TITULOS E VALORES MOBILIARIOS S.A.,,,
2026-03-27T13:03:43.220Z,market,trade,WINFUT,182720.0,1,,,,CM Capital Markets CCTVM LTDA,CM Capital Markets CCTVM LTDA,,,
2026-03-27T13:03:43.220Z,market,trade,WINFUT,182725.0,5,,,,IDEAL CTVM SA,IDEAL CTVM SA,,,
2026-03-27T13:03:43.220Z,market,trade,WINFUT,182725.0,1,,,,IDEAL CTVM SA,BTG Pactual CTVM S.A.,,,
2026-03-27T13:03:43.220Z,market,trade,WINFUT,182725.0,1,,,,IDEAL CTVM SA,BTG Pactual CTVM S.A.,,,
2026-03-27T13:03:43.220Z,market,trade,WINFUT,182725.0,1,,,,IDEAL CTVM SA,BTG Pactual CTVM S.A.,,,
2026-03-27T13:03:43.220Z,market,trade,WINFUT,182725.0,1,,,,IDEAL CTVM SA,AGORA CTVM S/A,,,
2026-03-27T13:03:43.220Z,market,trade,WINFUT,182725.0,1,,,,GENIAL INSTITUCIONAL CCTVM S.A,GENIAL INSTITUCIONAL CCTVM S.A,,,
2026-03-27T13:03:43.220Z,market,trade,WINFUT,182725.0,1,,,,GENIAL INSTITUCIONAL CCTVM S.A,GENIAL INSTITUCIONAL CCTVM S.A,,,
2026-03-27T13:03:43.220Z,market,trade,WINFUT,182725.0,1,,,,BTG Pactual CTVM S.A.,GOLDMAN SACHS DO BRASIL CTVM,,,
2026-03-27T13:03:43.220Z,market,trade,WINFUT,182725.0,3,,,,IDEAL CTVM SA,C6 CTVM LTDA,,,
2026-03-27T13:03:43.220Z,market,trade,WINFUT,182725.0,1,,,,XP Investimentos CCTVM S/A,XP Investimentos CCTVM S/A,,,
2026-03-27T13:03:43.220Z,market,trade,WINFUT,182725.0,2,,,,GENIAL INSTITUCIONAL CCTVM S.A,GENIAL INSTITUCIONAL CCTVM S.A,,,
2026-03-27T13:03:43.220Z,market,trade,WINFUT,182730.0,1,,,,BTG Pactual CTVM S.A.,BTG Pactual CTVM S.A.,,,
2026-03-27T13:03:43.220Z,market,trade,WINFUT,182730.0,1,,,,XP Investimentos CCTVM S/A,XP Investimentos CCTVM S/A,,,
2026-03-27T13:03:43.220Z,market,trade,WINFUT,182725.0,1,,,,IDEAL CTVM SA,XP Investimentos CCTVM S/A,,,
2026-03-27T13:03:43.220Z,market,trade,WINFUT,182730.0,3,,,,ATIVA INVESTIMENTOS S.A. CTCV,ATIVA INVESTIMENTOS S.A. CTCV,,,
2026-03-27T13:03:43.220Z,market,trade,WINFUT,182725.0,1,,,,XP Investimentos CCTVM S/A,XP Investimentos CCTVM S/A,,,
2026-03-27T13:03:43.220Z,market,trade,WINFUT,182725.0,1,,,,BTG Pactual CTVM S.A.,BTG Pactual CTVM S.A.,,,
2026-03-27T13:03:43.220Z,market,trade,WINFUT,182725.0,10,,,,XP Investimentos CCTVM S/A,XP Investimentos CCTVM S/A,,,
2026-03-27T13:03:43.220Z,market,trade,WINFUT,182725.0,6,,,,IDEAL CTVM SA,UBS BRASIL CCTVM S/A,,,
2026-03-27T13:03:43.220Z,market,trade,WINFUT,182725.0,1,,,,AGORA CTVM S/A,UBS BRASIL CCTVM S/A,,,
2026-03-27T13:03:43.221Z,market,trade,WINFUT,182725.0,1,,,,BTG Pactual CTVM S.A.,UBS BRASIL CCTVM S/A,,,
2026-03-27T13:03:43.221Z,market,trade,WINFUT,182725.0,4,,,,CM Capital Markets CCTVM LTDA,CM Capital Markets CCTVM LTDA,,,
2026-03-27T13:03:43.221Z,market,trade,WINFUT,182720.0,14,,,,BTG Pactual CTVM S.A.,BTG Pactual CTVM S.A.,,,
2026-03-27T13:03:43.221Z,market,trade,WINFUT,182720.0,2,,,,IDEAL CTVM SA,BTG Pactual CTVM S.A.,,,
2026-03-27T13:03:43.221Z,market,trade,WINFUT,182720.0,1,,,,BTG Pactual CTVM S.A.,BTG Pactual CTVM S.A.,,,
2026-03-27T13:03:43.221Z,market,trade,WINFUT,182720.0,9,,,,IDEAL CTVM SA,BTG Pactual CTVM S.A.,,,
2026-03-27T13:03:43.221Z,market,trade,WINFUT,182720.0,9,,,,IDEAL CTVM SA,BTG Pactual CTVM S.A.,,,
2026-03-27T13:03:43.221Z,market,trade,WINFUT,182720.0,1,,,,XP Investimentos CCTVM S/A,BTG Pactual CTVM S.A.,,,
2026-03-27T13:03:43.221Z,market,trade,WINFUT,182720.0,4,,,,XP Investimentos CCTVM S/A,BTG Pactual CTVM S.A.,,,
2026-03-27T13:03:43.222Z,market,trade,WINFUT,182720.0,1,,,,IDEAL CTVM SA,XP Investimentos CCTVM S/A,,,
2026-03-27T13:03:43.222Z,market,trade,WINFUT,182725.0,2,,,,BTG Pactual CTVM S.A.,BTG Pactual CTVM S.A.,,,
2026-03-27T13:03:43.222Z,market,trade,WINFUT,182720.0,1,,,,BTG Pactual CTVM S.A.,BTG Pactual CTVM S.A.,,,
2026-03-27T13:03:43.222Z,market,trade,WINFUT,182725.0,1,,,,BTG Pactual CTVM S.A.,BTG Pactual CTVM S.A.,,,
2026-03-27T13:03:43.222Z,market,trade,WINFUT,182720.0,1,,,,XP Investimentos CCTVM S/A,XP Investimentos CCTVM S/A,,,
2026-03-27T13:03:43.222Z,market,trade,WINFUT,182725.0,2,,,,CM Capital Markets CCTVM LTDA,IDEAL CTVM SA,,,
2026-03-27T13:03:43.222Z,market,trade,WINFUT,182725.0,1,,,,CM Capital Markets CCTVM LTDA,AGORA CTVM S/A,,,
2026-03-27T13:03:43.222Z,market,trade,WINFUT,182725.0,1,,,,CM Capital Markets CCTVM LTDA,BTG Pactual CTVM S.A.,,,
2026-03-27T13:03:43.222Z,market,trade,WINFUT,182725.0,3,,,,CM Capital Markets CCTVM LTDA,IDEAL CTVM SA,,,
2026-03-27T13:03:43.222Z,market,trade,WINFUT,182725.0,18,,,,CM Capital Markets CCTVM LTDA,UBS BRASIL CCTVM S/A,,,
2026-03-27T13:03:43.268Z,market,trade,WINFUT,182725.0,3,,,,BTG Pactual CTVM S.A.,BTG Pactual CTVM S.A.,,,
2026-03-27T13:03:43.349Z,market,trade,WINFUT,182720.0,1,,,,XP Investimentos CCTVM S/A,GENIAL INSTITUCIONAL CCTVM S.A,,,
2026-03-27T13:03:43.349Z,market,trade,WINFUT,182725.0,1,,,,XP Investimentos CCTVM S/A,XP Investimentos CCTVM S/A,,,
2026-03-27T13:03:43.349Z,market,trade,WINFUT,182725.0,2,,,,XP Investimentos CCTVM S/A,XP Investimentos CCTVM S/A,,,
2026-03-27T13:03:43.350Z,market,trade,WINFUT,182720.0,1,,,,SANTANDER CORRETORA DE TITULOS E VALORES MOBILIARIOS S.A.,SANTANDER CORRETORA DE TITULOS E VALORES MOBILIARIOS S.A.,,,
2026-03-27T13:03:43.350Z,market,trade,WINFUT,182720.0,3,,,,BTG Pactual CTVM S.A.,BTG Pactual CTVM S.A.,,,
2026-03-27T13:03:43.424Z,market,trade,WINFUT,182720.0,2,,,,SANTANDER CORRETORA DE TITULOS E VALORES MOBILIARIOS S.A.,SANTANDER CORRETORA DE TITULOS E VALORES MOBILIARIOS S.A.,,,
2026-03-27T13:03:43.424Z,market,trade,WINFUT,182725.0,1,,,,GENIAL INSTITUCIONAL CCTVM S.A,BTG Pactual CTVM S.A.,,,
2026-03-27T13:03:43.424Z,market,trade,WINFUT,182720.0,2,,,,BTG Pactual CTVM S.A.,BTG Pactual CTVM S.A.,,,
2026-03-27T13:03:43.424Z,market,trade,WINFUT,182725.0,1,,,,IDEAL CTVM SA,AGORA CTVM S/A,,,
2026-03-27T13:03:43.462Z,market,trade,WINFUT,182725.0,1,,,,XP Investimentos CCTVM S/A,XP Investimentos CCTVM S/A,,,
2026-03-27T13:03:43.476Z,market,trade,WINFUT,182725.0,5,,,,GENIAL INSTITUCIONAL CCTVM S.A,GENIAL INSTITUCIONAL CCTVM S.A,,,
2026-03-27T13:03:43.476Z,market,trade,WINFUT,182725.0,2,,,,GENIAL INSTITUCIONAL CCTVM S.A,GENIAL INSTITUCIONAL CCTVM S.A,,,
2026-03-27T13:03:43.476Z,market,trade,WINFUT,182730.0,1,,,,IDEAL CTVM SA,BTG Pactual CTVM S.A.,,,
2026-03-27T13:03:43.476Z,market,trade,WINFUT,182730.0,1,,,,IDEAL CTVM SA,BTG Pactual CTVM S.A.,,,
2026-03-27T13:03:43.476Z,market,trade,WINFUT,182730.0,1,,,,IDEAL CTVM SA,BTG Pactual CTVM S.A.,,,
2026-03-27T13:03:43.501Z,market,trade,WINFUT,182730.0,6,,,,XP Investimentos CCTVM S/A,XP Investimentos CCTVM S/A,,,
2026-03-27T13:03:43.501Z,market,trade,WINFUT,182730.0,1,,,,BTG Pactual CTVM S.A.,BTG Pactual CTVM S.A.,,,
2026-03-27T13:03:43.596Z,market,trade,WINFUT,182730.0,1,,,,BTG Pactual CTVM S.A.,XP Investimentos CCTVM S/A,,,
2026-03-27T13:03:43.596Z,market,trade,WINFUT,182730.0,9,,,,IDEAL CTVM SA,XP Investimentos CCTVM S/A,,,
2026-03-27T13:03:43.596Z,market,trade,WINFUT,182735.0,5,,,,XP Investimentos CCTVM S/A,XP Investimentos CCTVM S/A,,,
2026-03-27T13:03:43.596Z,market,trade,WINFUT,182730.0,5,,,,XP Investimentos CCTVM S/A,XP Investimentos CCTVM S/A,,,
2026-03-27T13:03:43.639Z,market,trade,WINFUT,182735.0,1,,,,SANTANDER CORRETORA DE TITULOS E VALORES MOBILIARIOS S.A.,SANTANDER CORRETORA DE TITULOS E VALORES MOBILIARIOS S.A.,,,
2026-03-27T13:03:43.639Z,market,trade,WINFUT,182730.0,1,,,,GENIAL INSTITUCIONAL CCTVM S.A,GENIAL INSTITUCIONAL CCTVM S.A,,,
2026-03-27T13:03:43.639Z,market,trade,WINFUT,182730.0,1,,,,XP Investimentos CCTVM S/A,XP Investimentos CCTVM S/A,,,
2026-03-27T13:03:43.652Z,market,trade,WINFUT,182735.0,1,,,,GENIAL INSTITUCIONAL CCTVM S.A,AGORA CTVM S/A,,,
2026-03-27T13:03:43.652Z,market,trade,WINFUT,182735.0,1,,,,GENIAL INSTITUCIONAL CCTVM S.A,BTG Pactual CTVM S.A.,,,
2026-03-27T13:03:43.653Z,market,trade,WINFUT,182735.0,5,,,,GENIAL INSTITUCIONAL CCTVM S.A,NOVA FUTURA CTVM LTDA,,,
2026-03-27T13:03:43.653Z,market,trade,WINFUT,182735.0,5,,,,GENIAL INSTITUCIONAL CCTVM S.A,NOVA FUTURA CTVM LTDA,,,
2026-03-27T13:03:43.653Z,market,trade,WINFUT,182735.0,5,,,,GENIAL INSTITUCIONAL CCTVM S.A,NOVA FUTURA CTVM LTDA,,,
2026-03-27T13:03:43.654Z,market,trade,WINFUT,182735.0,1,,,,GENIAL INSTITUCIONAL CCTVM S.A,AGORA CTVM S/A,,,
2026-03-27T13:03:43.654Z,market,trade,WINFUT,182735.0,1,,,,GENIAL INSTITUCIONAL CCTVM S.A,BTG Pactual CTVM S.A.,,,
2026-03-27T13:03:43.654Z,market,trade,WINFUT,182735.0,1,,,,GENIAL INSTITUCIONAL CCTVM S.A,AGORA CTVM S/A,,,
2026-03-27T13:03:43.654Z,market,trade,WINFUT,182735.0,1,,,,GENIAL INSTITUCIONAL CCTVM S.A,BTG Pactual CTVM S.A.,,,
2026-03-27T13:03:43.654Z,market,trade,WINFUT,182735.0,3,,,,GENIAL INSTITUCIONAL CCTVM S.A,XP Investimentos CCTVM S/A,,,
2026-03-27T13:03:43.654Z,market,trade,WINFUT,182735.0,1,,,,GENIAL INSTITUCIONAL CCTVM S.A,AGORA CTVM S/A,,,
2026-03-27T13:03:43.654Z,market,trade,WINFUT,182735.0,6,,,,GENIAL INSTITUCIONAL CCTVM S.A,BTG Pactual CTVM S.A.,,,
2026-03-27T13:03:43.655Z,market,trade,WINFUT,182740.0,1,,,,GENIAL INSTITUCIONAL CCTVM S.A,GENIAL INSTITUCIONAL CCTVM S.A,,,
2026-03-27T13:03:43.655Z,market,trade,WINFUT,182740.0,1,,,,GENIAL INSTITUCIONAL CCTVM S.A,BTG Pactual CTVM S.A.,,,
2026-03-27T13:03:43.655Z,market,trade,WINFUT,182740.0,7,,,,GENIAL INSTITUCIONAL CCTVM S.A,UBS BRASIL CCTVM S/A,,,
2026-03-27T13:03:43.681Z,market,trade,WINFUT,182735.0,3,,,,XP Investimentos CCTVM S/A,XP Investimentos CCTVM S/A,,,
2026-03-27T13:03:43.681Z,market,trade,WINFUT,182735.0,4,,,,XP Investimentos CCTVM S/A,XP Investimentos CCTVM S/A,,,
2026-03-27T13:03:43.682Z,market,trade,WINFUT,182735.0,1,,,,BTG Pactual CTVM S.A.,XP Investimentos CCTVM S/A,,,
2026-03-27T13:03:43.786Z,market,trade,WINFUT,182735.0,1,,,,XP Investimentos CCTVM S/A,XP Investimentos CCTVM S/A,,,
2026-03-27T13:03:43.848Z,market,trade,WINFUT,182740.0,1,,,,XP Investimentos CCTVM S/A,XP Investimentos CCTVM S/A,,,
2026-03-27T13:03:43.849Z,market,trade,WINFUT,182740.0,1,,,,BTG Pactual CTVM S.A.,BTG Pactual CTVM S.A.,,,
2026-03-27T13:03:43.872Z,market,trade,WINFUT,182740.0,4,,,,BTG Pactual CTVM S.A.,BTG Pactual CTVM S.A.,,,
2026-03-27T13:03:44.017Z,market,trade,WINFUT,182735.0,1,,,,SANTANDER CORRETORA DE TITULOS E VALORES MOBILIARIOS S.A.,SANTANDER CORRETORA DE TITULOS E VALORES MOBILIARIOS S.A.,,,
2026-03-27T13:03:44.018Z,market,trade,WINFUT,182735.0,2,,,,GENIAL INSTITUCIONAL CCTVM S.A,GENIAL INSTITUCIONAL CCTVM S.A,,,
2026-03-27T13:03:44.018Z,market,trade,WINFUT,182735.0,1,,,,XP Investimentos CCTVM S/A,XP Investimentos CCTVM S/A,,,
2026-03-27T13:03:44.018Z,market,trade,WINFUT,182740.0,3,,,,BTG Pactual CTVM S.A.,BTG Pactual CTVM S.A.,,,
2026-03-27T13:03:44.019Z,market,trade,WINFUT,182735.0,1,,,,AGORA CTVM S/A,IDEAL CTVM SA,,,
2026-03-27T13:03:44.019Z,market,trade,WINFUT,182735.0,1,,,,BTG Pactual CTVM S.A.,IDEAL CTVM SA,,,
2026-03-27T13:03:44.019Z,market,trade,WINFUT,182730.0,1,,,,BTG Pactual CTVM S.A.,IDEAL CTVM SA,,,
2026-03-27T13:03:44.019Z,market,trade,WINFUT,182730.0,1,,,,BTG Pactual CTVM S.A.,IDEAL CTVM SA,,,
2026-03-27T13:03:44.019Z,market,trade,WINFUT,182730.0,5,,,,IDEAL CTVM SA,IDEAL CTVM SA,,,
2026-03-27T13:03:44.019Z,market,trade,WINFUT,182730.0,1,,,,BTG Pactual CTVM S.A.,IDEAL CTVM SA,,,
2026-03-27T13:03:44.035Z,market,trade,WINFUT,182730.0,1,,,,Elliot-Warren,IDEAL CTVM SA,,,
2026-03-27T13:03:44.036Z,market,trade,WINFUT,182725.0,3,,,,GENIAL INSTITUCIONAL CCTVM S.A,GENIAL INSTITUCIONAL CCTVM S.A,,,
2026-03-27T13:03:44.036Z,market,trade,WINFUT,182730.0,1,,,,IDEAL CTVM SA,BTG Pactual CTVM S.A.,,,
2026-03-27T13:03:44.058Z,market,trade,WINFUT,182735.0,2,,,,XP Investimentos CCTVM S/A,XP Investimentos CCTVM S/A,,,
2026-03-27T13:03:44.058Z,market,trade,WINFUT,182730.0,5,,,,XP Investimentos CCTVM S/A,XP Investimentos CCTVM S/A,,,
2026-03-27T13:03:44.058Z,market,trade,WINFUT,182730.0,1,,,,XP Investimentos CCTVM S/A,XP Investimentos CCTVM S/A,,,
2026-03-27T13:03:44.059Z,market,trade,WINFUT,182730.0,2,,,,XP Investimentos CCTVM S/A,XP Investimentos CCTVM S/A,,,
2026-03-27T13:03:44.091Z,market,trade,WINFUT,182730.0,5,,,,XP Investimentos CCTVM S/A,XP Investimentos CCTVM S/A,,,
2026-03-27T13:03:44.113Z,market,trade,WINFUT,182735.0,4,,,,GENIAL INSTITUCIONAL CCTVM S.A,GENIAL INSTITUCIONAL CCTVM S.A,,,
2026-03-27T13:03:44.113Z,market,trade,WINFUT,182730.0,6,,,,XP Investimentos CCTVM S/A,XP Investimentos CCTVM S/A,,,
2026-03-27T13:03:44.113Z,market,trade,WINFUT,182730.0,8,,,,IDEAL CTVM SA,J. P. MORGAN CCVM S.A.,,,
2026-03-27T13:03:44.169Z,market,trade,WINFUT,182735.0,1,,,,GENIAL INSTITUCIONAL CCTVM S.A,IDEAL CTVM SA,,,
2026-03-27T13:03:44.286Z,market,trade,WINFUT,182730.0,1,,,,XP Investimentos CCTVM S/A,XP Investimentos CCTVM S/A,,,
2026-03-27T13:03:44.287Z,market,trade,WINFUT,182730.0,10,,,,GENIAL INSTITUCIONAL CCTVM S.A,GENIAL INSTITUCIONAL CCTVM S.A,,,
2026-03-27T13:03:44.287Z,market,trade,WINFUT,182730.0,1,,,,SANTANDER CORRETORA DE TITULOS E VALORES MOBILIARIOS S.A.,SANTANDER CORRETORA DE TITULOS E VALORES MOBILIARIOS S.A.,,,
2026-03-27T13:03:44.287Z,market,trade,WINFUT,182735.0,1,,,,SANTANDER CORRETORA DE TITULOS E VALORES MOBILIARIOS S.A.,BTG Pactual CTVM S.A.,,,
2026-03-27T13:03:44.287Z,market,trade,WINFUT,182730.0,1,,,,SANTANDER CORRETORA DE TITULOS E VALORES MOBILIARIOS S.A.,SANTANDER CORRETORA DE TITULOS E VALORES MOBILIARIOS S.A.,,,
2026-03-27T13:03:44.287Z,market,trade,WINFUT,182735.0,1,,,,SANTANDER CORRETORA DE TITULOS E VALORES MOBILIARIOS S.A.,AGORA CTVM S/A,,,
2026-03-27T13:03:44.288Z,market,trade,WINFUT,182735.0,1,,,,SANTANDER CORRETORA DE TITULOS E VALORES MOBILIARIOS S.A.,BTG Pactual CTVM S.A.,,,
2026-03-27T13:03:44.289Z,market,trade,WINFUT,182735.0,1,,,,GENIAL INSTITUCIONAL CCTVM S.A,BTG Pactual CTVM S.A.,,,
2026-03-27T13:03:44.289Z,market,trade,WINFUT,182735.0,10,,,,GENIAL INSTITUCIONAL CCTVM S.A,XP Investimentos CCTVM S/A,,,
2026-03-27T13:03:44.289Z,market,trade,WINFUT,182735.0,1,,,,GENIAL INSTITUCIONAL CCTVM S.A,AGORA CTVM S/A,,,
2026-03-27T13:03:44.289Z,market,trade,WINFUT,182740.0,11,,,,GENIAL INSTITUCIONAL CCTVM S.A,UBS BRASIL CCTVM S/A,,,
2026-03-27T13:03:44.289Z,market,trade,WINFUT,182740.0,1,,,,GENIAL INSTITUCIONAL CCTVM S.A,BTG Pactual CTVM S.A.,,,
2026-03-27T13:03:44.289Z,market,trade,WINFUT,182740.0,1,,,,GENIAL INSTITUCIONAL CCTVM S.A,BTG Pactual CTVM S.A.,,,
2026-03-27T13:03:44.289Z,market,trade,WINFUT,182735.0,1,,,,BTG Pactual CTVM S.A.,GENIAL INSTITUCIONAL CCTVM S.A,,,
2026-03-27T13:03:44.290Z,market,trade,WINFUT,182730.0,1,,,,BTG Pactual CTVM S.A.,GENIAL INSTITUCIONAL CCTVM S.A,,,
2026-03-27T13:03:44.290Z,market,trade,WINFUT,182735.0,1,,,,XP Investimentos CCTVM S/A,XP Investimentos CCTVM S/A,,,
2026-03-27T13:03:44.321Z,market,trade,WINFUT,182740.0,4,,,,GENIAL INSTITUCIONAL CCTVM S.A,IDEAL CTVM SA,,,
2026-03-27T13:03:44.321Z,market,trade,WINFUT,182740.0,1,,,,GENIAL INSTITUCIONAL CCTVM S.A,BTG Pactual CTVM S.A.,,,
2026-03-27T13:03:44.321Z,market,trade,WINFUT,182740.0,5,,,,GENIAL INSTITUCIONAL CCTVM S.A,NOVA FUTURA CTVM LTDA,,,
2026-03-27T13:03:44.321Z,market,trade,WINFUT,182740.0,2,,,,GENIAL INSTITUCIONAL CCTVM S.A,NOVA FUTURA CTVM LTDA,,,
2026-03-27T13:03:44.321Z,market,trade,WINFUT,182740.0,2,,,,BTG Pactual CTVM S.A.,BTG Pactual CTVM S.A.,,,
2026-03-27T13:03:44.321Z,market,trade,WINFUT,182735.0,1,,,,BTG Pactual CTVM S.A.,BTG Pactual CTVM S.A.,,,
2026-03-27T13:03:44.321Z,market,trade,WINFUT,182735.0,1,,,,XP Investimentos CCTVM S/A,BTG Pactual CTVM S.A.,,,
2026-03-27T13:03:44.321Z,market,trade,WINFUT,182735.0,1,,,,AGORA CTVM S/A,BTG Pactual CTVM S.A.,,,
2026-03-27T13:03:44.322Z,market,trade,WINFUT,182735.0,1,,,,BTG Pactual CTVM S.A.,BTG Pactual CTVM S.A.,,,
2026-03-27T13:03:44.341Z,market,trade,WINFUT,182730.0,3,,,,UBS BRASIL CCTVM S/A,SANTANDER CORRETORA DE TITULOS E VALORES MOBILIARIOS S.A.,,,
2026-03-27T13:03:44.341Z,market,trade,WINFUT,182730.0,5,,,,XP Investimentos CCTVM S/A,XP Investimentos CCTVM S/A,,,
2026-03-27T13:03:44.341Z,market,trade,WINFUT,182735.0,5,,,,XP Investimentos CCTVM S/A,XP Investimentos CCTVM S/A,,,
2026-03-27T13:03:44.360Z,market,trade,WINFUT,182730.0,1,,,,XP Investimentos CCTVM S/A,XP Investimentos CCTVM S/A,,,
2026-03-27T13:03:44.360Z,market,trade,WINFUT,182730.0,1,,,,XP Investimentos CCTVM S/A,XP Investimentos CCTVM S/A,,,
2026-03-27T13:03:44.469Z,market,trade,WINFUT,182730.0,1,,,,XP Investimentos CCTVM S/A,XP Investimentos CCTVM S/A,,,
2026-03-27T13:03:44.478Z,market,trade,WINFUT,182735.0,4,,,,XP Investimentos CCTVM S/A,XP Investimentos CCTVM S/A,,,
2026-03-27T13:03:44.478Z,market,trade,WINFUT,182730.0,5,,,,INTER DTVM LTDA,INTER DTVM LTDA,,,
2026-03-27T13:03:44.485Z,market,trade,WINFUT,182730.0,1,,,,XP Investimentos CCTVM S/A,XP Investimentos CCTVM S/A,,,
2026-03-27T13:03:44.485Z,market,trade,WINFUT,182735.0,1,,,,BTG Pactual CTVM S.A.,BTG Pactual CTVM S.A.,,,
2026-03-27T13:03:44.584Z,market,trade,WINFUT,182735.0,1,,,,IDEAL CTVM SA,AGORA CTVM S/A,,,
2026-03-27T13:03:44.584Z,market,trade,WINFUT,182735.0,1,,,,IDEAL CTVM SA,BTG Pactual CTVM S.A.,,,
2026-03-27T13:03:44.584Z,market,trade,WINFUT,182735.0,1,,,,IDEAL CTVM SA,BTG Pactual CTVM S.A.,,,
2026-03-27T13:03:44.584Z,market,trade,WINFUT,182735.0,18,,,,IDEAL CTVM SA,UBS BRASIL CCTVM S/A,,,
2026-03-27T13:03:44.584Z,market,trade,WINFUT,182735.0,1,,,,IDEAL CTVM SA,AGORA CTVM S/A,,,
2026-03-27T13:03:44.584Z,market,trade,WINFUT,182740.0,1,,,,BTG Pactual CTVM S.A.,BTG Pactual CTVM S.A.,,,
2026-03-27T13:03:44.584Z,market,trade,WINFUT,182740.0,1,,,,XP Investimentos CCTVM S/A,XP Investimentos CCTVM S/A,,,
2026-03-27T13:03:44.584Z,market,trade,WINFUT,182740.0,1,,,,XP Investimentos CCTVM S/A,NOVA FUTURA CTVM LTDA,,,
2026-03-27T13:03:44.595Z,market,trade,WINFUT,182740.0,10,,,,XP Investimentos CCTVM S/A,XP Investimentos CCTVM S/A,,,
2026-03-27T13:03:44.596Z,market,trade,WINFUT,182735.0,8,,,,IDEAL CTVM SA,UBS BRASIL CCTVM S/A,,,
2026-03-27T13:03:44.596Z,market,trade,WINFUT,182735.0,7,,,,IDEAL CTVM SA,UBS BRASIL CCTVM S/A,,,
2026-03-27T13:03:44.596Z,market,trade,WINFUT,182735.0,1,,,,BTG Pactual CTVM S.A.,UBS BRASIL CCTVM S/A,,,
2026-03-27T13:03:44.596Z,market,trade,WINFUT,182735.0,2,,,,IDEAL CTVM SA,UBS BRASIL CCTVM S/A,,,
2026-03-27T13:03:44.596Z,market,trade,WINFUT,182735.0,1,,,,AGORA CTVM S/A,XP Investimentos CCTVM S/A,,,
2026-03-27T13:03:44.597Z,market,trade,WINFUT,182735.0,1,,,,BTG Pactual CTVM S.A.,XP Investimentos CCTVM S/A,,,
2026-03-27T13:03:44.597Z,market,trade,WINFUT,182730.0,1,,,,XP Investimentos CCTVM S/A,XP Investimentos CCTVM S/A,,,
2026-03-27T13:03:44.628Z,market,trade,WINFUT,182730.0,1,,,,BTG Pactual CTVM S.A.,BTG Pactual CTVM S.A.,,,
2026-03-27T13:03:44.628Z,market,trade,WINFUT,182730.0,1,,,,BTG Pactual CTVM S.A.,Elliot-Warren,,,
2026-03-27T13:03:44.628Z,market,trade,WINFUT,182735.0,1,,,,XP Investimentos CCTVM S/A,XP Investimentos CCTVM S/A,,,
2026-03-27T13:03:44.628Z,market,trade,WINFUT,182730.0,1,,,,BTG Pactual CTVM S.A.,XP Investimentos CCTVM S/A,,,
2026-03-27T13:03:44.629Z,market,trade,WINFUT,182730.0,2,,,,XP Investimentos CCTVM S/A,XP Investimentos CCTVM S/A,,,
2026-03-27T13:03:44.733Z,market,trade,WINFUT,182730.0,1,,,,XP Investimentos CCTVM S/A,XP Investimentos CCTVM S/A,,,
2026-03-27T13:03:44.733Z,market,trade,WINFUT,182735.0,1,,,,BTG Pactual CTVM S.A.,BTG Pactual CTVM S.A.,,,
2026-03-27T13:03:44.733Z,market,trade,WINFUT,182735.0,1,,,,BTG Pactual CTVM S.A.,BTG Pactual CTVM S.A.,,,
2026-03-27T13:03:44.733Z,market,trade,WINFUT,182735.0,1,,,,UBS BRASIL CCTVM S/A,AGORA CTVM S/A,,,
2026-03-27T13:03:44.734Z,market,trade,WINFUT,182735.0,1,,,,UBS BRASIL CCTVM S/A,BTG Pactual CTVM S.A.,,,
2026-03-27T13:03:44.774Z,market,trade,WINFUT,182740.0,1,,,,BTG Pactual CTVM S.A.,BTG Pactual CTVM S.A.,,,
2026-03-27T13:03:44.814Z,market,trade,WINFUT,182735.0,1,,,,AGORA CTVM S/A,UBS BRASIL CCTVM S/A,,,
2026-03-27T13:03:44.815Z,market,trade,WINFUT,182735.0,1,,,,BTG Pactual CTVM S.A.,UBS BRASIL CCTVM S/A,,,
2026-03-27T13:03:44.855Z,market,trade,WINFUT,182730.0,2,,,,CM Capital Markets CCTVM LTDA,CM Capital Markets CCTVM LTDA,,,
2026-03-27T13:03:44.879Z,market,trade,WINFUT,182735.0,1,,,,XP Investimentos CCTVM S/A,XP Investimentos CCTVM S/A,,,
2026-03-27T13:03:44.879Z,market,trade,WINFUT,182735.0,4,,,,SANTANDER CORRETORA DE TITULOS E VALORES MOBILIARIOS S.A.,UBS BRASIL CCTVM S/A,,,
2026-03-27T13:03:44.879Z,market,trade,WINFUT,182730.0,9,,,,Elliot-Warren,Elliot-Warren,,,
2026-03-27T13:03:44.879Z,market,trade,WINFUT,182735.0,2,,,,XP Investimentos CCTVM S/A,XP Investimentos CCTVM S/A,,,
2026-03-27T13:03:44.879Z,market,trade,WINFUT,182730.0,1,,,,XP Investimentos CCTVM S/A,GENIAL INSTITUCIONAL CCTVM S.A,,,
2026-03-27T13:03:44.880Z,market,trade,WINFUT,182730.0,1,,,,XP Investimentos CCTVM S/A,XP Investimentos CCTVM S/A,,,
2026-03-27T13:03:44.880Z,market,trade,WINFUT,182730.0,1,,,,XP Investimentos CCTVM S/A,XP Investimentos CCTVM S/A,,,
2026-03-27T13:03:44.897Z,market,trade,WINFUT,182730.0,1,,,,SANTANDER CORRETORA DE TITULOS E VALORES MOBILIARIOS S.A.,SANTANDER CORRETORA DE TITULOS E VALORES MOBILIARIOS S.A.,,,
2026-03-27T13:03:44.897Z,market,trade,WINFUT,182735.0,1,,,,XP Investimentos CCTVM S/A,XP Investimentos CCTVM S/A,,,
2026-03-27T13:03:44.897Z,market,trade,WINFUT,182735.0,12,,,,J. P. MORGAN CCVM S.A.,UBS BRASIL CCTVM S/A,,,
2026-03-27T13:03:44.897Z,market,trade,WINFUT,182735.0,1,,,,J. P. MORGAN CCVM S.A.,IDEAL CTVM SA,,,
2026-03-27T13:03:44.898Z,market,trade,WINFUT,182735.0,2,,,,AGORA CTVM S/A,IDEAL CTVM SA,,,
2026-03-27T13:03:44.898Z,market,trade,WINFUT,182735.0,1,,,,AGORA CTVM S/A,IDEAL CTVM SA,,,
2026-03-27T13:03:44.898Z,market,trade,WINFUT,182735.0,1,,,,AGORA CTVM S/A,IDEAL CTVM SA,,,
2026-03-27T13:03:44.898Z,market,trade,WINFUT,182735.0,2,,,,AGORA CTVM S/A,IDEAL CTVM SA,,,
2026-03-27T13:03:44.898Z,market,trade,WINFUT,182735.0,2,,,,AGORA CTVM S/A,IDEAL CTVM SA,,,
2026-03-27T13:03:44.898Z,market,trade,WINFUT,182735.0,1,,,,AGORA CTVM S/A,AGORA CTVM S/A,,,
2026-03-27T13:03:44.898Z,market,trade,WINFUT,182735.0,1,,,,AGORA CTVM S/A,IDEAL CTVM SA,,,
2026-03-27T13:03:44.898Z,market,trade,WINFUT,182735.0,7,,,,IDEAL CTVM SA,IDEAL CTVM SA,,,
2026-03-27T13:03:44.898Z,market,trade,WINFUT,182735.0,1,,,,IDEAL CTVM SA,BTG Pactual CTVM S.A.,,,
2026-03-27T13:03:44.898Z,market,trade,WINFUT,182735.0,7,,,,IDEAL CTVM SA,IDEAL CTVM SA,,,
2026-03-27T13:03:44.898Z,market,trade,WINFUT,182735.0,5,,,,IDEAL CTVM SA,IDEAL CTVM SA,,,
2026-03-27T13:03:44.898Z,market,trade,WINFUT,182735.0,2,,,,IDEAL CTVM SA,AGORA CTVM S/A,,,
2026-03-27T13:03:44.898Z,market,trade,WINFUT,182735.0,1,,,,IDEAL CTVM SA,AGORA CTVM S/A,,,
2026-03-27T13:03:44.901Z,market,trade,WINFUT,182735.0,1,,,,XP Investimentos CCTVM S/A,AGORA CTVM S/A,,,
2026-03-27T13:03:44.901Z,market,trade,WINFUT,182735.0,1,,,,BTG Pactual CTVM S.A.,XP Investimentos CCTVM S/A,,,
2026-03-27T13:03:44.901Z,market,trade,WINFUT,182735.0,4,,,,IDEAL CTVM SA,XP Investimentos CCTVM S/A,,,
2026-03-27T13:03:44.949Z,market,trade,WINFUT,182740.0,14,,,,BTG Pactual CTVM S.A.,BTG Pactual CTVM S.A.,,,
2026-03-27T13:03:44.949Z,market,trade,WINFUT,182740.0,2,,,,BTG Pactual CTVM S.A.,NOVA FUTURA CTVM LTDA,,,
2026-03-27T13:03:44.949Z,market,trade,WINFUT,182740.0,5,,,,BTG Pactual CTVM S.A.,NOVA FUTURA CTVM LTDA,,,
2026-03-27T13:03:44.949Z,market,trade,WINFUT,182740.0,1,,,,BTG Pactual CTVM S.A.,SANTANDER CORRETORA DE TITULOS E VALORES MOBILIARIOS S.A.,,,
2026-03-27T13:03:44.949Z,market,trade,WINFUT,182740.0,3,,,,BTG Pactual CTVM S.A.,TERRA INVESTIMENTOS DTVM LTDA,,,
2026-03-27T13:03:44.949Z,market,trade,WINFUT,182735.0,2,,,,GENIAL INSTITUCIONAL CCTVM S.A,GENIAL INSTITUCIONAL CCTVM S.A,,,
2026-03-27T13:03:44.950Z,market,trade,WINFUT,182735.0,10,,,,GENIAL INSTITUCIONAL CCTVM S.A,GENIAL INSTITUCIONAL CCTVM S.A,,,
2026-03-27T13:03:44.950Z,market,trade,WINFUT,182735.0,1,,,,GENIAL INSTITUCIONAL CCTVM S.A,GENIAL INSTITUCIONAL CCTVM S.A,,,
2026-03-27T13:03:44.950Z,market,trade,WINFUT,182740.0,2,,,,IDEAL CTVM SA,TERRA INVESTIMENTOS DTVM LTDA,,,
2026-03-27T13:03:44.950Z,market,trade,WINFUT,182740.0,1,,,,IDEAL CTVM SA,BTG Pactual CTVM S.A.,,,
2026-03-27T13:03:44.950Z,market,trade,WINFUT,182740.0,1,,,,BTG Pactual CTVM S.A.,IDEAL CTVM SA,,,
2026-03-27T13:03:44.951Z,market,trade,WINFUT,182740.0,1,,,,XP Investimentos CCTVM S/A,IDEAL CTVM SA,,,
2026-03-27T13:03:44.951Z,market,trade,WINFUT,182740.0,4,,,,XP Investimentos CCTVM S/A,IDEAL CTVM SA,,,
2026-03-27T13:03:45.038Z,market,trade,WINFUT,182740.0,4,,,,BTG Pactual CTVM S.A.,BTG Pactual CTVM S.A.,,,
2026-03-27T13:03:45.063Z,market,trade,WINFUT,182740.0,10,,,,XP Investimentos CCTVM S/A,XP Investimentos CCTVM S/A,,,
2026-03-27T13:03:45.063Z,market,trade,WINFUT,182740.0,1,,,,XP Investimentos CCTVM S/A,UBS BRASIL CCTVM S/A,,,
2026-03-27T13:03:45.063Z,market,trade,WINFUT,182740.0,1,,,,BTG Pactual CTVM S.A.,UBS BRASIL CCTVM S/A,,,
2026-03-27T13:03:45.063Z,market,trade,WINFUT,182740.0,4,,,,XP Investimentos CCTVM S/A,UBS BRASIL CCTVM S/A,,,
2026-03-27T13:03:45.063Z,market,trade,WINFUT,182740.0,9,,,,IDEAL CTVM SA,UBS BRASIL CCTVM S/A,,,
2026-03-27T13:03:45.063Z,market,trade,WINFUT,182740.0,3,,,,IDEAL CTVM SA,UBS BRASIL CCTVM S/A,,,
2026-03-27T13:03:45.087Z,market,trade,WINFUT,182740.0,1,,,,BTG Pactual CTVM S.A.,BTG Pactual CTVM S.A.,,,
2026-03-27T13:03:45.087Z,market,trade,WINFUT,182740.0,1,,,,SANTANDER CORRETORA DE TITULOS E VALORES MOBILIARIOS S.A.,SANTANDER CORRETORA DE TITULOS E VALORES MOBILIARIOS S.A.,,,
2026-03-27T13:03:45.087Z,market,trade,WINFUT,182735.0,14,,,,XP Investimentos CCTVM S/A,XP Investimentos CCTVM S/A,,,
2026-03-27T13:03:45.087Z,market,trade,WINFUT,182735.0,1,,,,IDEAL CTVM SA,XP Investimentos CCTVM S/A,,,
2026-03-27T13:03:45.087Z,market,trade,WINFUT,182735.0,5,,,,GENIAL INSTITUCIONAL CCTVM S.A,GENIAL INSTITUCIONAL CCTVM S.A,,,
2026-03-27T13:03:45.087Z,market,trade,WINFUT,182735.0,4,,,,XP Investimentos CCTVM S/A,XP Investimentos CCTVM S/A,,,
2026-03-27T13:03:45.101Z,market,trade,WINFUT,182740.0,2,,,,XP Investimentos CCTVM S/A,XP Investimentos CCTVM S/A,,,
2026-03-27T13:03:45.101Z,market,trade,WINFUT,182740.0,5,,,,ITAU CV S/A,IDEAL CTVM SA,,,
2026-03-27T13:03:45.101Z,market,trade,WINFUT,182740.0,1,,,,ITAU CV S/A,BTG Pactual CTVM S.A.,,,
2026-03-27T13:03:45.101Z,market,trade,WINFUT,182740.0,4,,,,ITAU CV S/A,UBS BRASIL CCTVM S/A,,,
2026-03-27T13:03:45.101Z,market,trade,WINFUT,182740.0,1,,,,IDEAL CTVM SA,UBS BRASIL CCTVM S/A,,,
2026-03-27T13:03:45.169Z,market,trade,WINFUT,182735.0,3,,,,XP Investimentos CCTVM S/A,XP Investimentos CCTVM S/A,,,
2026-03-27T13:03:45.169Z,market,trade,WINFUT,182735.0,1,,,,XP Investimentos CCTVM S/A,XP Investimentos CCTVM S/A,,,
2026-03-27T13:03:45.169Z,market,trade,WINFUT,182740.0,13,,,,IDEAL CTVM SA,UBS BRASIL CCTVM S/A,,,
2026-03-27T13:03:45.169Z,market,trade,WINFUT,182740.0,1,,,,IDEAL CTVM SA,BTG Pactual CTVM S.A.,,,
2026-03-27T13:03:45.194Z,market,trade,WINFUT,182740.0,1,,,,CM Capital Markets CCTVM LTDA,CM Capital Markets CCTVM LTDA,,,
2026-03-27T13:03:45.206Z,market,trade,WINFUT,182745.0,1,,,,XP Investimentos CCTVM S/A,XP Investimentos CCTVM S/A,,,
2026-03-27T13:03:45.206Z,market,trade,WINFUT,182745.0,1,,,,BTG Pactual CTVM S.A.,BTG Pactual CTVM S.A.,,,
2026-03-27T13:03:45.206Z,market,trade,WINFUT,182745.0,5,,,,XP Investimentos CCTVM S/A,XP Investimentos CCTVM S/A,,,
2026-03-27T13:03:45.206Z,market,trade,WINFUT,182740.0,1,,,,XP Investimentos CCTVM S/A,XP Investimentos CCTVM S/A,,,
2026-03-27T13:03:45.259Z,market,trade,WINFUT,182745.0,1,,,,XP Investimentos CCTVM S/A,XP Investimentos CCTVM S/A,,,
2026-03-27T13:03:45.262Z,market,trade,WINFUT,182740.0,1,,,,SANTANDER CORRETORA DE TITULOS E VALORES MOBILIARIOS S.A.,SANTANDER CORRETORA DE TITULOS E VALORES MOBILIARIOS S.A.,,,
2026-03-27T13:03:45.262Z,market,trade,WINFUT,182740.0,2,,,,GENIAL INSTITUCIONAL CCTVM S.A,GENIAL INSTITUCIONAL CCTVM S.A,,,
2026-03-27T13:03:45.262Z,market,trade,WINFUT,182740.0,1,,,,SANTANDER CORRETORA DE TITULOS E VALORES MOBILIARIOS S.A.,SANTANDER CORRETORA DE TITULOS E VALORES MOBILIARIOS S.A.,,,
2026-03-27T13:03:45.263Z,market,trade,WINFUT,182745.0,10,,,,SANTANDER CORRETORA DE TITULOS E VALORES MOBILIARIOS S.A.,SANTANDER CORRETORA DE TITULOS E VALORES MOBILIARIOS S.A.,,,
2026-03-27T13:03:45.263Z,market,trade,WINFUT,182740.0,1,,,,XP Investimentos CCTVM S/A,XP Investimentos CCTVM S/A,,,
2026-03-27T13:03:45.263Z,market,trade,WINFUT,182745.0,3,,,,XP Investimentos CCTVM S/A,XP Investimentos CCTVM S/A,,,
2026-03-27T13:03:45.336Z,market,trade,WINFUT,182740.0,1,,,,BTG Pactual CTVM S.A.,BTG Pactual CTVM S.A.,,,
2026-03-27T13:03:45.336Z,market,trade,WINFUT,182745.0,1,,,,XP Investimentos CCTVM S/A,XP Investimentos CCTVM S/A,,,
2026-03-27T13:03:45.341Z,market,trade,WINFUT,182745.0,1,,,,XP Investimentos CCTVM S/A,XP Investimentos CCTVM S/A,,,
2026-03-27T13:03:45.341Z,market,trade,WINFUT,182745.0,5,,,,BTG Pactual CTVM S.A.,BTG Pactual CTVM S.A.,,,
2026-03-27T13:03:45.348Z,market,trade,WINFUT,182745.0,3,,,,XP Investimentos CCTVM S/A,XP Investimentos CCTVM S/A,,,
2026-03-27T13:03:45.349Z,market,trade,WINFUT,182740.0,3,,,,XP Investimentos CCTVM S/A,XP Investimentos CCTVM S/A,,,
2026-03-27T13:03:45.349Z,market,trade,WINFUT,182740.0,1,,,,XP Investimentos CCTVM S/A,XP Investimentos CCTVM S/A,,,
2026-03-27T13:03:45.417Z,market,trade,WINFUT,182745.0,1,,,,BTG Pactual CTVM S.A.,BTG Pactual CTVM S.A.,,,
2026-03-27T13:03:45.417Z,market,trade,WINFUT,182745.0,1,,,,XP Investimentos CCTVM S/A,XP Investimentos CCTVM S/A,,,
2026-03-27T13:03:45.417Z,market,trade,WINFUT,182745.0,2,,,,XP Investimentos CCTVM S/A,XP Investimentos CCTVM S/A,,,
2026-03-27T13:03:45.509Z,market,trade,WINFUT,182745.0,1,,,,XP Investimentos CCTVM S/A,XP Investimentos CCTVM S/A,,,
2026-03-27T13:03:45.510Z,market,trade,WINFUT,182740.0,1,,,,XP Investimentos CCTVM S/A,IDEAL CTVM SA,,,
2026-03-27T13:03:45.510Z,market,trade,WINFUT,182740.0,1,,,,BTG Pactual CTVM S.A.,IDEAL CTVM SA,,,
2026-03-27T13:03:45.510Z,market,trade,WINFUT,182740.0,5,,,,XP Investimentos CCTVM S/A,IDEAL CTVM SA,,,
2026-03-27T13:03:45.510Z,market,trade,WINFUT,182740.0,1,,,,AGORA CTVM S/A,IDEAL CTVM SA,,,
2026-03-27T13:03:45.510Z,market,trade,WINFUT,182740.0,1,,,,GENIAL INSTITUCIONAL CCTVM S.A,IDEAL CTVM SA,,,
2026-03-27T13:03:45.510Z,market,trade,WINFUT,182740.0,1,,,,BTG Pactual CTVM S.A.,IDEAL CTVM SA,,,
2026-03-27T13:03:45.510Z,market,trade,WINFUT,182740.0,2,,,,UBS BRASIL CCTVM S/A,IDEAL CTVM SA,,,
2026-03-27T13:03:45.510Z,market,trade,WINFUT,182735.0,4,,,,IDEAL CTVM SA,IDEAL CTVM SA,,,
2026-03-27T13:03:45.510Z,market,trade,WINFUT,182735.0,1,,,,BTG Pactual CTVM S.A.,IDEAL CTVM SA,,,
2026-03-27T13:03:45.510Z,market,trade,WINFUT,182735.0,5,,,,AGORA CTVM S/A,IDEAL CTVM SA,,,
2026-03-27T13:03:45.510Z,market,trade,WINFUT,182735.0,1,,,,AGORA CTVM S/A,IDEAL CTVM SA,,,
2026-03-27T13:03:45.510Z,market,trade,WINFUT,182735.0,1,,,,XP Investimentos CCTVM S/A,IDEAL CTVM SA,,,
2026-03-27T13:03:45.510Z,market,trade,WINFUT,182735.0,1,,,,XP Investimentos CCTVM S/A,IDEAL CTVM SA,,,
2026-03-27T13:03:45.510Z,market,trade,WINFUT,182735.0,1,,,,BTG Pactual CTVM S.A.,IDEAL CTVM SA,,,
2026-03-27T13:03:45.510Z,market,trade,WINFUT,182735.0,2,,,,BTG Pactual CTVM S.A.,IDEAL CTVM SA,,,
2026-03-27T13:03:45.510Z,market,trade,WINFUT,182735.0,1,,,,BTG Pactual CTVM S.A.,IDEAL CTVM SA,,,
2026-03-27T13:03:45.510Z,market,trade,WINFUT,182735.0,5,,,,XP Investimentos CCTVM S/A,GENIAL INSTITUCIONAL CCTVM S.A,,,
2026-03-27T13:03:45.511Z,market,trade,WINFUT,182735.0,2,,,,IDEAL CTVM SA,GENIAL INSTITUCIONAL CCTVM S.A,,,
2026-03-27T13:03:45.511Z,market,trade,WINFUT,182735.0,1,,,,SANTANDER CORRETORA DE TITULOS E VALORES MOBILIARIOS S.A.,SANTANDER CORRETORA DE TITULOS E VALORES MOBILIARIOS S.A.,,,
2026-03-27T13:03:45.511Z,market,trade,WINFUT,182730.0,5,,,,BTG Pactual CTVM S.A.,BTG Pactual CTVM S.A.,,,
2026-03-27T13:03:45.511Z,market,trade,WINFUT,182735.0,1,,,,XP Investimentos CCTVM S/A,XP Investimentos CCTVM S/A,,,
2026-03-27T13:03:45.563Z,market,trade,WINFUT,182730.0,2,,,,BTG Pactual CTVM S.A.,BTG Pactual CTVM S.A.,,,
2026-03-27T13:03:45.590Z,market,trade,WINFUT,182730.0,3,,,,XP Investimentos CCTVM S/A,XP Investimentos CCTVM S/A,,,
2026-03-27T13:03:45.590Z,market,trade,WINFUT,182735.0,1,,,,IDEAL CTVM SA,BTG Pactual CTVM S.A.,,,
2026-03-27T13:03:45.591Z,market,trade,WINFUT,182735.0,1,,,,IDEAL CTVM SA,BTG Pactual CTVM S.A.,,,
2026-03-27T13:03:45.591Z,market,trade,WINFUT,182735.0,1,,,,IDEAL CTVM SA,AGORA CTVM S/A,,,
2026-03-27T13:03:45.591Z,market,trade,WINFUT,182735.0,1,,,,IDEAL CTVM SA,BTG Pactual CTVM S.A.,,,
2026-03-27T13:03:45.625Z,market,trade,WINFUT,182740.0,2,,,,IDEAL CTVM SA,IDEAL CTVM SA,,,
2026-03-27T13:03:45.625Z,market,trade,WINFUT,182740.0,2,,,,IDEAL CTVM SA,IDEAL CTVM SA,,,
2026-03-27T13:03:45.625Z,market,trade,WINFUT,182740.0,1,,,,IDEAL CTVM SA,BTG Pactual CTVM S.A.,,,
2026-03-27T13:03:45.625Z,market,trade,WINFUT,182740.0,2,,,,IDEAL CTVM SA,IDEAL CTVM SA,,,
2026-03-27T13:03:45.625Z,market,trade,WINFUT,182740.0,1,,,,XP Investimentos CCTVM S/A,XP Investimentos CCTVM S/A,,,
2026-03-27T13:03:45.625Z,market,trade,WINFUT,182745.0,1,,,,IDEAL CTVM SA,UBS BRASIL CCTVM S/A,,,
2026-03-27T13:03:45.625Z,market,trade,WINFUT,182745.0,17,,,,IDEAL CTVM SA,UBS BRASIL CCTVM S/A,,,
2026-03-27T13:03:45.625Z,market,trade,WINFUT,182745.0,1,,,,IDEAL CTVM SA,BTG Pactual CTVM S.A.,,,
2026-03-27T13:03:45.625Z,market,trade,WINFUT,182745.0,1,,,,IDEAL CTVM SA,AGORA CTVM S/A,,,
2026-03-27T13:03:45.626Z,market,trade,WINFUT,182745.0,1,,,,IDEAL CTVM SA,BTG Pactual CTVM S.A.,,,
2026-03-27T13:03:45.626Z,market,trade,WINFUT,182745.0,1,,,,IDEAL CTVM SA,BTG Pactual CTVM S.A.,,,
2026-03-27T13:03:45.626Z,market,trade,WINFUT,182745.0,1,,,,IDEAL CTVM SA,AGORA CTVM S/A,,,
2026-03-27T13:03:45.626Z,market,trade,WINFUT,182745.0,1,,,,IDEAL CTVM SA,AGORA CTVM S/A,,,
2026-03-27T13:03:45.626Z,market,trade,WINFUT,182745.0,4,,,,IDEAL CTVM SA,IDEAL CTVM SA,,,
2026-03-27T13:03:45.626Z,market,trade,WINFUT,182745.0,3,,,,IDEAL CTVM SA,NOVA FUTURA CTVM LTDA,,,
2026-03-27T13:03:45.626Z,market,trade,WINFUT,182745.0,2,,,,IDEAL CTVM SA,NOVA FUTURA CTVM LTDA,,,
2026-03-27T13:03:45.626Z,market,trade,WINFUT,182745.0,1,,,,IDEAL CTVM SA,NOVA FUTURA CTVM LTDA,,,
2026-03-27T13:03:45.626Z,market,trade,WINFUT,182745.0,2,,,,IDEAL CTVM SA,NOVA FUTURA CTVM LTDA,,,
2026-03-27T13:03:45.626Z,market,trade,WINFUT,182745.0,2,,,,IDEAL CTVM SA,NOVA FUTURA CTVM LTDA,,,
2026-03-27T13:03:45.626Z,market,trade,WINFUT,182745.0,3,,,,IDEAL CTVM SA,NOVA FUTURA CTVM LTDA,,,
2026-03-27T13:03:45.626Z,market,trade,WINFUT,182745.0,1,,,,IDEAL CTVM SA,NOVA FUTURA CTVM LTDA,,,
2026-03-27T13:03:45.626Z,market,trade,WINFUT,182745.0,1,,,,AGORA CTVM S/A,NOVA FUTURA CTVM LTDA,,,
2026-03-27T13:03:45.626Z,market,trade,WINFUT,182745.0,2,,,,AGORA CTVM S/A,XP Investimentos CCTVM S/A,,,
2026-03-27T13:03:45.626Z,market,trade,WINFUT,182745.0,1,,,,AGORA CTVM S/A,XP Investimentos CCTVM S/A,,,
2026-03-27T13:03:45.626Z,market,trade,WINFUT,182745.0,1,,,,AGORA CTVM S/A,AGORA CTVM S/A,,,
2026-03-27T13:03:45.626Z,market,trade,WINFUT,182745.0,7,,,,IDEAL CTVM SA,IDEAL CTVM SA,,,
2026-03-27T13:03:45.627Z,market,trade,WINFUT,182745.0,2,,,,IDEAL CTVM SA,IDEAL CTVM SA,,,
2026-03-27T13:03:45.627Z,market,trade,WINFUT,182745.0,1,,,,BTG Pactual CTVM S.A.,IDEAL CTVM SA,,,
2026-03-27T13:03:45.627Z,market,trade,WINFUT,182745.0,1,,,,XP Investimentos CCTVM S/A,IDEAL CTVM SA,,,
2026-03-27T13:03:45.627Z,market,trade,WINFUT,182745.0,2,,,,XP Investimentos CCTVM S/A,IDEAL CTVM SA,,,
2026-03-27T13:03:45.627Z,market,trade,WINFUT,182745.0,2,,,,XP Investimentos CCTVM S/A,IDEAL CTVM SA,,,
2026-03-27T13:03:45.627Z,market,trade,WINFUT,182745.0,1,,,,AGORA CTVM S/A,IDEAL CTVM SA,,,
2026-03-27T13:03:45.627Z,market,trade,WINFUT,182745.0,1,,,,IDEAL CTVM SA,IDEAL CTVM SA,,,
2026-03-27T13:03:45.627Z,market,trade,WINFUT,182750.0,5,,,,MIRAE ASSET WEALTH MANAGEMENT,IDEAL CTVM SA,,,
2026-03-27T13:03:45.627Z,market,trade,WINFUT,182750.0,1,,,,XP Investimentos CCTVM S/A,XP Investimentos CCTVM S/A,,,
2026-03-27T13:03:45.627Z,market,trade,WINFUT,182745.0,7,,,,IDEAL CTVM SA,IDEAL CTVM SA,,,
2026-03-27T13:03:45.627Z,market,trade,WINFUT,182745.0,1,,,,AGORA CTVM S/A,IDEAL CTVM SA,,,
2026-03-27T13:03:45.627Z,market,trade,WINFUT,182745.0,1,,,,BTG Pactual CTVM S.A.,GENIAL INSTITUCIONAL CCTVM S.A,,,
2026-03-27T13:03:45.659Z,market,trade,WINFUT,182745.0,2,,,,XP Investimentos CCTVM S/A,XP Investimentos CCTVM S/A,,,
2026-03-27T13:03:45.659Z,market,trade,WINFUT,182745.0,2,,,,XP Investimentos CCTVM S/A,XP Investimentos CCTVM S/A,,,
2026-03-27T13:03:45.742Z,market,trade,WINFUT,182740.0,9,,,,IDEAL CTVM SA,UBS BRASIL CCTVM S/A,,,
2026-03-27T13:03:45.742Z,market,trade,WINFUT,182740.0,1,,,,BTG Pactual CTVM S.A.,UBS BRASIL CCTVM S/A,,,
2026-03-27T13:03:45.742Z,market,trade,WINFUT,182740.0,1,,,,BTG Pactual CTVM S.A.,UBS BRASIL CCTVM S/A,,,
2026-03-27T13:03:45.743Z,market,trade,WINFUT,182740.0,1,,,,BTG Pactual CTVM S.A.,UBS BRASIL CCTVM S/A,,,
2026-03-27T13:03:45.792Z,market,trade,WINFUT,182735.0,2,,,,GENIAL INSTITUCIONAL CCTVM S.A,GENIAL INSTITUCIONAL CCTVM S.A,,,
2026-03-27T13:03:45.793Z,market,trade,WINFUT,182740.0,2,,,,XP Investimentos CCTVM S/A,XP Investimentos CCTVM S/A,,,
2026-03-27T13:03:45.793Z,market,trade,WINFUT,182740.0,1,,,,GENIAL INSTITUCIONAL CCTVM S.A,GENIAL INSTITUCIONAL CCTVM S.A,,,
2026-03-27T13:03:45.793Z,market,trade,WINFUT,182740.0,1,,,,CM Capital Markets CCTVM LTDA,CM Capital Markets CCTVM LTDA,,,
2026-03-27T13:03:45.793Z,market,trade,WINFUT,182740.0,1,,,,GENIAL INSTITUCIONAL CCTVM S.A,XP Investimentos CCTVM S/A,,,
2026-03-27T13:03:45.793Z,market,trade,WINFUT,182740.0,3,,,,GENIAL INSTITUCIONAL CCTVM S.A,XP Investimentos CCTVM S/A,,,
2026-03-27T13:03:45.793Z,market,trade,WINFUT,182740.0,1,,,,GENIAL INSTITUCIONAL CCTVM S.A,GENIAL INSTITUCIONAL CCTVM S.A,,,
2026-03-27T13:03:45.797Z,market,trade,WINFUT,182735.0,2,,,,XP Investimentos CCTVM S/A,XP Investimentos CCTVM S/A,,,
2026-03-27T13:03:45.797Z,market,trade,WINFUT,182740.0,1,,,,XP Investimentos CCTVM S/A,XP Investimentos CCTVM S/A,,,
2026-03-27T13:03:45.797Z,market,trade,WINFUT,182740.0,1,,,,XP Investimentos CCTVM S/A,XP Investimentos CCTVM S/A,,,
2026-03-27T13:03:45.855Z,market,trade,WINFUT,182740.0,1,,,,UBS BRASIL CCTVM S/A,BTG Pactual CTVM S.A.,,,
2026-03-27T13:03:45.855Z,market,trade,WINFUT,182740.0,10,,,,UBS BRASIL CCTVM S/A,IDEAL CTVM SA,,,
2026-03-27T13:03:45.856Z,market,trade,WINFUT,182740.0,5,,,,UBS BRASIL CCTVM S/A,IDEAL CTVM SA,,,
2026-03-27T13:03:45.856Z,market,trade,WINFUT,182740.0,2,,,,UBS BRASIL CCTVM S/A,IDEAL CTVM SA,,,
2026-03-27T13:03:45.856Z,market,trade,WINFUT,182740.0,3,,,,IDEAL CTVM SA,IDEAL CTVM SA,,,
2026-03-27T13:03:45.856Z,market,trade,WINFUT,182740.0,1,,,,IDEAL CTVM SA,AGORA CTVM S/A,,,
2026-03-27T13:03:45.856Z,market,trade,WINFUT,182740.0,1,,,,IDEAL CTVM SA,BTG Pactual CTVM S.A.,,,
2026-03-27T13:03:45.856Z,market,trade,WINFUT,182740.0,1,,,,IDEAL CTVM SA,IDEAL CTVM SA,,,
2026-03-27T13:03:45.856Z,market,trade,WINFUT,182740.0,1,,,,IDEAL CTVM SA,XP Investimentos CCTVM S/A,,,
2026-03-27T13:03:45.856Z,market,trade,WINFUT,182740.0,1,,,,XP Investimentos CCTVM S/A,XP Investimentos CCTVM S/A,,,
2026-03-27T13:03:45.857Z,market,trade,WINFUT,182745.0,1,,,,GENIAL INSTITUCIONAL CCTVM S.A,GENIAL INSTITUCIONAL CCTVM S.A,,,
2026-03-27T13:03:45.857Z,market,trade,WINFUT,182740.0,6,,,,XP Investimentos CCTVM S/A,XP Investimentos CCTVM S/A,,,
2026-03-27T13:03:45.867Z,market,trade,WINFUT,182740.0,1,,,,BTG Pactual CTVM S.A.,BTG Pactual CTVM S.A.,,,
2026-03-27T13:03:45.876Z,market,trade,WINFUT,182745.0,1,,,,SANTANDER CORRETORA DE TITULOS E VALORES MOBILIARIOS S.A.,GENIAL INSTITUCIONAL CCTVM S.A,,,
2026-03-27T13:03:45.876Z,market,trade,WINFUT,182745.0,1,,,,SANTANDER CORRETORA DE TITULOS E VALORES MOBILIARIOS S.A.,IDEAL CTVM SA,,,
2026-03-27T13:03:45.876Z,market,trade,WINFUT,182745.0,4,,,,SANTANDER CORRETORA DE TITULOS E VALORES MOBILIARIOS S.A.,IDEAL CTVM SA,,,
2026-03-27T13:03:45.880Z,market,trade,WINFUT,182740.0,1,,,,XP Investimentos CCTVM S/A,XP Investimentos CCTVM S/A,,,
2026-03-27T13:03:45.914Z,market,trade,WINFUT,182740.0,3,,,,BTG Pactual CTVM S.A.,BTG Pactual CTVM S.A.,,,
2026-03-27T13:03:45.914Z,market,trade,WINFUT,182745.0,6,,,,XP Investimentos CCTVM S/A,XP Investimentos CCTVM S/A,,,
2026-03-27T13:03:45.914Z,market,trade,WINFUT,182745.0,1,,,,GENIAL INSTITUCIONAL CCTVM S.A,IDEAL CTVM SA,,,
2026-03-27T13:03:45.914Z,market,trade,WINFUT,182745.0,5,,,,AGORA CTVM S/A,IDEAL CTVM SA,,,
2026-03-27T13:03:45.914Z,market,trade,WINFUT,182745.0,5,,,,AGORA CTVM S/A,IDEAL CTVM SA,,,
2026-03-27T13:03:45.914Z,market,trade,WINFUT,182745.0,1,,,,AGORA CTVM S/A,AGORA CTVM S/A,,,
2026-03-27T13:03:45.914Z,market,trade,WINFUT,182745.0,1,,,,AGORA CTVM S/A,BTG Pactual CTVM S.A.,,,
2026-03-27T13:03:45.914Z,market,trade,WINFUT,182745.0,2,,,,AGORA CTVM S/A,AGORA CTVM S/A,,,
2026-03-27T13:03:45.914Z,market,trade,WINFUT,182745.0,1,,,,AGORA CTVM S/A,AGORA CTVM S/A,,,
2026-03-27T13:03:45.914Z,market,trade,WINFUT,182745.0,5,,,,IDEAL CTVM SA,IDEAL CTVM SA,,,
2026-03-27T13:03:45.914Z,market,trade,WINFUT,182745.0,1,,,,IDEAL CTVM SA,BTG Pactual CTVM S.A.,,,
2026-03-27T13:03:45.914Z,market,trade,WINFUT,182745.0,1,,,,IDEAL CTVM SA,IDEAL CTVM SA,,,
2026-03-27T13:03:45.915Z,market,trade,WINFUT,182745.0,1,,,,IDEAL CTVM SA,BTG Pactual CTVM S.A.,,,
2026-03-27T13:03:45.915Z,market,trade,WINFUT,182745.0,1,,,,IDEAL CTVM SA,AGORA CTVM S/A,,,
2026-03-27T13:03:45.959Z,market,trade,WINFUT,182745.0,1,,,,SANTANDER CORRETORA DE TITULOS E VALORES MOBILIARIOS S.A.,SANTANDER CORRETORA DE TITULOS E VALORES MOBILIARIOS S.A.,,,
2026-03-27T13:03:45.974Z,market,trade,WINFUT,182750.0,1,,,,XP Investimentos CCTVM S/A,XP Investimentos CCTVM S/A,,,
2026-03-27T13:03:45.974Z,market,trade,WINFUT,182745.0,10,,,,GENIAL INSTITUCIONAL CCTVM S.A,GENIAL INSTITUCIONAL CCTVM S.A,,,
2026-03-27T13:03:45.981Z,market,trade,WINFUT,182745.0,1,,,,XP Investimentos CCTVM S/A,XP Investimentos CCTVM S/A,,,
2026-03-27T13:03:45.981Z,market,trade,WINFUT,182750.0,1,,,,SANTANDER CORRETORA DE TITULOS E VALORES MOBILIARIOS S.A.,IDEAL CTVM SA,,,
2026-03-27T13:03:46.017Z,market,trade,WINFUT,182750.0,5,,,,SANTANDER CORRETORA DE TITULOS E VALORES MOBILIARIOS S.A.,SANTANDER CORRETORA DE TITULOS E VALORES MOBILIARIOS S.A.,,,
2026-03-27T13:03:46.017Z,market,trade,WINFUT,182745.0,1,,,,BTG Pactual CTVM S.A.,IDEAL CTVM SA,,,
2026-03-27T13:03:46.017Z,market,trade,WINFUT,182745.0,1,,,,AGORA CTVM S/A,IDEAL CTVM SA,,,
2026-03-27T13:03:46.017Z,market,trade,WINFUT,182745.0,3,,,,IDEAL CTVM SA,IDEAL CTVM SA,,,
2026-03-27T13:03:46.017Z,market,trade,WINFUT,182745.0,1,,,,AGORA CTVM S/A,IDEAL CTVM SA,,,
2026-03-27T13:03:46.132Z,market,trade,WINFUT,182745.0,1,,,,XP Investimentos CCTVM S/A,XP Investimentos CCTVM S/A,,,
2026-03-27T13:03:46.132Z,market,trade,WINFUT,182745.0,5,,,,XP Investimentos CCTVM S/A,XP Investimentos CCTVM S/A,,,
2026-03-27T13:03:46.133Z,market,trade,WINFUT,182745.0,1,,,,XP Investimentos CCTVM S/A,XP Investimentos CCTVM S/A,,,
2026-03-27T13:03:46.133Z,market,trade,WINFUT,182745.0,1,,,,BTG Pactual CTVM S.A.,BTG Pactual CTVM S.A.,,,
2026-03-27T13:03:46.133Z,market,trade,WINFUT,182740.0,1,,,,XP Investimentos CCTVM S/A,XP Investimentos CCTVM S/A,,,
2026-03-27T13:03:46.150Z,market,trade,WINFUT,182745.0,1,,,,XP Investimentos CCTVM S/A,XP Investimentos CCTVM S/A,,,
2026-03-27T13:03:46.175Z,market,trade,WINFUT,182740.0,1,,,,BTG Pactual CTVM S.A.,BTG Pactual CTVM S.A.,,,
2026-03-27T13:03:46.175Z,market,trade,WINFUT,182740.0,1,,,,BTG Pactual CTVM S.A.,BTG Pactual CTVM S.A.,,,
2026-03-27T13:03:46.175Z,market,trade,WINFUT,182740.0,5,,,,IDEAL CTVM SA,BTG Pactual CTVM S.A.,,,
2026-03-27T13:03:46.175Z,market,trade,WINFUT,182740.0,1,,,,BTG Pactual CTVM S.A.,BTG Pactual CTVM S.A.,,,
2026-03-27T13:03:46.175Z,market,trade,WINFUT,182740.0,10,,,,IDEAL CTVM SA,BTG Pactual CTVM S.A.,,,
2026-03-27T13:03:46.175Z,market,trade,WINFUT,182740.0,1,,,,AGORA CTVM S/A,BTG Pactual CTVM S.A.,,,
2026-03-27T13:03:46.175Z,market,trade,WINFUT,182740.0,1,,,,UBS BRASIL CCTVM S/A,BTG Pactual CTVM S.A.,,,
2026-03-27T13:03:46.210Z,market,trade,WINFUT,182745.0,1,,,,XP Investimentos CCTVM S/A,IDEAL CTVM SA,,,
2026-03-27T13:03:46.210Z,market,trade,WINFUT,182745.0,1,,,,UBS BRASIL CCTVM S/A,BTG Pactual CTVM S.A.,,,
2026-03-27T13:03:46.210Z,market,trade,WINFUT,182745.0,1,,,,UBS BRASIL CCTVM S/A,AGORA CTVM S/A,,,
2026-03-27T13:03:46.210Z,market,trade,WINFUT,182745.0,1,,,,UBS BRASIL CCTVM S/A,BTG Pactual CTVM S.A.,,,
2026-03-27T13:03:46.210Z,market,trade,WINFUT,182745.0,6,,,,UBS BRASIL CCTVM S/A,SANTANDER CORRETORA DE TITULOS E VALORES MOBILIARIOS S.A.,,,
2026-03-27T13:03:46.210Z,market,trade,WINFUT,182745.0,1,,,,UBS BRASIL CCTVM S/A,BTG Pactual CTVM S.A.,,,
2026-03-27T13:03:46.238Z,market,trade,WINFUT,182745.0,3,,,,BTG Pactual CTVM S.A.,BTG Pactual CTVM S.A.,,,
2026-03-27T13:03:46.238Z,market,trade,WINFUT,182745.0,1,,,,XP Investimentos CCTVM S/A,XP Investimentos CCTVM S/A,,,
2026-03-27T13:03:46.250Z,market,trade,WINFUT,182750.0,1,,,,XP Investimentos CCTVM S/A,XP Investimentos CCTVM S/A,,,
2026-03-27T13:03:46.250Z,market,trade,WINFUT,182750.0,1,,,,XP Investimentos CCTVM S/A,XP Investimentos CCTVM S/A,,,
2026-03-27T13:03:46.250Z,market,trade,WINFUT,182745.0,6,,,,XP Investimentos CCTVM S/A,XP Investimentos CCTVM S/A,,,
2026-03-27T13:03:46.250Z,market,trade,WINFUT,182745.0,1,,,,XP Investimentos CCTVM S/A,XP Investimentos CCTVM S/A,,,
2026-03-27T13:03:46.305Z,market,trade,WINFUT,182745.0,1,,,,AGORA CTVM S/A,GENIAL INSTITUCIONAL CCTVM S.A,,,
2026-03-27T13:03:46.305Z,market,trade,WINFUT,182745.0,1,,,,BTG Pactual CTVM S.A.,GENIAL INSTITUCIONAL CCTVM S.A,,,
2026-03-27T13:03:46.305Z,market,trade,WINFUT,182745.0,1,,,,AGORA CTVM S/A,SANTANDER CORRETORA DE TITULOS E VALORES MOBILIARIOS S.A.,,,
2026-03-27T13:03:46.306Z,market,trade,WINFUT,182740.0,1,,,,GENIAL INSTITUCIONAL CCTVM S.A,GENIAL INSTITUCIONAL CCTVM S.A,,,
2026-03-27T13:03:46.360Z,market,trade,WINFUT,182745.0,1,,,,BTG Pactual CTVM S.A.,BTG Pactual CTVM S.A.,,,
2026-03-27T13:03:46.361Z,market,trade,WINFUT,182745.0,1,,,,BTG Pactual CTVM S.A.,AGORA CTVM S/A,,,
2026-03-27T13:03:46.361Z,market,trade,WINFUT,182750.0,3,,,,BTG Pactual CTVM S.A.,IDEAL CTVM SA,,,
2026-03-27T13:03:46.361Z,market,trade,WINFUT,182750.0,4,,,,BTG Pactual CTVM S.A.,GENIAL INSTITUCIONAL CCTVM S.A,,,
2026-03-27T13:03:46.361Z,market,trade,WINFUT,182750.0,1,,,,BTG Pactual CTVM S.A.,XP Investimentos CCTVM S/A,,,
2026-03-27T13:03:46.361Z,market,trade,WINFUT,182750.0,1,,,,BTG Pactual CTVM S.A.,BTG Pactual CTVM S.A.,,,
2026-03-27T13:03:46.361Z,market,trade,WINFUT,182750.0,1,,,,BTG Pactual CTVM S.A.,BTG Pactual CTVM S.A.,,,
2026-03-27T13:03:46.361Z,market,trade,WINFUT,182750.0,4,,,,BTG Pactual CTVM S.A.,BTG Pactual CTVM S.A.,,,
2026-03-27T13:03:46.361Z,market,trade,WINFUT,182750.0,1,,,,BTG Pactual CTVM S.A.,BTG Pactual CTVM S.A.,,,
2026-03-27T13:03:46.361Z,market,trade,WINFUT,182750.0,1,,,,BTG Pactual CTVM S.A.,IDEAL CTVM SA,,,
2026-03-27T13:03:46.362Z,market,trade,WINFUT,182750.0,1,,,,BTG Pactual CTVM S.A.,BTG Pactual CTVM S.A.,,,
2026-03-27T13:03:46.362Z,market,trade,WINFUT,182750.0,1,,,,BTG Pactual CTVM S.A.,AGORA CTVM S/A,,,
2026-03-27T13:03:46.362Z,market,trade,WINFUT,182750.0,5,,,,BTG Pactual CTVM S.A.,NOVA FUTURA CTVM LTDA,,,
2026-03-27T13:03:46.410Z,market,trade,WINFUT,182750.0,1,,,,XP Investimentos CCTVM S/A,XP Investimentos CCTVM S/A,,,
2026-03-27T13:03:46.410Z,market,trade,WINFUT,182745.0,1,,,,XP Investimentos CCTVM S/A,XP Investimentos CCTVM S/A,,,
2026-03-27T13:03:46.482Z,market,trade,WINFUT,182750.0,2,,,,XP Investimentos CCTVM S/A,XP Investimentos CCTVM S/A,,,
2026-03-27T13:03:46.568Z,market,trade,WINFUT,182750.0,5,,,,XP Investimentos CCTVM S/A,XP Investimentos CCTVM S/A,,,
2026-03-27T13:03:46.568Z,market,trade,WINFUT,182750.0,5,,,,ITAU CV S/A,NOVA FUTURA CTVM LTDA,,,
2026-03-27T13:03:46.568Z,market,trade,WINFUT,182750.0,5,,,,ITAU CV S/A,NOVA FUTURA CTVM LTDA,,,
2026-03-27T13:03:46.569Z,market,trade,WINFUT,182750.0,1,,,,UBS BRASIL CCTVM S/A,SANTANDER CORRETORA DE TITULOS E VALORES MOBILIARIOS S.A.,,,
2026-03-27T13:03:46.569Z,market,trade,WINFUT,182750.0,1,,,,UBS BRASIL CCTVM S/A,SANTANDER CORRETORA DE TITULOS E VALORES MOBILIARIOS S.A.,,,
2026-03-27T13:03:46.569Z,market,trade,WINFUT,182750.0,10,,,,UBS BRASIL CCTVM S/A,IDEAL CTVM SA,,,
2026-03-27T13:03:46.569Z,market,trade,WINFUT,182750.0,5,,,,UBS BRASIL CCTVM S/A,IDEAL CTVM SA,,,
2026-03-27T13:03:46.569Z,market,trade,WINFUT,182750.0,9,,,,UBS BRASIL CCTVM S/A,IDEAL CTVM SA,,,
2026-03-27T13:03:46.569Z,market,trade,WINFUT,182750.0,1,,,,UBS BRASIL CCTVM S/A,BTG Pactual CTVM S.A.,,,
2026-03-27T13:03:46.569Z,market,trade,WINFUT,182750.0,2,,,,UBS BRASIL CCTVM S/A,IDEAL CTVM SA,,,
2026-03-27T13:03:46.572Z,market,trade,WINFUT,182755.0,3,,,,GENIAL INSTITUCIONAL CCTVM S.A,XP Investimentos CCTVM S/A,,,
2026-03-27T13:03:46.572Z,market,trade,WINFUT,182755.0,2,,,,XP Investimentos CCTVM S/A,XP Investimentos CCTVM S/A,,,
2026-03-27T13:03:46.572Z,market,trade,WINFUT,182755.0,1,,,,XP Investimentos CCTVM S/A,XP Investimentos CCTVM S/A,,,
2026-03-27T13:03:46.572Z,market,trade,WINFUT,182755.0,1,,,,GENIAL INSTITUCIONAL CCTVM S.A,XP Investimentos CCTVM S/A,,,
2026-03-27T13:03:46.572Z,market,trade,WINFUT,182755.0,5,,,,XP Investimentos CCTVM S/A,XP Investimentos CCTVM S/A,,,
2026-03-27T13:03:46.572Z,market,trade,WINFUT,182755.0,1,,,,XP Investimentos CCTVM S/A,XP Investimentos CCTVM S/A,,,
2026-03-27T13:03:46.653Z,market,trade,WINFUT,182755.0,5,,,,BTG Pactual CTVM S.A.,BTG Pactual CTVM S.A.,,,
2026-03-27T13:03:46.760Z,market,trade,WINFUT,182755.0,1,,,,GENIAL INSTITUCIONAL CCTVM S.A,GENIAL INSTITUCIONAL CCTVM S.A,,,
2026-03-27T13:03:46.760Z,market,trade,WINFUT,182750.0,16,,,,UBS BRASIL CCTVM S/A,J. P. MORGAN CCVM S.A.,,,
2026-03-27T13:03:46.760Z,market,trade,WINFUT,182750.0,2,,,,XP Investimentos CCTVM S/A,J. P. MORGAN CCVM S.A.,,,
2026-03-27T13:03:46.760Z,market,trade,WINFUT,182750.0,1,,,,XP Investimentos CCTVM S/A,AGORA CTVM S/A,,,
2026-03-27T13:03:46.760Z,market,trade,WINFUT,182750.0,1,,,,XP Investimentos CCTVM S/A,AGORA CTVM S/A,,,
2026-03-27T13:03:46.761Z,market,trade,WINFUT,182750.0,2,,,,AGORA CTVM S/A,AGORA CTVM S/A,,,
2026-03-27T13:03:46.762Z,market,trade,WINFUT,182750.0,2,,,,AGORA CTVM S/A,AGORA CTVM S/A,,,
2026-03-27T13:03:46.763Z,market,trade,WINFUT,182750.0,1,,,,AGORA CTVM S/A,AGORA CTVM S/A,,,
2026-03-27T13:03:46.764Z,market,trade,WINFUT,182750.0,1,,,,AGORA CTVM S/A,AGORA CTVM S/A,,,
2026-03-27T13:03:46.765Z,market,trade,WINFUT,182750.0,2,,,,AGORA CTVM S/A,AGORA CTVM S/A,,,
2026-03-27T13:03:46.765Z,market,trade,WINFUT,182750.0,1,,,,BTG Pactual CTVM S.A.,IDEAL CTVM SA,,,
2026-03-27T13:03:46.765Z,market,trade,WINFUT,182750.0,14,,,,XP Investimentos CCTVM S/A,XP Investimentos CCTVM S/A,,,
2026-03-27T13:03:46.765Z,market,trade,WINFUT,182750.0,9,,,,XP Investimentos CCTVM S/A,IDEAL CTVM SA,,,
2026-03-27T13:03:46.765Z,market,trade,WINFUT,182750.0,1,,,,XP Investimentos CCTVM S/A,BTG Pactual CTVM S.A.,,,
2026-03-27T13:03:46.765Z,market,trade,WINFUT,182750.0,9,,,,XP Investimentos CCTVM S/A,IDEAL CTVM SA,,,
2026-03-27T13:03:46.765Z,market,trade,WINFUT,182750.0,7,,,,XP Investimentos CCTVM S/A,IDEAL CTVM SA,,,
2026-03-27T13:03:46.815Z,market,trade,WINFUT,182745.0,2,,,,INTER DTVM LTDA,INTER DTVM LTDA,,,
2026-03-27T13:03:46.815Z,market,trade,WINFUT,182745.0,1,,,,XP Investimentos CCTVM S/A,XP Investimentos CCTVM S/A,,,
2026-03-27T13:03:46.822Z,market,trade,WINFUT,182745.0,1,,,,IDEAL CTVM SA,XP Investimentos CCTVM S/A,,,
2026-03-27T13:03:46.822Z,market,trade,WINFUT,182745.0,2,,,,IDEAL CTVM SA,IDEAL CTVM SA,,,
2026-03-27T13:03:46.822Z,market,trade,WINFUT,182745.0,1,,,,AGORA CTVM S/A,IDEAL CTVM SA,,,
2026-03-27T13:03:46.822Z,market,trade,WINFUT,182745.0,1,,,,IDEAL CTVM SA,IDEAL CTVM SA,,,
2026-03-27T13:03:46.822Z,market,trade,WINFUT,182745.0,5,,,,INTER DTVM LTDA,IDEAL CTVM SA,,,
2026-03-27T13:03:46.822Z,market,trade,WINFUT,182745.0,9,,,,IDEAL CTVM SA,IDEAL CTVM SA,,,
2026-03-27T13:03:46.822Z,market,trade,WINFUT,182745.0,1,,,,BTG Pactual CTVM S.A.,IDEAL CTVM SA,,,
2026-03-27T13:03:46.889Z,market,trade,WINFUT,182745.0,3,,,,BTG Pactual CTVM S.A.,BTG Pactual CTVM S.A.,,,
2026-03-27T13:03:46.889Z,market,trade,WINFUT,182740.0,2,,,,BTG Pactual CTVM S.A.,BTG Pactual CTVM S.A.,,,
2026-03-27T13:03:46.947Z,market,trade,WINFUT,182745.0,1,,,,XP Investimentos CCTVM S/A,XP Investimentos CCTVM S/A,,,
2026-03-27T13:03:46.947Z,market,trade,WINFUT,182745.0,1,,,,SANTANDER CORRETORA DE TITULOS E VALORES MOBILIARIOS S.A.,SANTANDER CORRETORA DE TITULOS E VALORES MOBILIARIOS S.A.,,,
2026-03-27T13:03:46.947Z,market,trade,WINFUT,182745.0,1,,,,GENIAL INSTITUCIONAL CCTVM S.A,BTG Pactual CTVM S.A.,,,
2026-03-27T13:03:46.947Z,market,trade,WINFUT,182745.0,1,,,,GENIAL INSTITUCIONAL CCTVM S.A,AGORA CTVM S/A,,,
2026-03-27T13:03:46.948Z,market,trade,WINFUT,182745.0,1,,,,GENIAL INSTITUCIONAL CCTVM S.A,BTG Pactual CTVM S.A.,,,
2026-03-27T13:03:46.948Z,market,trade,WINFUT,182745.0,1,,,,GENIAL INSTITUCIONAL CCTVM S.A,IDEAL CTVM SA,,,
2026-03-27T13:03:46.948Z,market,trade,WINFUT,182745.0,1,,,,GENIAL INSTITUCIONAL CCTVM S.A,AGORA CTVM S/A,,,
2026-03-27T13:03:46.948Z,market,trade,WINFUT,182745.0,14,,,,XP Investimentos CCTVM S/A,XP Investimentos CCTVM S/A,,,
2026-03-27T13:03:46.948Z,market,trade,WINFUT,182745.0,2,,,,XP Investimentos CCTVM S/A,AGORA CTVM S/A,,,
2026-03-27T13:03:46.948Z,market,trade,WINFUT,182745.0,1,,,,XP Investimentos CCTVM S/A,BTG Pactual CTVM S.A.,,,
2026-03-27T13:03:46.948Z,market,trade,WINFUT,182745.0,3,,,,XP Investimentos CCTVM S/A,IDEAL CTVM SA,,,
2026-03-27T13:03:46.957Z,market,trade,WINFUT,182740.0,8,,,,BTG Pactual CTVM S.A.,BTG Pactual CTVM S.A.,,,
2026-03-27T13:03:46.973Z,market,trade,WINFUT,182745.0,1,,,,CM Capital Markets CCTVM LTDA,CM Capital Markets CCTVM LTDA,,,
2026-03-27T13:03:47.014Z,market,trade,WINFUT,182740.0,1,,,,NECTON INVESTIMENTOS S.A. CVMC,IDEAL CTVM SA,,,
2026-03-27T13:03:47.014Z,market,trade,WINFUT,182740.0,1,,,,BTG Pactual CTVM S.A.,IDEAL CTVM SA,,,
2026-03-27T13:03:47.014Z,market,trade,WINFUT,182740.0,1,,,,BTG Pactual CTVM S.A.,IDEAL CTVM SA,,,
2026-03-27T13:03:47.014Z,market,trade,WINFUT,182740.0,1,,,,GENIAL INSTITUCIONAL CCTVM S.A,GENIAL INSTITUCIONAL CCTVM S.A,,,
2026-03-27T13:03:47.015Z,market,trade,WINFUT,182740.0,1,,,,GENIAL INSTITUCIONAL CCTVM S.A,GENIAL INSTITUCIONAL CCTVM S.A,,,
2026-03-27T13:03:47.015Z,market,trade,WINFUT,182740.0,1,,,,XP Investimentos CCTVM S/A,XP Investimentos CCTVM S/A,,,
2026-03-27T13:03:47.032Z,market,trade,WINFUT,182740.0,1,,,,BTG Pactual CTVM S.A.,BTG Pactual CTVM S.A.,,,
2026-03-27T13:03:47.032Z,market,trade,WINFUT,182740.0,6,,,,BTG Pactual CTVM S.A.,BTG Pactual CTVM S.A.,,,
2026-03-27T13:03:47.033Z,market,trade,WINFUT,182740.0,3,,,,GENIAL INSTITUCIONAL CCTVM S.A,GENIAL INSTITUCIONAL CCTVM S.A,,,
2026-03-27T13:03:47.043Z,market,trade,WINFUT,182735.0,2,,,,GENIAL INSTITUCIONAL CCTVM S.A,GENIAL INSTITUCIONAL CCTVM S.A,,,
2026-03-27T13:03:47.043Z,market,trade,WINFUT,182735.0,1,,,,XP Investimentos CCTVM S/A,XP Investimentos CCTVM S/A,,,
2026-03-27T13:03:47.083Z,market,trade,WINFUT,182740.0,5,,,,XP Investimentos CCTVM S/A,XP Investimentos CCTVM S/A,,,
2026-03-27T13:03:47.084Z,market,trade,WINFUT,182740.0,1,,,,SANTANDER CORRETORA DE TITULOS E VALORES MOBILIARIOS S.A.,SANTANDER CORRETORA DE TITULOS E VALORES MOBILIARIOS S.A.,,,
2026-03-27T13:03:47.126Z,market,trade,WINFUT,182735.0,3,,,,BTG Pactual CTVM S.A.,BTG Pactual CTVM S.A.,,,
2026-03-27T13:03:47.126Z,market,trade,WINFUT,182740.0,1,,,,XP Investimentos CCTVM S/A,XP Investimentos CCTVM S/A,,,
2026-03-27T13:03:47.126Z,market,trade,WINFUT,182740.0,10,,,,XP Investimentos CCTVM S/A,XP Investimentos CCTVM S/A,,,
2026-03-27T13:03:47.126Z,market,trade,WINFUT,182740.0,4,,,,BTG Pactual CTVM S.A.,BTG Pactual CTVM S.A.,,,
2026-03-27T13:03:47.126Z,market,trade,WINFUT,182740.0,1,,,,BTG Pactual CTVM S.A.,IDEAL CTVM SA,,,
2026-03-27T13:03:47.171Z,market,trade,WINFUT,182735.0,5,,,,CM Capital Markets CCTVM LTDA,CM Capital Markets CCTVM LTDA,,,
2026-03-27T13:03:47.171Z,market,trade,WINFUT,182735.0,1,,,,XP Investimentos CCTVM S/A,XP Investimentos CCTVM S/A,,,
2026-03-27T13:03:47.171Z,market,trade,WINFUT,182740.0,1,,,,GENIAL INSTITUCIONAL CCTVM S.A,IDEAL CTVM SA,,,
2026-03-27T13:03:47.171Z,market,trade,WINFUT,182740.0,3,,,,GENIAL INSTITUCIONAL CCTVM S.A,IDEAL CTVM SA,,,
2026-03-27T13:03:47.229Z,market,trade,WINFUT,182740.0,1,,,,XP Investimentos CCTVM S/A,XP Investimentos CCTVM S/A,,,
2026-03-27T13:03:47.247Z,market,trade,WINFUT,182740.0,1,,,,BTG Pactual CTVM S.A.,BTG Pactual CTVM S.A.,,,
2026-03-27T13:03:47.247Z,market,trade,WINFUT,182735.0,1,,,,XP Investimentos CCTVM S/A,BTG Pactual CTVM S.A.,,,
2026-03-27T13:03:47.247Z,market,trade,WINFUT,182735.0,1,,,,AGORA CTVM S/A,BTG Pactual CTVM S.A.,,,
2026-03-27T13:03:47.247Z,market,trade,WINFUT,182735.0,1,,,,XP Investimentos CCTVM S/A,BTG Pactual CTVM S.A.,,,
2026-03-27T13:03:47.247Z,market,trade,WINFUT,182735.0,1,,,,BTG Pactual CTVM S.A.,BTG Pactual CTVM S.A.,,,
2026-03-27T13:03:47.247Z,market,trade,WINFUT,182735.0,1,,,,XP Investimentos CCTVM S/A,BTG Pactual CTVM S.A.,,,
2026-03-27T13:03:47.247Z,market,trade,WINFUT,182735.0,1,,,,BTG Pactual CTVM S.A.,BTG Pactual CTVM S.A.,,,
2026-03-27T13:03:47.247Z,market,trade,WINFUT,182735.0,5,,,,AGORA CTVM S/A,BTG Pactual CTVM S.A.,,,
2026-03-27T13:03:47.247Z,market,trade,WINFUT,182735.0,1,,,,BTG Pactual CTVM S.A.,BTG Pactual CTVM S.A.,,,
2026-03-27T13:03:47.247Z,market,trade,WINFUT,182735.0,1,,,,GENIAL INSTITUCIONAL CCTVM S.A,BTG Pactual CTVM S.A.,,,
2026-03-27T13:03:47.247Z,market,trade,WINFUT,182735.0,3,,,,Elliot-Warren,BTG Pactual CTVM S.A.,,,
2026-03-27T13:03:47.247Z,market,trade,WINFUT,182735.0,1,,,,GENIAL INSTITUCIONAL CCTVM S.A,BTG Pactual CTVM S.A.,,,
2026-03-27T13:03:47.247Z,market,trade,WINFUT,182735.0,7,,,,GENIAL INSTITUCIONAL CCTVM S.A,IDEAL CTVM SA,,,
2026-03-27T13:03:47.247Z,market,trade,WINFUT,182735.0,2,,,,GENIAL INSTITUCIONAL CCTVM S.A,IDEAL CTVM SA,,,
2026-03-27T13:03:47.248Z,market,trade,WINFUT,182735.0,11,,,,UBS BRASIL CCTVM S/A,IDEAL CTVM SA,,,
2026-03-27T13:03:47.248Z,market,trade,WINFUT,182735.0,7,,,,UBS BRASIL CCTVM S/A,BTG Pactual CTVM S.A.,,,
2026-03-27T13:03:47.281Z,market,trade,WINFUT,182740.0,4,,,,IDEAL CTVM SA,IDEAL CTVM SA,,,
2026-03-27T13:03:47.281Z,market,trade,WINFUT,182740.0,1,,,,IDEAL CTVM SA,BTG Pactual CTVM S.A.,,,
2026-03-27T13:03:47.281Z,market,trade,WINFUT,182740.0,1,,,,IDEAL CTVM SA,IDEAL CTVM SA,,,
2026-03-27T13:03:47.281Z,market,trade,WINFUT,182740.0,2,,,,IDEAL CTVM SA,IDEAL CTVM SA,,,
2026-03-27T13:03:47.281Z,market,trade,WINFUT,182740.0,1,,,,IDEAL CTVM SA,BTG Pactual CTVM S.A.,,,
2026-03-27T13:03:47.281Z,market,trade,WINFUT,182740.0,1,,,,IDEAL CTVM SA,BTG Pactual CTVM S.A.,,,
2026-03-27T13:03:47.338Z,market,trade,WINFUT,182740.0,1,,,,IDEAL CTVM SA,BTG Pactual CTVM S.A.,,,
2026-03-27T13:03:47.338Z,market,trade,WINFUT,182740.0,3,,,,IDEAL CTVM SA,BTG Pactual CTVM S.A.,,,
2026-03-27T13:03:47.338Z,market,trade,WINFUT,182740.0,10,,,,IDEAL CTVM SA,BTG Pactual CTVM S.A.,,,
2026-03-27T13:03:47.338Z,market,trade,WINFUT,182740.0,1,,,,BTG Pactual CTVM S.A.,BTG Pactual CTVM S.A.,,,
2026-03-27T13:03:47.338Z,market,trade,WINFUT,182740.0,9,,,,UBS BRASIL CCTVM S/A,IDEAL CTVM SA,,,
2026-03-27T13:03:47.338Z,market,trade,WINFUT,182740.0,1,,,,UBS BRASIL CCTVM S/A,AGORA CTVM S/A,,,
2026-03-27T13:03:47.338Z,market,trade,WINFUT,182740.0,1,,,,UBS BRASIL CCTVM S/A,IDEAL CTVM SA,,,
2026-03-27T13:03:47.338Z,market,trade,WINFUT,182740.0,2,,,,UBS BRASIL CCTVM S/A,IDEAL CTVM SA,,,
2026-03-27T13:03:47.338Z,market,trade,WINFUT,182740.0,1,,,,UBS BRASIL CCTVM S/A,IDEAL CTVM SA,,,
2026-03-27T13:03:47.338Z,market,trade,WINFUT,182740.0,1,,,,UBS BRASIL CCTVM S/A,BTG Pactual CTVM S.A.,,,
2026-03-27T13:03:47.338Z,market,trade,WINFUT,182740.0,1,,,,UBS BRASIL CCTVM S/A,XP Investimentos CCTVM S/A,,,
2026-03-27T13:03:47.338Z,market,trade,WINFUT,182740.0,2,,,,UBS BRASIL CCTVM S/A,XP Investimentos CCTVM S/A,,,
2026-03-27T13:03:47.338Z,market,trade,WINFUT,182740.0,3,,,,GENIAL INSTITUCIONAL CCTVM S.A,IDEAL CTVM SA,,,
2026-03-27T13:03:47.338Z,market,trade,WINFUT,182740.0,3,,,,GENIAL INSTITUCIONAL CCTVM S.A,IDEAL CTVM SA,,,
2026-03-27T13:03:47.338Z,market,trade,WINFUT,182740.0,3,,,,GENIAL INSTITUCIONAL CCTVM S.A,UBS BRASIL CCTVM S/A,,,
2026-03-27T13:03:47.338Z,market,trade,WINFUT,182740.0,1,,,,GENIAL INSTITUCIONAL CCTVM S.A,AGORA CTVM S/A,,,
2026-03-27T13:03:47.338Z,market,trade,WINFUT,182740.0,1,,,,IDEAL CTVM SA,AGORA CTVM S/A,,,
2026-03-27T13:03:47.338Z,market,trade,WINFUT,182740.0,3,,,,IDEAL CTVM SA,IDEAL CTVM SA,,,
2026-03-27T13:03:47.338Z,market,trade,WINFUT,182740.0,1,,,,IDEAL CTVM SA,IDEAL CTVM SA,,,
2026-03-27T13:03:47.338Z,market,trade,WINFUT,182740.0,1,,,,BTG Pactual CTVM S.A.,IDEAL CTVM SA,,,
2026-03-27T13:03:47.338Z,market,trade,WINFUT,182740.0,2,,,,IDEAL CTVM SA,IDEAL CTVM SA,,,
2026-03-27T13:03:47.338Z,market,trade,WINFUT,182740.0,9,,,,UBS BRASIL CCTVM S/A,IDEAL CTVM SA,,,
2026-03-27T13:03:47.338Z,market,trade,WINFUT,182740.0,1,,,,UBS BRASIL CCTVM S/A,IDEAL CTVM SA,,,
2026-03-27T13:03:47.338Z,market,trade,WINFUT,182740.0,8,,,,UBS BRASIL CCTVM S/A,IDEAL CTVM SA,,,
2026-03-27T13:03:47.349Z,market,trade,WINFUT,182735.0,2,,,,GENIAL INSTITUCIONAL CCTVM S.A,GENIAL INSTITUCIONAL CCTVM S.A,,,
2026-03-27T13:03:47.349Z,market,trade,WINFUT,182740.0,1,,,,GENIAL INSTITUCIONAL CCTVM S.A,GENIAL INSTITUCIONAL CCTVM S.A,,,
2026-03-27T13:03:47.349Z,market,trade,WINFUT,182740.0,3,,,,SANTANDER CORRETORA DE TITULOS E VALORES MOBILIARIOS S.A.,SANTANDER CORRETORA DE TITULOS E VALORES MOBILIARIOS S.A.,,,
2026-03-27T13:03:47.368Z,market,trade,WINFUT,182740.0,1,,,,BTG Pactual CTVM S.A.,BTG Pactual CTVM S.A.,,,
2026-03-27T13:03:47.368Z,market,trade,WINFUT,182735.0,3,,,,BTG Pactual CTVM S.A.,BTG Pactual CTVM S.A.,,,
2026-03-27T13:03:47.368Z,market,trade,WINFUT,182740.0,2,,,,XP Investimentos CCTVM S/A,XP Investimentos CCTVM S/A,,,
2026-03-27T13:03:47.381Z,market,trade,WINFUT,182740.0,2,,,,GOLDMAN SACHS DO BRASIL CTVM,IDEAL CTVM SA,,,
2026-03-27T13:03:47.391Z,market,trade,WINFUT,182735.0,2,,,,XP Investimentos CCTVM S/A,XP Investimentos CCTVM S/A,,,
2026-03-27T13:03:47.552Z,market,trade,WINFUT,182740.0,1,,,,GENIAL INSTITUCIONAL CCTVM S.A,GENIAL INSTITUCIONAL CCTVM S.A,,,
2026-03-27T13:03:47.553Z,market,trade,WINFUT,182740.0,2,,,,GOLDMAN SACHS DO BRASIL CTVM,IDEAL CTVM SA,,,
2026-03-27T13:03:47.553Z,market,trade,WINFUT,182735.0,1,,,,BTG Pactual CTVM S.A.,BTG Pactual CTVM S.A.,,,
2026-03-27T13:03:47.553Z,market,trade,WINFUT,182735.0,1,,,,XP Investimentos CCTVM S/A,XP Investimentos CCTVM S/A,,,
2026-03-27T13:03:47.581Z,market,trade,WINFUT,182735.0,5,,,,BTG Pactual CTVM S.A.,BTG Pactual CTVM S.A.,,,
2026-03-27T13:03:47.581Z,market,trade,WINFUT,182735.0,2,,,,BTG Pactual CTVM S.A.,BTG Pactual CTVM S.A.,,,
2026-03-27T13:03:47.595Z,market,trade,WINFUT,182735.0,2,,,,SANTANDER CORRETORA DE TITULOS E VALORES MOBILIARIOS S.A.,SANTANDER CORRETORA DE TITULOS E VALORES MOBILIARIOS S.A.,,,
2026-03-27T13:03:47.595Z,market,trade,WINFUT,182735.0,1,,,,AGORA CTVM S/A,GENIAL INSTITUCIONAL CCTVM S.A,,,
2026-03-27T13:03:47.595Z,market,trade,WINFUT,182735.0,1,,,,IDEAL CTVM SA,GENIAL INSTITUCIONAL CCTVM S.A,,,
2026-03-27T13:03:47.648Z,market,trade,WINFUT,182740.0,1,,,,XP Investimentos CCTVM S/A,XP Investimentos CCTVM S/A,,,
2026-03-27T13:03:47.648Z,market,trade,WINFUT,182740.0,3,,,,BTG Pactual CTVM S.A.,BTG Pactual CTVM S.A.,,,
2026-03-27T13:03:47.648Z,market,trade,WINFUT,182735.0,1,,,,BTG Pactual CTVM S.A.,BTG Pactual CTVM S.A.,,,
2026-03-27T13:03:47.648Z,market,trade,WINFUT,182740.0,1,,,,GOLDMAN SACHS DO BRASIL CTVM,BTG Pactual CTVM S.A.,,,
2026-03-27T13:03:47.648Z,market,trade,WINFUT,182740.0,1,,,,GOLDMAN SACHS DO BRASIL CTVM,XP Investimentos CCTVM S/A,,,
2026-03-27T13:03:47.676Z,market,trade,WINFUT,182740.0,4,,,,XP Investimentos CCTVM S/A,XP Investimentos CCTVM S/A,,,
2026-03-27T13:03:47.676Z,market,trade,WINFUT,182740.0,3,,,,XP Investimentos CCTVM S/A,XP Investimentos CCTVM S/A,,,
2026-03-27T13:03:47.676Z,market,trade,WINFUT,182740.0,3,,,,XP Investimentos CCTVM S/A,XP Investimentos CCTVM S/A,,,
2026-03-27T13:03:47.690Z,market,trade,WINFUT,182740.0,15,,,,UBS BRASIL CCTVM S/A,CM Capital Markets CCTVM LTDA,,,
2026-03-27T13:03:47.691Z,market,trade,WINFUT,182740.0,1,,,,UBS BRASIL CCTVM S/A,BTG Pactual CTVM S.A.,,,
2026-03-27T13:03:47.691Z,market,trade,WINFUT,182740.0,2,,,,UBS BRASIL CCTVM S/A,BTG Pactual CTVM S.A.,,,
2026-03-27T13:03:47.691Z,market,trade,WINFUT,182740.0,32,,,,IDEAL CTVM SA,BTG Pactual CTVM S.A.,,,
2026-03-27T13:03:47.692Z,market,trade,WINFUT,182740.0,6,,,,IDEAL CTVM SA,BTG Pactual CTVM S.A.,,,
2026-03-27T13:03:47.693Z,market,trade,WINFUT,182740.0,1,,,,BTG Pactual CTVM S.A.,IDEAL CTVM SA,,,
2026-03-27T13:03:47.693Z,market,trade,WINFUT,182740.0,1,,,,AGORA CTVM S/A,IDEAL CTVM SA,,,
2026-03-27T13:03:47.694Z,market,trade,WINFUT,182740.0,1,,,,AGORA CTVM S/A,IDEAL CTVM SA,,,
2026-03-27T13:03:47.694Z,market,trade,WINFUT,182740.0,2,,,,AGORA CTVM S/A,IDEAL CTVM SA,,,
2026-03-27T13:03:47.694Z,market,trade,WINFUT,182740.0,4,,,,AGORA CTVM S/A,IDEAL CTVM SA,,,
2026-03-27T13:03:47.694Z,market,trade,WINFUT,182740.0,3,,,,AGORA CTVM S/A,IDEAL CTVM SA,,,
2026-03-27T13:03:47.742Z,market,trade,WINFUT,182740.0,1,,,,XP Investimentos CCTVM S/A,XP Investimentos CCTVM S/A,,,
2026-03-27T13:03:47.742Z,market,trade,WINFUT,182745.0,3,,,,BTG Pactual CTVM S.A.,BTG Pactual CTVM S.A.,,,
2026-03-27T13:03:47.743Z,market,trade,WINFUT,182745.0,10,,,,ITAU CV S/A,ITAU CV S/A,,,
2026-03-27T13:03:47.812Z,market,trade,WINFUT,182745.0,7,,,,UBS BRASIL CCTVM S/A,IDEAL CTVM SA,,,
2026-03-27T13:03:47.812Z,market,trade,WINFUT,182745.0,1,,,,UBS BRASIL CCTVM S/A,AGORA CTVM S/A,,,
2026-03-27T13:03:47.812Z,market,trade,WINFUT,182745.0,1,,,,UBS BRASIL CCTVM S/A,BTG Pactual CTVM S.A.,,,
2026-03-27T13:03:47.813Z,market,trade,WINFUT,182745.0,9,,,,UBS BRASIL CCTVM S/A,IDEAL CTVM SA,,,
2026-03-27T13:03:47.813Z,market,trade,WINFUT,182740.0,10,,,,XP Investimentos CCTVM S/A,XP Investimentos CCTVM S/A,,,
2026-03-27T13:03:47.813Z,market,trade,WINFUT,182745.0,5,,,,XP Investimentos CCTVM S/A,XP Investimentos CCTVM S/A,,,
2026-03-27T13:03:47.813Z,market,trade,WINFUT,182745.0,3,,,,IDEAL CTVM SA,BTG Pactual CTVM S.A.,,,
2026-03-27T13:03:47.813Z,market,trade,WINFUT,182745.0,1,,,,IDEAL CTVM SA,AGORA CTVM S/A,,,
2026-03-27T13:03:47.813Z,market,trade,WINFUT,182745.0,1,,,,IDEAL CTVM SA,BTG Pactual CTVM S.A.,,,
2026-03-27T13:03:47.876Z,market,trade,WINFUT,182750.0,1,,,,IDEAL CTVM SA,BTG Pactual CTVM S.A.,,,
2026-03-27T13:03:47.876Z,market,trade,WINFUT,182750.0,1,,,,IDEAL CTVM SA,BTG Pactual CTVM S.A.,,,
2026-03-27T13:03:47.876Z,market,trade,WINFUT,182750.0,1,,,,IDEAL CTVM SA,BTG Pactual CTVM S.A.,,,
2026-03-27T13:03:47.876Z,market,trade,WINFUT,182750.0,3,,,,IDEAL CTVM SA,NOVA FUTURA CTVM LTDA,,,
2026-03-27T13:03:47.876Z,market,trade,WINFUT,182750.0,1,,,,GENIAL INSTITUCIONAL CCTVM S.A,NOVA FUTURA CTVM LTDA,,,
2026-03-27T13:03:47.876Z,market,trade,WINFUT,182750.0,1,,,,IDEAL CTVM SA,NOVA FUTURA CTVM LTDA,,,
2026-03-27T13:03:47.876Z,market,trade,WINFUT,182750.0,1,,,,IDEAL CTVM SA,XP Investimentos CCTVM S/A,,,
2026-03-27T13:03:47.876Z,market,trade,WINFUT,182755.0,4,,,,IDEAL CTVM SA,IDEAL CTVM SA,,,
2026-03-27T13:03:47.876Z,market,trade,WINFUT,182755.0,1,,,,IDEAL CTVM SA,AGORA CTVM S/A,,,
2026-03-27T13:03:47.876Z,market,trade,WINFUT,182755.0,2,,,,IDEAL CTVM SA,NOVA FUTURA CTVM LTDA,,,
2026-03-27T13:03:47.876Z,market,trade,WINFUT,182755.0,1,,,,BTG Pactual CTVM S.A.,BTG Pactual CTVM S.A.,,,
2026-03-27T13:03:47.876Z,market,trade,WINFUT,182755.0,1,,,,BTG Pactual CTVM S.A.,BTG Pactual CTVM S.A.,,,
2026-03-27T13:03:47.876Z,market,trade,WINFUT,182755.0,1,,,,BTG Pactual CTVM S.A.,BTG Pactual CTVM S.A.,,,
2026-03-27T13:03:47.876Z,market,trade,WINFUT,182755.0,1,,,,BTG Pactual CTVM S.A.,BTG Pactual CTVM S.A.,,,
2026-03-27T13:03:47.876Z,market,trade,WINFUT,182755.0,3,,,,IDEAL CTVM SA,NOVA FUTURA CTVM LTDA,,,
2026-03-27T13:03:47.876Z,market,trade,WINFUT,182755.0,5,,,,IDEAL CTVM SA,NOVA FUTURA CTVM LTDA,,,
2026-03-27T13:03:47.876Z,market,trade,WINFUT,182755.0,2,,,,IDEAL CTVM SA,NOVA FUTURA CTVM LTDA,,,
2026-03-27T13:03:47.876Z,market,trade,WINFUT,182750.0,10,,,,IDEAL CTVM SA,IDEAL CTVM SA,,,
2026-03-27T13:03:47.876Z,market,trade,WINFUT,182750.0,1,,,,BTG Pactual CTVM S.A.,IDEAL CTVM SA,,,
2026-03-27T13:03:47.876Z,market,trade,WINFUT,182750.0,1,,,,AGORA CTVM S/A,IDEAL CTVM SA,,,
2026-03-27T13:03:47.876Z,market,trade,WINFUT,182750.0,1,,,,BTG Pactual CTVM S.A.,IDEAL CTVM SA,,,
2026-03-27T13:03:47.877Z,market,trade,WINFUT,182745.0,1,,,,IDEAL CTVM SA,XP Investimentos CCTVM S/A,,,
2026-03-27T13:03:47.950Z,market,trade,WINFUT,182750.0,2,,,,XP Investimentos CCTVM S/A,XP Investimentos CCTVM S/A,,,
2026-03-27T13:03:47.951Z,market,trade,WINFUT,182750.0,1,,,,BTG Pactual CTVM S.A.,BTG Pactual CTVM S.A.,,,
2026-03-27T13:03:48.050Z,market,trade,WINFUT,182750.0,1,,,,BTG Pactual CTVM S.A.,BTG Pactual CTVM S.A.,,,
2026-03-27T13:03:48.050Z,market,trade,WINFUT,182750.0,1,,,,IDEAL CTVM SA,IDEAL CTVM SA,,,
2026-03-27T13:03:48.050Z,market,trade,WINFUT,182750.0,9,,,,IDEAL CTVM SA,IDEAL CTVM SA,,,
2026-03-27T13:03:48.050Z,market,trade,WINFUT,182750.0,1,,,,BTG Pactual CTVM S.A.,IDEAL CTVM SA,,,
2026-03-27T13:03:48.050Z,market,trade,WINFUT,182750.0,5,,,,IDEAL CTVM SA,IDEAL CTVM SA,,,
2026-03-27T13:03:48.050Z,market,trade,WINFUT,182750.0,1,,,,AGORA CTVM S/A,IDEAL CTVM SA,,,
2026-03-27T13:03:48.050Z,market,trade,WINFUT,182750.0,1,,,,BTG Pactual CTVM S.A.,IDEAL CTVM SA,,,
2026-03-27T13:03:48.050Z,market,trade,WINFUT,182745.0,2,,,,SANTANDER CORRETORA DE TITULOS E VALORES MOBILIARIOS S.A.,SANTANDER CORRETORA DE TITULOS E VALORES MOBILIARIOS S.A.,,,
2026-03-27T13:03:48.050Z,market,trade,WINFUT,182745.0,1,,,,Elliot-Warren,Elliot-Warren,,,
2026-03-27T13:03:48.050Z,market,trade,WINFUT,182745.0,1,,,,BTG Pactual CTVM S.A.,BTG Pactual CTVM S.A.,,,
2026-03-27T13:03:48.051Z,market,trade,WINFUT,182750.0,1,,,,IDEAL CTVM SA,BTG Pactual CTVM S.A.,,,
2026-03-27T13:03:48.051Z,market,trade,WINFUT,182750.0,2,,,,IDEAL CTVM SA,GENIAL INSTITUCIONAL CCTVM S.A,,,
2026-03-27T13:03:48.116Z,market,trade,WINFUT,182750.0,14,,,,BTG Pactual CTVM S.A.,BTG Pactual CTVM S.A.,,,
2026-03-27T13:03:48.116Z,market,trade,WINFUT,182750.0,7,,,,IDEAL CTVM SA,BTG Pactual CTVM S.A.,,,
2026-03-27T13:03:48.116Z,market,trade,WINFUT,182750.0,1,,,,BTG Pactual CTVM S.A.,BTG Pactual CTVM S.A.,,,
2026-03-27T13:03:48.116Z,market,trade,WINFUT,182750.0,9,,,,IDEAL CTVM SA,BTG Pactual CTVM S.A.,,,
2026-03-27T13:03:48.116Z,market,trade,WINFUT,182750.0,18,,,,UBS BRASIL CCTVM S/A,BTG Pactual CTVM S.A.,,,
2026-03-27T13:03:48.116Z,market,trade,WINFUT,182750.0,1,,,,XP Investimentos CCTVM S/A,BTG Pactual CTVM S.A.,,,
2026-03-27T13:03:48.116Z,market,trade,WINFUT,182750.0,3,,,,GENIAL INSTITUCIONAL CCTVM S.A,IDEAL CTVM SA,,,
2026-03-27T13:03:48.116Z,market,trade,WINFUT,182755.0,2,,,,GENIAL INSTITUCIONAL CCTVM S.A,NOVA FUTURA CTVM LTDA,,,
2026-03-27T13:03:48.116Z,market,trade,WINFUT,182750.0,4,,,,XP Investimentos CCTVM S/A,XP Investimentos CCTVM S/A,,,
2026-03-27T13:03:48.116Z,market,trade,WINFUT,182750.0,1,,,,XP Investimentos CCTVM S/A,XP Investimentos CCTVM S/A,,,
2026-03-27T13:03:48.116Z,market,trade,WINFUT,182750.0,5,,,,XP Investimentos CCTVM S/A,XP Investimentos CCTVM S/A,,,
2026-03-27T13:03:48.137Z,market,trade,WINFUT,182750.0,1,,,,SANTANDER CORRETORA DE TITULOS E VALORES MOBILIARIOS S.A.,SANTANDER CORRETORA DE TITULOS E VALORES MOBILIARIOS S.A.,,,
2026-03-27T13:03:48.138Z,market,trade,WINFUT,182750.0,1,,,,GENIAL INSTITUCIONAL CCTVM S.A,GENIAL INSTITUCIONAL CCTVM S.A,,,
2026-03-27T13:03:48.138Z,market,trade,WINFUT,182750.0,1,,,,BTG Pactual CTVM S.A.,BTG Pactual CTVM S.A.,,,
2026-03-27T13:03:48.237Z,market,trade,WINFUT,182745.0,5,,,,XP Investimentos CCTVM S/A,XP Investimentos CCTVM S/A,,,
2026-03-27T13:03:48.352Z,market,trade,WINFUT,182745.0,1,,,,XP Investimentos CCTVM S/A,XP Investimentos CCTVM S/A,,,
2026-03-27T13:03:48.352Z,market,trade,WINFUT,182750.0,1,,,,IDEAL CTVM SA,BTG Pactual CTVM S.A.,,,
2026-03-27T13:03:48.373Z,market,trade,WINFUT,182755.0,1,,,,SANTANDER CORRETORA DE TITULOS E VALORES MOBILIARIOS S.A.,SANTANDER CORRETORA DE TITULOS E VALORES MOBILIARIOS S.A.,,,
2026-03-27T13:03:48.387Z,market,trade,WINFUT,182755.0,1,,,,SANTANDER CORRETORA DE TITULOS E VALORES MOBILIARIOS S.A.,SANTANDER CORRETORA DE TITULOS E VALORES MOBILIARIOS S.A.,,,
2026-03-27T13:03:48.387Z,market,trade,WINFUT,182750.0,14,,,,XP Investimentos CCTVM S/A,XP Investimentos CCTVM S/A,,,
2026-03-27T13:03:48.388Z,market,trade,WINFUT,182750.0,10,,,,IDEAL CTVM SA,XP Investimentos CCTVM S/A,,,
2026-03-27T13:03:48.388Z,market,trade,WINFUT,182750.0,1,,,,BTG Pactual CTVM S.A.,XP Investimentos CCTVM S/A,,,
2026-03-27T13:03:48.428Z,market,trade,WINFUT,182745.0,1,,,,SANTANDER CORRETORA DE TITULOS E VALORES MOBILIARIOS S.A.,SANTANDER CORRETORA DE TITULOS E VALORES MOBILIARIOS S.A.,,,
2026-03-27T13:03:48.491Z,market,trade,WINFUT,182750.0,1,,,,IDEAL CTVM SA,BTG Pactual CTVM S.A.,,,
2026-03-27T13:03:48.491Z,market,trade,WINFUT,182750.0,1,,,,IDEAL CTVM SA,GENIAL INSTITUCIONAL CCTVM S.A,,,
2026-03-27T13:03:48.491Z,market,trade,WINFUT,182750.0,1,,,,IDEAL CTVM SA,GENIAL INSTITUCIONAL CCTVM S.A,,,
2026-03-27T13:03:48.536Z,market,trade,WINFUT,182755.0,1,,,,BTG Pactual CTVM S.A.,BTG Pactual CTVM S.A.,,,
2026-03-27T13:03:48.556Z,market,trade,WINFUT,182755.0,3,,,,XP Investimentos CCTVM S/A,XP Investimentos CCTVM S/A,,,
2026-03-27T13:03:48.556Z,market,trade,WINFUT,182755.0,1,,,,XP Investimentos CCTVM S/A,XP Investimentos CCTVM S/A,,,
2026-03-27T13:03:48.557Z,market,trade,WINFUT,182755.0,1,,,,GENIAL INSTITUCIONAL CCTVM S.A,NOVA FUTURA CTVM LTDA,,,
2026-03-27T13:03:48.557Z,market,trade,WINFUT,182755.0,1,,,,GENIAL INSTITUCIONAL CCTVM S.A,BTG Pactual CTVM S.A.,,,
2026-03-27T13:03:48.557Z,market,trade,WINFUT,182755.0,2,,,,GENIAL INSTITUCIONAL CCTVM S.A,Elliot-Warren,,,
2026-03-27T13:03:48.557Z,market,trade,WINFUT,182755.0,1,,,,GENIAL INSTITUCIONAL CCTVM S.A,BTG Pactual CTVM S.A.,,,
2026-03-27T13:03:48.557Z,market,trade,WINFUT,182755.0,3,,,,GENIAL INSTITUCIONAL CCTVM S.A,GENIAL INSTITUCIONAL CCTVM S.A,,,
2026-03-27T13:03:48.557Z,market,trade,WINFUT,182755.0,3,,,,GENIAL INSTITUCIONAL CCTVM S.A,GENIAL INSTITUCIONAL CCTVM S.A,,,
2026-03-27T13:03:48.557Z,market,trade,WINFUT,182755.0,1,,,,GENIAL INSTITUCIONAL CCTVM S.A,NOVA FUTURA CTVM LTDA,,,
2026-03-27T13:03:48.557Z,market,trade,WINFUT,182755.0,1,,,,GENIAL INSTITUCIONAL CCTVM S.A,AGORA CTVM S/A,,,
2026-03-27T13:03:48.557Z,market,trade,WINFUT,182755.0,9,,,,GENIAL INSTITUCIONAL CCTVM S.A,IDEAL CTVM SA,,,
2026-03-27T13:03:48.557Z,market,trade,WINFUT,182755.0,7,,,,GENIAL INSTITUCIONAL CCTVM S.A,IDEAL CTVM SA,,,
2026-03-27T13:03:48.557Z,market,trade,WINFUT,182755.0,1,,,,GENIAL INSTITUCIONAL CCTVM S.A,BTG Pactual CTVM S.A.,,,
2026-03-27T13:03:48.557Z,market,trade,WINFUT,182755.0,1,,,,GENIAL INSTITUCIONAL CCTVM S.A,BTG Pactual CTVM S.A.,,,
2026-03-27T13:03:48.662Z,market,trade,WINFUT,182755.0,1,,,,GENIAL INSTITUCIONAL CCTVM S.A,BTG Pactual CTVM S.A.,,,
2026-03-27T13:03:48.662Z,market,trade,WINFUT,182755.0,18,,,,GENIAL INSTITUCIONAL CCTVM S.A,UBS BRASIL CCTVM S/A,,,
2026-03-27T13:03:48.662Z,market,trade,WINFUT,182755.0,5,,,,GENIAL INSTITUCIONAL CCTVM S.A,IDEAL CTVM SA,,,
2026-03-27T13:03:48.663Z,market,trade,WINFUT,182755.0,4,,,,GENIAL INSTITUCIONAL CCTVM S.A,BTG Pactual CTVM S.A.,,,
2026-03-27T13:03:48.663Z,market,trade,WINFUT,182755.0,1,,,,GENIAL INSTITUCIONAL CCTVM S.A,XP Investimentos CCTVM S/A,,,
2026-03-27T13:03:48.663Z,market,trade,WINFUT,182755.0,7,,,,GENIAL INSTITUCIONAL CCTVM S.A,IDEAL CTVM SA,,,
2026-03-27T13:03:48.663Z,market,trade,WINFUT,182755.0,9,,,,GENIAL INSTITUCIONAL CCTVM S.A,IDEAL CTVM SA,,,
2026-03-27T13:03:48.663Z,market,trade,WINFUT,182755.0,36,,,,GENIAL INSTITUCIONAL CCTVM S.A,GENIAL INSTITUCIONAL CCTVM S.A,,,
2026-03-27T13:03:48.663Z,market,trade,WINFUT,182755.0,8,,,,GENIAL INSTITUCIONAL CCTVM S.A,GENIAL INSTITUCIONAL CCTVM S.A,,,
2026-03-27T13:03:48.663Z,market,trade,WINFUT,182755.0,1,,,,XP Investimentos CCTVM S/A,IDEAL CTVM SA,,,
2026-03-27T13:03:48.663Z,market,trade,WINFUT,182755.0,1,,,,GENIAL INSTITUCIONAL CCTVM S.A,AGORA CTVM S/A,,,
2026-03-27T13:03:48.663Z,market,trade,WINFUT,182755.0,1,,,,GENIAL INSTITUCIONAL CCTVM S.A,BTG Pactual CTVM S.A.,,,
2026-03-27T13:03:48.663Z,market,trade,WINFUT,182755.0,1,,,,GENIAL INSTITUCIONAL CCTVM S.A,XP Investimentos CCTVM S/A,,,
2026-03-27T13:03:48.663Z,market,trade,WINFUT,182755.0,4,,,,GENIAL INSTITUCIONAL CCTVM S.A,XP Investimentos CCTVM S/A,,,
2026-03-27T13:03:48.663Z,market,trade,WINFUT,182755.0,9,,,,GENIAL INSTITUCIONAL CCTVM S.A,IDEAL CTVM SA,,,
2026-03-27T13:03:48.663Z,market,trade,WINFUT,182760.0,1,,,,GENIAL INSTITUCIONAL CCTVM S.A,IDEAL CTVM SA,,,
2026-03-27T13:03:48.663Z,market,trade,WINFUT,182760.0,9,,,,GENIAL INSTITUCIONAL CCTVM S.A,IDEAL CTVM SA,,,
2026-03-27T13:03:48.663Z,market,trade,WINFUT,182760.0,9,,,,GENIAL INSTITUCIONAL CCTVM S.A,IDEAL CTVM SA,,,
2026-03-27T13:03:48.663Z,market,trade,WINFUT,182760.0,1,,,,GENIAL INSTITUCIONAL CCTVM S.A,XP Investimentos CCTVM S/A,,,
2026-03-27T13:03:48.663Z,market,trade,WINFUT,182760.0,1,,,,NOVA FUTURA CTVM LTDA,XP Investimentos CCTVM S/A,,,
2026-03-27T13:03:48.663Z,market,trade,WINFUT,182755.0,4,,,,BTG Pactual CTVM S.A.,BTG Pactual CTVM S.A.,,,
2026-03-27T13:03:48.663Z,market,trade,WINFUT,182755.0,8,,,,XP Investimentos CCTVM S/A,XP Investimentos CCTVM S/A,,,
2026-03-27T13:03:48.663Z,market,trade,WINFUT,182755.0,1,,,,BTG Pactual CTVM S.A.,IDEAL CTVM SA,,,
2026-03-27T13:03:48.663Z,market,trade,WINFUT,182755.0,4,,,,XP Investimentos CCTVM S/A,IDEAL CTVM SA,,,
2026-03-27T13:03:48.663Z,market,trade,WINFUT,182755.0,1,,,,XP Investimentos CCTVM S/A,IDEAL CTVM SA,,,
2026-03-27T13:03:48.664Z,market,trade,WINFUT,182750.0,1,,,,AGORA CTVM S/A,IDEAL CTVM SA,,,
2026-03-27T13:03:48.664Z,market,trade,WINFUT,182750.0,1,,,,BTG Pactual CTVM S.A.,IDEAL CTVM SA,,,
2026-03-27T13:03:48.713Z,market,trade,WINFUT,182750.0,4,,,,BTG Pactual CTVM S.A.,BTG Pactual CTVM S.A.,,,
2026-03-27T13:03:48.738Z,market,trade,WINFUT,182750.0,1,,,,XP Investimentos CCTVM S/A,XP Investimentos CCTVM S/A,,,
2026-03-27T13:03:48.738Z,market,trade,WINFUT,182745.0,3,,,,BTG Pactual CTVM S.A.,BTG Pactual CTVM S.A.,,,
2026-03-27T13:03:48.739Z,market,trade,WINFUT,182745.0,8,,,,IDEAL CTVM SA,AGORA CTVM S/A,,,
2026-03-27T13:03:48.739Z,market,trade,WINFUT,182745.0,3,,,,IDEAL CTVM SA,AGORA CTVM S/A,,,
2026-03-27T13:03:48.739Z,market,trade,WINFUT,182745.0,1,,,,IDEAL CTVM SA,AGORA CTVM S/A,,,
2026-03-27T13:03:48.747Z,market,trade,WINFUT,182750.0,1,,,,SANTANDER CORRETORA DE TITULOS E VALORES MOBILIARIOS S.A.,IDEAL CTVM SA,,,
2026-03-27T13:03:48.766Z,market,trade,WINFUT,182745.0,1,,,,XP Investimentos CCTVM S/A,XP Investimentos CCTVM S/A,,,
2026-03-27T13:03:48.779Z,market,trade,WINFUT,182750.0,1,,,,XP Investimentos CCTVM S/A,XP Investimentos CCTVM S/A,,,
2026-03-27T13:03:48.779Z,market,trade,WINFUT,182750.0,2,,,,XP Investimentos CCTVM S/A,XP Investimentos CCTVM S/A,,,
2026-03-27T13:03:48.779Z,market,trade,WINFUT,182745.0,2,,,,IDEAL CTVM SA,GENIAL INSTITUCIONAL CCTVM S.A,,,
2026-03-27T13:03:48.779Z,market,trade,WINFUT,182750.0,1,,,,C6 CTVM LTDA,IDEAL CTVM SA,,,
2026-03-27T13:03:48.782Z,market,trade,WINFUT,182750.0,1,,,,ITAU CV S/A,ITAU CV S/A,,,
2026-03-27T13:03:48.809Z,market,trade,WINFUT,182750.0,1,,,,XP Investimentos CCTVM S/A,XP Investimentos CCTVM S/A,,,
2026-03-27T13:03:48.809Z,market,trade,WINFUT,182750.0,1,,,,XP Investimentos CCTVM S/A,XP Investimentos CCTVM S/A,,,
2026-03-27T13:03:48.842Z,market,trade,WINFUT,182750.0,14,,,,BTG Pactual CTVM S.A.,BTG Pactual CTVM S.A.,,,
2026-03-27T13:03:48.842Z,market,trade,WINFUT,182750.0,7,,,,BTG Pactual CTVM S.A.,IDEAL CTVM SA,,,
2026-03-27T13:03:48.842Z,market,trade,WINFUT,182750.0,4,,,,BTG Pactual CTVM S.A.,UBS BRASIL CCTVM S/A,,,
2026-03-27T13:03:48.876Z,market,trade,WINFUT,182750.0,1,,,,SANTANDER CORRETORA DE TITULOS E VALORES MOBILIARIOS S.A.,UBS BRASIL CCTVM S/A,,,
2026-03-27T13:03:48.887Z,market,trade,WINFUT,182750.0,10,,,,XP Investimentos CCTVM S/A,XP Investimentos CCTVM S/A,,,
2026-03-27T13:03:48.887Z,market,trade,WINFUT,182745.0,1,,,,IDEAL CTVM SA,Elliot-Warren,,,
2026-03-27T13:03:48.926Z,market,trade,WINFUT,182745.0,5,,,,XP Investimentos CCTVM S/A,XP Investimentos CCTVM S/A,,,
2026-03-27T13:03:49.043Z,market,trade,WINFUT,182750.0,1,,,,SANTANDER CORRETORA DE TITULOS E VALORES MOBILIARIOS S.A.,BTG Pactual CTVM S.A.,,,
2026-03-27T13:03:49.043Z,market,trade,WINFUT,182750.0,1,,,,GENIAL INSTITUCIONAL CCTVM S.A,BTG Pactual CTVM S.A.,,,
2026-03-27T13:03:49.096Z,market,trade,WINFUT,182750.0,1,,,,GENIAL INSTITUCIONAL CCTVM S.A,UBS BRASIL CCTVM S/A,,,
2026-03-27T13:03:49.096Z,market,trade,WINFUT,182750.0,5,,,,XP Investimentos CCTVM S/A,UBS BRASIL CCTVM S/A,,,
2026-03-27T13:03:49.118Z,market,trade,WINFUT,182750.0,12,,,,GENIAL INSTITUCIONAL CCTVM S.A,UBS BRASIL CCTVM S/A,,,
2026-03-27T13:03:49.128Z,market,trade,WINFUT,182750.0,10,,,,GENIAL INSTITUCIONAL CCTVM S.A,GENIAL INSTITUCIONAL CCTVM S.A,,,
2026-03-27T13:03:49.182Z,market,trade,WINFUT,182750.0,1,,,,XP Investimentos CCTVM S/A,BTG Pactual CTVM S.A.,,,
2026-03-27T13:03:49.182Z,market,trade,WINFUT,182750.0,1,,,,XP Investimentos CCTVM S/A,XP Investimentos CCTVM S/A,,,
2026-03-27T13:03:49.182Z,market,trade,WINFUT,182750.0,9,,,,XP Investimentos CCTVM S/A,IDEAL CTVM SA,,,
2026-03-27T13:03:49.182Z,market,trade,WINFUT,182750.0,1,,,,XP Investimentos CCTVM S/A,XP Investimentos CCTVM S/A,,,
2026-03-27T13:03:49.182Z,market,trade,WINFUT,182750.0,10,,,,XP Investimentos CCTVM S/A,TERRA INVESTIMENTOS DTVM LTDA,,,
2026-03-27T13:03:49.182Z,market,trade,WINFUT,182750.0,1,,,,XP Investimentos CCTVM S/A,BTG Pactual CTVM S.A.,,,
2026-03-27T13:03:49.182Z,market,trade,WINFUT,182755.0,1,,,,XP Investimentos CCTVM S/A,IDEAL CTVM SA,,,
2026-03-27T13:03:49.182Z,market,trade,WINFUT,182755.0,9,,,,XP Investimentos CCTVM S/A,IDEAL CTVM SA,,,
2026-03-27T13:03:49.182Z,market,trade,WINFUT,182755.0,9,,,,XP Investimentos CCTVM S/A,IDEAL CTVM SA,,,
2026-03-27T13:03:49.182Z,market,trade,WINFUT,182755.0,8,,,,XP Investimentos CCTVM S/A,IDEAL CTVM SA,,,
2026-03-27T13:03:49.182Z,market,trade,WINFUT,182755.0,1,,,,XP Investimentos CCTVM S/A,IDEAL CTVM SA,,,
2026-03-27T13:03:49.182Z,market,trade,WINFUT,182750.0,1,,,,BTG Pactual CTVM S.A.,BTG Pactual CTVM S.A.,,,
2026-03-27T13:03:49.182Z,market,trade,WINFUT,182755.0,1,,,,XP Investimentos CCTVM S/A,AGORA CTVM S/A,,,
2026-03-27T13:03:49.182Z,market,trade,WINFUT,182755.0,1,,,,XP Investimentos CCTVM S/A,IDEAL CTVM SA,,,
2026-03-27T13:03:49.183Z,market,trade,WINFUT,182750.0,10,,,,UBS BRASIL CCTVM S/A,IDEAL CTVM SA,,,
2026-03-27T13:03:49.183Z,market,trade,WINFUT,182750.0,5,,,,UBS BRASIL CCTVM S/A,XP Investimentos CCTVM S/A,,,
2026-03-27T13:03:49.183Z,market,trade,WINFUT,182750.0,3,,,,UBS BRASIL CCTVM S/A,IDEAL CTVM SA,,,
2026-03-27T13:03:49.183Z,market,trade,WINFUT,182750.0,3,,,,IDEAL CTVM SA,IDEAL CTVM SA,,,
2026-03-27T13:03:49.275Z,market,trade,WINFUT,182745.0,1,,,,XP Investimentos CCTVM S/A,XP Investimentos CCTVM S/A,,,
2026-03-27T13:03:49.275Z,market,trade,WINFUT,182750.0,1,,,,XP Investimentos CCTVM S/A,XP Investimentos CCTVM S/A,,,
2026-03-27T13:03:49.275Z,market,trade,WINFUT,182745.0,1,,,,XP Investimentos CCTVM S/A,XP Investimentos CCTVM S/A,,,
2026-03-27T13:03:49.275Z,market,trade,WINFUT,182750.0,3,,,,IDEAL CTVM SA,AGORA CTVM S/A,,,
2026-03-27T13:03:49.275Z,market,trade,WINFUT,182750.0,1,,,,IDEAL CTVM SA,AGORA CTVM S/A,,,
2026-03-27T13:03:49.275Z,market,trade,WINFUT,182750.0,1,,,,IDEAL CTVM SA,BTG Pactual CTVM S.A.,,,
2026-03-27T13:03:49.275Z,market,trade,WINFUT,182755.0,1,,,,IDEAL CTVM SA,BTG Pactual CTVM S.A.,,,
2026-03-27T13:03:49.275Z,market,trade,WINFUT,182755.0,1,,,,IDEAL CTVM SA,BTG Pactual CTVM S.A.,,,
2026-03-27T13:03:49.275Z,market,trade,WINFUT,182755.0,2,,,,IDEAL CTVM SA,BTG Pactual CTVM S.A.,,,
2026-03-27T13:03:49.275Z,market,trade,WINFUT,182755.0,1,,,,IDEAL CTVM SA,AGORA CTVM S/A,,,
2026-03-27T13:03:49.275Z,market,trade,WINFUT,182755.0,4,,,,IDEAL CTVM SA,IDEAL CTVM SA,,,
2026-03-27T13:03:49.340Z,market,trade,WINFUT,182755.0,1,,,,IDEAL CTVM SA,BTG Pactual CTVM S.A.,,,
2026-03-27T13:03:49.341Z,market,trade,WINFUT,182755.0,1,,,,IDEAL CTVM SA,BTG Pactual CTVM S.A.,,,
2026-03-27T13:03:49.341Z,market,trade,WINFUT,182755.0,1,,,,GENIAL INSTITUCIONAL CCTVM S.A,AGORA CTVM S/A,,,
2026-03-27T13:03:49.438Z,market,trade,WINFUT,182755.0,5,,,,BTG Pactual CTVM S.A.,BTG Pactual CTVM S.A.,,,
2026-03-27T13:03:49.438Z,market,trade,WINFUT,182755.0,5,,,,XP Investimentos CCTVM S/A,XP Investimentos CCTVM S/A,,,
2026-03-27T13:03:49.438Z,market,trade,WINFUT,182760.0,2,,,,SANTANDER CORRETORA DE TITULOS E VALORES MOBILIARIOS S.A.,XP Investimentos CCTVM S/A,,,
2026-03-27T13:03:49.438Z,market,trade,WINFUT,182760.0,1,,,,SANTANDER CORRETORA DE TITULOS E VALORES MOBILIARIOS S.A.,BTG Pactual CTVM S.A.,,,
2026-03-27T13:03:49.438Z,market,trade,WINFUT,182760.0,1,,,,SANTANDER CORRETORA DE TITULOS E VALORES MOBILIARIOS S.A.,BTG Pactual CTVM S.A.,,,
2026-03-27T13:03:49.438Z,market,trade,WINFUT,182760.0,1,,,,SANTANDER CORRETORA DE TITULOS E VALORES MOBILIARIOS S.A.,IDEAL CTVM SA,,,
2026-03-27T13:03:49.438Z,market,trade,WINFUT,182755.0,1,,,,BTG Pactual CTVM S.A.,XP Investimentos CCTVM S/A,,,
2026-03-27T13:03:49.459Z,market,trade,WINFUT,182755.0,3,,,,BTG Pactual CTVM S.A.,BTG Pactual CTVM S.A.,,,
2026-03-27T13:03:49.459Z,market,trade,WINFUT,182755.0,1,,,,AGORA CTVM S/A,IDEAL CTVM SA,,,
2026-03-27T13:03:49.459Z,market,trade,WINFUT,182755.0,1,,,,IDEAL CTVM SA,IDEAL CTVM SA,,,
2026-03-27T13:03:49.459Z,market,trade,WINFUT,182755.0,3,,,,GENIAL INSTITUCIONAL CCTVM S.A,IDEAL CTVM SA,,,
2026-03-27T13:03:49.459Z,market,trade,WINFUT,182755.0,1,,,,BTG Pactual CTVM S.A.,IDEAL CTVM SA,,,
2026-03-27T13:03:49.543Z,market,trade,WINFUT,182750.0,1,,,,XP Investimentos CCTVM S/A,XP Investimentos CCTVM S/A,,,
2026-03-27T13:03:49.611Z,market,trade,WINFUT,182750.0,2,,,,GENIAL INSTITUCIONAL CCTVM S.A,GENIAL INSTITUCIONAL CCTVM S.A,,,
2026-03-27T13:03:49.611Z,market,trade,WINFUT,182750.0,1,,,,GENIAL INSTITUCIONAL CCTVM S.A,GENIAL INSTITUCIONAL CCTVM S.A,,,
2026-03-27T13:03:49.628Z,market,trade,WINFUT,182755.0,1,,,,GENIAL INSTITUCIONAL CCTVM S.A,BTG Pactual CTVM S.A.,,,
2026-03-27T13:03:49.660Z,market,trade,WINFUT,182755.0,1,,,,Elliot-Warren,AGORA CTVM S/A,,,
2026-03-27T13:03:49.660Z,market,trade,WINFUT,182755.0,1,,,,Elliot-Warren,BTG Pactual CTVM S.A.,,,
2026-03-27T13:03:49.660Z,market,trade,WINFUT,182755.0,1,,,,Elliot-Warren,XP Investimentos CCTVM S/A,,,
2026-03-27T13:03:49.677Z,market,trade,WINFUT,182755.0,1,,,,GOLDMAN SACHS DO BRASIL CTVM,XP Investimentos CCTVM S/A,,,
2026-03-27T13:03:49.677Z,market,trade,WINFUT,182755.0,14,,,,GOLDMAN SACHS DO BRASIL CTVM,UBS BRASIL CCTVM S/A,,,
2026-03-27T13:03:49.677Z,market,trade,WINFUT,182755.0,1,,,,IDEAL CTVM SA,AGORA CTVM S/A,,,
2026-03-27T13:03:49.677Z,market,trade,WINFUT,182755.0,1,,,,IDEAL CTVM SA,BTG Pactual CTVM S.A.,,,
2026-03-27T13:03:49.748Z,market,trade,WINFUT,182755.0,1,,,,GENIAL INSTITUCIONAL CCTVM S.A,GENIAL INSTITUCIONAL CCTVM S.A,,,
2026-03-27T13:03:49.748Z,market,trade,WINFUT,182760.0,1,,,,XP Investimentos CCTVM S/A,XP Investimentos CCTVM S/A,,,
2026-03-27T13:03:49.748Z,market,trade,WINFUT,182760.0,1,,,,XP Investimentos CCTVM S/A,XP Investimentos CCTVM S/A,,,
2026-03-27T13:03:49.750Z,market,trade,WINFUT,182755.0,2,,,,XP Investimentos CCTVM S/A,XP Investimentos CCTVM S/A,,,
2026-03-27T13:03:49.750Z,market,trade,WINFUT,182755.0,2,,,,BTG Pactual CTVM S.A.,BTG Pactual CTVM S.A.,,,
2026-03-27T13:03:49.799Z,market,trade,WINFUT,182755.0,1,,,,BTG Pactual CTVM S.A.,BTG Pactual CTVM S.A.,,,
2026-03-27T13:03:49.800Z,market,trade,WINFUT,182760.0,1,,,,UBS BRASIL CCTVM S/A,BTG Pactual CTVM S.A.,,,
2026-03-27T13:03:49.800Z,market,trade,WINFUT,182760.0,5,,,,UBS BRASIL CCTVM S/A,NOVA FUTURA CTVM LTDA,,,
2026-03-27T13:03:49.800Z,market,trade,WINFUT,182760.0,5,,,,UBS BRASIL CCTVM S/A,NOVA FUTURA CTVM LTDA,,,
2026-03-27T13:03:49.800Z,market,trade,WINFUT,182760.0,5,,,,UBS BRASIL CCTVM S/A,NOVA FUTURA CTVM LTDA,,,
2026-03-27T13:03:49.800Z,market,trade,WINFUT,182760.0,2,,,,UBS BRASIL CCTVM S/A,BTG Pactual CTVM S.A.,,,
2026-03-27T13:03:49.801Z,market,trade,WINFUT,182760.0,2,,,,IDEAL CTVM SA,BTG Pactual CTVM S.A.,,,
2026-03-27T13:03:49.801Z,market,trade,WINFUT,182760.0,1,,,,IDEAL CTVM SA,BTG Pactual CTVM S.A.,,,
2026-03-27T13:03:49.801Z,market,trade,WINFUT,182760.0,1,,,,IDEAL CTVM SA,BTG Pactual CTVM S.A.,,,
2026-03-27T13:03:49.801Z,market,trade,WINFUT,182760.0,1,,,,IDEAL CTVM SA,SANTANDER CORRETORA DE TITULOS E VALORES MOBILIARIOS S.A.,,,
2026-03-27T13:03:49.801Z,market,trade,WINFUT,182760.0,1,,,,IDEAL CTVM SA,XP Investimentos CCTVM S/A,,,
2026-03-27T13:03:49.801Z,market,trade,WINFUT,182760.0,2,,,,IDEAL CTVM SA,GENIAL INSTITUCIONAL CCTVM S.A,,,
2026-03-27T13:03:49.801Z,market,trade,WINFUT,182760.0,1,,,,IDEAL CTVM SA,XP Investimentos CCTVM S/A,,,
2026-03-27T13:03:49.801Z,market,trade,WINFUT,182760.0,1,,,,IDEAL CTVM SA,XP Investimentos CCTVM S/A,,,
2026-03-27T13:03:49.801Z,market,trade,WINFUT,182760.0,1,,,,IDEAL CTVM SA,CM Capital Markets CCTVM LTDA,,,
2026-03-27T13:03:49.801Z,market,trade,WINFUT,182760.0,1,,,,IDEAL CTVM SA,CM Capital Markets CCTVM LTDA,,,
2026-03-27T13:03:49.801Z,market,trade,WINFUT,182760.0,1,,,,IDEAL CTVM SA,CM Capital Markets CCTVM LTDA,,,
2026-03-27T13:03:49.801Z,market,trade,WINFUT,182760.0,1,,,,IDEAL CTVM SA,BTG Pactual CTVM S.A.,,,
2026-03-27T13:03:49.801Z,market,trade,WINFUT,182760.0,1,,,,IDEAL CTVM SA,CM Capital Markets CCTVM LTDA,,,
2026-03-27T13:03:49.801Z,market,trade,WINFUT,182760.0,1,,,,IDEAL CTVM SA,BTG Pactual CTVM S.A.,,,
2026-03-27T13:03:49.801Z,market,trade,WINFUT,182760.0,1,,,,IDEAL CTVM SA,IDEAL CTVM SA,,,
2026-03-27T13:03:49.801Z,market,trade,WINFUT,182760.0,4,,,,UBS BRASIL CCTVM S/A,IDEAL CTVM SA,,,
2026-03-27T13:03:49.801Z,market,trade,WINFUT,182760.0,1,,,,BTG Pactual CTVM S.A.,IDEAL CTVM SA,,,
2026-03-27T13:03:49.801Z,market,trade,WINFUT,182760.0,3,,,,IDEAL CTVM SA,AGORA CTVM S/A,,,
2026-03-27T13:03:49.801Z,market,trade,WINFUT,182755.0,2,,,,IDEAL CTVM SA,GENIAL INSTITUCIONAL CCTVM S.A,,,
2026-03-27T13:03:49.931Z,market,trade,WINFUT,182765.0,1,,,,UBS BRASIL CCTVM S/A,XP Investimentos CCTVM S/A,,,
2026-03-27T13:03:49.931Z,market,trade,WINFUT,182765.0,10,,,,UBS BRASIL CCTVM S/A,IDEAL CTVM SA,,,
2026-03-27T13:03:49.931Z,market,trade,WINFUT,182765.0,4,,,,UBS BRASIL CCTVM S/A,XP Investimentos CCTVM S/A,,,
2026-03-27T13:03:49.931Z,market,trade,WINFUT,182765.0,1,,,,UBS BRASIL CCTVM S/A,BTG Pactual CTVM S.A.,,,
2026-03-27T13:03:49.931Z,market,trade,WINFUT,182765.0,2,,,,UBS BRASIL CCTVM S/A,IDEAL CTVM SA,,,
2026-03-27T13:03:49.931Z,market,trade,WINFUT,182765.0,1,,,,XP Investimentos CCTVM S/A,XP Investimentos CCTVM S/A,,,
2026-03-27T13:03:49.931Z,market,trade,WINFUT,182765.0,1,,,,GENIAL INSTITUCIONAL CCTVM S.A,GENIAL INSTITUCIONAL CCTVM S.A,,,
2026-03-27T13:03:49.931Z,market,trade,WINFUT,182765.0,1,,,,UBS BRASIL CCTVM S/A,XP Investimentos CCTVM S/A,,,
2026-03-27T13:03:49.931Z,market,trade,WINFUT,182765.0,1,,,,UBS BRASIL CCTVM S/A,BTG Pactual CTVM S.A.,,,
2026-03-27T13:03:49.931Z,market,trade,WINFUT,182765.0,1,,,,UBS BRASIL CCTVM S/A,AGORA CTVM S/A,,,
2026-03-27T13:03:49.931Z,market,trade,WINFUT,182765.0,1,,,,UBS BRASIL CCTVM S/A,BTG Pactual CTVM S.A.,,,
2026-03-27T13:03:49.931Z,market,trade,WINFUT,182765.0,1,,,,UBS BRASIL CCTVM S/A,XP Investimentos CCTVM S/A,,,
2026-03-27T13:03:49.931Z,market,trade,WINFUT,182765.0,1,,,,UBS BRASIL CCTVM S/A,AGORA CTVM S/A,,,
2026-03-27T13:03:49.931Z,market,trade,WINFUT,182765.0,1,,,,UBS BRASIL CCTVM S/A,AGORA CTVM S/A,,,
2026-03-27T13:03:49.931Z,market,trade,WINFUT,182765.0,1,,,,UBS BRASIL CCTVM S/A,AGORA CTVM S/A,,,
2026-03-27T13:03:49.931Z,market,trade,WINFUT,182765.0,3,,,,UBS BRASIL CCTVM S/A,NOVA FUTURA CTVM LTDA,,,
2026-03-27T13:03:49.931Z,market,trade,WINFUT,182765.0,2,,,,UBS BRASIL CCTVM S/A,NOVA FUTURA CTVM LTDA,,,
2026-03-27T13:03:49.932Z,market,trade,WINFUT,182765.0,5,,,,UBS BRASIL CCTVM S/A,NOVA FUTURA CTVM LTDA,,,
2026-03-27T13:03:49.932Z,market,trade,WINFUT,182765.0,5,,,,UBS BRASIL CCTVM S/A,NOVA FUTURA CTVM LTDA,,,
2026-03-27T13:03:49.932Z,market,trade,WINFUT,182765.0,4,,,,UBS BRASIL CCTVM S/A,NOVA FUTURA CTVM LTDA,,,
2026-03-27T13:03:49.932Z,market,trade,WINFUT,182765.0,1,,,,UBS BRASIL CCTVM S/A,NOVA FUTURA CTVM LTDA,,,
2026-03-27T13:03:49.932Z,market,trade,WINFUT,182765.0,5,,,,UBS BRASIL CCTVM S/A,TERRA INVESTIMENTOS DTVM LTDA,,,
2026-03-27T13:03:49.932Z,market,trade,WINFUT,182765.0,1,,,,UBS BRASIL CCTVM S/A,SANTANDER CORRETORA DE TITULOS E VALORES MOBILIARIOS S.A.,,,
2026-03-27T13:03:49.932Z,market,trade,WINFUT,182765.0,1,,,,UBS BRASIL CCTVM S/A,XP Investimentos CCTVM S/A,,,
2026-03-27T13:03:49.932Z,market,trade,WINFUT,182765.0,1,,,,UBS BRASIL CCTVM S/A,SANTANDER CORRETORA DE TITULOS E VALORES MOBILIARIOS S.A.,,,
2026-03-27T13:03:49.932Z,market,trade,WINFUT,182765.0,1,,,,UBS BRASIL CCTVM S/A,XP Investimentos CCTVM S/A,,,
2026-03-27T13:03:49.932Z,market,trade,WINFUT,182765.0,1,,,,UBS BRASIL CCTVM S/A,XP Investimentos CCTVM S/A,,,
2026-03-27T13:03:49.932Z,market,trade,WINFUT,182765.0,1,,,,UBS BRASIL CCTVM S/A,BTG Pactual CTVM S.A.,,,
2026-03-27T13:03:49.932Z,market,trade,WINFUT,182765.0,1,,,,UBS BRASIL CCTVM S/A,BTG Pactual CTVM S.A.,,,
2026-03-27T13:03:49.932Z,market,trade,WINFUT,182765.0,2,,,,UBS BRASIL CCTVM S/A,SANTANDER CORRETORA DE TITULOS E VALORES MOBILIARIOS S.A.,,,
2026-03-27T13:03:49.932Z,market,trade,WINFUT,182765.0,1,,,,UBS BRASIL CCTVM S/A,AGORA CTVM S/A,,,
2026-03-27T13:03:50.006Z,market,trade,WINFUT,182765.0,2,,,,GENIAL INSTITUCIONAL CCTVM S.A,IDEAL CTVM SA,,,
2026-03-27T13:03:50.007Z,market,trade,WINFUT,182765.0,2,,,,GENIAL INSTITUCIONAL CCTVM S.A,UBS BRASIL CCTVM S/A,,,
2026-03-27T13:03:50.007Z,market,trade,WINFUT,182765.0,6,,,,GENIAL INSTITUCIONAL CCTVM S.A,IDEAL CTVM SA,,,
2026-03-27T13:03:50.007Z,market,trade,WINFUT,182765.0,4,,,,IDEAL CTVM SA,IDEAL CTVM SA,,,
2026-03-27T13:03:50.007Z,market,trade,WINFUT,182765.0,4,,,,XP Investimentos CCTVM S/A,IDEAL CTVM SA,,,
2026-03-27T13:03:50.007Z,market,trade,WINFUT,182765.0,1,,,,BTG Pactual CTVM S.A.,IDEAL CTVM SA,,,
2026-03-27T13:03:50.007Z,market,trade,WINFUT,182760.0,1,,,,BTG Pactual CTVM S.A.,IDEAL CTVM SA,,,
2026-03-27T13:03:50.007Z,market,trade,WINFUT,182760.0,4,,,,IDEAL CTVM SA,IDEAL CTVM SA,,,
2026-03-27T13:03:50.007Z,market,trade,WINFUT,182760.0,1,,,,BTG Pactual CTVM S.A.,IDEAL CTVM SA,,,
2026-03-27T13:03:50.007Z,market,trade,WINFUT,182760.0,1,,,,BTG Pactual CTVM S.A.,IDEAL CTVM SA,,,
2026-03-27T13:03:50.007Z,market,trade,WINFUT,182755.0,3,,,,BTG Pactual CTVM S.A.,BTG Pactual CTVM S.A.,,,
2026-03-27T13:03:50.094Z,market,trade,WINFUT,182760.0,1,,,,XP Investimentos CCTVM S/A,XP Investimentos CCTVM S/A,,,
2026-03-27T13:03:50.094Z,market,trade,WINFUT,182760.0,1,,,,SANTANDER CORRETORA DE TITULOS E VALORES MOBILIARIOS S.A.,SANTANDER CORRETORA DE TITULOS E VALORES MOBILIARIOS S.A.,,,
2026-03-27T13:03:50.094Z,market,trade,WINFUT,182760.0,5,,,,BTG Pactual CTVM S.A.,BTG Pactual CTVM S.A.,,,
2026-03-27T13:03:50.094Z,market,trade,WINFUT,182755.0,2,,,,XP Investimentos CCTVM S/A,XP Investimentos CCTVM S/A,,,
2026-03-27T13:03:50.094Z,market,trade,WINFUT,182760.0,1,,,,BTG Pactual CTVM S.A.,BTG Pactual CTVM S.A.,,,
2026-03-27T13:03:50.094Z,market,trade,WINFUT,182765.0,8,,,,BTG Pactual CTVM S.A.,IDEAL CTVM SA,,,
2026-03-27T13:03:50.094Z,market,trade,WINFUT,182765.0,8,,,,BTG Pactual CTVM S.A.,IDEAL CTVM SA,,,
2026-03-27T13:03:50.094Z,market,trade,WINFUT,182765.0,1,,,,BTG Pactual CTVM S.A.,IDEAL CTVM SA,,,
2026-03-27T13:03:50.183Z,market,trade,WINFUT,182760.0,3,,,,XP Investimentos CCTVM S/A,XP Investimentos CCTVM S/A,,,
2026-03-27T13:03:50.285Z,market,trade,WINFUT,182755.0,1,,,,XP Investimentos CCTVM S/A,XP Investimentos CCTVM S/A,,,
2026-03-27T13:03:50.285Z,market,trade,WINFUT,182760.0,1,,,,IDEAL CTVM SA,BTG Pactual CTVM S.A.,,,
2026-03-27T13:03:50.285Z,market,trade,WINFUT,182760.0,1,,,,XP Investimentos CCTVM S/A,XP Investimentos CCTVM S/A,,,
2026-03-27T13:03:50.393Z,market,trade,WINFUT,182765.0,2,,,,XP Investimentos CCTVM S/A,XP Investimentos CCTVM S/A,,,
2026-03-27T13:03:50.393Z,market,trade,WINFUT,182760.0,2,,,,IDEAL CTVM SA,XP Investimentos CCTVM S/A,,,
2026-03-27T13:03:50.393Z,market,trade,WINFUT,182765.0,1,,,,GOLDMAN SACHS DO BRASIL CTVM,AGORA CTVM S/A,,,
2026-03-27T13:03:50.393Z,market,trade,WINFUT,182765.0,5,,,,GOLDMAN SACHS DO BRASIL CTVM,AGORA CTVM S/A,,,
2026-03-27T13:03:50.393Z,market,trade,WINFUT,182765.0,1,,,,GOLDMAN SACHS DO BRASIL CTVM,BTG Pactual CTVM S.A.,,,
2026-03-27T13:03:50.393Z,market,trade,WINFUT,182765.0,2,,,,GOLDMAN SACHS DO BRASIL CTVM,BTG Pactual CTVM S.A.,,,
2026-03-27T13:03:50.394Z,market,trade,WINFUT,182765.0,1,,,,GOLDMAN SACHS DO BRASIL CTVM,BTG Pactual CTVM S.A.,,,
2026-03-27T13:03:50.421Z,market,trade,WINFUT,182770.0,1,,,,XP Investimentos CCTVM S/A,XP Investimentos CCTVM S/A,,,
2026-03-27T13:03:50.422Z,market,trade,WINFUT,182770.0,1,,,,GENIAL INSTITUCIONAL CCTVM S.A,XP Investimentos CCTVM S/A,,,
2026-03-27T13:03:50.422Z,market,trade,WINFUT,182770.0,1,,,,GENIAL INSTITUCIONAL CCTVM S.A,IDEAL CTVM SA,,,
2026-03-27T13:03:50.584Z,market,trade,WINFUT,182770.0,1,,,,SANTANDER CORRETORA DE TITULOS E VALORES MOBILIARIOS S.A.,IDEAL CTVM SA,,,
2026-03-27T13:03:50.584Z,market,trade,WINFUT,182770.0,5,,,,SANTANDER CORRETORA DE TITULOS E VALORES MOBILIARIOS S.A.,IDEAL CTVM SA,,,
2026-03-27T13:03:50.584Z,market,trade,WINFUT,182770.0,1,,,,XP Investimentos CCTVM S/A,XP Investimentos CCTVM S/A,,,
2026-03-27T13:03:50.584Z,market,trade,WINFUT,182765.0,1,,,,XP Investimentos CCTVM S/A,XP Investimentos CCTVM S/A,,,
2026-03-27T13:03:50.584Z,market,trade,WINFUT,182765.0,9,,,,IDEAL CTVM SA,IDEAL CTVM SA,,,
2026-03-27T13:03:50.584Z,market,trade,WINFUT,182765.0,1,,,,AGORA CTVM S/A,IDEAL CTVM SA,,,
2026-03-27T13:03:50.584Z,market,trade,WINFUT,182765.0,1,,,,BTG Pactual CTVM S.A.,IDEAL CTVM SA,,,
2026-03-27T13:03:50.584Z,market,trade,WINFUT,182765.0,1,,,,IDEAL CTVM SA,IDEAL CTVM SA,,,
2026-03-27T13:03:50.584Z,market,trade,WINFUT,182765.0,3,,,,IDEAL CTVM SA,IDEAL CTVM SA,,,
2026-03-27T13:03:50.584Z,market,trade,WINFUT,182765.0,3,,,,IDEAL CTVM SA,IDEAL CTVM SA,,,
2026-03-27T13:03:50.584Z,market,trade,WINFUT,182765.0,1,,,,BTG Pactual CTVM S.A.,IDEAL CTVM SA,,,
2026-03-27T13:03:50.584Z,market,trade,WINFUT,182765.0,1,,,,AGORA CTVM S/A,IDEAL CTVM SA,,,
2026-03-27T13:03:50.584Z,market,trade,WINFUT,182760.0,1,,,,IDEAL CTVM SA,IDEAL CTVM SA,,,
2026-03-27T13:03:50.584Z,market,trade,WINFUT,182760.0,1,,,,XP Investimentos CCTVM S/A,IDEAL CTVM SA,,,
2026-03-27T13:03:50.584Z,market,trade,WINFUT,182760.0,1,,,,BTG Pactual CTVM S.A.,IDEAL CTVM SA,,,
2026-03-27T13:03:50.584Z,market,trade,WINFUT,182760.0,1,,,,AGORA CTVM S/A,IDEAL CTVM SA,,,
2026-03-27T13:03:50.584Z,market,trade,WINFUT,182760.0,3,,,,IDEAL CTVM SA,IDEAL CTVM SA,,,
2026-03-27T13:03:50.584Z,market,trade,WINFUT,182760.0,1,,,,BTG Pactual CTVM S.A.,IDEAL CTVM SA,,,
2026-03-27T13:03:50.584Z,market,trade,WINFUT,182760.0,1,,,,BTG Pactual CTVM S.A.,IDEAL CTVM SA,,,
2026-03-27T13:03:50.584Z,market,trade,WINFUT,182760.0,1,,,,BTG Pactual CTVM S.A.,IDEAL CTVM SA,,,
2026-03-27T13:03:50.584Z,market,trade,WINFUT,182760.0,3,,,,IDEAL CTVM SA,IDEAL CTVM SA,,,
2026-03-27T13:03:50.739Z,market,trade,WINFUT,182760.0,1,,,,XP Investimentos CCTVM S/A,XP Investimentos CCTVM S/A,,,
2026-03-27T13:03:50.740Z,market,trade,WINFUT,182760.0,2,,,,GENIAL INSTITUCIONAL CCTVM S.A,GENIAL INSTITUCIONAL CCTVM S.A,,,
2026-03-27T13:03:50.778Z,market,trade,WINFUT,182760.0,1,,,,XP Investimentos CCTVM S/A,XP Investimentos CCTVM S/A,,,
2026-03-27T13:03:50.778Z,market,trade,WINFUT,182760.0,3,,,,GENIAL INSTITUCIONAL CCTVM S.A,GENIAL INSTITUCIONAL CCTVM S.A,,,
2026-03-27T13:03:50.785Z,market,trade,WINFUT,182755.0,5,,,,IDEAL CTVM SA,CM Capital Markets CCTVM LTDA,,,
2026-03-27T13:03:50.785Z,market,trade,WINFUT,182755.0,3,,,,IDEAL CTVM SA,CM Capital Markets CCTVM LTDA,,,
2026-03-27T13:03:50.785Z,market,trade,WINFUT,182755.0,1,,,,AGORA CTVM S/A,CM Capital Markets CCTVM LTDA,,,
2026-03-27T13:03:50.785Z,market,trade,WINFUT,182755.0,1,,,,BTG Pactual CTVM S.A.,CM Capital Markets CCTVM LTDA,,,
2026-03-27T13:03:50.785Z,market,trade,WINFUT,182755.0,1,,,,BTG Pactual CTVM S.A.,CM Capital Markets CCTVM LTDA,,,
2026-03-27T13:03:50.785Z,market,trade,WINFUT,182755.0,1,,,,AGORA CTVM S/A,CM Capital Markets CCTVM LTDA,,,
2026-03-27T13:03:50.785Z,market,trade,WINFUT,182755.0,4,,,,IDEAL CTVM SA,CM Capital Markets CCTVM LTDA,,,
2026-03-27T13:03:50.785Z,market,trade,WINFUT,182755.0,1,,,,BTG Pactual CTVM S.A.,CM Capital Markets CCTVM LTDA,,,
2026-03-27T13:03:50.785Z,market,trade,WINFUT,182755.0,1,,,,AGORA CTVM S/A,CM Capital Markets CCTVM LTDA,,,
2026-03-27T13:03:50.785Z,market,trade,WINFUT,182755.0,1,,,,AGORA CTVM S/A,CM Capital Markets CCTVM LTDA,,,
2026-03-27T13:03:50.785Z,market,trade,WINFUT,182755.0,1,,,,MORGAN STANLEY CTVM S/A,CM Capital Markets CCTVM LTDA,,,
2026-03-27T13:03:50.785Z,market,trade,WINFUT,182755.0,1,,,,AGORA CTVM S/A,CM Capital Markets CCTVM LTDA,,,
2026-03-27T13:03:50.785Z,market,trade,WINFUT,182755.0,3,,,,IDEAL CTVM SA,CM Capital Markets CCTVM LTDA,,,
2026-03-27T13:03:50.785Z,market,trade,WINFUT,182755.0,1,,,,XP Investimentos CCTVM S/A,CM Capital Markets CCTVM LTDA,,,
2026-03-27T13:03:50.785Z,market,trade,WINFUT,182755.0,1,,,,BTG Pactual CTVM S.A.,BTG Pactual CTVM S.A.,,,
2026-03-27T13:03:50.797Z,market,trade,WINFUT,182755.0,1,,,,SANTANDER CORRETORA DE TITULOS E VALORES MOBILIARIOS S.A.,IDEAL CTVM SA,,,
2026-03-27T13:03:50.797Z,market,trade,WINFUT,182755.0,1,,,,XP Investimentos CCTVM S/A,IDEAL CTVM SA,,,
2026-03-27T13:03:50.898Z,market,trade,WINFUT,182755.0,1,,,,GENIAL INSTITUCIONAL CCTVM S.A,GENIAL INSTITUCIONAL CCTVM S.A,,,
2026-03-27T13:03:50.898Z,market,trade,WINFUT,182760.0,2,,,,BTG Pactual CTVM S.A.,BTG Pactual CTVM S.A.,,,
2026-03-27T13:03:50.898Z,market,trade,WINFUT,182755.0,3,,,,BTG Pactual CTVM S.A.,BTG Pactual CTVM S.A.,,,
2026-03-27T13:03:50.898Z,market,trade,WINFUT,182760.0,1,,,,GOLDMAN SACHS DO BRASIL CTVM,IDEAL CTVM SA,,,
2026-03-27T13:03:50.898Z,market,trade,WINFUT,182760.0,5,,,,XP Investimentos CCTVM S/A,XP Investimentos CCTVM S/A,,,
2026-03-27T13:03:50.898Z,market,trade,WINFUT,182760.0,5,,,,XP Investimentos CCTVM S/A,XP Investimentos CCTVM S/A,,,
2026-03-27T13:03:50.898Z,market,trade,WINFUT,182760.0,5,,,,XP Investimentos CCTVM S/A,XP Investimentos CCTVM S/A,,,
2026-03-27T13:03:50.898Z,market,trade,WINFUT,182760.0,5,,,,MIRAE ASSET WEALTH MANAGEMENT,IDEAL CTVM SA,,,
2026-03-27T13:03:50.921Z,market,trade,WINFUT,182760.0,3,,,,XP Investimentos CCTVM S/A,XP Investimentos CCTVM S/A,,,
2026-03-27T13:03:50.921Z,market,trade,WINFUT,182755.0,3,,,,XP Investimentos CCTVM S/A,XP Investimentos CCTVM S/A,,,
2026-03-27T13:03:50.921Z,market,trade,WINFUT,182760.0,1,,,,XP Investimentos CCTVM S/A,XP Investimentos CCTVM S/A,,,
2026-03-27T13:03:50.921Z,market,trade,WINFUT,182760.0,1,,,,XP Investimentos CCTVM S/A,XP Investimentos CCTVM S/A,,,
2026-03-27T13:03:50.921Z,market,trade,WINFUT,182760.0,10,,,,XP Investimentos CCTVM S/A,XP Investimentos CCTVM S/A,,,
2026-03-27T13:03:50.921Z,market,trade,WINFUT,182755.0,1,,,,BTG Pactual CTVM S.A.,BTG Pactual CTVM S.A.,,,
2026-03-27T13:03:50.921Z,market,trade,WINFUT,182755.0,1,,,,SANTANDER CORRETORA DE TITULOS E VALORES MOBILIARIOS S.A.,SANTANDER CORRETORA DE TITULOS E VALORES MOBILIARIOS S.A.,,,
2026-03-27T13:03:50.921Z,market,trade,WINFUT,182760.0,1,,,,SANTANDER CORRETORA DE TITULOS E VALORES MOBILIARIOS S.A.,BTG Pactual CTVM S.A.,,,
2026-03-27T13:03:50.921Z,market,trade,WINFUT,182760.0,1,,,,SANTANDER CORRETORA DE TITULOS E VALORES MOBILIARIOS S.A.,BTG Pactual CTVM S.A.,,,
2026-03-27T13:03:51.011Z,market,trade,WINFUT,182765.0,1,,,,BTG Pactual CTVM S.A.,BTG Pactual CTVM S.A.,,,
2026-03-27T13:03:51.011Z,market,trade,WINFUT,182765.0,2,,,,XP Investimentos CCTVM S/A,XP Investimentos CCTVM S/A,,,
2026-03-27T13:03:51.011Z,market,trade,WINFUT,182760.0,1,,,,XP Investimentos CCTVM S/A,XP Investimentos CCTVM S/A,,,
2026-03-27T13:03:51.011Z,market,trade,WINFUT,182760.0,1,,,,XP Investimentos CCTVM S/A,XP Investimentos CCTVM S/A,,,
2026-03-27T13:03:51.122Z,market,trade,WINFUT,182765.0,10,,,,XP Investimentos CCTVM S/A,XP Investimentos CCTVM S/A,,,
2026-03-27T13:03:51.122Z,market,trade,WINFUT,182765.0,1,,,,XP Investimentos CCTVM S/A,XP Investimentos CCTVM S/A,,,
2026-03-27T13:03:51.122Z,market,trade,WINFUT,182765.0,1,,,,XP Investimentos CCTVM S/A,XP Investimentos CCTVM S/A,,,
2026-03-27T13:03:51.122Z,market,trade,WINFUT,182765.0,1,,,,GENIAL INSTITUCIONAL CCTVM S.A,GENIAL INSTITUCIONAL CCTVM S.A,,,
2026-03-27T13:03:51.123Z,market,trade,WINFUT,182760.0,1,,,,IDEAL CTVM SA,UBS BRASIL CCTVM S/A,,,
2026-03-27T13:03:51.123Z,market,trade,WINFUT,182760.0,10,,,,IDEAL CTVM SA,UBS BRASIL CCTVM S/A,,,
2026-03-27T13:03:51.123Z,market,trade,WINFUT,182760.0,3,,,,IDEAL CTVM SA,UBS BRASIL CCTVM S/A,,,
2026-03-27T13:03:51.123Z,market,trade,WINFUT,182760.0,1,,,,BTG Pactual CTVM S.A.,UBS BRASIL CCTVM S/A,,,
2026-03-27T13:03:51.123Z,market,trade,WINFUT,182760.0,3,,,,AGORA CTVM S/A,XP Investimentos CCTVM S/A,,,
2026-03-27T13:03:51.123Z,market,trade,WINFUT,182760.0,1,,,,AGORA CTVM S/A,XP Investimentos CCTVM S/A,,,
2026-03-27T13:03:51.123Z,market,trade,WINFUT,182760.0,9,,,,AGORA CTVM S/A,IDEAL CTVM SA,,,
2026-03-27T13:03:51.123Z,market,trade,WINFUT,182760.0,4,,,,AGORA CTVM S/A,XP Investimentos CCTVM S/A,,,
2026-03-27T13:03:51.123Z,market,trade,WINFUT,182760.0,1,,,,UBS BRASIL CCTVM S/A,BTG Pactual CTVM S.A.,,,
2026-03-27T13:03:51.123Z,market,trade,WINFUT,182760.0,8,,,,IDEAL CTVM SA,IDEAL CTVM SA,,,
2026-03-27T13:03:51.123Z,market,trade,WINFUT,182760.0,2,,,,IDEAL CTVM SA,IDEAL CTVM SA,,,
2026-03-27T13:03:51.123Z,market,trade,WINFUT,182760.0,1,,,,IDEAL CTVM SA,IDEAL CTVM SA,,,
2026-03-27T13:03:51.124Z,market,trade,WINFUT,182760.0,1,,,,IDEAL CTVM SA,BTG Pactual CTVM S.A.,,,
2026-03-27T13:03:51.124Z,market,trade,WINFUT,182760.0,4,,,,IDEAL CTVM SA,XP Investimentos CCTVM S/A,,,
2026-03-27T13:03:51.124Z,market,trade,WINFUT,182760.0,4,,,,IDEAL CTVM SA,IDEAL CTVM SA,,,
2026-03-27T13:03:51.124Z,market,trade,WINFUT,182760.0,3,,,,IDEAL CTVM SA,IDEAL CTVM SA,,,
2026-03-27T13:03:51.124Z,market,trade,WINFUT,182765.0,2,,,,XP Investimentos CCTVM S/A,XP Investimentos CCTVM S/A,,,
2026-03-27T13:03:51.124Z,market,trade,WINFUT,182760.0,1,,,,IDEAL CTVM SA,IDEAL CTVM SA,,,
2026-03-27T13:03:51.124Z,market,trade,WINFUT,182760.0,1,,,,IDEAL CTVM SA,IDEAL CTVM SA,,,
2026-03-27T13:03:51.124Z,market,trade,WINFUT,182760.0,1,,,,XP Investimentos CCTVM S/A,IDEAL CTVM SA,,,
2026-03-27T13:03:51.124Z,market,trade,WINFUT,182760.0,4,,,,XP Investimentos CCTVM S/A,IDEAL CTVM SA,,,
2026-03-27T13:03:51.124Z,market,trade,WINFUT,182760.0,3,,,,IDEAL CTVM SA,IDEAL CTVM SA,,,
2026-03-27T13:03:51.132Z,market,trade,WINFUT,182760.0,8,,,,UBS BRASIL CCTVM S/A,IDEAL CTVM SA,,,
2026-03-27T13:03:51.133Z,market,trade,WINFUT,182760.0,8,,,,UBS BRASIL CCTVM S/A,IDEAL CTVM SA,,,
2026-03-27T13:03:51.133Z,market,trade,WINFUT,182760.0,2,,,,UBS BRASIL CCTVM S/A,XP Investimentos CCTVM S/A,,,
2026-03-27T13:03:51.206Z,market,trade,WINFUT,182760.0,3,,,,GENIAL INSTITUCIONAL CCTVM S.A,GENIAL INSTITUCIONAL CCTVM S.A,,,
2026-03-27T13:03:51.206Z,market,trade,WINFUT,182755.0,2,,,,XP Investimentos CCTVM S/A,XP Investimentos CCTVM S/A,,,
2026-03-27T13:03:51.206Z,market,trade,WINFUT,182760.0,1,,,,CM Capital Markets CCTVM LTDA,CM Capital Markets CCTVM LTDA,,,
2026-03-27T13:03:51.206Z,market,trade,WINFUT,182755.0,2,,,,XP Investimentos CCTVM S/A,XP Investimentos CCTVM S/A,,,
2026-03-27T13:03:51.206Z,market,trade,WINFUT,182760.0,1,,,,IDEAL CTVM SA,IDEAL CTVM SA,,,
2026-03-27T13:03:51.206Z,market,trade,WINFUT,182760.0,1,,,,IDEAL CTVM SA,BTG Pactual CTVM S.A.,,,
2026-03-27T13:03:51.206Z,market,trade,WINFUT,182765.0,1,,,,IDEAL CTVM SA,XP Investimentos CCTVM S/A,,,
2026-03-27T13:03:51.207Z,market,trade,WINFUT,182765.0,2,,,,XP Investimentos CCTVM S/A,XP Investimentos CCTVM S/A,,,
2026-03-27T13:03:51.207Z,market,trade,WINFUT,182760.0,1,,,,IDEAL CTVM SA,GENIAL INSTITUCIONAL CCTVM S.A,,,
2026-03-27T13:03:51.207Z,market,trade,WINFUT,182765.0,2,,,,XP Investimentos CCTVM S/A,XP Investimentos CCTVM S/A,,,
2026-03-27T13:03:51.207Z,market,trade,WINFUT,182760.0,3,,,,GENIAL INSTITUCIONAL CCTVM S.A,GENIAL INSTITUCIONAL CCTVM S.A,,,
2026-03-27T13:03:51.207Z,market,trade,WINFUT,182765.0,2,,,,GOLDMAN SACHS DO BRASIL CTVM,XP Investimentos CCTVM S/A,,,
2026-03-27T13:03:51.207Z,market,trade,WINFUT,182765.0,1,,,,GOLDMAN SACHS DO BRASIL CTVM,XP Investimentos CCTVM S/A,,,
2026-03-27T13:03:51.207Z,market,trade,WINFUT,182765.0,8,,,,GOLDMAN SACHS DO BRASIL CTVM,UBS BRASIL CCTVM S/A,,,
2026-03-27T13:03:51.306Z,market,trade,WINFUT,182760.0,3,,,,IDEAL CTVM SA,UBS BRASIL CCTVM S/A,,,
2026-03-27T13:03:51.306Z,market,trade,WINFUT,182760.0,4,,,,IDEAL CTVM SA,UBS BRASIL CCTVM S/A,,,
2026-03-27T13:03:51.306Z,market,trade,WINFUT,182760.0,1,,,,XP Investimentos CCTVM S/A,XP Investimentos CCTVM S/A,,,
2026-03-27T13:03:51.307Z,market,trade,WINFUT,182760.0,1,,,,XP Investimentos CCTVM S/A,XP Investimentos CCTVM S/A,,,
2026-03-27T13:03:51.307Z,market,trade,WINFUT,182760.0,1,,,,IDEAL CTVM SA,AGORA CTVM S/A,,,
2026-03-27T13:03:51.307Z,market,trade,WINFUT,182760.0,8,,,,IDEAL CTVM SA,AGORA CTVM S/A,,,
2026-03-27T13:03:51.307Z,market,trade,WINFUT,182760.0,1,,,,BTG Pactual CTVM S.A.,AGORA CTVM S/A,,,
2026-03-27T13:03:51.307Z,market,trade,WINFUT,182760.0,1,,,,IDEAL CTVM SA,AGORA CTVM S/A,,,
2026-03-27T13:03:51.307Z,market,trade,WINFUT,182760.0,2,,,,IDEAL CTVM SA,XP Investimentos CCTVM S/A,,,
2026-03-27T13:03:51.307Z,market,trade,WINFUT,182760.0,1,,,,AGORA CTVM S/A,XP Investimentos CCTVM S/A,,,
2026-03-27T13:03:51.307Z,market,trade,WINFUT,182760.0,2,,,,IDEAL CTVM SA,IDEAL CTVM SA,,,
2026-03-27T13:03:51.307Z,market,trade,WINFUT,182760.0,1,,,,IDEAL CTVM SA,XP Investimentos CCTVM S/A,,,
2026-03-27T13:03:51.307Z,market,trade,WINFUT,182760.0,1,,,,BTG Pactual CTVM S.A.,IDEAL CTVM SA,,,
2026-03-27T13:03:51.307Z,market,trade,WINFUT,182755.0,1,,,,XP Investimentos CCTVM S/A,XP Investimentos CCTVM S/A,,,
2026-03-27T13:03:51.307Z,market,trade,WINFUT,182760.0,1,,,,IDEAL CTVM SA,BTG Pactual CTVM S.A.,,,
2026-03-27T13:03:51.307Z,market,trade,WINFUT,182760.0,1,,,,IDEAL CTVM SA,CM Capital Markets CCTVM LTDA,,,
2026-03-27T13:03:51.307Z,market,trade,WINFUT,182760.0,2,,,,Elliot-Warren,Elliot-Warren,,,
2026-03-27T13:03:51.430Z,market,trade,WINFUT,182765.0,3,,,,BTG Pactual CTVM S.A.,BTG Pactual CTVM S.A.,,,
2026-03-27T13:03:51.431Z,market,trade,WINFUT,182765.0,1,,,,GOLDMAN SACHS DO BRASIL CTVM,BTG Pactual CTVM S.A.,,,
2026-03-27T13:03:51.431Z,market,trade,WINFUT,182765.0,1,,,,GOLDMAN SACHS DO BRASIL CTVM,AGORA CTVM S/A,,,
2026-03-27T13:03:51.431Z,market,trade,WINFUT,182765.0,1,,,,GOLDMAN SACHS DO BRASIL CTVM,BTG Pactual CTVM S.A.,,,
2026-03-27T13:03:51.431Z,market,trade,WINFUT,182765.0,5,,,,GOLDMAN SACHS DO BRASIL CTVM,IDEAL CTVM SA,,,
2026-03-27T13:03:51.431Z,market,trade,WINFUT,182765.0,1,,,,GOLDMAN SACHS DO BRASIL CTVM,BTG Pactual CTVM S.A.,,,
2026-03-27T13:03:51.431Z,market,trade,WINFUT,182765.0,12,,,,GOLDMAN SACHS DO BRASIL CTVM,UBS BRASIL CCTVM S/A,,,
2026-03-27T13:03:51.431Z,market,trade,WINFUT,182765.0,6,,,,IDEAL CTVM SA,UBS BRASIL CCTVM S/A,,,
2026-03-27T13:03:51.431Z,market,trade,WINFUT,182765.0,1,,,,IDEAL CTVM SA,XP Investimentos CCTVM S/A,,,
2026-03-27T13:03:51.431Z,market,trade,WINFUT,182765.0,1,,,,IDEAL CTVM SA,AGORA CTVM S/A,,,
2026-03-27T13:03:51.431Z,market,trade,WINFUT,182770.0,1,,,,UBS BRASIL CCTVM S/A,BTG Pactual CTVM S.A.,,,
2026-03-27T13:03:51.431Z,market,trade,WINFUT,182770.0,1,,,,UBS BRASIL CCTVM S/A,BTG Pactual CTVM S.A.,,,
2026-03-27T13:03:51.431Z,market,trade,WINFUT,182770.0,1,,,,UBS BRASIL CCTVM S/A,BTG Pactual CTVM S.A.,,,
2026-03-27T13:03:51.431Z,market,trade,WINFUT,182770.0,6,,,,UBS BRASIL CCTVM S/A,GENIAL INSTITUCIONAL CCTVM S.A,,,
2026-03-27T13:03:51.431Z,market,trade,WINFUT,182770.0,5,,,,UBS BRASIL CCTVM S/A,NOVA FUTURA CTVM LTDA,,,
2026-03-27T13:03:51.431Z,market,trade,WINFUT,182770.0,5,,,,UBS BRASIL CCTVM S/A,NOVA FUTURA CTVM LTDA,,,
2026-03-27T13:03:51.431Z,market,trade,WINFUT,182770.0,5,,,,UBS BRASIL CCTVM S/A,NOVA FUTURA CTVM LTDA,,,
2026-03-27T13:03:51.431Z,market,trade,WINFUT,182770.0,1,,,,UBS BRASIL CCTVM S/A,BTG Pactual CTVM S.A.,,,
2026-03-27T13:03:51.431Z,market,trade,WINFUT,182770.0,1,,,,UBS BRASIL CCTVM S/A,GENIAL INSTITUCIONAL CCTVM S.A,,,
2026-03-27T13:03:51.431Z,market,trade,WINFUT,182770.0,1,,,,UBS BRASIL CCTVM S/A,XP Investimentos CCTVM S/A,,,
2026-03-27T13:03:51.431Z,market,trade,WINFUT,182770.0,1,,,,UBS BRASIL CCTVM S/A,GENIAL INSTITUCIONAL CCTVM S.A,,,
2026-03-27T13:03:51.431Z,market,trade,WINFUT,182770.0,2,,,,UBS BRASIL CCTVM S/A,GENIAL INSTITUCIONAL CCTVM S.A,,,
2026-03-27T13:03:51.431Z,market,trade,WINFUT,182770.0,1,,,,UBS BRASIL CCTVM S/A,GENIAL INSTITUCIONAL CCTVM S.A,,,
2026-03-27T13:03:51.431Z,market,trade,WINFUT,182770.0,3,,,,UBS BRASIL CCTVM S/A,SANTANDER CORRETORA DE TITULOS E VALORES MOBILIARIOS S.A.,,,
2026-03-27T13:03:51.432Z,market,trade,WINFUT,182770.0,1,,,,UBS BRASIL CCTVM S/A,XP Investimentos CCTVM S/A,,,
2026-03-27T13:03:51.432Z,market,trade,WINFUT,182770.0,1,,,,UBS BRASIL CCTVM S/A,XP Investimentos CCTVM S/A,,,
2026-03-27T13:03:51.432Z,market,trade,WINFUT,182770.0,3,,,,UBS BRASIL CCTVM S/A,XP Investimentos CCTVM S/A,,,
2026-03-27T13:03:51.432Z,market,trade,WINFUT,182770.0,4,,,,UBS BRASIL CCTVM S/A,UBS BRASIL CCTVM S/A,,,
2026-03-27T13:03:51.432Z,market,trade,WINFUT,182770.0,4,,,,UBS BRASIL CCTVM S/A,IDEAL CTVM SA,,,
2026-03-27T13:03:51.479Z,market,trade,WINFUT,182775.0,1,,,,CM Capital Markets CCTVM LTDA,CM Capital Markets CCTVM LTDA,,,
2026-03-27T13:03:51.479Z,market,trade,WINFUT,182775.0,1,,,,TERRA INVESTIMENTOS DTVM LTDA,BTG Pactual CTVM S.A.,,,
2026-03-27T13:03:51.479Z,market,trade,WINFUT,182775.0,1,,,,TERRA INVESTIMENTOS DTVM LTDA,BTG Pactual CTVM S.A.,,,
2026-03-27T13:03:51.479Z,market,trade,WINFUT,182775.0,1,,,,XP Investimentos CCTVM S/A,XP Investimentos CCTVM S/A,,,
2026-03-27T13:03:51.479Z,market,trade,WINFUT,182775.0,3,,,,BTG Pactual CTVM S.A.,BTG Pactual CTVM S.A.,,,
2026-03-27T13:03:51.479Z,market,trade,WINFUT,182775.0,5,,,,GENIAL INSTITUCIONAL CCTVM S.A,NOVA FUTURA CTVM LTDA,,,
2026-03-27T13:03:51.479Z,market,trade,WINFUT,182775.0,5,,,,GENIAL INSTITUCIONAL CCTVM S.A,NOVA FUTURA CTVM LTDA,,,
2026-03-27T13:03:51.479Z,market,trade,WINFUT,182775.0,2,,,,GENIAL INSTITUCIONAL CCTVM S.A,BTG Pactual CTVM S.A.,,,
2026-03-27T13:03:51.479Z,market,trade,WINFUT,182775.0,7,,,,GENIAL INSTITUCIONAL CCTVM S.A,BTG Pactual CTVM S.A.,,,
2026-03-27T13:03:51.479Z,market,trade,WINFUT,182775.0,1,,,,GENIAL INSTITUCIONAL CCTVM S.A,BTG Pactual CTVM S.A.,,,
2026-03-27T13:03:51.479Z,market,trade,WINFUT,182775.0,1,,,,GENIAL INSTITUCIONAL CCTVM S.A,BTG Pactual CTVM S.A.,,,
2026-03-27T13:03:51.479Z,market,trade,WINFUT,182775.0,1,,,,GENIAL INSTITUCIONAL CCTVM S.A,XP Investimentos CCTVM S/A,,,
2026-03-27T13:03:51.479Z,market,trade,WINFUT,182775.0,1,,,,GENIAL INSTITUCIONAL CCTVM S.A,BTG Pactual CTVM S.A.,,,
2026-03-27T13:03:51.479Z,market,trade,WINFUT,182775.0,1,,,,GENIAL INSTITUCIONAL CCTVM S.A,BTG Pactual CTVM S.A.,,,
2026-03-27T13:03:51.480Z,market,trade,WINFUT,182775.0,1,,,,GENIAL INSTITUCIONAL CCTVM S.A,BTG Pactual CTVM S.A.,,,
2026-03-27T13:03:51.480Z,market,trade,WINFUT,182775.0,1,,,,GENIAL INSTITUCIONAL CCTVM S.A,GENIAL INSTITUCIONAL CCTVM S.A,,,
2026-03-27T13:03:51.480Z,market,trade,WINFUT,182775.0,1,,,,GENIAL INSTITUCIONAL CCTVM S.A,XP Investimentos CCTVM S/A,,,
2026-03-27T13:03:51.480Z,market,trade,WINFUT,182775.0,5,,,,GENIAL INSTITUCIONAL CCTVM S.A,XP Investimentos CCTVM S/A,,,
2026-03-27T13:03:51.480Z,market,trade,WINFUT,182775.0,10,,,,GENIAL INSTITUCIONAL CCTVM S.A,XP Investimentos CCTVM S/A,,,
2026-03-27T13:03:51.480Z,market,trade,WINFUT,182775.0,1,,,,GENIAL INSTITUCIONAL CCTVM S.A,BTG Pactual CTVM S.A.,,,
2026-03-27T13:03:51.480Z,market,trade,WINFUT,182775.0,1,,,,GENIAL INSTITUCIONAL CCTVM S.A,XP Investimentos CCTVM S/A,,,
2026-03-27T13:03:51.480Z,market,trade,WINFUT,182775.0,1,,,,GENIAL INSTITUCIONAL CCTVM S.A,XP Investimentos CCTVM S/A,,,
2026-03-27T13:03:51.480Z,market,trade,WINFUT,182775.0,1,,,,GENIAL INSTITUCIONAL CCTVM S.A,BTG Pactual CTVM S.A.,,,
2026-03-27T13:03:51.480Z,market,trade,WINFUT,182775.0,1,,,,GENIAL INSTITUCIONAL CCTVM S.A,XP Investimentos CCTVM S/A,,,
2026-03-27T13:03:51.480Z,market,trade,WINFUT,182775.0,1,,,,GENIAL INSTITUCIONAL CCTVM S.A,XP Investimentos CCTVM S/A,,,
2026-03-27T13:03:51.480Z,market,trade,WINFUT,182775.0,2,,,,GENIAL INSTITUCIONAL CCTVM S.A,BTG Pactual CTVM S.A.,,,
2026-03-27T13:03:51.480Z,market,trade,WINFUT,182775.0,1,,,,GENIAL INSTITUCIONAL CCTVM S.A,GENIAL INSTITUCIONAL CCTVM S.A,,,
2026-03-27T13:03:51.480Z,market,trade,WINFUT,182775.0,4,,,,GENIAL INSTITUCIONAL CCTVM S.A,ATIVA INVESTIMENTOS S.A. CTCV,,,
2026-03-27T13:03:51.480Z,market,trade,WINFUT,182775.0,1,,,,XP Investimentos CCTVM S/A,XP Investimentos CCTVM S/A,,,
2026-03-27T13:03:51.480Z,market,trade,WINFUT,182775.0,1,,,,BTG Pactual CTVM S.A.,ATIVA INVESTIMENTOS S.A. CTCV,,,
2026-03-27T13:03:51.480Z,market,trade,WINFUT,182775.0,1,,,,XP Investimentos CCTVM S/A,XP Investimentos CCTVM S/A,,,
2026-03-27T13:03:51.480Z,market,trade,WINFUT,182775.0,1,,,,GENIAL INSTITUCIONAL CCTVM S.A,ATIVA INVESTIMENTOS S.A. CTCV,,,
2026-03-27T13:03:51.480Z,market,trade,WINFUT,182775.0,1,,,,GENIAL INSTITUCIONAL CCTVM S.A,ATIVA INVESTIMENTOS S.A. CTCV,,,
2026-03-27T13:03:51.480Z,market,trade,WINFUT,182775.0,3,,,,XP Investimentos CCTVM S/A,ATIVA INVESTIMENTOS S.A. CTCV,,,
2026-03-27T13:03:51.480Z,market,trade,WINFUT,182775.0,1,,,,XP Investimentos CCTVM S/A,XP Investimentos CCTVM S/A,,,
2026-03-27T13:03:51.480Z,market,trade,WINFUT,182775.0,1,,,,XP Investimentos CCTVM S/A,BTG Pactual CTVM S.A.,,,
2026-03-27T13:03:51.480Z,market,trade,WINFUT,182775.0,1,,,,XP Investimentos CCTVM S/A,XP Investimentos CCTVM S/A,,,
2026-03-27T13:03:51.480Z,market,trade,WINFUT,182775.0,1,,,,XP Investimentos CCTVM S/A,GENIAL INSTITUCIONAL CCTVM S.A,,,
2026-03-27T13:03:51.480Z,market,trade,WINFUT,182775.0,1,,,,XP Investimentos CCTVM S/A,AGORA CTVM S/A,,,
2026-03-27T13:03:51.480Z,market,trade,WINFUT,182775.0,1,,,,XP Investimentos CCTVM S/A,XP Investimentos CCTVM S/A,,,
2026-03-27T13:03:51.481Z,market,trade,WINFUT,182775.0,10,,,,XP Investimentos CCTVM S/A,BTG Pactual CTVM S.A.,,,
2026-03-27T13:03:51.481Z,market,trade,WINFUT,182775.0,1,,,,XP Investimentos CCTVM S/A,GENIAL INSTITUCIONAL CCTVM S.A,,,
2026-03-27T13:03:51.481Z,market,trade,WINFUT,182775.0,1,,,,XP Investimentos CCTVM S/A,BTG Pactual CTVM S.A.,,,
2026-03-27T13:03:51.481Z,market,trade,WINFUT,182775.0,6,,,,XP Investimentos CCTVM S/A,GENIAL INSTITUCIONAL CCTVM S.A,,,
2026-03-27T13:03:51.481Z,market,trade,WINFUT,182775.0,1,,,,XP Investimentos CCTVM S/A,AGORA CTVM S/A,,,
2026-03-27T13:03:51.481Z,market,trade,WINFUT,182775.0,1,,,,XP Investimentos CCTVM S/A,XP Investimentos CCTVM S/A,,,
2026-03-27T13:03:51.481Z,market,trade,WINFUT,182775.0,1,,,,XP Investimentos CCTVM S/A,XP Investimentos CCTVM S/A,,,
2026-03-27T13:03:51.481Z,market,trade,WINFUT,182775.0,3,,,,XP Investimentos CCTVM S/A,XP Investimentos CCTVM S/A,,,
2026-03-27T13:03:51.481Z,market,trade,WINFUT,182775.0,2,,,,XP Investimentos CCTVM S/A,Elliot-Warren,,,
2026-03-27T13:03:51.481Z,market,trade,WINFUT,182775.0,1,,,,XP Investimentos CCTVM S/A,SANTANDER CORRETORA DE TITULOS E VALORES MOBILIARIOS S.A.,,,
2026-03-27T13:03:51.481Z,market,trade,WINFUT,182775.0,1,,,,XP Investimentos CCTVM S/A,CM Capital Markets CCTVM LTDA,,,
2026-03-27T13:03:51.481Z,market,trade,WINFUT,182775.0,1,,,,XP Investimentos CCTVM S/A,GENIAL INSTITUCIONAL CCTVM S.A,,,
2026-03-27T13:03:51.481Z,market,trade,WINFUT,182775.0,3,,,,XP Investimentos CCTVM S/A,XP Investimentos CCTVM S/A,,,
2026-03-27T13:03:51.481Z,market,trade,WINFUT,182775.0,1,,,,XP Investimentos CCTVM S/A,XP Investimentos CCTVM S/A,,,
2026-03-27T13:03:51.481Z,market,trade,WINFUT,182775.0,1,,,,XP Investimentos CCTVM S/A,XP Investimentos CCTVM S/A,,,
2026-03-27T13:03:51.481Z,market,trade,WINFUT,182775.0,1,,,,IDEAL CTVM SA,GENIAL INSTITUCIONAL CCTVM S.A,,,
2026-03-27T13:03:51.481Z,market,trade,WINFUT,182775.0,2,,,,XP Investimentos CCTVM S/A,XP Investimentos CCTVM S/A,,,
2026-03-27T13:03:51.481Z,market,trade,WINFUT,182780.0,1,,,,XP Investimentos CCTVM S/A,XP Investimentos CCTVM S/A,,,
2026-03-27T13:03:51.481Z,market,trade,WINFUT,182780.0,1,,,,GENIAL INSTITUCIONAL CCTVM S.A,XP Investimentos CCTVM S/A,,,
2026-03-27T13:03:51.481Z,market,trade,WINFUT,182780.0,2,,,,XP Investimentos CCTVM S/A,XP Investimentos CCTVM S/A,,,
2026-03-27T13:03:51.481Z,market,trade,WINFUT,182780.0,1,,,,XP Investimentos CCTVM S/A,XP Investimentos CCTVM S/A,,,
2026-03-27T13:03:51.481Z,market,trade,WINFUT,182780.0,1,,,,CM Capital Markets CCTVM LTDA,CM Capital Markets CCTVM LTDA,,,
2026-03-27T13:03:51.481Z,market,trade,WINFUT,182780.0,3,,,,GENIAL INSTITUCIONAL CCTVM S.A,XP Investimentos CCTVM S/A,,,
2026-03-27T13:03:51.481Z,market,trade,WINFUT,182780.0,1,,,,GENIAL INSTITUCIONAL CCTVM S.A,XP Investimentos CCTVM S/A,,,
2026-03-27T13:03:51.482Z,market,trade,WINFUT,182780.0,1,,,,GENIAL INSTITUCIONAL CCTVM S.A,XP Investimentos CCTVM S/A,,,
2026-03-27T13:03:51.482Z,market,trade,WINFUT,182780.0,2,,,,Elliot-Warren,XP Investimentos CCTVM S/A,,,
2026-03-27T13:03:51.482Z,market,trade,WINFUT,182780.0,1,,,,BTG Pactual CTVM S.A.,XP Investimentos CCTVM S/A,,,
2026-03-27T13:03:51.482Z,market,trade,WINFUT,182780.0,1,,,,BTG Pactual CTVM S.A.,XP Investimentos CCTVM S/A,,,
2026-03-27T13:03:51.482Z,market,trade,WINFUT,182780.0,1,,,,GENIAL INSTITUCIONAL CCTVM S.A,XP Investimentos CCTVM S/A,,,
2026-03-27T13:03:51.482Z,market,trade,WINFUT,182780.0,1,,,,BTG Pactual CTVM S.A.,XP Investimentos CCTVM S/A,,,
2026-03-27T13:03:51.482Z,market,trade,WINFUT,182780.0,1,,,,BTG Pactual CTVM S.A.,BTG Pactual CTVM S.A.,,,
2026-03-27T13:03:51.482Z,market,trade,WINFUT,182780.0,1,,,,GENIAL INSTITUCIONAL CCTVM S.A,XP Investimentos CCTVM S/A,,,
2026-03-27T13:03:51.482Z,market,trade,WINFUT,182780.0,5,,,,GENIAL INSTITUCIONAL CCTVM S.A,UBS BRASIL CCTVM S/A,,,
2026-03-27T13:03:51.482Z,market,trade,WINFUT,182780.0,1,,,,XP Investimentos CCTVM S/A,XP Investimentos CCTVM S/A,,,
2026-03-27T13:03:51.482Z,market,trade,WINFUT,182780.0,1,,,,XP Investimentos CCTVM S/A,UBS BRASIL CCTVM S/A,,,
2026-03-27T13:03:51.482Z,market,trade,WINFUT,182780.0,5,,,,BTG Pactual CTVM S.A.,UBS BRASIL CCTVM S/A,,,
2026-03-27T13:03:51.482Z,market,trade,WINFUT,182780.0,1,,,,CM Capital Markets CCTVM LTDA,CM Capital Markets CCTVM LTDA,,,
2026-03-27T13:03:51.482Z,market,trade,WINFUT,182780.0,1,,,,XP Investimentos CCTVM S/A,UBS BRASIL CCTVM S/A,,,
2026-03-27T13:03:51.482Z,market,trade,WINFUT,182780.0,1,,,,BTG Pactual CTVM S.A.,UBS BRASIL CCTVM S/A,,,
2026-03-27T13:03:51.482Z,market,trade,WINFUT,182780.0,2,,,,BTG Pactual CTVM S.A.,UBS BRASIL CCTVM S/A,,,
2026-03-27T13:03:51.482Z,market,trade,WINFUT,182780.0,1,,,,TERRA INVESTIMENTOS DTVM LTDA,UBS BRASIL CCTVM S/A,,,
2026-03-27T13:03:51.482Z,market,trade,WINFUT,182780.0,2,,,,Elliot-Warren,UBS BRASIL CCTVM S/A,,,
2026-03-27T13:03:51.482Z,market,trade,WINFUT,182780.0,3,,,,Elliot-Warren,IDEAL CTVM SA,,,
2026-03-27T13:03:51.482Z,market,trade,WINFUT,182780.0,2,,,,XP Investimentos CCTVM S/A,IDEAL CTVM SA,,,
2026-03-27T13:03:51.482Z,market,trade,WINFUT,182780.0,1,,,,XP Investimentos CCTVM S/A,XP Investimentos CCTVM S/A,,,
2026-03-27T13:03:51.482Z,market,trade,WINFUT,182780.0,1,,,,XP Investimentos CCTVM S/A,BTG Pactual CTVM S.A.,,,
2026-03-27T13:03:51.482Z,market,trade,WINFUT,182780.0,1,,,,XP Investimentos CCTVM S/A,XP Investimentos CCTVM S/A,,,
2026-03-27T13:03:51.482Z,market,trade,WINFUT,182780.0,1,,,,XP Investimentos CCTVM S/A,GENIAL INSTITUCIONAL CCTVM S.A,,,
2026-03-27T13:03:51.483Z,market,trade,WINFUT,182780.0,1,,,,XP Investimentos CCTVM S/A,XP Investimentos CCTVM S/A,,,
2026-03-27T13:03:51.483Z,market,trade,WINFUT,182780.0,1,,,,XP Investimentos CCTVM S/A,IDEAL CTVM SA,,,
2026-03-27T13:03:51.483Z,market,trade,WINFUT,182780.0,1,,,,XP Investimentos CCTVM S/A,AGORA CTVM S/A,,,
2026-03-27T13:03:51.483Z,market,trade,WINFUT,182780.0,1,,,,XP Investimentos CCTVM S/A,AGORA CTVM S/A,,,
2026-03-27T13:03:51.483Z,market,trade,WINFUT,182780.0,1,,,,BTG Pactual CTVM S.A.,AGORA CTVM S/A,,,
2026-03-27T13:03:51.483Z,market,trade,WINFUT,182780.0,1,,,,XP Investimentos CCTVM S/A,XP Investimentos CCTVM S/A,,,
2026-03-27T13:03:51.483Z,market,trade,WINFUT,182780.0,1,,,,XP Investimentos CCTVM S/A,GENIAL INSTITUCIONAL CCTVM S.A,,,
2026-03-27T13:03:51.483Z,market,trade,WINFUT,182780.0,1,,,,GENIAL INSTITUCIONAL CCTVM S.A,XP Investimentos CCTVM S/A,,,
2026-03-27T13:03:51.483Z,market,trade,WINFUT,182780.0,1,,,,XP Investimentos CCTVM S/A,XP Investimentos CCTVM S/A,,,
2026-03-27T13:03:51.483Z,market,trade,WINFUT,182780.0,2,,,,XP Investimentos CCTVM S/A,XP Investimentos CCTVM S/A,,,
2026-03-27T13:03:51.483Z,market,trade,WINFUT,182780.0,1,,,,GENIAL INSTITUCIONAL CCTVM S.A,XP Investimentos CCTVM S/A,,,
2026-03-27T13:03:51.483Z,market,trade,WINFUT,182780.0,3,,,,BTG Pactual CTVM S.A.,XP Investimentos CCTVM S/A,,,
2026-03-27T13:03:51.483Z,market,trade,WINFUT,182780.0,1,,,,XP Investimentos CCTVM S/A,XP Investimentos CCTVM S/A,,,
2026-03-27T13:03:51.483Z,market,trade,WINFUT,182780.0,1,,,,XP Investimentos CCTVM S/A,XP Investimentos CCTVM S/A,,,
2026-03-27T13:03:51.483Z,market,trade,WINFUT,182780.0,1,,,,XP Investimentos CCTVM S/A,BTG Pactual CTVM S.A.,,,
2026-03-27T13:03:51.483Z,market,trade,WINFUT,182780.0,1,,,,Elliot-Warren,AGORA CTVM S/A,,,
2026-03-27T13:03:51.483Z,market,trade,WINFUT,182780.0,1,,,,GENIAL INSTITUCIONAL CCTVM S.A,IDEAL CTVM SA,,,
2026-03-27T13:03:51.483Z,market,trade,WINFUT,182780.0,1,,,,BTG Pactual CTVM S.A.,IDEAL CTVM SA,,,
2026-03-27T13:03:51.483Z,market,trade,WINFUT,182780.0,1,,,,BTG Pactual CTVM S.A.,IDEAL CTVM SA,,,
2026-03-27T13:03:51.483Z,market,trade,WINFUT,182780.0,1,,,,XP Investimentos CCTVM S/A,IDEAL CTVM SA,,,
2026-03-27T13:03:51.484Z,market,trade,WINFUT,182780.0,1,,,,XP Investimentos CCTVM S/A,IDEAL CTVM SA,,,
2026-03-27T13:03:51.484Z,market,trade,WINFUT,182780.0,1,,,,Elliot-Warren,IDEAL CTVM SA,,,
2026-03-27T13:03:51.484Z,market,trade,WINFUT,182775.0,9,,,,IDEAL CTVM SA,UBS BRASIL CCTVM S/A,,,
2026-03-27T13:03:51.484Z,market,trade,WINFUT,182775.0,1,,,,BTG Pactual CTVM S.A.,UBS BRASIL CCTVM S/A,,,
2026-03-27T13:03:51.484Z,market,trade,WINFUT,182775.0,8,,,,IDEAL CTVM SA,UBS BRASIL CCTVM S/A,,,
2026-03-27T13:03:51.484Z,market,trade,WINFUT,182775.0,4,,,,IDEAL CTVM SA,UBS BRASIL CCTVM S/A,,,
2026-03-27T13:03:51.484Z,market,trade,WINFUT,182775.0,4,,,,IDEAL CTVM SA,UBS BRASIL CCTVM S/A,,,
2026-03-27T13:03:51.484Z,market,trade,WINFUT,182775.0,2,,,,IDEAL CTVM SA,UBS BRASIL CCTVM S/A,,,
2026-03-27T13:03:51.484Z,market,trade,WINFUT,182775.0,1,,,,AGORA CTVM S/A,UBS BRASIL CCTVM S/A,,,
2026-03-27T13:03:51.484Z,market,trade,WINFUT,182775.0,4,,,,GENIAL INSTITUCIONAL CCTVM S.A,UBS BRASIL CCTVM S/A,,,
2026-03-27T13:03:51.484Z,market,trade,WINFUT,182775.0,3,,,,IDEAL CTVM SA,UBS BRASIL CCTVM S/A,,,
2026-03-27T13:03:51.484Z,market,trade,WINFUT,182770.0,1,,,,CM Capital Markets CCTVM LTDA,CM Capital Markets CCTVM LTDA,,,
2026-03-27T13:03:51.484Z,market,trade,WINFUT,182775.0,2,,,,AGORA CTVM S/A,UBS BRASIL CCTVM S/A,,,
2026-03-27T13:03:51.484Z,market,trade,WINFUT,182775.0,7,,,,IDEAL CTVM SA,UBS BRASIL CCTVM S/A,,,
2026-03-27T13:03:51.484Z,market,trade,WINFUT,182775.0,1,,,,AGORA CTVM S/A,UBS BRASIL CCTVM S/A,,,
2026-03-27T13:03:51.484Z,market,trade,WINFUT,182775.0,4,,,,IDEAL CTVM SA,UBS BRASIL CCTVM S/A,,,
2026-03-27T13:03:51.484Z,market,trade,WINFUT,182775.0,1,,,,IDEAL CTVM SA,AGORA CTVM S/A,,,
2026-03-27T13:03:51.484Z,market,trade,WINFUT,182775.0,5,,,,IDEAL CTVM SA,IDEAL CTVM SA,,,
2026-03-27T13:03:51.484Z,market,trade,WINFUT,182775.0,2,,,,IDEAL CTVM SA,IDEAL CTVM SA,,,
2026-03-27T13:03:51.484Z,market,trade,WINFUT,182775.0,7,,,,IDEAL CTVM SA,IDEAL CTVM SA,,,
2026-03-27T13:03:51.484Z,market,trade,WINFUT,182775.0,1,,,,IDEAL CTVM SA,XP Investimentos CCTVM S/A,,,
2026-03-27T13:03:51.484Z,market,trade,WINFUT,182775.0,3,,,,IDEAL CTVM SA,XP Investimentos CCTVM S/A,,,
2026-03-27T13:03:51.484Z,market,trade,WINFUT,182770.0,3,,,,BTG Pactual CTVM S.A.,BTG Pactual CTVM S.A.,,,
2026-03-27T13:03:51.484Z,market,trade,WINFUT,182770.0,1,,,,CM Capital Markets CCTVM LTDA,CM Capital Markets CCTVM LTDA,,,
2026-03-27T13:03:51.696Z,market,trade,WINFUT,182775.0,1,,,,GENIAL INSTITUCIONAL CCTVM S.A,AGORA CTVM S/A,,,
2026-03-27T13:03:51.696Z,market,trade,WINFUT,182780.0,5,,,,GENIAL INSTITUCIONAL CCTVM S.A,IDEAL CTVM SA,,,
2026-03-27T13:03:51.696Z,market,trade,WINFUT,182775.0,1,,,,XP Investimentos CCTVM S/A,XP Investimentos CCTVM S/A,,,
2026-03-27T13:03:51.696Z,market,trade,WINFUT,182775.0,1,,,,CM Capital Markets CCTVM LTDA,CM Capital Markets CCTVM LTDA,,,
2026-03-27T13:03:51.696Z,market,trade,WINFUT,182780.0,2,,,,XP Investimentos CCTVM S/A,XP Investimentos CCTVM S/A,,,
2026-03-27T13:03:51.696Z,market,trade,WINFUT,182780.0,1,,,,BTG Pactual CTVM S.A.,BTG Pactual CTVM S.A.,,,
2026-03-27T13:03:51.696Z,market,trade,WINFUT,182780.0,1,,,,XP Investimentos CCTVM S/A,XP Investimentos CCTVM S/A,,,
2026-03-27T13:03:51.696Z,market,trade,WINFUT,182775.0,1,,,,BTG Pactual CTVM S.A.,BTG Pactual CTVM S.A.,,,
2026-03-27T13:03:51.696Z,market,trade,WINFUT,182775.0,2,,,,XP Investimentos CCTVM S/A,XP Investimentos CCTVM S/A,,,
2026-03-27T13:03:51.696Z,market,trade,WINFUT,182780.0,1,,,,INTER DTVM LTDA,IDEAL CTVM SA,,,
2026-03-27T13:03:51.696Z,market,trade,WINFUT,182780.0,8,,,,XP Investimentos CCTVM S/A,XP Investimentos CCTVM S/A,,,
2026-03-27T13:03:51.696Z,market,trade,WINFUT,182780.0,1,,,,XP Investimentos CCTVM S/A,BTG Pactual CTVM S.A.,,,
2026-03-27T13:03:51.696Z,market,trade,WINFUT,182780.0,1,,,,XP Investimentos CCTVM S/A,BTG Pactual CTVM S.A.,,,
2026-03-27T13:03:51.697Z,market,trade,WINFUT,182780.0,1,,,,XP Investimentos CCTVM S/A,BTG Pactual CTVM S.A.,,,
2026-03-27T13:03:51.697Z,market,trade,WINFUT,182780.0,1,,,,XP Investimentos CCTVM S/A,BTG Pactual CTVM S.A.,,,
2026-03-27T13:03:51.697Z,market,trade,WINFUT,182780.0,1,,,,XP Investimentos CCTVM S/A,BTG Pactual CTVM S.A.,,,
2026-03-27T13:03:51.697Z,market,trade,WINFUT,182780.0,1,,,,XP Investimentos CCTVM S/A,BTG Pactual CTVM S.A.,,,
2026-03-27T13:03:51.697Z,market,trade,WINFUT,182780.0,7,,,,XP Investimentos CCTVM S/A,BTG Pactual CTVM S.A.,,,
2026-03-27T13:03:51.697Z,market,trade,WINFUT,182780.0,5,,,,XP Investimentos CCTVM S/A,NOVA FUTURA CTVM LTDA,,,
2026-03-27T13:03:51.697Z,market,trade,WINFUT,182780.0,1,,,,XP Investimentos CCTVM S/A,BTG Pactual CTVM S.A.,,,
2026-03-27T13:03:51.697Z,market,trade,WINFUT,182780.0,1,,,,XP Investimentos CCTVM S/A,XP Investimentos CCTVM S/A,,,
2026-03-27T13:03:51.697Z,market,trade,WINFUT,182780.0,1,,,,XP Investimentos CCTVM S/A,GENIAL INSTITUCIONAL CCTVM S.A,,,
2026-03-27T13:03:51.697Z,market,trade,WINFUT,182780.0,1,,,,XP Investimentos CCTVM S/A,XP Investimentos CCTVM S/A,,,
2026-03-27T13:03:51.697Z,market,trade,WINFUT,182780.0,1,,,,XP Investimentos CCTVM S/A,XP Investimentos CCTVM S/A,,,
2026-03-27T13:03:51.697Z,market,trade,WINFUT,182780.0,1,,,,XP Investimentos CCTVM S/A,XP Investimentos CCTVM S/A,,,
2026-03-27T13:03:51.697Z,market,trade,WINFUT,182780.0,1,,,,XP Investimentos CCTVM S/A,XP Investimentos CCTVM S/A,,,
2026-03-27T13:03:51.697Z,market,trade,WINFUT,182780.0,1,,,,XP Investimentos CCTVM S/A,BTG Pactual CTVM S.A.,,,
2026-03-27T13:03:51.697Z,market,trade,WINFUT,182780.0,1,,,,XP Investimentos CCTVM S/A,ITAU CV S/A,,,
2026-03-27T13:03:51.697Z,market,trade,WINFUT,182780.0,1,,,,XP Investimentos CCTVM S/A,BTG Pactual CTVM S.A.,,,
2026-03-27T13:03:51.697Z,market,trade,WINFUT,182780.0,1,,,,XP Investimentos CCTVM S/A,GENIAL INSTITUCIONAL CCTVM S.A,,,
2026-03-27T13:03:51.697Z,market,trade,WINFUT,182780.0,1,,,,XP Investimentos CCTVM S/A,XP Investimentos CCTVM S/A,,,
2026-03-27T13:03:51.697Z,market,trade,WINFUT,182780.0,2,,,,XP Investimentos CCTVM S/A,GENIAL INSTITUCIONAL CCTVM S.A,,,
2026-03-27T13:03:51.697Z,market,trade,WINFUT,182780.0,2,,,,XP Investimentos CCTVM S/A,GENIAL INSTITUCIONAL CCTVM S.A,,,
2026-03-27T13:03:51.697Z,market,trade,WINFUT,182780.0,2,,,,XP Investimentos CCTVM S/A,XP Investimentos CCTVM S/A,,,
2026-03-27T13:03:51.697Z,market,trade,WINFUT,182780.0,2,,,,XP Investimentos CCTVM S/A,INTER DTVM LTDA,,,
2026-03-27T13:03:51.697Z,market,trade,WINFUT,182780.0,1,,,,XP Investimentos CCTVM S/A,BTG Pactual CTVM S.A.,,,
2026-03-27T13:03:51.697Z,market,trade,WINFUT,182780.0,2,,,,XP Investimentos CCTVM S/A,XP Investimentos CCTVM S/A,,,
2026-03-27T13:03:51.697Z,market,trade,WINFUT,182780.0,2,,,,XP Investimentos CCTVM S/A,BTG Pactual CTVM S.A.,,,
2026-03-27T13:03:51.697Z,market,trade,WINFUT,182780.0,2,,,,XP Investimentos CCTVM S/A,SANTANDER CORRETORA DE TITULOS E VALORES MOBILIARIOS S.A.,,,
2026-03-27T13:03:51.698Z,market,trade,WINFUT,182780.0,1,,,,XP Investimentos CCTVM S/A,GENIAL INSTITUCIONAL CCTVM S.A,,,
2026-03-27T13:03:51.698Z,market,trade,WINFUT,182780.0,1,,,,XP Investimentos CCTVM S/A,XP Investimentos CCTVM S/A,,,
2026-03-27T13:03:51.698Z,market,trade,WINFUT,182780.0,1,,,,XP Investimentos CCTVM S/A,AGORA CTVM S/A,,,
2026-03-27T13:03:51.698Z,market,trade,WINFUT,182780.0,1,,,,XP Investimentos CCTVM S/A,XP Investimentos CCTVM S/A,,,
2026-03-27T13:03:51.698Z,market,trade,WINFUT,182780.0,1,,,,XP Investimentos CCTVM S/A,Elliot-Warren,,,
2026-03-27T13:03:51.698Z,market,trade,WINFUT,182780.0,1,,,,XP Investimentos CCTVM S/A,XP Investimentos CCTVM S/A,,,
2026-03-27T13:03:51.698Z,market,trade,WINFUT,182780.0,1,,,,XP Investimentos CCTVM S/A,XP Investimentos CCTVM S/A,,,
2026-03-27T13:03:51.698Z,market,trade,WINFUT,182780.0,10,,,,XP Investimentos CCTVM S/A,BTG Pactual CTVM S.A.,,,
2026-03-27T13:03:51.698Z,market,trade,WINFUT,182780.0,1,,,,XP Investimentos CCTVM S/A,XP Investimentos CCTVM S/A,,,
2026-03-27T13:03:51.698Z,market,trade,WINFUT,182780.0,1,,,,XP Investimentos CCTVM S/A,XP Investimentos CCTVM S/A,,,
2026-03-27T13:03:51.698Z,market,trade,WINFUT,182780.0,2,,,,XP Investimentos CCTVM S/A,GENIAL INSTITUCIONAL CCTVM S.A,,,
2026-03-27T13:03:51.698Z,market,trade,WINFUT,182780.0,1,,,,XP Investimentos CCTVM S/A,XP Investimentos CCTVM S/A,,,
2026-03-27T13:03:51.698Z,market,trade,WINFUT,182780.0,1,,,,XP Investimentos CCTVM S/A,XP Investimentos CCTVM S/A,,,
2026-03-27T13:03:51.799Z,market,trade,WINFUT,182780.0,1,,,,XP Investimentos CCTVM S/A,XP Investimentos CCTVM S/A,,,
2026-03-27T13:03:51.799Z,market,trade,WINFUT,182780.0,10,,,,XP Investimentos CCTVM S/A,SANTANDER CORRETORA DE TITULOS E VALORES MOBILIARIOS S.A.,,,
2026-03-27T13:03:51.799Z,market,trade,WINFUT,182780.0,5,,,,XP Investimentos CCTVM S/A,SANTANDER CORRETORA DE TITULOS E VALORES MOBILIARIOS S.A.,,,
2026-03-27T13:03:51.799Z,market,trade,WINFUT,182780.0,1,,,,XP Investimentos CCTVM S/A,SANTANDER CORRETORA DE TITULOS E VALORES MOBILIARIOS S.A.,,,
2026-03-27T13:03:51.799Z,market,trade,WINFUT,182780.0,5,,,,XP Investimentos CCTVM S/A,XP Investimentos CCTVM S/A,,,
2026-03-27T13:03:51.799Z,market,trade,WINFUT,182780.0,2,,,,XP Investimentos CCTVM S/A,XP Investimentos CCTVM S/A,,,
2026-03-27T13:03:51.799Z,market,trade,WINFUT,182780.0,1,,,,XP Investimentos CCTVM S/A,XP Investimentos CCTVM S/A,,,
2026-03-27T13:03:51.799Z,market,trade,WINFUT,182780.0,1,,,,XP Investimentos CCTVM S/A,GENIAL INSTITUCIONAL CCTVM S.A,,,
2026-03-27T13:03:51.799Z,market,trade,WINFUT,182780.0,4,,,,XP Investimentos CCTVM S/A,BTG Pactual CTVM S.A.,,,
2026-03-27T13:03:51.799Z,market,trade,WINFUT,182780.0,1,,,,XP Investimentos CCTVM S/A,XP Investimentos CCTVM S/A,,,
2026-03-27T13:03:51.799Z,market,trade,WINFUT,182780.0,1,,,,XP Investimentos CCTVM S/A,SANTANDER CORRETORA DE TITULOS E VALORES MOBILIARIOS S.A.,,,
2026-03-27T13:03:51.799Z,market,trade,WINFUT,182780.0,5,,,,XP Investimentos CCTVM S/A,XP Investimentos CCTVM S/A,,,
2026-03-27T13:03:51.799Z,market,trade,WINFUT,182780.0,1,,,,XP Investimentos CCTVM S/A,MIRAE ASSET WEALTH MANAGEMENT,,,
2026-03-27T13:03:51.799Z,market,trade,WINFUT,182780.0,1,,,,XP Investimentos CCTVM S/A,SANTANDER CORRETORA DE TITULOS E VALORES MOBILIARIOS S.A.,,,
2026-03-27T13:03:51.799Z,market,trade,WINFUT,182780.0,1,,,,XP Investimentos CCTVM S/A,BTG Pactual CTVM S.A.,,,
2026-03-27T13:03:51.799Z,market,trade,WINFUT,182780.0,1,,,,XP Investimentos CCTVM S/A,SANTANDER CORRETORA DE TITULOS E VALORES MOBILIARIOS S.A.,,,
2026-03-27T13:03:51.799Z,market,trade,WINFUT,182780.0,1,,,,XP Investimentos CCTVM S/A,XP Investimentos CCTVM S/A,,,
2026-03-27T13:03:51.799Z,market,trade,WINFUT,182780.0,1,,,,XP Investimentos CCTVM S/A,BTG Pactual CTVM S.A.,,,
2026-03-27T13:03:51.799Z,market,trade,WINFUT,182780.0,1,,,,XP Investimentos CCTVM S/A,SANTANDER CORRETORA DE TITULOS E VALORES MOBILIARIOS S.A.,,,
2026-03-27T13:03:51.799Z,market,trade,WINFUT,182780.0,1,,,,XP Investimentos CCTVM S/A,XP Investimentos CCTVM S/A,,,
2026-03-27T13:03:51.799Z,market,trade,WINFUT,182780.0,1,,,,XP Investimentos CCTVM S/A,SANTANDER CORRETORA DE TITULOS E VALORES MOBILIARIOS S.A.,,,
2026-03-27T13:03:51.799Z,market,trade,WINFUT,182780.0,10,,,,XP Investimentos CCTVM S/A,BTG Pactual CTVM S.A.,,,
2026-03-27T13:03:51.800Z,market,trade,WINFUT,182780.0,5,,,,XP Investimentos CCTVM S/A,TERRA INVESTIMENTOS DTVM LTDA,,,
2026-03-27T13:03:51.800Z,market,trade,WINFUT,182780.0,1,,,,XP Investimentos CCTVM S/A,XP Investimentos CCTVM S/A,,,
2026-03-27T13:03:51.800Z,market,trade,WINFUT,182780.0,1,,,,XP Investimentos CCTVM S/A,XP Investimentos CCTVM S/A,,,
2026-03-27T13:03:51.800Z,market,trade,WINFUT,182780.0,1,,,,XP Investimentos CCTVM S/A,XP Investimentos CCTVM S/A,,,
2026-03-27T13:03:51.800Z,market,trade,WINFUT,182780.0,1,,,,XP Investimentos CCTVM S/A,XP Investimentos CCTVM S/A,,,
2026-03-27T13:03:51.800Z,market,trade,WINFUT,182780.0,1,,,,XP Investimentos CCTVM S/A,AGORA CTVM S/A,,,
2026-03-27T13:03:51.800Z,market,trade,WINFUT,182780.0,1,,,,XP Investimentos CCTVM S/A,AGORA CTVM S/A,,,
2026-03-27T13:03:51.800Z,market,trade,WINFUT,182780.0,1,,,,XP Investimentos CCTVM S/A,XP Investimentos CCTVM S/A,,,
2026-03-27T13:03:51.800Z,market,trade,WINFUT,182780.0,1,,,,XP Investimentos CCTVM S/A,GENIAL INSTITUCIONAL CCTVM S.A,,,
2026-03-27T13:03:51.800Z,market,trade,WINFUT,182780.0,1,,,,XP Investimentos CCTVM S/A,BTG Pactual CTVM S.A.,,,
2026-03-27T13:03:51.800Z,market,trade,WINFUT,182780.0,1,,,,XP Investimentos CCTVM S/A,BTG Pactual CTVM S.A.,,,
2026-03-27T13:03:51.800Z,market,trade,WINFUT,182780.0,2,,,,XP Investimentos CCTVM S/A,NOVA FUTURA CTVM LTDA,,,
2026-03-27T13:03:51.800Z,market,trade,WINFUT,182780.0,1,,,,XP Investimentos CCTVM S/A,ATIVA INVESTIMENTOS S.A. CTCV,,,
2026-03-27T13:03:51.800Z,market,trade,WINFUT,182780.0,1,,,,XP Investimentos CCTVM S/A,ITAU CV S/A,,,
2026-03-27T13:03:51.800Z,market,trade,WINFUT,182780.0,5,,,,XP Investimentos CCTVM S/A,BTG Pactual CTVM S.A.,,,
2026-03-27T13:03:51.800Z,market,trade,WINFUT,182780.0,1,,,,XP Investimentos CCTVM S/A,SANTANDER CORRETORA DE TITULOS E VALORES MOBILIARIOS S.A.,,,
2026-03-27T13:03:51.800Z,market,trade,WINFUT,182780.0,1,,,,XP Investimentos CCTVM S/A,BTG Pactual CTVM S.A.,,,
2026-03-27T13:03:51.800Z,market,trade,WINFUT,182780.0,12,,,,XP Investimentos CCTVM S/A,GENIAL INSTITUCIONAL CCTVM S.A,,,
2026-03-27T13:03:51.800Z,market,trade,WINFUT,182780.0,1,,,,XP Investimentos CCTVM S/A,XP Investimentos CCTVM S/A,,,
2026-03-27T13:03:51.800Z,market,trade,WINFUT,182780.0,2,,,,XP Investimentos CCTVM S/A,GENIAL INSTITUCIONAL CCTVM S.A,,,
2026-03-27T13:03:51.800Z,market,trade,WINFUT,182780.0,1,,,,XP Investimentos CCTVM S/A,XP Investimentos CCTVM S/A,,,
2026-03-27T13:03:51.801Z,market,trade,WINFUT,182780.0,14,,,,XP Investimentos CCTVM S/A,XP Investimentos CCTVM S/A,,,
2026-03-27T13:03:51.801Z,market,trade,WINFUT,182780.0,1,,,,XP Investimentos CCTVM S/A,AGORA CTVM S/A,,,
2026-03-27T13:03:51.801Z,market,trade,WINFUT,182780.0,1,,,,XP Investimentos CCTVM S/A,BTG Pactual CTVM S.A.,,,
2026-03-27T13:03:51.801Z,market,trade,WINFUT,182785.0,1,,,,XP Investimentos CCTVM S/A,BTG Pactual CTVM S.A.,,,
2026-03-27T13:03:51.801Z,market,trade,WINFUT,182785.0,1,,,,XP Investimentos CCTVM S/A,XP Investimentos CCTVM S/A,,,
2026-03-27T13:03:51.801Z,market,trade,WINFUT,182785.0,1,,,,XP Investimentos CCTVM S/A,AGORA CTVM S/A,,,
2026-03-27T13:03:51.801Z,market,trade,WINFUT,182785.0,1,,,,XP Investimentos CCTVM S/A,BTG Pactual CTVM S.A.,,,
2026-03-27T13:03:51.801Z,market,trade,WINFUT,182785.0,6,,,,XP Investimentos CCTVM S/A,UBS BRASIL CCTVM S/A,,,
2026-03-27T13:03:51.801Z,market,trade,WINFUT,182785.0,1,,,,XP Investimentos CCTVM S/A,UBS BRASIL CCTVM S/A,,,
2026-03-27T13:03:51.801Z,market,trade,WINFUT,182785.0,1,,,,XP Investimentos CCTVM S/A,UBS BRASIL CCTVM S/A,,,
2026-03-27T13:03:51.801Z,market,trade,WINFUT,182785.0,2,,,,XP Investimentos CCTVM S/A,UBS BRASIL CCTVM S/A,,,
2026-03-27T13:03:51.801Z,market,trade,WINFUT,182785.0,2,,,,XP Investimentos CCTVM S/A,UBS BRASIL CCTVM S/A,,,
2026-03-27T13:03:51.801Z,market,trade,WINFUT,182785.0,6,,,,XP Investimentos CCTVM S/A,UBS BRASIL CCTVM S/A,,,
2026-03-27T13:03:51.801Z,market,trade,WINFUT,182785.0,4,,,,XP Investimentos CCTVM S/A,XP Investimentos CCTVM S/A,,,
2026-03-27T13:03:51.801Z,market,trade,WINFUT,182785.0,1,,,,XP Investimentos CCTVM S/A,XP Investimentos CCTVM S/A,,,
2026-03-27T13:03:51.801Z,market,trade,WINFUT,182785.0,1,,,,XP Investimentos CCTVM S/A,BTG Pactual CTVM S.A.,,,
2026-03-27T13:03:51.801Z,market,trade,WINFUT,182785.0,1,,,,XP Investimentos CCTVM S/A,XP Investimentos CCTVM S/A,,,
2026-03-27T13:03:51.801Z,market,trade,WINFUT,182785.0,1,,,,XP Investimentos CCTVM S/A,GENIAL INSTITUCIONAL CCTVM S.A,,,
2026-03-27T13:03:51.801Z,market,trade,WINFUT,182785.0,1,,,,XP Investimentos CCTVM S/A,XP Investimentos CCTVM S/A,,,
2026-03-27T13:03:51.801Z,market,trade,WINFUT,182780.0,3,,,,GENIAL INSTITUCIONAL CCTVM S.A,GENIAL INSTITUCIONAL CCTVM S.A,,,
2026-03-27T13:03:51.801Z,market,trade,WINFUT,182785.0,1,,,,XP Investimentos CCTVM S/A,IDEAL CTVM SA,,,
2026-03-27T13:03:51.801Z,market,trade,WINFUT,182785.0,1,,,,XP Investimentos CCTVM S/A,IDEAL CTVM SA,,,
2026-03-27T13:03:51.801Z,market,trade,WINFUT,182785.0,1,,,,XP Investimentos CCTVM S/A,IDEAL CTVM SA,,,
2026-03-27T13:03:51.801Z,market,trade,WINFUT,182780.0,3,,,,BTG Pactual CTVM S.A.,BTG Pactual CTVM S.A.,,,
2026-03-27T13:03:51.801Z,market,trade,WINFUT,182785.0,1,,,,XP Investimentos CCTVM S/A,IDEAL CTVM SA,,,
2026-03-27T13:03:51.801Z,market,trade,WINFUT,182785.0,1,,,,XP Investimentos CCTVM S/A,IDEAL CTVM SA,,,
2026-03-27T13:03:51.801Z,market,trade,WINFUT,182780.0,2,,,,GENIAL INSTITUCIONAL CCTVM S.A,GENIAL INSTITUCIONAL CCTVM S.A,,,
2026-03-27T13:03:51.801Z,market,trade,WINFUT,182785.0,1,,,,TERRA INVESTIMENTOS DTVM LTDA,GENIAL INSTITUCIONAL CCTVM S.A,,,
2026-03-27T13:03:51.801Z,market,trade,WINFUT,182785.0,2,,,,TERRA INVESTIMENTOS DTVM LTDA,GENIAL INSTITUCIONAL CCTVM S.A,,,
2026-03-27T13:03:51.802Z,market,trade,WINFUT,182785.0,2,,,,TERRA INVESTIMENTOS DTVM LTDA,GENIAL INSTITUCIONAL CCTVM S.A,,,
2026-03-27T13:03:51.802Z,market,trade,WINFUT,182780.0,3,,,,GENIAL INSTITUCIONAL CCTVM S.A,GENIAL INSTITUCIONAL CCTVM S.A,,,
2026-03-27T13:03:51.802Z,market,trade,WINFUT,182780.0,1,,,,GENIAL INSTITUCIONAL CCTVM S.A,GENIAL INSTITUCIONAL CCTVM S.A,,,
2026-03-27T13:03:51.802Z,market,trade,WINFUT,182780.0,1,,,,GENIAL INSTITUCIONAL CCTVM S.A,GENIAL INSTITUCIONAL CCTVM S.A,,,
2026-03-27T13:03:51.802Z,market,trade,WINFUT,182785.0,2,,,,XP Investimentos CCTVM S/A,GENIAL INSTITUCIONAL CCTVM S.A,,,
2026-03-27T13:03:51.802Z,market,trade,WINFUT,182785.0,3,,,,XP Investimentos CCTVM S/A,GENIAL INSTITUCIONAL CCTVM S.A,,,
2026-03-27T13:03:51.802Z,market,trade,WINFUT,182785.0,2,,,,XP Investimentos CCTVM S/A,GENIAL INSTITUCIONAL CCTVM S.A,,,
2026-03-27T13:03:51.802Z,market,trade,WINFUT,182780.0,1,,,,GENIAL INSTITUCIONAL CCTVM S.A,GENIAL INSTITUCIONAL CCTVM S.A,,,
2026-03-27T13:03:51.802Z,market,trade,WINFUT,182780.0,1,,,,BTG Pactual CTVM S.A.,BTG Pactual CTVM S.A.,,,
2026-03-27T13:03:51.802Z,market,trade,WINFUT,182785.0,10,,,,XP Investimentos CCTVM S/A,GENIAL INSTITUCIONAL CCTVM S.A,,,
2026-03-27T13:03:51.802Z,market,trade,WINFUT,182785.0,1,,,,XP Investimentos CCTVM S/A,GENIAL INSTITUCIONAL CCTVM S.A,,,
2026-03-27T13:03:51.802Z,market,trade,WINFUT,182780.0,10,,,,BTG Pactual CTVM S.A.,BTG Pactual CTVM S.A.,,,
2026-03-27T13:03:51.802Z,market,trade,WINFUT,182785.0,13,,,,NOVA FUTURA CTVM LTDA,GENIAL INSTITUCIONAL CCTVM S.A,,,
2026-03-27T13:03:51.802Z,market,trade,WINFUT,182785.0,1,,,,NOVA FUTURA CTVM LTDA,GENIAL INSTITUCIONAL CCTVM S.A,,,
2026-03-27T13:03:51.802Z,market,trade,WINFUT,182785.0,2,,,,NOVA FUTURA CTVM LTDA,XP Investimentos CCTVM S/A,,,
2026-03-27T13:03:51.802Z,market,trade,WINFUT,182785.0,4,,,,NOVA FUTURA CTVM LTDA,UBS BRASIL CCTVM S/A,,,
2026-03-27T13:03:51.802Z,market,trade,WINFUT,182785.0,1,,,,NOVA FUTURA CTVM LTDA,XP Investimentos CCTVM S/A,,,
2026-03-27T13:03:51.802Z,market,trade,WINFUT,182785.0,4,,,,NOVA FUTURA CTVM LTDA,UBS BRASIL CCTVM S/A,,,
2026-03-27T13:03:51.802Z,market,trade,WINFUT,182785.0,1,,,,BTG Pactual CTVM S.A.,UBS BRASIL CCTVM S/A,,,
2026-03-27T13:03:51.802Z,market,trade,WINFUT,182785.0,1,,,,BTG Pactual CTVM S.A.,AGORA CTVM S/A,,,
2026-03-27T13:03:51.802Z,market,trade,WINFUT,182785.0,1,,,,BTG Pactual CTVM S.A.,XP Investimentos CCTVM S/A,,,
2026-03-27T13:03:51.803Z,market,trade,WINFUT,182785.0,1,,,,BTG Pactual CTVM S.A.,AGORA CTVM S/A,,,
2026-03-27T13:03:51.803Z,market,trade,WINFUT,182780.0,1,,,,Elliot-Warren,Elliot-Warren,,,
2026-03-27T13:03:51.803Z,market,trade,WINFUT,182785.0,1,,,,XP Investimentos CCTVM S/A,AGORA CTVM S/A,,,
2026-03-27T13:03:51.803Z,market,trade,WINFUT,182780.0,2,,,,GENIAL INSTITUCIONAL CCTVM S.A,GENIAL INSTITUCIONAL CCTVM S.A,,,
2026-03-27T13:03:51.803Z,market,trade,WINFUT,182785.0,1,,,,XP Investimentos CCTVM S/A,XP Investimentos CCTVM S/A,,,
2026-03-27T13:03:51.803Z,market,trade,WINFUT,182785.0,4,,,,XP Investimentos CCTVM S/A,XP Investimentos CCTVM S/A,,,
2026-03-27T13:03:51.803Z,market,trade,WINFUT,182785.0,1,,,,XP Investimentos CCTVM S/A,XP Investimentos CCTVM S/A,,,
2026-03-27T13:03:51.803Z,market,trade,WINFUT,182785.0,2,,,,BTG Pactual CTVM S.A.,XP Investimentos CCTVM S/A,,,
2026-03-27T13:03:51.803Z,market,trade,WINFUT,182785.0,1,,,,XP Investimentos CCTVM S/A,XP Investimentos CCTVM S/A,,,
2026-03-27T13:03:51.803Z,market,trade,WINFUT,182780.0,1,,,,CM Capital Markets CCTVM LTDA,CM Capital Markets CCTVM LTDA,,,
2026-03-27T13:03:51.803Z,market,trade,WINFUT,182785.0,1,,,,MIRAE ASSET WEALTH MANAGEMENT,XP Investimentos CCTVM S/A,,,
2026-03-27T13:03:51.803Z,market,trade,WINFUT,182785.0,1,,,,MIRAE ASSET WEALTH MANAGEMENT,Santander CCVM S/A,,,
2026-03-27T13:03:51.803Z,market,trade,WINFUT,182785.0,1,,,,MIRAE ASSET WEALTH MANAGEMENT,ATIVA INVESTIMENTOS S.A. CTCV,,,
2026-03-27T13:03:51.803Z,market,trade,WINFUT,182785.0,1,,,,MIRAE ASSET WEALTH MANAGEMENT,ATIVA INVESTIMENTOS S.A. CTCV,,,
2026-03-27T13:03:51.803Z,market,trade,WINFUT,182785.0,1,,,,MIRAE ASSET WEALTH MANAGEMENT,ATIVA INVESTIMENTOS S.A. CTCV,,,
2026-03-27T13:03:51.803Z,market,trade,WINFUT,182785.0,1,,,,XP Investimentos CCTVM S/A,IDEAL CTVM SA,,,
2026-03-27T13:03:51.803Z,market,trade,WINFUT,182780.0,1,,,,XP Investimentos CCTVM S/A,GENIAL INSTITUCIONAL CCTVM S.A,,,
2026-03-27T13:03:51.803Z,market,trade,WINFUT,182780.0,4,,,,XP Investimentos CCTVM S/A,GENIAL INSTITUCIONAL CCTVM S.A,,,
2026-03-27T13:03:51.803Z,market,trade,WINFUT,182780.0,5,,,,IDEAL CTVM SA,GENIAL INSTITUCIONAL CCTVM S.A,,,
2026-03-27T13:03:51.803Z,market,trade,WINFUT,182780.0,2,,,,IDEAL CTVM SA,IDEAL CTVM SA,,,
2026-03-27T13:03:51.803Z,market,trade,WINFUT,182780.0,1,,,,IDEAL CTVM SA,XP Investimentos CCTVM S/A,,,
2026-03-27T13:03:51.803Z,market,trade,WINFUT,182780.0,4,,,,IDEAL CTVM SA,XP Investimentos CCTVM S/A,,,
2026-03-27T13:03:51.803Z,market,trade,WINFUT,182780.0,2,,,,IDEAL CTVM SA,IDEAL CTVM SA,,,
2026-03-27T13:03:51.803Z,market,trade,WINFUT,182780.0,2,,,,IDEAL CTVM SA,IDEAL CTVM SA,,,
2026-03-27T13:03:51.803Z,market,trade,WINFUT,182780.0,3,,,,IDEAL CTVM SA,IDEAL CTVM SA,,,
2026-03-27T13:03:51.803Z,market,trade,WINFUT,182780.0,3,,,,IDEAL CTVM SA,IDEAL CTVM SA,,,
2026-03-27T13:03:51.804Z,market,trade,WINFUT,182775.0,1,,,,CM Capital Markets CCTVM LTDA,CM Capital Markets CCTVM LTDA,,,
2026-03-27T13:03:51.804Z,market,trade,WINFUT,182780.0,5,,,,UBS BRASIL CCTVM S/A,IDEAL CTVM SA,,,
2026-03-27T13:03:51.804Z,market,trade,WINFUT,182780.0,5,,,,IDEAL CTVM SA,IDEAL CTVM SA,,,
2026-03-27T13:03:51.804Z,market,trade,WINFUT,182780.0,3,,,,IDEAL CTVM SA,IDEAL CTVM SA,,,
2026-03-27T13:03:51.804Z,market,trade,WINFUT,182780.0,4,,,,XP Investimentos CCTVM S/A,IDEAL CTVM SA,,,
2026-03-27T13:03:51.804Z,market,trade,WINFUT,182775.0,1,,,,CM Capital Markets CCTVM LTDA,CM Capital Markets CCTVM LTDA,,,
2026-03-27T13:03:51.804Z,market,trade,WINFUT,182780.0,5,,,,SAFRA CVC LTDA.,IDEAL CTVM SA,,,
2026-03-27T13:03:51.804Z,market,trade,WINFUT,182780.0,5,,,,SAFRA CVC LTDA.,GENIAL INSTITUCIONAL CCTVM S.A,,,
2026-03-27T13:03:51.804Z,market,trade,WINFUT,182780.0,3,,,,SAFRA CVC LTDA.,IDEAL CTVM SA,,,
2026-03-27T13:03:51.804Z,market,trade,WINFUT,182780.0,5,,,,SAFRA CVC LTDA.,IDEAL CTVM SA,,,
2026-03-27T13:03:51.804Z,market,trade,WINFUT,182780.0,5,,,,SAFRA CVC LTDA.,IDEAL CTVM SA,,,
2026-03-27T13:03:51.804Z,market,trade,WINFUT,182780.0,3,,,,SAFRA CVC LTDA.,IDEAL CTVM SA,,,
2026-03-27T13:03:51.804Z,market,trade,WINFUT,182780.0,5,,,,SAFRA CVC LTDA.,IDEAL CTVM SA,,,
2026-03-27T13:03:51.804Z,market,trade,WINFUT,182780.0,7,,,,SAFRA CVC LTDA.,IDEAL CTVM SA,,,
2026-03-27T13:03:51.804Z,market,trade,WINFUT,182780.0,1,,,,SAFRA CVC LTDA.,XP Investimentos CCTVM S/A,,,
2026-03-27T13:03:51.804Z,market,trade,WINFUT,182780.0,7,,,,SAFRA CVC LTDA.,IDEAL CTVM SA,,,
2026-03-27T13:03:51.804Z,market,trade,WINFUT,182780.0,4,,,,SAFRA CVC LTDA.,XP Investimentos CCTVM S/A,,,
2026-03-27T13:03:51.804Z,market,trade,WINFUT,182780.0,1,,,,UBS BRASIL CCTVM S/A,IDEAL CTVM SA,,,
2026-03-27T13:03:51.804Z,market,trade,WINFUT,182780.0,3,,,,UBS BRASIL CCTVM S/A,IDEAL CTVM SA,,,
2026-03-27T13:03:51.804Z,market,trade,WINFUT,182780.0,14,,,,UBS BRASIL CCTVM S/A,IDEAL CTVM SA,,,
2026-03-27T13:03:51.804Z,market,trade,WINFUT,182780.0,1,,,,BTG Pactual CTVM S.A.,IDEAL CTVM SA,,,
2026-03-27T13:03:51.804Z,market,trade,WINFUT,182780.0,1,,,,IDEAL CTVM SA,IDEAL CTVM SA,,,
2026-03-27T13:03:51.804Z,market,trade,WINFUT,182780.0,3,,,,IDEAL CTVM SA,GENIAL INSTITUCIONAL CCTVM S.A,,,
2026-03-27T13:03:51.804Z,market,trade,WINFUT,182780.0,3,,,,IDEAL CTVM SA,GENIAL INSTITUCIONAL CCTVM S.A,,,
2026-03-27T13:03:51.804Z,market,trade,WINFUT,182780.0,10,,,,XP Investimentos CCTVM S/A,XP Investimentos CCTVM S/A,,,
2026-03-27T13:03:51.805Z,market,trade,WINFUT,182780.0,1,,,,XP Investimentos CCTVM S/A,XP Investimentos CCTVM S/A,,,
2026-03-27T13:03:51.805Z,market,trade,WINFUT,182775.0,1,,,,IDEAL CTVM SA,MORGAN STANLEY CTVM S/A,,,
2026-03-27T13:03:51.805Z,market,trade,WINFUT,182775.0,3,,,,IDEAL CTVM SA,GENIAL INSTITUCIONAL CCTVM S.A,,,
2026-03-27T13:03:51.805Z,market,trade,WINFUT,182775.0,1,,,,AGORA CTVM S/A,GENIAL INSTITUCIONAL CCTVM S.A,,,
2026-03-27T13:03:51.805Z,market,trade,WINFUT,182775.0,1,,,,UBS BRASIL CCTVM S/A,GENIAL INSTITUCIONAL CCTVM S.A,,,
2026-03-27T13:03:51.805Z,market,trade,WINFUT,182780.0,4,,,,XP Investimentos CCTVM S/A,IDEAL CTVM SA,,,
2026-03-27T13:03:51.805Z,market,trade,WINFUT,182775.0,1,,,,XP Investimentos CCTVM S/A,XP Investimentos CCTVM S/A,,,
2026-03-27T13:03:51.805Z,market,trade,WINFUT,182775.0,2,,,,BTG Pactual CTVM S.A.,BTG Pactual CTVM S.A.,,,
2026-03-27T13:03:51.805Z,market,trade,WINFUT,182775.0,3,,,,CM Capital Markets CCTVM LTDA,CM Capital Markets CCTVM LTDA,,,
2026-03-27T13:03:51.805Z,market,trade,WINFUT,182775.0,2,,,,XP Investimentos CCTVM S/A,XP Investimentos CCTVM S/A,,,
2026-03-27T13:03:51.805Z,market,trade,WINFUT,182780.0,2,,,,XP Investimentos CCTVM S/A,XP Investimentos CCTVM S/A,,,
2026-03-27T13:03:51.805Z,market,trade,WINFUT,182775.0,1,,,,UBS BRASIL CCTVM S/A,Elliot-Warren,,,
2026-03-27T13:03:51.805Z,market,trade,WINFUT,182775.0,1,,,,XP Investimentos CCTVM S/A,XP Investimentos CCTVM S/A,,,
2026-03-27T13:03:51.805Z,market,trade,WINFUT,182780.0,4,,,,GENIAL INSTITUCIONAL CCTVM S.A,IDEAL CTVM SA,,,
2026-03-27T13:03:51.805Z,market,trade,WINFUT,182780.0,1,,,,GENIAL INSTITUCIONAL CCTVM S.A,BTG Pactual CTVM S.A.,,,
2026-03-27T13:03:51.805Z,market,trade,WINFUT,182780.0,3,,,,GENIAL INSTITUCIONAL CCTVM S.A,IDEAL CTVM SA,,,
2026-03-27T13:03:51.805Z,market,trade,WINFUT,182780.0,14,,,,BTG Pactual CTVM S.A.,BTG Pactual CTVM S.A.,,,
2026-03-27T13:03:51.805Z,market,trade,WINFUT,182785.0,1,,,,BTG Pactual CTVM S.A.,IDEAL CTVM SA,,,
2026-03-27T13:03:51.805Z,market,trade,WINFUT,182780.0,1,,,,XP Investimentos CCTVM S/A,IDEAL CTVM SA,,,
2026-03-27T13:03:51.805Z,market,trade,WINFUT,182780.0,1,,,,IDEAL CTVM SA,IDEAL CTVM SA,,,
2026-03-27T13:03:51.805Z,market,trade,WINFUT,182780.0,7,,,,UBS BRASIL CCTVM S/A,IDEAL CTVM SA,,,
2026-03-27T13:03:51.805Z,market,trade,WINFUT,182785.0,9,,,,UBS BRASIL CCTVM S/A,IDEAL CTVM SA,,,
2026-03-27T13:03:51.805Z,market,trade,WINFUT,182785.0,1,,,,UBS BRASIL CCTVM S/A,GENIAL INSTITUCIONAL CCTVM S.A,,,
2026-03-27T13:03:51.805Z,market,trade,WINFUT,182785.0,1,,,,UBS BRASIL CCTVM S/A,BTG Pactual CTVM S.A.,,,
2026-03-27T13:03:51.806Z,market,trade,WINFUT,182785.0,1,,,,UBS BRASIL CCTVM S/A,BTG Pactual CTVM S.A.,,,
2026-03-27T13:03:51.806Z,market,trade,WINFUT,182785.0,4,,,,UBS BRASIL CCTVM S/A,BTG Pactual CTVM S.A.,,,
2026-03-27T13:03:51.806Z,market,trade,WINFUT,182785.0,1,,,,UBS BRASIL CCTVM S/A,BTG Pactual CTVM S.A.,,,
2026-03-27T13:03:51.806Z,market,trade,WINFUT,182785.0,1,,,,UBS BRASIL CCTVM S/A,BTG Pactual CTVM S.A.,,,
2026-03-27T13:03:51.806Z,market,trade,WINFUT,182785.0,7,,,,UBS BRASIL CCTVM S/A,BTG Pactual CTVM S.A.,,,
2026-03-27T13:03:51.806Z,market,trade,WINFUT,182785.0,3,,,,UBS BRASIL CCTVM S/A,BTG Pactual CTVM S.A.,,,
2026-03-27T13:03:51.806Z,market,trade,WINFUT,182785.0,4,,,,UBS BRASIL CCTVM S/A,BTG Pactual CTVM S.A.,,,
2026-03-27T13:03:51.806Z,market,trade,WINFUT,182785.0,1,,,,UBS BRASIL CCTVM S/A,BTG Pactual CTVM S.A.,,,
2026-03-27T13:03:51.806Z,market,trade,WINFUT,182785.0,1,,,,UBS BRASIL CCTVM S/A,XP Investimentos CCTVM S/A,,,
2026-03-27T13:03:51.806Z,market,trade,WINFUT,182785.0,1,,,,UBS BRASIL CCTVM S/A,Elliot-Warren,,,
2026-03-27T13:03:51.806Z,market,trade,WINFUT,182785.0,1,,,,UBS BRASIL CCTVM S/A,XP Investimentos CCTVM S/A,,,
2026-03-27T13:03:51.806Z,market,trade,WINFUT,182785.0,1,,,,UBS BRASIL CCTVM S/A,Elliot-Warren,,,
2026-03-27T13:03:51.806Z,market,trade,WINFUT,182785.0,1,,,,UBS BRASIL CCTVM S/A,XP Investimentos CCTVM S/A,,,
2026-03-27T13:03:51.807Z,market,trade,WINFUT,182785.0,1,,,,UBS BRASIL CCTVM S/A,BTG Pactual CTVM S.A.,,,
2026-03-27T13:03:51.807Z,market,trade,WINFUT,182785.0,1,,,,UBS BRASIL CCTVM S/A,XP Investimentos CCTVM S/A,,,
2026-03-27T13:03:51.807Z,market,trade,WINFUT,182785.0,1,,,,UBS BRASIL CCTVM S/A,INTER DTVM LTDA,,,
2026-03-27T13:03:51.807Z,market,trade,WINFUT,182785.0,15,,,,UBS BRASIL CCTVM S/A,NOVA FUTURA CTVM LTDA,,,
2026-03-27T13:03:51.807Z,market,trade,WINFUT,182785.0,1,,,,UBS BRASIL CCTVM S/A,BTG Pactual CTVM S.A.,,,
2026-03-27T13:03:51.808Z,market,trade,WINFUT,182785.0,1,,,,UBS BRASIL CCTVM S/A,BTG Pactual CTVM S.A.,,,
2026-03-27T13:03:51.808Z,market,trade,WINFUT,182785.0,1,,,,UBS BRASIL CCTVM S/A,BTG Pactual CTVM S.A.,,,
2026-03-27T13:03:51.808Z,market,trade,WINFUT,182785.0,1,,,,UBS BRASIL CCTVM S/A,SANTANDER CORRETORA DE TITULOS E VALORES MOBILIARIOS S.A.,,,
2026-03-27T13:03:51.808Z,market,trade,WINFUT,182785.0,1,,,,UBS BRASIL CCTVM S/A,XP Investimentos CCTVM S/A,,,
2026-03-27T13:03:51.808Z,market,trade,WINFUT,182785.0,1,,,,UBS BRASIL CCTVM S/A,BTG Pactual CTVM S.A.,,,
2026-03-27T13:03:51.808Z,market,trade,WINFUT,182785.0,3,,,,UBS BRASIL CCTVM S/A,Elliot-Warren,,,
2026-03-27T13:03:51.808Z,market,trade,WINFUT,182785.0,1,,,,UBS BRASIL CCTVM S/A,Elliot-Warren,,,
2026-03-27T13:03:51.808Z,market,trade,WINFUT,182785.0,2,,,,UBS BRASIL CCTVM S/A,CM Capital Markets CCTVM LTDA,,,
2026-03-27T13:03:51.808Z,market,trade,WINFUT,182785.0,1,,,,UBS BRASIL CCTVM S/A,CM Capital Markets CCTVM LTDA,,,
2026-03-27T13:03:51.808Z,market,trade,WINFUT,182785.0,1,,,,UBS BRASIL CCTVM S/A,CM Capital Markets CCTVM LTDA,,,
2026-03-27T13:03:51.809Z,market,trade,WINFUT,182785.0,1,,,,UBS BRASIL CCTVM S/A,CM Capital Markets CCTVM LTDA,,,
2026-03-27T13:03:51.809Z,market,trade,WINFUT,182785.0,1,,,,UBS BRASIL CCTVM S/A,BTG Pactual CTVM S.A.,,,
2026-03-27T13:03:51.809Z,market,trade,WINFUT,182785.0,1,,,,UBS BRASIL CCTVM S/A,BTG Pactual CTVM S.A.,,,
2026-03-27T13:03:51.809Z,market,trade,WINFUT,182785.0,1,,,,UBS BRASIL CCTVM S/A,BTG Pactual CTVM S.A.,,,
2026-03-27T13:03:51.809Z,market,trade,WINFUT,182785.0,1,,,,UBS BRASIL CCTVM S/A,GENIAL INSTITUCIONAL CCTVM S.A,,,
2026-03-27T13:03:51.809Z,market,trade,WINFUT,182785.0,1,,,,UBS BRASIL CCTVM S/A,SANTANDER CORRETORA DE TITULOS E VALORES MOBILIARIOS S.A.,,,
2026-03-27T13:03:51.810Z,market,trade,WINFUT,182785.0,1,,,,UBS BRASIL CCTVM S/A,SANTANDER CORRETORA DE TITULOS E VALORES MOBILIARIOS S.A.,,,
2026-03-27T13:03:51.810Z,market,trade,WINFUT,182785.0,5,,,,UBS BRASIL CCTVM S/A,XP Investimentos CCTVM S/A,,,
2026-03-27T13:03:51.810Z,market,trade,WINFUT,182785.0,1,,,,UBS BRASIL CCTVM S/A,BTG Pactual CTVM S.A.,,,
2026-03-27T13:03:51.810Z,market,trade,WINFUT,182785.0,1,,,,UBS BRASIL CCTVM S/A,SANTANDER CORRETORA DE TITULOS E VALORES MOBILIARIOS S.A.,,,
2026-03-27T13:03:51.810Z,market,trade,WINFUT,182785.0,1,,,,UBS BRASIL CCTVM S/A,XP Investimentos CCTVM S/A,,,
2026-03-27T13:03:51.810Z,market,trade,WINFUT,182785.0,1,,,,UBS BRASIL CCTVM S/A,GENIAL INSTITUCIONAL CCTVM S.A,,,
2026-03-27T13:03:51.810Z,market,trade,WINFUT,182785.0,3,,,,UBS BRASIL CCTVM S/A,XP Investimentos CCTVM S/A,,,
2026-03-27T13:03:51.810Z,market,trade,WINFUT,182785.0,1,,,,UBS BRASIL CCTVM S/A,XP Investimentos CCTVM S/A,,,
2026-03-27T13:03:51.810Z,market,trade,WINFUT,182785.0,1,,,,UBS BRASIL CCTVM S/A,SANTANDER CORRETORA DE TITULOS E VALORES MOBILIARIOS S.A.,,,
2026-03-27T13:03:51.810Z,market,trade,WINFUT,182785.0,5,,,,UBS BRASIL CCTVM S/A,XP Investimentos CCTVM S/A,,,
2026-03-27T13:03:51.810Z,market,trade,WINFUT,182785.0,1,,,,UBS BRASIL CCTVM S/A,SANTANDER CORRETORA DE TITULOS E VALORES MOBILIARIOS S.A.,,,
2026-03-27T13:03:51.810Z,market,trade,WINFUT,182785.0,1,,,,UBS BRASIL CCTVM S/A,XP Investimentos CCTVM S/A,,,
2026-03-27T13:03:51.810Z,market,trade,WINFUT,182785.0,1,,,,UBS BRASIL CCTVM S/A,AGORA CTVM S/A,,,
2026-03-27T13:03:51.810Z,market,trade,WINFUT,182785.0,1,,,,UBS BRASIL CCTVM S/A,XP Investimentos CCTVM S/A,,,
2026-03-27T13:03:51.811Z,market,trade,WINFUT,182785.0,1,,,,UBS BRASIL CCTVM S/A,BTG Pactual CTVM S.A.,,,
2026-03-27T13:03:51.811Z,market,trade,WINFUT,182790.0,1,,,,IDEAL CTVM SA,BTG Pactual CTVM S.A.,,,
2026-03-27T13:03:51.811Z,market,trade,WINFUT,182790.0,1,,,,IDEAL CTVM SA,XP Investimentos CCTVM S/A,,,
2026-03-27T13:03:51.811Z,market,trade,WINFUT,182790.0,1,,,,IDEAL CTVM SA,BTG Pactual CTVM S.A.,,,
2026-03-27T13:03:51.811Z,market,trade,WINFUT,182790.0,1,,,,IDEAL CTVM SA,BTG Pactual CTVM S.A.,,,
2026-03-27T13:03:51.811Z,market,trade,WINFUT,182790.0,1,,,,IDEAL CTVM SA,GENIAL INSTITUCIONAL CCTVM S.A,,,
2026-03-27T13:03:51.811Z,market,trade,WINFUT,182790.0,1,,,,IDEAL CTVM SA,AGORA CTVM S/A,,,
2026-03-27T13:03:51.811Z,market,trade,WINFUT,182790.0,1,,,,IDEAL CTVM SA,ATIVA INVESTIMENTOS S.A. CTCV,,,
2026-03-27T13:03:51.811Z,market,trade,WINFUT,182790.0,1,,,,XP Investimentos CCTVM S/A,XP Investimentos CCTVM S/A,,,
2026-03-27T13:03:51.811Z,market,trade,WINFUT,182790.0,1,,,,XP Investimentos CCTVM S/A,XP Investimentos CCTVM S/A,,,
2026-03-27T13:03:51.811Z,market,trade,WINFUT,182790.0,1,,,,GENIAL INSTITUCIONAL CCTVM S.A,ATIVA INVESTIMENTOS S.A. CTCV,,,
2026-03-27T13:03:51.811Z,market,trade,WINFUT,182790.0,1,,,,XP Investimentos CCTVM S/A,ATIVA INVESTIMENTOS S.A. CTCV,,,
2026-03-27T13:03:51.811Z,market,trade,WINFUT,182790.0,2,,,,XP Investimentos CCTVM S/A,XP Investimentos CCTVM S/A,,,
2026-03-27T13:03:51.811Z,market,trade,WINFUT,182790.0,1,,,,XP Investimentos CCTVM S/A,XP Investimentos CCTVM S/A,,,
2026-03-27T13:03:51.811Z,market,trade,WINFUT,182790.0,3,,,,XP Investimentos CCTVM S/A,XP Investimentos CCTVM S/A,,,
2026-03-27T13:03:51.811Z,market,trade,WINFUT,182790.0,1,,,,XP Investimentos CCTVM S/A,XP Investimentos CCTVM S/A,,,
2026-03-27T13:03:51.812Z,market,trade,WINFUT,182790.0,1,,,,TERRA INVESTIMENTOS DTVM LTDA,BTG Pactual CTVM S.A.,,,
2026-03-27T13:03:51.812Z,market,trade,WINFUT,182790.0,1,,,,TERRA INVESTIMENTOS DTVM LTDA,AGORA CTVM S/A,,,
2026-03-27T13:03:51.812Z,market,trade,WINFUT,182790.0,1,,,,BTG Pactual CTVM S.A.,BTG Pactual CTVM S.A.,,,
2026-03-27T13:03:51.812Z,market,trade,WINFUT,182790.0,1,,,,GENIAL INSTITUCIONAL CCTVM S.A,AGORA CTVM S/A,,,
2026-03-27T13:03:51.812Z,market,trade,WINFUT,182790.0,1,,,,GENIAL INSTITUCIONAL CCTVM S.A,AGORA CTVM S/A,,,
2026-03-27T13:03:51.812Z,market,trade,WINFUT,182790.0,1,,,,GENIAL INSTITUCIONAL CCTVM S.A,AGORA CTVM S/A,,,
2026-03-27T13:03:51.812Z,market,trade,WINFUT,182790.0,2,,,,XP Investimentos CCTVM S/A,XP Investimentos CCTVM S/A,,,
2026-03-27T13:03:51.812Z,market,trade,WINFUT,182790.0,1,,,,BTG Pactual CTVM S.A.,BTG Pactual CTVM S.A.,,,
2026-03-27T13:03:51.812Z,market,trade,WINFUT,182790.0,5,,,,BTG Pactual CTVM S.A.,BTG Pactual CTVM S.A.,,,
2026-03-27T13:03:51.812Z,market,trade,WINFUT,182790.0,2,,,,XP Investimentos CCTVM S/A,XP Investimentos CCTVM S/A,,,
2026-03-27T13:03:51.812Z,market,trade,WINFUT,182790.0,1,,,,GENIAL INSTITUCIONAL CCTVM S.A,AGORA CTVM S/A,,,
2026-03-27T13:03:51.812Z,market,trade,WINFUT,182790.0,1,,,,GENIAL INSTITUCIONAL CCTVM S.A,BTG Pactual CTVM S.A.,,,
2026-03-27T13:03:51.812Z,market,trade,WINFUT,182790.0,4,,,,XP Investimentos CCTVM S/A,XP Investimentos CCTVM S/A,,,
2026-03-27T13:03:51.812Z,market,trade,WINFUT,182790.0,6,,,,XP Investimentos CCTVM S/A,BTG Pactual CTVM S.A.,,,
2026-03-27T13:03:51.812Z,market,trade,WINFUT,182790.0,1,,,,CM Capital Markets CCTVM LTDA,CM Capital Markets CCTVM LTDA,,,
2026-03-27T13:03:51.812Z,market,trade,WINFUT,182790.0,1,,,,XP Investimentos CCTVM S/A,BTG Pactual CTVM S.A.,,,
2026-03-27T13:03:51.812Z,market,trade,WINFUT,182790.0,1,,,,BTG Pactual CTVM S.A.,BTG Pactual CTVM S.A.,,,
2026-03-27T13:03:51.812Z,market,trade,WINFUT,182790.0,1,,,,BTG Pactual CTVM S.A.,BTG Pactual CTVM S.A.,,,
2026-03-27T13:03:51.812Z,market,trade,WINFUT,182790.0,1,,,,BTG Pactual CTVM S.A.,BTG Pactual CTVM S.A.,,,
2026-03-27T13:03:51.812Z,market,trade,WINFUT,182790.0,1,,,,Elliot-Warren,BTG Pactual CTVM S.A.,,,
2026-03-27T13:03:51.812Z,market,trade,WINFUT,182790.0,1,,,,Elliot-Warren,BTG Pactual CTVM S.A.,,,
2026-03-27T13:03:51.812Z,market,trade,WINFUT,182790.0,1,,,,Elliot-Warren,BTG Pactual CTVM S.A.,,,
2026-03-27T13:03:51.812Z,market,trade,WINFUT,182790.0,1,,,,Elliot-Warren,BTG Pactual CTVM S.A.,,,
2026-03-27T13:03:51.812Z,market,trade,WINFUT,182790.0,1,,,,Elliot-Warren,XP Investimentos CCTVM S/A,,,
2026-03-27T13:03:51.812Z,market,trade,WINFUT,182790.0,12,,,,Elliot-Warren,BTG Pactual CTVM S.A.,,,
2026-03-27T13:03:51.812Z,market,trade,WINFUT,182790.0,1,,,,GENIAL INSTITUCIONAL CCTVM S.A,BTG Pactual CTVM S.A.,,,
2026-03-27T13:03:51.812Z,market,trade,WINFUT,182790.0,1,,,,BTG Pactual CTVM S.A.,BTG Pactual CTVM S.A.,,,
2026-03-27T13:03:51.812Z,market,trade,WINFUT,182790.0,2,,,,BTG Pactual CTVM S.A.,BTG Pactual CTVM S.A.,,,
2026-03-27T13:03:51.812Z,market,trade,WINFUT,182790.0,1,,,,XP Investimentos CCTVM S/A,XP Investimentos CCTVM S/A,,,
2026-03-27T13:03:51.812Z,market,trade,WINFUT,182790.0,1,,,,XP Investimentos CCTVM S/A,XP Investimentos CCTVM S/A,,,
2026-03-27T13:03:51.812Z,market,trade,WINFUT,182790.0,1,,,,XP Investimentos CCTVM S/A,NOVA FUTURA CTVM LTDA,,,
2026-03-27T13:03:51.812Z,market,trade,WINFUT,182790.0,14,,,,XP Investimentos CCTVM S/A,NOVA FUTURA CTVM LTDA,,,
2026-03-27T13:03:51.812Z,market,trade,WINFUT,182790.0,1,,,,XP Investimentos CCTVM S/A,XP Investimentos CCTVM S/A,,,
2026-03-27T13:03:51.812Z,market,trade,WINFUT,182790.0,1,,,,XP Investimentos CCTVM S/A,BTG Pactual CTVM S.A.,,,
2026-03-27T13:03:51.812Z,market,trade,WINFUT,182790.0,1,,,,XP Investimentos CCTVM S/A,XP Investimentos CCTVM S/A,,,
2026-03-27T13:03:51.812Z,market,trade,WINFUT,182790.0,1,,,,XP Investimentos CCTVM S/A,XP Investimentos CCTVM S/A,,,
2026-03-27T13:03:51.812Z,market,trade,WINFUT,182790.0,1,,,,XP Investimentos CCTVM S/A,XP Investimentos CCTVM S/A,,,
2026-03-27T13:03:51.813Z,market,trade,WINFUT,182790.0,1,,,,XP Investimentos CCTVM S/A,Elliot-Warren,,,
2026-03-27T13:03:51.813Z,market,trade,WINFUT,182790.0,1,,,,XP Investimentos CCTVM S/A,XP Investimentos CCTVM S/A,,,
2026-03-27T13:03:51.813Z,market,trade,WINFUT,182790.0,1,,,,XP Investimentos CCTVM S/A,XP Investimentos CCTVM S/A,,,
2026-03-27T13:03:51.813Z,market,trade,WINFUT,182790.0,1,,,,XP Investimentos CCTVM S/A,GENIAL INSTITUCIONAL CCTVM S.A,,,
2026-03-27T13:03:51.813Z,market,trade,WINFUT,182790.0,1,,,,XP Investimentos CCTVM S/A,XP Investimentos CCTVM S/A,,,
2026-03-27T13:03:51.813Z,market,trade,WINFUT,182790.0,3,,,,XP Investimentos CCTVM S/A,XP Investimentos CCTVM S/A,,,
2026-03-27T13:03:51.813Z,market,trade,WINFUT,182790.0,1,,,,XP Investimentos CCTVM S/A,BTG Pactual CTVM S.A.,,,
2026-03-27T13:03:51.813Z,market,trade,WINFUT,182790.0,2,,,,XP Investimentos CCTVM S/A,SANTANDER CORRETORA DE TITULOS E VALORES MOBILIARIOS S.A.,,,
2026-03-27T13:03:51.813Z,market,trade,WINFUT,182790.0,1,,,,XP Investimentos CCTVM S/A,XP Investimentos CCTVM S/A,,,
2026-03-27T13:03:51.813Z,market,trade,WINFUT,182790.0,5,,,,XP Investimentos CCTVM S/A,XP Investimentos CCTVM S/A,,,
2026-03-27T13:03:51.813Z,market,trade,WINFUT,182790.0,5,,,,XP Investimentos CCTVM S/A,XP Investimentos CCTVM S/A,,,
2026-03-27T13:03:51.813Z,market,trade,WINFUT,182790.0,1,,,,XP Investimentos CCTVM S/A,CM Capital Markets CCTVM LTDA,,,
2026-03-27T13:03:51.813Z,market,trade,WINFUT,182790.0,1,,,,XP Investimentos CCTVM S/A,SANTANDER CORRETORA DE TITULOS E VALORES MOBILIARIOS S.A.,,,
2026-03-27T13:03:51.813Z,market,trade,WINFUT,182790.0,1,,,,XP Investimentos CCTVM S/A,SANTANDER CORRETORA DE TITULOS E VALORES MOBILIARIOS S.A.,,,
2026-03-27T13:03:51.813Z,market,trade,WINFUT,182790.0,2,,,,XP Investimentos CCTVM S/A,BTG Pactual CTVM S.A.,,,
2026-03-27T13:03:51.813Z,market,trade,WINFUT,182790.0,1,,,,XP Investimentos CCTVM S/A,SANTANDER CORRETORA DE TITULOS E VALORES MOBILIARIOS S.A.,,,
2026-03-27T13:03:51.813Z,market,trade,WINFUT,182790.0,1,,,,XP Investimentos CCTVM S/A,XP Investimentos CCTVM S/A,,,
2026-03-27T13:03:51.813Z,market,trade,WINFUT,182790.0,8,,,,XP Investimentos CCTVM S/A,BTG Pactual CTVM S.A.,,,
2026-03-27T13:03:51.813Z,market,trade,WINFUT,182790.0,1,,,,XP Investimentos CCTVM S/A,XP Investimentos CCTVM S/A,,,
2026-03-27T13:03:51.813Z,market,trade,WINFUT,182795.0,1,,,,XP Investimentos CCTVM S/A,XP Investimentos CCTVM S/A,,,
2026-03-27T13:03:51.813Z,market,trade,WINFUT,182795.0,5,,,,XP Investimentos CCTVM S/A,XP Investimentos CCTVM S/A,,,
2026-03-27T13:03:51.813Z,market,trade,WINFUT,182795.0,1,,,,XP Investimentos CCTVM S/A,BTG Pactual CTVM S.A.,,,
2026-03-27T13:03:51.813Z,market,trade,WINFUT,182795.0,1,,,,XP Investimentos CCTVM S/A,BTG Pactual CTVM S.A.,,,
2026-03-27T13:03:51.813Z,market,trade,WINFUT,182795.0,4,,,,XP Investimentos CCTVM S/A,XP Investimentos CCTVM S/A,,,
2026-03-27T13:03:51.813Z,market,trade,WINFUT,182795.0,1,,,,XP Investimentos CCTVM S/A,AGORA CTVM S/A,,,
2026-03-27T13:03:51.813Z,market,trade,WINFUT,182795.0,1,,,,XP Investimentos CCTVM S/A,XP Investimentos CCTVM S/A,,,
2026-03-27T13:03:51.813Z,market,trade,WINFUT,182795.0,1,,,,XP Investimentos CCTVM S/A,BTG Pactual CTVM S.A.,,,
2026-03-27T13:03:51.813Z,market,trade,WINFUT,182795.0,1,,,,XP Investimentos CCTVM S/A,XP Investimentos CCTVM S/A,,,
2026-03-27T13:03:51.813Z,market,trade,WINFUT,182795.0,5,,,,XP Investimentos CCTVM S/A,IDEAL CTVM SA,,,
2026-03-27T13:03:51.813Z,market,trade,WINFUT,182795.0,1,,,,XP Investimentos CCTVM S/A,XP Investimentos CCTVM S/A,,,
2026-03-27T13:03:51.813Z,market,trade,WINFUT,182795.0,20,,,,XP Investimentos CCTVM S/A,GENIAL INSTITUCIONAL CCTVM S.A,,,
2026-03-27T13:03:51.813Z,market,trade,WINFUT,182795.0,3,,,,XP Investimentos CCTVM S/A,GENIAL INSTITUCIONAL CCTVM S.A,,,
2026-03-27T13:03:51.813Z,market,trade,WINFUT,182795.0,1,,,,XP Investimentos CCTVM S/A,GENIAL INSTITUCIONAL CCTVM S.A,,,
2026-03-27T13:03:51.813Z,market,trade,WINFUT,182795.0,1,,,,XP Investimentos CCTVM S/A,GENIAL INSTITUCIONAL CCTVM S.A,,,
2026-03-27T13:03:51.813Z,market,trade,WINFUT,182795.0,1,,,,GENIAL INSTITUCIONAL CCTVM S.A,GENIAL INSTITUCIONAL CCTVM S.A,,,
2026-03-27T13:03:51.813Z,market,trade,WINFUT,182795.0,1,,,,XP Investimentos CCTVM S/A,GENIAL INSTITUCIONAL CCTVM S.A,,,
2026-03-27T13:03:51.813Z,market,trade,WINFUT,182795.0,1,,,,XP Investimentos CCTVM S/A,GENIAL INSTITUCIONAL CCTVM S.A,,,
2026-03-27T13:03:51.813Z,market,trade,WINFUT,182795.0,1,,,,XP Investimentos CCTVM S/A,GENIAL INSTITUCIONAL CCTVM S.A,,,
2026-03-27T13:03:51.813Z,market,trade,WINFUT,182795.0,2,,,,XP Investimentos CCTVM S/A,GENIAL INSTITUCIONAL CCTVM S.A,,,
2026-03-27T13:03:51.813Z,market,trade,WINFUT,182795.0,5,,,,XP Investimentos CCTVM S/A,GENIAL INSTITUCIONAL CCTVM S.A,,,
2026-03-27T13:03:51.813Z,market,trade,WINFUT,182795.0,1,,,,Elliot-Warren,XP Investimentos CCTVM S/A,,,
2026-03-27T13:03:51.813Z,market,trade,WINFUT,182795.0,1,,,,Elliot-Warren,GENIAL INSTITUCIONAL CCTVM S.A,,,
2026-03-27T13:03:51.813Z,market,trade,WINFUT,182795.0,1,,,,Elliot-Warren,GENIAL INSTITUCIONAL CCTVM S.A,,,
2026-03-27T13:03:51.813Z,market,trade,WINFUT,182795.0,1,,,,Elliot-Warren,XP Investimentos CCTVM S/A,,,
2026-03-27T13:03:51.813Z,market,trade,WINFUT,182795.0,1,,,,Elliot-Warren,AGORA CTVM S/A,,,
2026-03-27T13:03:51.813Z,market,trade,WINFUT,182795.0,1,,,,Elliot-Warren,AGORA CTVM S/A,,,
2026-03-27T13:03:51.813Z,market,trade,WINFUT,182795.0,1,,,,GENIAL INSTITUCIONAL CCTVM S.A,AGORA CTVM S/A,,,
2026-03-27T13:03:51.813Z,market,trade,WINFUT,182795.0,4,,,,GENIAL INSTITUCIONAL CCTVM S.A,XP Investimentos CCTVM S/A,,,
2026-03-27T13:03:51.813Z,market,trade,WINFUT,182795.0,5,,,,XP Investimentos CCTVM S/A,XP Investimentos CCTVM S/A,,,
2026-03-27T13:03:51.813Z,market,trade,WINFUT,182795.0,1,,,,XP Investimentos CCTVM S/A,XP Investimentos CCTVM S/A,,,
2026-03-27T13:03:51.813Z,market,trade,WINFUT,182795.0,1,,,,XP Investimentos CCTVM S/A,AGORA CTVM S/A,,,
2026-03-27T13:03:51.813Z,market,trade,WINFUT,182795.0,1,,,,XP Investimentos CCTVM S/A,GENIAL INSTITUCIONAL CCTVM S.A,,,
2026-03-27T13:03:51.813Z,market,trade,WINFUT,182795.0,1,,,,XP Investimentos CCTVM S/A,Santander CCVM S/A,,,
2026-03-27T13:03:51.813Z,market,trade,WINFUT,182795.0,1,,,,XP Investimentos CCTVM S/A,ATIVA INVESTIMENTOS S.A. CTCV,,,
2026-03-27T13:03:51.814Z,market,trade,WINFUT,182795.0,1,,,,XP Investimentos CCTVM S/A,ATIVA INVESTIMENTOS S.A. CTCV,,,
2026-03-27T13:03:51.814Z,market,trade,WINFUT,182795.0,1,,,,XP Investimentos CCTVM S/A,ATIVA INVESTIMENTOS S.A. CTCV,,,
2026-03-27T13:03:51.814Z,market,trade,WINFUT,182795.0,1,,,,XP Investimentos CCTVM S/A,ATIVA INVESTIMENTOS S.A. CTCV,,,
2026-03-27T13:03:51.814Z,market,trade,WINFUT,182795.0,5,,,,XP Investimentos CCTVM S/A,AGORA CTVM S/A,,,
2026-03-27T13:03:51.814Z,market,trade,WINFUT,182795.0,2,,,,XP Investimentos CCTVM S/A,AGORA CTVM S/A,,,
2026-03-27T13:03:51.814Z,market,trade,WINFUT,182795.0,2,,,,Elliot-Warren,AGORA CTVM S/A,,,
2026-03-27T13:03:51.814Z,market,trade,WINFUT,182795.0,6,,,,XP Investimentos CCTVM S/A,AGORA CTVM S/A,,,
2026-03-27T13:03:51.814Z,market,trade,WINFUT,182795.0,5,,,,XP Investimentos CCTVM S/A,AGORA CTVM S/A,,,
2026-03-27T13:03:51.814Z,market,trade,WINFUT,182790.0,1,,,,BTG Pactual CTVM S.A.,BTG Pactual CTVM S.A.,,,
2026-03-27T13:03:51.814Z,market,trade,WINFUT,182790.0,1,,,,BTG Pactual CTVM S.A.,BTG Pactual CTVM S.A.,,,
2026-03-27T13:03:51.814Z,market,trade,WINFUT,182795.0,1,,,,XP Investimentos CCTVM S/A,AGORA CTVM S/A,,,
2026-03-27T13:03:51.814Z,market,trade,WINFUT,182795.0,1,,,,ITAU CV S/A,AGORA CTVM S/A,,,
2026-03-27T13:03:51.814Z,market,trade,WINFUT,182795.0,1,,,,ITAU CV S/A,AGORA CTVM S/A,,,
2026-03-27T13:03:51.814Z,market,trade,WINFUT,182795.0,1,,,,XP Investimentos CCTVM S/A,AGORA CTVM S/A,,,
2026-03-27T13:03:51.814Z,market,trade,WINFUT,182795.0,1,,,,XP Investimentos CCTVM S/A,AGORA CTVM S/A,,,
2026-03-27T13:03:51.814Z,market,trade,WINFUT,182795.0,2,,,,GENIAL INSTITUCIONAL CCTVM S.A,IDEAL CTVM SA,,,
2026-03-27T13:03:51.814Z,market,trade,WINFUT,182795.0,5,,,,XP Investimentos CCTVM S/A,IDEAL CTVM SA,,,
2026-03-27T13:03:51.814Z,market,trade,WINFUT,182795.0,1,,,,XP Investimentos CCTVM S/A,IDEAL CTVM SA,,,
2026-03-27T13:03:51.814Z,market,trade,WINFUT,182795.0,1,,,,XP Investimentos CCTVM S/A,IDEAL CTVM SA,,,
2026-03-27T13:03:51.814Z,market,trade,WINFUT,182795.0,2,,,,XP Investimentos CCTVM S/A,IDEAL CTVM SA,,,
2026-03-27T13:03:51.814Z,market,trade,WINFUT,182795.0,1,,,,XP Investimentos CCTVM S/A,IDEAL CTVM SA,,,
2026-03-27T13:03:51.814Z,market,trade,WINFUT,182795.0,5,,,,XP Investimentos CCTVM S/A,XP Investimentos CCTVM S/A,,,
2026-03-27T13:03:51.814Z,market,trade,WINFUT,182795.0,1,,,,Elliot-Warren,XP Investimentos CCTVM S/A,,,
2026-03-27T13:03:51.814Z,market,trade,WINFUT,182795.0,1,,,,GENIAL INSTITUCIONAL CCTVM S.A,XP Investimentos CCTVM S/A,,,
2026-03-27T13:03:51.814Z,market,trade,WINFUT,182795.0,1,,,,GENIAL INSTITUCIONAL CCTVM S.A,XP Investimentos CCTVM S/A,,,
2026-03-27T13:03:51.814Z,market,trade,WINFUT,182795.0,1,,,,XP Investimentos CCTVM S/A,XP Investimentos CCTVM S/A,,,
2026-03-27T13:03:51.814Z,market,trade,WINFUT,182795.0,1,,,,GENIAL INSTITUCIONAL CCTVM S.A,XP Investimentos CCTVM S/A,,,
2026-03-27T13:03:51.814Z,market,trade,WINFUT,182795.0,1,,,,GENIAL INSTITUCIONAL CCTVM S.A,BTG Pactual CTVM S.A.,,,
2026-03-27T13:03:51.814Z,market,trade,WINFUT,182795.0,1,,,,GENIAL INSTITUCIONAL CCTVM S.A,BTG Pactual CTVM S.A.,,,
2026-03-27T13:03:51.814Z,market,trade,WINFUT,182795.0,2,,,,GENIAL INSTITUCIONAL CCTVM S.A,BTG Pactual CTVM S.A.,,,
2026-03-27T13:03:51.814Z,market,trade,WINFUT,182790.0,1,,,,BTG Pactual CTVM S.A.,BTG Pactual CTVM S.A.,,,
2026-03-27T13:03:51.814Z,market,trade,WINFUT,182790.0,1,,,,BTG Pactual CTVM S.A.,BTG Pactual CTVM S.A.,,,
2026-03-27T13:03:51.814Z,market,trade,WINFUT,182795.0,2,,,,XP Investimentos CCTVM S/A,BTG Pactual CTVM S.A.,,,
2026-03-27T13:03:51.814Z,market,trade,WINFUT,182795.0,1,,,,XP Investimentos CCTVM S/A,BTG Pactual CTVM S.A.,,,
2026-03-27T13:03:51.814Z,market,trade,WINFUT,182795.0,1,,,,XP Investimentos CCTVM S/A,BTG Pactual CTVM S.A.,,,
2026-03-27T13:03:51.814Z,market,trade,WINFUT,182795.0,1,,,,Elliot-Warren,BTG Pactual CTVM S.A.,,,
2026-03-27T13:03:51.814Z,market,trade,WINFUT,182795.0,2,,,,Elliot-Warren,BTG Pactual CTVM S.A.,,,
2026-03-27T13:03:51.814Z,market,trade,WINFUT,182795.0,1,,,,TERRA INVESTIMENTOS DTVM LTDA,BTG Pactual CTVM S.A.,,,
2026-03-27T13:03:51.814Z,market,trade,WINFUT,182790.0,1,,,,BTG Pactual CTVM S.A.,BTG Pactual CTVM S.A.,,,
2026-03-27T13:03:51.814Z,market,trade,WINFUT,182795.0,1,,,,NOVA FUTURA CTVM LTDA,BTG Pactual CTVM S.A.,,,
2026-03-27T13:03:51.814Z,market,trade,WINFUT,182795.0,1,,,,GENIAL INSTITUCIONAL CCTVM S.A,XP Investimentos CCTVM S/A,,,
2026-03-27T13:03:51.814Z,market,trade,WINFUT,182795.0,1,,,,GENIAL INSTITUCIONAL CCTVM S.A,BTG Pactual CTVM S.A.,,,
2026-03-27T13:03:51.814Z,market,trade,WINFUT,182795.0,4,,,,BTG Pactual CTVM S.A.,BTG Pactual CTVM S.A.,,,
2026-03-27T13:03:51.814Z,market,trade,WINFUT,182795.0,2,,,,BTG Pactual CTVM S.A.,BTG Pactual CTVM S.A.,,,
2026-03-27T13:03:51.814Z,market,trade,WINFUT,182795.0,1,,,,BTG Pactual CTVM S.A.,XP Investimentos CCTVM S/A,,,
2026-03-27T13:03:51.814Z,market,trade,WINFUT,182795.0,3,,,,BTG Pactual CTVM S.A.,BTG Pactual CTVM S.A.,,,
2026-03-27T13:03:51.814Z,market,trade,WINFUT,182795.0,1,,,,BTG Pactual CTVM S.A.,BTG Pactual CTVM S.A.,,,
2026-03-27T13:03:51.814Z,market,trade,WINFUT,182795.0,1,,,,BTG Pactual CTVM S.A.,IDEAL CTVM SA,,,
2026-03-27T13:03:51.814Z,market,trade,WINFUT,182795.0,1,,,,BTG Pactual CTVM S.A.,XP Investimentos CCTVM S/A,,,
2026-03-27T13:03:51.814Z,market,trade,WINFUT,182795.0,1,,,,BTG Pactual CTVM S.A.,XP Investimentos CCTVM S/A,,,
2026-03-27T13:03:51.814Z,market,trade,WINFUT,182795.0,1,,,,BTG Pactual CTVM S.A.,XP Investimentos CCTVM S/A,,,
2026-03-27T13:03:51.814Z,market,trade,WINFUT,182795.0,1,,,,BTG Pactual CTVM S.A.,GENIAL INSTITUCIONAL CCTVM S.A,,,
2026-03-27T13:03:51.814Z,market,trade,WINFUT,182795.0,1,,,,BTG Pactual CTVM S.A.,GENIAL INSTITUCIONAL CCTVM S.A,,,
2026-03-27T13:03:51.814Z,market,trade,WINFUT,182795.0,1,,,,BTG Pactual CTVM S.A.,GENIAL INSTITUCIONAL CCTVM S.A,,,
2026-03-27T13:03:51.815Z,market,trade,WINFUT,182795.0,1,,,,BTG Pactual CTVM S.A.,XP Investimentos CCTVM S/A,,,
2026-03-27T13:03:51.815Z,market,trade,WINFUT,182795.0,1,,,,BTG Pactual CTVM S.A.,XP Investimentos CCTVM S/A,,,
2026-03-27T13:03:51.815Z,market,trade,WINFUT,182795.0,1,,,,BTG Pactual CTVM S.A.,Elliot-Warren,,,
2026-03-27T13:03:51.815Z,market,trade,WINFUT,182795.0,1,,,,BTG Pactual CTVM S.A.,GENIAL INSTITUCIONAL CCTVM S.A,,,
2026-03-27T13:03:51.815Z,market,trade,WINFUT,182795.0,1,,,,BTG Pactual CTVM S.A.,GENIAL INSTITUCIONAL CCTVM S.A,,,
2026-03-27T13:03:51.815Z,market,trade,WINFUT,182795.0,1,,,,BTG Pactual CTVM S.A.,GENIAL INSTITUCIONAL CCTVM S.A,,,
2026-03-27T13:03:51.815Z,market,trade,WINFUT,182795.0,1,,,,BTG Pactual CTVM S.A.,XP Investimentos CCTVM S/A,,,
2026-03-27T13:03:51.815Z,market,trade,WINFUT,182795.0,1,,,,BTG Pactual CTVM S.A.,XP Investimentos CCTVM S/A,,,
2026-03-27T13:03:51.815Z,market,trade,WINFUT,182795.0,1,,,,BTG Pactual CTVM S.A.,XP Investimentos CCTVM S/A,,,
2026-03-27T13:03:51.815Z,market,trade,WINFUT,182795.0,1,,,,BTG Pactual CTVM S.A.,XP Investimentos CCTVM S/A,,,
2026-03-27T13:03:51.815Z,market,trade,WINFUT,182795.0,1,,,,BTG Pactual CTVM S.A.,XP Investimentos CCTVM S/A,,,
2026-03-27T13:03:51.815Z,market,trade,WINFUT,182795.0,1,,,,BTG Pactual CTVM S.A.,XP Investimentos CCTVM S/A,,,
2026-03-27T13:03:51.815Z,market,trade,WINFUT,182795.0,1,,,,GENIAL INSTITUCIONAL CCTVM S.A,XP Investimentos CCTVM S/A,,,
2026-03-27T13:03:51.815Z,market,trade,WINFUT,182795.0,1,,,,XP Investimentos CCTVM S/A,XP Investimentos CCTVM S/A,,,
2026-03-27T13:03:51.815Z,market,trade,WINFUT,182790.0,2,,,,IDEAL CTVM SA,AGORA CTVM S/A,,,
2026-03-27T13:03:51.815Z,market,trade,WINFUT,182790.0,2,,,,IDEAL CTVM SA,GENIAL INSTITUCIONAL CCTVM S.A,,,
2026-03-27T13:03:51.815Z,market,trade,WINFUT,182790.0,4,,,,IDEAL CTVM SA,GENIAL INSTITUCIONAL CCTVM S.A,,,
2026-03-27T13:03:51.815Z,market,trade,WINFUT,182790.0,4,,,,UBS BRASIL CCTVM S/A,GENIAL INSTITUCIONAL CCTVM S.A,,,
2026-03-27T13:03:52.294Z,market,trade,WINFUT,182790.0,8,,,,IDEAL CTVM SA,XP Investimentos CCTVM S/A,,,
2026-03-27T13:03:52.295Z,market,trade,WINFUT,182790.0,3,,,,IDEAL CTVM SA,XP Investimentos CCTVM S/A,,,
2026-03-27T13:03:52.295Z,market,trade,WINFUT,182790.0,3,,,,IDEAL CTVM SA,XP Investimentos CCTVM S/A,,,
2026-03-27T13:03:52.295Z,market,trade,WINFUT,182790.0,1,,,,XP Investimentos CCTVM S/A,IDEAL CTVM SA,,,
2026-03-27T13:03:52.295Z,market,trade,WINFUT,182785.0,4,,,,BTG Pactual CTVM S.A.,BTG Pactual CTVM S.A.,,,
2026-03-27T13:03:52.295Z,market,trade,WINFUT,182790.0,1,,,,BTG Pactual CTVM S.A.,IDEAL CTVM SA,,,
2026-03-27T13:03:52.295Z,market,trade,WINFUT,182785.0,1,,,,UBS BRASIL CCTVM S/A,Elliot-Warren,,,
2026-03-27T13:03:52.295Z,market,trade,WINFUT,182790.0,5,,,,IDEAL CTVM SA,IDEAL CTVM SA,,,
2026-03-27T13:03:52.295Z,market,trade,WINFUT,182790.0,3,,,,IDEAL CTVM SA,AGORA CTVM S/A,,,
2026-03-27T13:03:52.295Z,market,trade,WINFUT,182790.0,3,,,,IDEAL CTVM SA,AGORA CTVM S/A,,,
2026-03-27T13:03:52.295Z,market,trade,WINFUT,182790.0,4,,,,IDEAL CTVM SA,XP Investimentos CCTVM S/A,,,
2026-03-27T13:03:52.295Z,market,trade,WINFUT,182790.0,1,,,,IDEAL CTVM SA,UBS BRASIL CCTVM S/A,,,
2026-03-27T13:03:52.295Z,market,trade,WINFUT,182790.0,5,,,,IDEAL CTVM SA,IDEAL CTVM SA,,,
2026-03-27T13:03:52.295Z,market,trade,WINFUT,182790.0,2,,,,IDEAL CTVM SA,IDEAL CTVM SA,,,
2026-03-27T13:03:52.295Z,market,trade,WINFUT,182790.0,1,,,,XP Investimentos CCTVM S/A,IDEAL CTVM SA,,,
2026-03-27T13:03:52.295Z,market,trade,WINFUT,182790.0,4,,,,XP Investimentos CCTVM S/A,IDEAL CTVM SA,,,
2026-03-27T13:03:52.295Z,market,trade,WINFUT,182790.0,1,,,,IDEAL CTVM SA,IDEAL CTVM SA,,,
2026-03-27T13:03:52.295Z,market,trade,WINFUT,182790.0,3,,,,IDEAL CTVM SA,XP Investimentos CCTVM S/A,,,
2026-03-27T13:03:52.295Z,market,trade,WINFUT,182790.0,1,,,,IDEAL CTVM SA,XP Investimentos CCTVM S/A,,,
2026-03-27T13:03:52.295Z,market,trade,WINFUT,182790.0,2,,,,IDEAL CTVM SA,XP Investimentos CCTVM S/A,,,
2026-03-27T13:03:52.295Z,market,trade,WINFUT,182790.0,1,,,,XP Investimentos CCTVM S/A,XP Investimentos CCTVM S/A,,,
2026-03-27T13:03:52.295Z,market,trade,WINFUT,182790.0,2,,,,XP Investimentos CCTVM S/A,XP Investimentos CCTVM S/A,,,
2026-03-27T13:03:52.296Z,market,trade,WINFUT,182790.0,2,,,,UBS BRASIL CCTVM S/A,IDEAL CTVM SA,,,
2026-03-27T13:03:52.296Z,market,trade,WINFUT,182790.0,10,,,,XP Investimentos CCTVM S/A,XP Investimentos CCTVM S/A,,,
2026-03-27T13:03:52.296Z,market,trade,WINFUT,182790.0,1,,,,XP Investimentos CCTVM S/A,XP Investimentos CCTVM S/A,,,
2026-03-27T13:03:52.296Z,market,trade,WINFUT,182790.0,1,,,,XP Investimentos CCTVM S/A,XP Investimentos CCTVM S/A,,,
2026-03-27T13:03:52.296Z,market,trade,WINFUT,182785.0,2,,,,GENIAL INSTITUCIONAL CCTVM S.A,GENIAL INSTITUCIONAL CCTVM S.A,,,
2026-03-27T13:03:52.296Z,market,trade,WINFUT,182790.0,1,,,,GENIAL INSTITUCIONAL CCTVM S.A,IDEAL CTVM SA,,,
2026-03-27T13:03:52.296Z,market,trade,WINFUT,182790.0,1,,,,XP Investimentos CCTVM S/A,IDEAL CTVM SA,,,
2026-03-27T13:03:52.296Z,market,trade,WINFUT,182790.0,5,,,,GENIAL INSTITUCIONAL CCTVM S.A,IDEAL CTVM SA,,,
2026-03-27T13:03:52.296Z,market,trade,WINFUT,182790.0,1,,,,GENIAL INSTITUCIONAL CCTVM S.A,BTG Pactual CTVM S.A.,,,
2026-03-27T13:03:52.296Z,market,trade,WINFUT,182790.0,1,,,,GENIAL INSTITUCIONAL CCTVM S.A,IDEAL CTVM SA,,,
2026-03-27T13:03:52.296Z,market,trade,WINFUT,182790.0,2,,,,GENIAL INSTITUCIONAL CCTVM S.A,BTG Pactual CTVM S.A.,,,
2026-03-27T13:03:52.296Z,market,trade,WINFUT,182795.0,1,,,,GENIAL INSTITUCIONAL CCTVM S.A,XP Investimentos CCTVM S/A,,,
2026-03-27T13:03:52.296Z,market,trade,WINFUT,182790.0,1,,,,XP Investimentos CCTVM S/A,XP Investimentos CCTVM S/A,,,
2026-03-27T13:03:52.296Z,market,trade,WINFUT,182790.0,1,,,,BTG Pactual CTVM S.A.,XP Investimentos CCTVM S/A,,,
2026-03-27T13:03:52.296Z,market,trade,WINFUT,182790.0,2,,,,IDEAL CTVM SA,XP Investimentos CCTVM S/A,,,
2026-03-27T13:03:52.296Z,market,trade,WINFUT,182795.0,1,,,,XP Investimentos CCTVM S/A,XP Investimentos CCTVM S/A,,,
2026-03-27T13:03:52.296Z,market,trade,WINFUT,182795.0,2,,,,XP Investimentos CCTVM S/A,XP Investimentos CCTVM S/A,,,
2026-03-27T13:03:52.296Z,market,trade,WINFUT,182795.0,1,,,,XP Investimentos CCTVM S/A,XP Investimentos CCTVM S/A,,,
2026-03-27T13:03:52.296Z,market,trade,WINFUT,182795.0,1,,,,XP Investimentos CCTVM S/A,XP Investimentos CCTVM S/A,,,
2026-03-27T13:03:52.296Z,market,trade,WINFUT,182790.0,1,,,,GENIAL INSTITUCIONAL CCTVM S.A,GENIAL INSTITUCIONAL CCTVM S.A,,,
2026-03-27T13:03:52.296Z,market,trade,WINFUT,182790.0,1,,,,XP Investimentos CCTVM S/A,XP Investimentos CCTVM S/A,,,
2026-03-27T13:03:52.296Z,market,trade,WINFUT,182795.0,1,,,,XP Investimentos CCTVM S/A,XP Investimentos CCTVM S/A,,,
2026-03-27T13:03:52.296Z,market,trade,WINFUT,182795.0,1,,,,XP Investimentos CCTVM S/A,XP Investimentos CCTVM S/A,,,
2026-03-27T13:03:52.296Z,market,trade,WINFUT,182795.0,1,,,,XP Investimentos CCTVM S/A,XP Investimentos CCTVM S/A,,,
2026-03-27T13:03:52.296Z,market,trade,WINFUT,182795.0,1,,,,XP Investimentos CCTVM S/A,XP Investimentos CCTVM S/A,,,
2026-03-27T13:03:52.297Z,market,trade,WINFUT,182795.0,1,,,,BTG Pactual CTVM S.A.,BTG Pactual CTVM S.A.,,,
2026-03-27T13:03:52.297Z,market,trade,WINFUT,182795.0,2,,,,XP Investimentos CCTVM S/A,XP Investimentos CCTVM S/A,,,
2026-03-27T13:03:52.297Z,market,trade,WINFUT,182795.0,4,,,,UBS BRASIL CCTVM S/A,XP Investimentos CCTVM S/A,,,
2026-03-27T13:03:52.297Z,market,trade,WINFUT,182795.0,1,,,,UBS BRASIL CCTVM S/A,XP Investimentos CCTVM S/A,,,
2026-03-27T13:03:52.297Z,market,trade,WINFUT,182795.0,1,,,,UBS BRASIL CCTVM S/A,XP Investimentos CCTVM S/A,,,
2026-03-27T13:03:52.297Z,market,trade,WINFUT,182795.0,1,,,,UBS BRASIL CCTVM S/A,XP Investimentos CCTVM S/A,,,
2026-03-27T13:03:52.297Z,market,trade,WINFUT,182795.0,1,,,,UBS BRASIL CCTVM S/A,XP Investimentos CCTVM S/A,,,
2026-03-27T13:03:52.297Z,market,trade,WINFUT,182795.0,2,,,,UBS BRASIL CCTVM S/A,XP Investimentos CCTVM S/A,,,
2026-03-27T13:03:52.297Z,market,trade,WINFUT,182795.0,2,,,,UBS BRASIL CCTVM S/A,XP Investimentos CCTVM S/A,,,
2026-03-27T13:03:52.297Z,market,trade,WINFUT,182795.0,1,,,,UBS BRASIL CCTVM S/A,XP Investimentos CCTVM S/A,,,
2026-03-27T13:03:52.297Z,market,trade,WINFUT,182795.0,1,,,,UBS BRASIL CCTVM S/A,XP Investimentos CCTVM S/A,,,
2026-03-27T13:03:52.297Z,market,trade,WINFUT,182795.0,1,,,,UBS BRASIL CCTVM S/A,BTG Pactual CTVM S.A.,,,
2026-03-27T13:03:52.297Z,market,trade,WINFUT,182795.0,15,,,,UBS BRASIL CCTVM S/A,NOVA FUTURA CTVM LTDA,,,
2026-03-27T13:03:52.297Z,market,trade,WINFUT,182795.0,1,,,,UBS BRASIL CCTVM S/A,XP Investimentos CCTVM S/A,,,
2026-03-27T13:03:52.297Z,market,trade,WINFUT,182795.0,1,,,,UBS BRASIL CCTVM S/A,CM Capital Markets CCTVM LTDA,,,
2026-03-27T13:03:52.297Z,market,trade,WINFUT,182795.0,3,,,,UBS BRASIL CCTVM S/A,XP Investimentos CCTVM S/A,,,
2026-03-27T13:03:52.297Z,market,trade,WINFUT,182795.0,2,,,,UBS BRASIL CCTVM S/A,GENIAL INSTITUCIONAL CCTVM S.A,,,
2026-03-27T13:03:52.297Z,market,trade,WINFUT,182795.0,1,,,,UBS BRASIL CCTVM S/A,XP Investimentos CCTVM S/A,,,
2026-03-27T13:03:52.297Z,market,trade,WINFUT,182795.0,1,,,,UBS BRASIL CCTVM S/A,XP Investimentos CCTVM S/A,,,
2026-03-27T13:03:52.297Z,market,trade,WINFUT,182795.0,4,,,,UBS BRASIL CCTVM S/A,XP Investimentos CCTVM S/A,,,
2026-03-27T13:03:52.297Z,market,trade,WINFUT,182795.0,1,,,,UBS BRASIL CCTVM S/A,XP Investimentos CCTVM S/A,,,
2026-03-27T13:03:52.297Z,market,trade,WINFUT,182795.0,1,,,,UBS BRASIL CCTVM S/A,AGORA CTVM S/A,,,
2026-03-27T13:03:52.298Z,market,trade,WINFUT,182795.0,1,,,,UBS BRASIL CCTVM S/A,AGORA CTVM S/A,,,
2026-03-27T13:03:52.298Z,market,trade,WINFUT,182795.0,1,,,,UBS BRASIL CCTVM S/A,GENIAL INSTITUCIONAL CCTVM S.A,,,
2026-03-27T13:03:52.298Z,market,trade,WINFUT,182795.0,1,,,,UBS BRASIL CCTVM S/A,XP Investimentos CCTVM S/A,,,
2026-03-27T13:03:52.298Z,market,trade,WINFUT,182795.0,1,,,,UBS BRASIL CCTVM S/A,BTG Pactual CTVM S.A.,,,
2026-03-27T13:03:52.298Z,market,trade,WINFUT,182795.0,3,,,,UBS BRASIL CCTVM S/A,BTG Pactual CTVM S.A.,,,
2026-03-27T13:03:52.298Z,market,trade,WINFUT,182795.0,4,,,,UBS BRASIL CCTVM S/A,BTG Pactual CTVM S.A.,,,
2026-03-27T13:03:52.298Z,market,trade,WINFUT,182795.0,5,,,,UBS BRASIL CCTVM S/A,SANTANDER CORRETORA DE TITULOS E VALORES MOBILIARIOS S.A.,,,
2026-03-27T13:03:52.298Z,market,trade,WINFUT,182795.0,1,,,,UBS BRASIL CCTVM S/A,GENIAL INSTITUCIONAL CCTVM S.A,,,
2026-03-27T13:03:52.298Z,market,trade,WINFUT,182795.0,10,,,,UBS BRASIL CCTVM S/A,SANTANDER CORRETORA DE TITULOS E VALORES MOBILIARIOS S.A.,,,
2026-03-27T13:03:52.298Z,market,trade,WINFUT,182795.0,1,,,,UBS BRASIL CCTVM S/A,XP Investimentos CCTVM S/A,,,
2026-03-27T13:03:52.298Z,market,trade,WINFUT,182795.0,1,,,,UBS BRASIL CCTVM S/A,XP Investimentos CCTVM S/A,,,
2026-03-27T13:03:52.298Z,market,trade,WINFUT,182795.0,1,,,,UBS BRASIL CCTVM S/A,XP Investimentos CCTVM S/A,,,
2026-03-27T13:03:52.298Z,market,trade,WINFUT,182795.0,1,,,,UBS BRASIL CCTVM S/A,BTG Pactual CTVM S.A.,,,
2026-03-27T13:03:52.298Z,market,trade,WINFUT,182795.0,1,,,,UBS BRASIL CCTVM S/A,GENIAL INSTITUCIONAL CCTVM S.A,,,
2026-03-27T13:03:52.298Z,market,trade,WINFUT,182795.0,1,,,,UBS BRASIL CCTVM S/A,XP Investimentos CCTVM S/A,,,
2026-03-27T13:03:52.298Z,market,trade,WINFUT,182795.0,3,,,,UBS BRASIL CCTVM S/A,GENIAL INSTITUCIONAL CCTVM S.A,,,
2026-03-27T13:03:52.298Z,market,trade,WINFUT,182795.0,1,,,,UBS BRASIL CCTVM S/A,XP Investimentos CCTVM S/A,,,
2026-03-27T13:03:52.298Z,market,trade,WINFUT,182795.0,1,,,,UBS BRASIL CCTVM S/A,XP Investimentos CCTVM S/A,,,
2026-03-27T13:03:52.298Z,market,trade,WINFUT,182795.0,1,,,,UBS BRASIL CCTVM S/A,AGORA CTVM S/A,,,
2026-03-27T13:03:52.298Z,market,trade,WINFUT,182795.0,1,,,,UBS BRASIL CCTVM S/A,AGORA CTVM S/A,,,
2026-03-27T13:03:52.298Z,market,trade,WINFUT,182795.0,1,,,,UBS BRASIL CCTVM S/A,XP Investimentos CCTVM S/A,,,
2026-03-27T13:03:52.298Z,market,trade,WINFUT,182795.0,1,,,,UBS BRASIL CCTVM S/A,XP Investimentos CCTVM S/A,,,
2026-03-27T13:03:52.298Z,market,trade,WINFUT,182795.0,25,,,,UBS BRASIL CCTVM S/A,GENIAL INSTITUCIONAL CCTVM S.A,,,
2026-03-27T13:03:52.298Z,market,trade,WINFUT,182795.0,1,,,,UBS BRASIL CCTVM S/A,INTER DTVM LTDA,,,
2026-03-27T13:03:52.298Z,market,trade,WINFUT,182795.0,1,,,,UBS BRASIL CCTVM S/A,GENIAL INSTITUCIONAL CCTVM S.A,,,
2026-03-27T13:03:52.298Z,market,trade,WINFUT,182795.0,1,,,,UBS BRASIL CCTVM S/A,SANTANDER CORRETORA DE TITULOS E VALORES MOBILIARIOS S.A.,,,
2026-03-27T13:03:52.298Z,market,trade,WINFUT,182795.0,1,,,,UBS BRASIL CCTVM S/A,AGORA CTVM S/A,,,
2026-03-27T13:03:52.298Z,market,trade,WINFUT,182795.0,1,,,,UBS BRASIL CCTVM S/A,BTG Pactual CTVM S.A.,,,
2026-03-27T13:03:52.299Z,market,trade,WINFUT,182800.0,1,,,,IDEAL CTVM SA,XP Investimentos CCTVM S/A,,,
2026-03-27T13:03:52.299Z,market,trade,WINFUT,182800.0,1,,,,IDEAL CTVM SA,BTG Pactual CTVM S.A.,,,
2026-03-27T13:03:52.299Z,market,trade,WINFUT,182800.0,1,,,,IDEAL CTVM SA,BTG Pactual CTVM S.A.,,,
2026-03-27T13:03:52.299Z,market,trade,WINFUT,182800.0,1,,,,IDEAL CTVM SA,XP Investimentos CCTVM S/A,,,
2026-03-27T13:03:52.299Z,market,trade,WINFUT,182800.0,1,,,,IDEAL CTVM SA,BTG Pactual CTVM S.A.,,,
2026-03-27T13:03:52.299Z,market,trade,WINFUT,182800.0,1,,,,IDEAL CTVM SA,XP Investimentos CCTVM S/A,,,
2026-03-27T13:03:52.299Z,market,trade,WINFUT,182800.0,1,,,,IDEAL CTVM SA,XP Investimentos CCTVM S/A,,,
2026-03-27T13:03:52.299Z,market,trade,WINFUT,182800.0,1,,,,XP Investimentos CCTVM S/A,XP Investimentos CCTVM S/A,,,
2026-03-27T13:03:52.299Z,market,trade,WINFUT,182800.0,1,,,,GENIAL INSTITUCIONAL CCTVM S.A,XP Investimentos CCTVM S/A,,,
2026-03-27T13:03:52.299Z,market,trade,WINFUT,182800.0,1,,,,XP Investimentos CCTVM S/A,XP Investimentos CCTVM S/A,,,
2026-03-27T13:03:52.299Z,market,trade,WINFUT,182800.0,3,,,,CM Capital Markets CCTVM LTDA,CM Capital Markets CCTVM LTDA,,,
2026-03-27T13:03:52.299Z,market,trade,WINFUT,182800.0,1,,,,GENIAL INSTITUCIONAL CCTVM S.A,GENIAL INSTITUCIONAL CCTVM S.A,,,
2026-03-27T13:03:52.299Z,market,trade,WINFUT,182800.0,1,,,,XP Investimentos CCTVM S/A,XP Investimentos CCTVM S/A,,,
2026-03-27T13:03:52.299Z,market,trade,WINFUT,182800.0,4,,,,XP Investimentos CCTVM S/A,XP Investimentos CCTVM S/A,,,
2026-03-27T13:03:52.299Z,market,trade,WINFUT,182800.0,3,,,,BTG Pactual CTVM S.A.,BTG Pactual CTVM S.A.,,,
2026-03-27T13:03:52.299Z,market,trade,WINFUT,182800.0,1,,,,XP Investimentos CCTVM S/A,XP Investimentos CCTVM S/A,,,
2026-03-27T13:03:52.299Z,market,trade,WINFUT,182800.0,5,,,,CM Capital Markets CCTVM LTDA,CM Capital Markets CCTVM LTDA,,,
2026-03-27T13:03:52.299Z,market,trade,WINFUT,182800.0,1,,,,GENIAL INSTITUCIONAL CCTVM S.A,AGORA CTVM S/A,,,
2026-03-27T13:03:52.299Z,market,trade,WINFUT,182800.0,1,,,,GENIAL INSTITUCIONAL CCTVM S.A,AGORA CTVM S/A,,,
2026-03-27T13:03:52.299Z,market,trade,WINFUT,182800.0,1,,,,GENIAL INSTITUCIONAL CCTVM S.A,AGORA CTVM S/A,,,
2026-03-27T13:03:52.299Z,market,trade,WINFUT,182800.0,1,,,,XP Investimentos CCTVM S/A,XP Investimentos CCTVM S/A,,,
2026-03-27T13:03:52.299Z,market,trade,WINFUT,182800.0,1,,,,XP Investimentos CCTVM S/A,XP Investimentos CCTVM S/A,,,
2026-03-27T13:03:52.299Z,market,trade,WINFUT,182800.0,1,,,,GENIAL INSTITUCIONAL CCTVM S.A,ATIVA INVESTIMENTOS S.A. CTCV,,,
2026-03-27T13:03:52.299Z,market,trade,WINFUT,182800.0,1,,,,GENIAL INSTITUCIONAL CCTVM S.A,SANTANDER CORRETORA DE TITULOS E VALORES MOBILIARIOS S.A.,,,
2026-03-27T13:03:52.299Z,market,trade,WINFUT,182800.0,1,,,,GENIAL INSTITUCIONAL CCTVM S.A,ATIVA INVESTIMENTOS S.A. CTCV,,,
2026-03-27T13:03:52.299Z,market,trade,WINFUT,182800.0,1,,,,GENIAL INSTITUCIONAL CCTVM S.A,ATIVA INVESTIMENTOS S.A. CTCV,,,
2026-03-27T13:03:52.300Z,market,trade,WINFUT,182800.0,1,,,,GENIAL INSTITUCIONAL CCTVM S.A,ATIVA INVESTIMENTOS S.A. CTCV,,,
2026-03-27T13:03:52.300Z,market,trade,WINFUT,182800.0,5,,,,GENIAL INSTITUCIONAL CCTVM S.A,AGORA CTVM S/A,,,
2026-03-27T13:03:52.300Z,market,trade,WINFUT,182800.0,4,,,,GENIAL INSTITUCIONAL CCTVM S.A,AGORA CTVM S/A,,,
2026-03-27T13:03:52.300Z,market,trade,WINFUT,182800.0,7,,,,XP Investimentos CCTVM S/A,XP Investimentos CCTVM S/A,,,
2026-03-27T13:03:52.300Z,market,trade,WINFUT,182800.0,3,,,,XP Investimentos CCTVM S/A,AGORA CTVM S/A,,,
2026-03-27T13:03:52.300Z,market,trade,WINFUT,182800.0,2,,,,XP Investimentos CCTVM S/A,AGORA CTVM S/A,,,
2026-03-27T13:03:52.300Z,market,trade,WINFUT,182800.0,1,,,,GENIAL INSTITUCIONAL CCTVM S.A,AGORA CTVM S/A,,,
2026-03-27T13:03:52.300Z,market,trade,WINFUT,182800.0,1,,,,XP Investimentos CCTVM S/A,AGORA CTVM S/A,,,
2026-03-27T13:03:52.300Z,market,trade,WINFUT,182800.0,1,,,,XP Investimentos CCTVM S/A,AGORA CTVM S/A,,,
2026-03-27T13:03:52.300Z,market,trade,WINFUT,182800.0,1,,,,BTG Pactual CTVM S.A.,BTG Pactual CTVM S.A.,,,
2026-03-27T13:03:52.300Z,market,trade,WINFUT,182800.0,1,,,,GENIAL INSTITUCIONAL CCTVM S.A,AGORA CTVM S/A,,,
2026-03-27T13:03:52.300Z,market,trade,WINFUT,182800.0,1,,,,NOVA FUTURA CTVM LTDA,AGORA CTVM S/A,,,
2026-03-27T13:03:52.300Z,market,trade,WINFUT,182800.0,1,,,,XP Investimentos CCTVM S/A,AGORA CTVM S/A,,,
2026-03-27T13:03:52.300Z,market,trade,WINFUT,182800.0,2,,,,XP Investimentos CCTVM S/A,NOVA FUTURA CTVM LTDA,,,
2026-03-27T13:03:52.300Z,market,trade,WINFUT,182800.0,1,,,,XP Investimentos CCTVM S/A,SANTANDER CORRETORA DE TITULOS E VALORES MOBILIARIOS S.A.,,,
2026-03-27T13:03:52.300Z,market,trade,WINFUT,182800.0,1,,,,XP Investimentos CCTVM S/A,NOVA FUTURA CTVM LTDA,,,
2026-03-27T13:03:52.300Z,market,trade,WINFUT,182800.0,2,,,,XP Investimentos CCTVM S/A,SANTANDER CORRETORA DE TITULOS E VALORES MOBILIARIOS S.A.,,,
2026-03-27T13:03:52.300Z,market,trade,WINFUT,182800.0,3,,,,XP Investimentos CCTVM S/A,IDEAL CTVM SA,,,
2026-03-27T13:03:52.300Z,market,trade,WINFUT,182800.0,1,,,,XP Investimentos CCTVM S/A,IDEAL CTVM SA,,,
2026-03-27T13:03:52.300Z,market,trade,WINFUT,182800.0,4,,,,BTG Pactual CTVM S.A.,BTG Pactual CTVM S.A.,,,
2026-03-27T13:03:52.300Z,market,trade,WINFUT,182800.0,3,,,,GENIAL INSTITUCIONAL CCTVM S.A,IDEAL CTVM SA,,,
2026-03-27T13:03:52.300Z,market,trade,WINFUT,182800.0,1,,,,GENIAL INSTITUCIONAL CCTVM S.A,IDEAL CTVM SA,,,
2026-03-27T13:03:52.300Z,market,trade,WINFUT,182800.0,1,,,,BTG Pactual CTVM S.A.,BTG Pactual CTVM S.A.,,,
2026-03-27T13:03:52.300Z,market,trade,WINFUT,182800.0,2,,,,XP Investimentos CCTVM S/A,IDEAL CTVM SA,,,
2026-03-27T13:03:52.300Z,market,trade,WINFUT,182800.0,7,,,,XP Investimentos CCTVM S/A,BTG Pactual CTVM S.A.,,,
2026-03-27T13:03:52.301Z,market,trade,WINFUT,182800.0,1,,,,XP Investimentos CCTVM S/A,BTG Pactual CTVM S.A.,,,
2026-03-27T13:03:52.301Z,market,trade,WINFUT,182800.0,1,,,,XP Investimentos CCTVM S/A,Elliot-Warren,,,
2026-03-27T13:03:52.301Z,market,trade,WINFUT,182800.0,1,,,,XP Investimentos CCTVM S/A,XP Investimentos CCTVM S/A,,,
2026-03-27T13:03:52.301Z,market,trade,WINFUT,182800.0,1,,,,XP Investimentos CCTVM S/A,XP Investimentos CCTVM S/A,,,
2026-03-27T13:03:52.301Z,market,trade,WINFUT,182800.0,1,,,,XP Investimentos CCTVM S/A,XP Investimentos CCTVM S/A,,,
2026-03-27T13:03:52.301Z,market,trade,WINFUT,182800.0,1,,,,XP Investimentos CCTVM S/A,XP Investimentos CCTVM S/A,,,
2026-03-27T13:03:52.301Z,market,trade,WINFUT,182800.0,1,,,,XP Investimentos CCTVM S/A,GENIAL INSTITUCIONAL CCTVM S.A,,,
2026-03-27T13:03:52.301Z,market,trade,WINFUT,182800.0,1,,,,XP Investimentos CCTVM S/A,GENIAL INSTITUCIONAL CCTVM S.A,,,
2026-03-27T13:03:52.301Z,market,trade,WINFUT,182800.0,1,,,,XP Investimentos CCTVM S/A,XP Investimentos CCTVM S/A,,,
2026-03-27T13:03:52.301Z,market,trade,WINFUT,182800.0,1,,,,XP Investimentos CCTVM S/A,XP Investimentos CCTVM S/A,,,
2026-03-27T13:03:52.301Z,market,trade,WINFUT,182800.0,1,,,,XP Investimentos CCTVM S/A,XP Investimentos CCTVM S/A,,,
2026-03-27T13:03:52.301Z,market,trade,WINFUT,182800.0,1,,,,XP Investimentos CCTVM S/A,Elliot-Warren,,,
2026-03-27T13:03:52.301Z,market,trade,WINFUT,182800.0,1,,,,XP Investimentos CCTVM S/A,BTG Pactual CTVM S.A.,,,
2026-03-27T13:03:52.301Z,market,trade,WINFUT,182800.0,1,,,,XP Investimentos CCTVM S/A,XP Investimentos CCTVM S/A,,,
2026-03-27T13:03:52.301Z,market,trade,WINFUT,182800.0,1,,,,XP Investimentos CCTVM S/A,GENIAL INSTITUCIONAL CCTVM S.A,,,
2026-03-27T13:03:52.301Z,market,trade,WINFUT,182800.0,1,,,,XP Investimentos CCTVM S/A,XP Investimentos CCTVM S/A,,,
2026-03-27T13:03:52.301Z,market,trade,WINFUT,182800.0,1,,,,XP Investimentos CCTVM S/A,XP Investimentos CCTVM S/A,,,
2026-03-27T13:03:52.301Z,market,trade,WINFUT,182800.0,1,,,,XP Investimentos CCTVM S/A,Elliot-Warren,,,
2026-03-27T13:03:52.301Z,market,trade,WINFUT,182800.0,1,,,,XP Investimentos CCTVM S/A,BTG Pactual CTVM S.A.,,,
2026-03-27T13:03:52.301Z,market,trade,WINFUT,182800.0,1,,,,XP Investimentos CCTVM S/A,BTG Pactual CTVM S.A.,,,
2026-03-27T13:03:52.302Z,market,trade,WINFUT,182800.0,1,,,,XP Investimentos CCTVM S/A,XP Investimentos CCTVM S/A,,,
2026-03-27T13:03:52.302Z,market,trade,WINFUT,182800.0,1,,,,XP Investimentos CCTVM S/A,GENIAL INSTITUCIONAL CCTVM S.A,,,
2026-03-27T13:03:52.302Z,market,trade,WINFUT,182800.0,1,,,,XP Investimentos CCTVM S/A,GENIAL INSTITUCIONAL CCTVM S.A,,,
2026-03-27T13:03:52.302Z,market,trade,WINFUT,182800.0,1,,,,XP Investimentos CCTVM S/A,GENIAL INSTITUCIONAL CCTVM S.A,,,
2026-03-27T13:03:52.302Z,market,trade,WINFUT,182800.0,1,,,,XP Investimentos CCTVM S/A,Elliot-Warren,,,
2026-03-27T13:03:52.302Z,market,trade,WINFUT,182800.0,1,,,,XP Investimentos CCTVM S/A,GENIAL INSTITUCIONAL CCTVM S.A,,,
2026-03-27T13:03:52.302Z,market,trade,WINFUT,182800.0,12,,,,XP Investimentos CCTVM S/A,BTG Pactual CTVM S.A.,,,
2026-03-27T13:03:52.302Z,market,trade,WINFUT,182800.0,1,,,,XP Investimentos CCTVM S/A,BTG Pactual CTVM S.A.,,,
2026-03-27T13:03:52.302Z,market,trade,WINFUT,182800.0,1,,,,XP Investimentos CCTVM S/A,CM Capital Markets CCTVM LTDA,,,
2026-03-27T13:03:52.302Z,market,trade,WINFUT,182800.0,3,,,,XP Investimentos CCTVM S/A,XP Investimentos CCTVM S/A,,,
2026-03-27T13:03:52.302Z,market,trade,WINFUT,182800.0,25,,,,XP Investimentos CCTVM S/A,ITAU CV S/A,,,
2026-03-27T13:03:52.302Z,market,trade,WINFUT,182800.0,1,,,,XP Investimentos CCTVM S/A,XP Investimentos CCTVM S/A,,,
2026-03-27T13:03:52.303Z,market,trade,WINFUT,182800.0,2,,,,XP Investimentos CCTVM S/A,GENIAL INSTITUCIONAL CCTVM S.A,,,
2026-03-27T13:03:52.303Z,market,trade,WINFUT,182800.0,1,,,,XP Investimentos CCTVM S/A,BTG Pactual CTVM S.A.,,,
2026-03-27T13:03:52.303Z,market,trade,WINFUT,182800.0,2,,,,XP Investimentos CCTVM S/A,BTG Pactual CTVM S.A.,,,
2026-03-27T13:03:52.303Z,market,trade,WINFUT,182800.0,1,,,,XP Investimentos CCTVM S/A,SANTANDER CORRETORA DE TITULOS E VALORES MOBILIARIOS S.A.,,,
2026-03-27T13:03:52.303Z,market,trade,WINFUT,182800.0,1,,,,XP Investimentos CCTVM S/A,XP Investimentos CCTVM S/A,,,
2026-03-27T13:03:52.303Z,market,trade,WINFUT,182800.0,1,,,,XP Investimentos CCTVM S/A,XP Investimentos CCTVM S/A,,,
2026-03-27T13:03:52.303Z,market,trade,WINFUT,182800.0,1,,,,XP Investimentos CCTVM S/A,AGORA CTVM S/A,,,
2026-03-27T13:03:52.303Z,market,trade,WINFUT,182800.0,2,,,,XP Investimentos CCTVM S/A,BTG Pactual CTVM S.A.,,,
2026-03-27T13:03:52.303Z,market,trade,WINFUT,182800.0,4,,,,XP Investimentos CCTVM S/A,Elliot-Warren,,,
2026-03-27T13:03:52.303Z,market,trade,WINFUT,182800.0,1,,,,XP Investimentos CCTVM S/A,XP Investimentos CCTVM S/A,,,
2026-03-27T13:03:52.303Z,market,trade,WINFUT,182800.0,1,,,,XP Investimentos CCTVM S/A,XP Investimentos CCTVM S/A,,,
2026-03-27T13:03:52.303Z,market,trade,WINFUT,182800.0,5,,,,XP Investimentos CCTVM S/A,XP Investimentos CCTVM S/A,,,
2026-03-27T13:03:52.303Z,market,trade,WINFUT,182800.0,2,,,,XP Investimentos CCTVM S/A,ITAU CV S/A,,,
2026-03-27T13:03:52.303Z,market,trade,WINFUT,182800.0,4,,,,XP Investimentos CCTVM S/A,XP Investimentos CCTVM S/A,,,
2026-03-27T13:03:52.303Z,market,trade,WINFUT,182800.0,1,,,,XP Investimentos CCTVM S/A,XP Investimentos CCTVM S/A,,,
2026-03-27T13:03:52.303Z,market,trade,WINFUT,182800.0,1,,,,XP Investimentos CCTVM S/A,BTG Pactual CTVM S.A.,,,
2026-03-27T13:03:52.303Z,market,trade,WINFUT,182800.0,10,,,,XP Investimentos CCTVM S/A,BTG Pactual CTVM S.A.,,,
2026-03-27T13:03:52.303Z,market,trade,WINFUT,182800.0,1,,,,XP Investimentos CCTVM S/A,SANTANDER CORRETORA DE TITULOS E VALORES MOBILIARIOS S.A.,,,
2026-03-27T13:03:52.303Z,market,trade,WINFUT,182800.0,1,,,,XP Investimentos CCTVM S/A,GENIAL INSTITUCIONAL CCTVM S.A,,,
2026-03-27T13:03:52.303Z,market,trade,WINFUT,182800.0,2,,,,XP Investimentos CCTVM S/A,SANTANDER CORRETORA DE TITULOS E VALORES MOBILIARIOS S.A.,,,
2026-03-27T13:03:52.303Z,market,trade,WINFUT,182800.0,1,,,,XP Investimentos CCTVM S/A,AGORA CTVM S/A,,,
2026-03-27T13:03:52.303Z,market,trade,WINFUT,182800.0,1,,,,XP Investimentos CCTVM S/A,BTG Pactual CTVM S.A.,,,
2026-03-27T13:03:52.303Z,market,trade,WINFUT,182800.0,1,,,,XP Investimentos CCTVM S/A,AGORA CTVM S/A,,,
2026-03-27T13:03:52.303Z,market,trade,WINFUT,182800.0,1,,,,XP Investimentos CCTVM S/A,XP Investimentos CCTVM S/A,,,
2026-03-27T13:03:52.303Z,market,trade,WINFUT,182800.0,1,,,,XP Investimentos CCTVM S/A,XP Investimentos CCTVM S/A,,,
2026-03-27T13:03:52.303Z,market,trade,WINFUT,182800.0,3,,,,XP Investimentos CCTVM S/A,GENIAL INSTITUCIONAL CCTVM S.A,,,
2026-03-27T13:03:52.303Z,market,trade,WINFUT,182800.0,1,,,,XP Investimentos CCTVM S/A,BTG Pactual CTVM S.A.,,,
2026-03-27T13:03:52.304Z,market,trade,WINFUT,182800.0,1,,,,XP Investimentos CCTVM S/A,SANTANDER CORRETORA DE TITULOS E VALORES MOBILIARIOS S.A.,,,
2026-03-27T13:03:52.304Z,market,trade,WINFUT,182800.0,1,,,,XP Investimentos CCTVM S/A,XP Investimentos CCTVM S/A,,,
2026-03-27T13:03:52.304Z,market,trade,WINFUT,182800.0,5,,,,XP Investimentos CCTVM S/A,XP Investimentos CCTVM S/A,,,
2026-03-27T13:03:52.304Z,market,trade,WINFUT,182800.0,2,,,,XP Investimentos CCTVM S/A,XP Investimentos CCTVM S/A,,,
2026-03-27T13:03:52.304Z,market,trade,WINFUT,182800.0,5,,,,XP Investimentos CCTVM S/A,XP Investimentos CCTVM S/A,,,
2026-03-27T13:03:52.304Z,market,trade,WINFUT,182800.0,1,,,,XP Investimentos CCTVM S/A,SANTANDER CORRETORA DE TITULOS E VALORES MOBILIARIOS S.A.,,,
2026-03-27T13:03:52.304Z,market,trade,WINFUT,182800.0,1,,,,XP Investimentos CCTVM S/A,XP Investimentos CCTVM S/A,,,
2026-03-27T13:03:52.304Z,market,trade,WINFUT,182800.0,3,,,,XP Investimentos CCTVM S/A,XP Investimentos CCTVM S/A,,,
2026-03-27T13:03:52.304Z,market,trade,WINFUT,182800.0,1,,,,XP Investimentos CCTVM S/A,XP Investimentos CCTVM S/A,,,
2026-03-27T13:03:52.304Z,market,trade,WINFUT,182800.0,1,,,,XP Investimentos CCTVM S/A,GENIAL INSTITUCIONAL CCTVM S.A,,,
2026-03-27T13:03:52.304Z,market,trade,WINFUT,182800.0,1,,,,XP Investimentos CCTVM S/A,GENIAL INSTITUCIONAL CCTVM S.A,,,
2026-03-27T13:03:52.304Z,market,trade,WINFUT,182800.0,1,,,,XP Investimentos CCTVM S/A,XP Investimentos CCTVM S/A,,,
2026-03-27T13:03:52.304Z,market,trade,WINFUT,182800.0,2,,,,XP Investimentos CCTVM S/A,BTG Pactual CTVM S.A.,,,
2026-03-27T13:03:52.304Z,market,trade,WINFUT,182805.0,1,,,,XP Investimentos CCTVM S/A,AGORA CTVM S/A,,,
2026-03-27T13:03:52.304Z,market,trade,WINFUT,182805.0,4,,,,XP Investimentos CCTVM S/A,BTG Pactual CTVM S.A.,,,
2026-03-27T13:03:52.304Z,market,trade,WINFUT,182805.0,1,,,,XP Investimentos CCTVM S/A,BTG Pactual CTVM S.A.,,,
2026-03-27T13:03:52.305Z,market,trade,WINFUT,182805.0,1,,,,XP Investimentos CCTVM S/A,BTG Pactual CTVM S.A.,,,
2026-03-27T13:03:52.305Z,market,trade,WINFUT,182805.0,4,,,,XP Investimentos CCTVM S/A,XP Investimentos CCTVM S/A,,,
2026-03-27T13:03:52.305Z,market,trade,WINFUT,182805.0,1,,,,XP Investimentos CCTVM S/A,XP Investimentos CCTVM S/A,,,
2026-03-27T13:03:52.305Z,market,trade,WINFUT,182805.0,1,,,,XP Investimentos CCTVM S/A,XP Investimentos CCTVM S/A,,,
2026-03-27T13:03:52.305Z,market,trade,WINFUT,182805.0,5,,,,XP Investimentos CCTVM S/A,IDEAL CTVM SA,,,
2026-03-27T13:03:52.305Z,market,trade,WINFUT,182805.0,36,,,,XP Investimentos CCTVM S/A,GENIAL INSTITUCIONAL CCTVM S.A,,,
2026-03-27T13:03:52.305Z,market,trade,WINFUT,182805.0,1,,,,XP Investimentos CCTVM S/A,XP Investimentos CCTVM S/A,,,
2026-03-27T13:03:52.305Z,market,trade,WINFUT,182805.0,2,,,,XP Investimentos CCTVM S/A,XP Investimentos CCTVM S/A,,,
2026-03-27T13:03:52.305Z,market,trade,WINFUT,182805.0,1,,,,XP Investimentos CCTVM S/A,GENIAL INSTITUCIONAL CCTVM S.A,,,
2026-03-27T13:03:52.305Z,market,trade,WINFUT,182805.0,1,,,,XP Investimentos CCTVM S/A,BTG Pactual CTVM S.A.,,,
2026-03-27T13:03:52.305Z,market,trade,WINFUT,182805.0,2,,,,XP Investimentos CCTVM S/A,AGORA CTVM S/A,,,
2026-03-27T13:03:52.305Z,market,trade,WINFUT,182805.0,1,,,,XP Investimentos CCTVM S/A,GENIAL INSTITUCIONAL CCTVM S.A,,,
2026-03-27T13:03:52.305Z,market,trade,WINFUT,182805.0,1,,,,XP Investimentos CCTVM S/A,XP Investimentos CCTVM S/A,,,
2026-03-27T13:03:52.305Z,market,trade,WINFUT,182805.0,9,,,,XP Investimentos CCTVM S/A,XP Investimentos CCTVM S/A,,,
2026-03-27T13:03:52.305Z,market,trade,WINFUT,182805.0,1,,,,XP Investimentos CCTVM S/A,XP Investimentos CCTVM S/A,,,
2026-03-27T13:03:52.305Z,market,trade,WINFUT,182805.0,1,,,,XP Investimentos CCTVM S/A,GENIAL INSTITUCIONAL CCTVM S.A,,,
2026-03-27T13:03:52.305Z,market,trade,WINFUT,182805.0,1,,,,XP Investimentos CCTVM S/A,AGORA CTVM S/A,,,
2026-03-27T13:03:52.305Z,market,trade,WINFUT,182805.0,1,,,,XP Investimentos CCTVM S/A,Santander CCVM S/A,,,
2026-03-27T13:03:52.305Z,market,trade,WINFUT,182805.0,1,,,,XP Investimentos CCTVM S/A,ATIVA INVESTIMENTOS S.A. CTCV,,,
2026-03-27T13:03:52.305Z,market,trade,WINFUT,182805.0,1,,,,NOVA FUTURA CTVM LTDA,BTG Pactual CTVM S.A.,,,
2026-03-27T13:03:52.305Z,market,trade,WINFUT,182805.0,1,,,,XP Investimentos CCTVM S/A,BTG Pactual CTVM S.A.,,,
2026-03-27T13:03:52.305Z,market,trade,WINFUT,182805.0,1,,,,XP Investimentos CCTVM S/A,BTG Pactual CTVM S.A.,,,
2026-03-27T13:03:52.461Z,market,trade,WINFUT,182805.0,3,,,,XP Investimentos CCTVM S/A,BTG Pactual CTVM S.A.,,,
2026-03-27T13:03:52.461Z,market,trade,WINFUT,182805.0,8,,,,XP Investimentos CCTVM S/A,BTG Pactual CTVM S.A.,,,
2026-03-27T13:03:52.461Z,market,trade,WINFUT,182805.0,1,,,,XP Investimentos CCTVM S/A,XP Investimentos CCTVM S/A,,,
2026-03-27T13:03:52.461Z,market,trade,WINFUT,182805.0,1,,,,XP Investimentos CCTVM S/A,XP Investimentos CCTVM S/A,,,
2026-03-27T13:03:52.461Z,market,trade,WINFUT,182805.0,1,,,,XP Investimentos CCTVM S/A,XP Investimentos CCTVM S/A,,,
2026-03-27T13:03:52.461Z,market,trade,WINFUT,182805.0,3,,,,GENIAL INSTITUCIONAL CCTVM S.A,XP Investimentos CCTVM S/A,,,
2026-03-27T13:03:52.461Z,market,trade,WINFUT,182805.0,3,,,,XP Investimentos CCTVM S/A,XP Investimentos CCTVM S/A,,,
2026-03-27T13:03:52.846Z,market,trade,WINFUT,182805.0,2,,,,CM Capital Markets CCTVM LTDA,CM Capital Markets CCTVM LTDA,,,
2026-03-27T13:03:52.846Z,market,trade,WINFUT,182805.0,1,,,,XP Investimentos CCTVM S/A,XP Investimentos CCTVM S/A,,,
2026-03-27T13:03:52.846Z,market,trade,WINFUT,182805.0,1,,,,XP Investimentos CCTVM S/A,ATIVA INVESTIMENTOS S.A. CTCV,,,
2026-03-27T13:03:52.846Z,market,trade,WINFUT,182805.0,1,,,,XP Investimentos CCTVM S/A,ATIVA INVESTIMENTOS S.A. CTCV,,,
2026-03-27T13:03:52.847Z,market,trade,WINFUT,182805.0,1,,,,XP Investimentos CCTVM S/A,ATIVA INVESTIMENTOS S.A. CTCV,,,
2026-03-27T13:03:52.847Z,market,trade,WINFUT,182805.0,1,,,,XP Investimentos CCTVM S/A,AGORA CTVM S/A,,,
2026-03-27T13:03:52.847Z,market,trade,WINFUT,182805.0,4,,,,XP Investimentos CCTVM S/A,AGORA CTVM S/A,,,
2026-03-27T13:03:52.847Z,market,trade,WINFUT,182805.0,20,,,,XP Investimentos CCTVM S/A,AGORA CTVM S/A,,,
2026-03-27T13:03:52.847Z,market,trade,WINFUT,182805.0,1,,,,XP Investimentos CCTVM S/A,XP Investimentos CCTVM S/A,,,
2026-03-27T13:03:52.847Z,market,trade,WINFUT,182805.0,5,,,,XP Investimentos CCTVM S/A,IDEAL CTVM SA,,,
2026-03-27T13:03:52.847Z,market,trade,WINFUT,182805.0,5,,,,XP Investimentos CCTVM S/A,IDEAL CTVM SA,,,
2026-03-27T13:03:52.847Z,market,trade,WINFUT,182805.0,5,,,,XP Investimentos CCTVM S/A,IDEAL CTVM SA,,,
2026-03-27T13:03:52.847Z,market,trade,WINFUT,182805.0,1,,,,GENIAL INSTITUCIONAL CCTVM S.A,XP Investimentos CCTVM S/A,,,
2026-03-27T13:03:52.847Z,market,trade,WINFUT,182805.0,1,,,,GENIAL INSTITUCIONAL CCTVM S.A,BTG Pactual CTVM S.A.,,,
2026-03-27T13:03:52.847Z,market,trade,WINFUT,182805.0,1,,,,GENIAL INSTITUCIONAL CCTVM S.A,BTG Pactual CTVM S.A.,,,
2026-03-27T13:03:52.847Z,market,trade,WINFUT,182805.0,1,,,,GENIAL INSTITUCIONAL CCTVM S.A,XP Investimentos CCTVM S/A,,,
2026-03-27T13:03:52.847Z,market,trade,WINFUT,182805.0,1,,,,GENIAL INSTITUCIONAL CCTVM S.A,BTG Pactual CTVM S.A.,,,
2026-03-27T13:03:52.847Z,market,trade,WINFUT,182805.0,1,,,,BTG Pactual CTVM S.A.,BTG Pactual CTVM S.A.,,,
2026-03-27T13:03:52.847Z,market,trade,WINFUT,182805.0,1,,,,Elliot-Warren,BTG Pactual CTVM S.A.,,,
2026-03-27T13:03:52.847Z,market,trade,WINFUT,182805.0,1,,,,Elliot-Warren,BTG Pactual CTVM S.A.,,,
2026-03-27T13:03:52.847Z,market,trade,WINFUT,182805.0,1,,,,XP Investimentos CCTVM S/A,BTG Pactual CTVM S.A.,,,
2026-03-27T13:03:52.847Z,market,trade,WINFUT,182805.0,1,,,,BTG Pactual CTVM S.A.,BTG Pactual CTVM S.A.,,,
2026-03-27T13:03:52.847Z,market,trade,WINFUT,182805.0,1,,,,CM Capital Markets CCTVM LTDA,CM Capital Markets CCTVM LTDA,,,
2026-03-27T13:03:52.847Z,market,trade,WINFUT,182805.0,7,,,,XP Investimentos CCTVM S/A,BTG Pactual CTVM S.A.,,,
2026-03-27T13:03:52.847Z,market,trade,WINFUT,182805.0,2,,,,XP Investimentos CCTVM S/A,BTG Pactual CTVM S.A.,,,
2026-03-27T13:03:52.847Z,market,trade,WINFUT,182805.0,1,,,,XP Investimentos CCTVM S/A,BTG Pactual CTVM S.A.,,,
2026-03-27T13:03:52.847Z,market,trade,WINFUT,182805.0,1,,,,GENIAL INSTITUCIONAL CCTVM S.A,BTG Pactual CTVM S.A.,,,
2026-03-27T13:03:52.847Z,market,trade,WINFUT,182805.0,1,,,,GENIAL INSTITUCIONAL CCTVM S.A,BTG Pactual CTVM S.A.,,,
2026-03-27T13:03:52.847Z,market,trade,WINFUT,182805.0,2,,,,GENIAL INSTITUCIONAL CCTVM S.A,BTG Pactual CTVM S.A.,,,
2026-03-27T13:03:52.848Z,market,trade,WINFUT,182805.0,1,,,,GENIAL INSTITUCIONAL CCTVM S.A,BTG Pactual CTVM S.A.,,,
2026-03-27T13:03:52.848Z,market,trade,WINFUT,182805.0,1,,,,GENIAL INSTITUCIONAL CCTVM S.A,XP Investimentos CCTVM S/A,,,
2026-03-27T13:03:52.848Z,market,trade,WINFUT,182805.0,1,,,,GENIAL INSTITUCIONAL CCTVM S.A,Elliot-Warren,,,
2026-03-27T13:03:52.848Z,market,trade,WINFUT,182805.0,1,,,,BTG Pactual CTVM S.A.,BTG Pactual CTVM S.A.,,,
2026-03-27T13:03:52.848Z,market,trade,WINFUT,182805.0,2,,,,BTG Pactual CTVM S.A.,BTG Pactual CTVM S.A.,,,
2026-03-27T13:03:52.848Z,market,trade,WINFUT,182805.0,1,,,,BTG Pactual CTVM S.A.,XP Investimentos CCTVM S/A,,,
2026-03-27T13:03:52.848Z,market,trade,WINFUT,182805.0,1,,,,XP Investimentos CCTVM S/A,XP Investimentos CCTVM S/A,,,
2026-03-27T13:03:52.848Z,market,trade,WINFUT,182805.0,1,,,,XP Investimentos CCTVM S/A,BTG Pactual CTVM S.A.,,,
2026-03-27T13:03:52.848Z,market,trade,WINFUT,182805.0,1,,,,GENIAL INSTITUCIONAL CCTVM S.A,BTG Pactual CTVM S.A.,,,
2026-03-27T13:03:52.848Z,market,trade,WINFUT,182805.0,1,,,,INTER DTVM LTDA,BTG Pactual CTVM S.A.,,,
2026-03-27T13:03:52.848Z,market,trade,WINFUT,182805.0,9,,,,XP Investimentos CCTVM S/A,BTG Pactual CTVM S.A.,,,
2026-03-27T13:03:52.848Z,market,trade,WINFUT,182805.0,1,,,,XP Investimentos CCTVM S/A,XP Investimentos CCTVM S/A,,,
2026-03-27T13:03:52.848Z,market,trade,WINFUT,182805.0,1,,,,XP Investimentos CCTVM S/A,XP Investimentos CCTVM S/A,,,
2026-03-27T13:03:52.848Z,market,trade,WINFUT,182805.0,1,,,,XP Investimentos CCTVM S/A,XP Investimentos CCTVM S/A,,,
2026-03-27T13:03:52.848Z,market,trade,WINFUT,182805.0,1,,,,XP Investimentos CCTVM S/A,GENIAL INSTITUCIONAL CCTVM S.A,,,
2026-03-27T13:03:52.848Z,market,trade,WINFUT,182805.0,1,,,,XP Investimentos CCTVM S/A,INTER DTVM LTDA,,,
2026-03-27T13:03:52.848Z,market,trade,WINFUT,182805.0,1,,,,XP Investimentos CCTVM S/A,Elliot-Warren,,,
2026-03-27T13:03:52.848Z,market,trade,WINFUT,182805.0,2,,,,XP Investimentos CCTVM S/A,BTG Pactual CTVM S.A.,,,
2026-03-27T13:03:52.848Z,market,trade,WINFUT,182805.0,1,,,,XP Investimentos CCTVM S/A,BTG Pactual CTVM S.A.,,,
2026-03-27T13:03:52.848Z,market,trade,WINFUT,182805.0,2,,,,XP Investimentos CCTVM S/A,BTG Pactual CTVM S.A.,,,
2026-03-27T13:03:52.848Z,market,trade,WINFUT,182805.0,10,,,,XP Investimentos CCTVM S/A,NOVA FUTURA CTVM LTDA,,,
2026-03-27T13:03:52.848Z,market,trade,WINFUT,182805.0,5,,,,XP Investimentos CCTVM S/A,NOVA FUTURA CTVM LTDA,,,
2026-03-27T13:03:52.848Z,market,trade,WINFUT,182805.0,5,,,,XP Investimentos CCTVM S/A,NOVA FUTURA CTVM LTDA,,,
2026-03-27T13:03:52.848Z,market,trade,WINFUT,182805.0,10,,,,XP Investimentos CCTVM S/A,NOVA FUTURA CTVM LTDA,,,
2026-03-27T13:03:52.848Z,market,trade,WINFUT,182805.0,1,,,,XP Investimentos CCTVM S/A,NOVA FUTURA CTVM LTDA,,,
2026-03-27T13:03:52.848Z,market,trade,WINFUT,182805.0,14,,,,GENIAL INSTITUCIONAL CCTVM S.A,NOVA FUTURA CTVM LTDA,,,
2026-03-27T13:03:52.848Z,market,trade,WINFUT,182805.0,6,,,,GENIAL INSTITUCIONAL CCTVM S.A,NOVA FUTURA CTVM LTDA,,,
2026-03-27T13:03:52.848Z,market,trade,WINFUT,182805.0,3,,,,BTG Pactual CTVM S.A.,NOVA FUTURA CTVM LTDA,,,
2026-03-27T13:03:52.848Z,market,trade,WINFUT,182805.0,4,,,,BTG Pactual CTVM S.A.,NOVA FUTURA CTVM LTDA,,,
2026-03-27T13:03:52.848Z,market,trade,WINFUT,182805.0,2,,,,BTG Pactual CTVM S.A.,NOVA FUTURA CTVM LTDA,,,
2026-03-27T13:03:52.848Z,market,trade,WINFUT,182805.0,1,,,,BTG Pactual CTVM S.A.,BTG Pactual CTVM S.A.,,,
2026-03-27T13:03:52.848Z,market,trade,WINFUT,182805.0,1,,,,BTG Pactual CTVM S.A.,XP Investimentos CCTVM S/A,,,
2026-03-27T13:03:52.848Z,market,trade,WINFUT,182805.0,1,,,,GENIAL INSTITUCIONAL CCTVM S.A,XP Investimentos CCTVM S/A,,,
2026-03-27T13:03:52.848Z,market,trade,WINFUT,182805.0,1,,,,GENIAL INSTITUCIONAL CCTVM S.A,INTER DTVM LTDA,,,
2026-03-27T13:03:52.848Z,market,trade,WINFUT,182805.0,1,,,,GENIAL INSTITUCIONAL CCTVM S.A,INTER DTVM LTDA,,,
2026-03-27T13:03:52.849Z,market,trade,WINFUT,182805.0,3,,,,BTG Pactual CTVM S.A.,INTER DTVM LTDA,,,
2026-03-27T13:03:52.849Z,market,trade,WINFUT,182805.0,1,,,,BTG Pactual CTVM S.A.,XP Investimentos CCTVM S/A,,,
2026-03-27T13:03:52.849Z,market,trade,WINFUT,182805.0,1,,,,BTG Pactual CTVM S.A.,AGORA CTVM S/A,,,
2026-03-27T13:03:52.849Z,market,trade,WINFUT,182805.0,1,,,,BTG Pactual CTVM S.A.,GENIAL INSTITUCIONAL CCTVM S.A,,,
2026-03-27T13:03:52.849Z,market,trade,WINFUT,182805.0,1,,,,BTG Pactual CTVM S.A.,AGORA CTVM S/A,,,
2026-03-27T13:03:52.849Z,market,trade,WINFUT,182805.0,5,,,,BTG Pactual CTVM S.A.,UBS BRASIL CCTVM S/A,,,
2026-03-27T13:03:52.849Z,market,trade,WINFUT,182805.0,2,,,,BTG Pactual CTVM S.A.,Elliot-Warren,,,
2026-03-27T13:03:52.849Z,market,trade,WINFUT,182805.0,1,,,,BTG Pactual CTVM S.A.,XP Investimentos CCTVM S/A,,,
2026-03-27T13:03:52.849Z,market,trade,WINFUT,182805.0,2,,,,BTG Pactual CTVM S.A.,XP Investimentos CCTVM S/A,,,
2026-03-27T13:03:52.849Z,market,trade,WINFUT,182805.0,1,,,,BTG Pactual CTVM S.A.,CM Capital Markets CCTVM LTDA,,,
2026-03-27T13:03:52.849Z,market,trade,WINFUT,182805.0,1,,,,BTG Pactual CTVM S.A.,XP Investimentos CCTVM S/A,,,
2026-03-27T13:03:52.849Z,market,trade,WINFUT,182805.0,2,,,,BTG Pactual CTVM S.A.,SANTANDER CORRETORA DE TITULOS E VALORES MOBILIARIOS S.A.,,,
2026-03-27T13:03:52.849Z,market,trade,WINFUT,182805.0,1,,,,BTG Pactual CTVM S.A.,BTG Pactual CTVM S.A.,,,
2026-03-27T13:03:52.849Z,market,trade,WINFUT,182805.0,1,,,,BTG Pactual CTVM S.A.,AGORA CTVM S/A,,,
2026-03-27T13:03:52.849Z,market,trade,WINFUT,182805.0,1,,,,BTG Pactual CTVM S.A.,AGORA CTVM S/A,,,
2026-03-27T13:03:52.849Z,market,trade,WINFUT,182805.0,1,,,,BTG Pactual CTVM S.A.,GENIAL INSTITUCIONAL CCTVM S.A,,,
2026-03-27T13:03:52.849Z,market,trade,WINFUT,182805.0,1,,,,XP Investimentos CCTVM S/A,GENIAL INSTITUCIONAL CCTVM S.A,,,
2026-03-27T13:03:52.849Z,market,trade,WINFUT,182805.0,1,,,,XP Investimentos CCTVM S/A,BTG Pactual CTVM S.A.,,,
2026-03-27T13:03:52.849Z,market,trade,WINFUT,182805.0,3,,,,XP Investimentos CCTVM S/A,XP Investimentos CCTVM S/A,,,
2026-03-27T13:03:52.849Z,market,trade,WINFUT,182805.0,1,,,,XP Investimentos CCTVM S/A,CM Capital Markets CCTVM LTDA,,,
2026-03-27T13:03:52.849Z,market,trade,WINFUT,182805.0,1,,,,XP Investimentos CCTVM S/A,BTG Pactual CTVM S.A.,,,
2026-03-27T13:03:52.849Z,market,trade,WINFUT,182805.0,1,,,,XP Investimentos CCTVM S/A,GENIAL INSTITUCIONAL CCTVM S.A,,,
2026-03-27T13:03:52.849Z,market,trade,WINFUT,182805.0,2,,,,XP Investimentos CCTVM S/A,XP Investimentos CCTVM S/A,,,
2026-03-27T13:03:52.849Z,market,trade,WINFUT,182805.0,16,,,,XP Investimentos CCTVM S/A,GENIAL INSTITUCIONAL CCTVM S.A,,,
2026-03-27T13:03:52.849Z,market,trade,WINFUT,182810.0,1,,,,XP Investimentos CCTVM S/A,BTG Pactual CTVM S.A.,,,
2026-03-27T13:03:52.849Z,market,trade,WINFUT,182810.0,1,,,,XP Investimentos CCTVM S/A,XP Investimentos CCTVM S/A,,,
2026-03-27T13:03:52.850Z,market,trade,WINFUT,182810.0,1,,,,XP Investimentos CCTVM S/A,BTG Pactual CTVM S.A.,,,
2026-03-27T13:03:52.850Z,market,trade,WINFUT,182810.0,1,,,,XP Investimentos CCTVM S/A,BTG Pactual CTVM S.A.,,,
2026-03-27T13:03:52.850Z,market,trade,WINFUT,182810.0,3,,,,Elliot-Warren,XP Investimentos CCTVM S/A,,,
2026-03-27T13:03:52.850Z,market,trade,WINFUT,182810.0,1,,,,Elliot-Warren,XP Investimentos CCTVM S/A,,,
2026-03-27T13:03:52.850Z,market,trade,WINFUT,182810.0,1,,,,Elliot-Warren,XP Investimentos CCTVM S/A,,,
2026-03-27T13:03:52.850Z,market,trade,WINFUT,182810.0,2,,,,Elliot-Warren,BTG Pactual CTVM S.A.,,,
2026-03-27T13:03:52.850Z,market,trade,WINFUT,182810.0,1,,,,Elliot-Warren,BTG Pactual CTVM S.A.,,,
2026-03-27T13:03:52.850Z,market,trade,WINFUT,182810.0,1,,,,XP Investimentos CCTVM S/A,BTG Pactual CTVM S.A.,,,
2026-03-27T13:03:52.850Z,market,trade,WINFUT,182810.0,1,,,,GENIAL INSTITUCIONAL CCTVM S.A,XP Investimentos CCTVM S/A,,,
2026-03-27T13:03:52.850Z,market,trade,WINFUT,182810.0,1,,,,XP Investimentos CCTVM S/A,XP Investimentos CCTVM S/A,,,
2026-03-27T13:03:52.981Z,market,trade,WINFUT,182810.0,3,,,,INTER DTVM LTDA,IDEAL CTVM SA,,,
2026-03-27T13:03:52.981Z,market,trade,WINFUT,182810.0,2,,,,INTER DTVM LTDA,IDEAL CTVM SA,,,
2026-03-27T13:03:52.981Z,market,trade,WINFUT,182810.0,1,,,,GENIAL INSTITUCIONAL CCTVM S.A,XP Investimentos CCTVM S/A,,,
2026-03-27T13:03:52.982Z,market,trade,WINFUT,182805.0,1,,,,CM Capital Markets CCTVM LTDA,CM Capital Markets CCTVM LTDA,,,
2026-03-27T13:03:52.982Z,market,trade,WINFUT,182810.0,4,,,,CM Capital Markets CCTVM LTDA,UBS BRASIL CCTVM S/A,,,
2026-03-27T13:03:52.982Z,market,trade,WINFUT,182810.0,1,,,,BTG Pactual CTVM S.A.,UBS BRASIL CCTVM S/A,,,
2026-03-27T13:03:52.982Z,market,trade,WINFUT,182810.0,1,,,,BTG Pactual CTVM S.A.,XP Investimentos CCTVM S/A,,,
2026-03-27T13:03:52.982Z,market,trade,WINFUT,182810.0,1,,,,BTG Pactual CTVM S.A.,GENIAL INSTITUCIONAL CCTVM S.A,,,
2026-03-27T13:03:52.982Z,market,trade,WINFUT,182810.0,1,,,,GENIAL INSTITUCIONAL CCTVM S.A,GENIAL INSTITUCIONAL CCTVM S.A,,,
2026-03-27T13:03:52.982Z,market,trade,WINFUT,182810.0,1,,,,GENIAL INSTITUCIONAL CCTVM S.A,XP Investimentos CCTVM S/A,,,
2026-03-27T13:03:52.982Z,market,trade,WINFUT,182810.0,1,,,,XP Investimentos CCTVM S/A,GENIAL INSTITUCIONAL CCTVM S.A,,,
2026-03-27T13:03:52.982Z,market,trade,WINFUT,182810.0,1,,,,BTG Pactual CTVM S.A.,GENIAL INSTITUCIONAL CCTVM S.A,,,
2026-03-27T13:03:52.982Z,market,trade,WINFUT,182810.0,1,,,,GENIAL INSTITUCIONAL CCTVM S.A,GENIAL INSTITUCIONAL CCTVM S.A,,,
2026-03-27T13:03:52.982Z,market,trade,WINFUT,182810.0,2,,,,GENIAL INSTITUCIONAL CCTVM S.A,GENIAL INSTITUCIONAL CCTVM S.A,,,
2026-03-27T13:03:52.982Z,market,trade,WINFUT,182810.0,5,,,,XP Investimentos CCTVM S/A,GENIAL INSTITUCIONAL CCTVM S.A,,,
2026-03-27T13:03:52.982Z,market,trade,WINFUT,182810.0,4,,,,BTG Pactual CTVM S.A.,GENIAL INSTITUCIONAL CCTVM S.A,,,
2026-03-27T13:03:52.982Z,market,trade,WINFUT,182810.0,2,,,,Elliot-Warren,GENIAL INSTITUCIONAL CCTVM S.A,,,
2026-03-27T13:03:52.982Z,market,trade,WINFUT,182810.0,2,,,,Elliot-Warren,GENIAL INSTITUCIONAL CCTVM S.A,,,
2026-03-27T13:03:52.982Z,market,trade,WINFUT,182810.0,1,,,,GENIAL INSTITUCIONAL CCTVM S.A,GENIAL INSTITUCIONAL CCTVM S.A,,,
2026-03-27T13:03:52.982Z,market,trade,WINFUT,182810.0,8,,,,BTG Pactual CTVM S.A.,GENIAL INSTITUCIONAL CCTVM S.A,,,
2026-03-27T13:03:52.982Z,market,trade,WINFUT,182810.0,1,,,,BTG Pactual CTVM S.A.,GENIAL INSTITUCIONAL CCTVM S.A,,,
2026-03-27T13:03:52.982Z,market,trade,WINFUT,182810.0,1,,,,XP Investimentos CCTVM S/A,GENIAL INSTITUCIONAL CCTVM S.A,,,
2026-03-27T13:03:52.982Z,market,trade,WINFUT,182810.0,1,,,,Elliot-Warren,GENIAL INSTITUCIONAL CCTVM S.A,,,
2026-03-27T13:03:52.982Z,market,trade,WINFUT,182810.0,1,,,,XP Investimentos CCTVM S/A,GENIAL INSTITUCIONAL CCTVM S.A,,,
2026-03-27T13:03:52.982Z,market,trade,WINFUT,182810.0,1,,,,BTG Pactual CTVM S.A.,GENIAL INSTITUCIONAL CCTVM S.A,,,
2026-03-27T13:03:52.982Z,market,trade,WINFUT,182810.0,1,,,,ATIVA INVESTIMENTOS S.A. CTCV,GENIAL INSTITUCIONAL CCTVM S.A,,,
2026-03-27T13:03:52.982Z,market,trade,WINFUT,182810.0,1,,,,BTG Pactual CTVM S.A.,GENIAL INSTITUCIONAL CCTVM S.A,,,
2026-03-27T13:03:52.982Z,market,trade,WINFUT,182810.0,1,,,,BTG Pactual CTVM S.A.,GENIAL INSTITUCIONAL CCTVM S.A,,,
2026-03-27T13:03:52.982Z,market,trade,WINFUT,182810.0,1,,,,XP Investimentos CCTVM S/A,GENIAL INSTITUCIONAL CCTVM S.A,,,
2026-03-27T13:03:52.983Z,market,trade,WINFUT,182810.0,1,,,,XP Investimentos CCTVM S/A,AGORA CTVM S/A,,,
2026-03-27T13:03:52.983Z,market,trade,WINFUT,182810.0,1,,,,XP Investimentos CCTVM S/A,AGORA CTVM S/A,,,
2026-03-27T13:03:52.983Z,market,trade,WINFUT,182810.0,1,,,,XP Investimentos CCTVM S/A,AGORA CTVM S/A,,,
2026-03-27T13:03:52.983Z,market,trade,WINFUT,182810.0,2,,,,XP Investimentos CCTVM S/A,XP Investimentos CCTVM S/A,,,
2026-03-27T13:03:52.983Z,market,trade,WINFUT,182810.0,5,,,,XP Investimentos CCTVM S/A,XP Investimentos CCTVM S/A,,,
2026-03-27T13:03:52.983Z,market,trade,WINFUT,182810.0,2,,,,CM Capital Markets CCTVM LTDA,XP Investimentos CCTVM S/A,,,
2026-03-27T13:03:52.983Z,market,trade,WINFUT,182810.0,1,,,,CM Capital Markets CCTVM LTDA,XP Investimentos CCTVM S/A,,,
2026-03-27T13:03:52.983Z,market,trade,WINFUT,182810.0,1,,,,CM Capital Markets CCTVM LTDA,GENIAL INSTITUCIONAL CCTVM S.A,,,
2026-03-27T13:03:52.983Z,market,trade,WINFUT,182810.0,1,,,,CM Capital Markets CCTVM LTDA,Santander CCVM S/A,,,
2026-03-27T13:03:52.983Z,market,trade,WINFUT,182810.0,1,,,,CM Capital Markets CCTVM LTDA,AGORA CTVM S/A,,,
2026-03-27T13:03:52.983Z,market,trade,WINFUT,182810.0,1,,,,CM Capital Markets CCTVM LTDA,ATIVA INVESTIMENTOS S.A. CTCV,,,
2026-03-27T13:03:52.983Z,market,trade,WINFUT,182810.0,1,,,,CM Capital Markets CCTVM LTDA,AGORA CTVM S/A,,,
2026-03-27T13:03:52.983Z,market,trade,WINFUT,182810.0,1,,,,XP Investimentos CCTVM S/A,AGORA CTVM S/A,,,
2026-03-27T13:03:52.983Z,market,trade,WINFUT,182810.0,3,,,,XP Investimentos CCTVM S/A,AGORA CTVM S/A,,,
2026-03-27T13:03:52.983Z,market,trade,WINFUT,182810.0,1,,,,XP Investimentos CCTVM S/A,ATIVA INVESTIMENTOS S.A. CTCV,,,
2026-03-27T13:03:52.983Z,market,trade,WINFUT,182810.0,1,,,,XP Investimentos CCTVM S/A,ATIVA INVESTIMENTOS S.A. CTCV,,,
2026-03-27T13:03:52.983Z,market,trade,WINFUT,182810.0,1,,,,BTG Pactual CTVM S.A.,ATIVA INVESTIMENTOS S.A. CTCV,,,
2026-03-27T13:03:52.983Z,market,trade,WINFUT,182810.0,1,,,,BTG Pactual CTVM S.A.,AGORA CTVM S/A,,,
2026-03-27T13:03:52.983Z,market,trade,WINFUT,182810.0,1,,,,GENIAL INSTITUCIONAL CCTVM S.A,AGORA CTVM S/A,,,
2026-03-27T13:03:52.983Z,market,trade,WINFUT,182810.0,1,,,,GENIAL INSTITUCIONAL CCTVM S.A,AGORA CTVM S/A,,,
2026-03-27T13:03:52.983Z,market,trade,WINFUT,182810.0,3,,,,BTG Pactual CTVM S.A.,AGORA CTVM S/A,,,
2026-03-27T13:03:52.983Z,market,trade,WINFUT,182810.0,1,,,,XP Investimentos CCTVM S/A,AGORA CTVM S/A,,,
2026-03-27T13:03:52.983Z,market,trade,WINFUT,182810.0,1,,,,BTG Pactual CTVM S.A.,AGORA CTVM S/A,,,
2026-03-27T13:03:52.983Z,market,trade,WINFUT,182810.0,1,,,,Elliot-Warren,AGORA CTVM S/A,,,
2026-03-27T13:03:52.983Z,market,trade,WINFUT,182810.0,2,,,,XP Investimentos CCTVM S/A,AGORA CTVM S/A,,,
2026-03-27T13:03:52.983Z,market,trade,WINFUT,182810.0,1,,,,XP Investimentos CCTVM S/A,AGORA CTVM S/A,,,
2026-03-27T13:03:52.983Z,market,trade,WINFUT,182810.0,1,,,,XP Investimentos CCTVM S/A,AGORA CTVM S/A,,,
2026-03-27T13:03:52.983Z,market,trade,WINFUT,182810.0,1,,,,GENIAL INSTITUCIONAL CCTVM S.A,AGORA CTVM S/A,,,
2026-03-27T13:03:52.983Z,market,trade,WINFUT,182805.0,1,,,,GENIAL INSTITUCIONAL CCTVM S.A,AGORA CTVM S/A,,,
2026-03-27T13:03:52.983Z,market,trade,WINFUT,182805.0,9,,,,GENIAL INSTITUCIONAL CCTVM S.A,IDEAL CTVM SA,,,
2026-03-27T13:03:52.983Z,market,trade,WINFUT,182805.0,1,,,,GENIAL INSTITUCIONAL CCTVM S.A,IDEAL CTVM SA,,,
2026-03-27T13:03:52.984Z,market,trade,WINFUT,182805.0,10,,,,GENIAL INSTITUCIONAL CCTVM S.A,GENIAL INSTITUCIONAL CCTVM S.A,,,
2026-03-27T13:03:52.984Z,market,trade,WINFUT,182805.0,7,,,,GENIAL INSTITUCIONAL CCTVM S.A,IDEAL CTVM SA,,,
2026-03-27T13:03:52.984Z,market,trade,WINFUT,182805.0,7,,,,GENIAL INSTITUCIONAL CCTVM S.A,IDEAL CTVM SA,,,
2026-03-27T13:03:52.984Z,market,trade,WINFUT,182805.0,3,,,,GENIAL INSTITUCIONAL CCTVM S.A,IDEAL CTVM SA,,,
2026-03-27T13:03:52.984Z,market,trade,WINFUT,182805.0,2,,,,GENIAL INSTITUCIONAL CCTVM S.A,IDEAL CTVM SA,,,
2026-03-27T13:03:52.984Z,market,trade,WINFUT,182805.0,1,,,,ITAU CV S/A,IDEAL CTVM SA,,,
2026-03-27T13:03:52.984Z,market,trade,WINFUT,182805.0,8,,,,UBS BRASIL CCTVM S/A,IDEAL CTVM SA,,,
2026-03-27T13:03:52.984Z,market,trade,WINFUT,182805.0,9,,,,UBS BRASIL CCTVM S/A,IDEAL CTVM SA,,,
2026-03-27T13:03:52.984Z,market,trade,WINFUT,182805.0,1,,,,UBS BRASIL CCTVM S/A,GENIAL INSTITUCIONAL CCTVM S.A,,,
2026-03-27T13:03:52.984Z,market,trade,WINFUT,182805.0,1,,,,XP Investimentos CCTVM S/A,GENIAL INSTITUCIONAL CCTVM S.A,,,
2026-03-27T13:03:52.984Z,market,trade,WINFUT,182805.0,4,,,,XP Investimentos CCTVM S/A,GENIAL INSTITUCIONAL CCTVM S.A,,,
2026-03-27T13:03:52.984Z,market,trade,WINFUT,182805.0,1,,,,AGORA CTVM S/A,IDEAL CTVM SA,,,
2026-03-27T13:03:52.984Z,market,trade,WINFUT,182805.0,3,,,,IDEAL CTVM SA,IDEAL CTVM SA,,,
2026-03-27T13:03:52.984Z,market,trade,WINFUT,182805.0,4,,,,IDEAL CTVM SA,IDEAL CTVM SA,,,
2026-03-27T13:03:52.984Z,market,trade,WINFUT,182805.0,2,,,,IDEAL CTVM SA,IDEAL CTVM SA,,,
2026-03-27T13:03:52.984Z,market,trade,WINFUT,182805.0,1,,,,IDEAL CTVM SA,IDEAL CTVM SA,,,
2026-03-27T13:03:52.984Z,market,trade,WINFUT,182805.0,1,,,,BTG Pactual CTVM S.A.,IDEAL CTVM SA,,,
2026-03-27T13:03:52.984Z,market,trade,WINFUT,182805.0,2,,,,AGORA CTVM S/A,IDEAL CTVM SA,,,
2026-03-27T13:03:52.984Z,market,trade,WINFUT,182805.0,1,,,,AGORA CTVM S/A,AGORA CTVM S/A,,,
2026-03-27T13:03:52.984Z,market,trade,WINFUT,182805.0,1,,,,UBS BRASIL CCTVM S/A,AGORA CTVM S/A,,,
2026-03-27T13:03:52.984Z,market,trade,WINFUT,182805.0,4,,,,UBS BRASIL CCTVM S/A,GENIAL INSTITUCIONAL CCTVM S.A,,,
2026-03-27T13:03:52.984Z,market,trade,WINFUT,182805.0,1,,,,BTG Pactual CTVM S.A.,GENIAL INSTITUCIONAL CCTVM S.A,,,
2026-03-27T13:03:52.984Z,market,trade,WINFUT,182805.0,1,,,,XP Investimentos CCTVM S/A,GENIAL INSTITUCIONAL CCTVM S.A,,,
2026-03-27T13:03:52.984Z,market,trade,WINFUT,182805.0,3,,,,XP Investimentos CCTVM S/A,IDEAL CTVM SA,,,
2026-03-27T13:03:52.984Z,market,trade,WINFUT,182805.0,1,,,,XP Investimentos CCTVM S/A,IDEAL CTVM SA,,,
2026-03-27T13:03:52.984Z,market,trade,WINFUT,182805.0,2,,,,XP Investimentos CCTVM S/A,XP Investimentos CCTVM S/A,,,
2026-03-27T13:03:52.984Z,market,trade,WINFUT,182800.0,5,,,,XP Investimentos CCTVM S/A,IDEAL CTVM SA,,,
2026-03-27T13:03:52.984Z,market,trade,WINFUT,182800.0,10,,,,XP Investimentos CCTVM S/A,BTG Pactual CTVM S.A.,,,
2026-03-27T13:03:52.984Z,market,trade,WINFUT,182800.0,7,,,,AGORA CTVM S/A,BTG Pactual CTVM S.A.,,,
2026-03-27T13:03:52.985Z,market,trade,WINFUT,182800.0,1,,,,BTG Pactual CTVM S.A.,XP Investimentos CCTVM S/A,,,
2026-03-27T13:03:52.985Z,market,trade,WINFUT,182800.0,4,,,,UBS BRASIL CCTVM S/A,XP Investimentos CCTVM S/A,,,
2026-03-27T13:03:52.985Z,market,trade,WINFUT,182800.0,1,,,,BTG Pactual CTVM S.A.,XP Investimentos CCTVM S/A,,,
2026-03-27T13:03:52.985Z,market,trade,WINFUT,182800.0,3,,,,IDEAL CTVM SA,XP Investimentos CCTVM S/A,,,
2026-03-27T13:03:52.985Z,market,trade,WINFUT,182800.0,3,,,,IDEAL CTVM SA,XP Investimentos CCTVM S/A,,,
2026-03-27T13:03:52.985Z,market,trade,WINFUT,182800.0,3,,,,IDEAL CTVM SA,XP Investimentos CCTVM S/A,,,
2026-03-27T13:03:52.985Z,market,trade,WINFUT,182800.0,1,,,,AGORA CTVM S/A,XP Investimentos CCTVM S/A,,,
2026-03-27T13:03:52.985Z,market,trade,WINFUT,182800.0,14,,,,XP Investimentos CCTVM S/A,XP Investimentos CCTVM S/A,,,
2026-03-27T13:03:52.985Z,market,trade,WINFUT,182800.0,6,,,,XP Investimentos CCTVM S/A,IDEAL CTVM SA,,,
2026-03-27T13:03:52.985Z,market,trade,WINFUT,182800.0,1,,,,XP Investimentos CCTVM S/A,XP Investimentos CCTVM S/A,,,
2026-03-27T13:03:52.985Z,market,trade,WINFUT,182800.0,1,,,,XP Investimentos CCTVM S/A,XP Investimentos CCTVM S/A,,,
2026-03-27T13:03:53.376Z,market,trade,WINFUT,182800.0,1,,,,XP Investimentos CCTVM S/A,XP Investimentos CCTVM S/A,,,
2026-03-27T13:03:53.376Z,market,trade,WINFUT,182795.0,1,,,,XP Investimentos CCTVM S/A,XP Investimentos CCTVM S/A,,,
2026-03-27T13:03:53.376Z,market,trade,WINFUT,182800.0,1,,,,SANTANDER CORRETORA DE TITULOS E VALORES MOBILIARIOS S.A.,IDEAL CTVM SA,,,
2026-03-27T13:03:53.376Z,market,trade,WINFUT,182800.0,2,,,,BTG Pactual CTVM S.A.,IDEAL CTVM SA,,,
2026-03-27T13:03:53.376Z,market,trade,WINFUT,182800.0,6,,,,BTG Pactual CTVM S.A.,GENIAL INSTITUCIONAL CCTVM S.A,,,
2026-03-27T13:03:53.376Z,market,trade,WINFUT,182800.0,1,,,,BTG Pactual CTVM S.A.,BTG Pactual CTVM S.A.,,,
2026-03-27T13:03:53.376Z,market,trade,WINFUT,182800.0,1,,,,BTG Pactual CTVM S.A.,IDEAL CTVM SA,,,
2026-03-27T13:03:53.376Z,market,trade,WINFUT,182805.0,1,,,,SANTANDER CORRETORA DE TITULOS E VALORES MOBILIARIOS S.A.,IDEAL CTVM SA,,,
2026-03-27T13:03:53.376Z,market,trade,WINFUT,182800.0,1,,,,UBS BRASIL CCTVM S/A,GENIAL INSTITUCIONAL CCTVM S.A,,,
2026-03-27T13:03:53.376Z,market,trade,WINFUT,182805.0,2,,,,SANTANDER CORRETORA DE TITULOS E VALORES MOBILIARIOS S.A.,IDEAL CTVM SA,,,
2026-03-27T13:03:53.376Z,market,trade,WINFUT,182805.0,6,,,,SANTANDER CORRETORA DE TITULOS E VALORES MOBILIARIOS S.A.,IDEAL CTVM SA,,,
2026-03-27T13:03:53.376Z,market,trade,WINFUT,182805.0,1,,,,SANTANDER CORRETORA DE TITULOS E VALORES MOBILIARIOS S.A.,AGORA CTVM S/A,,,
2026-03-27T13:03:53.376Z,market,trade,WINFUT,182805.0,1,,,,SANTANDER CORRETORA DE TITULOS E VALORES MOBILIARIOS S.A.,BTG Pactual CTVM S.A.,,,
2026-03-27T13:03:53.376Z,market,trade,WINFUT,182805.0,1,,,,IDEAL CTVM SA,IDEAL CTVM SA,,,
2026-03-27T13:03:53.377Z,market,trade,WINFUT,182805.0,1,,,,IDEAL CTVM SA,SANTANDER CORRETORA DE TITULOS E VALORES MOBILIARIOS S.A.,,,
2026-03-27T13:03:53.377Z,market,trade,WINFUT,182810.0,1,,,,SANTANDER CORRETORA DE TITULOS E VALORES MOBILIARIOS S.A.,AGORA CTVM S/A,,,
2026-03-27T13:03:53.377Z,market,trade,WINFUT,182810.0,5,,,,SANTANDER CORRETORA DE TITULOS E VALORES MOBILIARIOS S.A.,AGORA CTVM S/A,,,
2026-03-27T13:03:53.377Z,market,trade,WINFUT,182810.0,1,,,,SANTANDER CORRETORA DE TITULOS E VALORES MOBILIARIOS S.A.,XP Investimentos CCTVM S/A,,,
2026-03-27T13:03:53.377Z,market,trade,WINFUT,182805.0,1,,,,XP Investimentos CCTVM S/A,IDEAL CTVM SA,,,
2026-03-27T13:03:53.377Z,market,trade,WINFUT,182805.0,8,,,,UBS BRASIL CCTVM S/A,IDEAL CTVM SA,,,
2026-03-27T13:03:53.377Z,market,trade,WINFUT,182805.0,7,,,,SANTANDER CORRETORA DE TITULOS E VALORES MOBILIARIOS S.A.,IDEAL CTVM SA,,,
2026-03-27T13:03:53.377Z,market,trade,WINFUT,182805.0,1,,,,SANTANDER CORRETORA DE TITULOS E VALORES MOBILIARIOS S.A.,IDEAL CTVM SA,,,
2026-03-27T13:03:53.377Z,market,trade,WINFUT,182805.0,1,,,,IDEAL CTVM SA,IDEAL CTVM SA,,,
2026-03-27T13:03:53.377Z,market,trade,WINFUT,182805.0,1,,,,IDEAL CTVM SA,AGORA CTVM S/A,,,
2026-03-27T13:03:53.377Z,market,trade,WINFUT,182805.0,5,,,,UBS BRASIL CCTVM S/A,IDEAL CTVM SA,,,
2026-03-27T13:03:53.377Z,market,trade,WINFUT,182805.0,7,,,,UBS BRASIL CCTVM S/A,IDEAL CTVM SA,,,
2026-03-27T13:03:53.377Z,market,trade,WINFUT,182805.0,1,,,,AGORA CTVM S/A,XP Investimentos CCTVM S/A,,,
2026-03-27T13:03:53.377Z,market,trade,WINFUT,182805.0,3,,,,IDEAL CTVM SA,XP Investimentos CCTVM S/A,,,
2026-03-27T13:03:53.377Z,market,trade,WINFUT,182810.0,1,,,,XP Investimentos CCTVM S/A,XP Investimentos CCTVM S/A,,,
2026-03-27T13:03:53.377Z,market,trade,WINFUT,182810.0,1,,,,SANTANDER CORRETORA DE TITULOS E VALORES MOBILIARIOS S.A.,SANTANDER CORRETORA DE TITULOS E VALORES MOBILIARIOS S.A.,,,
2026-03-27T13:03:53.377Z,market,trade,WINFUT,182805.0,1,,,,GENIAL INSTITUCIONAL CCTVM S.A,GENIAL INSTITUCIONAL CCTVM S.A,,,
2026-03-27T13:03:53.377Z,market,trade,WINFUT,182805.0,1,,,,XP Investimentos CCTVM S/A,GENIAL INSTITUCIONAL CCTVM S.A,,,
2026-03-27T13:03:53.377Z,market,trade,WINFUT,182810.0,1,,,,XP Investimentos CCTVM S/A,XP Investimentos CCTVM S/A,,,
2026-03-27T13:03:53.377Z,market,trade,WINFUT,182810.0,3,,,,CM Capital Markets CCTVM LTDA,BTG Pactual CTVM S.A.,,,
2026-03-27T13:03:53.377Z,market,trade,WINFUT,182805.0,2,,,,SANTANDER CORRETORA DE TITULOS E VALORES MOBILIARIOS S.A.,SANTANDER CORRETORA DE TITULOS E VALORES MOBILIARIOS S.A.,,,
2026-03-27T13:03:53.377Z,market,trade,WINFUT,182810.0,3,,,,SANTANDER CORRETORA DE TITULOS E VALORES MOBILIARIOS S.A.,SANTANDER CORRETORA DE TITULOS E VALORES MOBILIARIOS S.A.,,,
2026-03-27T13:03:53.377Z,market,trade,WINFUT,182810.0,1,,,,SANTANDER CORRETORA DE TITULOS E VALORES MOBILIARIOS S.A.,SANTANDER CORRETORA DE TITULOS E VALORES MOBILIARIOS S.A.,,,
2026-03-27T13:03:53.377Z,market,trade,WINFUT,182810.0,5,,,,SANTANDER CORRETORA DE TITULOS E VALORES MOBILIARIOS S.A.,SANTANDER CORRETORA DE TITULOS E VALORES MOBILIARIOS S.A.,,,
2026-03-27T13:03:53.377Z,market,trade,WINFUT,182810.0,1,,,,SANTANDER CORRETORA DE TITULOS E VALORES MOBILIARIOS S.A.,BTG Pactual CTVM S.A.,,,
2026-03-27T13:03:53.377Z,market,trade,WINFUT,182810.0,3,,,,AGORA CTVM S/A,BTG Pactual CTVM S.A.,,,
2026-03-27T13:03:53.377Z,market,trade,WINFUT,182810.0,1,,,,AGORA CTVM S/A,BTG Pactual CTVM S.A.,,,
2026-03-27T13:03:53.377Z,market,trade,WINFUT,182810.0,4,,,,AGORA CTVM S/A,BTG Pactual CTVM S.A.,,,
2026-03-27T13:03:53.377Z,market,trade,WINFUT,182810.0,1,,,,AGORA CTVM S/A,Elliot-Warren,,,
2026-03-27T13:03:53.377Z,market,trade,WINFUT,182810.0,7,,,,AGORA CTVM S/A,BTG Pactual CTVM S.A.,,,
2026-03-27T13:03:53.378Z,market,trade,WINFUT,182810.0,1,,,,SANTANDER CORRETORA DE TITULOS E VALORES MOBILIARIOS S.A.,BTG Pactual CTVM S.A.,,,
2026-03-27T13:03:53.378Z,market,trade,WINFUT,182810.0,1,,,,SANTANDER CORRETORA DE TITULOS E VALORES MOBILIARIOS S.A.,BTG Pactual CTVM S.A.,,,
2026-03-27T13:03:53.378Z,market,trade,WINFUT,182810.0,1,,,,SANTANDER CORRETORA DE TITULOS E VALORES MOBILIARIOS S.A.,BTG Pactual CTVM S.A.,,,
2026-03-27T13:03:53.378Z,market,trade,WINFUT,182810.0,1,,,,SANTANDER CORRETORA DE TITULOS E VALORES MOBILIARIOS S.A.,BTG Pactual CTVM S.A.,,,
2026-03-27T13:03:53.378Z,market,trade,WINFUT,182810.0,1,,,,SANTANDER CORRETORA DE TITULOS E VALORES MOBILIARIOS S.A.,XP Investimentos CCTVM S/A,,,
2026-03-27T13:03:53.378Z,market,trade,WINFUT,182810.0,1,,,,SANTANDER CORRETORA DE TITULOS E VALORES MOBILIARIOS S.A.,XP Investimentos CCTVM S/A,,,
2026-03-27T13:03:53.378Z,market,trade,WINFUT,182810.0,3,,,,SANTANDER CORRETORA DE TITULOS E VALORES MOBILIARIOS S.A.,XP Investimentos CCTVM S/A,,,
2026-03-27T13:03:53.378Z,market,trade,WINFUT,182810.0,1,,,,SANTANDER CORRETORA DE TITULOS E VALORES MOBILIARIOS S.A.,XP Investimentos CCTVM S/A,,,
2026-03-27T13:03:53.378Z,market,trade,WINFUT,182810.0,1,,,,SANTANDER CORRETORA DE TITULOS E VALORES MOBILIARIOS S.A.,BTG Pactual CTVM S.A.,,,
2026-03-27T13:03:53.378Z,market,trade,WINFUT,182810.0,1,,,,SANTANDER CORRETORA DE TITULOS E VALORES MOBILIARIOS S.A.,BTG Pactual CTVM S.A.,,,
2026-03-27T13:03:53.378Z,market,trade,WINFUT,182810.0,1,,,,SANTANDER CORRETORA DE TITULOS E VALORES MOBILIARIOS S.A.,XP Investimentos CCTVM S/A,,,
2026-03-27T13:03:53.378Z,market,trade,WINFUT,182810.0,1,,,,SANTANDER CORRETORA DE TITULOS E VALORES MOBILIARIOS S.A.,AGORA CTVM S/A,,,
2026-03-27T13:03:53.378Z,market,trade,WINFUT,182810.0,1,,,,SANTANDER CORRETORA DE TITULOS E VALORES MOBILIARIOS S.A.,AGORA CTVM S/A,,,
2026-03-27T13:03:53.378Z,market,trade,WINFUT,182810.0,1,,,,SANTANDER CORRETORA DE TITULOS E VALORES MOBILIARIOS S.A.,SANTANDER CORRETORA DE TITULOS E VALORES MOBILIARIOS S.A.,,,
2026-03-27T13:03:53.378Z,market,trade,WINFUT,182810.0,6,,,,SANTANDER CORRETORA DE TITULOS E VALORES MOBILIARIOS S.A.,TERRA INVESTIMENTOS DTVM LTDA,,,
2026-03-27T13:03:53.378Z,market,trade,WINFUT,182810.0,1,,,,SANTANDER CORRETORA DE TITULOS E VALORES MOBILIARIOS S.A.,XP Investimentos CCTVM S/A,,,
2026-03-27T13:03:53.378Z,market,trade,WINFUT,182810.0,2,,,,SANTANDER CORRETORA DE TITULOS E VALORES MOBILIARIOS S.A.,XP Investimentos CCTVM S/A,,,
2026-03-27T13:03:53.378Z,market,trade,WINFUT,182810.0,1,,,,SANTANDER CORRETORA DE TITULOS E VALORES MOBILIARIOS S.A.,XP Investimentos CCTVM S/A,,,
2026-03-27T13:03:53.378Z,market,trade,WINFUT,182810.0,1,,,,SANTANDER CORRETORA DE TITULOS E VALORES MOBILIARIOS S.A.,Elliot-Warren,,,
2026-03-27T13:03:53.378Z,market,trade,WINFUT,182810.0,1,,,,SANTANDER CORRETORA DE TITULOS E VALORES MOBILIARIOS S.A.,XP Investimentos CCTVM S/A,,,
2026-03-27T13:03:53.378Z,market,trade,WINFUT,182805.0,1,,,,BTG Pactual CTVM S.A.,BTG Pactual CTVM S.A.,,,
2026-03-27T13:03:53.378Z,market,trade,WINFUT,182810.0,15,,,,GENIAL INSTITUCIONAL CCTVM S.A,XP Investimentos CCTVM S/A,,,
2026-03-27T13:03:53.378Z,market,trade,WINFUT,182810.0,2,,,,IDEAL CTVM SA,XP Investimentos CCTVM S/A,,,
2026-03-27T13:03:53.378Z,market,trade,WINFUT,182810.0,1,,,,IDEAL CTVM SA,XP Investimentos CCTVM S/A,,,
2026-03-27T13:03:53.378Z,market,trade,WINFUT,182810.0,1,,,,IDEAL CTVM SA,CM Capital Markets CCTVM LTDA,,,
2026-03-27T13:03:53.378Z,market,trade,WINFUT,182810.0,1,,,,SANTANDER CORRETORA DE TITULOS E VALORES MOBILIARIOS S.A.,CM Capital Markets CCTVM LTDA,,,
2026-03-27T13:03:53.378Z,market,trade,WINFUT,182810.0,1,,,,SANTANDER CORRETORA DE TITULOS E VALORES MOBILIARIOS S.A.,GENIAL INSTITUCIONAL CCTVM S.A,,,
2026-03-27T13:03:53.378Z,market,trade,WINFUT,182810.0,1,,,,SANTANDER CORRETORA DE TITULOS E VALORES MOBILIARIOS S.A.,AGORA CTVM S/A,,,
2026-03-27T13:03:53.379Z,market,trade,WINFUT,182810.0,1,,,,SANTANDER CORRETORA DE TITULOS E VALORES MOBILIARIOS S.A.,AGORA CTVM S/A,,,
2026-03-27T13:03:53.379Z,market,trade,WINFUT,182810.0,1,,,,SANTANDER CORRETORA DE TITULOS E VALORES MOBILIARIOS S.A.,XP Investimentos CCTVM S/A,,,
2026-03-27T13:03:53.379Z,market,trade,WINFUT,182810.0,1,,,,SANTANDER CORRETORA DE TITULOS E VALORES MOBILIARIOS S.A.,XP Investimentos CCTVM S/A,,,
2026-03-27T13:03:53.379Z,market,trade,WINFUT,182810.0,3,,,,SANTANDER CORRETORA DE TITULOS E VALORES MOBILIARIOS S.A.,XP Investimentos CCTVM S/A,,,
2026-03-27T13:03:53.379Z,market,trade,WINFUT,182810.0,1,,,,SANTANDER CORRETORA DE TITULOS E VALORES MOBILIARIOS S.A.,XP Investimentos CCTVM S/A,,,
2026-03-27T13:03:53.379Z,market,trade,WINFUT,182810.0,1,,,,SANTANDER CORRETORA DE TITULOS E VALORES MOBILIARIOS S.A.,XP Investimentos CCTVM S/A,,,
2026-03-27T13:03:53.379Z,market,trade,WINFUT,182810.0,1,,,,SANTANDER CORRETORA DE TITULOS E VALORES MOBILIARIOS S.A.,GENIAL INSTITUCIONAL CCTVM S.A,,,
2026-03-27T13:03:53.379Z,market,trade,WINFUT,182810.0,1,,,,SANTANDER CORRETORA DE TITULOS E VALORES MOBILIARIOS S.A.,SANTANDER CORRETORA DE TITULOS E VALORES MOBILIARIOS S.A.,,,
2026-03-27T13:03:53.379Z,market,trade,WINFUT,182810.0,1,,,,SANTANDER CORRETORA DE TITULOS E VALORES MOBILIARIOS S.A.,XP Investimentos CCTVM S/A,,,
2026-03-27T13:03:53.379Z,market,trade,WINFUT,182810.0,2,,,,SANTANDER CORRETORA DE TITULOS E VALORES MOBILIARIOS S.A.,XP Investimentos CCTVM S/A,,,
2026-03-27T13:03:53.379Z,market,trade,WINFUT,182810.0,2,,,,SANTANDER CORRETORA DE TITULOS E VALORES MOBILIARIOS S.A.,BTG Pactual CTVM S.A.,,,
2026-03-27T13:03:53.379Z,market,trade,WINFUT,182810.0,5,,,,SANTANDER CORRETORA DE TITULOS E VALORES MOBILIARIOS S.A.,Elliot-Warren,,,
2026-03-27T13:03:53.379Z,market,trade,WINFUT,182810.0,2,,,,SANTANDER CORRETORA DE TITULOS E VALORES MOBILIARIOS S.A.,Elliot-Warren,,,
2026-03-27T13:03:53.379Z,market,trade,WINFUT,182810.0,3,,,,SANTANDER CORRETORA DE TITULOS E VALORES MOBILIARIOS S.A.,Elliot-Warren,,,
2026-03-27T13:03:53.379Z,market,trade,WINFUT,182810.0,3,,,,SANTANDER CORRETORA DE TITULOS E VALORES MOBILIARIOS S.A.,Elliot-Warren,,,
2026-03-27T13:03:53.379Z,market,trade,WINFUT,182810.0,2,,,,SANTANDER CORRETORA DE TITULOS E VALORES MOBILIARIOS S.A.,Elliot-Warren,,,
2026-03-27T13:03:53.379Z,market,trade,WINFUT,182810.0,2,,,,SANTANDER CORRETORA DE TITULOS E VALORES MOBILIARIOS S.A.,Elliot-Warren,,,
2026-03-27T13:03:53.379Z,market,trade,WINFUT,182810.0,2,,,,SANTANDER CORRETORA DE TITULOS E VALORES MOBILIARIOS S.A.,BTG Pactual CTVM S.A.,,,
2026-03-27T13:03:53.379Z,market,trade,WINFUT,182810.0,1,,,,SANTANDER CORRETORA DE TITULOS E VALORES MOBILIARIOS S.A.,Elliot-Warren,,,
2026-03-27T13:03:53.379Z,market,trade,WINFUT,182810.0,2,,,,SANTANDER CORRETORA DE TITULOS E VALORES MOBILIARIOS S.A.,Elliot-Warren,,,
2026-03-27T13:03:53.379Z,market,trade,WINFUT,182810.0,1,,,,SANTANDER CORRETORA DE TITULOS E VALORES MOBILIARIOS S.A.,Elliot-Warren,,,
2026-03-27T13:03:53.379Z,market,trade,WINFUT,182810.0,1,,,,SANTANDER CORRETORA DE TITULOS E VALORES MOBILIARIOS S.A.,Elliot-Warren,,,
2026-03-27T13:03:53.379Z,market,trade,WINFUT,182810.0,1,,,,SANTANDER CORRETORA DE TITULOS E VALORES MOBILIARIOS S.A.,Elliot-Warren,,,
2026-03-27T13:03:53.379Z,market,trade,WINFUT,182810.0,2,,,,XP Investimentos CCTVM S/A,XP Investimentos CCTVM S/A,,,
2026-03-27T13:03:53.379Z,market,trade,WINFUT,182805.0,1,,,,UBS BRASIL CCTVM S/A,XP Investimentos CCTVM S/A,,,
2026-03-27T13:03:53.380Z,market,trade,WINFUT,182810.0,1,,,,SANTANDER CORRETORA DE TITULOS E VALORES MOBILIARIOS S.A.,Elliot-Warren,,,
2026-03-27T13:03:53.380Z,market,trade,WINFUT,182810.0,1,,,,SANTANDER CORRETORA DE TITULOS E VALORES MOBILIARIOS S.A.,Elliot-Warren,,,
2026-03-27T13:03:53.380Z,market,trade,WINFUT,182810.0,1,,,,SANTANDER CORRETORA DE TITULOS E VALORES MOBILIARIOS S.A.,Elliot-Warren,,,
2026-03-27T13:03:53.930Z,market,trade,WINFUT,182810.0,2,,,,SANTANDER CORRETORA DE TITULOS E VALORES MOBILIARIOS S.A.,Elliot-Warren,,,
2026-03-27T13:03:53.931Z,market,trade,WINFUT,182810.0,2,,,,SANTANDER CORRETORA DE TITULOS E VALORES MOBILIARIOS S.A.,Elliot-Warren,,,
2026-03-27T13:03:53.931Z,market,trade,WINFUT,182810.0,2,,,,SANTANDER CORRETORA DE TITULOS E VALORES MOBILIARIOS S.A.,Elliot-Warren,,,
2026-03-27T13:03:53.931Z,market,trade,WINFUT,182810.0,1,,,,SANTANDER CORRETORA DE TITULOS E VALORES MOBILIARIOS S.A.,IDEAL CTVM SA,,,
2026-03-27T13:03:53.931Z,market,trade,WINFUT,182810.0,1,,,,SANTANDER CORRETORA DE TITULOS E VALORES MOBILIARIOS S.A.,BTG Pactual CTVM S.A.,,,
2026-03-27T13:03:53.931Z,market,trade,WINFUT,182810.0,2,,,,SANTANDER CORRETORA DE TITULOS E VALORES MOBILIARIOS S.A.,Elliot-Warren,,,
2026-03-27T13:03:53.931Z,market,trade,WINFUT,182810.0,3,,,,SANTANDER CORRETORA DE TITULOS E VALORES MOBILIARIOS S.A.,Elliot-Warren,,,
2026-03-27T13:03:53.931Z,market,trade,WINFUT,182810.0,2,,,,SANTANDER CORRETORA DE TITULOS E VALORES MOBILIARIOS S.A.,Elliot-Warren,,,
2026-03-27T13:03:53.931Z,market,trade,WINFUT,182810.0,3,,,,SANTANDER CORRETORA DE TITULOS E VALORES MOBILIARIOS S.A.,Elliot-Warren,,,
2026-03-27T13:03:53.931Z,market,trade,WINFUT,182810.0,1,,,,SANTANDER CORRETORA DE TITULOS E VALORES MOBILIARIOS S.A.,Elliot-Warren,,,
2026-03-27T13:03:53.931Z,market,trade,WINFUT,182810.0,1,,,,UBS BRASIL CCTVM S/A,Elliot-Warren,,,
2026-03-27T13:03:53.931Z,market,trade,WINFUT,182810.0,3,,,,UBS BRASIL CCTVM S/A,Elliot-Warren,,,
2026-03-27T13:03:53.931Z,market,trade,WINFUT,182810.0,2,,,,UBS BRASIL CCTVM S/A,Elliot-Warren,,,
2026-03-27T13:03:53.931Z,market,trade,WINFUT,182810.0,2,,,,UBS BRASIL CCTVM S/A,Elliot-Warren,,,
2026-03-27T13:03:53.931Z,market,trade,WINFUT,182810.0,3,,,,UBS BRASIL CCTVM S/A,Elliot-Warren,,,
2026-03-27T13:03:53.931Z,market,trade,WINFUT,182810.0,1,,,,UBS BRASIL CCTVM S/A,IDEAL CTVM SA,,,
2026-03-27T13:03:53.931Z,market,trade,WINFUT,182815.0,1,,,,SANTANDER CORRETORA DE TITULOS E VALORES MOBILIARIOS S.A.,SANTANDER CORRETORA DE TITULOS E VALORES MOBILIARIOS S.A.,,,
2026-03-27T13:03:53.931Z,market,trade,WINFUT,182815.0,1,,,,GENIAL INSTITUCIONAL CCTVM S.A,AGORA CTVM S/A,,,
2026-03-27T13:03:53.931Z,market,trade,WINFUT,182815.0,1,,,,GENIAL INSTITUCIONAL CCTVM S.A,BTG Pactual CTVM S.A.,,,
2026-03-27T13:03:53.931Z,market,trade,WINFUT,182815.0,1,,,,TERRA INVESTIMENTOS DTVM LTDA,XP Investimentos CCTVM S/A,,,
2026-03-27T13:03:53.931Z,market,trade,WINFUT,182815.0,1,,,,GENIAL INSTITUCIONAL CCTVM S.A,XP Investimentos CCTVM S/A,,,
2026-03-27T13:03:53.931Z,market,trade,WINFUT,182815.0,1,,,,XP Investimentos CCTVM S/A,XP Investimentos CCTVM S/A,,,
2026-03-27T13:03:53.932Z,market,trade,WINFUT,182815.0,1,,,,XP Investimentos CCTVM S/A,XP Investimentos CCTVM S/A,,,
2026-03-27T13:03:53.932Z,market,trade,WINFUT,182815.0,4,,,,GENIAL INSTITUCIONAL CCTVM S.A,XP Investimentos CCTVM S/A,,,
2026-03-27T13:03:53.932Z,market,trade,WINFUT,182815.0,7,,,,GENIAL INSTITUCIONAL CCTVM S.A,IDEAL CTVM SA,,,
2026-03-27T13:03:53.932Z,market,trade,WINFUT,182815.0,1,,,,GENIAL INSTITUCIONAL CCTVM S.A,BTG Pactual CTVM S.A.,,,
2026-03-27T13:03:53.932Z,market,trade,WINFUT,182815.0,1,,,,GENIAL INSTITUCIONAL CCTVM S.A,XP Investimentos CCTVM S/A,,,
2026-03-27T13:03:53.932Z,market,trade,WINFUT,182815.0,4,,,,GENIAL INSTITUCIONAL CCTVM S.A,BTG Pactual CTVM S.A.,,,
2026-03-27T13:03:53.932Z,market,trade,WINFUT,182815.0,1,,,,GENIAL INSTITUCIONAL CCTVM S.A,BTG Pactual CTVM S.A.,,,
2026-03-27T13:03:53.932Z,market,trade,WINFUT,182815.0,1,,,,GENIAL INSTITUCIONAL CCTVM S.A,BTG Pactual CTVM S.A.,,,
2026-03-27T13:03:53.932Z,market,trade,WINFUT,182815.0,1,,,,GENIAL INSTITUCIONAL CCTVM S.A,GENIAL INSTITUCIONAL CCTVM S.A,,,
2026-03-27T13:03:53.932Z,market,trade,WINFUT,182815.0,1,,,,GENIAL INSTITUCIONAL CCTVM S.A,XP Investimentos CCTVM S/A,,,
2026-03-27T13:03:53.932Z,market,trade,WINFUT,182815.0,1,,,,GENIAL INSTITUCIONAL CCTVM S.A,XP Investimentos CCTVM S/A,,,
2026-03-27T13:03:53.932Z,market,trade,WINFUT,182815.0,1,,,,GENIAL INSTITUCIONAL CCTVM S.A,SANTANDER CORRETORA DE TITULOS E VALORES MOBILIARIOS S.A.,,,
2026-03-27T13:03:53.932Z,market,trade,WINFUT,182815.0,1,,,,GENIAL INSTITUCIONAL CCTVM S.A,AGORA CTVM S/A,,,
2026-03-27T13:03:53.932Z,market,trade,WINFUT,182815.0,1,,,,GENIAL INSTITUCIONAL CCTVM S.A,AGORA CTVM S/A,,,
2026-03-27T13:03:53.932Z,market,trade,WINFUT,182815.0,1,,,,GENIAL INSTITUCIONAL CCTVM S.A,GENIAL INSTITUCIONAL CCTVM S.A,,,
2026-03-27T13:03:53.932Z,market,trade,WINFUT,182815.0,7,,,,GENIAL INSTITUCIONAL CCTVM S.A,GENIAL INSTITUCIONAL CCTVM S.A,,,
2026-03-27T13:03:53.932Z,market,trade,WINFUT,182815.0,1,,,,GENIAL INSTITUCIONAL CCTVM S.A,AGORA CTVM S/A,,,
2026-03-27T13:03:53.932Z,market,trade,WINFUT,182815.0,2,,,,GENIAL INSTITUCIONAL CCTVM S.A,XP Investimentos CCTVM S/A,,,
2026-03-27T13:03:53.933Z,market,trade,WINFUT,182815.0,1,,,,GENIAL INSTITUCIONAL CCTVM S.A,ATIVA INVESTIMENTOS S.A. CTCV,,,
2026-03-27T13:03:53.933Z,market,trade,WINFUT,182815.0,1,,,,GENIAL INSTITUCIONAL CCTVM S.A,ATIVA INVESTIMENTOS S.A. CTCV,,,
2026-03-27T13:03:53.933Z,market,trade,WINFUT,182815.0,1,,,,GENIAL INSTITUCIONAL CCTVM S.A,ATIVA INVESTIMENTOS S.A. CTCV,,,
2026-03-27T13:03:53.933Z,market,trade,WINFUT,182815.0,1,,,,GENIAL INSTITUCIONAL CCTVM S.A,ATIVA INVESTIMENTOS S.A. CTCV,,,
2026-03-27T13:03:53.933Z,market,trade,WINFUT,182815.0,7,,,,GENIAL INSTITUCIONAL CCTVM S.A,BTG Pactual CTVM S.A.,,,
2026-03-27T13:03:53.933Z,market,trade,WINFUT,182815.0,1,,,,GENIAL INSTITUCIONAL CCTVM S.A,BTG Pactual CTVM S.A.,,,
2026-03-27T13:03:53.933Z,market,trade,WINFUT,182815.0,1,,,,GENIAL INSTITUCIONAL CCTVM S.A,BTG Pactual CTVM S.A.,,,
2026-03-27T13:03:53.933Z,market,trade,WINFUT,182815.0,1,,,,GENIAL INSTITUCIONAL CCTVM S.A,BTG Pactual CTVM S.A.,,,
2026-03-27T13:03:53.933Z,market,trade,WINFUT,182815.0,1,,,,XP Investimentos CCTVM S/A,XP Investimentos CCTVM S/A,,,
2026-03-27T13:03:53.933Z,market,trade,WINFUT,182815.0,1,,,,CM Capital Markets CCTVM LTDA,BTG Pactual CTVM S.A.,,,
2026-03-27T13:03:53.933Z,market,trade,WINFUT,182815.0,1,,,,CM Capital Markets CCTVM LTDA,BTG Pactual CTVM S.A.,,,
2026-03-27T13:03:53.933Z,market,trade,WINFUT,182815.0,1,,,,XP Investimentos CCTVM S/A,XP Investimentos CCTVM S/A,,,
2026-03-27T13:03:53.933Z,market,trade,WINFUT,182815.0,1,,,,XP Investimentos CCTVM S/A,XP Investimentos CCTVM S/A,,,
2026-03-27T13:03:53.933Z,market,trade,WINFUT,182815.0,1,,,,XP Investimentos CCTVM S/A,XP Investimentos CCTVM S/A,,,
2026-03-27T13:03:53.933Z,market,trade,WINFUT,182815.0,3,,,,Elliot-Warren,BTG Pactual CTVM S.A.,,,
2026-03-27T13:03:53.933Z,market,trade,WINFUT,182815.0,1,,,,BTG Pactual CTVM S.A.,BTG Pactual CTVM S.A.,,,
2026-03-27T13:03:53.933Z,market,trade,WINFUT,182815.0,1,,,,INTER DTVM LTDA,BTG Pactual CTVM S.A.,,,
2026-03-27T13:03:53.933Z,market,trade,WINFUT,182815.0,1,,,,XP Investimentos CCTVM S/A,XP Investimentos CCTVM S/A,,,
2026-03-27T13:03:53.933Z,market,trade,WINFUT,182815.0,4,,,,XP Investimentos CCTVM S/A,BTG Pactual CTVM S.A.,,,
2026-03-27T13:03:53.933Z,market,trade,WINFUT,182815.0,1,,,,XP Investimentos CCTVM S/A,XP Investimentos CCTVM S/A,,,
2026-03-27T13:03:53.933Z,market,trade,WINFUT,182815.0,1,,,,XP Investimentos CCTVM S/A,XP Investimentos CCTVM S/A,,,
2026-03-27T13:03:53.933Z,market,trade,WINFUT,182815.0,2,,,,XP Investimentos CCTVM S/A,XP Investimentos CCTVM S/A,,,
2026-03-27T13:03:53.934Z,market,trade,WINFUT,182815.0,1,,,,XP Investimentos CCTVM S/A,XP Investimentos CCTVM S/A,,,
2026-03-27T13:03:53.934Z,market,trade,WINFUT,182815.0,1,,,,BTG Pactual CTVM S.A.,GENIAL INSTITUCIONAL CCTVM S.A,,,
2026-03-27T13:03:53.934Z,market,trade,WINFUT,182815.0,4,,,,XP Investimentos CCTVM S/A,XP Investimentos CCTVM S/A,,,
2026-03-27T13:03:53.934Z,market,trade,WINFUT,182815.0,1,,,,XP Investimentos CCTVM S/A,GENIAL INSTITUCIONAL CCTVM S.A,,,
2026-03-27T13:03:53.934Z,market,trade,WINFUT,182815.0,1,,,,XP Investimentos CCTVM S/A,GENIAL INSTITUCIONAL CCTVM S.A,,,
2026-03-27T13:03:53.934Z,market,trade,WINFUT,182815.0,1,,,,XP Investimentos CCTVM S/A,NOVA FUTURA CTVM LTDA,,,
2026-03-27T13:03:53.934Z,market,trade,WINFUT,182815.0,1,,,,GENIAL INSTITUCIONAL CCTVM S.A,NOVA FUTURA CTVM LTDA,,,
2026-03-27T13:03:53.934Z,market,trade,WINFUT,182815.0,1,,,,CM Capital Markets CCTVM LTDA,BTG Pactual CTVM S.A.,,,
2026-03-27T13:03:53.934Z,market,trade,WINFUT,182815.0,1,,,,CM Capital Markets CCTVM LTDA,BTG Pactual CTVM S.A.,,,
2026-03-27T13:03:53.934Z,market,trade,WINFUT,182815.0,2,,,,SANTANDER CORRETORA DE TITULOS E VALORES MOBILIARIOS S.A.,BTG Pactual CTVM S.A.,,,
2026-03-27T13:03:53.934Z,market,trade,WINFUT,182810.0,1,,,,UBS BRASIL CCTVM S/A,AGORA CTVM S/A,,,
2026-03-27T13:03:53.934Z,market,trade,WINFUT,182810.0,1,,,,XP Investimentos CCTVM S/A,XP Investimentos CCTVM S/A,,,
2026-03-27T13:03:53.934Z,market,trade,WINFUT,182815.0,1,,,,IDEAL CTVM SA,BTG Pactual CTVM S.A.,,,
2026-03-27T13:03:53.934Z,market,trade,WINFUT,182815.0,1,,,,IDEAL CTVM SA,ATIVA INVESTIMENTOS S.A. CTCV,,,
2026-03-27T13:03:53.934Z,market,trade,WINFUT,182815.0,2,,,,IDEAL CTVM SA,XP Investimentos CCTVM S/A,,,
2026-03-27T13:03:53.934Z,market,trade,WINFUT,182815.0,2,,,,IDEAL CTVM SA,ITAU CV S/A,,,
2026-03-27T13:03:53.934Z,market,trade,WINFUT,182815.0,1,,,,IDEAL CTVM SA,GENIAL INSTITUCIONAL CCTVM S.A,,,
2026-03-27T13:03:53.934Z,market,trade,WINFUT,182815.0,1,,,,SANTANDER CORRETORA DE TITULOS E VALORES MOBILIARIOS S.A.,GENIAL INSTITUCIONAL CCTVM S.A,,,
2026-03-27T13:03:53.934Z,market,trade,WINFUT,182815.0,1,,,,SANTANDER CORRETORA DE TITULOS E VALORES MOBILIARIOS S.A.,GENIAL INSTITUCIONAL CCTVM S.A,,,
2026-03-27T13:03:53.934Z,market,trade,WINFUT,182810.0,6,,,,XP Investimentos CCTVM S/A,XP Investimentos CCTVM S/A,,,
2026-03-27T13:03:53.935Z,market,trade,WINFUT,182815.0,1,,,,SANTANDER CORRETORA DE TITULOS E VALORES MOBILIARIOS S.A.,TERRA INVESTIMENTOS DTVM LTDA,,,
2026-03-27T13:03:53.935Z,market,trade,WINFUT,182815.0,1,,,,SANTANDER CORRETORA DE TITULOS E VALORES MOBILIARIOS S.A.,XP Investimentos CCTVM S/A,,,
2026-03-27T13:03:53.935Z,market,trade,WINFUT,182815.0,1,,,,SANTANDER CORRETORA DE TITULOS E VALORES MOBILIARIOS S.A.,XP Investimentos CCTVM S/A,,,
2026-03-27T13:03:53.935Z,market,trade,WINFUT,182815.0,1,,,,XP Investimentos CCTVM S/A,XP Investimentos CCTVM S/A,,,
2026-03-27T13:03:53.935Z,market,trade,WINFUT,182815.0,1,,,,SANTANDER CORRETORA DE TITULOS E VALORES MOBILIARIOS S.A.,XP Investimentos CCTVM S/A,,,
2026-03-27T13:03:53.935Z,market,trade,WINFUT,182815.0,2,,,,SANTANDER CORRETORA DE TITULOS E VALORES MOBILIARIOS S.A.,XP Investimentos CCTVM S/A,,,
2026-03-27T13:03:53.935Z,market,trade,WINFUT,182815.0,1,,,,SANTANDER CORRETORA DE TITULOS E VALORES MOBILIARIOS S.A.,GENIAL INSTITUCIONAL CCTVM S.A,,,
2026-03-27T13:03:53.935Z,market,trade,WINFUT,182815.0,1,,,,SANTANDER CORRETORA DE TITULOS E VALORES MOBILIARIOS S.A.,ATIVA INVESTIMENTOS S.A. CTCV,,,
2026-03-27T13:03:53.935Z,market,trade,WINFUT,182815.0,1,,,,SANTANDER CORRETORA DE TITULOS E VALORES MOBILIARIOS S.A.,ATIVA INVESTIMENTOS S.A. CTCV,,,
2026-03-27T13:03:53.935Z,market,trade,WINFUT,182815.0,2,,,,XP Investimentos CCTVM S/A,XP Investimentos CCTVM S/A,,,
2026-03-27T13:03:53.935Z,market,trade,WINFUT,182815.0,1,,,,SANTANDER CORRETORA DE TITULOS E VALORES MOBILIARIOS S.A.,BTG Pactual CTVM S.A.,,,
2026-03-27T13:03:53.935Z,market,trade,WINFUT,182815.0,1,,,,SANTANDER CORRETORA DE TITULOS E VALORES MOBILIARIOS S.A.,BTG Pactual CTVM S.A.,,,
2026-03-27T13:03:53.935Z,market,trade,WINFUT,182810.0,3,,,,UBS BRASIL CCTVM S/A,Elliot-Warren,,,
2026-03-27T13:03:53.935Z,market,trade,WINFUT,182815.0,2,,,,SANTANDER CORRETORA DE TITULOS E VALORES MOBILIARIOS S.A.,BTG Pactual CTVM S.A.,,,
2026-03-27T13:03:53.936Z,market,trade,WINFUT,182815.0,1,,,,SANTANDER CORRETORA DE TITULOS E VALORES MOBILIARIOS S.A.,XP Investimentos CCTVM S/A,,,
2026-03-27T13:03:53.936Z,market,trade,WINFUT,182815.0,1,,,,SANTANDER CORRETORA DE TITULOS E VALORES MOBILIARIOS S.A.,XP Investimentos CCTVM S/A,,,
2026-03-27T13:03:53.936Z,market,trade,WINFUT,182815.0,1,,,,SANTANDER CORRETORA DE TITULOS E VALORES MOBILIARIOS S.A.,XP Investimentos CCTVM S/A,,,
2026-03-27T13:03:53.936Z,market,trade,WINFUT,182815.0,1,,,,SANTANDER CORRETORA DE TITULOS E VALORES MOBILIARIOS S.A.,XP Investimentos CCTVM S/A,,,
2026-03-27T13:03:53.936Z,market,trade,WINFUT,182815.0,1,,,,SANTANDER CORRETORA DE TITULOS E VALORES MOBILIARIOS S.A.,XP Investimentos CCTVM S/A,,,
2026-03-27T13:03:53.936Z,market,trade,WINFUT,182815.0,1,,,,SANTANDER CORRETORA DE TITULOS E VALORES MOBILIARIOS S.A.,XP Investimentos CCTVM S/A,,,
2026-03-27T13:03:53.936Z,market,trade,WINFUT,182815.0,2,,,,SANTANDER CORRETORA DE TITULOS E VALORES MOBILIARIOS S.A.,SANTANDER CORRETORA DE TITULOS E VALORES MOBILIARIOS S.A.,,,
2026-03-27T13:03:53.936Z,market,trade,WINFUT,182810.0,1,,,,SANTANDER CORRETORA DE TITULOS E VALORES MOBILIARIOS S.A.,SANTANDER CORRETORA DE TITULOS E VALORES MOBILIARIOS S.A.,,,
2026-03-27T13:03:53.936Z,market,trade,WINFUT,182815.0,1,,,,SANTANDER CORRETORA DE TITULOS E VALORES MOBILIARIOS S.A.,XP Investimentos CCTVM S/A,,,
2026-03-27T13:03:53.936Z,market,trade,WINFUT,182815.0,1,,,,SANTANDER CORRETORA DE TITULOS E VALORES MOBILIARIOS S.A.,XP Investimentos CCTVM S/A,,,
2026-03-27T13:03:53.936Z,market,trade,WINFUT,182815.0,1,,,,SANTANDER CORRETORA DE TITULOS E VALORES MOBILIARIOS S.A.,SANTANDER CORRETORA DE TITULOS E VALORES MOBILIARIOS S.A.,,,
2026-03-27T13:03:53.936Z,market,trade,WINFUT,182815.0,1,,,,XP Investimentos CCTVM S/A,SANTANDER CORRETORA DE TITULOS E VALORES MOBILIARIOS S.A.,,,
2026-03-27T13:03:53.936Z,market,trade,WINFUT,182815.0,1,,,,SANTANDER CORRETORA DE TITULOS E VALORES MOBILIARIOS S.A.,BTG Pactual CTVM S.A.,,,
2026-03-27T13:03:53.936Z,market,trade,WINFUT,182815.0,1,,,,SANTANDER CORRETORA DE TITULOS E VALORES MOBILIARIOS S.A.,XP Investimentos CCTVM S/A,,,
2026-03-27T13:03:53.936Z,market,trade,WINFUT,182815.0,2,,,,SANTANDER CORRETORA DE TITULOS E VALORES MOBILIARIOS S.A.,BTG Pactual CTVM S.A.,,,
2026-03-27T13:03:53.936Z,market,trade,WINFUT,182815.0,1,,,,SANTANDER CORRETORA DE TITULOS E VALORES MOBILIARIOS S.A.,IDEAL CTVM SA,,,
2026-03-27T13:03:53.936Z,market,trade,WINFUT,182815.0,1,,,,XP Investimentos CCTVM S/A,IDEAL CTVM SA,,,
2026-03-27T13:03:53.936Z,market,trade,WINFUT,182815.0,2,,,,SANTANDER CORRETORA DE TITULOS E VALORES MOBILIARIOS S.A.,IDEAL CTVM SA,,,
2026-03-27T13:03:53.936Z,market,trade,WINFUT,182815.0,1,,,,IDEAL CTVM SA,AGORA CTVM S/A,,,
2026-03-27T13:03:53.936Z,market,trade,WINFUT,182815.0,1,,,,IDEAL CTVM SA,BTG Pactual CTVM S.A.,,,
2026-03-27T13:03:53.936Z,market,trade,WINFUT,182820.0,1,,,,SANTANDER CORRETORA DE TITULOS E VALORES MOBILIARIOS S.A.,XP Investimentos CCTVM S/A,,,
2026-03-27T13:03:53.936Z,market,trade,WINFUT,182820.0,2,,,,XP Investimentos CCTVM S/A,XP Investimentos CCTVM S/A,,,
2026-03-27T13:03:53.937Z,market,trade,WINFUT,182820.0,1,,,,BTG Pactual CTVM S.A.,XP Investimentos CCTVM S/A,,,
2026-03-27T13:03:53.937Z,market,trade,WINFUT,182820.0,1,,,,XP Investimentos CCTVM S/A,BTG Pactual CTVM S.A.,,,
2026-03-27T13:03:53.937Z,market,trade,WINFUT,182820.0,4,,,,XP Investimentos CCTVM S/A,XP Investimentos CCTVM S/A,,,
2026-03-27T13:03:53.937Z,market,trade,WINFUT,182820.0,1,,,,XP Investimentos CCTVM S/A,XP Investimentos CCTVM S/A,,,
2026-03-27T13:03:53.937Z,market,trade,WINFUT,182820.0,1,,,,XP Investimentos CCTVM S/A,GENIAL INSTITUCIONAL CCTVM S.A,,,
2026-03-27T13:03:53.937Z,market,trade,WINFUT,182820.0,1,,,,GENIAL INSTITUCIONAL CCTVM S.A,GENIAL INSTITUCIONAL CCTVM S.A,,,
2026-03-27T13:03:53.937Z,market,trade,WINFUT,182820.0,1,,,,GENIAL INSTITUCIONAL CCTVM S.A,GENIAL INSTITUCIONAL CCTVM S.A,,,
2026-03-27T13:03:53.937Z,market,trade,WINFUT,182820.0,1,,,,GENIAL INSTITUCIONAL CCTVM S.A,GENIAL INSTITUCIONAL CCTVM S.A,,,
2026-03-27T13:03:53.937Z,market,trade,WINFUT,182820.0,8,,,,GENIAL INSTITUCIONAL CCTVM S.A,GENIAL INSTITUCIONAL CCTVM S.A,,,
2026-03-27T13:03:53.937Z,market,trade,WINFUT,182820.0,1,,,,BTG Pactual CTVM S.A.,BTG Pactual CTVM S.A.,,,
2026-03-27T13:03:53.937Z,market,trade,WINFUT,182820.0,1,,,,XP Investimentos CCTVM S/A,XP Investimentos CCTVM S/A,,,
2026-03-27T13:03:53.937Z,market,trade,WINFUT,182820.0,1,,,,XP Investimentos CCTVM S/A,BTG Pactual CTVM S.A.,,,
2026-03-27T13:03:53.937Z,market,trade,WINFUT,182820.0,1,,,,XP Investimentos CCTVM S/A,XP Investimentos CCTVM S/A,,,
2026-03-27T13:03:53.937Z,market,trade,WINFUT,182820.0,1,,,,XP Investimentos CCTVM S/A,AGORA CTVM S/A,,,
2026-03-27T13:03:53.937Z,market,trade,WINFUT,182820.0,1,,,,XP Investimentos CCTVM S/A,XP Investimentos CCTVM S/A,,,
2026-03-27T13:03:53.937Z,market,trade,WINFUT,182820.0,1,,,,XP Investimentos CCTVM S/A,UBS BRASIL CCTVM S/A,,,
2026-03-27T13:03:53.937Z,market,trade,WINFUT,182820.0,1,,,,BTG Pactual CTVM S.A.,UBS BRASIL CCTVM S/A,,,
2026-03-27T13:03:53.937Z,market,trade,WINFUT,182820.0,2,,,,BTG Pactual CTVM S.A.,UBS BRASIL CCTVM S/A,,,
2026-03-27T13:03:53.937Z,market,trade,WINFUT,182820.0,1,,,,BTG Pactual CTVM S.A.,UBS BRASIL CCTVM S/A,,,
2026-03-27T13:03:53.937Z,market,trade,WINFUT,182820.0,1,,,,XP Investimentos CCTVM S/A,UBS BRASIL CCTVM S/A,,,
2026-03-27T13:03:53.937Z,market,trade,WINFUT,182820.0,1,,,,NOVA FUTURA CTVM LTDA,UBS BRASIL CCTVM S/A,,,
2026-03-27T13:03:53.937Z,market,trade,WINFUT,182820.0,1,,,,NOVA FUTURA CTVM LTDA,UBS BRASIL CCTVM S/A,,,
2026-03-27T13:03:53.938Z,market,trade,WINFUT,182820.0,1,,,,NOVA FUTURA CTVM LTDA,UBS BRASIL CCTVM S/A,,,
2026-03-27T13:03:53.938Z,market,trade,WINFUT,182820.0,1,,,,BTG Pactual CTVM S.A.,UBS BRASIL CCTVM S/A,,,
2026-03-27T13:03:53.938Z,market,trade,WINFUT,182820.0,1,,,,XP Investimentos CCTVM S/A,UBS BRASIL CCTVM S/A,,,
2026-03-27T13:03:53.938Z,market,trade,WINFUT,182820.0,5,,,,GENIAL INSTITUCIONAL CCTVM S.A,GENIAL INSTITUCIONAL CCTVM S.A,,,
2026-03-27T13:03:53.938Z,market,trade,WINFUT,182820.0,5,,,,GENIAL INSTITUCIONAL CCTVM S.A,UBS BRASIL CCTVM S/A,,,
2026-03-27T13:03:53.938Z,market,trade,WINFUT,182820.0,2,,,,BTG Pactual CTVM S.A.,UBS BRASIL CCTVM S/A,,,
2026-03-27T13:03:53.938Z,market,trade,WINFUT,182820.0,3,,,,BTG Pactual CTVM S.A.,IDEAL CTVM SA,,,
2026-03-27T13:03:53.938Z,market,trade,WINFUT,182820.0,2,,,,NOVA FUTURA CTVM LTDA,IDEAL CTVM SA,,,
2026-03-27T13:03:53.938Z,market,trade,WINFUT,182820.0,1,,,,NOVA FUTURA CTVM LTDA,BTG Pactual CTVM S.A.,,,
2026-03-27T13:03:53.938Z,market,trade,WINFUT,182820.0,1,,,,GENIAL INSTITUCIONAL CCTVM S.A,GENIAL INSTITUCIONAL CCTVM S.A,,,
2026-03-27T13:03:53.938Z,market,trade,WINFUT,182820.0,1,,,,XP Investimentos CCTVM S/A,BTG Pactual CTVM S.A.,,,
2026-03-27T13:03:53.938Z,market,trade,WINFUT,182820.0,1,,,,XP Investimentos CCTVM S/A,BTG Pactual CTVM S.A.,,,
2026-03-27T13:03:53.938Z,market,trade,WINFUT,182820.0,1,,,,XP Investimentos CCTVM S/A,BTG Pactual CTVM S.A.,,,
2026-03-27T13:03:53.938Z,market,trade,WINFUT,182820.0,1,,,,XP Investimentos CCTVM S/A,XP Investimentos CCTVM S/A,,,
2026-03-27T13:03:53.938Z,market,trade,WINFUT,182820.0,2,,,,XP Investimentos CCTVM S/A,XP Investimentos CCTVM S/A,,,
2026-03-27T13:03:53.938Z,market,trade,WINFUT,182820.0,1,,,,XP Investimentos CCTVM S/A,AGORA CTVM S/A,,,
2026-03-27T13:03:53.938Z,market,trade,WINFUT,182820.0,5,,,,XP Investimentos CCTVM S/A,XP Investimentos CCTVM S/A,,,
2026-03-27T13:03:53.938Z,market,trade,WINFUT,182820.0,1,,,,XP Investimentos CCTVM S/A,XP Investimentos CCTVM S/A,,,
2026-03-27T13:03:53.938Z,market,trade,WINFUT,182820.0,1,,,,XP Investimentos CCTVM S/A,XP Investimentos CCTVM S/A,,,
2026-03-27T13:03:53.938Z,market,trade,WINFUT,182820.0,1,,,,XP Investimentos CCTVM S/A,XP Investimentos CCTVM S/A,,,
2026-03-27T13:03:53.939Z,market,trade,WINFUT,182820.0,1,,,,XP Investimentos CCTVM S/A,XP Investimentos CCTVM S/A,,,
2026-03-27T13:03:53.939Z,market,trade,WINFUT,182820.0,1,,,,XP Investimentos CCTVM S/A,GENIAL INSTITUCIONAL CCTVM S.A,,,
2026-03-27T13:03:53.939Z,market,trade,WINFUT,182820.0,1,,,,BTG Pactual CTVM S.A.,GENIAL INSTITUCIONAL CCTVM S.A,,,
2026-03-27T13:03:53.939Z,market,trade,WINFUT,182820.0,2,,,,GENIAL INSTITUCIONAL CCTVM S.A,GENIAL INSTITUCIONAL CCTVM S.A,,,
2026-03-27T13:03:53.939Z,market,trade,WINFUT,182820.0,1,,,,BTG Pactual CTVM S.A.,GENIAL INSTITUCIONAL CCTVM S.A,,,
2026-03-27T13:03:53.939Z,market,trade,WINFUT,182820.0,1,,,,BTG Pactual CTVM S.A.,GENIAL INSTITUCIONAL CCTVM S.A,,,
2026-03-27T13:03:53.939Z,market,trade,WINFUT,182820.0,3,,,,BTG Pactual CTVM S.A.,GENIAL INSTITUCIONAL CCTVM S.A,,,
2026-03-27T13:03:53.939Z,market,trade,WINFUT,182820.0,1,,,,BTG Pactual CTVM S.A.,ATIVA INVESTIMENTOS S.A. CTCV,,,
2026-03-27T13:03:53.939Z,market,trade,WINFUT,182820.0,1,,,,BTG Pactual CTVM S.A.,ATIVA INVESTIMENTOS S.A. CTCV,,,
2026-03-27T13:03:53.939Z,market,trade,WINFUT,182820.0,1,,,,BTG Pactual CTVM S.A.,ATIVA INVESTIMENTOS S.A. CTCV,,,
2026-03-27T13:03:53.939Z,market,trade,WINFUT,182820.0,1,,,,BTG Pactual CTVM S.A.,ATIVA INVESTIMENTOS S.A. CTCV,,,
2026-03-27T13:03:53.939Z,market,trade,WINFUT,182820.0,5,,,,GENIAL INSTITUCIONAL CCTVM S.A,GENIAL INSTITUCIONAL CCTVM S.A,,,
2026-03-27T13:03:53.939Z,market,trade,WINFUT,182820.0,5,,,,GENIAL INSTITUCIONAL CCTVM S.A,GENIAL INSTITUCIONAL CCTVM S.A,,,
2026-03-27T13:03:53.939Z,market,trade,WINFUT,182820.0,3,,,,SANTANDER CORRETORA DE TITULOS E VALORES MOBILIARIOS S.A.,BTG Pactual CTVM S.A.,,,
2026-03-27T13:03:53.939Z,market,trade,WINFUT,182820.0,4,,,,Elliot-Warren,BTG Pactual CTVM S.A.,,,
2026-03-27T13:03:53.939Z,market,trade,WINFUT,182820.0,1,,,,XP Investimentos CCTVM S/A,BTG Pactual CTVM S.A.,,,
2026-03-27T13:03:54.471Z,market,trade,WINFUT,182820.0,3,,,,XP Investimentos CCTVM S/A,BTG Pactual CTVM S.A.,,,
2026-03-27T13:03:54.471Z,market,trade,WINFUT,182820.0,1,,,,SANTANDER CORRETORA DE TITULOS E VALORES MOBILIARIOS S.A.,BTG Pactual CTVM S.A.,,,
2026-03-27T13:03:54.471Z,market,trade,WINFUT,182815.0,5,,,,UBS BRASIL CCTVM S/A,IDEAL CTVM SA,,,
2026-03-27T13:03:54.472Z,market,trade,WINFUT,182815.0,1,,,,XP Investimentos CCTVM S/A,IDEAL CTVM SA,,,
2026-03-27T13:03:54.472Z,market,trade,WINFUT,182815.0,1,,,,XP Investimentos CCTVM S/A,IDEAL CTVM SA,,,
2026-03-27T13:03:54.472Z,market,trade,WINFUT,182815.0,1,,,,XP Investimentos CCTVM S/A,IDEAL CTVM SA,,,
2026-03-27T13:03:54.472Z,market,trade,WINFUT,182820.0,1,,,,UBS BRASIL CCTVM S/A,BTG Pactual CTVM S.A.,,,
2026-03-27T13:03:54.472Z,market,trade,WINFUT,182820.0,1,,,,UBS BRASIL CCTVM S/A,XP Investimentos CCTVM S/A,,,
2026-03-27T13:03:54.472Z,market,trade,WINFUT,182820.0,1,,,,UBS BRASIL CCTVM S/A,XP Investimentos CCTVM S/A,,,
2026-03-27T13:03:54.472Z,market,trade,WINFUT,182820.0,1,,,,UBS BRASIL CCTVM S/A,XP Investimentos CCTVM S/A,,,
2026-03-27T13:03:54.472Z,market,trade,WINFUT,182820.0,2,,,,UBS BRASIL CCTVM S/A,XP Investimentos CCTVM S/A,,,
2026-03-27T13:03:54.472Z,market,trade,WINFUT,182820.0,1,,,,UBS BRASIL CCTVM S/A,XP Investimentos CCTVM S/A,,,
2026-03-27T13:03:54.472Z,market,trade,WINFUT,182820.0,1,,,,UBS BRASIL CCTVM S/A,XP Investimentos CCTVM S/A,,,
2026-03-27T13:03:54.472Z,market,trade,WINFUT,182820.0,1,,,,UBS BRASIL CCTVM S/A,CM Capital Markets CCTVM LTDA,,,
2026-03-27T13:03:54.472Z,market,trade,WINFUT,182820.0,9,,,,UBS BRASIL CCTVM S/A,XP Investimentos CCTVM S/A,,,
2026-03-27T13:03:54.472Z,market,trade,WINFUT,182820.0,1,,,,UBS BRASIL CCTVM S/A,XP Investimentos CCTVM S/A,,,
2026-03-27T13:03:54.472Z,market,trade,WINFUT,182820.0,1,,,,UBS BRASIL CCTVM S/A,SANTANDER CORRETORA DE TITULOS E VALORES MOBILIARIOS S.A.,,,
2026-03-27T13:03:54.472Z,market,trade,WINFUT,182820.0,1,,,,UBS BRASIL CCTVM S/A,SANTANDER CORRETORA DE TITULOS E VALORES MOBILIARIOS S.A.,,,
2026-03-27T13:03:54.472Z,market,trade,WINFUT,182820.0,2,,,,UBS BRASIL CCTVM S/A,XP Investimentos CCTVM S/A,,,
2026-03-27T13:03:54.472Z,market,trade,WINFUT,182820.0,1,,,,UBS BRASIL CCTVM S/A,XP Investimentos CCTVM S/A,,,
2026-03-27T13:03:54.472Z,market,trade,WINFUT,182820.0,1,,,,UBS BRASIL CCTVM S/A,XP Investimentos CCTVM S/A,,,
2026-03-27T13:03:54.472Z,market,trade,WINFUT,182820.0,1,,,,UBS BRASIL CCTVM S/A,XP Investimentos CCTVM S/A,,,
2026-03-27T13:03:54.472Z,market,trade,WINFUT,182820.0,1,,,,UBS BRASIL CCTVM S/A,TERRA INVESTIMENTOS DTVM LTDA,,,
2026-03-27T13:03:54.472Z,market,trade,WINFUT,182820.0,60,,,,UBS BRASIL CCTVM S/A,XP Investimentos CCTVM S/A,,,
2026-03-27T13:03:54.986Z,market,trade,WINFUT,182820.0,2,,,,UBS BRASIL CCTVM S/A,CM Capital Markets CCTVM LTDA,,,
2026-03-27T13:03:54.986Z,market,trade,WINFUT,182820.0,10,,,,UBS BRASIL CCTVM S/A,XP Investimentos CCTVM S/A,,,
2026-03-27T13:03:54.986Z,market,trade,WINFUT,182820.0,10,,,,UBS BRASIL CCTVM S/A,XP Investimentos CCTVM S/A,,,
2026-03-27T13:03:54.986Z,market,trade,WINFUT,182820.0,5,,,,UBS BRASIL CCTVM S/A,GENIAL INSTITUCIONAL CCTVM S.A,,,
2026-03-27T13:03:54.986Z,market,trade,WINFUT,182820.0,1,,,,UBS BRASIL CCTVM S/A,Elliot-Warren,,,
2026-03-27T13:03:54.986Z,market,trade,WINFUT,182820.0,1,,,,UBS BRASIL CCTVM S/A,XP Investimentos CCTVM S/A,,,
2026-03-27T13:03:54.986Z,market,trade,WINFUT,182820.0,1,,,,UBS BRASIL CCTVM S/A,CM Capital Markets CCTVM LTDA,,,
2026-03-27T13:03:54.986Z,market,trade,WINFUT,182820.0,1,,,,UBS BRASIL CCTVM S/A,XP Investimentos CCTVM S/A,,,
2026-03-27T13:03:54.986Z,market,trade,WINFUT,182820.0,1,,,,UBS BRASIL CCTVM S/A,XP Investimentos CCTVM S/A,,,
2026-03-27T13:03:54.987Z,market,trade,WINFUT,182820.0,1,,,,UBS BRASIL CCTVM S/A,GENIAL INSTITUCIONAL CCTVM S.A,,,
2026-03-27T13:03:54.987Z,market,trade,WINFUT,182820.0,1,,,,UBS BRASIL CCTVM S/A,SANTANDER CORRETORA DE TITULOS E VALORES MOBILIARIOS S.A.,,,
2026-03-27T13:03:54.987Z,market,trade,WINFUT,182820.0,1,,,,UBS BRASIL CCTVM S/A,XP Investimentos CCTVM S/A,,,
2026-03-27T13:03:54.987Z,market,trade,WINFUT,182820.0,1,,,,UBS BRASIL CCTVM S/A,XP Investimentos CCTVM S/A,,,
2026-03-27T13:03:54.987Z,market,trade,WINFUT,182820.0,2,,,,UBS BRASIL CCTVM S/A,BTG Pactual CTVM S.A.,,,
2026-03-27T13:03:54.987Z,market,trade,WINFUT,182820.0,2,,,,UBS BRASIL CCTVM S/A,BTG Pactual CTVM S.A.,,,
2026-03-27T13:03:54.987Z,market,trade,WINFUT,182820.0,2,,,,UBS BRASIL CCTVM S/A,BTG Pactual CTVM S.A.,,,
2026-03-27T13:03:54.987Z,market,trade,WINFUT,182820.0,1,,,,UBS BRASIL CCTVM S/A,IDEAL CTVM SA,,,
2026-03-27T13:03:54.987Z,market,trade,WINFUT,182820.0,1,,,,UBS BRASIL CCTVM S/A,AGORA CTVM S/A,,,
2026-03-27T13:03:54.987Z,market,trade,WINFUT,182820.0,5,,,,UBS BRASIL CCTVM S/A,IDEAL CTVM SA,,,
2026-03-27T13:03:54.987Z,market,trade,WINFUT,182815.0,3,,,,IDEAL CTVM SA,IDEAL CTVM SA,,,
2026-03-27T13:03:54.987Z,market,trade,WINFUT,182815.0,2,,,,UBS BRASIL CCTVM S/A,IDEAL CTVM SA,,,
2026-03-27T13:03:54.987Z,market,trade,WINFUT,182815.0,3,,,,UBS BRASIL CCTVM S/A,IDEAL CTVM SA,,,
2026-03-27T13:03:54.987Z,market,trade,WINFUT,182815.0,13,,,,UBS BRASIL CCTVM S/A,BTG Pactual CTVM S.A.,,,
2026-03-27T13:03:54.987Z,market,trade,WINFUT,182815.0,1,,,,AGORA CTVM S/A,BTG Pactual CTVM S.A.,,,
2026-03-27T13:03:54.987Z,market,trade,WINFUT,182815.0,1,,,,BTG Pactual CTVM S.A.,BTG Pactual CTVM S.A.,,,
2026-03-27T13:03:54.987Z,market,trade,WINFUT,182815.0,1,,,,XP Investimentos CCTVM S/A,BTG Pactual CTVM S.A.,,,
2026-03-27T13:03:54.987Z,market,trade,WINFUT,182820.0,3,,,,IDEAL CTVM SA,XP Investimentos CCTVM S/A,,,
2026-03-27T13:03:54.987Z,market,trade,WINFUT,182820.0,1,,,,IDEAL CTVM SA,XP Investimentos CCTVM S/A,,,
2026-03-27T13:03:54.987Z,market,trade,WINFUT,182820.0,2,,,,IDEAL CTVM SA,XP Investimentos CCTVM S/A,,,
2026-03-27T13:03:54.987Z,market,trade,WINFUT,182820.0,3,,,,IDEAL CTVM SA,IDEAL CTVM SA,,,
2026-03-27T13:03:54.987Z,market,trade,WINFUT,182820.0,9,,,,IDEAL CTVM SA,IDEAL CTVM SA,,,
2026-03-27T13:03:54.987Z,market,trade,WINFUT,182820.0,4,,,,BTG Pactual CTVM S.A.,IDEAL CTVM SA,,,
2026-03-27T13:03:54.987Z,market,trade,WINFUT,182820.0,2,,,,IDEAL CTVM SA,IDEAL CTVM SA,,,
2026-03-27T13:03:54.987Z,market,trade,WINFUT,182820.0,3,,,,IDEAL CTVM SA,IDEAL CTVM SA,,,
2026-03-27T13:03:54.988Z,market,trade,WINFUT,182820.0,1,,,,BTG Pactual CTVM S.A.,IDEAL CTVM SA,,,
2026-03-27T13:03:54.988Z,market,trade,WINFUT,182820.0,1,,,,XP Investimentos CCTVM S/A,IDEAL CTVM SA,,,
2026-03-27T13:03:54.988Z,market,trade,WINFUT,182820.0,3,,,,IDEAL CTVM SA,IDEAL CTVM SA,,,
2026-03-27T13:03:54.988Z,market,trade,WINFUT,182820.0,3,,,,UBS BRASIL CCTVM S/A,IDEAL CTVM SA,,,
2026-03-27T13:03:54.988Z,market,trade,WINFUT,182820.0,4,,,,XP Investimentos CCTVM S/A,IDEAL CTVM SA,,,
2026-03-27T13:03:54.988Z,market,trade,WINFUT,182825.0,1,,,,CM Capital Markets CCTVM LTDA,BTG Pactual CTVM S.A.,,,
2026-03-27T13:03:54.988Z,market,trade,WINFUT,182825.0,1,,,,XP Investimentos CCTVM S/A,AGORA CTVM S/A,,,
2026-03-27T13:03:54.988Z,market,trade,WINFUT,182825.0,1,,,,XP Investimentos CCTVM S/A,XP Investimentos CCTVM S/A,,,
2026-03-27T13:03:54.988Z,market,trade,WINFUT,182825.0,1,,,,Elliot-Warren,BTG Pactual CTVM S.A.,,,
2026-03-27T13:03:54.988Z,market,trade,WINFUT,182825.0,1,,,,Elliot-Warren,XP Investimentos CCTVM S/A,,,
2026-03-27T13:03:54.988Z,market,trade,WINFUT,182825.0,3,,,,Elliot-Warren,IDEAL CTVM SA,,,
2026-03-27T13:03:54.988Z,market,trade,WINFUT,182825.0,2,,,,XP Investimentos CCTVM S/A,IDEAL CTVM SA,,,
2026-03-27T13:03:54.988Z,market,trade,WINFUT,182825.0,2,,,,XP Investimentos CCTVM S/A,XP Investimentos CCTVM S/A,,,
2026-03-27T13:03:54.988Z,market,trade,WINFUT,182825.0,1,,,,BTG Pactual CTVM S.A.,GENIAL INSTITUCIONAL CCTVM S.A,,,
2026-03-27T13:03:54.988Z,market,trade,WINFUT,182825.0,1,,,,XP Investimentos CCTVM S/A,BTG Pactual CTVM S.A.,,,
2026-03-27T13:03:54.988Z,market,trade,WINFUT,182825.0,1,,,,XP Investimentos CCTVM S/A,AGORA CTVM S/A,,,
2026-03-27T13:03:54.988Z,market,trade,WINFUT,182825.0,1,,,,CM Capital Markets CCTVM LTDA,AGORA CTVM S/A,,,
2026-03-27T13:03:54.988Z,market,trade,WINFUT,182825.0,1,,,,CM Capital Markets CCTVM LTDA,GENIAL INSTITUCIONAL CCTVM S.A,,,
2026-03-27T13:03:54.988Z,market,trade,WINFUT,182825.0,3,,,,CM Capital Markets CCTVM LTDA,GENIAL INSTITUCIONAL CCTVM S.A,,,
2026-03-27T13:03:54.988Z,market,trade,WINFUT,182825.0,2,,,,CM Capital Markets CCTVM LTDA,AGORA CTVM S/A,,,
2026-03-27T13:03:54.988Z,market,trade,WINFUT,182825.0,3,,,,CM Capital Markets CCTVM LTDA,BTG Pactual CTVM S.A.,,,
2026-03-27T13:03:54.988Z,market,trade,WINFUT,182825.0,1,,,,NOVA FUTURA CTVM LTDA,BTG Pactual CTVM S.A.,,,
2026-03-27T13:03:54.988Z,market,trade,WINFUT,182825.0,1,,,,NOVA FUTURA CTVM LTDA,AGORA CTVM S/A,,,
2026-03-27T13:03:54.988Z,market,trade,WINFUT,182825.0,3,,,,NOVA FUTURA CTVM LTDA,XP Investimentos CCTVM S/A,,,
2026-03-27T13:03:54.988Z,market,trade,WINFUT,182825.0,1,,,,XP Investimentos CCTVM S/A,CM Capital Markets CCTVM LTDA,,,
2026-03-27T13:03:54.988Z,market,trade,WINFUT,182825.0,1,,,,XP Investimentos CCTVM S/A,BTG Pactual CTVM S.A.,,,
2026-03-27T13:03:54.988Z,market,trade,WINFUT,182825.0,1,,,,XP Investimentos CCTVM S/A,BTG Pactual CTVM S.A.,,,
2026-03-27T13:03:54.989Z,market,trade,WINFUT,182825.0,1,,,,GENIAL INSTITUCIONAL CCTVM S.A,BTG Pactual CTVM S.A.,,,
2026-03-27T13:03:54.989Z,market,trade,WINFUT,182825.0,4,,,,BTG Pactual CTVM S.A.,BTG Pactual CTVM S.A.,,,
2026-03-27T13:03:54.989Z,market,trade,WINFUT,182825.0,11,,,,BTG Pactual CTVM S.A.,BTG Pactual CTVM S.A.,,,
2026-03-27T13:03:54.989Z,market,trade,WINFUT,182825.0,1,,,,BTG Pactual CTVM S.A.,GENIAL INSTITUCIONAL CCTVM S.A,,,
2026-03-27T13:03:54.989Z,market,trade,WINFUT,182825.0,1,,,,BTG Pactual CTVM S.A.,SANTANDER CORRETORA DE TITULOS E VALORES MOBILIARIOS S.A.,,,
2026-03-27T13:03:54.989Z,market,trade,WINFUT,182825.0,1,,,,BTG Pactual CTVM S.A.,XP Investimentos CCTVM S/A,,,
2026-03-27T13:03:54.989Z,market,trade,WINFUT,182825.0,1,,,,BTG Pactual CTVM S.A.,XP Investimentos CCTVM S/A,,,
2026-03-27T13:03:54.989Z,market,trade,WINFUT,182825.0,1,,,,BTG Pactual CTVM S.A.,XP Investimentos CCTVM S/A,,,
2026-03-27T13:03:54.989Z,market,trade,WINFUT,182825.0,2,,,,BTG Pactual CTVM S.A.,BTG Pactual CTVM S.A.,,,
2026-03-27T13:03:54.989Z,market,trade,WINFUT,182825.0,5,,,,BTG Pactual CTVM S.A.,XP Investimentos CCTVM S/A,,,
2026-03-27T13:03:54.989Z,market,trade,WINFUT,182825.0,1,,,,BTG Pactual CTVM S.A.,XP Investimentos CCTVM S/A,,,
2026-03-27T13:03:54.989Z,market,trade,WINFUT,182825.0,1,,,,BTG Pactual CTVM S.A.,SANTANDER CORRETORA DE TITULOS E VALORES MOBILIARIOS S.A.,,,
2026-03-27T13:03:54.989Z,market,trade,WINFUT,182825.0,1,,,,BTG Pactual CTVM S.A.,BTG Pactual CTVM S.A.,,,
2026-03-27T13:03:54.989Z,market,trade,WINFUT,182825.0,3,,,,BTG Pactual CTVM S.A.,XP Investimentos CCTVM S/A,,,
2026-03-27T13:03:54.989Z,market,trade,WINFUT,182825.0,1,,,,BTG Pactual CTVM S.A.,XP Investimentos CCTVM S/A,,,
2026-03-27T13:03:54.989Z,market,trade,WINFUT,182825.0,1,,,,BTG Pactual CTVM S.A.,XP Investimentos CCTVM S/A,,,
2026-03-27T13:03:54.989Z,market,trade,WINFUT,182825.0,1,,,,XP Investimentos CCTVM S/A,TERRA INVESTIMENTOS DTVM LTDA,,,
2026-03-27T13:03:54.989Z,market,trade,WINFUT,182825.0,1,,,,XP Investimentos CCTVM S/A,GENIAL INSTITUCIONAL CCTVM S.A,,,
2026-03-27T13:03:54.989Z,market,trade,WINFUT,182825.0,1,,,,XP Investimentos CCTVM S/A,Elliot-Warren,,,
2026-03-27T13:03:54.989Z,market,trade,WINFUT,182825.0,1,,,,XP Investimentos CCTVM S/A,SANTANDER CORRETORA DE TITULOS E VALORES MOBILIARIOS S.A.,,,
2026-03-27T13:03:54.989Z,market,trade,WINFUT,182825.0,1,,,,XP Investimentos CCTVM S/A,BTG Pactual CTVM S.A.,,,
2026-03-27T13:03:54.989Z,market,trade,WINFUT,182825.0,1,,,,XP Investimentos CCTVM S/A,XP Investimentos CCTVM S/A,,,
2026-03-27T13:03:54.990Z,market,trade,WINFUT,182825.0,1,,,,XP Investimentos CCTVM S/A,XP Investimentos CCTVM S/A,,,
2026-03-27T13:03:54.990Z,market,trade,WINFUT,182825.0,1,,,,XP Investimentos CCTVM S/A,XP Investimentos CCTVM S/A,,,
2026-03-27T13:03:54.990Z,market,trade,WINFUT,182825.0,1,,,,XP Investimentos CCTVM S/A,XP Investimentos CCTVM S/A,,,
2026-03-27T13:03:54.990Z,market,trade,WINFUT,182825.0,13,,,,XP Investimentos CCTVM S/A,BTG Pactual CTVM S.A.,,,
2026-03-27T13:03:54.990Z,market,trade,WINFUT,182825.0,12,,,,XP Investimentos CCTVM S/A,BTG Pactual CTVM S.A.,,,
2026-03-27T13:03:54.990Z,market,trade,WINFUT,182825.0,1,,,,XP Investimentos CCTVM S/A,SANTANDER CORRETORA DE TITULOS E VALORES MOBILIARIOS S.A.,,,
2026-03-27T13:03:54.990Z,market,trade,WINFUT,182825.0,1,,,,XP Investimentos CCTVM S/A,Elliot-Warren,,,
2026-03-27T13:03:54.990Z,market,trade,WINFUT,182825.0,1,,,,XP Investimentos CCTVM S/A,XP Investimentos CCTVM S/A,,,
2026-03-27T13:03:54.990Z,market,trade,WINFUT,182825.0,1,,,,XP Investimentos CCTVM S/A,BTG Pactual CTVM S.A.,,,
2026-03-27T13:03:54.990Z,market,trade,WINFUT,182825.0,2,,,,XP Investimentos CCTVM S/A,Elliot-Warren,,,
2026-03-27T13:03:54.990Z,market,trade,WINFUT,182825.0,2,,,,XP Investimentos CCTVM S/A,SANTANDER CORRETORA DE TITULOS E VALORES MOBILIARIOS S.A.,,,
2026-03-27T13:03:54.990Z,market,trade,WINFUT,182825.0,1,,,,XP Investimentos CCTVM S/A,SANTANDER CORRETORA DE TITULOS E VALORES MOBILIARIOS S.A.,,,
2026-03-27T13:03:54.990Z,market,trade,WINFUT,182825.0,3,,,,XP Investimentos CCTVM S/A,BTG Pactual CTVM S.A.,,,
2026-03-27T13:03:54.990Z,market,trade,WINFUT,182825.0,1,,,,XP Investimentos CCTVM S/A,GENIAL INSTITUCIONAL CCTVM S.A,,,
2026-03-27T13:03:54.990Z,market,trade,WINFUT,182825.0,1,,,,XP Investimentos CCTVM S/A,CM Capital Markets CCTVM LTDA,,,
2026-03-27T13:03:54.990Z,market,trade,WINFUT,182825.0,1,,,,XP Investimentos CCTVM S/A,AGORA CTVM S/A,,,
2026-03-27T13:03:54.990Z,market,trade,WINFUT,182825.0,1,,,,GENIAL INSTITUCIONAL CCTVM S.A,IDEAL CTVM SA,,,
2026-03-27T13:03:55.550Z,market,trade,WINFUT,182825.0,1,,,,XP Investimentos CCTVM S/A,IDEAL CTVM SA,,,
2026-03-27T13:03:55.551Z,market,trade,WINFUT,182825.0,1,,,,XP Investimentos CCTVM S/A,IDEAL CTVM SA,,,
2026-03-27T13:03:55.551Z,market,trade,WINFUT,182825.0,1,,,,XP Investimentos CCTVM S/A,IDEAL CTVM SA,,,
2026-03-27T13:03:55.551Z,market,trade,WINFUT,182825.0,1,,,,XP Investimentos CCTVM S/A,IDEAL CTVM SA,,,
2026-03-27T13:03:55.551Z,market,trade,WINFUT,182825.0,5,,,,XP Investimentos CCTVM S/A,IDEAL CTVM SA,,,
2026-03-27T13:03:55.551Z,market,trade,WINFUT,182825.0,2,,,,BTG Pactual CTVM S.A.,IDEAL CTVM SA,,,
2026-03-27T13:03:55.551Z,market,trade,WINFUT,182825.0,1,,,,BTG Pactual CTVM S.A.,IDEAL CTVM SA,,,
2026-03-27T13:03:55.551Z,market,trade,WINFUT,182825.0,2,,,,XP Investimentos CCTVM S/A,IDEAL CTVM SA,,,
2026-03-27T13:03:55.551Z,market,trade,WINFUT,182825.0,1,,,,XP Investimentos CCTVM S/A,IDEAL CTVM SA,,,
2026-03-27T13:03:55.551Z,market,trade,WINFUT,182825.0,3,,,,XP Investimentos CCTVM S/A,IDEAL CTVM SA,,,
2026-03-27T13:03:55.551Z,market,trade,WINFUT,182830.0,1,,,,XP Investimentos CCTVM S/A,BTG Pactual CTVM S.A.,,,
2026-03-27T13:03:55.551Z,market,trade,WINFUT,182830.0,1,,,,BTG Pactual CTVM S.A.,UBS BRASIL CCTVM S/A,,,
2026-03-27T13:03:55.551Z,market,trade,WINFUT,182830.0,1,,,,BTG Pactual CTVM S.A.,UBS BRASIL CCTVM S/A,,,
2026-03-27T13:03:55.551Z,market,trade,WINFUT,182830.0,1,,,,BTG Pactual CTVM S.A.,UBS BRASIL CCTVM S/A,,,
2026-03-27T13:03:55.551Z,market,trade,WINFUT,182830.0,1,,,,XP Investimentos CCTVM S/A,UBS BRASIL CCTVM S/A,,,
2026-03-27T13:03:55.551Z,market,trade,WINFUT,182830.0,1,,,,XP Investimentos CCTVM S/A,UBS BRASIL CCTVM S/A,,,
2026-03-27T13:03:55.551Z,market,trade,WINFUT,182830.0,1,,,,BTG Pactual CTVM S.A.,UBS BRASIL CCTVM S/A,,,
2026-03-27T13:03:55.551Z,market,trade,WINFUT,182830.0,5,,,,XP Investimentos CCTVM S/A,UBS BRASIL CCTVM S/A,,,
2026-03-27T13:03:55.551Z,market,trade,WINFUT,182830.0,1,,,,XP Investimentos CCTVM S/A,UBS BRASIL CCTVM S/A,,,
2026-03-27T13:03:55.551Z,market,trade,WINFUT,182830.0,1,,,,XP Investimentos CCTVM S/A,UBS BRASIL CCTVM S/A,,,
2026-03-27T13:03:55.551Z,market,trade,WINFUT,182830.0,1,,,,XP Investimentos CCTVM S/A,UBS BRASIL CCTVM S/A,,,
2026-03-27T13:03:55.551Z,market,trade,WINFUT,182830.0,1,,,,XP Investimentos CCTVM S/A,UBS BRASIL CCTVM S/A,,,
2026-03-27T13:03:55.551Z,market,trade,WINFUT,182830.0,1,,,,XP Investimentos CCTVM S/A,UBS BRASIL CCTVM S/A,,,
2026-03-27T13:03:55.552Z,market,trade,WINFUT,182830.0,1,,,,XP Investimentos CCTVM S/A,UBS BRASIL CCTVM S/A,,,
2026-03-27T13:03:55.552Z,market,trade,WINFUT,182830.0,1,,,,XP Investimentos CCTVM S/A,UBS BRASIL CCTVM S/A,,,
2026-03-27T13:03:55.552Z,market,trade,WINFUT,182830.0,3,,,,GENIAL INSTITUCIONAL CCTVM S.A,XP Investimentos CCTVM S/A,,,
2026-03-27T13:03:55.552Z,market,trade,WINFUT,182830.0,1,,,,XP Investimentos CCTVM S/A,XP Investimentos CCTVM S/A,,,
2026-03-27T13:03:55.552Z,market,trade,WINFUT,182830.0,1,,,,XP Investimentos CCTVM S/A,XP Investimentos CCTVM S/A,,,
2026-03-27T13:03:55.552Z,market,trade,WINFUT,182830.0,1,,,,XP Investimentos CCTVM S/A,XP Investimentos CCTVM S/A,,,
2026-03-27T13:03:55.552Z,market,trade,WINFUT,182830.0,1,,,,XP Investimentos CCTVM S/A,BTG Pactual CTVM S.A.,,,
2026-03-27T13:03:55.552Z,market,trade,WINFUT,182830.0,1,,,,XP Investimentos CCTVM S/A,BTG Pactual CTVM S.A.,,,
2026-03-27T13:03:55.552Z,market,trade,WINFUT,182830.0,1,,,,BTG Pactual CTVM S.A.,BTG Pactual CTVM S.A.,,,
2026-03-27T13:03:55.552Z,market,trade,WINFUT,182830.0,1,,,,XP Investimentos CCTVM S/A,BTG Pactual CTVM S.A.,,,
2026-03-27T13:03:55.552Z,market,trade,WINFUT,182830.0,1,,,,XP Investimentos CCTVM S/A,BTG Pactual CTVM S.A.,,,
2026-03-27T13:03:55.552Z,market,trade,WINFUT,182830.0,1,,,,XP Investimentos CCTVM S/A,GENIAL INSTITUCIONAL CCTVM S.A,,,
2026-03-27T13:03:55.552Z,market,trade,WINFUT,182830.0,1,,,,INTER DTVM LTDA,GENIAL INSTITUCIONAL CCTVM S.A,,,
2026-03-27T13:03:55.552Z,market,trade,WINFUT,182830.0,10,,,,XP Investimentos CCTVM S/A,GENIAL INSTITUCIONAL CCTVM S.A,,,
2026-03-27T13:03:55.552Z,market,trade,WINFUT,182830.0,2,,,,GENIAL INSTITUCIONAL CCTVM S.A,GENIAL INSTITUCIONAL CCTVM S.A,,,
2026-03-27T13:03:55.552Z,market,trade,WINFUT,182830.0,2,,,,GENIAL INSTITUCIONAL CCTVM S.A,GENIAL INSTITUCIONAL CCTVM S.A,,,
2026-03-27T13:03:55.552Z,market,trade,WINFUT,182830.0,8,,,,XP Investimentos CCTVM S/A,GENIAL INSTITUCIONAL CCTVM S.A,,,
2026-03-27T13:03:55.552Z,market,trade,WINFUT,182830.0,1,,,,CM Capital Markets CCTVM LTDA,GENIAL INSTITUCIONAL CCTVM S.A,,,
2026-03-27T13:03:55.552Z,market,trade,WINFUT,182830.0,1,,,,CM Capital Markets CCTVM LTDA,GENIAL INSTITUCIONAL CCTVM S.A,,,
2026-03-27T13:03:55.552Z,market,trade,WINFUT,182830.0,1,,,,INTER DTVM LTDA,GENIAL INSTITUCIONAL CCTVM S.A,,,
2026-03-27T13:03:55.552Z,market,trade,WINFUT,182830.0,1,,,,BTG Pactual CTVM S.A.,GENIAL INSTITUCIONAL CCTVM S.A,,,
2026-03-27T13:03:55.552Z,market,trade,WINFUT,182830.0,1,,,,XP Investimentos CCTVM S/A,GENIAL INSTITUCIONAL CCTVM S.A,,,
2026-03-27T13:03:55.552Z,market,trade,WINFUT,182830.0,1,,,,Elliot-Warren,GENIAL INSTITUCIONAL CCTVM S.A,,,
2026-03-27T13:03:55.552Z,market,trade,WINFUT,182830.0,5,,,,BTG Pactual CTVM S.A.,GENIAL INSTITUCIONAL CCTVM S.A,,,
2026-03-27T13:03:55.552Z,market,trade,WINFUT,182830.0,1,,,,BTG Pactual CTVM S.A.,GENIAL INSTITUCIONAL CCTVM S.A,,,
2026-03-27T13:03:55.552Z,market,trade,WINFUT,182830.0,1,,,,BTG Pactual CTVM S.A.,XP Investimentos CCTVM S/A,,,
2026-03-27T13:03:55.552Z,market,trade,WINFUT,182830.0,1,,,,BTG Pactual CTVM S.A.,BTG Pactual CTVM S.A.,,,
2026-03-27T13:03:55.552Z,market,trade,WINFUT,182830.0,1,,,,BTG Pactual CTVM S.A.,IDEAL CTVM SA,,,
2026-03-27T13:03:55.553Z,market,trade,WINFUT,182830.0,3,,,,XP Investimentos CCTVM S/A,IDEAL CTVM SA,,,
2026-03-27T13:03:55.553Z,market,trade,WINFUT,182830.0,1,,,,BTG Pactual CTVM S.A.,IDEAL CTVM SA,,,
2026-03-27T13:03:55.553Z,market,trade,WINFUT,182830.0,1,,,,GENIAL INSTITUCIONAL CCTVM S.A,XP Investimentos CCTVM S/A,,,
2026-03-27T13:03:55.553Z,market,trade,WINFUT,182830.0,1,,,,XP Investimentos CCTVM S/A,XP Investimentos CCTVM S/A,,,
2026-03-27T13:03:55.553Z,market,trade,WINFUT,182830.0,1,,,,GENIAL INSTITUCIONAL CCTVM S.A,GENIAL INSTITUCIONAL CCTVM S.A,,,
2026-03-27T13:03:55.553Z,market,trade,WINFUT,182830.0,1,,,,GENIAL INSTITUCIONAL CCTVM S.A,XP Investimentos CCTVM S/A,,,
2026-03-27T13:03:55.553Z,market,trade,WINFUT,182830.0,1,,,,GENIAL INSTITUCIONAL CCTVM S.A,GENIAL INSTITUCIONAL CCTVM S.A,,,
2026-03-27T13:03:55.553Z,market,trade,WINFUT,182830.0,1,,,,BTG Pactual CTVM S.A.,GENIAL INSTITUCIONAL CCTVM S.A,,,
2026-03-27T13:03:55.553Z,market,trade,WINFUT,182830.0,1,,,,XP Investimentos CCTVM S/A,XP Investimentos CCTVM S/A,,,
2026-03-27T13:03:55.553Z,market,trade,WINFUT,182830.0,1,,,,BTG Pactual CTVM S.A.,AGORA CTVM S/A,,,
2026-03-27T13:03:55.553Z,market,trade,WINFUT,182830.0,1,,,,BTG Pactual CTVM S.A.,AGORA CTVM S/A,,,
2026-03-27T13:03:55.553Z,market,trade,WINFUT,182830.0,1,,,,BTG Pactual CTVM S.A.,BTG Pactual CTVM S.A.,,,
2026-03-27T13:03:55.553Z,market,trade,WINFUT,182830.0,2,,,,BTG Pactual CTVM S.A.,UBS BRASIL CCTVM S/A,,,
2026-03-27T13:03:55.553Z,market,trade,WINFUT,182830.0,2,,,,GENIAL INSTITUCIONAL CCTVM S.A,UBS BRASIL CCTVM S/A,,,
2026-03-27T13:03:55.553Z,market,trade,WINFUT,182825.0,10,,,,ATIVA INVESTIMENTOS S.A. CTCV,ATIVA INVESTIMENTOS S.A. CTCV,,,
2026-03-27T13:03:55.553Z,market,trade,WINFUT,182820.0,4,,,,XP Investimentos CCTVM S/A,IDEAL CTVM SA,,,
2026-03-27T13:03:55.553Z,market,trade,WINFUT,182820.0,1,,,,XP Investimentos CCTVM S/A,IDEAL CTVM SA,,,
2026-03-27T13:03:55.553Z,market,trade,WINFUT,182820.0,3,,,,IDEAL CTVM SA,IDEAL CTVM SA,,,
2026-03-27T13:03:55.553Z,market,trade,WINFUT,182820.0,1,,,,BTG Pactual CTVM S.A.,IDEAL CTVM SA,,,
2026-03-27T13:03:55.553Z,market,trade,WINFUT,182820.0,1,,,,BTG Pactual CTVM S.A.,UBS BRASIL CCTVM S/A,,,
2026-03-27T13:03:55.553Z,market,trade,WINFUT,182820.0,1,,,,XP Investimentos CCTVM S/A,UBS BRASIL CCTVM S/A,,,
2026-03-27T13:03:55.553Z,market,trade,WINFUT,182820.0,4,,,,XP Investimentos CCTVM S/A,UBS BRASIL CCTVM S/A,,,
2026-03-27T13:03:55.553Z,market,trade,WINFUT,182820.0,4,,,,GENIAL INSTITUCIONAL CCTVM S.A,UBS BRASIL CCTVM S/A,,,
2026-03-27T13:03:55.553Z,market,trade,WINFUT,182820.0,2,,,,IDEAL CTVM SA,UBS BRASIL CCTVM S/A,,,
2026-03-27T13:03:55.553Z,market,trade,WINFUT,182820.0,4,,,,UBS BRASIL CCTVM S/A,UBS BRASIL CCTVM S/A,,,
2026-03-27T13:03:55.553Z,market,trade,WINFUT,182820.0,2,,,,BTG Pactual CTVM S.A.,UBS BRASIL CCTVM S/A,,,
2026-03-27T13:03:55.553Z,market,trade,WINFUT,182820.0,3,,,,IDEAL CTVM SA,GENIAL INSTITUCIONAL CCTVM S.A,,,
2026-03-27T13:03:55.553Z,market,trade,WINFUT,182820.0,3,,,,IDEAL CTVM SA,GENIAL INSTITUCIONAL CCTVM S.A,,,
2026-03-27T13:03:55.553Z,market,trade,WINFUT,182820.0,1,,,,XP Investimentos CCTVM S/A,IDEAL CTVM SA,,,
2026-03-27T13:03:55.553Z,market,trade,WINFUT,182820.0,1,,,,BTG Pactual CTVM S.A.,IDEAL CTVM SA,,,
2026-03-27T13:03:55.553Z,market,trade,WINFUT,182820.0,3,,,,XP Investimentos CCTVM S/A,IDEAL CTVM SA,,,
2026-03-27T13:03:55.553Z,market,trade,WINFUT,182820.0,1,,,,XP Investimentos CCTVM S/A,IDEAL CTVM SA,,,
2026-03-27T13:03:55.553Z,market,trade,WINFUT,182815.0,1,,,,XP Investimentos CCTVM S/A,XP Investimentos CCTVM S/A,,,
2026-03-27T13:03:55.553Z,market,trade,WINFUT,182815.0,1,,,,XP Investimentos CCTVM S/A,XP Investimentos CCTVM S/A,,,
2026-03-27T13:03:55.554Z,market,trade,WINFUT,182820.0,3,,,,GOLDMAN SACHS DO BRASIL CTVM,BTG Pactual CTVM S.A.,,,
2026-03-27T13:03:55.554Z,market,trade,WINFUT,182815.0,4,,,,XP Investimentos CCTVM S/A,XP Investimentos CCTVM S/A,,,
2026-03-27T13:03:55.554Z,market,trade,WINFUT,182820.0,2,,,,XP Investimentos CCTVM S/A,XP Investimentos CCTVM S/A,,,
2026-03-27T13:03:55.554Z,market,trade,WINFUT,182820.0,1,,,,XP Investimentos CCTVM S/A,XP Investimentos CCTVM S/A,,,
2026-03-27T13:03:55.554Z,market,trade,WINFUT,182820.0,1,,,,XP Investimentos CCTVM S/A,XP Investimentos CCTVM S/A,,,
2026-03-27T13:03:55.554Z,market,trade,WINFUT,182820.0,1,,,,SANTANDER CORRETORA DE TITULOS E VALORES MOBILIARIOS S.A.,SANTANDER CORRETORA DE TITULOS E VALORES MOBILIARIOS S.A.,,,
2026-03-27T13:03:55.554Z,market,trade,WINFUT,182820.0,1,,,,XP Investimentos CCTVM S/A,XP Investimentos CCTVM S/A,,,
2026-03-27T13:03:55.554Z,market,trade,WINFUT,182820.0,1,,,,SANTANDER CORRETORA DE TITULOS E VALORES MOBILIARIOS S.A.,SANTANDER CORRETORA DE TITULOS E VALORES MOBILIARIOS S.A.,,,
2026-03-27T13:03:55.554Z,market,trade,WINFUT,182820.0,1,,,,SANTANDER CORRETORA DE TITULOS E VALORES MOBILIARIOS S.A.,BTG Pactual CTVM S.A.,,,
2026-03-27T13:03:55.554Z,market,trade,WINFUT,182820.0,3,,,,SANTANDER CORRETORA DE TITULOS E VALORES MOBILIARIOS S.A.,BTG Pactual CTVM S.A.,,,
2026-03-27T13:03:55.554Z,market,trade,WINFUT,182820.0,1,,,,CM Capital Markets CCTVM LTDA,BTG Pactual CTVM S.A.,,,
2026-03-27T13:03:55.554Z,market,trade,WINFUT,182820.0,1,,,,SANTANDER CORRETORA DE TITULOS E VALORES MOBILIARIOS S.A.,BTG Pactual CTVM S.A.,,,
2026-03-27T13:03:55.554Z,market,trade,WINFUT,182820.0,1,,,,SANTANDER CORRETORA DE TITULOS E VALORES MOBILIARIOS S.A.,BTG Pactual CTVM S.A.,,,
2026-03-27T13:03:55.554Z,market,trade,WINFUT,182820.0,1,,,,INTER DTVM LTDA,INTER DTVM LTDA,,,
2026-03-27T13:03:55.554Z,market,trade,WINFUT,182820.0,1,,,,SANTANDER CORRETORA DE TITULOS E VALORES MOBILIARIOS S.A.,BTG Pactual CTVM S.A.,,,
2026-03-27T13:03:56.072Z,market,trade,WINFUT,182820.0,10,,,,XP Investimentos CCTVM S/A,XP Investimentos CCTVM S/A,,,
2026-03-27T13:03:56.072Z,market,trade,WINFUT,182815.0,3,,,,BTG Pactual CTVM S.A.,BTG Pactual CTVM S.A.,,,
2026-03-27T13:03:56.072Z,market,trade,WINFUT,182820.0,5,,,,SANTANDER CORRETORA DE TITULOS E VALORES MOBILIARIOS S.A.,BTG Pactual CTVM S.A.,,,
2026-03-27T13:03:56.072Z,market,trade,WINFUT,182820.0,1,,,,SANTANDER CORRETORA DE TITULOS E VALORES MOBILIARIOS S.A.,BTG Pactual CTVM S.A.,,,
2026-03-27T13:03:56.072Z,market,trade,WINFUT,182820.0,3,,,,ATIVA INVESTIMENTOS S.A. CTCV,ATIVA INVESTIMENTOS S.A. CTCV,,,
2026-03-27T13:03:56.072Z,market,trade,WINFUT,182820.0,1,,,,XP Investimentos CCTVM S/A,XP Investimentos CCTVM S/A,,,
2026-03-27T13:03:56.072Z,market,trade,WINFUT,182820.0,1,,,,SANTANDER CORRETORA DE TITULOS E VALORES MOBILIARIOS S.A.,BTG Pactual CTVM S.A.,,,
2026-03-27T13:03:56.072Z,market,trade,WINFUT,182815.0,1,,,,BTG Pactual CTVM S.A.,IDEAL CTVM SA,,,
2026-03-27T13:03:56.072Z,market,trade,WINFUT,182815.0,4,,,,UBS BRASIL CCTVM S/A,IDEAL CTVM SA,,,
2026-03-27T13:03:56.072Z,market,trade,WINFUT,182815.0,4,,,,BTG Pactual CTVM S.A.,IDEAL CTVM SA,,,
2026-03-27T13:03:56.072Z,market,trade,WINFUT,182815.0,1,,,,AGORA CTVM S/A,IDEAL CTVM SA,,,
2026-03-27T13:03:56.072Z,market,trade,WINFUT,182815.0,3,,,,IDEAL CTVM SA,IDEAL CTVM SA,,,
2026-03-27T13:03:56.072Z,market,trade,WINFUT,182815.0,1,,,,AGORA CTVM S/A,IDEAL CTVM SA,,,
2026-03-27T13:03:56.072Z,market,trade,WINFUT,182815.0,1,,,,BTG Pactual CTVM S.A.,IDEAL CTVM SA,,,
2026-03-27T13:03:56.072Z,market,trade,WINFUT,182815.0,1,,,,AGORA CTVM S/A,IDEAL CTVM SA,,,
2026-03-27T13:03:56.073Z,market,trade,WINFUT,182815.0,1,,,,XP Investimentos CCTVM S/A,IDEAL CTVM SA,,,
2026-03-27T13:03:56.073Z,market,trade,WINFUT,182815.0,1,,,,XP Investimentos CCTVM S/A,IDEAL CTVM SA,,,
2026-03-27T13:03:56.073Z,market,trade,WINFUT,182815.0,1,,,,AGORA CTVM S/A,IDEAL CTVM SA,,,
2026-03-27T13:03:56.073Z,market,trade,WINFUT,182815.0,1,,,,SANTANDER CORRETORA DE TITULOS E VALORES MOBILIARIOS S.A.,XP Investimentos CCTVM S/A,,,
2026-03-27T13:03:56.073Z,market,trade,WINFUT,182815.0,10,,,,BTG Pactual CTVM S.A.,IDEAL CTVM SA,,,
2026-03-27T13:03:56.073Z,market,trade,WINFUT,182815.0,3,,,,BTG Pactual CTVM S.A.,XP Investimentos CCTVM S/A,,,
2026-03-27T13:03:56.073Z,market,trade,WINFUT,182815.0,7,,,,BTG Pactual CTVM S.A.,IDEAL CTVM SA,,,
2026-03-27T13:03:56.074Z,market,trade,WINFUT,182815.0,1,,,,BTG Pactual CTVM S.A.,BTG Pactual CTVM S.A.,,,
2026-03-27T13:03:56.074Z,market,trade,WINFUT,182815.0,9,,,,BTG Pactual CTVM S.A.,IDEAL CTVM SA,,,
2026-03-27T13:03:56.074Z,market,trade,WINFUT,182815.0,9,,,,BTG Pactual CTVM S.A.,IDEAL CTVM SA,,,
2026-03-27T13:03:56.074Z,market,trade,WINFUT,182815.0,1,,,,BTG Pactual CTVM S.A.,UBS BRASIL CCTVM S/A,,,
2026-03-27T13:03:56.074Z,market,trade,WINFUT,182815.0,1,,,,SANTANDER CORRETORA DE TITULOS E VALORES MOBILIARIOS S.A.,XP Investimentos CCTVM S/A,,,
2026-03-27T13:03:56.074Z,market,trade,WINFUT,182815.0,1,,,,SANTANDER CORRETORA DE TITULOS E VALORES MOBILIARIOS S.A.,AGORA CTVM S/A,,,
2026-03-27T13:03:56.074Z,market,trade,WINFUT,182815.0,4,,,,SANTANDER CORRETORA DE TITULOS E VALORES MOBILIARIOS S.A.,UBS BRASIL CCTVM S/A,,,
2026-03-27T13:03:56.074Z,market,trade,WINFUT,182815.0,6,,,,SANTANDER CORRETORA DE TITULOS E VALORES MOBILIARIOS S.A.,UBS BRASIL CCTVM S/A,,,
2026-03-27T13:03:56.074Z,market,trade,WINFUT,182810.0,1,,,,GENIAL INSTITUCIONAL CCTVM S.A,GENIAL INSTITUCIONAL CCTVM S.A,,,
2026-03-27T13:03:56.074Z,market,trade,WINFUT,182815.0,5,,,,GENIAL INSTITUCIONAL CCTVM S.A,GENIAL INSTITUCIONAL CCTVM S.A,,,
2026-03-27T13:03:56.074Z,market,trade,WINFUT,182810.0,10,,,,XP Investimentos CCTVM S/A,XP Investimentos CCTVM S/A,,,
2026-03-27T13:03:56.074Z,market,trade,WINFUT,182815.0,1,,,,BTG Pactual CTVM S.A.,UBS BRASIL CCTVM S/A,,,
2026-03-27T13:03:56.074Z,market,trade,WINFUT,182815.0,1,,,,SANTANDER CORRETORA DE TITULOS E VALORES MOBILIARIOS S.A.,UBS BRASIL CCTVM S/A,,,
2026-03-27T13:03:56.074Z,market,trade,WINFUT,182815.0,1,,,,SANTANDER CORRETORA DE TITULOS E VALORES MOBILIARIOS S.A.,UBS BRASIL CCTVM S/A,,,
2026-03-27T13:03:56.074Z,market,trade,WINFUT,182815.0,1,,,,SANTANDER CORRETORA DE TITULOS E VALORES MOBILIARIOS S.A.,UBS BRASIL CCTVM S/A,,,
2026-03-27T13:03:56.074Z,market,trade,WINFUT,182815.0,3,,,,SANTANDER CORRETORA DE TITULOS E VALORES MOBILIARIOS S.A.,UBS BRASIL CCTVM S/A,,,
2026-03-27T13:03:56.074Z,market,trade,WINFUT,182815.0,1,,,,SANTANDER CORRETORA DE TITULOS E VALORES MOBILIARIOS S.A.,UBS BRASIL CCTVM S/A,,,
2026-03-27T13:03:56.074Z,market,trade,WINFUT,182815.0,1,,,,SANTANDER CORRETORA DE TITULOS E VALORES MOBILIARIOS S.A.,AGORA CTVM S/A,,,
2026-03-27T13:03:56.074Z,market,trade,WINFUT,182815.0,1,,,,SANTANDER CORRETORA DE TITULOS E VALORES MOBILIARIOS S.A.,IDEAL CTVM SA,,,
2026-03-27T13:03:56.074Z,market,trade,WINFUT,182815.0,1,,,,SANTANDER CORRETORA DE TITULOS E VALORES MOBILIARIOS S.A.,AGORA CTVM S/A,,,
2026-03-27T13:03:56.075Z,market,trade,WINFUT,182815.0,1,,,,SANTANDER CORRETORA DE TITULOS E VALORES MOBILIARIOS S.A.,BTG Pactual CTVM S.A.,,,
2026-03-27T13:03:56.075Z,market,trade,WINFUT,182820.0,5,,,,SANTANDER CORRETORA DE TITULOS E VALORES MOBILIARIOS S.A.,BTG Pactual CTVM S.A.,,,
2026-03-27T13:03:56.075Z,market,trade,WINFUT,182815.0,1,,,,SANTANDER CORRETORA DE TITULOS E VALORES MOBILIARIOS S.A.,IDEAL CTVM SA,,,
2026-03-27T13:03:56.075Z,market,trade,WINFUT,182815.0,1,,,,SANTANDER CORRETORA DE TITULOS E VALORES MOBILIARIOS S.A.,IDEAL CTVM SA,,,
2026-03-27T13:03:56.075Z,market,trade,WINFUT,182815.0,10,,,,XP Investimentos CCTVM S/A,XP Investimentos CCTVM S/A,,,
2026-03-27T13:03:56.075Z,market,trade,WINFUT,182815.0,3,,,,SANTANDER CORRETORA DE TITULOS E VALORES MOBILIARIOS S.A.,IDEAL CTVM SA,,,
2026-03-27T13:03:56.075Z,market,trade,WINFUT,182815.0,2,,,,SANTANDER CORRETORA DE TITULOS E VALORES MOBILIARIOS S.A.,IDEAL CTVM SA,,,
2026-03-27T13:03:56.075Z,market,trade,WINFUT,182815.0,3,,,,GENIAL INSTITUCIONAL CCTVM S.A,IDEAL CTVM SA,,,
2026-03-27T13:03:56.075Z,market,trade,WINFUT,182815.0,1,,,,GENIAL INSTITUCIONAL CCTVM S.A,AGORA CTVM S/A,,,
2026-03-27T13:03:56.075Z,market,trade,WINFUT,182815.0,7,,,,GENIAL INSTITUCIONAL CCTVM S.A,UBS BRASIL CCTVM S/A,,,
2026-03-27T13:03:56.075Z,market,trade,WINFUT,182810.0,1,,,,CM Capital Markets CCTVM LTDA,CM Capital Markets CCTVM LTDA,,,
2026-03-27T13:03:56.075Z,market,trade,WINFUT,182815.0,1,,,,SANTANDER CORRETORA DE TITULOS E VALORES MOBILIARIOS S.A.,UBS BRASIL CCTVM S/A,,,
2026-03-27T13:03:56.075Z,market,trade,WINFUT,182815.0,4,,,,SANTANDER CORRETORA DE TITULOS E VALORES MOBILIARIOS S.A.,UBS BRASIL CCTVM S/A,,,
2026-03-27T13:03:56.075Z,market,trade,WINFUT,182810.0,1,,,,SANTANDER CORRETORA DE TITULOS E VALORES MOBILIARIOS S.A.,SANTANDER CORRETORA DE TITULOS E VALORES MOBILIARIOS S.A.,,,
2026-03-27T13:03:56.075Z,market,trade,WINFUT,182815.0,2,,,,SANTANDER CORRETORA DE TITULOS E VALORES MOBILIARIOS S.A.,UBS BRASIL CCTVM S/A,,,
2026-03-27T13:03:56.075Z,market,trade,WINFUT,182815.0,1,,,,GENIAL INSTITUCIONAL CCTVM S.A,UBS BRASIL CCTVM S/A,,,
2026-03-27T13:03:56.075Z,market,trade,WINFUT,182815.0,1,,,,GOLDMAN SACHS DO BRASIL CTVM,UBS BRASIL CCTVM S/A,,,
2026-03-27T13:03:56.075Z,market,trade,WINFUT,182815.0,4,,,,XP Investimentos CCTVM S/A,XP Investimentos CCTVM S/A,,,
2026-03-27T13:03:56.075Z,market,trade,WINFUT,182815.0,1,,,,XP Investimentos CCTVM S/A,UBS BRASIL CCTVM S/A,,,
2026-03-27T13:03:56.075Z,market,trade,WINFUT,182810.0,5,,,,GENIAL INSTITUCIONAL CCTVM S.A,GENIAL INSTITUCIONAL CCTVM S.A,,,
2026-03-27T13:03:56.075Z,market,trade,WINFUT,182815.0,1,,,,GENIAL INSTITUCIONAL CCTVM S.A,UBS BRASIL CCTVM S/A,,,
2026-03-27T13:03:56.075Z,market,trade,WINFUT,182815.0,1,,,,GENIAL INSTITUCIONAL CCTVM S.A,AGORA CTVM S/A,,,
2026-03-27T13:03:56.075Z,market,trade,WINFUT,182815.0,1,,,,SANTANDER CORRETORA DE TITULOS E VALORES MOBILIARIOS S.A.,IDEAL CTVM SA,,,
2026-03-27T13:03:56.075Z,market,trade,WINFUT,182815.0,1,,,,SANTANDER CORRETORA DE TITULOS E VALORES MOBILIARIOS S.A.,BTG Pactual CTVM S.A.,,,
2026-03-27T13:03:56.075Z,market,trade,WINFUT,182815.0,1,,,,SANTANDER CORRETORA DE TITULOS E VALORES MOBILIARIOS S.A.,AGORA CTVM S/A,,,
2026-03-27T13:03:56.075Z,market,trade,WINFUT,182820.0,7,,,,SANTANDER CORRETORA DE TITULOS E VALORES MOBILIARIOS S.A.,BTG Pactual CTVM S.A.,,,
2026-03-27T13:03:56.076Z,market,trade,WINFUT,182815.0,1,,,,BTG Pactual CTVM S.A.,GENIAL INSTITUCIONAL CCTVM S.A,,,
2026-03-27T13:03:56.076Z,market,trade,WINFUT,182815.0,14,,,,XP Investimentos CCTVM S/A,XP Investimentos CCTVM S/A,,,
2026-03-27T13:03:56.076Z,market,trade,WINFUT,182815.0,9,,,,XP Investimentos CCTVM S/A,GENIAL INSTITUCIONAL CCTVM S.A,,,
2026-03-27T13:03:56.076Z,market,trade,WINFUT,182815.0,4,,,,XP Investimentos CCTVM S/A,XP Investimentos CCTVM S/A,,,
2026-03-27T13:03:56.076Z,market,trade,WINFUT,182815.0,1,,,,XP Investimentos CCTVM S/A,AGORA CTVM S/A,,,
2026-03-27T13:03:56.076Z,market,trade,WINFUT,182815.0,1,,,,XP Investimentos CCTVM S/A,XP Investimentos CCTVM S/A,,,
2026-03-27T13:03:56.076Z,market,trade,WINFUT,182815.0,18,,,,XP Investimentos CCTVM S/A,UBS BRASIL CCTVM S/A,,,
2026-03-27T13:03:56.076Z,market,trade,WINFUT,182815.0,3,,,,XP Investimentos CCTVM S/A,IDEAL CTVM SA,,,
2026-03-27T13:03:56.076Z,market,trade,WINFUT,182810.0,1,,,,UBS BRASIL CCTVM S/A,GENIAL INSTITUCIONAL CCTVM S.A,,,
2026-03-27T13:03:56.076Z,market,trade,WINFUT,182810.0,1,,,,XP Investimentos CCTVM S/A,XP Investimentos CCTVM S/A,,,
2026-03-27T13:03:56.076Z,market,trade,WINFUT,182810.0,1,,,,GENIAL INSTITUCIONAL CCTVM S.A,GENIAL INSTITUCIONAL CCTVM S.A,,,
2026-03-27T13:03:56.076Z,market,trade,WINFUT,182810.0,2,,,,BTG Pactual CTVM S.A.,BTG Pactual CTVM S.A.,,,
2026-03-27T13:03:56.076Z,market,trade,WINFUT,182815.0,1,,,,XP Investimentos CCTVM S/A,XP Investimentos CCTVM S/A,,,
2026-03-27T13:03:56.076Z,market,trade,WINFUT,182815.0,2,,,,BTG Pactual CTVM S.A.,AGORA CTVM S/A,,,
2026-03-27T13:03:56.076Z,market,trade,WINFUT,182815.0,1,,,,BTG Pactual CTVM S.A.,AGORA CTVM S/A,,,
2026-03-27T13:03:56.076Z,market,trade,WINFUT,182815.0,1,,,,BTG Pactual CTVM S.A.,AGORA CTVM S/A,,,
2026-03-27T13:03:56.076Z,market,trade,WINFUT,182815.0,1,,,,BTG Pactual CTVM S.A.,BTG Pactual CTVM S.A.,,,
2026-03-27T13:03:56.076Z,market,trade,WINFUT,182810.0,1,,,,XP Investimentos CCTVM S/A,XP Investimentos CCTVM S/A,,,
2026-03-27T13:03:56.076Z,market,trade,WINFUT,182810.0,2,,,,SANTANDER CORRETORA DE TITULOS E VALORES MOBILIARIOS S.A.,SANTANDER CORRETORA DE TITULOS E VALORES MOBILIARIOS S.A.,,,
2026-03-27T13:03:56.076Z,market,trade,WINFUT,182815.0,1,,,,SANTANDER CORRETORA DE TITULOS E VALORES MOBILIARIOS S.A.,IDEAL CTVM SA,,,
2026-03-27T13:03:56.076Z,market,trade,WINFUT,182815.0,1,,,,SANTANDER CORRETORA DE TITULOS E VALORES MOBILIARIOS S.A.,AGORA CTVM S/A,,,
2026-03-27T13:03:56.076Z,market,trade,WINFUT,182815.0,1,,,,GOLDMAN SACHS DO BRASIL CTVM,AGORA CTVM S/A,,,
2026-03-27T13:03:56.076Z,market,trade,WINFUT,182810.0,2,,,,GENIAL INSTITUCIONAL CCTVM S.A,GENIAL INSTITUCIONAL CCTVM S.A,,,
2026-03-27T13:03:56.076Z,market,trade,WINFUT,182815.0,2,,,,XP Investimentos CCTVM S/A,XP Investimentos CCTVM S/A,,,
2026-03-27T13:03:56.076Z,market,trade,WINFUT,182815.0,1,,,,IDEAL CTVM SA,IDEAL CTVM SA,,,
2026-03-27T13:03:56.076Z,market,trade,WINFUT,182815.0,1,,,,IDEAL CTVM SA,AGORA CTVM S/A,,,
2026-03-27T13:03:56.076Z,market,trade,WINFUT,182815.0,2,,,,IDEAL CTVM SA,AGORA CTVM S/A,,,
2026-03-27T13:03:56.076Z,market,trade,WINFUT,182815.0,1,,,,IDEAL CTVM SA,AGORA CTVM S/A,,,
2026-03-27T13:03:56.076Z,market,trade,WINFUT,182815.0,1,,,,IDEAL CTVM SA,AGORA CTVM S/A,,,
2026-03-27T13:03:56.077Z,market,trade,WINFUT,182815.0,1,,,,IDEAL CTVM SA,BTG Pactual CTVM S.A.,,,
2026-03-27T13:03:56.077Z,market,trade,WINFUT,182820.0,1,,,,IDEAL CTVM SA,IDEAL CTVM SA,,,
2026-03-27T13:03:56.077Z,market,trade,WINFUT,182820.0,1,,,,IDEAL CTVM SA,IDEAL CTVM SA,,,
2026-03-27T13:03:56.077Z,market,trade,WINFUT,182820.0,1,,,,IDEAL CTVM SA,AGORA CTVM S/A,,,
2026-03-27T13:03:56.077Z,market,trade,WINFUT,182820.0,5,,,,IDEAL CTVM SA,IDEAL CTVM SA,,,
2026-03-27T13:03:56.077Z,market,trade,WINFUT,182820.0,1,,,,IDEAL CTVM SA,BTG Pactual CTVM S.A.,,,
2026-03-27T13:03:56.077Z,market,trade,WINFUT,182820.0,1,,,,GENIAL INSTITUCIONAL CCTVM S.A,IDEAL CTVM SA,,,
2026-03-27T13:03:56.077Z,market,trade,WINFUT,182820.0,1,,,,GENIAL INSTITUCIONAL CCTVM S.A,XP Investimentos CCTVM S/A,,,
2026-03-27T13:03:56.077Z,market,trade,WINFUT,182820.0,1,,,,GENIAL INSTITUCIONAL CCTVM S.A,IDEAL CTVM SA,,,
2026-03-27T13:03:56.077Z,market,trade,WINFUT,182825.0,1,,,,GENIAL INSTITUCIONAL CCTVM S.A,AGORA CTVM S/A,,,
2026-03-27T13:03:56.077Z,market,trade,WINFUT,182825.0,1,,,,GENIAL INSTITUCIONAL CCTVM S.A,UBS BRASIL CCTVM S/A,,,
2026-03-27T13:03:56.077Z,market,trade,WINFUT,182820.0,2,,,,GENIAL INSTITUCIONAL CCTVM S.A,IDEAL CTVM SA,,,
2026-03-27T13:03:56.077Z,market,trade,WINFUT,182820.0,9,,,,IDEAL CTVM SA,IDEAL CTVM SA,,,
2026-03-27T13:03:56.077Z,market,trade,WINFUT,182820.0,9,,,,IDEAL CTVM SA,IDEAL CTVM SA,,,
2026-03-27T13:03:56.077Z,market,trade,WINFUT,182820.0,3,,,,IDEAL CTVM SA,IDEAL CTVM SA,,,
2026-03-27T13:03:56.077Z,market,trade,WINFUT,182820.0,1,,,,BTG Pactual CTVM S.A.,IDEAL CTVM SA,,,
2026-03-27T13:03:56.077Z,market,trade,WINFUT,182820.0,1,,,,XP Investimentos CCTVM S/A,IDEAL CTVM SA,,,
2026-03-27T13:03:56.077Z,market,trade,WINFUT,182820.0,3,,,,IDEAL CTVM SA,IDEAL CTVM SA,,,
2026-03-27T13:03:56.077Z,market,trade,WINFUT,182820.0,5,,,,IDEAL CTVM SA,IDEAL CTVM SA,,,
2026-03-27T13:03:56.077Z,market,trade,WINFUT,182820.0,1,,,,GENIAL INSTITUCIONAL CCTVM S.A,XP Investimentos CCTVM S/A,,,
2026-03-27T13:03:56.077Z,market,trade,WINFUT,182825.0,1,,,,CM Capital Markets CCTVM LTDA,UBS BRASIL CCTVM S/A,,,
2026-03-27T13:03:56.077Z,market,trade,WINFUT,182820.0,10,,,,BTG Pactual CTVM S.A.,BTG Pactual CTVM S.A.,,,
2026-03-27T13:03:56.077Z,market,trade,WINFUT,182825.0,2,,,,BTG Pactual CTVM S.A.,UBS BRASIL CCTVM S/A,,,
2026-03-27T13:03:56.077Z,market,trade,WINFUT,182820.0,1,,,,XP Investimentos CCTVM S/A,XP Investimentos CCTVM S/A,,,
2026-03-27T13:03:56.077Z,market,trade,WINFUT,182825.0,5,,,,GENIAL INSTITUCIONAL CCTVM S.A,UBS BRASIL CCTVM S/A,,,
2026-03-27T13:03:56.077Z,market,trade,WINFUT,182820.0,1,,,,BTG Pactual CTVM S.A.,BTG Pactual CTVM S.A.,,,
2026-03-27T13:03:56.077Z,market,trade,WINFUT,182820.0,8,,,,BTG Pactual CTVM S.A.,BTG Pactual CTVM S.A.,,,
2026-03-27T13:03:56.077Z,market,trade,WINFUT,182820.0,1,,,,CM Capital Markets CCTVM LTDA,CM Capital Markets CCTVM LTDA,,,
2026-03-27T13:03:56.077Z,market,trade,WINFUT,182825.0,1,,,,GENIAL INSTITUCIONAL CCTVM S.A,UBS BRASIL CCTVM S/A,,,
2026-03-27T13:03:56.078Z,market,trade,WINFUT,182820.0,1,,,,XP Investimentos CCTVM S/A,XP Investimentos CCTVM S/A,,,
2026-03-27T13:03:56.078Z,market,trade,WINFUT,182825.0,14,,,,BTG Pactual CTVM S.A.,BTG Pactual CTVM S.A.,,,
2026-03-27T13:03:56.078Z,market,trade,WINFUT,182825.0,6,,,,BTG Pactual CTVM S.A.,IDEAL CTVM SA,,,
2026-03-27T13:03:56.078Z,market,trade,WINFUT,182825.0,1,,,,XP Investimentos CCTVM S/A,XP Investimentos CCTVM S/A,,,
2026-03-27T13:03:56.078Z,market,trade,WINFUT,182825.0,2,,,,XP Investimentos CCTVM S/A,XP Investimentos CCTVM S/A,,,
2026-03-27T13:03:56.078Z,market,trade,WINFUT,182825.0,1,,,,XP Investimentos CCTVM S/A,XP Investimentos CCTVM S/A,,,
2026-03-27T13:03:58.016Z,market,trade,WINFUT,182825.0,2,,,,BTG Pactual CTVM S.A.,BTG Pactual CTVM S.A.,,,
2026-03-27T13:03:58.016Z,market,trade,WINFUT,182825.0,3,,,,GENIAL INSTITUCIONAL CCTVM S.A,GENIAL INSTITUCIONAL CCTVM S.A,,,
2026-03-27T13:03:58.016Z,market,trade,WINFUT,182825.0,5,,,,BTG Pactual CTVM S.A.,BTG Pactual CTVM S.A.,,,
2026-03-27T13:03:58.016Z,market,trade,WINFUT,182825.0,3,,,,GENIAL INSTITUCIONAL CCTVM S.A,GENIAL INSTITUCIONAL CCTVM S.A,,,
2026-03-27T13:03:58.017Z,market,trade,WINFUT,182825.0,2,,,,GENIAL INSTITUCIONAL CCTVM S.A,GENIAL INSTITUCIONAL CCTVM S.A,,,
2026-03-27T13:03:58.017Z,market,trade,WINFUT,182825.0,14,,,,BTG Pactual CTVM S.A.,BTG Pactual CTVM S.A.,,,
2026-03-27T13:03:58.017Z,market,trade,WINFUT,182825.0,4,,,,BTG Pactual CTVM S.A.,IDEAL CTVM SA,,,
2026-03-27T13:03:58.017Z,market,trade,WINFUT,182825.0,1,,,,BTG Pactual CTVM S.A.,AGORA CTVM S/A,,,
2026-03-27T13:03:58.018Z,market,trade,WINFUT,182825.0,1,,,,BTG Pactual CTVM S.A.,IDEAL CTVM SA,,,
2026-03-27T13:03:58.018Z,market,trade,WINFUT,182825.0,5,,,,BTG Pactual CTVM S.A.,IDEAL CTVM SA,,,
2026-03-27T13:03:58.018Z,market,trade,WINFUT,182825.0,1,,,,BTG Pactual CTVM S.A.,BTG Pactual CTVM S.A.,,,
2026-03-27T13:03:58.018Z,market,trade,WINFUT,182825.0,1,,,,BTG Pactual CTVM S.A.,XP Investimentos CCTVM S/A,,,
2026-03-27T13:03:58.018Z,market,trade,WINFUT,182825.0,10,,,,BTG Pactual CTVM S.A.,IDEAL CTVM SA,,,
2026-03-27T13:03:58.018Z,market,trade,WINFUT,182825.0,1,,,,BTG Pactual CTVM S.A.,AGORA CTVM S/A,,,
2026-03-27T13:03:58.018Z,market,trade,WINFUT,182825.0,1,,,,BTG Pactual CTVM S.A.,IDEAL CTVM SA,,,
2026-03-27T13:03:58.019Z,market,trade,WINFUT,182825.0,4,,,,BTG Pactual CTVM S.A.,XP Investimentos CCTVM S/A,,,
2026-03-27T13:03:58.019Z,market,trade,WINFUT,182825.0,1,,,,BTG Pactual CTVM S.A.,XP Investimentos CCTVM S/A,,,
2026-03-27T13:03:58.019Z,market,trade,WINFUT,182830.0,1,,,,BTG Pactual CTVM S.A.,UBS BRASIL CCTVM S/A,,,
2026-03-27T13:03:58.019Z,market,trade,WINFUT,182830.0,1,,,,BTG Pactual CTVM S.A.,AGORA CTVM S/A,,,
2026-03-27T13:03:58.020Z,market,trade,WINFUT,182830.0,9,,,,BTG Pactual CTVM S.A.,XP Investimentos CCTVM S/A,,,
2026-03-27T13:03:58.020Z,market,trade,WINFUT,182830.0,1,,,,BTG Pactual CTVM S.A.,XP Investimentos CCTVM S/A,,,
2026-03-27T13:03:58.020Z,market,trade,WINFUT,182830.0,2,,,,BTG Pactual CTVM S.A.,CM Capital Markets CCTVM LTDA,,,
2026-03-27T13:03:58.020Z,market,trade,WINFUT,182830.0,1,,,,BTG Pactual CTVM S.A.,ATIVA INVESTIMENTOS S.A. CTCV,,,
2026-03-27T13:03:58.020Z,market,trade,WINFUT,182830.0,1,,,,BTG Pactual CTVM S.A.,ATIVA INVESTIMENTOS S.A. CTCV,,,
2026-03-27T13:03:58.020Z,market,trade,WINFUT,182830.0,1,,,,BTG Pactual CTVM S.A.,ATIVA INVESTIMENTOS S.A. CTCV,,,
2026-03-27T13:03:58.020Z,market,trade,WINFUT,182830.0,1,,,,BTG Pactual CTVM S.A.,ATIVA INVESTIMENTOS S.A. CTCV,,,
2026-03-27T13:03:58.020Z,market,trade,WINFUT,182830.0,1,,,,BTG Pactual CTVM S.A.,XP Investimentos CCTVM S/A,,,
2026-03-27T13:03:58.020Z,market,trade,WINFUT,182830.0,1,,,,BTG Pactual CTVM S.A.,XP Investimentos CCTVM S/A,,,
2026-03-27T13:03:58.020Z,market,trade,WINFUT,182830.0,9,,,,BTG Pactual CTVM S.A.,XP Investimentos CCTVM S/A,,,
2026-03-27T13:03:58.020Z,market,trade,WINFUT,182830.0,1,,,,BTG Pactual CTVM S.A.,XP Investimentos CCTVM S/A,,,
2026-03-27T13:03:58.020Z,market,trade,WINFUT,182830.0,1,,,,BTG Pactual CTVM S.A.,BTG Pactual CTVM S.A.,,,
2026-03-27T13:03:58.020Z,market,trade,WINFUT,182830.0,1,,,,BTG Pactual CTVM S.A.,XP Investimentos CCTVM S/A,,,
2026-03-27T13:03:58.020Z,market,trade,WINFUT,182830.0,5,,,,BTG Pactual CTVM S.A.,BTG Pactual CTVM S.A.,,,
2026-03-27T13:03:58.020Z,market,trade,WINFUT,182825.0,1,,,,XP Investimentos CCTVM S/A,GENIAL INSTITUCIONAL CCTVM S.A,,,
2026-03-27T13:03:58.021Z,market,trade,WINFUT,182825.0,3,,,,GENIAL INSTITUCIONAL CCTVM S.A,GENIAL INSTITUCIONAL CCTVM S.A,,,
2026-03-27T13:03:58.021Z,market,trade,WINFUT,182825.0,3,,,,GENIAL INSTITUCIONAL CCTVM S.A,GENIAL INSTITUCIONAL CCTVM S.A,,,
2026-03-27T13:03:58.021Z,market,trade,WINFUT,182825.0,3,,,,GENIAL INSTITUCIONAL CCTVM S.A,GENIAL INSTITUCIONAL CCTVM S.A,,,
2026-03-27T13:03:58.021Z,market,trade,WINFUT,182825.0,1,,,,GENIAL INSTITUCIONAL CCTVM S.A,IDEAL CTVM SA,,,
2026-03-27T13:03:58.021Z,market,trade,WINFUT,182825.0,1,,,,GENIAL INSTITUCIONAL CCTVM S.A,IDEAL CTVM SA,,,
2026-03-27T13:03:58.021Z,market,trade,WINFUT,182825.0,9,,,,GENIAL INSTITUCIONAL CCTVM S.A,IDEAL CTVM SA,,,
2026-03-27T13:03:58.021Z,market,trade,WINFUT,182830.0,2,,,,GENIAL INSTITUCIONAL CCTVM S.A,BTG Pactual CTVM S.A.,,,
2026-03-27T13:03:58.021Z,market,trade,WINFUT,182830.0,1,,,,GENIAL INSTITUCIONAL CCTVM S.A,BTG Pactual CTVM S.A.,,,
2026-03-27T13:03:58.021Z,market,trade,WINFUT,182820.0,1,,,,UBS BRASIL CCTVM S/A,GENIAL INSTITUCIONAL CCTVM S.A,,,
2026-03-27T13:03:58.021Z,market,trade,WINFUT,182830.0,1,,,,SANTANDER CORRETORA DE TITULOS E VALORES MOBILIARIOS S.A.,BTG Pactual CTVM S.A.,,,
2026-03-27T13:03:58.021Z,market,trade,WINFUT,182830.0,2,,,,GENIAL INSTITUCIONAL CCTVM S.A,BTG Pactual CTVM S.A.,,,
2026-03-27T13:03:58.021Z,market,trade,WINFUT,182830.0,3,,,,GENIAL INSTITUCIONAL CCTVM S.A,BTG Pactual CTVM S.A.,,,
2026-03-27T13:03:58.021Z,market,trade,WINFUT,182825.0,2,,,,BTG Pactual CTVM S.A.,BTG Pactual CTVM S.A.,,,
2026-03-27T13:03:58.021Z,market,trade,WINFUT,182830.0,8,,,,SANTANDER CORRETORA DE TITULOS E VALORES MOBILIARIOS S.A.,BTG Pactual CTVM S.A.,,,
2026-03-27T13:03:58.022Z,market,trade,WINFUT,182830.0,1,,,,SANTANDER CORRETORA DE TITULOS E VALORES MOBILIARIOS S.A.,XP Investimentos CCTVM S/A,,,
2026-03-27T13:03:58.022Z,market,trade,WINFUT,182830.0,1,,,,SANTANDER CORRETORA DE TITULOS E VALORES MOBILIARIOS S.A.,XP Investimentos CCTVM S/A,,,
2026-03-27T13:03:58.022Z,market,trade,WINFUT,182820.0,17,,,,UBS BRASIL CCTVM S/A,AGORA CTVM S/A,,,
2026-03-27T13:03:58.022Z,market,trade,WINFUT,182820.0,4,,,,XP Investimentos CCTVM S/A,AGORA CTVM S/A,,,
2026-03-27T13:03:58.022Z,market,trade,WINFUT,182820.0,1,,,,XP Investimentos CCTVM S/A,AGORA CTVM S/A,,,
2026-03-27T13:03:58.022Z,market,trade,WINFUT,182820.0,5,,,,UBS BRASIL CCTVM S/A,AGORA CTVM S/A,,,
2026-03-27T13:03:58.022Z,market,trade,WINFUT,182820.0,4,,,,XP Investimentos CCTVM S/A,AGORA CTVM S/A,,,
2026-03-27T13:03:58.022Z,market,trade,WINFUT,182820.0,1,,,,XP Investimentos CCTVM S/A,AGORA CTVM S/A,,,
2026-03-27T13:03:58.022Z,market,trade,WINFUT,182820.0,7,,,,IDEAL CTVM SA,AGORA CTVM S/A,,,
2026-03-27T13:03:58.022Z,market,trade,WINFUT,182820.0,1,,,,IDEAL CTVM SA,AGORA CTVM S/A,,,
2026-03-27T13:03:58.022Z,market,trade,WINFUT,182820.0,1,,,,XP Investimentos CCTVM S/A,IDEAL CTVM SA,,,
2026-03-27T13:03:58.022Z,market,trade,WINFUT,182820.0,1,,,,BTG Pactual CTVM S.A.,IDEAL CTVM SA,,,
2026-03-27T13:03:58.022Z,market,trade,WINFUT,182825.0,1,,,,SANTANDER CORRETORA DE TITULOS E VALORES MOBILIARIOS S.A.,SANTANDER CORRETORA DE TITULOS E VALORES MOBILIARIOS S.A.,,,
2026-03-27T13:03:58.022Z,market,trade,WINFUT,182820.0,4,,,,XP Investimentos CCTVM S/A,IDEAL CTVM SA,,,
2026-03-27T13:03:58.022Z,market,trade,WINFUT,182820.0,1,,,,XP Investimentos CCTVM S/A,IDEAL CTVM SA,,,
2026-03-27T13:03:58.022Z,market,trade,WINFUT,182820.0,1,,,,IDEAL CTVM SA,BTG Pactual CTVM S.A.,,,
2026-03-27T13:03:58.022Z,market,trade,WINFUT,182820.0,1,,,,XP Investimentos CCTVM S/A,XP Investimentos CCTVM S/A,,,
2026-03-27T13:03:58.022Z,market,trade,WINFUT,182820.0,1,,,,XP Investimentos CCTVM S/A,XP Investimentos CCTVM S/A,,,
2026-03-27T13:03:58.022Z,market,trade,WINFUT,182820.0,14,,,,XP Investimentos CCTVM S/A,XP Investimentos CCTVM S/A,,,
2026-03-27T13:03:58.022Z,market,trade,WINFUT,182820.0,1,,,,XP Investimentos CCTVM S/A,IDEAL CTVM SA,,,
2026-03-27T13:03:58.022Z,market,trade,WINFUT,182820.0,1,,,,XP Investimentos CCTVM S/A,BTG Pactual CTVM S.A.,,,
2026-03-27T13:03:58.022Z,market,trade,WINFUT,182820.0,1,,,,XP Investimentos CCTVM S/A,BTG Pactual CTVM S.A.,,,
2026-03-27T13:03:58.022Z,market,trade,WINFUT,182825.0,8,,,,XP Investimentos CCTVM S/A,IDEAL CTVM SA,,,
2026-03-27T13:03:59.952Z,market,trade,WINFUT,182820.0,2,,,,XP Investimentos CCTVM S/A,XP Investimentos CCTVM S/A,,,
2026-03-27T13:03:59.952Z,market,trade,WINFUT,182820.0,2,,,,GENIAL INSTITUCIONAL CCTVM S.A,GENIAL INSTITUCIONAL CCTVM S.A,,,
2026-03-27T13:03:59.952Z,market,trade,WINFUT,182820.0,2,,,,BTG Pactual CTVM S.A.,GENIAL INSTITUCIONAL CCTVM S.A,,,
2026-03-27T13:03:59.952Z,market,trade,WINFUT,182820.0,8,,,,BTG Pactual CTVM S.A.,GENIAL INSTITUCIONAL CCTVM S.A,,,
2026-03-27T13:03:59.952Z,market,trade,WINFUT,182820.0,1,,,,BTG Pactual CTVM S.A.,BTG Pactual CTVM S.A.,,,
2026-03-27T13:03:59.952Z,market,trade,WINFUT,182820.0,1,,,,BTG Pactual CTVM S.A.,AGORA CTVM S/A,,,
2026-03-27T13:03:59.952Z,market,trade,WINFUT,182825.0,1,,,,BTG Pactual CTVM S.A.,IDEAL CTVM SA,,,
2026-03-27T13:03:59.952Z,market,trade,WINFUT,182825.0,1,,,,BTG Pactual CTVM S.A.,BTG Pactual CTVM S.A.,,,
2026-03-27T13:03:59.952Z,market,trade,WINFUT,182825.0,1,,,,BTG Pactual CTVM S.A.,AGORA CTVM S/A,,,
2026-03-27T13:03:59.952Z,market,trade,WINFUT,182825.0,1,,,,BTG Pactual CTVM S.A.,XP Investimentos CCTVM S/A,,,
2026-03-27T13:03:59.952Z,market,trade,WINFUT,182825.0,2,,,,BTG Pactual CTVM S.A.,XP Investimentos CCTVM S/A,,,
2026-03-27T13:03:59.952Z,market,trade,WINFUT,182820.0,1,,,,XP Investimentos CCTVM S/A,XP Investimentos CCTVM S/A,,,
2026-03-27T13:03:59.952Z,market,trade,WINFUT,182820.0,14,,,,XP Investimentos CCTVM S/A,XP Investimentos CCTVM S/A,,,
2026-03-27T13:03:59.952Z,market,trade,WINFUT,182825.0,1,,,,XP Investimentos CCTVM S/A,XP Investimentos CCTVM S/A,,,
2026-03-27T13:03:59.952Z,market,trade,WINFUT,182820.0,10,,,,XP Investimentos CCTVM S/A,XP Investimentos CCTVM S/A,,,
2026-03-27T13:03:59.952Z,market,trade,WINFUT,182820.0,10,,,,XP Investimentos CCTVM S/A,XP Investimentos CCTVM S/A,,,
2026-03-27T13:03:59.952Z,market,trade,WINFUT,182820.0,1,,,,XP Investimentos CCTVM S/A,XP Investimentos CCTVM S/A,,,
2026-03-27T13:03:59.952Z,market,trade,WINFUT,182825.0,1,,,,GENIAL INSTITUCIONAL CCTVM S.A,XP Investimentos CCTVM S/A,,,
2026-03-27T13:04:01.019Z,market,trade,WINFUT,182815.0,1,,,,NOVA FUTURA CTVM LTDA,NOVA FUTURA CTVM LTDA,,,
2026-03-27T13:04:01.019Z,market,trade,WINFUT,182820.0,1,,,,GENIAL INSTITUCIONAL CCTVM S.A,GENIAL INSTITUCIONAL CCTVM S.A,,,
2026-03-27T13:04:01.019Z,market,trade,WINFUT,182820.0,1,,,,BTG Pactual CTVM S.A.,BTG Pactual CTVM S.A.,,,
2026-03-27T13:04:01.019Z,market,trade,WINFUT,182825.0,1,,,,BTG Pactual CTVM S.A.,XP Investimentos CCTVM S/A,,,
2026-03-27T13:04:01.019Z,market,trade,WINFUT,182825.0,9,,,,BTG Pactual CTVM S.A.,IDEAL CTVM SA,,,
2026-03-27T13:04:01.019Z,market,trade,WINFUT,182825.0,2,,,,BTG Pactual CTVM S.A.,AGORA CTVM S/A,,,
2026-03-27T13:04:01.019Z,market,trade,WINFUT,182825.0,5,,,,BTG Pactual CTVM S.A.,IDEAL CTVM SA,,,
2026-03-27T13:04:01.019Z,market,trade,WINFUT,182825.0,7,,,,BTG Pactual CTVM S.A.,AGORA CTVM S/A,,,
2026-03-27T13:04:01.019Z,market,trade,WINFUT,182820.0,1,,,,XP Investimentos CCTVM S/A,XP Investimentos CCTVM S/A,,,
2026-03-27T13:04:01.019Z,market,trade,WINFUT,182820.0,4,,,,XP Investimentos CCTVM S/A,XP Investimentos CCTVM S/A,,,
2026-03-27T13:04:01.019Z,market,trade,WINFUT,182820.0,2,,,,XP Investimentos CCTVM S/A,XP Investimentos CCTVM S/A,,,
2026-03-27T13:04:01.019Z,market,trade,WINFUT,182820.0,1,,,,GENIAL INSTITUCIONAL CCTVM S.A,GENIAL INSTITUCIONAL CCTVM S.A,,,
2026-03-27T13:04:01.019Z,market,trade,WINFUT,182820.0,4,,,,GENIAL INSTITUCIONAL CCTVM S.A,GENIAL INSTITUCIONAL CCTVM S.A,,,
2026-03-27T13:04:01.019Z,market,trade,WINFUT,182820.0,1,,,,GENIAL INSTITUCIONAL CCTVM S.A,GENIAL INSTITUCIONAL CCTVM S.A,,,
2026-03-27T13:04:01.019Z,market,trade,WINFUT,182820.0,1,,,,XP Investimentos CCTVM S/A,XP Investimentos CCTVM S/A,,,
2026-03-27T13:04:01.019Z,market,trade,WINFUT,182820.0,1,,,,XP Investimentos CCTVM S/A,XP Investimentos CCTVM S/A,,,
2026-03-27T13:04:01.019Z,market,trade,WINFUT,182820.0,1,,,,XP Investimentos CCTVM S/A,XP Investimentos CCTVM S/A,,,
2026-03-27T13:04:01.019Z,market,trade,WINFUT,182820.0,1,,,,XP Investimentos CCTVM S/A,XP Investimentos CCTVM S/A,,,
2026-03-27T13:04:01.019Z,market,trade,WINFUT,182815.0,1,,,,IDEAL CTVM SA,GENIAL INSTITUCIONAL CCTVM S.A,,,
2026-03-27T13:04:01.020Z,market,trade,WINFUT,182815.0,1,,,,BTG Pactual CTVM S.A.,BTG Pactual CTVM S.A.,,,
2026-03-27T13:04:01.020Z,market,trade,WINFUT,182820.0,10,,,,XP Investimentos CCTVM S/A,XP Investimentos CCTVM S/A,,,
2026-03-27T13:04:01.020Z,market,trade,WINFUT,182820.0,1,,,,Elliot-Warren,BTG Pactual CTVM S.A.,,,
2026-03-27T13:04:01.020Z,market,trade,WINFUT,182820.0,1,,,,XP Investimentos CCTVM S/A,IDEAL CTVM SA,,,
2026-03-27T13:04:01.020Z,market,trade,WINFUT,182820.0,4,,,,XP Investimentos CCTVM S/A,IDEAL CTVM SA,,,
2026-03-27T13:04:01.020Z,market,trade,WINFUT,182820.0,1,,,,IDEAL CTVM SA,IDEAL CTVM SA,,,
2026-03-27T13:04:01.020Z,market,trade,WINFUT,182820.0,1,,,,BTG Pactual CTVM S.A.,IDEAL CTVM SA,,,
2026-03-27T13:04:01.020Z,market,trade,WINFUT,182820.0,7,,,,IDEAL CTVM SA,IDEAL CTVM SA,,,
2026-03-27T13:04:01.020Z,market,trade,WINFUT,182820.0,4,,,,BTG Pactual CTVM S.A.,IDEAL CTVM SA,,,
2026-03-27T13:04:01.367Z,market,trade,WINFUT,182820.0,2,,,,IDEAL CTVM SA,XP Investimentos CCTVM S/A,,,
2026-03-27T13:04:01.367Z,market,trade,WINFUT,182825.0,1,,,,GENIAL INSTITUCIONAL CCTVM S.A,AGORA CTVM S/A,,,
2026-03-27T13:04:01.367Z,market,trade,WINFUT,182825.0,1,,,,GENIAL INSTITUCIONAL CCTVM S.A,AGORA CTVM S/A,,,
2026-03-27T13:04:01.367Z,market,trade,WINFUT,182825.0,3,,,,GENIAL INSTITUCIONAL CCTVM S.A,IDEAL CTVM SA,,,
2026-03-27T13:04:01.367Z,market,trade,WINFUT,182820.0,2,,,,GENIAL INSTITUCIONAL CCTVM S.A,GENIAL INSTITUCIONAL CCTVM S.A,,,
2026-03-27T13:04:01.367Z,market,trade,WINFUT,182820.0,1,,,,XP Investimentos CCTVM S/A,XP Investimentos CCTVM S/A,,,
2026-03-27T13:04:01.368Z,market,trade,WINFUT,182820.0,1,,,,XP Investimentos CCTVM S/A,XP Investimentos CCTVM S/A,,,
2026-03-27T13:04:01.368Z,market,trade,WINFUT,182815.0,2,,,,XP Investimentos CCTVM S/A,XP Investimentos CCTVM S/A,,,
2026-03-27T13:04:01.368Z,market,trade,WINFUT,182820.0,1,,,,GENIAL INSTITUCIONAL CCTVM S.A,GENIAL INSTITUCIONAL CCTVM S.A,,,
2026-03-27T13:04:01.368Z,market,trade,WINFUT,182820.0,1,,,,XP Investimentos CCTVM S/A,XP Investimentos CCTVM S/A,,,
2026-03-27T13:04:01.368Z,market,trade,WINFUT,182820.0,1,,,,GOLDMAN SACHS DO BRASIL CTVM,BTG Pactual CTVM S.A.,,,
2026-03-27T13:04:01.852Z,market,trade,WINFUT,182820.0,3,,,,XP Investimentos CCTVM S/A,XP Investimentos CCTVM S/A,,,
2026-03-27T13:04:01.852Z,market,trade,WINFUT,182825.0,4,,,,GENIAL INSTITUCIONAL CCTVM S.A,IDEAL CTVM SA,,,
2026-03-27T13:04:01.852Z,market,trade,WINFUT,182825.0,1,,,,GENIAL INSTITUCIONAL CCTVM S.A,BTG Pactual CTVM S.A.,,,
2026-03-27T13:04:01.852Z,market,trade,WINFUT,182820.0,1,,,,BTG Pactual CTVM S.A.,BTG Pactual CTVM S.A.,,,
2026-03-27T13:04:01.852Z,market,trade,WINFUT,182815.0,2,,,,IDEAL CTVM SA,Elliot-Warren,,,
2026-03-27T13:04:01.852Z,market,trade,WINFUT,182820.0,1,,,,GENIAL INSTITUCIONAL CCTVM S.A,GENIAL INSTITUCIONAL CCTVM S.A,,,
2026-03-27T13:04:01.852Z,market,trade,WINFUT,182815.0,1,,,,IDEAL CTVM SA,GENIAL INSTITUCIONAL CCTVM S.A,,,
2026-03-27T13:04:01.852Z,market,trade,WINFUT,182815.0,3,,,,IDEAL CTVM SA,Elliot-Warren,,,
2026-03-27T13:04:01.852Z,market,trade,WINFUT,182815.0,1,,,,IDEAL CTVM SA,Elliot-Warren,,,
2026-03-27T13:04:01.852Z,market,trade,WINFUT,182815.0,1,,,,IDEAL CTVM SA,Elliot-Warren,,,
2026-03-27T13:04:01.852Z,market,trade,WINFUT,182815.0,1,,,,UBS BRASIL CCTVM S/A,Elliot-Warren,,,
2026-03-27T13:04:01.852Z,market,trade,WINFUT,182820.0,1,,,,Elliot-Warren,BTG Pactual CTVM S.A.,,,
2026-03-27T13:04:01.852Z,market,trade,WINFUT,182820.0,9,,,,IDEAL CTVM SA,IDEAL CTVM SA,,,
2026-03-27T13:04:01.852Z,market,trade,WINFUT,182820.0,1,,,,BTG Pactual CTVM S.A.,BTG Pactual CTVM S.A.,,,
2026-03-27T13:04:01.852Z,market,trade,WINFUT,182820.0,14,,,,XP Investimentos CCTVM S/A,XP Investimentos CCTVM S/A,,,
2026-03-27T13:04:01.852Z,market,trade,WINFUT,182825.0,1,,,,XP Investimentos CCTVM S/A,IDEAL CTVM SA,,,
2026-03-27T13:04:01.852Z,market,trade,WINFUT,182825.0,5,,,,XP Investimentos CCTVM S/A,IDEAL CTVM SA,,,
2026-03-27T13:04:01.852Z,market,trade,WINFUT,182820.0,10,,,,UBS BRASIL CCTVM S/A,IDEAL CTVM SA,,,
2026-03-27T13:04:01.852Z,market,trade,WINFUT,182820.0,1,,,,TERRA INVESTIMENTOS DTVM LTDA,BTG Pactual CTVM S.A.,,,
2026-03-27T13:04:01.852Z,market,trade,WINFUT,182820.0,6,,,,BTG Pactual CTVM S.A.,BTG Pactual CTVM S.A.,,,
2026-03-27T13:04:01.852Z,market,trade,WINFUT,182820.0,1,,,,CM Capital Markets CCTVM LTDA,CM Capital Markets CCTVM LTDA,,,
2026-03-27T13:04:01.853Z,market,trade,WINFUT,182820.0,1,,,,SANTANDER CORRETORA DE TITULOS E VALORES MOBILIARIOS S.A.,BTG Pactual CTVM S.A.,,,
2026-03-27T13:04:01.853Z,market,trade,WINFUT,182820.0,14,,,,XP Investimentos CCTVM S/A,XP Investimentos CCTVM S/A,,,
2026-03-27T13:04:01.853Z,market,trade,WINFUT,182825.0,1,,,,XP Investimentos CCTVM S/A,AGORA CTVM S/A,,,
2026-03-27T13:04:01.853Z,market,trade,WINFUT,182820.0,14,,,,XP Investimentos CCTVM S/A,XP Investimentos CCTVM S/A,,,
2026-03-27T13:04:01.853Z,market,trade,WINFUT,182815.0,11,,,,UBS BRASIL CCTVM S/A,XP Investimentos CCTVM S/A,,,
2026-03-27T13:04:01.853Z,market,trade,WINFUT,182820.0,1,,,,XP Investimentos CCTVM S/A,XP Investimentos CCTVM S/A,,,
2026-03-27T13:04:01.853Z,market,trade,WINFUT,182820.0,1,,,,SANTANDER CORRETORA DE TITULOS E VALORES MOBILIARIOS S.A.,SANTANDER CORRETORA DE TITULOS E VALORES MOBILIARIOS S.A.,,,
2026-03-27T13:04:02.193Z,market,trade,WINFUT,182820.0,1,,,,SANTANDER CORRETORA DE TITULOS E VALORES MOBILIARIOS S.A.,IDEAL CTVM SA,,,
2026-03-27T13:04:02.193Z,market,trade,WINFUT,182820.0,6,,,,XP Investimentos CCTVM S/A,XP Investimentos CCTVM S/A,,,
2026-03-27T13:04:02.193Z,market,trade,WINFUT,182820.0,1,,,,Elliot-Warren,IDEAL CTVM SA,,,
2026-03-27T13:04:02.193Z,market,trade,WINFUT,182820.0,1,,,,GENIAL INSTITUCIONAL CCTVM S.A,GENIAL INSTITUCIONAL CCTVM S.A,,,
2026-03-27T13:04:02.193Z,market,trade,WINFUT,182820.0,1,,,,BTG Pactual CTVM S.A.,BTG Pactual CTVM S.A.,,,
2026-03-27T13:04:02.193Z,market,trade,WINFUT,182820.0,1,,,,GENIAL INSTITUCIONAL CCTVM S.A,GENIAL INSTITUCIONAL CCTVM S.A,,,
2026-03-27T13:04:02.194Z,market,trade,WINFUT,182820.0,1,,,,XP Investimentos CCTVM S/A,XP Investimentos CCTVM S/A,,,
2026-03-27T13:04:02.194Z,market,trade,WINFUT,182820.0,1,,,,ITAU CV S/A,IDEAL CTVM SA,,,
2026-03-27T13:04:02.194Z,market,trade,WINFUT,182820.0,1,,,,SANTANDER CORRETORA DE TITULOS E VALORES MOBILIARIOS S.A.,SANTANDER CORRETORA DE TITULOS E VALORES MOBILIARIOS S.A.,,,
2026-03-27T13:04:02.194Z,market,trade,WINFUT,182815.0,2,,,,XP Investimentos CCTVM S/A,XP Investimentos CCTVM S/A,,,
2026-03-27T13:04:02.194Z,market,trade,WINFUT,182820.0,2,,,,SANTANDER CORRETORA DE TITULOS E VALORES MOBILIARIOS S.A.,IDEAL CTVM SA,,,
2026-03-27T13:04:02.194Z,market,trade,WINFUT,182820.0,1,,,,GENIAL INSTITUCIONAL CCTVM S.A,BTG Pactual CTVM S.A.,,,
2026-03-27T13:04:02.194Z,market,trade,WINFUT,182820.0,2,,,,SANTANDER CORRETORA DE TITULOS E VALORES MOBILIARIOS S.A.,SANTANDER CORRETORA DE TITULOS E VALORES MOBILIARIOS S.A.,,,
2026-03-27T13:04:02.194Z,market,trade,WINFUT,182820.0,1,,,,XP Investimentos CCTVM S/A,XP Investimentos CCTVM S/A,,,
2026-03-27T13:04:02.194Z,market,trade,WINFUT,182820.0,1,,,,BTG Pactual CTVM S.A.,AGORA CTVM S/A,,,
2026-03-27T13:04:02.194Z,market,trade,WINFUT,182820.0,1,,,,BTG Pactual CTVM S.A.,IDEAL CTVM SA,,,
2026-03-27T13:04:02.194Z,market,trade,WINFUT,182820.0,1,,,,BTG Pactual CTVM S.A.,IDEAL CTVM SA,,,
2026-03-27T13:04:02.345Z,market,trade,WINFUT,182820.0,10,,,,SANTANDER CORRETORA DE TITULOS E VALORES MOBILIARIOS S.A.,SANTANDER CORRETORA DE TITULOS E VALORES MOBILIARIOS S.A.,,,
2026-03-27T13:04:02.345Z,market,trade,WINFUT,182820.0,2,,,,BTG Pactual CTVM S.A.,BTG Pactual CTVM S.A.,,,
2026-03-27T13:04:02.345Z,market,trade,WINFUT,182820.0,5,,,,SANTANDER CORRETORA DE TITULOS E VALORES MOBILIARIOS S.A.,SANTANDER CORRETORA DE TITULOS E VALORES MOBILIARIOS S.A.,,,
2026-03-27T13:04:02.345Z,market,trade,WINFUT,182820.0,5,,,,SANTANDER CORRETORA DE TITULOS E VALORES MOBILIARIOS S.A.,SANTANDER CORRETORA DE TITULOS E VALORES MOBILIARIOS S.A.,,,
2026-03-27T13:04:02.345Z,market,trade,WINFUT,182820.0,3,,,,XP Investimentos CCTVM S/A,XP Investimentos CCTVM S/A,,,
2026-03-27T13:04:02.345Z,market,trade,WINFUT,182815.0,1,,,,XP Investimentos CCTVM S/A,XP Investimentos CCTVM S/A,,,
2026-03-27T13:04:02.345Z,market,trade,WINFUT,182815.0,2,,,,UBS BRASIL CCTVM S/A,MORGAN STANLEY CTVM S/A,,,
2026-03-27T13:04:02.345Z,market,trade,WINFUT,182815.0,4,,,,UBS BRASIL CCTVM S/A,IDEAL CTVM SA,,,
2026-03-27T13:04:02.345Z,market,trade,WINFUT,182815.0,9,,,,IDEAL CTVM SA,IDEAL CTVM SA,,,
2026-03-27T13:04:02.345Z,market,trade,WINFUT,182815.0,1,,,,XP Investimentos CCTVM S/A,IDEAL CTVM SA,,,
2026-03-27T13:04:02.345Z,market,trade,WINFUT,182815.0,1,,,,AGORA CTVM S/A,IDEAL CTVM SA,,,
2026-03-27T13:04:02.345Z,market,trade,WINFUT,182815.0,1,,,,BTG Pactual CTVM S.A.,IDEAL CTVM SA,,,
2026-03-27T13:04:02.345Z,market,trade,WINFUT,182815.0,1,,,,XP Investimentos CCTVM S/A,IDEAL CTVM SA,,,
2026-03-27T13:04:02.345Z,market,trade,WINFUT,182815.0,1,,,,GENIAL INSTITUCIONAL CCTVM S.A,IDEAL CTVM SA,,,
2026-03-27T13:04:02.345Z,market,trade,WINFUT,182815.0,1,,,,XP Investimentos CCTVM S/A,IDEAL CTVM SA,,,
2026-03-27T13:04:02.345Z,market,trade,WINFUT,182815.0,2,,,,GENIAL INSTITUCIONAL CCTVM S.A,IDEAL CTVM SA,,,
2026-03-27T13:04:02.345Z,market,trade,WINFUT,182815.0,1,,,,AGORA CTVM S/A,IDEAL CTVM SA,,,
2026-03-27T13:04:02.345Z,market,trade,WINFUT,182815.0,1,,,,XP Investimentos CCTVM S/A,IDEAL CTVM SA,,,
2026-03-27T13:04:02.345Z,market,trade,WINFUT,182815.0,1,,,,XP Investimentos CCTVM S/A,IDEAL CTVM SA,,,
2026-03-27T13:04:02.345Z,market,trade,WINFUT,182815.0,1,,,,AGORA CTVM S/A,IDEAL CTVM SA,,,
2026-03-27T13:04:02.346Z,market,trade,WINFUT,182815.0,6,,,,UBS BRASIL CCTVM S/A,IDEAL CTVM SA,,,
2026-03-27T13:04:02.346Z,market,trade,WINFUT,182815.0,1,,,,AGORA CTVM S/A,IDEAL CTVM SA,,,
2026-03-27T13:04:02.346Z,market,trade,WINFUT,182815.0,1,,,,BTG Pactual CTVM S.A.,IDEAL CTVM SA,,,
2026-03-27T13:04:02.346Z,market,trade,WINFUT,182815.0,1,,,,GOLDMAN SACHS DO BRASIL CTVM,IDEAL CTVM SA,,,
2026-03-27T13:04:02.346Z,market,trade,WINFUT,182815.0,1,,,,AGORA CTVM S/A,IDEAL CTVM SA,,,
2026-03-27T13:04:02.346Z,market,trade,WINFUT,182815.0,1,,,,SANTANDER CORRETORA DE TITULOS E VALORES MOBILIARIOS S.A.,IDEAL CTVM SA,,,
2026-03-27T13:04:02.346Z,market,trade,WINFUT,182815.0,1,,,,BTG Pactual CTVM S.A.,IDEAL CTVM SA,,,
2026-03-27T13:04:02.346Z,market,trade,WINFUT,182810.0,1,,,,XP Investimentos CCTVM S/A,IDEAL CTVM SA,,,
2026-03-27T13:04:02.346Z,market,trade,WINFUT,182810.0,1,,,,IDEAL CTVM SA,IDEAL CTVM SA,,,
2026-03-27T13:04:02.346Z,market,trade,WINFUT,182810.0,3,,,,IDEAL CTVM SA,IDEAL CTVM SA,,,
2026-03-27T13:04:02.346Z,market,trade,WINFUT,182810.0,1,,,,XP Investimentos CCTVM S/A,IDEAL CTVM SA,,,
2026-03-27T13:04:02.346Z,market,trade,WINFUT,182810.0,1,,,,BTG Pactual CTVM S.A.,IDEAL CTVM SA,,,
2026-03-27T13:04:02.346Z,market,trade,WINFUT,182810.0,3,,,,IDEAL CTVM SA,IDEAL CTVM SA,,,
2026-03-27T13:04:02.346Z,market,trade,WINFUT,182810.0,1,,,,XP Investimentos CCTVM S/A,IDEAL CTVM SA,,,
2026-03-27T13:04:02.346Z,market,trade,WINFUT,182810.0,1,,,,AGORA CTVM S/A,BTG Pactual CTVM S.A.,,,
2026-03-27T13:04:02.346Z,market,trade,WINFUT,182810.0,1,,,,GENIAL INSTITUCIONAL CCTVM S.A,BTG Pactual CTVM S.A.,,,
2026-03-27T13:04:02.346Z,market,trade,WINFUT,182805.0,2,,,,BTG Pactual CTVM S.A.,BTG Pactual CTVM S.A.,,,
2026-03-27T13:04:02.346Z,market,trade,WINFUT,182810.0,14,,,,XP Investimentos CCTVM S/A,XP Investimentos CCTVM S/A,,,
2026-03-27T13:04:02.346Z,market,trade,WINFUT,182810.0,1,,,,XP Investimentos CCTVM S/A,BTG Pactual CTVM S.A.,,,
2026-03-27T13:04:02.346Z,market,trade,WINFUT,182810.0,10,,,,XP Investimentos CCTVM S/A,XP Investimentos CCTVM S/A,,,
2026-03-27T13:04:03.181Z,market,trade,WINFUT,182810.0,1,,,,XP Investimentos CCTVM S/A,XP Investimentos CCTVM S/A,,,
2026-03-27T13:04:03.181Z,market,trade,WINFUT,182810.0,1,,,,XP Investimentos CCTVM S/A,XP Investimentos CCTVM S/A,,,
2026-03-27T13:04:03.181Z,market,trade,WINFUT,182810.0,3,,,,SANTANDER CORRETORA DE TITULOS E VALORES MOBILIARIOS S.A.,SANTANDER CORRETORA DE TITULOS E VALORES MOBILIARIOS S.A.,,,
2026-03-27T13:04:03.181Z,market,trade,WINFUT,182810.0,1,,,,BTG Pactual CTVM S.A.,GENIAL INSTITUCIONAL CCTVM S.A,,,
2026-03-27T13:04:03.181Z,market,trade,WINFUT,182805.0,1,,,,BTG Pactual CTVM S.A.,BTG Pactual CTVM S.A.,,,
2026-03-27T13:04:03.181Z,market,trade,WINFUT,182810.0,1,,,,XP Investimentos CCTVM S/A,XP Investimentos CCTVM S/A,,,
2026-03-27T13:04:03.181Z,market,trade,WINFUT,182810.0,3,,,,BTG Pactual CTVM S.A.,GENIAL INSTITUCIONAL CCTVM S.A,,,
2026-03-27T13:04:03.181Z,market,trade,WINFUT,182810.0,1,,,,BTG Pactual CTVM S.A.,AGORA CTVM S/A,,,
2026-03-27T13:04:03.181Z,market,trade,WINFUT,182810.0,1,,,,BTG Pactual CTVM S.A.,BTG Pactual CTVM S.A.,,,
2026-03-27T13:04:03.181Z,market,trade,WINFUT,182810.0,1,,,,BTG Pactual CTVM S.A.,GENIAL INSTITUCIONAL CCTVM S.A,,,
2026-03-27T13:04:03.181Z,market,trade,WINFUT,182815.0,4,,,,BTG Pactual CTVM S.A.,GENIAL INSTITUCIONAL CCTVM S.A,,,
2026-03-27T13:04:03.181Z,market,trade,WINFUT,182810.0,10,,,,BTG Pactual CTVM S.A.,BTG Pactual CTVM S.A.,,,
2026-03-27T13:04:03.181Z,market,trade,WINFUT,182810.0,2,,,,XP Investimentos CCTVM S/A,XP Investimentos CCTVM S/A,,,
2026-03-27T13:04:03.181Z,market,trade,WINFUT,182810.0,1,,,,GENIAL INSTITUCIONAL CCTVM S.A,BTG Pactual CTVM S.A.,,,
2026-03-27T13:04:03.181Z,market,trade,WINFUT,182810.0,4,,,,GENIAL INSTITUCIONAL CCTVM S.A,GENIAL INSTITUCIONAL CCTVM S.A,,,
2026-03-27T13:04:03.364Z,market,trade,WINFUT,182810.0,1,,,,XP Investimentos CCTVM S/A,XP Investimentos CCTVM S/A,,,
2026-03-27T13:04:03.364Z,market,trade,WINFUT,182815.0,10,,,,XP Investimentos CCTVM S/A,XP Investimentos CCTVM S/A,,,
2026-03-27T13:04:03.364Z,market,trade,WINFUT,182815.0,1,,,,SANTANDER CORRETORA DE TITULOS E VALORES MOBILIARIOS S.A.,SANTANDER CORRETORA DE TITULOS E VALORES MOBILIARIOS S.A.,,,
2026-03-27T13:04:03.545Z,market,trade,WINFUT,182810.0,1,,,,IDEAL CTVM SA,XP Investimentos CCTVM S/A,,,
2026-03-27T13:04:03.545Z,market,trade,WINFUT,182810.0,9,,,,IDEAL CTVM SA,IDEAL CTVM SA,,,
2026-03-27T13:04:03.545Z,market,trade,WINFUT,182810.0,9,,,,IDEAL CTVM SA,IDEAL CTVM SA,,,
2026-03-27T13:04:03.545Z,market,trade,WINFUT,182810.0,10,,,,XP Investimentos CCTVM S/A,XP Investimentos CCTVM S/A,,,
2026-03-27T13:04:03.545Z,market,trade,WINFUT,182810.0,5,,,,XP Investimentos CCTVM S/A,XP Investimentos CCTVM S/A,,,
2026-03-27T13:04:03.545Z,market,trade,WINFUT,182810.0,1,,,,XP Investimentos CCTVM S/A,XP Investimentos CCTVM S/A,,,
2026-03-27T13:04:03.545Z,market,trade,WINFUT,182805.0,2,,,,XP Investimentos CCTVM S/A,XP Investimentos CCTVM S/A,,,
2026-03-27T13:04:03.545Z,market,trade,WINFUT,182805.0,1,,,,CM Capital Markets CCTVM LTDA,CM Capital Markets CCTVM LTDA,,,
2026-03-27T13:04:03.545Z,market,trade,WINFUT,182805.0,1,,,,BTG Pactual CTVM S.A.,BTG Pactual CTVM S.A.,,,
2026-03-27T13:04:03.545Z,market,trade,WINFUT,182805.0,1,,,,BTG Pactual CTVM S.A.,BTG Pactual CTVM S.A.,,,
2026-03-27T13:04:03.545Z,market,trade,WINFUT,182810.0,1,,,,XP Investimentos CCTVM S/A,XP Investimentos CCTVM S/A,,,
2026-03-27T13:04:03.545Z,market,trade,WINFUT,182805.0,3,,,,BTG Pactual CTVM S.A.,BTG Pactual CTVM S.A.,,,
2026-03-27T13:04:03.545Z,market,trade,WINFUT,182810.0,14,,,,XP Investimentos CCTVM S/A,XP Investimentos CCTVM S/A,,,
2026-03-27T13:04:03.545Z,market,trade,WINFUT,182810.0,6,,,,XP Investimentos CCTVM S/A,GENIAL INSTITUCIONAL CCTVM S.A,,,
2026-03-27T13:04:03.939Z,market,trade,WINFUT,182810.0,1,,,,SANTANDER CORRETORA DE TITULOS E VALORES MOBILIARIOS S.A.,SANTANDER CORRETORA DE TITULOS E VALORES MOBILIARIOS S.A.,,,
2026-03-27T13:04:03.939Z,market,trade,WINFUT,182810.0,3,,,,SANTANDER CORRETORA DE TITULOS E VALORES MOBILIARIOS S.A.,SANTANDER CORRETORA DE TITULOS E VALORES MOBILIARIOS S.A.,,,
2026-03-27T13:04:03.939Z,market,trade,WINFUT,182810.0,5,,,,XP Investimentos CCTVM S/A,XP Investimentos CCTVM S/A,,,
2026-03-27T13:04:04.002Z,market,trade,WINFUT,182810.0,10,,,,XP Investimentos CCTVM S/A,XP Investimentos CCTVM S/A,,,
2026-03-27T13:04:04.002Z,market,trade,WINFUT,182810.0,1,,,,GENIAL INSTITUCIONAL CCTVM S.A,GENIAL INSTITUCIONAL CCTVM S.A,,,
2026-03-27T13:04:04.002Z,market,trade,WINFUT,182805.0,2,,,,UBS BRASIL CCTVM S/A,Elliot-Warren,,,
2026-03-27T13:04:04.107Z,market,trade,WINFUT,182810.0,1,,,,TERRA INVESTIMENTOS DTVM LTDA,BTG Pactual CTVM S.A.,,,
2026-03-27T13:04:04.107Z,market,trade,WINFUT,182805.0,3,,,,SANTANDER CORRETORA DE TITULOS E VALORES MOBILIARIOS S.A.,SANTANDER CORRETORA DE TITULOS E VALORES MOBILIARIOS S.A.,,,
2026-03-27T13:04:04.107Z,market,trade,WINFUT,182810.0,1,,,,XP Investimentos CCTVM S/A,XP Investimentos CCTVM S/A,,,
2026-03-27T13:04:04.107Z,market,trade,WINFUT,182810.0,7,,,,BTG Pactual CTVM S.A.,BTG Pactual CTVM S.A.,,,
2026-03-27T13:04:04.107Z,market,trade,WINFUT,182810.0,1,,,,Elliot-Warren,Elliot-Warren,,,
2026-03-27T13:04:04.108Z,market,trade,WINFUT,182810.0,3,,,,SANTANDER CORRETORA DE TITULOS E VALORES MOBILIARIOS S.A.,SANTANDER CORRETORA DE TITULOS E VALORES MOBILIARIOS S.A.,,,
2026-03-27T13:04:04.108Z,market,trade,WINFUT,182805.0,1,,,,XP Investimentos CCTVM S/A,XP Investimentos CCTVM S/A,,,
2026-03-27T13:04:04.108Z,market,trade,WINFUT,182810.0,2,,,,BTG Pactual CTVM S.A.,BTG Pactual CTVM S.A.,,,
2026-03-27T13:04:04.108Z,market,trade,WINFUT,182805.0,1,,,,XP Investimentos CCTVM S/A,XP Investimentos CCTVM S/A,,,
2026-03-27T13:04:04.207Z,market,trade,WINFUT,182805.0,1,,,,UBS BRASIL CCTVM S/A,SANTANDER CORRETORA DE TITULOS E VALORES MOBILIARIOS S.A.,,,
2026-03-27T13:04:04.207Z,market,trade,WINFUT,182810.0,1,,,,SANTANDER CORRETORA DE TITULOS E VALORES MOBILIARIOS S.A.,SANTANDER CORRETORA DE TITULOS E VALORES MOBILIARIOS S.A.,,,
2026-03-27T13:04:04.207Z,market,trade,WINFUT,182810.0,4,,,,GENIAL INSTITUCIONAL CCTVM S.A,GENIAL INSTITUCIONAL CCTVM S.A,,,
2026-03-27T13:04:04.207Z,market,trade,WINFUT,182810.0,5,,,,GENIAL INSTITUCIONAL CCTVM S.A,GENIAL INSTITUCIONAL CCTVM S.A,,,
2026-03-27T13:04:04.270Z,market,trade,WINFUT,182810.0,1,,,,INTER DTVM LTDA,INTER DTVM LTDA,,,
2026-03-27T13:04:04.270Z,market,trade,WINFUT,182810.0,1,,,,XP Investimentos CCTVM S/A,XP Investimentos CCTVM S/A,,,
2026-03-27T13:04:04.270Z,market,trade,WINFUT,182810.0,2,,,,SANTANDER CORRETORA DE TITULOS E VALORES MOBILIARIOS S.A.,SANTANDER CORRETORA DE TITULOS E VALORES MOBILIARIOS S.A.,,,
2026-03-27T13:04:04.271Z,market,trade,WINFUT,182810.0,3,,,,BTG Pactual CTVM S.A.,BTG Pactual CTVM S.A.,,,
2026-03-27T13:04:04.271Z,market,trade,WINFUT,182805.0,3,,,,BTG Pactual CTVM S.A.,BTG Pactual CTVM S.A.,,,
2026-03-27T13:04:04.271Z,market,trade,WINFUT,182810.0,1,,,,GENIAL INSTITUCIONAL CCTVM S.A,GENIAL INSTITUCIONAL CCTVM S.A,,,
2026-03-27T13:04:04.271Z,market,trade,WINFUT,182810.0,1,,,,BTG Pactual CTVM S.A.,BTG Pactual CTVM S.A.,,,
2026-03-27T13:04:04.271Z,market,trade,WINFUT,182810.0,1,,,,XP Investimentos CCTVM S/A,XP Investimentos CCTVM S/A,,,
2026-03-27T13:04:04.271Z,market,trade,WINFUT,182810.0,1,,,,BTG Pactual CTVM S.A.,BTG Pactual CTVM S.A.,,,
2026-03-27T13:04:04.271Z,market,trade,WINFUT,182810.0,1,,,,XP Investimentos CCTVM S/A,XP Investimentos CCTVM S/A,,,
2026-03-27T13:04:04.271Z,market,trade,WINFUT,182810.0,1,,,,XP Investimentos CCTVM S/A,XP Investimentos CCTVM S/A,,,
2026-03-27T13:04:04.271Z,market,trade,WINFUT,182805.0,1,,,,BTG Pactual CTVM S.A.,BTG Pactual CTVM S.A.,,,
2026-03-27T13:04:04.333Z,market,trade,WINFUT,182805.0,2,,,,XP Investimentos CCTVM S/A,XP Investimentos CCTVM S/A,,,
2026-03-27T13:04:04.526Z,market,trade,WINFUT,182810.0,1,,,,GENIAL INSTITUCIONAL CCTVM S.A,GENIAL INSTITUCIONAL CCTVM S.A,,,
2026-03-27T13:04:04.526Z,market,trade,WINFUT,182810.0,3,,,,SANTANDER CORRETORA DE TITULOS E VALORES MOBILIARIOS S.A.,SANTANDER CORRETORA DE TITULOS E VALORES MOBILIARIOS S.A.,,,
2026-03-27T13:04:04.526Z,market,trade,WINFUT,182810.0,2,,,,XP Investimentos CCTVM S/A,XP Investimentos CCTVM S/A,,,
2026-03-27T13:04:04.526Z,market,trade,WINFUT,182810.0,5,,,,GENIAL INSTITUCIONAL CCTVM S.A,GENIAL INSTITUCIONAL CCTVM S.A,,,
2026-03-27T13:04:04.526Z,market,trade,WINFUT,182810.0,3,,,,XP Investimentos CCTVM S/A,XP Investimentos CCTVM S/A,,,
2026-03-27T13:04:04.526Z,market,trade,WINFUT,182805.0,10,,,,BTG Pactual CTVM S.A.,BTG Pactual CTVM S.A.,,,
2026-03-27T13:04:04.620Z,market,trade,WINFUT,182810.0,1,,,,GENIAL INSTITUCIONAL CCTVM S.A,GENIAL INSTITUCIONAL CCTVM S.A,,,
2026-03-27T13:04:04.620Z,market,trade,WINFUT,182810.0,14,,,,XP Investimentos CCTVM S/A,XP Investimentos CCTVM S/A,,,
2026-03-27T13:04:04.621Z,market,trade,WINFUT,182810.0,1,,,,XP Investimentos CCTVM S/A,AGORA CTVM S/A,,,
2026-03-27T13:04:04.621Z,market,trade,WINFUT,182810.0,1,,,,XP Investimentos CCTVM S/A,AGORA CTVM S/A,,,
2026-03-27T13:04:04.621Z,market,trade,WINFUT,182810.0,1,,,,XP Investimentos CCTVM S/A,IDEAL CTVM SA,,,
2026-03-27T13:04:04.621Z,market,trade,WINFUT,182810.0,1,,,,XP Investimentos CCTVM S/A,AGORA CTVM S/A,,,
2026-03-27T13:04:04.621Z,market,trade,WINFUT,182810.0,1,,,,XP Investimentos CCTVM S/A,BTG Pactual CTVM S.A.,,,
2026-03-27T13:04:04.621Z,market,trade,WINFUT,182810.0,1,,,,XP Investimentos CCTVM S/A,AGORA CTVM S/A,,,
2026-03-27T13:04:04.621Z,market,trade,WINFUT,182810.0,1,,,,SANTANDER CORRETORA DE TITULOS E VALORES MOBILIARIOS S.A.,SANTANDER CORRETORA DE TITULOS E VALORES MOBILIARIOS S.A.,,,
2026-03-27T13:04:04.621Z,market,trade,WINFUT,182805.0,1,,,,UBS BRASIL CCTVM S/A,SANTANDER CORRETORA DE TITULOS E VALORES MOBILIARIOS S.A.,,,
2026-03-27T13:04:04.672Z,market,trade,WINFUT,182810.0,10,,,,BTG Pactual CTVM S.A.,BTG Pactual CTVM S.A.,,,
2026-03-27T13:04:04.672Z,market,trade,WINFUT,182810.0,1,,,,XP Investimentos CCTVM S/A,XP Investimentos CCTVM S/A,,,
2026-03-27T13:04:04.672Z,market,trade,WINFUT,182810.0,5,,,,XP Investimentos CCTVM S/A,XP Investimentos CCTVM S/A,,,
2026-03-27T13:04:04.672Z,market,trade,WINFUT,182810.0,1,,,,SANTANDER CORRETORA DE TITULOS E VALORES MOBILIARIOS S.A.,SANTANDER CORRETORA DE TITULOS E VALORES MOBILIARIOS S.A.,,,
2026-03-27T13:04:04.672Z,market,trade,WINFUT,182810.0,3,,,,SANTANDER CORRETORA DE TITULOS E VALORES MOBILIARIOS S.A.,SANTANDER CORRETORA DE TITULOS E VALORES MOBILIARIOS S.A.,,,
2026-03-27T13:04:04.673Z,market,trade,WINFUT,182810.0,1,,,,GENIAL INSTITUCIONAL CCTVM S.A,GENIAL INSTITUCIONAL CCTVM S.A,,,
2026-03-27T13:04:04.673Z,market,trade,WINFUT,182810.0,1,,,,BTG Pactual CTVM S.A.,BTG Pactual CTVM S.A.,,,
2026-03-27T13:04:04.857Z,market,trade,WINFUT,182810.0,1,,,,XP Investimentos CCTVM S/A,XP Investimentos CCTVM S/A,,,
2026-03-27T13:04:04.857Z,market,trade,WINFUT,182805.0,1,,,,XP Investimentos CCTVM S/A,XP Investimentos CCTVM S/A,,,
2026-03-27T13:04:04.857Z,market,trade,WINFUT,182810.0,4,,,,GOLDMAN SACHS DO BRASIL CTVM,AGORA CTVM S/A,,,
2026-03-27T13:04:04.857Z,market,trade,WINFUT,182810.0,3,,,,GOLDMAN SACHS DO BRASIL CTVM,AGORA CTVM S/A,,,
2026-03-27T13:04:04.857Z,market,trade,WINFUT,182810.0,7,,,,GOLDMAN SACHS DO BRASIL CTVM,IDEAL CTVM SA,,,
2026-03-27T13:04:04.857Z,market,trade,WINFUT,182810.0,4,,,,GOLDMAN SACHS DO BRASIL CTVM,GENIAL INSTITUCIONAL CCTVM S.A,,,
2026-03-27T13:04:04.857Z,market,trade,WINFUT,182810.0,1,,,,GOLDMAN SACHS DO BRASIL CTVM,IDEAL CTVM SA,,,
2026-03-27T13:04:04.857Z,market,trade,WINFUT,182810.0,1,,,,GOLDMAN SACHS DO BRASIL CTVM,BTG Pactual CTVM S.A.,,,
2026-03-27T13:04:04.857Z,market,trade,WINFUT,182810.0,1,,,,GOLDMAN SACHS DO BRASIL CTVM,BTG Pactual CTVM S.A.,,,
2026-03-27T13:04:04.857Z,market,trade,WINFUT,182805.0,1,,,,XP Investimentos CCTVM S/A,XP Investimentos CCTVM S/A,,,
2026-03-27T13:04:04.857Z,market,trade,WINFUT,182810.0,1,,,,SANTANDER CORRETORA DE TITULOS E VALORES MOBILIARIOS S.A.,IDEAL CTVM SA,,,
2026-03-27T13:04:04.857Z,market,trade,WINFUT,182810.0,1,,,,SANTANDER CORRETORA DE TITULOS E VALORES MOBILIARIOS S.A.,XP Investimentos CCTVM S/A,,,
2026-03-27T13:04:04.857Z,market,trade,WINFUT,182810.0,1,,,,SANTANDER CORRETORA DE TITULOS E VALORES MOBILIARIOS S.A.,IDEAL CTVM SA,,,
2026-03-27T13:04:04.857Z,market,trade,WINFUT,182810.0,1,,,,SANTANDER CORRETORA DE TITULOS E VALORES MOBILIARIOS S.A.,AGORA CTVM S/A,,,
2026-03-27T13:04:04.857Z,market,trade,WINFUT,182815.0,1,,,,SANTANDER CORRETORA DE TITULOS E VALORES MOBILIARIOS S.A.,GENIAL INSTITUCIONAL CCTVM S.A,,,
2026-03-27T13:04:04.857Z,market,trade,WINFUT,182810.0,4,,,,IDEAL CTVM SA,GENIAL INSTITUCIONAL CCTVM S.A,,,
2026-03-27T13:04:04.857Z,market,trade,WINFUT,182810.0,10,,,,SANTANDER CORRETORA DE TITULOS E VALORES MOBILIARIOS S.A.,IDEAL CTVM SA,,,
2026-03-27T13:04:04.857Z,market,trade,WINFUT,182810.0,5,,,,SANTANDER CORRETORA DE TITULOS E VALORES MOBILIARIOS S.A.,XP Investimentos CCTVM S/A,,,
2026-03-27T13:04:04.857Z,market,trade,WINFUT,182810.0,4,,,,SANTANDER CORRETORA DE TITULOS E VALORES MOBILIARIOS S.A.,XP Investimentos CCTVM S/A,,,
2026-03-27T13:04:04.857Z,market,trade,WINFUT,182815.0,5,,,,SANTANDER CORRETORA DE TITULOS E VALORES MOBILIARIOS S.A.,GENIAL INSTITUCIONAL CCTVM S.A,,,
2026-03-27T13:04:04.857Z,market,trade,WINFUT,182815.0,1,,,,SANTANDER CORRETORA DE TITULOS E VALORES MOBILIARIOS S.A.,BTG Pactual CTVM S.A.,,,
2026-03-27T13:04:04.857Z,market,trade,WINFUT,182815.0,18,,,,SANTANDER CORRETORA DE TITULOS E VALORES MOBILIARIOS S.A.,UBS BRASIL CCTVM S/A,,,
2026-03-27T13:04:04.857Z,market,trade,WINFUT,182815.0,7,,,,SANTANDER CORRETORA DE TITULOS E VALORES MOBILIARIOS S.A.,IDEAL CTVM SA,,,
2026-03-27T13:04:04.857Z,market,trade,WINFUT,182810.0,2,,,,XP Investimentos CCTVM S/A,XP Investimentos CCTVM S/A,,,
2026-03-27T13:04:04.857Z,market,trade,WINFUT,182810.0,9,,,,UBS BRASIL CCTVM S/A,IDEAL CTVM SA,,,
2026-03-27T13:04:04.857Z,market,trade,WINFUT,182810.0,9,,,,UBS BRASIL CCTVM S/A,IDEAL CTVM SA,,,
2026-03-27T13:04:04.857Z,market,trade,WINFUT,182810.0,1,,,,XP Investimentos CCTVM S/A,AGORA CTVM S/A,,,
2026-03-27T13:04:04.857Z,market,trade,WINFUT,182810.0,1,,,,XP Investimentos CCTVM S/A,AGORA CTVM S/A,,,
2026-03-27T13:04:04.858Z,market,trade,WINFUT,182810.0,2,,,,XP Investimentos CCTVM S/A,IDEAL CTVM SA,,,
2026-03-27T13:04:05.060Z,market,trade,WINFUT,182810.0,10,,,,IDEAL CTVM SA,IDEAL CTVM SA,,,
2026-03-27T13:04:05.060Z,market,trade,WINFUT,182810.0,1,,,,IDEAL CTVM SA,XP Investimentos CCTVM S/A,,,
2026-03-27T13:04:05.060Z,market,trade,WINFUT,182810.0,9,,,,IDEAL CTVM SA,UBS BRASIL CCTVM S/A,,,
2026-03-27T13:04:05.060Z,market,trade,WINFUT,182810.0,1,,,,BTG Pactual CTVM S.A.,BTG Pactual CTVM S.A.,,,
2026-03-27T13:04:05.060Z,market,trade,WINFUT,182815.0,5,,,,BTG Pactual CTVM S.A.,BTG Pactual CTVM S.A.,,,
2026-03-27T13:04:05.060Z,market,trade,WINFUT,182815.0,3,,,,XP Investimentos CCTVM S/A,XP Investimentos CCTVM S/A,,,
2026-03-27T13:04:05.060Z,market,trade,WINFUT,182815.0,1,,,,XP Investimentos CCTVM S/A,XP Investimentos CCTVM S/A,,,
2026-03-27T13:04:05.060Z,market,trade,WINFUT,182810.0,1,,,,IDEAL CTVM SA,Elliot-Warren,,,
2026-03-27T13:04:05.060Z,market,trade,WINFUT,182810.0,8,,,,IDEAL CTVM SA,IDEAL CTVM SA,,,
2026-03-27T13:04:05.060Z,market,trade,WINFUT,182810.0,1,,,,BTG Pactual CTVM S.A.,IDEAL CTVM SA,,,
2026-03-27T13:04:05.306Z,market,trade,WINFUT,182810.0,1,,,,GENIAL INSTITUCIONAL CCTVM S.A,BTG Pactual CTVM S.A.,,,
2026-03-27T13:04:05.306Z,market,trade,WINFUT,182810.0,1,,,,GENIAL INSTITUCIONAL CCTVM S.A,AGORA CTVM S/A,,,
2026-03-27T13:04:05.306Z,market,trade,WINFUT,182805.0,1,,,,UBS BRASIL CCTVM S/A,INTER DTVM LTDA,,,
2026-03-27T13:04:05.306Z,market,trade,WINFUT,182805.0,1,,,,XP Investimentos CCTVM S/A,XP Investimentos CCTVM S/A,,,
2026-03-27T13:04:05.306Z,market,trade,WINFUT,182810.0,1,,,,BTG Pactual CTVM S.A.,GENIAL INSTITUCIONAL CCTVM S.A,,,
2026-03-27T13:04:05.306Z,market,trade,WINFUT,182810.0,3,,,,BTG Pactual CTVM S.A.,GENIAL INSTITUCIONAL CCTVM S.A,,,
2026-03-27T13:04:05.306Z,market,trade,WINFUT,182810.0,1,,,,BTG Pactual CTVM S.A.,BTG Pactual CTVM S.A.,,,
2026-03-27T13:04:05.306Z,market,trade,WINFUT,182815.0,4,,,,BTG Pactual CTVM S.A.,IDEAL CTVM SA,,,
2026-03-27T13:04:05.306Z,market,trade,WINFUT,182815.0,2,,,,BTG Pactual CTVM S.A.,GENIAL INSTITUCIONAL CCTVM S.A,,,
2026-03-27T13:04:05.456Z,market,trade,WINFUT,182810.0,2,,,,CM Capital Markets CCTVM LTDA,CM Capital Markets CCTVM LTDA,,,
2026-03-27T13:04:05.456Z,market,trade,WINFUT,182805.0,1,,,,XP Investimentos CCTVM S/A,XP Investimentos CCTVM S/A,,,
2026-03-27T13:04:05.456Z,market,trade,WINFUT,182805.0,5,,,,GENIAL INSTITUCIONAL CCTVM S.A,GENIAL INSTITUCIONAL CCTVM S.A,,,
2026-03-27T13:04:05.456Z,market,trade,WINFUT,182810.0,1,,,,GENIAL INSTITUCIONAL CCTVM S.A,GENIAL INSTITUCIONAL CCTVM S.A,,,
2026-03-27T13:04:05.456Z,market,trade,WINFUT,182810.0,1,,,,TERRA INVESTIMENTOS DTVM LTDA,BTG Pactual CTVM S.A.,,,
2026-03-27T13:04:05.456Z,market,trade,WINFUT,182810.0,1,,,,TERRA INVESTIMENTOS DTVM LTDA,AGORA CTVM S/A,,,
2026-03-27T13:04:05.456Z,market,trade,WINFUT,182810.0,1,,,,C6 CTVM LTDA,IDEAL CTVM SA,,,
2026-03-27T13:04:05.456Z,market,trade,WINFUT,182810.0,1,,,,C6 CTVM LTDA,IDEAL CTVM SA,,,
2026-03-27T13:04:05.456Z,market,trade,WINFUT,182815.0,2,,,,C6 CTVM LTDA,GENIAL INSTITUCIONAL CCTVM S.A,,,
2026-03-27T13:04:05.456Z,market,trade,WINFUT,182815.0,1,,,,C6 CTVM LTDA,AGORA CTVM S/A,,,
2026-03-27T13:04:05.456Z,market,trade,WINFUT,182815.0,1,,,,C6 CTVM LTDA,BTG Pactual CTVM S.A.,,,
2026-03-27T13:04:05.456Z,market,trade,WINFUT,182815.0,5,,,,C6 CTVM LTDA,IDEAL CTVM SA,,,
2026-03-27T13:04:05.456Z,market,trade,WINFUT,182815.0,1,,,,C6 CTVM LTDA,BTG Pactual CTVM S.A.,,,
2026-03-27T13:04:05.456Z,market,trade,WINFUT,182810.0,2,,,,BTG Pactual CTVM S.A.,BTG Pactual CTVM S.A.,,,
2026-03-27T13:04:05.457Z,market,trade,WINFUT,182810.0,1,,,,XP Investimentos CCTVM S/A,XP Investimentos CCTVM S/A,,,
2026-03-27T13:04:05.457Z,market,trade,WINFUT,182810.0,2,,,,XP Investimentos CCTVM S/A,XP Investimentos CCTVM S/A,,,
2026-03-27T13:04:05.457Z,market,trade,WINFUT,182805.0,1,,,,UBS BRASIL CCTVM S/A,GENIAL INSTITUCIONAL CCTVM S.A,,,
2026-03-27T13:04:05.457Z,market,trade,WINFUT,182810.0,1,,,,BTG Pactual CTVM S.A.,XP Investimentos CCTVM S/A,,,
2026-03-27T13:04:05.457Z,market,trade,WINFUT,182810.0,1,,,,IDEAL CTVM SA,BTG Pactual CTVM S.A.,,,
2026-03-27T13:04:05.817Z,market,trade,WINFUT,182815.0,1,,,,BTG Pactual CTVM S.A.,IDEAL CTVM SA,,,
2026-03-27T13:04:05.817Z,market,trade,WINFUT,182815.0,1,,,,IDEAL CTVM SA,BTG Pactual CTVM S.A.,,,
2026-03-27T13:04:05.817Z,market,trade,WINFUT,182815.0,1,,,,IDEAL CTVM SA,AGORA CTVM S/A,,,
2026-03-27T13:04:05.817Z,market,trade,WINFUT,182815.0,5,,,,IDEAL CTVM SA,IDEAL CTVM SA,,,
2026-03-27T13:04:05.817Z,market,trade,WINFUT,182815.0,1,,,,IDEAL CTVM SA,BTG Pactual CTVM S.A.,,,
2026-03-27T13:04:05.817Z,market,trade,WINFUT,182820.0,1,,,,XP Investimentos CCTVM S/A,XP Investimentos CCTVM S/A,,,
2026-03-27T13:04:05.818Z,market,trade,WINFUT,182820.0,1,,,,GENIAL INSTITUCIONAL CCTVM S.A,BTG Pactual CTVM S.A.,,,
2026-03-27T13:04:05.818Z,market,trade,WINFUT,182820.0,4,,,,GENIAL INSTITUCIONAL CCTVM S.A,XP Investimentos CCTVM S/A,,,
2026-03-27T13:04:05.818Z,market,trade,WINFUT,182820.0,1,,,,GENIAL INSTITUCIONAL CCTVM S.A,XP Investimentos CCTVM S/A,,,
2026-03-27T13:04:05.818Z,market,trade,WINFUT,182820.0,2,,,,GENIAL INSTITUCIONAL CCTVM S.A,IDEAL CTVM SA,,,
2026-03-27T13:04:05.818Z,market,trade,WINFUT,182820.0,2,,,,XP Investimentos CCTVM S/A,XP Investimentos CCTVM S/A,,,
2026-03-27T13:04:05.818Z,market,trade,WINFUT,182820.0,5,,,,GENIAL INSTITUCIONAL CCTVM S.A,GENIAL INSTITUCIONAL CCTVM S.A,,,
2026-03-27T13:04:05.818Z,market,trade,WINFUT,182815.0,1,,,,XP Investimentos CCTVM S/A,XP Investimentos CCTVM S/A,,,
2026-03-27T13:04:05.818Z,market,trade,WINFUT,182820.0,1,,,,XP Investimentos CCTVM S/A,XP Investimentos CCTVM S/A,,,
2026-03-27T13:04:05.818Z,market,trade,WINFUT,182820.0,1,,,,GENIAL INSTITUCIONAL CCTVM S.A,GENIAL INSTITUCIONAL CCTVM S.A,,,
2026-03-27T13:04:05.818Z,market,trade,WINFUT,182820.0,1,,,,XP Investimentos CCTVM S/A,XP Investimentos CCTVM S/A,,,
2026-03-27T13:04:05.818Z,market,trade,WINFUT,182820.0,1,,,,XP Investimentos CCTVM S/A,XP Investimentos CCTVM S/A,,,
2026-03-27T13:04:05.818Z,market,trade,WINFUT,182820.0,1,,,,XP Investimentos CCTVM S/A,IDEAL CTVM SA,,,
2026-03-27T13:04:05.818Z,market,trade,WINFUT,182820.0,1,,,,INTER DTVM LTDA,IDEAL CTVM SA,,,
2026-03-27T13:04:05.818Z,market,trade,WINFUT,182820.0,1,,,,INTER DTVM LTDA,BTG Pactual CTVM S.A.,,,
2026-03-27T13:04:05.818Z,market,trade,WINFUT,182815.0,1,,,,IDEAL CTVM SA,GENIAL INSTITUCIONAL CCTVM S.A,,,
2026-03-27T13:04:05.818Z,market,trade,WINFUT,182820.0,1,,,,GENIAL INSTITUCIONAL CCTVM S.A,GENIAL INSTITUCIONAL CCTVM S.A,,,
2026-03-27T13:04:05.818Z,market,trade,WINFUT,182820.0,5,,,,XP Investimentos CCTVM S/A,UBS BRASIL CCTVM S/A,,,
2026-03-27T13:04:05.818Z,market,trade,WINFUT,182820.0,1,,,,XP Investimentos CCTVM S/A,UBS BRASIL CCTVM S/A,,,
2026-03-27T13:04:05.818Z,market,trade,WINFUT,182820.0,1,,,,GENIAL INSTITUCIONAL CCTVM S.A,GENIAL INSTITUCIONAL CCTVM S.A,,,
2026-03-27T13:04:06.134Z,market,trade,WINFUT,182820.0,57,,,,GENIAL INSTITUCIONAL CCTVM S.A,GENIAL INSTITUCIONAL CCTVM S.A,,,
2026-03-27T13:04:06.134Z,market,trade,WINFUT,182815.0,10,,,,BTG Pactual CTVM S.A.,BTG Pactual CTVM S.A.,,,
2026-03-27T13:04:06.134Z,market,trade,WINFUT,182820.0,4,,,,BTG Pactual CTVM S.A.,BTG Pactual CTVM S.A.,,,
2026-03-27T13:04:06.134Z,market,trade,WINFUT,182815.0,2,,,,Elliot-Warren,Elliot-Warren,,,
2026-03-27T13:04:06.134Z,market,trade,WINFUT,182820.0,1,,,,SANTANDER CORRETORA DE TITULOS E VALORES MOBILIARIOS S.A.,SANTANDER CORRETORA DE TITULOS E VALORES MOBILIARIOS S.A.,,,
2026-03-27T13:04:06.134Z,market,trade,WINFUT,182820.0,2,,,,XP Investimentos CCTVM S/A,UBS BRASIL CCTVM S/A,,,
2026-03-27T13:04:06.218Z,market,trade,WINFUT,182815.0,10,,,,XP Investimentos CCTVM S/A,XP Investimentos CCTVM S/A,,,
2026-03-27T13:04:06.218Z,market,trade,WINFUT,182820.0,3,,,,SANTANDER CORRETORA DE TITULOS E VALORES MOBILIARIOS S.A.,SANTANDER CORRETORA DE TITULOS E VALORES MOBILIARIOS S.A.,,,
2026-03-27T13:04:06.218Z,market,trade,WINFUT,182820.0,3,,,,SANTANDER CORRETORA DE TITULOS E VALORES MOBILIARIOS S.A.,UBS BRASIL CCTVM S/A,,,
2026-03-27T13:04:06.317Z,market,trade,WINFUT,182820.0,1,,,,UBS BRASIL CCTVM S/A,BTG Pactual CTVM S.A.,,,
2026-03-27T13:04:06.317Z,market,trade,WINFUT,182820.0,1,,,,UBS BRASIL CCTVM S/A,XP Investimentos CCTVM S/A,,,
2026-03-27T13:04:06.317Z,market,trade,WINFUT,182820.0,1,,,,UBS BRASIL CCTVM S/A,XP Investimentos CCTVM S/A,,,
2026-03-27T13:04:06.317Z,market,trade,WINFUT,182820.0,5,,,,UBS BRASIL CCTVM S/A,IDEAL CTVM SA,,,
2026-03-27T13:04:06.317Z,market,trade,WINFUT,182820.0,1,,,,UBS BRASIL CCTVM S/A,AGORA CTVM S/A,,,
2026-03-27T13:04:06.317Z,market,trade,WINFUT,182820.0,1,,,,UBS BRASIL CCTVM S/A,IDEAL CTVM SA,,,
2026-03-27T13:04:06.317Z,market,trade,WINFUT,182820.0,1,,,,UBS BRASIL CCTVM S/A,BTG Pactual CTVM S.A.,,,
2026-03-27T13:04:06.317Z,market,trade,WINFUT,182820.0,1,,,,UBS BRASIL CCTVM S/A,AGORA CTVM S/A,,,
2026-03-27T13:04:06.317Z,market,trade,WINFUT,182820.0,10,,,,IDEAL CTVM SA,IDEAL CTVM SA,,,
2026-03-27T13:04:06.318Z,market,trade,WINFUT,182820.0,1,,,,BTG Pactual CTVM S.A.,XP Investimentos CCTVM S/A,,,
2026-03-27T13:04:06.318Z,market,trade,WINFUT,182820.0,5,,,,BTG Pactual CTVM S.A.,BTG Pactual CTVM S.A.,,,
2026-03-27T13:04:06.318Z,market,trade,WINFUT,182820.0,2,,,,BTG Pactual CTVM S.A.,BTG Pactual CTVM S.A.,,,
2026-03-27T13:04:06.318Z,market,trade,WINFUT,182815.0,1,,,,XP Investimentos CCTVM S/A,XP Investimentos CCTVM S/A,,,
2026-03-27T13:04:06.318Z,market,trade,WINFUT,182820.0,1,,,,Elliot-Warren,XP Investimentos CCTVM S/A,,,
2026-03-27T13:04:06.318Z,market,trade,WINFUT,182820.0,3,,,,Elliot-Warren,XP Investimentos CCTVM S/A,,,
2026-03-27T13:04:06.318Z,market,trade,WINFUT,182815.0,2,,,,CM Capital Markets CCTVM LTDA,CM Capital Markets CCTVM LTDA,,,
2026-03-27T13:04:07.069Z,market,trade,WINFUT,182820.0,2,,,,XP Investimentos CCTVM S/A,XP Investimentos CCTVM S/A,,,
2026-03-27T13:04:07.069Z,market,trade,WINFUT,182820.0,1,,,,NOVA FUTURA CTVM LTDA,XP Investimentos CCTVM S/A,,,
2026-03-27T13:04:07.069Z,market,trade,WINFUT,182820.0,1,,,,NOVA FUTURA CTVM LTDA,AGORA CTVM S/A,,,
2026-03-27T13:04:07.069Z,market,trade,WINFUT,182820.0,1,,,,AGORA CTVM S/A,IDEAL CTVM SA,,,
2026-03-27T13:04:07.069Z,market,trade,WINFUT,182820.0,1,,,,AGORA CTVM S/A,AGORA CTVM S/A,,,
2026-03-27T13:04:07.069Z,market,trade,WINFUT,182820.0,1,,,,AGORA CTVM S/A,BTG Pactual CTVM S.A.,,,
2026-03-27T13:04:07.069Z,market,trade,WINFUT,182820.0,1,,,,AGORA CTVM S/A,AGORA CTVM S/A,,,
2026-03-27T13:04:07.069Z,market,trade,WINFUT,182820.0,3,,,,AGORA CTVM S/A,IDEAL CTVM SA,,,
2026-03-27T13:04:07.069Z,market,trade,WINFUT,182820.0,1,,,,AGORA CTVM S/A,AGORA CTVM S/A,,,
2026-03-27T13:04:07.069Z,market,trade,WINFUT,182820.0,12,,,,AGORA CTVM S/A,IDEAL CTVM SA,,,
2026-03-27T13:04:07.069Z,market,trade,WINFUT,182820.0,1,,,,BTG Pactual CTVM S.A.,BTG Pactual CTVM S.A.,,,
2026-03-27T13:04:07.204Z,market,trade,WINFUT,182820.0,2,,,,XP Investimentos CCTVM S/A,XP Investimentos CCTVM S/A,,,
2026-03-27T13:04:07.205Z,market,trade,WINFUT,182815.0,2,,,,XP Investimentos CCTVM S/A,XP Investimentos CCTVM S/A,,,
2026-03-27T13:04:07.572Z,market,trade,WINFUT,182820.0,1,,,,XP Investimentos CCTVM S/A,XP Investimentos CCTVM S/A,,,
2026-03-27T13:04:07.572Z,market,trade,WINFUT,182820.0,1,,,,GENIAL INSTITUCIONAL CCTVM S.A,GENIAL INSTITUCIONAL CCTVM S.A,,,
2026-03-27T13:04:07.572Z,market,trade,WINFUT,182815.0,1,,,,XP Investimentos CCTVM S/A,XP Investimentos CCTVM S/A,,,
2026-03-27T13:04:07.572Z,market,trade,WINFUT,182820.0,1,,,,XP Investimentos CCTVM S/A,XP Investimentos CCTVM S/A,,,
2026-03-27T13:04:07.572Z,market,trade,WINFUT,182815.0,14,,,,XP Investimentos CCTVM S/A,XP Investimentos CCTVM S/A,,,
2026-03-27T13:04:07.572Z,market,trade,WINFUT,182815.0,9,,,,IDEAL CTVM SA,XP Investimentos CCTVM S/A,,,
2026-03-27T13:04:07.572Z,market,trade,WINFUT,182815.0,1,,,,AGORA CTVM S/A,XP Investimentos CCTVM S/A,,,
2026-03-27T13:04:07.572Z,market,trade,WINFUT,182815.0,1,,,,BTG Pactual CTVM S.A.,XP Investimentos CCTVM S/A,,,
2026-03-27T13:04:07.572Z,market,trade,WINFUT,182820.0,1,,,,AGORA CTVM S/A,BTG Pactual CTVM S.A.,,,
2026-03-27T13:04:07.572Z,market,trade,WINFUT,182820.0,1,,,,AGORA CTVM S/A,IDEAL CTVM SA,,,
2026-03-27T13:04:07.572Z,market,trade,WINFUT,182820.0,1,,,,AGORA CTVM S/A,AGORA CTVM S/A,,,
2026-03-27T13:04:07.572Z,market,trade,WINFUT,182820.0,5,,,,AGORA CTVM S/A,XP Investimentos CCTVM S/A,,,
2026-03-27T13:04:07.572Z,market,trade,WINFUT,182820.0,1,,,,AGORA CTVM S/A,XP Investimentos CCTVM S/A,,,
2026-03-27T13:04:07.572Z,market,trade,WINFUT,182820.0,1,,,,AGORA CTVM S/A,BTG Pactual CTVM S.A.,,,
2026-03-27T13:04:07.572Z,market,trade,WINFUT,182825.0,2,,,,BTG Pactual CTVM S.A.,BTG Pactual CTVM S.A.,,,
2026-03-27T13:04:07.649Z,market,trade,WINFUT,182825.0,2,,,,GENIAL INSTITUCIONAL CCTVM S.A,GENIAL INSTITUCIONAL CCTVM S.A,,,
2026-03-27T13:04:07.649Z,market,trade,WINFUT,182820.0,1,,,,BTG Pactual CTVM S.A.,BTG Pactual CTVM S.A.,,,
2026-03-27T13:04:07.649Z,market,trade,WINFUT,182820.0,10,,,,AGORA CTVM S/A,Elliot-Warren,,,
2026-03-27T13:04:07.649Z,market,trade,WINFUT,182820.0,10,,,,IDEAL CTVM SA,Elliot-Warren,,,
2026-03-27T13:04:07.649Z,market,trade,WINFUT,182820.0,5,,,,UBS BRASIL CCTVM S/A,Elliot-Warren,,,
2026-03-27T13:04:07.649Z,market,trade,WINFUT,182820.0,50,,,,SANTANDER CORRETORA DE TITULOS E VALORES MOBILIARIOS S.A.,SANTANDER CORRETORA DE TITULOS E VALORES MOBILIARIOS S.A.,,,
2026-03-27T13:04:07.649Z,market,trade,WINFUT,182820.0,5,,,,XP Investimentos CCTVM S/A,XP Investimentos CCTVM S/A,,,
2026-03-27T13:04:07.649Z,market,trade,WINFUT,182820.0,1,,,,XP Investimentos CCTVM S/A,XP Investimentos CCTVM S/A,,,
2026-03-27T13:04:07.691Z,market,trade,WINFUT,182820.0,1,,,,UBS BRASIL CCTVM S/A,GENIAL INSTITUCIONAL CCTVM S.A,,,
2026-03-27T13:04:07.691Z,market,trade,WINFUT,182820.0,2,,,,UBS BRASIL CCTVM S/A,NOVA FUTURA CTVM LTDA,,,
2026-03-27T13:04:07.737Z,market,trade,WINFUT,182820.0,1,,,,BTG Pactual CTVM S.A.,BTG Pactual CTVM S.A.,,,
2026-03-27T13:04:07.737Z,market,trade,WINFUT,182820.0,1,,,,XP Investimentos CCTVM S/A,XP Investimentos CCTVM S/A,,,
2026-03-27T13:04:07.737Z,market,trade,WINFUT,182820.0,10,,,,XP Investimentos CCTVM S/A,XP Investimentos CCTVM S/A,,,
2026-03-27T13:04:07.737Z,market,trade,WINFUT,182825.0,1,,,,GENIAL INSTITUCIONAL CCTVM S.A,GENIAL INSTITUCIONAL CCTVM S.A,,,
2026-03-27T13:04:07.737Z,market,trade,WINFUT,182825.0,1,,,,XP Investimentos CCTVM S/A,XP Investimentos CCTVM S/A,,,
2026-03-27T13:04:07.737Z,market,trade,WINFUT,182825.0,1,,,,UBS BRASIL CCTVM S/A,BTG Pactual CTVM S.A.,,,
2026-03-27T13:04:07.737Z,market,trade,WINFUT,182825.0,1,,,,UBS BRASIL CCTVM S/A,IDEAL CTVM SA,,,
2026-03-27T13:04:07.737Z,market,trade,WINFUT,182825.0,1,,,,UBS BRASIL CCTVM S/A,BTG Pactual CTVM S.A.,,,
2026-03-27T13:04:07.737Z,market,trade,WINFUT,182825.0,1,,,,UBS BRASIL CCTVM S/A,AGORA CTVM S/A,,,
2026-03-27T13:04:07.737Z,market,trade,WINFUT,182825.0,1,,,,UBS BRASIL CCTVM S/A,BTG Pactual CTVM S.A.,,,
2026-03-27T13:04:07.737Z,market,trade,WINFUT,182825.0,1,,,,UBS BRASIL CCTVM S/A,BTG Pactual CTVM S.A.,,,
2026-03-27T13:04:07.737Z,market,trade,WINFUT,182825.0,1,,,,UBS BRASIL CCTVM S/A,BTG Pactual CTVM S.A.,,,
2026-03-27T13:04:07.737Z,market,trade,WINFUT,182825.0,5,,,,UBS BRASIL CCTVM S/A,IDEAL CTVM SA,,,
2026-03-27T13:04:07.737Z,market,trade,WINFUT,182825.0,1,,,,UBS BRASIL CCTVM S/A,AGORA CTVM S/A,,,
2026-03-27T13:04:07.737Z,market,trade,WINFUT,182825.0,2,,,,UBS BRASIL CCTVM S/A,AGORA CTVM S/A,,,
2026-03-27T13:04:07.737Z,market,trade,WINFUT,182825.0,3,,,,UBS BRASIL CCTVM S/A,XP Investimentos CCTVM S/A,,,
2026-03-27T13:04:07.737Z,market,trade,WINFUT,182825.0,2,,,,IDEAL CTVM SA,XP Investimentos CCTVM S/A,,,
2026-03-27T13:04:07.737Z,market,trade,WINFUT,182825.0,3,,,,IDEAL CTVM SA,IDEAL CTVM SA,,,
2026-03-27T13:04:07.737Z,market,trade,WINFUT,182830.0,1,,,,XP Investimentos CCTVM S/A,XP Investimentos CCTVM S/A,,,
2026-03-27T13:04:07.738Z,market,trade,WINFUT,182830.0,1,,,,XP Investimentos CCTVM S/A,XP Investimentos CCTVM S/A,,,
2026-03-27T13:04:07.738Z,market,trade,WINFUT,182830.0,2,,,,XP Investimentos CCTVM S/A,BTG Pactual CTVM S.A.,,,
2026-03-27T13:04:07.738Z,market,trade,WINFUT,182830.0,1,,,,XP Investimentos CCTVM S/A,XP Investimentos CCTVM S/A,,,
2026-03-27T13:04:07.738Z,market,trade,WINFUT,182830.0,1,,,,BTG Pactual CTVM S.A.,XP Investimentos CCTVM S/A,,,
2026-03-27T13:04:08.156Z,market,trade,WINFUT,182825.0,1,,,,AGORA CTVM S/A,IDEAL CTVM SA,,,
2026-03-27T13:04:08.156Z,market,trade,WINFUT,182825.0,1,,,,BTG Pactual CTVM S.A.,IDEAL CTVM SA,,,
2026-03-27T13:04:08.156Z,market,trade,WINFUT,182825.0,1,,,,XP Investimentos CCTVM S/A,IDEAL CTVM SA,,,
2026-03-27T13:04:08.157Z,market,trade,WINFUT,182825.0,4,,,,XP Investimentos CCTVM S/A,IDEAL CTVM SA,,,
2026-03-27T13:04:08.157Z,market,trade,WINFUT,182825.0,5,,,,UBS BRASIL CCTVM S/A,IDEAL CTVM SA,,,
2026-03-27T13:04:08.157Z,market,trade,WINFUT,182825.0,1,,,,AGORA CTVM S/A,AGORA CTVM S/A,,,
2026-03-27T13:04:08.157Z,market,trade,WINFUT,182825.0,2,,,,AGORA CTVM S/A,UBS BRASIL CCTVM S/A,,,
2026-03-27T13:04:08.157Z,market,trade,WINFUT,182825.0,1,,,,AGORA CTVM S/A,IDEAL CTVM SA,,,
2026-03-27T13:04:08.157Z,market,trade,WINFUT,182825.0,3,,,,AGORA CTVM S/A,IDEAL CTVM SA,,,
2026-03-27T13:04:08.157Z,market,trade,WINFUT,182820.0,1,,,,BTG Pactual CTVM S.A.,IDEAL CTVM SA,,,
2026-03-27T13:04:08.157Z,market,trade,WINFUT,182820.0,1,,,,BTG Pactual CTVM S.A.,IDEAL CTVM SA,,,
2026-03-27T13:04:08.157Z,market,trade,WINFUT,182820.0,3,,,,GENIAL INSTITUCIONAL CCTVM S.A,IDEAL CTVM SA,,,
2026-03-27T13:04:08.157Z,market,trade,WINFUT,182820.0,1,,,,BTG Pactual CTVM S.A.,IDEAL CTVM SA,,,
2026-03-27T13:04:08.157Z,market,trade,WINFUT,182815.0,1,,,,XP Investimentos CCTVM S/A,XP Investimentos CCTVM S/A,,,
2026-03-27T13:04:08.157Z,market,trade,WINFUT,182820.0,1,,,,BTG Pactual CTVM S.A.,BTG Pactual CTVM S.A.,,,
2026-03-27T13:04:08.157Z,market,trade,WINFUT,182820.0,1,,,,BTG Pactual CTVM S.A.,XP Investimentos CCTVM S/A,,,
2026-03-27T13:04:08.157Z,market,trade,WINFUT,182825.0,8,,,,BTG Pactual CTVM S.A.,IDEAL CTVM SA,,,
2026-03-27T13:04:08.428Z,market,trade,WINFUT,182820.0,3,,,,IDEAL CTVM SA,J. P. MORGAN CCVM S.A.,,,
2026-03-27T13:04:08.428Z,market,trade,WINFUT,182820.0,1,,,,XP Investimentos CCTVM S/A,J. P. MORGAN CCVM S.A.,,,
2026-03-27T13:04:08.428Z,market,trade,WINFUT,182820.0,6,,,,IDEAL CTVM SA,J. P. MORGAN CCVM S.A.,,,
2026-03-27T13:04:08.428Z,market,trade,WINFUT,182820.0,3,,,,IDEAL CTVM SA,IDEAL CTVM SA,,,
2026-03-27T13:04:08.428Z,market,trade,WINFUT,182820.0,9,,,,IDEAL CTVM SA,IDEAL CTVM SA,,,
2026-03-27T13:04:08.429Z,market,trade,WINFUT,182820.0,7,,,,IDEAL CTVM SA,IDEAL CTVM SA,,,
2026-03-27T13:04:08.429Z,market,trade,WINFUT,182820.0,1,,,,BTG Pactual CTVM S.A.,IDEAL CTVM SA,,,
2026-03-27T13:04:08.429Z,market,trade,WINFUT,182815.0,14,,,,XP Investimentos CCTVM S/A,XP Investimentos CCTVM S/A,,,
2026-03-27T13:04:08.429Z,market,trade,WINFUT,182815.0,1,,,,AGORA CTVM S/A,XP Investimentos CCTVM S/A,,,
2026-03-27T13:04:08.429Z,market,trade,WINFUT,182815.0,1,,,,AGORA CTVM S/A,XP Investimentos CCTVM S/A,,,
2026-03-27T13:04:08.429Z,market,trade,WINFUT,182810.0,9,,,,IDEAL CTVM SA,XP Investimentos CCTVM S/A,,,
2026-03-27T13:04:08.429Z,market,trade,WINFUT,182810.0,9,,,,IDEAL CTVM SA,XP Investimentos CCTVM S/A,,,
2026-03-27T13:04:08.429Z,market,trade,WINFUT,182810.0,6,,,,IDEAL CTVM SA,XP Investimentos CCTVM S/A,,,
2026-03-27T13:04:08.429Z,market,trade,WINFUT,182815.0,9,,,,IDEAL CTVM SA,UBS BRASIL CCTVM S/A,,,
2026-03-27T13:04:08.429Z,market,trade,WINFUT,182815.0,9,,,,IDEAL CTVM SA,UBS BRASIL CCTVM S/A,,,
2026-03-27T13:04:08.429Z,market,trade,WINFUT,182815.0,1,,,,BTG Pactual CTVM S.A.,BTG Pactual CTVM S.A.,,,
2026-03-27T13:04:08.429Z,market,trade,WINFUT,182815.0,4,,,,BTG Pactual CTVM S.A.,XP Investimentos CCTVM S/A,,,
2026-03-27T13:04:08.429Z,market,trade,WINFUT,182815.0,7,,,,BTG Pactual CTVM S.A.,IDEAL CTVM SA,,,
2026-03-27T13:04:08.429Z,market,trade,WINFUT,182815.0,1,,,,BTG Pactual CTVM S.A.,AGORA CTVM S/A,,,
2026-03-27T13:04:08.610Z,market,trade,WINFUT,182815.0,2,,,,SANTANDER CORRETORA DE TITULOS E VALORES MOBILIARIOS S.A.,SANTANDER CORRETORA DE TITULOS E VALORES MOBILIARIOS S.A.,,,
2026-03-27T13:04:08.610Z,market,trade,WINFUT,182815.0,2,,,,XP Investimentos CCTVM S/A,XP Investimentos CCTVM S/A,,,
2026-03-27T13:04:08.610Z,market,trade,WINFUT,182815.0,1,,,,CM Capital Markets CCTVM LTDA,CM Capital Markets CCTVM LTDA,,,
2026-03-27T13:04:08.610Z,market,trade,WINFUT,182810.0,10,,,,UBS BRASIL CCTVM S/A,Elliot-Warren,,,
2026-03-27T13:04:08.610Z,market,trade,WINFUT,182815.0,1,,,,GENIAL INSTITUCIONAL CCTVM S.A,GENIAL INSTITUCIONAL CCTVM S.A,,,
2026-03-27T13:04:08.610Z,market,trade,WINFUT,182815.0,3,,,,GENIAL INSTITUCIONAL CCTVM S.A,GENIAL INSTITUCIONAL CCTVM S.A,,,
2026-03-27T13:04:08.610Z,market,trade,WINFUT,182810.0,8,,,,XP Investimentos CCTVM S/A,XP Investimentos CCTVM S/A,,,
2026-03-27T13:04:08.610Z,market,trade,WINFUT,182815.0,2,,,,GENIAL INSTITUCIONAL CCTVM S.A,GENIAL INSTITUCIONAL CCTVM S.A,,,
2026-03-27T13:04:08.610Z,market,trade,WINFUT,182815.0,1,,,,J. P. MORGAN CCVM S.A.,AGORA CTVM S/A,,,
2026-03-27T13:04:08.610Z,market,trade,WINFUT,182815.0,1,,,,UBS BRASIL CCTVM S/A,BTG Pactual CTVM S.A.,,,
2026-03-27T13:04:08.610Z,market,trade,WINFUT,182815.0,1,,,,UBS BRASIL CCTVM S/A,IDEAL CTVM SA,,,
2026-03-27T13:04:08.610Z,market,trade,WINFUT,182815.0,1,,,,UBS BRASIL CCTVM S/A,AGORA CTVM S/A,,,
2026-03-27T13:04:09.071Z,market,trade,WINFUT,182815.0,1,,,,BTG Pactual CTVM S.A.,BTG Pactual CTVM S.A.,,,
2026-03-27T13:04:09.071Z,market,trade,WINFUT,182815.0,1,,,,XP Investimentos CCTVM S/A,XP Investimentos CCTVM S/A,,,
2026-03-27T13:04:09.071Z,market,trade,WINFUT,182820.0,2,,,,CM Capital Markets CCTVM LTDA,CM Capital Markets CCTVM LTDA,,,
2026-03-27T13:04:09.071Z,market,trade,WINFUT,182820.0,1,,,,XP Investimentos CCTVM S/A,XP Investimentos CCTVM S/A,,,
2026-03-27T13:04:09.071Z,market,trade,WINFUT,182815.0,5,,,,UBS BRASIL CCTVM S/A,XP Investimentos CCTVM S/A,,,
2026-03-27T13:04:09.072Z,market,trade,WINFUT,182815.0,10,,,,UBS BRASIL CCTVM S/A,IDEAL CTVM SA,,,
2026-03-27T13:04:09.072Z,market,trade,WINFUT,182815.0,1,,,,AGORA CTVM S/A,IDEAL CTVM SA,,,
2026-03-27T13:04:09.072Z,market,trade,WINFUT,182815.0,1,,,,BTG Pactual CTVM S.A.,BTG Pactual CTVM S.A.,,,
2026-03-27T13:04:09.072Z,market,trade,WINFUT,182810.0,8,,,,UBS BRASIL CCTVM S/A,IDEAL CTVM SA,,,
2026-03-27T13:04:09.072Z,market,trade,WINFUT,182810.0,1,,,,XP Investimentos CCTVM S/A,IDEAL CTVM SA,,,
2026-03-27T13:04:09.072Z,market,trade,WINFUT,182810.0,1,,,,XP Investimentos CCTVM S/A,IDEAL CTVM SA,,,
2026-03-27T13:04:09.072Z,market,trade,WINFUT,182810.0,3,,,,GENIAL INSTITUCIONAL CCTVM S.A,IDEAL CTVM SA,,,
2026-03-27T13:04:09.072Z,market,trade,WINFUT,182810.0,1,,,,SANTANDER CORRETORA DE TITULOS E VALORES MOBILIARIOS S.A.,IDEAL CTVM SA,,,
2026-03-27T13:04:09.072Z,market,trade,WINFUT,182810.0,4,,,,BTG Pactual CTVM S.A.,IDEAL CTVM SA,,,
2026-03-27T13:04:09.072Z,market,trade,WINFUT,182810.0,25,,,,BTG Pactual CTVM S.A.,IDEAL CTVM SA,,,
2026-03-27T13:04:09.072Z,market,trade,WINFUT,182810.0,1,,,,BTG Pactual CTVM S.A.,IDEAL CTVM SA,,,
2026-03-27T13:04:09.537Z,market,trade,WINFUT,182810.0,2,,,,BTG Pactual CTVM S.A.,BTG Pactual CTVM S.A.,,,
2026-03-27T13:04:09.537Z,market,trade,WINFUT,182810.0,11,,,,XP Investimentos CCTVM S/A,XP Investimentos CCTVM S/A,,,
2026-03-27T13:04:09.537Z,market,trade,WINFUT,182805.0,9,,,,XP Investimentos CCTVM S/A,XP Investimentos CCTVM S/A,,,
2026-03-27T13:04:09.537Z,market,trade,WINFUT,182805.0,1,,,,UBS BRASIL CCTVM S/A,Elliot-Warren,,,
2026-03-27T13:04:09.537Z,market,trade,WINFUT,182805.0,2,,,,UBS BRASIL CCTVM S/A,Elliot-Warren,,,
2026-03-27T13:04:09.537Z,market,trade,WINFUT,182805.0,1,,,,UBS BRASIL CCTVM S/A,Elliot-Warren,,,
2026-03-27T13:04:09.537Z,market,trade,WINFUT,182805.0,2,,,,UBS BRASIL CCTVM S/A,Elliot-Warren,,,
2026-03-27T13:04:09.537Z,market,trade,WINFUT,182805.0,1,,,,UBS BRASIL CCTVM S/A,Elliot-Warren,,,
2026-03-27T13:04:09.537Z,market,trade,WINFUT,182805.0,2,,,,UBS BRASIL CCTVM S/A,Elliot-Warren,,,
2026-03-27T13:04:09.537Z,market,trade,WINFUT,182805.0,2,,,,UBS BRASIL CCTVM S/A,Elliot-Warren,,,
2026-03-27T13:04:09.537Z,market,trade,WINFUT,182805.0,1,,,,AGORA CTVM S/A,Elliot-Warren,,,
2026-03-27T13:04:09.537Z,market,trade,WINFUT,182810.0,32,,,,SANTANDER CORRETORA DE TITULOS E VALORES MOBILIARIOS S.A.,SANTANDER CORRETORA DE TITULOS E VALORES MOBILIARIOS S.A.,,,
2026-03-27T13:04:09.537Z,market,trade,WINFUT,182805.0,1,,,,AGORA CTVM S/A,SANTANDER CORRETORA DE TITULOS E VALORES MOBILIARIOS S.A.,,,
2026-03-27T13:04:09.537Z,market,trade,WINFUT,182810.0,1,,,,SANTANDER CORRETORA DE TITULOS E VALORES MOBILIARIOS S.A.,SANTANDER CORRETORA DE TITULOS E VALORES MOBILIARIOS S.A.,,,
2026-03-27T13:04:09.538Z,market,trade,WINFUT,182805.0,5,,,,XP Investimentos CCTVM S/A,XP Investimentos CCTVM S/A,,,
2026-03-27T13:04:09.538Z,market,trade,WINFUT,182810.0,1,,,,XP Investimentos CCTVM S/A,XP Investimentos CCTVM S/A,,,
2026-03-27T13:04:09.538Z,market,trade,WINFUT,182805.0,1,,,,XP Investimentos CCTVM S/A,Elliot-Warren,,,
2026-03-27T13:04:09.538Z,market,trade,WINFUT,182805.0,2,,,,GENIAL INSTITUCIONAL CCTVM S.A,Elliot-Warren,,,
2026-03-27T13:04:09.538Z,market,trade,WINFUT,182805.0,1,,,,AGORA CTVM S/A,Elliot-Warren,,,
2026-03-27T13:04:09.538Z,market,trade,WINFUT,182805.0,1,,,,AGORA CTVM S/A,Elliot-Warren,,,
2026-03-27T13:04:09.538Z,market,trade,WINFUT,182805.0,1,,,,AGORA CTVM S/A,Elliot-Warren,,,
2026-03-27T13:04:09.538Z,market,trade,WINFUT,182805.0,1,,,,AGORA CTVM S/A,Elliot-Warren,,,
2026-03-27T13:04:09.538Z,market,trade,WINFUT,182805.0,1,,,,AGORA CTVM S/A,Elliot-Warren,,,
2026-03-27T13:04:09.538Z,market,trade,WINFUT,182805.0,1,,,,AGORA CTVM S/A,Elliot-Warren,,,
2026-03-27T13:04:09.538Z,market,trade,WINFUT,182805.0,1,,,,AGORA CTVM S/A,Elliot-Warren,,,
2026-03-27T13:04:09.538Z,market,trade,WINFUT,182810.0,1,,,,XP Investimentos CCTVM S/A,XP Investimentos CCTVM S/A,,,
2026-03-27T13:04:09.538Z,market,trade,WINFUT,182805.0,1,,,,AGORA CTVM S/A,AGORA CTVM S/A,,,
2026-03-27T13:04:09.538Z,market,trade,WINFUT,182805.0,1,,,,AGORA CTVM S/A,AGORA CTVM S/A,,,
2026-03-27T13:04:09.538Z,market,trade,WINFUT,182805.0,1,,,,SANTANDER CORRETORA DE TITULOS E VALORES MOBILIARIOS S.A.,AGORA CTVM S/A,,,
2026-03-27T13:04:09.538Z,market,trade,WINFUT,182805.0,4,,,,Elliot-Warren,AGORA CTVM S/A,,,
2026-03-27T13:04:09.538Z,market,trade,WINFUT,182805.0,1,,,,XP Investimentos CCTVM S/A,AGORA CTVM S/A,,,
2026-03-27T13:04:09.538Z,market,trade,WINFUT,182805.0,2,,,,TERRA INVESTIMENTOS DTVM LTDA,AGORA CTVM S/A,,,
2026-03-27T13:04:09.539Z,market,trade,WINFUT,182805.0,3,,,,ITAU CV S/A,AGORA CTVM S/A,,,
2026-03-27T13:04:09.539Z,market,trade,WINFUT,182805.0,1,,,,XP Investimentos CCTVM S/A,AGORA CTVM S/A,,,
2026-03-27T13:04:09.539Z,market,trade,WINFUT,182805.0,1,,,,AGORA CTVM S/A,AGORA CTVM S/A,,,
2026-03-27T13:04:09.539Z,market,trade,WINFUT,182805.0,1,,,,AGORA CTVM S/A,AGORA CTVM S/A,,,
2026-03-27T13:04:09.539Z,market,trade,WINFUT,182805.0,4,,,,GENIAL INSTITUCIONAL CCTVM S.A,AGORA CTVM S/A,,,
2026-03-27T13:04:09.539Z,market,trade,WINFUT,182805.0,1,,,,GENIAL INSTITUCIONAL CCTVM S.A,AGORA CTVM S/A,,,
2026-03-27T13:04:09.539Z,market,trade,WINFUT,182805.0,4,,,,GENIAL INSTITUCIONAL CCTVM S.A,AGORA CTVM S/A,,,
2026-03-27T13:04:09.539Z,market,trade,WINFUT,182805.0,1,,,,GENIAL INSTITUCIONAL CCTVM S.A,IDEAL CTVM SA,,,
2026-03-27T13:04:09.539Z,market,trade,WINFUT,182805.0,2,,,,INTER DTVM LTDA,IDEAL CTVM SA,,,
2026-03-27T13:04:09.539Z,market,trade,WINFUT,182805.0,1,,,,AGORA CTVM S/A,IDEAL CTVM SA,,,
2026-03-27T13:04:09.539Z,market,trade,WINFUT,182805.0,1,,,,AGORA CTVM S/A,IDEAL CTVM SA,,,
2026-03-27T13:04:09.539Z,market,trade,WINFUT,182805.0,2,,,,UBS BRASIL CCTVM S/A,IDEAL CTVM SA,,,
2026-03-27T13:04:09.539Z,market,trade,WINFUT,182805.0,16,,,,UBS BRASIL CCTVM S/A,AGORA CTVM S/A,,,
2026-03-27T13:04:09.539Z,market,trade,WINFUT,182805.0,1,,,,AGORA CTVM S/A,IDEAL CTVM SA,,,
2026-03-27T13:04:09.540Z,market,trade,WINFUT,182805.0,1,,,,GOLDMAN SACHS DO BRASIL CTVM,IDEAL CTVM SA,,,
2026-03-27T13:04:09.540Z,market,trade,WINFUT,182800.0,1,,,,XP Investimentos CCTVM S/A,IDEAL CTVM SA,,,
2026-03-27T13:04:09.540Z,market,trade,WINFUT,182800.0,3,,,,IDEAL CTVM SA,IDEAL CTVM SA,,,
2026-03-27T13:04:09.540Z,market,trade,WINFUT,182800.0,1,,,,XP Investimentos CCTVM S/A,IDEAL CTVM SA,,,
2026-03-27T13:04:09.540Z,market,trade,WINFUT,182800.0,2,,,,CM Capital Markets CCTVM LTDA,IDEAL CTVM SA,,,
2026-03-27T13:04:09.540Z,market,trade,WINFUT,182800.0,1,,,,XP Investimentos CCTVM S/A,IDEAL CTVM SA,,,
2026-03-27T13:04:09.540Z,market,trade,WINFUT,182800.0,1,,,,GENIAL INSTITUCIONAL CCTVM S.A,IDEAL CTVM SA,,,
2026-03-27T13:04:09.540Z,market,trade,WINFUT,182800.0,3,,,,XP Investimentos CCTVM S/A,IDEAL CTVM SA,,,
2026-03-27T13:04:09.540Z,market,trade,WINFUT,182800.0,3,,,,UBS BRASIL CCTVM S/A,IDEAL CTVM SA,,,
2026-03-27T13:04:09.540Z,market,trade,WINFUT,182800.0,1,,,,IDEAL CTVM SA,XP Investimentos CCTVM S/A,,,
2026-03-27T13:04:09.540Z,market,trade,WINFUT,182800.0,3,,,,IDEAL CTVM SA,XP Investimentos CCTVM S/A,,,
2026-03-27T13:04:09.541Z,market,trade,WINFUT,182800.0,1,,,,IDEAL CTVM SA,XP Investimentos CCTVM S/A,,,
2026-03-27T13:04:09.541Z,market,trade,WINFUT,182800.0,1,,,,IDEAL CTVM SA,BTG Pactual CTVM S.A.,,,
2026-03-27T13:04:09.541Z,market,trade,WINFUT,182800.0,4,,,,IDEAL CTVM SA,XP Investimentos CCTVM S/A,,,
2026-03-27T13:04:09.541Z,market,trade,WINFUT,182800.0,1,,,,IDEAL CTVM SA,XP Investimentos CCTVM S/A,,,
2026-03-27T13:04:09.541Z,market,trade,WINFUT,182800.0,4,,,,IDEAL CTVM SA,IDEAL CTVM SA,,,
2026-03-27T13:04:09.541Z,market,trade,WINFUT,182795.0,1,,,,BTG Pactual CTVM S.A.,IDEAL CTVM SA,,,
2026-03-27T13:04:09.541Z,market,trade,WINFUT,182795.0,1,,,,AGORA CTVM S/A,IDEAL CTVM SA,,,
2026-03-27T13:04:09.541Z,market,trade,WINFUT,182795.0,3,,,,IDEAL CTVM SA,IDEAL CTVM SA,,,
2026-03-27T13:04:09.541Z,market,trade,WINFUT,182795.0,4,,,,IDEAL CTVM SA,IDEAL CTVM SA,,,
2026-03-27T13:04:09.541Z,market,trade,WINFUT,182795.0,1,,,,AGORA CTVM S/A,IDEAL CTVM SA,,,
2026-03-27T13:04:09.541Z,market,trade,WINFUT,182795.0,1,,,,AGORA CTVM S/A,IDEAL CTVM SA,,,
2026-03-27T13:04:09.541Z,market,trade,WINFUT,182795.0,1,,,,AGORA CTVM S/A,IDEAL CTVM SA,,,
2026-03-27T13:04:09.541Z,market,trade,WINFUT,182795.0,1,,,,AGORA CTVM S/A,IDEAL CTVM SA,,,
2026-03-27T13:04:09.541Z,market,trade,WINFUT,182795.0,1,,,,AGORA CTVM S/A,IDEAL CTVM SA,,,
2026-03-27T13:04:09.541Z,market,trade,WINFUT,182795.0,1,,,,AGORA CTVM S/A,IDEAL CTVM SA,,,
2026-03-27T13:04:09.541Z,market,trade,WINFUT,182795.0,1,,,,XP Investimentos CCTVM S/A,IDEAL CTVM SA,,,
2026-03-27T13:04:09.541Z,market,trade,WINFUT,182795.0,1,,,,XP Investimentos CCTVM S/A,IDEAL CTVM SA,,,
2026-03-27T13:04:09.541Z,market,trade,WINFUT,182795.0,4,,,,BTG Pactual CTVM S.A.,IDEAL CTVM SA,,,
2026-03-27T13:04:09.541Z,market,trade,WINFUT,182795.0,4,,,,BTG Pactual CTVM S.A.,IDEAL CTVM SA,,,
2026-03-27T13:04:09.541Z,market,trade,WINFUT,182795.0,1,,,,XP Investimentos CCTVM S/A,IDEAL CTVM SA,,,
2026-03-27T13:04:09.541Z,market,trade,WINFUT,182795.0,3,,,,XP Investimentos CCTVM S/A,IDEAL CTVM SA,,,
2026-03-27T13:04:09.541Z,market,trade,WINFUT,182795.0,3,,,,BTG Pactual CTVM S.A.,IDEAL CTVM SA,,,
2026-03-27T13:04:10.078Z,market,trade,WINFUT,182795.0,1,,,,XP Investimentos CCTVM S/A,IDEAL CTVM SA,,,
2026-03-27T13:04:10.078Z,market,trade,WINFUT,182795.0,5,,,,XP Investimentos CCTVM S/A,IDEAL CTVM SA,,,
2026-03-27T13:04:10.078Z,market,trade,WINFUT,182795.0,1,,,,XP Investimentos CCTVM S/A,IDEAL CTVM SA,,,
2026-03-27T13:04:10.078Z,market,trade,WINFUT,182795.0,3,,,,GENIAL INSTITUCIONAL CCTVM S.A,GENIAL INSTITUCIONAL CCTVM S.A,,,
2026-03-27T13:04:10.078Z,market,trade,WINFUT,182795.0,1,,,,GENIAL INSTITUCIONAL CCTVM S.A,BTG Pactual CTVM S.A.,,,
2026-03-27T13:04:10.079Z,market,trade,WINFUT,182795.0,4,,,,IDEAL CTVM SA,BTG Pactual CTVM S.A.,,,
2026-03-27T13:04:10.079Z,market,trade,WINFUT,182795.0,1,,,,IDEAL CTVM SA,IDEAL CTVM SA,,,
2026-03-27T13:04:10.079Z,market,trade,WINFUT,182795.0,7,,,,IDEAL CTVM SA,IDEAL CTVM SA,,,
2026-03-27T13:04:10.079Z,market,trade,WINFUT,182795.0,1,,,,XP Investimentos CCTVM S/A,XP Investimentos CCTVM S/A,,,
2026-03-27T13:04:10.079Z,market,trade,WINFUT,182795.0,1,,,,UBS BRASIL CCTVM S/A,IDEAL CTVM SA,,,
2026-03-27T13:04:10.079Z,market,trade,WINFUT,182795.0,5,,,,UBS BRASIL CCTVM S/A,IDEAL CTVM SA,,,
2026-03-27T13:04:10.079Z,market,trade,WINFUT,182795.0,4,,,,UBS BRASIL CCTVM S/A,IDEAL CTVM SA,,,
2026-03-27T13:04:10.079Z,market,trade,WINFUT,182795.0,5,,,,UBS BRASIL CCTVM S/A,XP Investimentos CCTVM S/A,,,
2026-03-27T13:04:10.079Z,market,trade,WINFUT,182800.0,1,,,,XP Investimentos CCTVM S/A,XP Investimentos CCTVM S/A,,,
2026-03-27T13:04:10.079Z,market,trade,WINFUT,182795.0,4,,,,IDEAL CTVM SA,XP Investimentos CCTVM S/A,,,
2026-03-27T13:04:10.079Z,market,trade,WINFUT,182795.0,9,,,,IDEAL CTVM SA,UBS BRASIL CCTVM S/A,,,
2026-03-27T13:04:10.079Z,market,trade,WINFUT,182795.0,1,,,,XP Investimentos CCTVM S/A,IDEAL CTVM SA,,,
2026-03-27T13:04:10.079Z,market,trade,WINFUT,182795.0,3,,,,IDEAL CTVM SA,IDEAL CTVM SA,,,
2026-03-27T13:04:10.079Z,market,trade,WINFUT,182795.0,3,,,,IDEAL CTVM SA,IDEAL CTVM SA,,,
2026-03-27T13:04:10.079Z,market,trade,WINFUT,182800.0,1,,,,XP Investimentos CCTVM S/A,XP Investimentos CCTVM S/A,,,
2026-03-27T13:04:10.079Z,market,trade,WINFUT,182795.0,1,,,,AGORA CTVM S/A,MORGAN STANLEY CTVM S/A,,,
2026-03-27T13:04:10.079Z,market,trade,WINFUT,182795.0,1,,,,XP Investimentos CCTVM S/A,MORGAN STANLEY CTVM S/A,,,
2026-03-27T13:04:10.079Z,market,trade,WINFUT,182795.0,1,,,,XP Investimentos CCTVM S/A,XP Investimentos CCTVM S/A,,,
2026-03-27T13:04:10.079Z,market,trade,WINFUT,182795.0,1,,,,SANTANDER CORRETORA DE TITULOS E VALORES MOBILIARIOS S.A.,BTG Pactual CTVM S.A.,,,
2026-03-27T13:04:10.079Z,market,trade,WINFUT,182795.0,10,,,,BTG Pactual CTVM S.A.,BTG Pactual CTVM S.A.,,,
2026-03-27T13:04:10.079Z,market,trade,WINFUT,182790.0,4,,,,UBS BRASIL CCTVM S/A,IDEAL CTVM SA,,,
2026-03-27T13:04:10.079Z,market,trade,WINFUT,182790.0,3,,,,IDEAL CTVM SA,IDEAL CTVM SA,,,
2026-03-27T13:04:10.079Z,market,trade,WINFUT,182790.0,1,,,,XP Investimentos CCTVM S/A,IDEAL CTVM SA,,,
2026-03-27T13:04:10.080Z,market,trade,WINFUT,182790.0,1,,,,XP Investimentos CCTVM S/A,IDEAL CTVM SA,,,
2026-03-27T13:04:10.080Z,market,trade,WINFUT,182790.0,1,,,,XP Investimentos CCTVM S/A,IDEAL CTVM SA,,,
2026-03-27T13:04:10.080Z,market,trade,WINFUT,182790.0,1,,,,XP Investimentos CCTVM S/A,XP Investimentos CCTVM S/A,,,
2026-03-27T13:04:10.080Z,market,trade,WINFUT,182790.0,4,,,,IDEAL CTVM SA,IDEAL CTVM SA,,,
2026-03-27T13:04:10.080Z,market,trade,WINFUT,182790.0,1,,,,XP Investimentos CCTVM S/A,IDEAL CTVM SA,,,
2026-03-27T13:04:10.080Z,market,trade,WINFUT,182790.0,1,,,,XP Investimentos CCTVM S/A,IDEAL CTVM SA,,,
2026-03-27T13:04:10.080Z,market,trade,WINFUT,182790.0,14,,,,AGORA CTVM S/A,IDEAL CTVM SA,,,
2026-03-27T13:04:10.080Z,market,trade,WINFUT,182790.0,1,,,,AGORA CTVM S/A,IDEAL CTVM SA,,,
2026-03-27T13:04:10.080Z,market,trade,WINFUT,182790.0,5,,,,AGORA CTVM S/A,IDEAL CTVM SA,,,
2026-03-27T13:04:10.080Z,market,trade,WINFUT,182790.0,1,,,,BTG Pactual CTVM S.A.,IDEAL CTVM SA,,,
2026-03-27T13:04:10.080Z,market,trade,WINFUT,182790.0,2,,,,BTG Pactual CTVM S.A.,IDEAL CTVM SA,,,
2026-03-27T13:04:10.080Z,market,trade,WINFUT,182790.0,1,,,,BTG Pactual CTVM S.A.,IDEAL CTVM SA,,,
2026-03-27T13:04:10.080Z,market,trade,WINFUT,182790.0,1,,,,XP Investimentos CCTVM S/A,IDEAL CTVM SA,,,
2026-03-27T13:04:10.080Z,market,trade,WINFUT,182790.0,5,,,,XP Investimentos CCTVM S/A,IDEAL CTVM SA,,,
2026-03-27T13:04:10.080Z,market,trade,WINFUT,182790.0,1,,,,BTG Pactual CTVM S.A.,IDEAL CTVM SA,,,
2026-03-27T13:04:10.080Z,market,trade,WINFUT,182790.0,3,,,,GENIAL INSTITUCIONAL CCTVM S.A,XP Investimentos CCTVM S/A,,,
2026-03-27T13:04:10.080Z,market,trade,WINFUT,182785.0,2,,,,UBS BRASIL CCTVM S/A,IDEAL CTVM SA,,,
2026-03-27T13:04:10.080Z,market,trade,WINFUT,182785.0,2,,,,XP Investimentos CCTVM S/A,XP Investimentos CCTVM S/A,,,
2026-03-27T13:04:10.469Z,market,trade,WINFUT,182790.0,5,,,,SANTANDER CORRETORA DE TITULOS E VALORES MOBILIARIOS S.A.,SANTANDER CORRETORA DE TITULOS E VALORES MOBILIARIOS S.A.,,,
2026-03-27T13:04:10.469Z,market,trade,WINFUT,182790.0,1,,,,BTG Pactual CTVM S.A.,BTG Pactual CTVM S.A.,,,
2026-03-27T13:04:10.469Z,market,trade,WINFUT,182785.0,1,,,,AGORA CTVM S/A,AGORA CTVM S/A,,,
2026-03-27T13:04:10.470Z,market,trade,WINFUT,182790.0,14,,,,XP Investimentos CCTVM S/A,XP Investimentos CCTVM S/A,,,
2026-03-27T13:04:10.470Z,market,trade,WINFUT,182790.0,1,,,,XP Investimentos CCTVM S/A,GENIAL INSTITUCIONAL CCTVM S.A,,,
2026-03-27T13:04:10.470Z,market,trade,WINFUT,182785.0,2,,,,Elliot-Warren,Elliot-Warren,,,
2026-03-27T13:04:10.470Z,market,trade,WINFUT,182790.0,12,,,,CM Capital Markets CCTVM LTDA,CM Capital Markets CCTVM LTDA,,,
2026-03-27T13:04:10.470Z,market,trade,WINFUT,182790.0,9,,,,CM Capital Markets CCTVM LTDA,GENIAL INSTITUCIONAL CCTVM S.A,,,
2026-03-27T13:04:10.470Z,market,trade,WINFUT,182790.0,2,,,,CM Capital Markets CCTVM LTDA,IDEAL CTVM SA,,,
2026-03-27T13:04:10.470Z,market,trade,WINFUT,182785.0,15,,,,UBS BRASIL CCTVM S/A,GENIAL INSTITUCIONAL CCTVM S.A,,,
2026-03-27T13:04:10.470Z,market,trade,WINFUT,182785.0,1,,,,XP Investimentos CCTVM S/A,GENIAL INSTITUCIONAL CCTVM S.A,,,
2026-03-27T13:04:10.470Z,market,trade,WINFUT,182785.0,2,,,,BTG Pactual CTVM S.A.,GENIAL INSTITUCIONAL CCTVM S.A,,,
2026-03-27T13:04:10.470Z,market,trade,WINFUT,182785.0,1,,,,AGORA CTVM S/A,BTG Pactual CTVM S.A.,,,
2026-03-27T13:04:10.470Z,market,trade,WINFUT,182785.0,1,,,,AGORA CTVM S/A,BTG Pactual CTVM S.A.,,,
2026-03-27T13:04:10.470Z,market,trade,WINFUT,182790.0,1,,,,SANTANDER CORRETORA DE TITULOS E VALORES MOBILIARIOS S.A.,SANTANDER CORRETORA DE TITULOS E VALORES MOBILIARIOS S.A.,,,
2026-03-27T13:04:10.470Z,market,trade,WINFUT,182790.0,1,,,,XP Investimentos CCTVM S/A,XP Investimentos CCTVM S/A,,,
2026-03-27T13:04:11.029Z,market,trade,WINFUT,182790.0,9,,,,GENIAL INSTITUCIONAL CCTVM S.A,GENIAL INSTITUCIONAL CCTVM S.A,,,
2026-03-27T13:04:11.030Z,market,trade,WINFUT,182785.0,2,,,,GENIAL INSTITUCIONAL CCTVM S.A,GENIAL INSTITUCIONAL CCTVM S.A,,,
2026-03-27T13:04:11.450Z,market,trade,WINFUT,182790.0,5,,,,XP Investimentos CCTVM S/A,XP Investimentos CCTVM S/A,,,
2026-03-27T13:04:11.450Z,market,trade,WINFUT,182790.0,1,,,,XP Investimentos CCTVM S/A,XP Investimentos CCTVM S/A,,,
2026-03-27T13:04:11.450Z,market,trade,WINFUT,182790.0,6,,,,XP Investimentos CCTVM S/A,XP Investimentos CCTVM S/A,,,
2026-03-27T13:04:11.450Z,market,trade,WINFUT,182790.0,14,,,,BTG Pactual CTVM S.A.,BTG Pactual CTVM S.A.,,,
2026-03-27T13:04:11.450Z,market,trade,WINFUT,182790.0,6,,,,BTG Pactual CTVM S.A.,IDEAL CTVM SA,,,
2026-03-27T13:04:11.450Z,market,trade,WINFUT,182785.0,2,,,,XP Investimentos CCTVM S/A,XP Investimentos CCTVM S/A,,,
2026-03-27T13:04:11.450Z,market,trade,WINFUT,182790.0,1,,,,XP Investimentos CCTVM S/A,XP Investimentos CCTVM S/A,,,
2026-03-27T13:04:11.450Z,market,trade,WINFUT,182790.0,10,,,,SANTANDER CORRETORA DE TITULOS E VALORES MOBILIARIOS S.A.,SANTANDER CORRETORA DE TITULOS E VALORES MOBILIARIOS S.A.,,,
2026-03-27T13:04:11.450Z,market,trade,WINFUT,182790.0,1,,,,SANTANDER CORRETORA DE TITULOS E VALORES MOBILIARIOS S.A.,SANTANDER CORRETORA DE TITULOS E VALORES MOBILIARIOS S.A.,,,
2026-03-27T13:04:11.450Z,market,trade,WINFUT,182790.0,1,,,,BTG Pactual CTVM S.A.,BTG Pactual CTVM S.A.,,,
2026-03-27T13:04:11.610Z,market,trade,WINFUT,182790.0,1,,,,XP Investimentos CCTVM S/A,XP Investimentos CCTVM S/A,,,
2026-03-27T13:04:11.610Z,market,trade,WINFUT,182790.0,7,,,,GENIAL INSTITUCIONAL CCTVM S.A,GENIAL INSTITUCIONAL CCTVM S.A,,,
2026-03-27T13:04:11.678Z,market,trade,WINFUT,182790.0,1,,,,GENIAL INSTITUCIONAL CCTVM S.A,GENIAL INSTITUCIONAL CCTVM S.A,,,
2026-03-27T13:04:11.678Z,market,trade,WINFUT,182785.0,1,,,,BTG Pactual CTVM S.A.,BTG Pactual CTVM S.A.,,,
2026-03-27T13:04:11.678Z,market,trade,WINFUT,182785.0,20,,,,AGORA CTVM S/A,IDEAL CTVM SA,,,
2026-03-27T13:04:11.678Z,market,trade,WINFUT,182785.0,1,,,,BTG Pactual CTVM S.A.,IDEAL CTVM SA,,,
2026-03-27T13:04:11.678Z,market,trade,WINFUT,182785.0,1,,,,BTG Pactual CTVM S.A.,IDEAL CTVM SA,,,
2026-03-27T13:04:11.678Z,market,trade,WINFUT,182785.0,2,,,,BTG Pactual CTVM S.A.,IDEAL CTVM SA,,,
2026-03-27T13:04:11.678Z,market,trade,WINFUT,182785.0,3,,,,BTG Pactual CTVM S.A.,IDEAL CTVM SA,,,
2026-03-27T13:04:11.678Z,market,trade,WINFUT,182785.0,1,,,,BTG Pactual CTVM S.A.,IDEAL CTVM SA,,,
2026-03-27T13:04:11.678Z,market,trade,WINFUT,182785.0,1,,,,BTG Pactual CTVM S.A.,IDEAL CTVM SA,,,
2026-03-27T13:04:11.678Z,market,trade,WINFUT,182785.0,4,,,,GENIAL INSTITUCIONAL CCTVM S.A,IDEAL CTVM SA,,,
2026-03-27T13:04:11.678Z,market,trade,WINFUT,182785.0,1,,,,BTG Pactual CTVM S.A.,IDEAL CTVM SA,,,
2026-03-27T13:04:11.678Z,market,trade,WINFUT,182785.0,1,,,,XP Investimentos CCTVM S/A,IDEAL CTVM SA,,,
2026-03-27T13:04:11.678Z,market,trade,WINFUT,182785.0,1,,,,AGORA CTVM S/A,IDEAL CTVM SA,,,
2026-03-27T13:04:11.678Z,market,trade,WINFUT,182780.0,2,,,,IDEAL CTVM SA,IDEAL CTVM SA,,,
2026-03-27T13:04:11.678Z,market,trade,WINFUT,182780.0,1,,,,GENIAL INSTITUCIONAL CCTVM S.A,GENIAL INSTITUCIONAL CCTVM S.A,,,
2026-03-27T13:04:11.678Z,market,trade,WINFUT,182780.0,1,,,,BTG Pactual CTVM S.A.,BTG Pactual CTVM S.A.,,,
2026-03-27T13:04:11.678Z,market,trade,WINFUT,182780.0,1,,,,BTG Pactual CTVM S.A.,BTG Pactual CTVM S.A.,,,
2026-03-27T13:04:11.678Z,market,trade,WINFUT,182780.0,1,,,,GENIAL INSTITUCIONAL CCTVM S.A,GENIAL INSTITUCIONAL CCTVM S.A,,,
2026-03-27T13:04:11.678Z,market,trade,WINFUT,182780.0,1,,,,XP Investimentos CCTVM S/A,XP Investimentos CCTVM S/A,,,
2026-03-27T13:04:11.679Z,market,trade,WINFUT,182780.0,3,,,,BTG Pactual CTVM S.A.,BTG Pactual CTVM S.A.,,,
2026-03-27T13:04:11.679Z,market,trade,WINFUT,182780.0,1,,,,BTG Pactual CTVM S.A.,BTG Pactual CTVM S.A.,,,
2026-03-27T13:04:11.679Z,market,trade,WINFUT,182780.0,1,,,,BTG Pactual CTVM S.A.,BTG Pactual CTVM S.A.,,,
2026-03-27T13:04:11.679Z,market,trade,WINFUT,182780.0,1,,,,BTG Pactual CTVM S.A.,BTG Pactual CTVM S.A.,,,
2026-03-27T13:04:11.679Z,market,trade,WINFUT,182780.0,1,,,,BTG Pactual CTVM S.A.,BTG Pactual CTVM S.A.,,,
2026-03-27T13:04:11.679Z,market,trade,WINFUT,182780.0,1,,,,XP Investimentos CCTVM S/A,BTG Pactual CTVM S.A.,,,
2026-03-27T13:04:11.679Z,market,trade,WINFUT,182780.0,1,,,,BTG Pactual CTVM S.A.,BTG Pactual CTVM S.A.,,,
2026-03-27T13:04:12.792Z,market,trade,WINFUT,182785.0,5,,,,XP Investimentos CCTVM S/A,XP Investimentos CCTVM S/A,,,
2026-03-27T13:04:12.792Z,market,trade,WINFUT,182785.0,3,,,,BTG Pactual CTVM S.A.,BTG Pactual CTVM S.A.,,,
2026-03-27T13:04:12.792Z,market,trade,WINFUT,182780.0,1,,,,XP Investimentos CCTVM S/A,BTG Pactual CTVM S.A.,,,
2026-03-27T13:04:12.792Z,market,trade,WINFUT,182780.0,1,,,,BTG Pactual CTVM S.A.,BTG Pactual CTVM S.A.,,,
2026-03-27T13:04:12.793Z,market,trade,WINFUT,182780.0,1,,,,BTG Pactual CTVM S.A.,BTG Pactual CTVM S.A.,,,
2026-03-27T13:04:12.793Z,market,trade,WINFUT,182780.0,1,,,,XP Investimentos CCTVM S/A,XP Investimentos CCTVM S/A,,,
2026-03-27T13:04:12.793Z,market,trade,WINFUT,182780.0,1,,,,BTG Pactual CTVM S.A.,BTG Pactual CTVM S.A.,,,
2026-03-27T13:04:12.793Z,market,trade,WINFUT,182780.0,5,,,,SANTANDER CORRETORA DE TITULOS E VALORES MOBILIARIOS S.A.,IDEAL CTVM SA,,,
2026-03-27T13:04:12.793Z,market,trade,WINFUT,182775.0,1,,,,AGORA CTVM S/A,IDEAL CTVM SA,,,
2026-03-27T13:04:12.793Z,market,trade,WINFUT,182775.0,1,,,,XP Investimentos CCTVM S/A,IDEAL CTVM SA,,,
2026-03-27T13:04:12.793Z,market,trade,WINFUT,182775.0,2,,,,BTG Pactual CTVM S.A.,IDEAL CTVM SA,,,
2026-03-27T13:04:12.793Z,market,trade,WINFUT,182775.0,2,,,,BTG Pactual CTVM S.A.,IDEAL CTVM SA,,,
2026-03-27T13:04:12.793Z,market,trade,WINFUT,182775.0,1,,,,BTG Pactual CTVM S.A.,IDEAL CTVM SA,,,
2026-03-27T13:04:12.793Z,market,trade,WINFUT,182775.0,1,,,,BTG Pactual CTVM S.A.,IDEAL CTVM SA,,,
2026-03-27T13:04:12.793Z,market,trade,WINFUT,182775.0,1,,,,BTG Pactual CTVM S.A.,IDEAL CTVM SA,,,
2026-03-27T13:04:12.793Z,market,trade,WINFUT,182775.0,2,,,,BTG Pactual CTVM S.A.,IDEAL CTVM SA,,,
2026-03-27T13:04:12.793Z,market,trade,WINFUT,182775.0,1,,,,BTG Pactual CTVM S.A.,IDEAL CTVM SA,,,
2026-03-27T13:04:12.793Z,market,trade,WINFUT,182775.0,1,,,,BTG Pactual CTVM S.A.,IDEAL CTVM SA,,,
2026-03-27T13:04:12.793Z,market,trade,WINFUT,182775.0,1,,,,BTG Pactual CTVM S.A.,IDEAL CTVM SA,,,
2026-03-27T13:04:12.793Z,market,trade,WINFUT,182775.0,1,,,,BTG Pactual CTVM S.A.,IDEAL CTVM SA,,,
2026-03-27T13:04:12.793Z,market,trade,WINFUT,182775.0,1,,,,BTG Pactual CTVM S.A.,IDEAL CTVM SA,,,
2026-03-27T13:04:12.793Z,market,trade,WINFUT,182775.0,1,,,,XP Investimentos CCTVM S/A,IDEAL CTVM SA,,,
2026-03-27T13:04:12.793Z,market,trade,WINFUT,182775.0,1,,,,Elliot-Warren,IDEAL CTVM SA,,,
2026-03-27T13:04:12.793Z,market,trade,WINFUT,182775.0,2,,,,BTG Pactual CTVM S.A.,IDEAL CTVM SA,,,
2026-03-27T13:04:12.793Z,market,trade,WINFUT,182775.0,5,,,,XP Investimentos CCTVM S/A,IDEAL CTVM SA,,,
2026-03-27T13:04:12.793Z,market,trade,WINFUT,182775.0,4,,,,AGORA CTVM S/A,IDEAL CTVM SA,,,
2026-03-27T13:04:12.793Z,market,trade,WINFUT,182775.0,3,,,,XP Investimentos CCTVM S/A,XP Investimentos CCTVM S/A,,,
2026-03-27T13:04:12.793Z,market,trade,WINFUT,182775.0,1,,,,BTG Pactual CTVM S.A.,XP Investimentos CCTVM S/A,,,
2026-03-27T13:04:12.793Z,market,trade,WINFUT,182775.0,3,,,,BTG Pactual CTVM S.A.,AGORA CTVM S/A,,,
2026-03-27T13:04:12.793Z,market,trade,WINFUT,182775.0,1,,,,UBS BRASIL CCTVM S/A,BTG Pactual CTVM S.A.,,,
2026-03-27T13:04:12.793Z,market,trade,WINFUT,182775.0,4,,,,UBS BRASIL CCTVM S/A,IDEAL CTVM SA,,,
2026-03-27T13:04:12.794Z,market,trade,WINFUT,182775.0,1,,,,UBS BRASIL CCTVM S/A,AGORA CTVM S/A,,,
2026-03-27T13:04:12.794Z,market,trade,WINFUT,182775.0,4,,,,UBS BRASIL CCTVM S/A,UBS BRASIL CCTVM S/A,,,
2026-03-27T13:04:12.794Z,market,trade,WINFUT,182780.0,5,,,,IDEAL CTVM SA,IDEAL CTVM SA,,,
2026-03-27T13:04:12.794Z,market,trade,WINFUT,182780.0,1,,,,IDEAL CTVM SA,BTG Pactual CTVM S.A.,,,
2026-03-27T13:04:12.794Z,market,trade,WINFUT,182780.0,4,,,,IDEAL CTVM SA,IDEAL CTVM SA,,,
2026-03-27T13:04:12.794Z,market,trade,WINFUT,182780.0,4,,,,IDEAL CTVM SA,UBS BRASIL CCTVM S/A,,,
2026-03-27T13:04:12.794Z,market,trade,WINFUT,182780.0,3,,,,IDEAL CTVM SA,UBS BRASIL CCTVM S/A,,,
2026-03-27T13:04:12.794Z,market,trade,WINFUT,182780.0,1,,,,IDEAL CTVM SA,BTG Pactual CTVM S.A.,,,
2026-03-27T13:04:12.794Z,market,trade,WINFUT,182780.0,1,,,,IDEAL CTVM SA,AGORA CTVM S/A,,,
2026-03-27T13:04:12.794Z,market,trade,WINFUT,182780.0,1,,,,IDEAL CTVM SA,AGORA CTVM S/A,,,
2026-03-27T13:04:12.794Z,market,trade,WINFUT,182780.0,1,,,,IDEAL CTVM SA,IDEAL CTVM SA,,,
2026-03-27T13:04:12.794Z,market,trade,WINFUT,182780.0,3,,,,IDEAL CTVM SA,IDEAL CTVM SA,,,
2026-03-27T13:04:12.794Z,market,trade,WINFUT,182780.0,4,,,,IDEAL CTVM SA,UBS BRASIL CCTVM S/A,,,
2026-03-27T13:04:13.447Z,market,trade,WINFUT,182780.0,2,,,,IDEAL CTVM SA,IDEAL CTVM SA,,,
2026-03-27T13:04:13.447Z,market,trade,WINFUT,182785.0,1,,,,BTG Pactual CTVM S.A.,BTG Pactual CTVM S.A.,,,
2026-03-27T13:04:13.447Z,market,trade,WINFUT,182785.0,1,,,,GENIAL INSTITUCIONAL CCTVM S.A,GENIAL INSTITUCIONAL CCTVM S.A,,,
2026-03-27T13:04:13.447Z,market,trade,WINFUT,182785.0,1,,,,GENIAL INSTITUCIONAL CCTVM S.A,GENIAL INSTITUCIONAL CCTVM S.A,,,
2026-03-27T13:04:13.447Z,market,trade,WINFUT,182785.0,1,,,,XP Investimentos CCTVM S/A,XP Investimentos CCTVM S/A,,,
2026-03-27T13:04:13.447Z,market,trade,WINFUT,182785.0,3,,,,XP Investimentos CCTVM S/A,XP Investimentos CCTVM S/A,,,
2026-03-27T13:04:13.447Z,market,trade,WINFUT,182785.0,10,,,,XP Investimentos CCTVM S/A,IDEAL CTVM SA,,,
2026-03-27T13:04:13.447Z,market,trade,WINFUT,182785.0,1,,,,XP Investimentos CCTVM S/A,XP Investimentos CCTVM S/A,,,
2026-03-27T13:04:13.447Z,market,trade,WINFUT,182785.0,6,,,,XP Investimentos CCTVM S/A,IDEAL CTVM SA,,,
2026-03-27T13:04:13.448Z,market,trade,WINFUT,182785.0,2,,,,GENIAL INSTITUCIONAL CCTVM S.A,GENIAL INSTITUCIONAL CCTVM S.A,,,
2026-03-27T13:04:13.448Z,market,trade,WINFUT,182785.0,1,,,,GENIAL INSTITUCIONAL CCTVM S.A,GENIAL INSTITUCIONAL CCTVM S.A,,,
2026-03-27T13:04:13.448Z,market,trade,WINFUT,182780.0,2,,,,UBS BRASIL CCTVM S/A,Elliot-Warren,,,
2026-03-27T13:04:13.448Z,market,trade,WINFUT,182780.0,2,,,,BTG Pactual CTVM S.A.,BTG Pactual CTVM S.A.,,,
2026-03-27T13:04:13.448Z,market,trade,WINFUT,182785.0,2,,,,GENIAL INSTITUCIONAL CCTVM S.A,GENIAL INSTITUCIONAL CCTVM S.A,,,
2026-03-27T13:04:13.448Z,market,trade,WINFUT,182785.0,1,,,,BTG Pactual CTVM S.A.,BTG Pactual CTVM S.A.,,,
2026-03-27T13:04:13.448Z,market,trade,WINFUT,182785.0,1,,,,XP Investimentos CCTVM S/A,IDEAL CTVM SA,,,
2026-03-27T13:04:13.448Z,market,trade,WINFUT,182780.0,1,,,,UBS BRASIL CCTVM S/A,XP Investimentos CCTVM S/A,,,
2026-03-27T13:04:13.896Z,market,trade,WINFUT,182785.0,1,,,,BTG Pactual CTVM S.A.,BTG Pactual CTVM S.A.,,,
2026-03-27T13:04:13.896Z,market,trade,WINFUT,182785.0,2,,,,XP Investimentos CCTVM S/A,IDEAL CTVM SA,,,
2026-03-27T13:04:13.896Z,market,trade,WINFUT,182785.0,1,,,,XP Investimentos CCTVM S/A,BTG Pactual CTVM S.A.,,,
2026-03-27T13:04:13.896Z,market,trade,WINFUT,182785.0,3,,,,XP Investimentos CCTVM S/A,GENIAL INSTITUCIONAL CCTVM S.A,,,
2026-03-27T13:04:13.896Z,market,trade,WINFUT,182785.0,1,,,,XP Investimentos CCTVM S/A,XP Investimentos CCTVM S/A,,,
2026-03-27T13:04:13.896Z,market,trade,WINFUT,182785.0,1,,,,XP Investimentos CCTVM S/A,AGORA CTVM S/A,,,
2026-03-27T13:04:13.896Z,market,trade,WINFUT,182785.0,1,,,,XP Investimentos CCTVM S/A,XP Investimentos CCTVM S/A,,,
2026-03-27T13:04:13.896Z,market,trade,WINFUT,182785.0,1,,,,XP Investimentos CCTVM S/A,BTG Pactual CTVM S.A.,,,
2026-03-27T13:04:13.896Z,market,trade,WINFUT,182785.0,1,,,,XP Investimentos CCTVM S/A,GENIAL INSTITUCIONAL CCTVM S.A,,,
2026-03-27T13:04:13.896Z,market,trade,WINFUT,182780.0,1,,,,BTG Pactual CTVM S.A.,BTG Pactual CTVM S.A.,,,
2026-03-27T13:04:13.897Z,market,trade,WINFUT,182775.0,2,,,,IDEAL CTVM SA,GENIAL INSTITUCIONAL CCTVM S.A,,,
2026-03-27T13:04:13.897Z,market,trade,WINFUT,182780.0,1,,,,XP Investimentos CCTVM S/A,XP Investimentos CCTVM S/A,,,
2026-03-27T13:04:13.967Z,market,trade,WINFUT,182780.0,1,,,,BTG Pactual CTVM S.A.,BTG Pactual CTVM S.A.,,,
2026-03-27T13:04:13.967Z,market,trade,WINFUT,182780.0,2,,,,GENIAL INSTITUCIONAL CCTVM S.A,GENIAL INSTITUCIONAL CCTVM S.A,,,
2026-03-27T13:04:14.084Z,market,trade,WINFUT,182780.0,1,,,,XP Investimentos CCTVM S/A,XP Investimentos CCTVM S/A,,,
2026-03-27T13:04:14.084Z,market,trade,WINFUT,182780.0,1,,,,XP Investimentos CCTVM S/A,XP Investimentos CCTVM S/A,,,
2026-03-27T13:04:14.084Z,market,trade,WINFUT,182780.0,2,,,,XP Investimentos CCTVM S/A,XP Investimentos CCTVM S/A,,,
2026-03-27T13:04:14.084Z,market,trade,WINFUT,182780.0,14,,,,BTG Pactual CTVM S.A.,BTG Pactual CTVM S.A.,,,
2026-03-27T13:04:14.084Z,market,trade,WINFUT,182780.0,1,,,,BTG Pactual CTVM S.A.,AGORA CTVM S/A,,,
2026-03-27T13:04:14.084Z,market,trade,WINFUT,182780.0,1,,,,BTG Pactual CTVM S.A.,AGORA CTVM S/A,,,
2026-03-27T13:04:14.084Z,market,trade,WINFUT,182780.0,4,,,,BTG Pactual CTVM S.A.,UBS BRASIL CCTVM S/A,,,
2026-03-27T13:04:14.084Z,market,trade,WINFUT,182780.0,3,,,,GENIAL INSTITUCIONAL CCTVM S.A,GENIAL INSTITUCIONAL CCTVM S.A,,,
2026-03-27T13:04:14.216Z,market,trade,WINFUT,182780.0,3,,,,GENIAL INSTITUCIONAL CCTVM S.A,UBS BRASIL CCTVM S/A,,,
2026-03-27T13:04:14.216Z,market,trade,WINFUT,182780.0,2,,,,GENIAL INSTITUCIONAL CCTVM S.A,UBS BRASIL CCTVM S/A,,,
2026-03-27T13:04:14.216Z,market,trade,WINFUT,182780.0,1,,,,BTG Pactual CTVM S.A.,BTG Pactual CTVM S.A.,,,
2026-03-27T13:04:14.216Z,market,trade,WINFUT,182780.0,3,,,,BTG Pactual CTVM S.A.,BTG Pactual CTVM S.A.,,,
2026-03-27T13:04:14.216Z,market,trade,WINFUT,182780.0,2,,,,XP Investimentos CCTVM S/A,UBS BRASIL CCTVM S/A,,,
2026-03-27T13:04:14.216Z,market,trade,WINFUT,182775.0,3,,,,XP Investimentos CCTVM S/A,XP Investimentos CCTVM S/A,,,
2026-03-27T13:04:14.285Z,market,trade,WINFUT,182775.0,1,,,,IDEAL CTVM SA,Elliot-Warren,,,
2026-03-27T13:04:14.354Z,market,trade,WINFUT,182775.0,5,,,,XP Investimentos CCTVM S/A,XP Investimentos CCTVM S/A,,,
2026-03-27T13:04:14.355Z,market,trade,WINFUT,182775.0,1,,,,IDEAL CTVM SA,GENIAL INSTITUCIONAL CCTVM S.A,,,
2026-03-27T13:04:14.355Z,market,trade,WINFUT,182775.0,2,,,,IDEAL CTVM SA,Elliot-Warren,,,
2026-03-27T13:04:14.355Z,market,trade,WINFUT,182780.0,1,,,,GENIAL INSTITUCIONAL CCTVM S.A,GENIAL INSTITUCIONAL CCTVM S.A,,,
2026-03-27T13:04:14.497Z,market,trade,WINFUT,182780.0,14,,,,BTG Pactual CTVM S.A.,BTG Pactual CTVM S.A.,,,
2026-03-27T13:04:14.497Z,market,trade,WINFUT,182780.0,1,,,,BTG Pactual CTVM S.A.,IDEAL CTVM SA,,,
2026-03-27T13:04:14.497Z,market,trade,WINFUT,182780.0,3,,,,BTG Pactual CTVM S.A.,IDEAL CTVM SA,,,
2026-03-27T13:04:14.497Z,market,trade,WINFUT,182780.0,1,,,,BTG Pactual CTVM S.A.,BTG Pactual CTVM S.A.,,,
2026-03-27T13:04:14.498Z,market,trade,WINFUT,182780.0,5,,,,BTG Pactual CTVM S.A.,IDEAL CTVM SA,,,
2026-03-27T13:04:14.498Z,market,trade,WINFUT,182780.0,1,,,,BTG Pactual CTVM S.A.,AGORA CTVM S/A,,,
2026-03-27T13:04:14.498Z,market,trade,WINFUT,182780.0,1,,,,SANTANDER CORRETORA DE TITULOS E VALORES MOBILIARIOS S.A.,UBS BRASIL CCTVM S/A,,,
2026-03-27T13:04:14.498Z,market,trade,WINFUT,182780.0,2,,,,GOLDMAN SACHS DO BRASIL CTVM,UBS BRASIL CCTVM S/A,,,
2026-03-27T13:04:14.498Z,market,trade,WINFUT,182780.0,5,,,,GOLDMAN SACHS DO BRASIL CTVM,GENIAL INSTITUCIONAL CCTVM S.A,,,
2026-03-27T13:04:14.498Z,market,trade,WINFUT,182780.0,1,,,,GOLDMAN SACHS DO BRASIL CTVM,BTG Pactual CTVM S.A.,,,
2026-03-27T13:04:14.498Z,market,trade,WINFUT,182780.0,4,,,,GOLDMAN SACHS DO BRASIL CTVM,XP Investimentos CCTVM S/A,,,
2026-03-27T13:04:14.498Z,market,trade,WINFUT,182780.0,1,,,,GOLDMAN SACHS DO BRASIL CTVM,XP Investimentos CCTVM S/A,,,
2026-03-27T13:04:14.498Z,market,trade,WINFUT,182780.0,6,,,,GOLDMAN SACHS DO BRASIL CTVM,IDEAL CTVM SA,,,
2026-03-27T13:04:14.498Z,market,trade,WINFUT,182780.0,1,,,,IDEAL CTVM SA,IDEAL CTVM SA,,,
2026-03-27T13:04:14.498Z,market,trade,WINFUT,182780.0,1,,,,IDEAL CTVM SA,SANTANDER CORRETORA DE TITULOS E VALORES MOBILIARIOS S.A.,,,
2026-03-27T13:04:14.860Z,market,trade,WINFUT,182785.0,2,,,,SANTANDER CORRETORA DE TITULOS E VALORES MOBILIARIOS S.A.,SANTANDER CORRETORA DE TITULOS E VALORES MOBILIARIOS S.A.,,,
2026-03-27T13:04:14.860Z,market,trade,WINFUT,182780.0,2,,,,XP Investimentos CCTVM S/A,XP Investimentos CCTVM S/A,,,
2026-03-27T13:04:14.860Z,market,trade,WINFUT,182785.0,1,,,,XP Investimentos CCTVM S/A,XP Investimentos CCTVM S/A,,,
2026-03-27T13:04:14.861Z,market,trade,WINFUT,182780.0,3,,,,GENIAL INSTITUCIONAL CCTVM S.A,GENIAL INSTITUCIONAL CCTVM S.A,,,
2026-03-27T13:04:14.861Z,market,trade,WINFUT,182785.0,1,,,,SANTANDER CORRETORA DE TITULOS E VALORES MOBILIARIOS S.A.,GENIAL INSTITUCIONAL CCTVM S.A,,,
2026-03-27T13:04:15.123Z,market,trade,WINFUT,182785.0,2,,,,BTG Pactual CTVM S.A.,BTG Pactual CTVM S.A.,,,
2026-03-27T13:04:15.123Z,market,trade,WINFUT,182780.0,2,,,,GENIAL INSTITUCIONAL CCTVM S.A,GENIAL INSTITUCIONAL CCTVM S.A,,,
2026-03-27T13:04:15.123Z,market,trade,WINFUT,182780.0,1,,,,XP Investimentos CCTVM S/A,XP Investimentos CCTVM S/A,,,
2026-03-27T13:04:15.124Z,market,trade,WINFUT,182785.0,1,,,,XP Investimentos CCTVM S/A,XP Investimentos CCTVM S/A,,,
2026-03-27T13:04:15.124Z,market,trade,WINFUT,182785.0,3,,,,BTG Pactual CTVM S.A.,BTG Pactual CTVM S.A.,,,
2026-03-27T13:04:15.124Z,market,trade,WINFUT,182785.0,10,,,,GENIAL INSTITUCIONAL CCTVM S.A,GENIAL INSTITUCIONAL CCTVM S.A,,,
2026-03-27T13:04:15.124Z,market,trade,WINFUT,182785.0,2,,,,XP Investimentos CCTVM S/A,XP Investimentos CCTVM S/A,,,
2026-03-27T13:04:15.124Z,market,trade,WINFUT,182785.0,1,,,,SANTANDER CORRETORA DE TITULOS E VALORES MOBILIARIOS S.A.,SANTANDER CORRETORA DE TITULOS E VALORES MOBILIARIOS S.A.,,,
2026-03-27T13:04:15.124Z,market,trade,WINFUT,182785.0,5,,,,GENIAL INSTITUCIONAL CCTVM S.A,GENIAL INSTITUCIONAL CCTVM S.A,,,
2026-03-27T13:04:15.168Z,market,trade,WINFUT,182785.0,1,,,,SANTANDER CORRETORA DE TITULOS E VALORES MOBILIARIOS S.A.,SANTANDER CORRETORA DE TITULOS E VALORES MOBILIARIOS S.A.,,,
2026-03-27T13:04:15.168Z,market,trade,WINFUT,182785.0,3,,,,SANTANDER CORRETORA DE TITULOS E VALORES MOBILIARIOS S.A.,SANTANDER CORRETORA DE TITULOS E VALORES MOBILIARIOS S.A.,,,
2026-03-27T13:04:15.168Z,market,trade,WINFUT,182785.0,4,,,,BTG Pactual CTVM S.A.,BTG Pactual CTVM S.A.,,,
2026-03-27T13:04:15.168Z,market,trade,WINFUT,182780.0,1,,,,GENIAL INSTITUCIONAL CCTVM S.A,GENIAL INSTITUCIONAL CCTVM S.A,,,
2026-03-27T13:04:15.168Z,market,trade,WINFUT,182780.0,5,,,,BTG Pactual CTVM S.A.,BTG Pactual CTVM S.A.,,,
2026-03-27T13:04:15.168Z,market,trade,WINFUT,182780.0,1,,,,IDEAL CTVM SA,SANTANDER CORRETORA DE TITULOS E VALORES MOBILIARIOS S.A.,,,
2026-03-27T13:04:15.298Z,market,trade,WINFUT,182785.0,10,,,,XP Investimentos CCTVM S/A,XP Investimentos CCTVM S/A,,,
2026-03-27T13:04:15.298Z,market,trade,WINFUT,182780.0,1,,,,IDEAL CTVM SA,GENIAL INSTITUCIONAL CCTVM S.A,,,
2026-03-27T13:04:15.298Z,market,trade,WINFUT,182785.0,1,,,,XP Investimentos CCTVM S/A,XP Investimentos CCTVM S/A,,,
2026-03-27T13:04:15.298Z,market,trade,WINFUT,182785.0,1,,,,XP Investimentos CCTVM S/A,GENIAL INSTITUCIONAL CCTVM S.A,,,
2026-03-27T13:04:15.298Z,market,trade,WINFUT,182785.0,1,,,,BTG Pactual CTVM S.A.,BTG Pactual CTVM S.A.,,,
2026-03-27T13:04:15.298Z,market,trade,WINFUT,182785.0,2,,,,BTG Pactual CTVM S.A.,BTG Pactual CTVM S.A.,,,
2026-03-27T13:04:15.298Z,market,trade,WINFUT,182785.0,10,,,,XP Investimentos CCTVM S/A,XP Investimentos CCTVM S/A,,,
2026-03-27T13:04:15.298Z,market,trade,WINFUT,182785.0,5,,,,BTG Pactual CTVM S.A.,BTG Pactual CTVM S.A.,,,
2026-03-27T13:04:15.381Z,market,trade,WINFUT,182780.0,1,,,,XP Investimentos CCTVM S/A,XP Investimentos CCTVM S/A,,,
2026-03-27T13:04:15.381Z,market,trade,WINFUT,182780.0,5,,,,XP Investimentos CCTVM S/A,XP Investimentos CCTVM S/A,,,
2026-03-27T13:04:15.381Z,market,trade,WINFUT,182780.0,1,,,,BTG Pactual CTVM S.A.,SANTANDER CORRETORA DE TITULOS E VALORES MOBILIARIOS S.A.,,,
2026-03-27T13:04:15.381Z,market,trade,WINFUT,182780.0,4,,,,XP Investimentos CCTVM S/A,SANTANDER CORRETORA DE TITULOS E VALORES MOBILIARIOS S.A.,,,
2026-03-27T13:04:16.043Z,market,trade,WINFUT,182780.0,3,,,,BTG Pactual CTVM S.A.,BTG Pactual CTVM S.A.,,,
2026-03-27T13:04:16.043Z,market,trade,WINFUT,182785.0,1,,,,XP Investimentos CCTVM S/A,XP Investimentos CCTVM S/A,,,
2026-03-27T13:04:16.043Z,market,trade,WINFUT,182785.0,1,,,,XP Investimentos CCTVM S/A,XP Investimentos CCTVM S/A,,,
2026-03-27T13:04:16.043Z,market,trade,WINFUT,182785.0,1,,,,XP Investimentos CCTVM S/A,XP Investimentos CCTVM S/A,,,
2026-03-27T13:04:16.043Z,market,trade,WINFUT,182780.0,3,,,,XP Investimentos CCTVM S/A,XP Investimentos CCTVM S/A,,,
2026-03-27T13:04:16.043Z,market,trade,WINFUT,182780.0,1,,,,SANTANDER CORRETORA DE TITULOS E VALORES MOBILIARIOS S.A.,SANTANDER CORRETORA DE TITULOS E VALORES MOBILIARIOS S.A.,,,
2026-03-27T13:04:16.043Z,market,trade,WINFUT,182780.0,1,,,,SANTANDER CORRETORA DE TITULOS E VALORES MOBILIARIOS S.A.,SANTANDER CORRETORA DE TITULOS E VALORES MOBILIARIOS S.A.,,,
2026-03-27T13:04:16.043Z,market,trade,WINFUT,182785.0,1,,,,SANTANDER CORRETORA DE TITULOS E VALORES MOBILIARIOS S.A.,SANTANDER CORRETORA DE TITULOS E VALORES MOBILIARIOS S.A.,,,
2026-03-27T13:04:16.043Z,market,trade,WINFUT,182785.0,1,,,,GENIAL INSTITUCIONAL CCTVM S.A,IDEAL CTVM SA,,,
2026-03-27T13:04:16.043Z,market,trade,WINFUT,182785.0,1,,,,GENIAL INSTITUCIONAL CCTVM S.A,XP Investimentos CCTVM S/A,,,
2026-03-27T13:04:16.043Z,market,trade,WINFUT,182785.0,10,,,,GENIAL INSTITUCIONAL CCTVM S.A,IDEAL CTVM SA,,,
2026-03-27T13:04:16.043Z,market,trade,WINFUT,182785.0,1,,,,GENIAL INSTITUCIONAL CCTVM S.A,BTG Pactual CTVM S.A.,,,
2026-03-27T13:04:16.043Z,market,trade,WINFUT,182785.0,1,,,,GENIAL INSTITUCIONAL CCTVM S.A,AGORA CTVM S/A,,,
2026-03-27T13:04:16.043Z,market,trade,WINFUT,182785.0,1,,,,GENIAL INSTITUCIONAL CCTVM S.A,SANTANDER CORRETORA DE TITULOS E VALORES MOBILIARIOS S.A.,,,
2026-03-27T13:04:16.043Z,market,trade,WINFUT,182785.0,1,,,,GENIAL INSTITUCIONAL CCTVM S.A,BTG Pactual CTVM S.A.,,,
2026-03-27T13:04:16.044Z,market,trade,WINFUT,182785.0,1,,,,GENIAL INSTITUCIONAL CCTVM S.A,GENIAL INSTITUCIONAL CCTVM S.A,,,
2026-03-27T13:04:16.044Z,market,trade,WINFUT,182785.0,5,,,,GENIAL INSTITUCIONAL CCTVM S.A,XP Investimentos CCTVM S/A,,,
2026-03-27T13:04:16.044Z,market,trade,WINFUT,182785.0,1,,,,GENIAL INSTITUCIONAL CCTVM S.A,XP Investimentos CCTVM S/A,,,
2026-03-27T13:04:16.044Z,market,trade,WINFUT,182790.0,2,,,,GENIAL INSTITUCIONAL CCTVM S.A,IDEAL CTVM SA,,,
2026-03-27T13:04:16.044Z,market,trade,WINFUT,182780.0,3,,,,XP Investimentos CCTVM S/A,XP Investimentos CCTVM S/A,,,
2026-03-27T13:04:16.044Z,market,trade,WINFUT,182780.0,1,,,,AGORA CTVM S/A,XP Investimentos CCTVM S/A,,,
2026-03-27T13:04:16.044Z,market,trade,WINFUT,182780.0,1,,,,BTG Pactual CTVM S.A.,XP Investimentos CCTVM S/A,,,
2026-03-27T13:04:16.044Z,market,trade,WINFUT,182780.0,18,,,,UBS BRASIL CCTVM S/A,XP Investimentos CCTVM S/A,,,
2026-03-27T13:04:16.044Z,market,trade,WINFUT,182780.0,4,,,,XP Investimentos CCTVM S/A,XP Investimentos CCTVM S/A,,,
2026-03-27T13:04:16.044Z,market,trade,WINFUT,182780.0,1,,,,XP Investimentos CCTVM S/A,XP Investimentos CCTVM S/A,,,
2026-03-27T13:04:16.044Z,market,trade,WINFUT,182780.0,7,,,,IDEAL CTVM SA,XP Investimentos CCTVM S/A,,,
2026-03-27T13:04:16.045Z,market,trade,WINFUT,182780.0,7,,,,IDEAL CTVM SA,XP Investimentos CCTVM S/A,,,
2026-03-27T13:04:16.045Z,market,trade,WINFUT,182780.0,8,,,,IDEAL CTVM SA,XP Investimentos CCTVM S/A,,,
2026-03-27T13:04:16.045Z,market,trade,WINFUT,182785.0,1,,,,BTG Pactual CTVM S.A.,XP Investimentos CCTVM S/A,,,
2026-03-27T13:04:16.045Z,market,trade,WINFUT,182785.0,1,,,,UBS BRASIL CCTVM S/A,BTG Pactual CTVM S.A.,,,
2026-03-27T13:04:16.045Z,market,trade,WINFUT,182785.0,2,,,,UBS BRASIL CCTVM S/A,IDEAL CTVM SA,,,
2026-03-27T13:04:16.045Z,market,trade,WINFUT,182785.0,1,,,,IDEAL CTVM SA,AGORA CTVM S/A,,,
2026-03-27T13:04:16.045Z,market,trade,WINFUT,182785.0,3,,,,IDEAL CTVM SA,GENIAL INSTITUCIONAL CCTVM S.A,,,
2026-03-27T13:04:16.045Z,market,trade,WINFUT,182785.0,1,,,,XP Investimentos CCTVM S/A,XP Investimentos CCTVM S/A,,,
2026-03-27T13:04:16.045Z,market,trade,WINFUT,182790.0,1,,,,XP Investimentos CCTVM S/A,XP Investimentos CCTVM S/A,,,
2026-03-27T13:04:16.045Z,market,trade,WINFUT,182785.0,1,,,,XP Investimentos CCTVM S/A,XP Investimentos CCTVM S/A,,,
2026-03-27T13:04:16.045Z,market,trade,WINFUT,182790.0,1,,,,INTER DTVM LTDA,BTG Pactual CTVM S.A.,,,
2026-03-27T13:04:16.046Z,market,trade,WINFUT,182785.0,1,,,,GENIAL INSTITUCIONAL CCTVM S.A,GENIAL INSTITUCIONAL CCTVM S.A,,,
2026-03-27T13:04:16.092Z,market,trade,WINFUT,182785.0,1,,,,GENIAL INSTITUCIONAL CCTVM S.A,GENIAL INSTITUCIONAL CCTVM S.A,,,
2026-03-27T13:04:16.200Z,market,trade,WINFUT,182790.0,30,,,,UBS BRASIL CCTVM S/A,BTG Pactual CTVM S.A.,,,
2026-03-27T13:04:16.200Z,market,trade,WINFUT,182790.0,4,,,,UBS BRASIL CCTVM S/A,IDEAL CTVM SA,,,
2026-03-27T13:04:16.200Z,market,trade,WINFUT,182790.0,1,,,,UBS BRASIL CCTVM S/A,IDEAL CTVM SA,,,
2026-03-27T13:04:16.200Z,market,trade,WINFUT,182790.0,1,,,,UBS BRASIL CCTVM S/A,BTG Pactual CTVM S.A.,,,
2026-03-27T13:04:16.200Z,market,trade,WINFUT,182790.0,1,,,,UBS BRASIL CCTVM S/A,BTG Pactual CTVM S.A.,,,
2026-03-27T13:04:16.201Z,market,trade,WINFUT,182790.0,1,,,,UBS BRASIL CCTVM S/A,BTG Pactual CTVM S.A.,,,
2026-03-27T13:04:16.697Z,market,trade,WINFUT,182795.0,1,,,,IDEAL CTVM SA,XP Investimentos CCTVM S/A,,,
2026-03-27T13:04:16.697Z,market,trade,WINFUT,182795.0,4,,,,IDEAL CTVM SA,XP Investimentos CCTVM S/A,,,
2026-03-27T13:04:16.697Z,market,trade,WINFUT,182795.0,3,,,,IDEAL CTVM SA,IDEAL CTVM SA,,,
2026-03-27T13:04:16.697Z,market,trade,WINFUT,182795.0,1,,,,IDEAL CTVM SA,XP Investimentos CCTVM S/A,,,
2026-03-27T13:04:16.697Z,market,trade,WINFUT,182795.0,1,,,,IDEAL CTVM SA,BTG Pactual CTVM S.A.,,,
2026-03-27T13:04:16.697Z,market,trade,WINFUT,182795.0,1,,,,GENIAL INSTITUCIONAL CCTVM S.A,BTG Pactual CTVM S.A.,,,
2026-03-27T13:04:16.697Z,market,trade,WINFUT,182795.0,1,,,,GENIAL INSTITUCIONAL CCTVM S.A,IDEAL CTVM SA,,,
2026-03-27T13:04:16.698Z,market,trade,WINFUT,182795.0,1,,,,IDEAL CTVM SA,IDEAL CTVM SA,,,
2026-03-27T13:04:16.698Z,market,trade,WINFUT,182795.0,1,,,,IDEAL CTVM SA,AGORA CTVM S/A,,,
2026-03-27T13:04:16.698Z,market,trade,WINFUT,182795.0,1,,,,IDEAL CTVM SA,BTG Pactual CTVM S.A.,,,
2026-03-27T13:04:16.698Z,market,trade,WINFUT,182795.0,1,,,,XP Investimentos CCTVM S/A,XP Investimentos CCTVM S/A,,,
2026-03-27T13:04:16.872Z,market,trade,WINFUT,182800.0,5,,,,IDEAL CTVM SA,IDEAL CTVM SA,,,
2026-03-27T13:04:16.872Z,market,trade,WINFUT,182800.0,4,,,,IDEAL CTVM SA,BTG Pactual CTVM S.A.,,,
2026-03-27T13:04:16.872Z,market,trade,WINFUT,182800.0,1,,,,IDEAL CTVM SA,BTG Pactual CTVM S.A.,,,
2026-03-27T13:04:16.872Z,market,trade,WINFUT,182800.0,20,,,,IDEAL CTVM SA,BTG Pactual CTVM S.A.,,,
2026-03-27T13:04:16.872Z,market,trade,WINFUT,182800.0,1,,,,GENIAL INSTITUCIONAL CCTVM S.A,BTG Pactual CTVM S.A.,,,
2026-03-27T13:04:16.872Z,market,trade,WINFUT,182800.0,1,,,,XP Investimentos CCTVM S/A,XP Investimentos CCTVM S/A,,,
2026-03-27T13:04:16.872Z,market,trade,WINFUT,182800.0,2,,,,XP Investimentos CCTVM S/A,XP Investimentos CCTVM S/A,,,
2026-03-27T13:04:16.872Z,market,trade,WINFUT,182795.0,10,,,,CM Capital Markets CCTVM LTDA,CM Capital Markets CCTVM LTDA,,,
2026-03-27T13:04:16.872Z,market,trade,WINFUT,182795.0,1,,,,SANTANDER CORRETORA DE TITULOS E VALORES MOBILIARIOS S.A.,SANTANDER CORRETORA DE TITULOS E VALORES MOBILIARIOS S.A.,,,
2026-03-27T13:04:16.872Z,market,trade,WINFUT,182795.0,1,,,,ITAU CV S/A,ITAU CV S/A,,,
2026-03-27T13:04:17.402Z,market,trade,WINFUT,182800.0,1,,,,INTER DTVM LTDA,IDEAL CTVM SA,,,
2026-03-27T13:04:17.403Z,market,trade,WINFUT,182795.0,3,,,,BTG Pactual CTVM S.A.,BTG Pactual CTVM S.A.,,,
2026-03-27T13:04:17.403Z,market,trade,WINFUT,182795.0,1,,,,IDEAL CTVM SA,TERRA INVESTIMENTOS DTVM LTDA,,,
2026-03-27T13:04:17.403Z,market,trade,WINFUT,182800.0,2,,,,XP Investimentos CCTVM S/A,XP Investimentos CCTVM S/A,,,
2026-03-27T13:04:17.403Z,market,trade,WINFUT,182795.0,10,,,,BTG Pactual CTVM S.A.,BTG Pactual CTVM S.A.,,,
2026-03-27T13:04:17.403Z,market,trade,WINFUT,182795.0,1,,,,BTG Pactual CTVM S.A.,BTG Pactual CTVM S.A.,,,
2026-03-27T13:04:17.403Z,market,trade,WINFUT,182795.0,1,,,,BTG Pactual CTVM S.A.,BTG Pactual CTVM S.A.,,,
2026-03-27T13:04:17.403Z,market,trade,WINFUT,182800.0,3,,,,XP Investimentos CCTVM S/A,IDEAL CTVM SA,,,
2026-03-27T13:04:17.403Z,market,trade,WINFUT,182800.0,1,,,,XP Investimentos CCTVM S/A,IDEAL CTVM SA,,,
2026-03-27T13:04:17.403Z,market,trade,WINFUT,182800.0,3,,,,XP Investimentos CCTVM S/A,BTG Pactual CTVM S.A.,,,
2026-03-27T13:04:17.403Z,market,trade,WINFUT,182800.0,1,,,,XP Investimentos CCTVM S/A,XP Investimentos CCTVM S/A,,,
2026-03-27T13:04:17.403Z,market,trade,WINFUT,182800.0,2,,,,XP Investimentos CCTVM S/A,XP Investimentos CCTVM S/A,,,
2026-03-27T13:04:17.403Z,market,trade,WINFUT,182795.0,3,,,,GENIAL INSTITUCIONAL CCTVM S.A,GENIAL INSTITUCIONAL CCTVM S.A,,,
2026-03-27T13:04:17.403Z,market,trade,WINFUT,182800.0,1,,,,TERRA INVESTIMENTOS DTVM LTDA,Elliot-Warren,,,
2026-03-27T13:04:17.403Z,market,trade,WINFUT,182800.0,1,,,,TERRA INVESTIMENTOS DTVM LTDA,MORGAN STANLEY CTVM S/A,,,
2026-03-27T13:04:17.544Z,market,trade,WINFUT,182795.0,1,,,,BTG Pactual CTVM S.A.,BTG Pactual CTVM S.A.,,,
2026-03-27T13:04:17.544Z,market,trade,WINFUT,182800.0,1,,,,XP Investimentos CCTVM S/A,XP Investimentos CCTVM S/A,,,
2026-03-27T13:04:17.544Z,market,trade,WINFUT,182795.0,5,,,,XP Investimentos CCTVM S/A,XP Investimentos CCTVM S/A,,,
2026-03-27T13:04:17.544Z,market,trade,WINFUT,182800.0,3,,,,BTG Pactual CTVM S.A.,BTG Pactual CTVM S.A.,,,
2026-03-27T13:04:17.544Z,market,trade,WINFUT,182795.0,1,,,,BTG Pactual CTVM S.A.,BTG Pactual CTVM S.A.,,,
2026-03-27T13:04:17.544Z,market,trade,WINFUT,182795.0,50,,,,SANTANDER CORRETORA DE TITULOS E VALORES MOBILIARIOS S.A.,SANTANDER CORRETORA DE TITULOS E VALORES MOBILIARIOS S.A.,,,
2026-03-27T13:04:17.790Z,market,trade,WINFUT,182800.0,49,,,,UBS BRASIL CCTVM S/A,MORGAN STANLEY CTVM S/A,,,
2026-03-27T13:04:17.790Z,market,trade,WINFUT,182800.0,5,,,,UBS BRASIL CCTVM S/A,AGORA CTVM S/A,,,
2026-03-27T13:04:17.790Z,market,trade,WINFUT,182800.0,1,,,,UBS BRASIL CCTVM S/A,XP Investimentos CCTVM S/A,,,
2026-03-27T13:04:17.790Z,market,trade,WINFUT,182800.0,1,,,,UBS BRASIL CCTVM S/A,IDEAL CTVM SA,,,
2026-03-27T13:04:17.790Z,market,trade,WINFUT,182800.0,5,,,,UBS BRASIL CCTVM S/A,XP Investimentos CCTVM S/A,,,
2026-03-27T13:04:17.790Z,market,trade,WINFUT,182800.0,1,,,,UBS BRASIL CCTVM S/A,BTG Pactual CTVM S.A.,,,
2026-03-27T13:04:18.004Z,market,trade,WINFUT,182805.0,1,,,,IDEAL CTVM SA,BTG Pactual CTVM S.A.,,,
2026-03-27T13:04:18.004Z,market,trade,WINFUT,182805.0,1,,,,IDEAL CTVM SA,AGORA CTVM S/A,,,
2026-03-27T13:04:18.004Z,market,trade,WINFUT,182805.0,1,,,,IDEAL CTVM SA,BTG Pactual CTVM S.A.,,,
2026-03-27T13:04:18.004Z,market,trade,WINFUT,182805.0,5,,,,IDEAL CTVM SA,IDEAL CTVM SA,,,
2026-03-27T13:04:18.004Z,market,trade,WINFUT,182805.0,3,,,,IDEAL CTVM SA,BTG Pactual CTVM S.A.,,,
2026-03-27T13:04:18.004Z,market,trade,WINFUT,182805.0,1,,,,IDEAL CTVM SA,BTG Pactual CTVM S.A.,,,
2026-03-27T13:04:18.004Z,market,trade,WINFUT,182805.0,4,,,,IDEAL CTVM SA,IDEAL CTVM SA,,,
2026-03-27T13:04:18.004Z,market,trade,WINFUT,182805.0,2,,,,IDEAL CTVM SA,AGORA CTVM S/A,,,
2026-03-27T13:04:18.004Z,market,trade,WINFUT,182805.0,1,,,,IDEAL CTVM SA,AGORA CTVM S/A,,,
2026-03-27T13:04:18.004Z,market,trade,WINFUT,182805.0,1,,,,IDEAL CTVM SA,XP Investimentos CCTVM S/A,,,
2026-03-27T13:04:18.005Z,market,trade,WINFUT,182805.0,2,,,,IDEAL CTVM SA,GENIAL INSTITUCIONAL CCTVM S.A,,,
2026-03-27T13:04:18.005Z,market,trade,WINFUT,182805.0,1,,,,IDEAL CTVM SA,SANTANDER CORRETORA DE TITULOS E VALORES MOBILIARIOS S.A.,,,
2026-03-27T13:04:18.005Z,market,trade,WINFUT,182805.0,1,,,,IDEAL CTVM SA,XP Investimentos CCTVM S/A,,,
2026-03-27T13:04:18.005Z,market,trade,WINFUT,182805.0,1,,,,XP Investimentos CCTVM S/A,XP Investimentos CCTVM S/A,,,
2026-03-27T13:04:18.005Z,market,trade,WINFUT,182810.0,10,,,,UBS BRASIL CCTVM S/A,IDEAL CTVM SA,,,
2026-03-27T13:04:18.005Z,market,trade,WINFUT,182810.0,1,,,,UBS BRASIL CCTVM S/A,BTG Pactual CTVM S.A.,,,
2026-03-27T13:04:18.005Z,market,trade,WINFUT,182810.0,1,,,,UBS BRASIL CCTVM S/A,AGORA CTVM S/A,,,
2026-03-27T13:04:18.005Z,market,trade,WINFUT,182810.0,1,,,,UBS BRASIL CCTVM S/A,AGORA CTVM S/A,,,
2026-03-27T13:04:18.005Z,market,trade,WINFUT,182810.0,2,,,,UBS BRASIL CCTVM S/A,AGORA CTVM S/A,,,
2026-03-27T13:04:18.005Z,market,trade,WINFUT,182810.0,1,,,,UBS BRASIL CCTVM S/A,BTG Pactual CTVM S.A.,,,
2026-03-27T13:04:18.005Z,market,trade,WINFUT,182810.0,3,,,,GENIAL INSTITUCIONAL CCTVM S.A,IDEAL CTVM SA,,,
2026-03-27T13:04:18.005Z,market,trade,WINFUT,182810.0,6,,,,UBS BRASIL CCTVM S/A,IDEAL CTVM SA,,,
2026-03-27T13:04:18.005Z,market,trade,WINFUT,182810.0,2,,,,UBS BRASIL CCTVM S/A,IDEAL CTVM SA,,,
2026-03-27T13:04:18.005Z,market,trade,WINFUT,182805.0,10,,,,IDEAL CTVM SA,IDEAL CTVM SA,,,
2026-03-27T13:04:18.005Z,market,trade,WINFUT,182805.0,1,,,,UBS BRASIL CCTVM S/A,IDEAL CTVM SA,,,
2026-03-27T13:04:18.005Z,market,trade,WINFUT,182810.0,7,,,,XP Investimentos CCTVM S/A,IDEAL CTVM SA,,,
2026-03-27T13:04:18.005Z,market,trade,WINFUT,182810.0,1,,,,XP Investimentos CCTVM S/A,BTG Pactual CTVM S.A.,,,
2026-03-27T13:04:18.005Z,market,trade,WINFUT,182810.0,2,,,,XP Investimentos CCTVM S/A,BTG Pactual CTVM S.A.,,,
2026-03-27T13:04:18.005Z,market,trade,WINFUT,182810.0,1,,,,XP Investimentos CCTVM S/A,XP Investimentos CCTVM S/A,,,
2026-03-27T13:04:18.005Z,market,trade,WINFUT,182810.0,1,,,,XP Investimentos CCTVM S/A,AGORA CTVM S/A,,,
2026-03-27T13:04:18.005Z,market,trade,WINFUT,182810.0,1,,,,XP Investimentos CCTVM S/A,SANTANDER CORRETORA DE TITULOS E VALORES MOBILIARIOS S.A.,,,
2026-03-27T13:04:18.005Z,market,trade,WINFUT,182810.0,1,,,,XP Investimentos CCTVM S/A,IDEAL CTVM SA,,,
2026-03-27T13:04:18.005Z,market,trade,WINFUT,182810.0,5,,,,XP Investimentos CCTVM S/A,IDEAL CTVM SA,,,
2026-03-27T13:04:18.082Z,market,trade,WINFUT,182810.0,4,,,,XP Investimentos CCTVM S/A,IDEAL CTVM SA,,,
2026-03-27T13:04:18.082Z,market,trade,WINFUT,182810.0,1,,,,XP Investimentos CCTVM S/A,IDEAL CTVM SA,,,
2026-03-27T13:04:18.082Z,market,trade,WINFUT,182810.0,5,,,,XP Investimentos CCTVM S/A,IDEAL CTVM SA,,,
2026-03-27T13:04:18.082Z,market,trade,WINFUT,182810.0,1,,,,XP Investimentos CCTVM S/A,IDEAL CTVM SA,,,
2026-03-27T13:04:18.082Z,market,trade,WINFUT,182810.0,1,,,,XP Investimentos CCTVM S/A,IDEAL CTVM SA,,,
2026-03-27T13:04:18.082Z,market,trade,WINFUT,182810.0,3,,,,XP Investimentos CCTVM S/A,IDEAL CTVM SA,,,
2026-03-27T13:04:18.082Z,market,trade,WINFUT,182810.0,1,,,,XP Investimentos CCTVM S/A,IDEAL CTVM SA,,,
2026-03-27T13:04:18.082Z,market,trade,WINFUT,182810.0,4,,,,XP Investimentos CCTVM S/A,XP Investimentos CCTVM S/A,,,
2026-03-27T13:04:18.083Z,market,trade,WINFUT,182810.0,1,,,,XP Investimentos CCTVM S/A,IDEAL CTVM SA,,,
2026-03-27T13:04:18.083Z,market,trade,WINFUT,182810.0,5,,,,XP Investimentos CCTVM S/A,BTG Pactual CTVM S.A.,,,
2026-03-27T13:04:18.083Z,market,trade,WINFUT,182810.0,9,,,,IDEAL CTVM SA,BTG Pactual CTVM S.A.,,,
2026-03-27T13:04:18.083Z,market,trade,WINFUT,182815.0,1,,,,XP Investimentos CCTVM S/A,AGORA CTVM S/A,,,
2026-03-27T13:04:18.083Z,market,trade,WINFUT,182815.0,4,,,,XP Investimentos CCTVM S/A,IDEAL CTVM SA,,,
2026-03-27T13:04:18.083Z,market,trade,WINFUT,182815.0,5,,,,GOLDMAN SACHS DO BRASIL CTVM,IDEAL CTVM SA,,,
2026-03-27T13:04:18.083Z,market,trade,WINFUT,182815.0,9,,,,GOLDMAN SACHS DO BRASIL CTVM,IDEAL CTVM SA,,,
2026-03-27T13:04:18.083Z,market,trade,WINFUT,182815.0,5,,,,GOLDMAN SACHS DO BRASIL CTVM,IDEAL CTVM SA,,,
2026-03-27T13:04:18.083Z,market,trade,WINFUT,182810.0,1,,,,BTG Pactual CTVM S.A.,BTG Pactual CTVM S.A.,,,
2026-03-27T13:04:18.083Z,market,trade,WINFUT,182810.0,7,,,,IDEAL CTVM SA,BTG Pactual CTVM S.A.,,,
2026-03-27T13:04:18.084Z,market,trade,WINFUT,182815.0,1,,,,XP Investimentos CCTVM S/A,IDEAL CTVM SA,,,
2026-03-27T13:04:18.084Z,market,trade,WINFUT,182815.0,2,,,,XP Investimentos CCTVM S/A,AGORA CTVM S/A,,,
2026-03-27T13:04:18.084Z,market,trade,WINFUT,182815.0,10,,,,XP Investimentos CCTVM S/A,XP Investimentos CCTVM S/A,,,
2026-03-27T13:04:18.084Z,market,trade,WINFUT,182815.0,5,,,,XP Investimentos CCTVM S/A,IDEAL CTVM SA,,,
2026-03-27T13:04:18.084Z,market,trade,WINFUT,182815.0,1,,,,XP Investimentos CCTVM S/A,AGORA CTVM S/A,,,
2026-03-27T13:04:18.084Z,market,trade,WINFUT,182815.0,1,,,,IDEAL CTVM SA,BTG Pactual CTVM S.A.,,,
2026-03-27T13:04:18.084Z,market,trade,WINFUT,182815.0,1,,,,IDEAL CTVM SA,XP Investimentos CCTVM S/A,,,
2026-03-27T13:04:18.084Z,market,trade,WINFUT,182815.0,1,,,,XP Investimentos CCTVM S/A,IDEAL CTVM SA,,,
2026-03-27T13:04:18.084Z,market,trade,WINFUT,182815.0,9,,,,UBS BRASIL CCTVM S/A,IDEAL CTVM SA,,,
2026-03-27T13:04:18.084Z,market,trade,WINFUT,182820.0,1,,,,XP Investimentos CCTVM S/A,BTG Pactual CTVM S.A.,,,
2026-03-27T13:04:18.084Z,market,trade,WINFUT,182815.0,1,,,,XP Investimentos CCTVM S/A,BTG Pactual CTVM S.A.,,,
2026-03-27T13:04:18.084Z,market,trade,WINFUT,182815.0,1,,,,AGORA CTVM S/A,BTG Pactual CTVM S.A.,,,
2026-03-27T13:04:18.084Z,market,trade,WINFUT,182815.0,1,,,,IDEAL CTVM SA,BTG Pactual CTVM S.A.,,,
2026-03-27T13:04:18.084Z,market,trade,WINFUT,182820.0,1,,,,XP Investimentos CCTVM S/A,BTG Pactual CTVM S.A.,,,
2026-03-27T13:04:18.084Z,market,trade,WINFUT,182820.0,1,,,,XP Investimentos CCTVM S/A,IDEAL CTVM SA,,,
2026-03-27T13:04:18.084Z,market,trade,WINFUT,182820.0,1,,,,XP Investimentos CCTVM S/A,BTG Pactual CTVM S.A.,,,
2026-03-27T13:04:18.084Z,market,trade,WINFUT,182820.0,1,,,,XP Investimentos CCTVM S/A,IDEAL CTVM SA,,,
2026-03-27T13:04:18.084Z,market,trade,WINFUT,182820.0,2,,,,XP Investimentos CCTVM S/A,BTG Pactual CTVM S.A.,,,
2026-03-27T13:04:18.084Z,market,trade,WINFUT,182820.0,1,,,,XP Investimentos CCTVM S/A,AGORA CTVM S/A,,,
2026-03-27T13:04:18.084Z,market,trade,WINFUT,182820.0,1,,,,XP Investimentos CCTVM S/A,AGORA CTVM S/A,,,
2026-03-27T13:04:18.084Z,market,trade,WINFUT,182825.0,1,,,,XP Investimentos CCTVM S/A,AGORA CTVM S/A,,,
2026-03-27T13:04:18.084Z,market,trade,WINFUT,182825.0,4,,,,XP Investimentos CCTVM S/A,GENIAL INSTITUCIONAL CCTVM S.A,,,
2026-03-27T13:04:18.084Z,market,trade,WINFUT,182825.0,1,,,,XP Investimentos CCTVM S/A,CM Capital Markets CCTVM LTDA,,,
2026-03-27T13:04:18.084Z,market,trade,WINFUT,182825.0,1,,,,XP Investimentos CCTVM S/A,XP Investimentos CCTVM S/A,,,
2026-03-27T13:04:18.084Z,market,trade,WINFUT,182825.0,1,,,,XP Investimentos CCTVM S/A,XP Investimentos CCTVM S/A,,,
2026-03-27T13:04:18.085Z,market,trade,WINFUT,182825.0,1,,,,XP Investimentos CCTVM S/A,AGORA CTVM S/A,,,
2026-03-27T13:04:18.085Z,market,trade,WINFUT,182825.0,1,,,,XP Investimentos CCTVM S/A,XP Investimentos CCTVM S/A,,,
2026-03-27T13:04:18.085Z,market,trade,WINFUT,182830.0,1,,,,XP Investimentos CCTVM S/A,XP Investimentos CCTVM S/A,,,
2026-03-27T13:04:18.085Z,market,trade,WINFUT,182830.0,1,,,,XP Investimentos CCTVM S/A,XP Investimentos CCTVM S/A,,,
2026-03-27T13:04:18.085Z,market,trade,WINFUT,182830.0,13,,,,AGORA CTVM S/A,XP Investimentos CCTVM S/A,,,
2026-03-27T13:04:18.085Z,market,trade,WINFUT,182830.0,5,,,,AGORA CTVM S/A,XP Investimentos CCTVM S/A,,,
2026-03-27T13:04:18.085Z,market,trade,WINFUT,182830.0,1,,,,AGORA CTVM S/A,GENIAL INSTITUCIONAL CCTVM S.A,,,
2026-03-27T13:04:18.085Z,market,trade,WINFUT,182830.0,3,,,,AGORA CTVM S/A,XP Investimentos CCTVM S/A,,,
2026-03-27T13:04:18.085Z,market,trade,WINFUT,182830.0,6,,,,AGORA CTVM S/A,XP Investimentos CCTVM S/A,,,
2026-03-27T13:04:18.085Z,market,trade,WINFUT,182830.0,3,,,,AGORA CTVM S/A,SANTANDER CORRETORA DE TITULOS E VALORES MOBILIARIOS S.A.,,,
2026-03-27T13:04:18.085Z,market,trade,WINFUT,182830.0,1,,,,AGORA CTVM S/A,SANTANDER CORRETORA DE TITULOS E VALORES MOBILIARIOS S.A.,,,
2026-03-27T13:04:18.085Z,market,trade,WINFUT,182830.0,2,,,,AGORA CTVM S/A,BTG Pactual CTVM S.A.,,,
2026-03-27T13:04:18.085Z,market,trade,WINFUT,182830.0,1,,,,XP Investimentos CCTVM S/A,BTG Pactual CTVM S.A.,,,
2026-03-27T13:04:18.085Z,market,trade,WINFUT,182830.0,1,,,,XP Investimentos CCTVM S/A,XP Investimentos CCTVM S/A,,,
2026-03-27T13:04:18.085Z,market,trade,WINFUT,182830.0,3,,,,XP Investimentos CCTVM S/A,GENIAL INSTITUCIONAL CCTVM S.A,,,
2026-03-27T13:04:18.085Z,market,trade,WINFUT,182830.0,1,,,,XP Investimentos CCTVM S/A,ATIVA INVESTIMENTOS S.A. CTCV,,,
2026-03-27T13:04:18.085Z,market,trade,WINFUT,182830.0,1,,,,XP Investimentos CCTVM S/A,XP Investimentos CCTVM S/A,,,
2026-03-27T13:04:18.085Z,market,trade,WINFUT,182830.0,1,,,,XP Investimentos CCTVM S/A,BTG Pactual CTVM S.A.,,,
2026-03-27T13:04:18.085Z,market,trade,WINFUT,182830.0,3,,,,XP Investimentos CCTVM S/A,BTG Pactual CTVM S.A.,,,
2026-03-27T13:04:18.085Z,market,trade,WINFUT,182830.0,1,,,,XP Investimentos CCTVM S/A,XP Investimentos CCTVM S/A,,,
2026-03-27T13:04:18.085Z,market,trade,WINFUT,182830.0,2,,,,XP Investimentos CCTVM S/A,BTG Pactual CTVM S.A.,,,
2026-03-27T13:04:18.085Z,market,trade,WINFUT,182830.0,2,,,,XP Investimentos CCTVM S/A,BTG Pactual CTVM S.A.,,,
2026-03-27T13:04:18.085Z,market,trade,WINFUT,182830.0,2,,,,XP Investimentos CCTVM S/A,BTG Pactual CTVM S.A.,,,
2026-03-27T13:04:18.085Z,market,trade,WINFUT,182830.0,1,,,,XP Investimentos CCTVM S/A,CM Capital Markets CCTVM LTDA,,,
2026-03-27T13:04:18.085Z,market,trade,WINFUT,182830.0,1,,,,XP Investimentos CCTVM S/A,XP Investimentos CCTVM S/A,,,
2026-03-27T13:04:18.086Z,market,trade,WINFUT,182830.0,1,,,,XP Investimentos CCTVM S/A,XP Investimentos CCTVM S/A,,,
2026-03-27T13:04:18.086Z,market,trade,WINFUT,182830.0,20,,,,XP Investimentos CCTVM S/A,BTG Pactual CTVM S.A.,,,
2026-03-27T13:04:18.086Z,market,trade,WINFUT,182830.0,1,,,,XP Investimentos CCTVM S/A,BTG Pactual CTVM S.A.,,,
2026-03-27T13:04:18.086Z,market,trade,WINFUT,182830.0,1,,,,XP Investimentos CCTVM S/A,IDEAL CTVM SA,,,
2026-03-27T13:04:18.086Z,market,trade,WINFUT,182830.0,1,,,,XP Investimentos CCTVM S/A,AGORA CTVM S/A,,,
2026-03-27T13:04:18.086Z,market,trade,WINFUT,182830.0,2,,,,BTG Pactual CTVM S.A.,BTG Pactual CTVM S.A.,,,
2026-03-27T13:04:18.086Z,market,trade,WINFUT,182830.0,9,,,,IDEAL CTVM SA,UBS BRASIL CCTVM S/A,,,
2026-03-27T13:04:18.086Z,market,trade,WINFUT,182830.0,5,,,,UBS BRASIL CCTVM S/A,UBS BRASIL CCTVM S/A,,,
2026-03-27T13:04:18.086Z,market,trade,WINFUT,182830.0,1,,,,BTG Pactual CTVM S.A.,UBS BRASIL CCTVM S/A,,,
2026-03-27T13:04:18.086Z,market,trade,WINFUT,182830.0,1,,,,AGORA CTVM S/A,UBS BRASIL CCTVM S/A,,,
2026-03-27T13:04:18.086Z,market,trade,WINFUT,182830.0,1,,,,BTG Pactual CTVM S.A.,UBS BRASIL CCTVM S/A,,,
2026-03-27T13:04:18.086Z,market,trade,WINFUT,182830.0,1,,,,XP Investimentos CCTVM S/A,UBS BRASIL CCTVM S/A,,,
2026-03-27T13:04:18.086Z,market,trade,WINFUT,182830.0,1,,,,XP Investimentos CCTVM S/A,IDEAL CTVM SA,,,
2026-03-27T13:04:18.086Z,market,trade,WINFUT,182830.0,1,,,,UBS BRASIL CCTVM S/A,IDEAL CTVM SA,,,
2026-03-27T13:04:18.086Z,market,trade,WINFUT,182830.0,1,,,,BTG Pactual CTVM S.A.,IDEAL CTVM SA,,,
2026-03-27T13:04:18.086Z,market,trade,WINFUT,182830.0,1,,,,IDEAL CTVM SA,IDEAL CTVM SA,,,
2026-03-27T13:04:18.086Z,market,trade,WINFUT,182825.0,1,,,,BTG Pactual CTVM S.A.,UBS BRASIL CCTVM S/A,,,
2026-03-27T13:04:18.086Z,market,trade,WINFUT,182825.0,1,,,,AGORA CTVM S/A,UBS BRASIL CCTVM S/A,,,
2026-03-27T13:04:18.086Z,market,trade,WINFUT,182825.0,9,,,,IDEAL CTVM SA,UBS BRASIL CCTVM S/A,,,
2026-03-27T13:04:18.086Z,market,trade,WINFUT,182825.0,1,,,,XP Investimentos CCTVM S/A,UBS BRASIL CCTVM S/A,,,
2026-03-27T13:04:18.086Z,market,trade,WINFUT,182825.0,4,,,,XP Investimentos CCTVM S/A,UBS BRASIL CCTVM S/A,,,
2026-03-27T13:04:18.086Z,market,trade,WINFUT,182825.0,2,,,,IDEAL CTVM SA,UBS BRASIL CCTVM S/A,,,
2026-03-27T13:04:18.086Z,market,trade,WINFUT,182825.0,1,,,,XP Investimentos CCTVM S/A,AGORA CTVM S/A,,,
2026-03-27T13:04:18.087Z,market,trade,WINFUT,182825.0,1,,,,AGORA CTVM S/A,IDEAL CTVM SA,,,
2026-03-27T13:04:18.087Z,market,trade,WINFUT,182820.0,1,,,,BTG Pactual CTVM S.A.,BTG Pactual CTVM S.A.,,,
2026-03-27T13:04:18.087Z,market,trade,WINFUT,182825.0,5,,,,BTG Pactual CTVM S.A.,IDEAL CTVM SA,,,
2026-03-27T13:04:18.087Z,market,trade,WINFUT,182825.0,1,,,,XP Investimentos CCTVM S/A,UBS BRASIL CCTVM S/A,,,
2026-03-27T13:04:20.154Z,market,trade,WINFUT,182820.0,1,,,,XP Investimentos CCTVM S/A,XP Investimentos CCTVM S/A,,,
2026-03-27T13:04:20.155Z,market,trade,WINFUT,182820.0,5,,,,XP Investimentos CCTVM S/A,XP Investimentos CCTVM S/A,,,
2026-03-27T13:04:20.155Z,market,trade,WINFUT,182825.0,14,,,,XP Investimentos CCTVM S/A,XP Investimentos CCTVM S/A,,,
2026-03-27T13:04:20.155Z,market,trade,WINFUT,182825.0,6,,,,XP Investimentos CCTVM S/A,UBS BRASIL CCTVM S/A,,,
2026-03-27T13:04:20.155Z,market,trade,WINFUT,182825.0,1,,,,XP Investimentos CCTVM S/A,UBS BRASIL CCTVM S/A,,,
2026-03-27T13:04:20.155Z,market,trade,WINFUT,182820.0,1,,,,BTG Pactual CTVM S.A.,BTG Pactual CTVM S.A.,,,
2026-03-27T13:04:20.155Z,market,trade,WINFUT,182820.0,1,,,,XP Investimentos CCTVM S/A,XP Investimentos CCTVM S/A,,,
2026-03-27T13:04:20.155Z,market,trade,WINFUT,182825.0,3,,,,GENIAL INSTITUCIONAL CCTVM S.A,GENIAL INSTITUCIONAL CCTVM S.A,,,
2026-03-27T13:04:20.155Z,market,trade,WINFUT,182820.0,2,,,,XP Investimentos CCTVM S/A,XP Investimentos CCTVM S/A,,,
2026-03-27T13:04:20.155Z,market,trade,WINFUT,182820.0,1,,,,IDEAL CTVM SA,GENIAL INSTITUCIONAL CCTVM S.A,,,
2026-03-27T13:04:20.155Z,market,trade,WINFUT,182825.0,10,,,,IDEAL CTVM SA,UBS BRASIL CCTVM S/A,,,
2026-03-27T13:04:20.155Z,market,trade,WINFUT,182825.0,1,,,,IDEAL CTVM SA,AGORA CTVM S/A,,,
2026-03-27T13:04:20.155Z,market,trade,WINFUT,182825.0,1,,,,IDEAL CTVM SA,BTG Pactual CTVM S.A.,,,
2026-03-27T13:04:20.155Z,market,trade,WINFUT,182825.0,1,,,,IDEAL CTVM SA,GENIAL INSTITUCIONAL CCTVM S.A,,,
2026-03-27T13:04:20.155Z,market,trade,WINFUT,182825.0,1,,,,IDEAL CTVM SA,AGORA CTVM S/A,,,
2026-03-27T13:04:20.155Z,market,trade,WINFUT,182825.0,1,,,,IDEAL CTVM SA,IDEAL CTVM SA,,,
2026-03-27T13:04:20.155Z,market,trade,WINFUT,182825.0,2,,,,IDEAL CTVM SA,AGORA CTVM S/A,,,
2026-03-27T13:04:20.155Z,market,trade,WINFUT,182825.0,5,,,,IDEAL CTVM SA,IDEAL CTVM SA,,,
2026-03-27T13:04:20.156Z,market,trade,WINFUT,182830.0,7,,,,IDEAL CTVM SA,IDEAL CTVM SA,,,
2026-03-27T13:04:20.156Z,market,trade,WINFUT,182830.0,31,,,,IDEAL CTVM SA,BTG Pactual CTVM S.A.,,,
2026-03-27T13:04:20.156Z,market,trade,WINFUT,182830.0,5,,,,IDEAL CTVM SA,IDEAL CTVM SA,,,
2026-03-27T13:04:20.156Z,market,trade,WINFUT,182830.0,1,,,,IDEAL CTVM SA,XP Investimentos CCTVM S/A,,,
2026-03-27T13:04:20.156Z,market,trade,WINFUT,182830.0,1,,,,IDEAL CTVM SA,BTG Pactual CTVM S.A.,,,
2026-03-27T13:04:20.156Z,market,trade,WINFUT,182830.0,1,,,,IDEAL CTVM SA,AGORA CTVM S/A,,,
2026-03-27T13:04:20.156Z,market,trade,WINFUT,182830.0,1,,,,IDEAL CTVM SA,IDEAL CTVM SA,,,
2026-03-27T13:04:20.156Z,market,trade,WINFUT,182830.0,1,,,,IDEAL CTVM SA,BTG Pactual CTVM S.A.,,,
2026-03-27T13:04:20.156Z,market,trade,WINFUT,182830.0,1,,,,XP Investimentos CCTVM S/A,XP Investimentos CCTVM S/A,,,
2026-03-27T13:04:20.156Z,market,trade,WINFUT,182830.0,1,,,,IDEAL CTVM SA,MORGAN STANLEY CTVM S/A,,,
2026-03-27T13:04:20.576Z,market,trade,WINFUT,182830.0,1,,,,XP Investimentos CCTVM S/A,IDEAL CTVM SA,,,
2026-03-27T13:04:20.576Z,market,trade,WINFUT,182830.0,1,,,,BTG Pactual CTVM S.A.,IDEAL CTVM SA,,,
2026-03-27T13:04:20.576Z,market,trade,WINFUT,182825.0,1,,,,XP Investimentos CCTVM S/A,UBS BRASIL CCTVM S/A,,,
2026-03-27T13:04:20.576Z,market,trade,WINFUT,182825.0,10,,,,IDEAL CTVM SA,UBS BRASIL CCTVM S/A,,,
2026-03-27T13:04:20.576Z,market,trade,WINFUT,182825.0,7,,,,GENIAL INSTITUCIONAL CCTVM S.A,UBS BRASIL CCTVM S/A,,,
2026-03-27T13:04:20.576Z,market,trade,WINFUT,182825.0,1,,,,BTG Pactual CTVM S.A.,BTG Pactual CTVM S.A.,,,
2026-03-27T13:04:20.576Z,market,trade,WINFUT,182825.0,4,,,,BTG Pactual CTVM S.A.,BTG Pactual CTVM S.A.,,,
2026-03-27T13:04:20.576Z,market,trade,WINFUT,182825.0,1,,,,AGORA CTVM S/A,BTG Pactual CTVM S.A.,,,
2026-03-27T13:04:20.576Z,market,trade,WINFUT,182825.0,1,,,,XP Investimentos CCTVM S/A,BTG Pactual CTVM S.A.,,,
2026-03-27T13:04:20.576Z,market,trade,WINFUT,182825.0,1,,,,BTG Pactual CTVM S.A.,BTG Pactual CTVM S.A.,,,
2026-03-27T13:04:20.576Z,market,trade,WINFUT,182825.0,1,,,,XP Investimentos CCTVM S/A,XP Investimentos CCTVM S/A,,,
2026-03-27T13:04:20.960Z,market,trade,WINFUT,182820.0,5,,,,XP Investimentos CCTVM S/A,XP Investimentos CCTVM S/A,,,
2026-03-27T13:04:20.960Z,market,trade,WINFUT,182820.0,1,,,,XP Investimentos CCTVM S/A,XP Investimentos CCTVM S/A,,,
2026-03-27T13:04:20.960Z,market,trade,WINFUT,182825.0,2,,,,XP Investimentos CCTVM S/A,XP Investimentos CCTVM S/A,,,
2026-03-27T13:04:20.960Z,market,trade,WINFUT,182820.0,1,,,,CM Capital Markets CCTVM LTDA,CM Capital Markets CCTVM LTDA,,,
2026-03-27T13:04:20.960Z,market,trade,WINFUT,182820.0,2,,,,XP Investimentos CCTVM S/A,XP Investimentos CCTVM S/A,,,
2026-03-27T13:04:21.304Z,market,trade,WINFUT,182820.0,14,,,,BTG Pactual CTVM S.A.,BTG Pactual CTVM S.A.,,,
2026-03-27T13:04:21.304Z,market,trade,WINFUT,182820.0,1,,,,BTG Pactual CTVM S.A.,BTG Pactual CTVM S.A.,,,
2026-03-27T13:04:21.304Z,market,trade,WINFUT,182820.0,1,,,,BTG Pactual CTVM S.A.,BTG Pactual CTVM S.A.,,,
2026-03-27T13:04:21.304Z,market,trade,WINFUT,182820.0,1,,,,BTG Pactual CTVM S.A.,BTG Pactual CTVM S.A.,,,
2026-03-27T13:04:21.304Z,market,trade,WINFUT,182820.0,9,,,,IDEAL CTVM SA,BTG Pactual CTVM S.A.,,,
2026-03-27T13:04:21.304Z,market,trade,WINFUT,182820.0,4,,,,XP Investimentos CCTVM S/A,BTG Pactual CTVM S.A.,,,
2026-03-27T13:04:21.304Z,market,trade,WINFUT,182820.0,1,,,,XP Investimentos CCTVM S/A,BTG Pactual CTVM S.A.,,,
2026-03-27T13:04:21.304Z,market,trade,WINFUT,182820.0,18,,,,UBS BRASIL CCTVM S/A,BTG Pactual CTVM S.A.,,,
2026-03-27T13:04:21.304Z,market,trade,WINFUT,182820.0,1,,,,XP Investimentos CCTVM S/A,BTG Pactual CTVM S.A.,,,
2026-03-27T13:04:21.584Z,market,trade,WINFUT,182820.0,4,,,,BTG Pactual CTVM S.A.,IDEAL CTVM SA,,,
2026-03-27T13:04:21.585Z,market,trade,WINFUT,182820.0,1,,,,BTG Pactual CTVM S.A.,IDEAL CTVM SA,,,
2026-03-27T13:04:21.585Z,market,trade,WINFUT,182820.0,9,,,,IDEAL CTVM SA,UBS BRASIL CCTVM S/A,,,
2026-03-27T13:04:21.585Z,market,trade,WINFUT,182820.0,4,,,,XP Investimentos CCTVM S/A,UBS BRASIL CCTVM S/A,,,
2026-03-27T13:04:21.585Z,market,trade,WINFUT,182820.0,1,,,,XP Investimentos CCTVM S/A,UBS BRASIL CCTVM S/A,,,
2026-03-27T13:04:21.585Z,market,trade,WINFUT,182820.0,1,,,,XP Investimentos CCTVM S/A,IDEAL CTVM SA,,,
2026-03-27T13:04:21.585Z,market,trade,WINFUT,182815.0,5,,,,XP Investimentos CCTVM S/A,XP Investimentos CCTVM S/A,,,
2026-03-27T13:04:21.585Z,market,trade,WINFUT,182815.0,1,,,,XP Investimentos CCTVM S/A,IDEAL CTVM SA,,,
2026-03-27T13:04:21.585Z,market,trade,WINFUT,182815.0,1,,,,AGORA CTVM S/A,IDEAL CTVM SA,,,
2026-03-27T13:04:21.585Z,market,trade,WINFUT,182815.0,2,,,,BTG Pactual CTVM S.A.,IDEAL CTVM SA,,,
2026-03-27T13:04:21.585Z,market,trade,WINFUT,182815.0,1,,,,AGORA CTVM S/A,IDEAL CTVM SA,,,
2026-03-27T13:04:21.585Z,market,trade,WINFUT,182815.0,1,,,,BTG Pactual CTVM S.A.,IDEAL CTVM SA,,,
2026-03-27T13:04:21.833Z,market,trade,WINFUT,182810.0,2,,,,IDEAL CTVM SA,IDEAL CTVM SA,,,
2026-03-27T13:04:21.833Z,market,trade,WINFUT,182810.0,1,,,,XP Investimentos CCTVM S/A,IDEAL CTVM SA,,,
2026-03-27T13:04:21.833Z,market,trade,WINFUT,182810.0,1,,,,XP Investimentos CCTVM S/A,IDEAL CTVM SA,,,
2026-03-27T13:04:21.833Z,market,trade,WINFUT,182810.0,1,,,,XP Investimentos CCTVM S/A,IDEAL CTVM SA,,,
2026-03-27T13:04:21.833Z,market,trade,WINFUT,182810.0,1,,,,XP Investimentos CCTVM S/A,IDEAL CTVM SA,,,
2026-03-27T13:04:21.833Z,market,trade,WINFUT,182810.0,1,,,,BTG Pactual CTVM S.A.,IDEAL CTVM SA,,,
2026-03-27T13:04:22.082Z,market,trade,WINFUT,182805.0,1,,,,SANTANDER CORRETORA DE TITULOS E VALORES MOBILIARIOS S.A.,SANTANDER CORRETORA DE TITULOS E VALORES MOBILIARIOS S.A.,,,
2026-03-27T13:04:22.083Z,market,trade,WINFUT,182805.0,8,,,,XP Investimentos CCTVM S/A,XP Investimentos CCTVM S/A,,,
2026-03-27T13:04:22.083Z,market,trade,WINFUT,182805.0,10,,,,BTG Pactual CTVM S.A.,BTG Pactual CTVM S.A.,,,
2026-03-27T13:04:22.267Z,market,trade,WINFUT,182810.0,5,,,,XP Investimentos CCTVM S/A,XP Investimentos CCTVM S/A,,,
2026-03-27T13:04:22.267Z,market,trade,WINFUT,182810.0,1,,,,XP Investimentos CCTVM S/A,XP Investimentos CCTVM S/A,,,
2026-03-27T13:04:22.267Z,market,trade,WINFUT,182810.0,1,,,,C6 CTVM LTDA,IDEAL CTVM SA,,,
2026-03-27T13:04:22.737Z,market,trade,WINFUT,182810.0,4,,,,C6 CTVM LTDA,IDEAL CTVM SA,,,
2026-03-27T13:04:22.737Z,market,trade,WINFUT,182810.0,1,,,,XP Investimentos CCTVM S/A,BTG Pactual CTVM S.A.,,,
2026-03-27T13:04:22.737Z,market,trade,WINFUT,182810.0,1,,,,IDEAL CTVM SA,IDEAL CTVM SA,,,
2026-03-27T13:04:23.237Z,market,trade,WINFUT,182815.0,1,,,,SANTANDER CORRETORA DE TITULOS E VALORES MOBILIARIOS S.A.,BTG Pactual CTVM S.A.,,,
2026-03-27T13:04:23.237Z,market,trade,WINFUT,182815.0,1,,,,NOVA FUTURA CTVM LTDA,IDEAL CTVM SA,,,
2026-03-27T13:04:23.237Z,market,trade,WINFUT,182810.0,1,,,,XP Investimentos CCTVM S/A,INTER DTVM LTDA,,,
2026-03-27T13:04:23.237Z,market,trade,WINFUT,182810.0,1,,,,IDEAL CTVM SA,INTER DTVM LTDA,,,
2026-03-27T13:04:23.237Z,market,trade,WINFUT,182810.0,3,,,,XP Investimentos CCTVM S/A,INTER DTVM LTDA,,,
2026-03-27T13:04:23.237Z,market,trade,WINFUT,182810.0,5,,,,IDEAL CTVM SA,INTER DTVM LTDA,,,
2026-03-27T13:04:23.237Z,market,trade,WINFUT,182810.0,1,,,,XP Investimentos CCTVM S/A,IDEAL CTVM SA,,,
2026-03-27T13:04:23.237Z,market,trade,WINFUT,182810.0,1,,,,BTG Pactual CTVM S.A.,IDEAL CTVM SA,,,
2026-03-27T13:04:23.307Z,market,trade,WINFUT,182810.0,2,,,,J. P. MORGAN CCVM S.A.,UBS BRASIL CCTVM S/A,,,
2026-03-27T13:04:23.307Z,market,trade,WINFUT,182810.0,1,,,,GENIAL INSTITUCIONAL CCTVM S.A,GENIAL INSTITUCIONAL CCTVM S.A,,,
2026-03-27T13:04:23.308Z,market,trade,WINFUT,182805.0,1,,,,AGORA CTVM S/A,GENIAL INSTITUCIONAL CCTVM S.A,,,
2026-03-27T13:04:23.308Z,market,trade,WINFUT,182805.0,1,,,,XP Investimentos CCTVM S/A,GENIAL INSTITUCIONAL CCTVM S.A,,,
2026-03-27T13:04:23.308Z,market,trade,WINFUT,182805.0,3,,,,XP Investimentos CCTVM S/A,GENIAL INSTITUCIONAL CCTVM S.A,,,
2026-03-27T13:04:23.308Z,market,trade,WINFUT,182810.0,2,,,,CM Capital Markets CCTVM LTDA,CM Capital Markets CCTVM LTDA,,,
2026-03-27T13:04:23.385Z,market,trade,WINFUT,182805.0,14,,,,BTG Pactual CTVM S.A.,BTG Pactual CTVM S.A.,,,
2026-03-27T13:04:23.385Z,market,trade,WINFUT,182805.0,2,,,,XP Investimentos CCTVM S/A,BTG Pactual CTVM S.A.,,,
2026-03-27T13:04:23.385Z,market,trade,WINFUT,182805.0,1,,,,BTG Pactual CTVM S.A.,BTG Pactual CTVM S.A.,,,
2026-03-27T13:04:23.385Z,market,trade,WINFUT,182805.0,3,,,,IDEAL CTVM SA,BTG Pactual CTVM S.A.,,,
2026-03-27T13:04:23.462Z,market,trade,WINFUT,182810.0,1,,,,XP Investimentos CCTVM S/A,XP Investimentos CCTVM S/A,,,
2026-03-27T13:04:23.680Z,market,trade,WINFUT,182810.0,1,,,,XP Investimentos CCTVM S/A,BTG Pactual CTVM S.A.,,,
2026-03-27T13:04:23.680Z,market,trade,WINFUT,182810.0,4,,,,XP Investimentos CCTVM S/A,XP Investimentos CCTVM S/A,,,
2026-03-27T13:04:23.680Z,market,trade,WINFUT,182810.0,1,,,,XP Investimentos CCTVM S/A,XP Investimentos CCTVM S/A,,,
2026-03-27T13:04:23.680Z,market,trade,WINFUT,182810.0,14,,,,XP Investimentos CCTVM S/A,XP Investimentos CCTVM S/A,,,
2026-03-27T13:04:23.680Z,market,trade,WINFUT,182810.0,9,,,,XP Investimentos CCTVM S/A,IDEAL CTVM SA,,,
2026-03-27T13:04:23.680Z,market,trade,WINFUT,182815.0,9,,,,XP Investimentos CCTVM S/A,IDEAL CTVM SA,,,
2026-03-27T13:04:23.680Z,market,trade,WINFUT,182815.0,1,,,,XP Investimentos CCTVM S/A,AGORA CTVM S/A,,,
2026-03-27T13:04:23.680Z,market,trade,WINFUT,182815.0,18,,,,XP Investimentos CCTVM S/A,UBS BRASIL CCTVM S/A,,,
2026-03-27T13:04:23.680Z,market,trade,WINFUT,182815.0,1,,,,XP Investimentos CCTVM S/A,IDEAL CTVM SA,,,
2026-03-27T13:04:23.680Z,market,trade,WINFUT,182815.0,9,,,,XP Investimentos CCTVM S/A,IDEAL CTVM SA,,,
2026-03-27T13:04:23.680Z,market,trade,WINFUT,182815.0,1,,,,XP Investimentos CCTVM S/A,BTG Pactual CTVM S.A.,,,
2026-03-27T13:04:23.680Z,market,trade,WINFUT,182815.0,1,,,,XP Investimentos CCTVM S/A,BTG Pactual CTVM S.A.,,,
2026-03-27T13:04:23.680Z,market,trade,WINFUT,182815.0,1,,,,XP Investimentos CCTVM S/A,XP Investimentos CCTVM S/A,,,
2026-03-27T13:04:23.707Z,market,trade,WINFUT,182815.0,5,,,,XP Investimentos CCTVM S/A,XP Investimentos CCTVM S/A,,,
2026-03-27T13:04:23.707Z,market,trade,WINFUT,182815.0,12,,,,XP Investimentos CCTVM S/A,AGORA CTVM S/A,,,
2026-03-27T13:04:23.707Z,market,trade,WINFUT,182815.0,7,,,,XP Investimentos CCTVM S/A,IDEAL CTVM SA,,,
2026-03-27T13:04:23.707Z,market,trade,WINFUT,182815.0,9,,,,XP Investimentos CCTVM S/A,IDEAL CTVM SA,,,
2026-03-27T13:04:23.707Z,market,trade,WINFUT,182815.0,3,,,,XP Investimentos CCTVM S/A,IDEAL CTVM SA,,,
2026-03-27T13:04:23.707Z,market,trade,WINFUT,182810.0,1,,,,XP Investimentos CCTVM S/A,IDEAL CTVM SA,,,
2026-03-27T13:04:23.707Z,market,trade,WINFUT,182810.0,3,,,,XP Investimentos CCTVM S/A,IDEAL CTVM SA,,,
2026-03-27T13:04:23.707Z,market,trade,WINFUT,182810.0,4,,,,XP Investimentos CCTVM S/A,IDEAL CTVM SA,,,
2026-03-27T13:04:23.707Z,market,trade,WINFUT,182810.0,2,,,,UBS BRASIL CCTVM S/A,IDEAL CTVM SA,,,
2026-03-27T13:04:23.707Z,market,trade,WINFUT,182810.0,4,,,,UBS BRASIL CCTVM S/A,XP Investimentos CCTVM S/A,,,
2026-03-27T13:04:23.707Z,market,trade,WINFUT,182810.0,1,,,,XP Investimentos CCTVM S/A,XP Investimentos CCTVM S/A,,,
2026-03-27T13:04:23.708Z,market,trade,WINFUT,182810.0,10,,,,IDEAL CTVM SA,IDEAL CTVM SA,,,
2026-03-27T13:04:23.708Z,market,trade,WINFUT,182810.0,1,,,,IDEAL CTVM SA,IDEAL CTVM SA,,,
2026-03-27T13:04:23.708Z,market,trade,WINFUT,182810.0,6,,,,IDEAL CTVM SA,IDEAL CTVM SA,,,
2026-03-27T13:04:23.708Z,market,trade,WINFUT,182810.0,5,,,,IDEAL CTVM SA,IDEAL CTVM SA,,,
2026-03-27T13:04:23.708Z,market,trade,WINFUT,182810.0,3,,,,XP Investimentos CCTVM S/A,IDEAL CTVM SA,,,
2026-03-27T13:04:23.708Z,market,trade,WINFUT,182815.0,1,,,,BTG Pactual CTVM S.A.,BTG Pactual CTVM S.A.,,,
2026-03-27T13:04:23.708Z,market,trade,WINFUT,182815.0,1,,,,BTG Pactual CTVM S.A.,AGORA CTVM S/A,,,
2026-03-27T13:04:23.708Z,market,trade,WINFUT,182820.0,3,,,,BTG Pactual CTVM S.A.,IDEAL CTVM SA,,,
2026-03-27T13:04:23.708Z,market,trade,WINFUT,182820.0,5,,,,GOLDMAN SACHS DO BRASIL CTVM,IDEAL CTVM SA,,,
2026-03-27T13:04:23.708Z,market,trade,WINFUT,182820.0,1,,,,GOLDMAN SACHS DO BRASIL CTVM,BTG Pactual CTVM S.A.,,,
2026-03-27T13:04:23.708Z,market,trade,WINFUT,182820.0,1,,,,GENIAL INSTITUCIONAL CCTVM S.A,GENIAL INSTITUCIONAL CCTVM S.A,,,
2026-03-27T13:04:24.079Z,market,trade,WINFUT,182815.0,6,,,,SANTANDER CORRETORA DE TITULOS E VALORES MOBILIARIOS S.A.,SANTANDER CORRETORA DE TITULOS E VALORES MOBILIARIOS S.A.,,,
2026-03-27T13:04:24.079Z,market,trade,WINFUT,182820.0,1,,,,BTG Pactual CTVM S.A.,BTG Pactual CTVM S.A.,,,
2026-03-27T13:04:24.079Z,market,trade,WINFUT,182820.0,10,,,,Elliot-Warren,IDEAL CTVM SA,,,
2026-03-27T13:04:24.079Z,market,trade,WINFUT,182820.0,1,,,,Elliot-Warren,BTG Pactual CTVM S.A.,,,
2026-03-27T13:04:24.079Z,market,trade,WINFUT,182820.0,1,,,,Elliot-Warren,XP Investimentos CCTVM S/A,,,
2026-03-27T13:04:24.079Z,market,trade,WINFUT,182820.0,13,,,,Elliot-Warren,UBS BRASIL CCTVM S/A,,,
2026-03-27T13:04:24.079Z,market,trade,WINFUT,182815.0,3,,,,IDEAL CTVM SA,GENIAL INSTITUCIONAL CCTVM S.A,,,
2026-03-27T13:04:24.080Z,market,trade,WINFUT,182820.0,1,,,,BTG Pactual CTVM S.A.,BTG Pactual CTVM S.A.,,,
2026-03-27T13:04:24.080Z,market,trade,WINFUT,182820.0,5,,,,Elliot-Warren,UBS BRASIL CCTVM S/A,,,
2026-03-27T13:04:24.080Z,market,trade,WINFUT,182820.0,9,,,,Elliot-Warren,IDEAL CTVM SA,,,
2026-03-27T13:04:24.080Z,market,trade,WINFUT,182820.0,1,,,,Elliot-Warren,BTG Pactual CTVM S.A.,,,
2026-03-27T13:04:24.386Z,market,trade,WINFUT,182825.0,5,,,,Elliot-Warren,IDEAL CTVM SA,,,
2026-03-27T13:04:24.386Z,market,trade,WINFUT,182820.0,1,,,,XP Investimentos CCTVM S/A,XP Investimentos CCTVM S/A,,,
2026-03-27T13:04:24.386Z,market,trade,WINFUT,182820.0,1,,,,XP Investimentos CCTVM S/A,IDEAL CTVM SA,,,
2026-03-27T13:04:24.386Z,market,trade,WINFUT,182820.0,4,,,,XP Investimentos CCTVM S/A,IDEAL CTVM SA,,,
2026-03-27T13:04:24.561Z,market,trade,WINFUT,182820.0,1,,,,XP Investimentos CCTVM S/A,IDEAL CTVM SA,,,
2026-03-27T13:04:24.561Z,market,trade,WINFUT,182820.0,3,,,,XP Investimentos CCTVM S/A,XP Investimentos CCTVM S/A,,,
2026-03-27T13:04:24.561Z,market,trade,WINFUT,182820.0,10,,,,XP Investimentos CCTVM S/A,XP Investimentos CCTVM S/A,,,
2026-03-27T13:04:24.561Z,market,trade,WINFUT,182820.0,2,,,,XP Investimentos CCTVM S/A,XP Investimentos CCTVM S/A,,,
2026-03-27T13:04:24.561Z,market,trade,WINFUT,182820.0,1,,,,BTG Pactual CTVM S.A.,IDEAL CTVM SA,,,
2026-03-27T13:04:24.698Z,market,trade,WINFUT,182820.0,4,,,,XP Investimentos CCTVM S/A,XP Investimentos CCTVM S/A,,,
2026-03-27T13:04:24.698Z,market,trade,WINFUT,182820.0,10,,,,XP Investimentos CCTVM S/A,XP Investimentos CCTVM S/A,,,
2026-03-27T13:04:24.698Z,market,trade,WINFUT,182815.0,4,,,,XP Investimentos CCTVM S/A,XP Investimentos CCTVM S/A,,,
2026-03-27T13:04:24.698Z,market,trade,WINFUT,182820.0,1,,,,XP Investimentos CCTVM S/A,XP Investimentos CCTVM S/A,,,
2026-03-27T13:04:24.698Z,market,trade,WINFUT,182820.0,1,,,,XP Investimentos CCTVM S/A,XP Investimentos CCTVM S/A,,,
2026-03-27T13:04:24.698Z,market,trade,WINFUT,182815.0,5,,,,BTG Pactual CTVM S.A.,BTG Pactual CTVM S.A.,,,
2026-03-27T13:04:24.698Z,market,trade,WINFUT,182815.0,6,,,,IDEAL CTVM SA,BTG Pactual CTVM S.A.,,,
2026-03-27T13:04:24.698Z,market,trade,WINFUT,182815.0,4,,,,IDEAL CTVM SA,BTG Pactual CTVM S.A.,,,
2026-03-27T13:04:24.698Z,market,trade,WINFUT,182815.0,1,,,,AGORA CTVM S/A,UBS BRASIL CCTVM S/A,,,
2026-03-27T13:04:24.698Z,market,trade,WINFUT,182815.0,1,,,,BTG Pactual CTVM S.A.,UBS BRASIL CCTVM S/A,,,
2026-03-27T13:04:24.698Z,market,trade,WINFUT,182815.0,1,,,,BTG Pactual CTVM S.A.,UBS BRASIL CCTVM S/A,,,
2026-03-27T13:04:24.698Z,market,trade,WINFUT,182815.0,1,,,,BTG Pactual CTVM S.A.,UBS BRASIL CCTVM S/A,,,
2026-03-27T13:04:24.698Z,market,trade,WINFUT,182810.0,8,,,,XP Investimentos CCTVM S/A,XP Investimentos CCTVM S/A,,,
2026-03-27T13:04:24.698Z,market,trade,WINFUT,182810.0,1,,,,BTG Pactual CTVM S.A.,IDEAL CTVM SA,,,
2026-03-27T13:04:24.698Z,market,trade,WINFUT,182805.0,2,,,,BTG Pactual CTVM S.A.,BTG Pactual CTVM S.A.,,,
2026-03-27T13:04:25.063Z,market,trade,WINFUT,182810.0,3,,,,SANTANDER CORRETORA DE TITULOS E VALORES MOBILIARIOS S.A.,SANTANDER CORRETORA DE TITULOS E VALORES MOBILIARIOS S.A.,,,
2026-03-27T13:04:25.063Z,market,trade,WINFUT,182810.0,1,,,,SANTANDER CORRETORA DE TITULOS E VALORES MOBILIARIOS S.A.,SANTANDER CORRETORA DE TITULOS E VALORES MOBILIARIOS S.A.,,,
2026-03-27T13:04:25.063Z,market,trade,WINFUT,182810.0,2,,,,SANTANDER CORRETORA DE TITULOS E VALORES MOBILIARIOS S.A.,SANTANDER CORRETORA DE TITULOS E VALORES MOBILIARIOS S.A.,,,
2026-03-27T13:04:25.063Z,market,trade,WINFUT,182805.0,1,,,,AGORA CTVM S/A,BTG Pactual CTVM S.A.,,,
2026-03-27T13:04:25.063Z,market,trade,WINFUT,182805.0,16,,,,UBS BRASIL CCTVM S/A,BTG Pactual CTVM S.A.,,,
2026-03-27T13:04:25.063Z,market,trade,WINFUT,182805.0,1,,,,XP Investimentos CCTVM S/A,XP Investimentos CCTVM S/A,,,
2026-03-27T13:04:25.063Z,market,trade,WINFUT,182805.0,1,,,,BTG Pactual CTVM S.A.,XP Investimentos CCTVM S/A,,,
2026-03-27T13:04:25.063Z,market,trade,WINFUT,182805.0,1,,,,AGORA CTVM S/A,BTG Pactual CTVM S.A.,,,
2026-03-27T13:04:25.063Z,market,trade,WINFUT,182805.0,4,,,,XP Investimentos CCTVM S/A,UBS BRASIL CCTVM S/A,,,
2026-03-27T13:04:25.064Z,market,trade,WINFUT,182805.0,1,,,,XP Investimentos CCTVM S/A,UBS BRASIL CCTVM S/A,,,
2026-03-27T13:04:25.064Z,market,trade,WINFUT,182805.0,1,,,,XP Investimentos CCTVM S/A,BTG Pactual CTVM S.A.,,,
2026-03-27T13:04:25.064Z,market,trade,WINFUT,182800.0,5,,,,XP Investimentos CCTVM S/A,XP Investimentos CCTVM S/A,,,
2026-03-27T13:04:25.064Z,market,trade,WINFUT,182805.0,1,,,,GENIAL INSTITUCIONAL CCTVM S.A,AGORA CTVM S/A,,,
2026-03-27T13:04:25.064Z,market,trade,WINFUT,182810.0,1,,,,GENIAL INSTITUCIONAL CCTVM S.A,BTG Pactual CTVM S.A.,,,
2026-03-27T13:04:25.064Z,market,trade,WINFUT,182805.0,1,,,,XP Investimentos CCTVM S/A,UBS BRASIL CCTVM S/A,,,
2026-03-27T13:04:25.064Z,market,trade,WINFUT,182800.0,7,,,,UBS BRASIL CCTVM S/A,ITAU CV S/A,,,
2026-03-27T13:04:25.064Z,market,trade,WINFUT,182805.0,1,,,,BTG Pactual CTVM S.A.,BTG Pactual CTVM S.A.,,,
2026-03-27T13:04:25.064Z,market,trade,WINFUT,182805.0,1,,,,XP Investimentos CCTVM S/A,XP Investimentos CCTVM S/A,,,
2026-03-27T13:04:25.642Z,market,trade,WINFUT,182805.0,1,,,,SANTANDER CORRETORA DE TITULOS E VALORES MOBILIARIOS S.A.,SANTANDER CORRETORA DE TITULOS E VALORES MOBILIARIOS S.A.,,,
2026-03-27T13:04:25.642Z,market,trade,WINFUT,182805.0,1,,,,GENIAL INSTITUCIONAL CCTVM S.A,GENIAL INSTITUCIONAL CCTVM S.A,,,
2026-03-27T13:04:25.642Z,market,trade,WINFUT,182805.0,2,,,,BTG Pactual CTVM S.A.,BTG Pactual CTVM S.A.,,,
2026-03-27T13:04:25.808Z,market,trade,WINFUT,182805.0,1,,,,GENIAL INSTITUCIONAL CCTVM S.A,GENIAL INSTITUCIONAL CCTVM S.A,,,
2026-03-27T13:04:25.808Z,market,trade,WINFUT,182805.0,5,,,,XP Investimentos CCTVM S/A,XP Investimentos CCTVM S/A,,,
2026-03-27T13:04:25.808Z,market,trade,WINFUT,182805.0,1,,,,GENIAL INSTITUCIONAL CCTVM S.A,GENIAL INSTITUCIONAL CCTVM S.A,,,
2026-03-27T13:04:25.808Z,market,trade,WINFUT,182805.0,1,,,,XP Investimentos CCTVM S/A,XP Investimentos CCTVM S/A,,,
2026-03-27T13:04:25.808Z,market,trade,WINFUT,182805.0,8,,,,XP Investimentos CCTVM S/A,XP Investimentos CCTVM S/A,,,
2026-03-27T13:04:25.808Z,market,trade,WINFUT,182805.0,1,,,,SANTANDER CORRETORA DE TITULOS E VALORES MOBILIARIOS S.A.,AGORA CTVM S/A,,,
2026-03-27T13:04:25.808Z,market,trade,WINFUT,182805.0,7,,,,SANTANDER CORRETORA DE TITULOS E VALORES MOBILIARIOS S.A.,SANTANDER CORRETORA DE TITULOS E VALORES MOBILIARIOS S.A.,,,
2026-03-27T13:04:25.808Z,market,trade,WINFUT,182805.0,1,,,,SANTANDER CORRETORA DE TITULOS E VALORES MOBILIARIOS S.A.,IDEAL CTVM SA,,,
2026-03-27T13:04:25.852Z,market,trade,WINFUT,182800.0,1,,,,XP Investimentos CCTVM S/A,XP Investimentos CCTVM S/A,,,
2026-03-27T13:04:25.852Z,market,trade,WINFUT,182805.0,1,,,,XP Investimentos CCTVM S/A,XP Investimentos CCTVM S/A,,,
2026-03-27T13:04:25.852Z,market,trade,WINFUT,182805.0,1,,,,XP Investimentos CCTVM S/A,XP Investimentos CCTVM S/A,,,
2026-03-27T13:04:26.236Z,market,trade,WINFUT,182805.0,1,,,,NOVA FUTURA CTVM LTDA,AGORA CTVM S/A,,,
2026-03-27T13:04:26.236Z,market,trade,WINFUT,182800.0,9,,,,IDEAL CTVM SA,BTG Pactual CTVM S.A.,,,
2026-03-27T13:04:26.236Z,market,trade,WINFUT,182800.0,1,,,,GENIAL INSTITUCIONAL CCTVM S.A,BTG Pactual CTVM S.A.,,,
2026-03-27T13:04:26.236Z,market,trade,WINFUT,182800.0,1,,,,GENIAL INSTITUCIONAL CCTVM S.A,XP Investimentos CCTVM S/A,,,
2026-03-27T13:04:26.236Z,market,trade,WINFUT,182800.0,4,,,,GENIAL INSTITUCIONAL CCTVM S.A,XP Investimentos CCTVM S/A,,,
2026-03-27T13:04:26.236Z,market,trade,WINFUT,182800.0,1,,,,GENIAL INSTITUCIONAL CCTVM S.A,BTG Pactual CTVM S.A.,,,
2026-03-27T13:04:26.236Z,market,trade,WINFUT,182800.0,4,,,,GENIAL INSTITUCIONAL CCTVM S.A,BTG Pactual CTVM S.A.,,,
2026-03-27T13:04:26.236Z,market,trade,WINFUT,182800.0,9,,,,GENIAL INSTITUCIONAL CCTVM S.A,IDEAL CTVM SA,,,
2026-03-27T13:04:26.236Z,market,trade,WINFUT,182800.0,9,,,,GENIAL INSTITUCIONAL CCTVM S.A,IDEAL CTVM SA,,,
2026-03-27T13:04:26.236Z,market,trade,WINFUT,182800.0,3,,,,GENIAL INSTITUCIONAL CCTVM S.A,IDEAL CTVM SA,,,
2026-03-27T13:04:26.236Z,market,trade,WINFUT,182800.0,1,,,,GENIAL INSTITUCIONAL CCTVM S.A,IDEAL CTVM SA,,,
2026-03-27T13:04:26.236Z,market,trade,WINFUT,182800.0,7,,,,GENIAL INSTITUCIONAL CCTVM S.A,IDEAL CTVM SA,,,
2026-03-27T13:04:26.236Z,market,trade,WINFUT,182800.0,1,,,,GENIAL INSTITUCIONAL CCTVM S.A,XP Investimentos CCTVM S/A,,,
2026-03-27T13:04:26.236Z,market,trade,WINFUT,182800.0,4,,,,GENIAL INSTITUCIONAL CCTVM S.A,XP Investimentos CCTVM S/A,,,
2026-03-27T13:04:26.236Z,market,trade,WINFUT,182800.0,1,,,,GENIAL INSTITUCIONAL CCTVM S.A,IDEAL CTVM SA,,,
2026-03-27T13:04:26.236Z,market,trade,WINFUT,182800.0,4,,,,GENIAL INSTITUCIONAL CCTVM S.A,IDEAL CTVM SA,,,
2026-03-27T13:04:26.236Z,market,trade,WINFUT,182805.0,1,,,,GENIAL INSTITUCIONAL CCTVM S.A,AGORA CTVM S/A,,,
2026-03-27T13:04:26.236Z,market,trade,WINFUT,182805.0,1,,,,GENIAL INSTITUCIONAL CCTVM S.A,BTG Pactual CTVM S.A.,,,
2026-03-27T13:04:26.236Z,market,trade,WINFUT,182805.0,1,,,,GENIAL INSTITUCIONAL CCTVM S.A,AGORA CTVM S/A,,,
2026-03-27T13:04:26.236Z,market,trade,WINFUT,182805.0,5,,,,GENIAL INSTITUCIONAL CCTVM S.A,GENIAL INSTITUCIONAL CCTVM S.A,,,
2026-03-27T13:04:26.236Z,market,trade,WINFUT,182805.0,2,,,,GENIAL INSTITUCIONAL CCTVM S.A,IDEAL CTVM SA,,,
2026-03-27T13:15:38.626Z,market,trade,WINFUT,182675.0,1,,,,XP Investimentos CCTVM S/A,XP Investimentos CCTVM S/A,,,
2026-03-27T13:15:38.626Z,market,trade,WINFUT,182680.0,1,,,,XP Investimentos CCTVM S/A,XP Investimentos CCTVM S/A,,,
2026-03-27T13:15:38.626Z,market,trade,WINFUT,182680.0,1,,,,XP Investimentos CCTVM S/A,XP Investimentos CCTVM S/A,,,
2026-03-27T13:15:38.626Z,market,trade,WINFUT,182675.0,1,,,,XP Investimentos CCTVM S/A,XP Investimentos CCTVM S/A,,,
2026-03-27T13:15:38.626Z,market,trade,WINFUT,182675.0,1,,,,XP Investimentos CCTVM S/A,XP Investimentos CCTVM S/A,,,
2026-03-27T13:15:38.627Z,market,trade,WINFUT,182680.0,1,,,,GENIAL INSTITUCIONAL CCTVM S.A,GENIAL INSTITUCIONAL CCTVM S.A,,,
2026-03-27T13:15:38.627Z,market,trade,WINFUT,182680.0,1,,,,GENIAL INSTITUCIONAL CCTVM S.A,GENIAL INSTITUCIONAL CCTVM S.A,,,
2026-03-27T13:15:38.627Z,market,trade,WINFUT,182675.0,1,,,,XP Investimentos CCTVM S/A,XP Investimentos CCTVM S/A,,,
2026-03-27T13:15:38.697Z,market,trade,WINFUT,182680.0,12,,,,BTG Pactual CTVM S.A.,GENIAL INSTITUCIONAL CCTVM S.A,,,
2026-03-27T13:15:38.708Z,market,trade,WINFUT,182680.0,3,,,,BTG Pactual CTVM S.A.,BTG Pactual CTVM S.A.,,,
2026-03-27T13:15:38.709Z,market,trade,WINFUT,182680.0,2,,,,BTG Pactual CTVM S.A.,BTG Pactual CTVM S.A.,,,
2026-03-27T13:15:38.709Z,market,trade,WINFUT,182680.0,3,,,,IDEAL CTVM SA,BTG Pactual CTVM S.A.,,,
2026-03-27T13:15:38.709Z,market,trade,WINFUT,182680.0,1,,,,IDEAL CTVM SA,BTG Pactual CTVM S.A.,,,
2026-03-27T13:15:38.721Z,market,trade,WINFUT,182685.0,3,,,,SANTANDER CORRETORA DE TITULOS E VALORES MOBILIARIOS S.A.,XP Investimentos CCTVM S/A,,,
2026-03-27T13:15:38.721Z,market,trade,WINFUT,182685.0,1,,,,GENIAL INSTITUCIONAL CCTVM S.A,XP Investimentos CCTVM S/A,,,
2026-03-27T13:15:38.721Z,market,trade,WINFUT,182685.0,1,,,,GENIAL INSTITUCIONAL CCTVM S.A,BTG Pactual CTVM S.A.,,,
2026-03-27T13:15:38.721Z,market,trade,WINFUT,182685.0,3,,,,GENIAL INSTITUCIONAL CCTVM S.A,BTG Pactual CTVM S.A.,,,
2026-03-27T13:15:38.721Z,market,trade,WINFUT,182685.0,2,,,,XP Investimentos CCTVM S/A,XP Investimentos CCTVM S/A,,,
2026-03-27T13:15:38.721Z,market,trade,WINFUT,182680.0,2,,,,XP Investimentos CCTVM S/A,XP Investimentos CCTVM S/A,,,
2026-03-27T13:15:38.727Z,market,trade,WINFUT,182685.0,1,,,,XP Investimentos CCTVM S/A,XP Investimentos CCTVM S/A,,,
2026-03-27T13:15:38.728Z,market,trade,WINFUT,182680.0,1,,,,BTG Pactual CTVM S.A.,SANTANDER CORRETORA DE TITULOS E VALORES MOBILIARIOS S.A.,,,
2026-03-27T13:15:38.760Z,market,trade,WINFUT,182685.0,1,,,,SANTANDER CORRETORA DE TITULOS E VALORES MOBILIARIOS S.A.,BTG Pactual CTVM S.A.,,,
2026-03-27T13:15:38.760Z,market,trade,WINFUT,182685.0,1,,,,XP Investimentos CCTVM S/A,XP Investimentos CCTVM S/A,,,
2026-03-27T13:15:38.760Z,market,trade,WINFUT,182685.0,1,,,,XP Investimentos CCTVM S/A,XP Investimentos CCTVM S/A,,,
2026-03-27T13:15:38.760Z,market,trade,WINFUT,182685.0,1,,,,XP Investimentos CCTVM S/A,XP Investimentos CCTVM S/A,,,
2026-03-27T13:15:38.760Z,market,trade,WINFUT,182685.0,7,,,,XP Investimentos CCTVM S/A,XP Investimentos CCTVM S/A,,,
2026-03-27T13:15:38.760Z,market,trade,WINFUT,182685.0,1,,,,SANTANDER CORRETORA DE TITULOS E VALORES MOBILIARIOS S.A.,AGORA CTVM S/A,,,
2026-03-27T13:15:38.823Z,market,trade,WINFUT,182680.0,3,,,,UBS BRASIL CCTVM S/A,IDEAL CTVM SA,,,
2026-03-27T13:15:38.824Z,market,trade,WINFUT,182680.0,3,,,,UBS BRASIL CCTVM S/A,IDEAL CTVM SA,,,
2026-03-27T13:15:38.824Z,market,trade,WINFUT,182680.0,2,,,,UBS BRASIL CCTVM S/A,IDEAL CTVM SA,,,
2026-03-27T13:15:38.824Z,market,trade,WINFUT,182680.0,1,,,,BTG Pactual CTVM S.A.,IDEAL CTVM SA,,,
2026-03-27T13:15:38.824Z,market,trade,WINFUT,182680.0,1,,,,IDEAL CTVM SA,IDEAL CTVM SA,,,
2026-03-27T13:15:38.824Z,market,trade,WINFUT,182680.0,5,,,,IDEAL CTVM SA,IDEAL CTVM SA,,,
2026-03-27T13:15:38.824Z,market,trade,WINFUT,182680.0,1,,,,BTG Pactual CTVM S.A.,IDEAL CTVM SA,,,
2026-03-27T13:15:38.824Z,market,trade,WINFUT,182680.0,3,,,,IDEAL CTVM SA,IDEAL CTVM SA,,,
2026-03-27T13:15:38.827Z,market,trade,WINFUT,182680.0,5,,,,IDEAL CTVM SA,BTG Pactual CTVM S.A.,,,
2026-03-27T13:15:38.828Z,market,trade,WINFUT,182680.0,1,,,,IDEAL CTVM SA,BTG Pactual CTVM S.A.,,,
2026-03-27T13:15:38.828Z,market,trade,WINFUT,182685.0,2,,,,XP Investimentos CCTVM S/A,XP Investimentos CCTVM S/A,,,
2026-03-27T13:15:38.828Z,market,trade,WINFUT,182685.0,1,,,,Elliot-Warren,Elliot-Warren,,,
2026-03-27T13:15:38.828Z,market,trade,WINFUT,182680.0,1,,,,Elliot-Warren,Elliot-Warren,,,
2026-03-27T13:15:38.923Z,market,trade,WINFUT,182680.0,1,,,,BTG Pactual CTVM S.A.,BTG Pactual CTVM S.A.,,,
2026-03-27T13:15:38.923Z,market,trade,WINFUT,182685.0,1,,,,XP Investimentos CCTVM S/A,XP Investimentos CCTVM S/A,,,
2026-03-27T13:15:38.990Z,market,trade,WINFUT,182680.0,1,,,,UBS BRASIL CCTVM S/A,XP Investimentos CCTVM S/A,,,
2026-03-27T13:15:39.001Z,market,trade,WINFUT,182685.0,2,,,,XP Investimentos CCTVM S/A,XP Investimentos CCTVM S/A,,,
2026-03-27T13:15:39.001Z,market,trade,WINFUT,182680.0,2,,,,UBS BRASIL CCTVM S/A,SANTANDER CORRETORA DE TITULOS E VALORES MOBILIARIOS S.A.,,,
2026-03-27T13:15:39.001Z,market,trade,WINFUT,182685.0,1,,,,BTG Pactual CTVM S.A.,BTG Pactual CTVM S.A.,,,
2026-03-27T13:15:39.001Z,market,trade,WINFUT,182685.0,4,,,,BTG Pactual CTVM S.A.,BTG Pactual CTVM S.A.,,,
2026-03-27T13:15:39.001Z,market,trade,WINFUT,182680.0,1,,,,UBS BRASIL CCTVM S/A,GENIAL INSTITUCIONAL CCTVM S.A,,,
2026-03-27T13:15:39.052Z,market,trade,WINFUT,182685.0,5,,,,BTG Pactual CTVM S.A.,BTG Pactual CTVM S.A.,,,
2026-03-27T13:15:39.078Z,market,trade,WINFUT,182685.0,4,,,,XP Investimentos CCTVM S/A,XP Investimentos CCTVM S/A,,,
2026-03-27T13:15:39.088Z,market,trade,WINFUT,182685.0,1,,,,XP Investimentos CCTVM S/A,XP Investimentos CCTVM S/A,,,
2026-03-27T13:15:39.088Z,market,trade,WINFUT,182680.0,1,,,,BTG Pactual CTVM S.A.,BTG Pactual CTVM S.A.,,,
2026-03-27T13:15:39.088Z,market,trade,WINFUT,182680.0,1,,,,UBS BRASIL CCTVM S/A,BTG Pactual CTVM S.A.,,,
2026-03-27T13:15:39.088Z,market,trade,WINFUT,182685.0,1,,,,SANTANDER CORRETORA DE TITULOS E VALORES MOBILIARIOS S.A.,XP Investimentos CCTVM S/A,,,
2026-03-27T13:15:39.088Z,market,trade,WINFUT,182685.0,1,,,,SANTANDER CORRETORA DE TITULOS E VALORES MOBILIARIOS S.A.,XP Investimentos CCTVM S/A,,,
2026-03-27T13:15:39.088Z,market,trade,WINFUT,182685.0,1,,,,IDEAL CTVM SA,XP Investimentos CCTVM S/A,,,
2026-03-27T13:15:39.088Z,market,trade,WINFUT,182685.0,1,,,,IDEAL CTVM SA,XP Investimentos CCTVM S/A,,,
2026-03-27T13:15:39.088Z,market,trade,WINFUT,182685.0,2,,,,IDEAL CTVM SA,BTG Pactual CTVM S.A.,,,
2026-03-27T13:15:39.088Z,market,trade,WINFUT,182685.0,1,,,,IDEAL CTVM SA,AGORA CTVM S/A,,,
2026-03-27T13:15:39.089Z,market,trade,WINFUT,182685.0,1,,,,IDEAL CTVM SA,Elliot-Warren,,,
2026-03-27T13:15:39.089Z,market,trade,WINFUT,182685.0,1,,,,IDEAL CTVM SA,GENIAL INSTITUCIONAL CCTVM S.A,,,
2026-03-27T13:15:39.089Z,market,trade,WINFUT,182685.0,2,,,,IDEAL CTVM SA,AGORA CTVM S/A,,,
2026-03-27T13:15:39.115Z,market,trade,WINFUT,182685.0,1,,,,GENIAL INSTITUCIONAL CCTVM S.A,BTG Pactual CTVM S.A.,,,
2026-03-27T13:15:39.167Z,market,trade,WINFUT,182680.0,1,,,,UBS BRASIL CCTVM S/A,XP Investimentos CCTVM S/A,,,
2026-03-27T13:15:39.167Z,market,trade,WINFUT,182685.0,5,,,,GENIAL INSTITUCIONAL CCTVM S.A,XP Investimentos CCTVM S/A,,,
2026-03-27T13:15:39.185Z,market,trade,WINFUT,182685.0,8,,,,XP Investimentos CCTVM S/A,XP Investimentos CCTVM S/A,,,
2026-03-27T13:15:39.185Z,market,trade,WINFUT,182685.0,1,,,,XP Investimentos CCTVM S/A,BTG Pactual CTVM S.A.,,,
2026-03-27T13:15:39.185Z,market,trade,WINFUT,182685.0,1,,,,XP Investimentos CCTVM S/A,BTG Pactual CTVM S.A.,,,
2026-03-27T13:15:39.185Z,market,trade,WINFUT,182685.0,16,,,,XP Investimentos CCTVM S/A,GENIAL INSTITUCIONAL CCTVM S.A,,,
2026-03-27T13:15:39.185Z,market,trade,WINFUT,182685.0,1,,,,XP Investimentos CCTVM S/A,BTG Pactual CTVM S.A.,,,
2026-03-27T13:15:39.185Z,market,trade,WINFUT,182685.0,1,,,,XP Investimentos CCTVM S/A,BTG Pactual CTVM S.A.,,,
2026-03-27T13:15:39.185Z,market,trade,WINFUT,182685.0,2,,,,XP Investimentos CCTVM S/A,XP Investimentos CCTVM S/A,,,
2026-03-27T13:15:39.185Z,market,trade,WINFUT,182685.0,10,,,,XP Investimentos CCTVM S/A,XP Investimentos CCTVM S/A,,,
2026-03-27T13:15:39.185Z,market,trade,WINFUT,182685.0,1,,,,BTG Pactual CTVM S.A.,BTG Pactual CTVM S.A.,,,
2026-03-27T13:15:39.185Z,market,trade,WINFUT,182685.0,3,,,,BTG Pactual CTVM S.A.,BTG Pactual CTVM S.A.,,,
2026-03-27T13:15:39.185Z,market,trade,WINFUT,182685.0,3,,,,BTG Pactual CTVM S.A.,XP Investimentos CCTVM S/A,,,
2026-03-27T13:15:39.185Z,market,trade,WINFUT,182685.0,5,,,,BTG Pactual CTVM S.A.,IDEAL CTVM SA,,,
2026-03-27T13:15:39.185Z,market,trade,WINFUT,182685.0,3,,,,BTG Pactual CTVM S.A.,BTG Pactual CTVM S.A.,,,
2026-03-27T13:15:39.185Z,market,trade,WINFUT,182685.0,3,,,,BTG Pactual CTVM S.A.,GENIAL INSTITUCIONAL CCTVM S.A,,,
2026-03-27T13:15:39.186Z,market,trade,WINFUT,182685.0,1,,,,BTG Pactual CTVM S.A.,BTG Pactual CTVM S.A.,,,
2026-03-27T13:15:39.186Z,market,trade,WINFUT,182685.0,3,,,,BTG Pactual CTVM S.A.,XP Investimentos CCTVM S/A,,,
2026-03-27T13:15:39.186Z,market,trade,WINFUT,182685.0,3,,,,BTG Pactual CTVM S.A.,BTG Pactual CTVM S.A.,,,
2026-03-27T13:15:39.186Z,market,trade,WINFUT,182685.0,1,,,,GENIAL INSTITUCIONAL CCTVM S.A,IDEAL CTVM SA,,,
2026-03-27T13:15:39.288Z,market,trade,WINFUT,182685.0,1,,,,GENIAL INSTITUCIONAL CCTVM S.A,GOLDMAN SACHS DO BRASIL CTVM,,,
2026-03-27T13:15:39.288Z,market,trade,WINFUT,182685.0,3,,,,XP Investimentos CCTVM S/A,XP Investimentos CCTVM S/A,,,
2026-03-27T13:15:39.288Z,market,trade,WINFUT,182685.0,1,,,,SANTANDER CORRETORA DE TITULOS E VALORES MOBILIARIOS S.A.,GOLDMAN SACHS DO BRASIL CTVM,,,
2026-03-27T13:15:39.289Z,market,trade,WINFUT,182685.0,9,,,,XP Investimentos CCTVM S/A,XP Investimentos CCTVM S/A,,,
2026-03-27T13:15:39.289Z,market,trade,WINFUT,182685.0,5,,,,XP Investimentos CCTVM S/A,IDEAL CTVM SA,,,
2026-03-27T13:15:39.289Z,market,trade,WINFUT,182685.0,1,,,,XP Investimentos CCTVM S/A,AGORA CTVM S/A,,,
2026-03-27T13:15:39.289Z,market,trade,WINFUT,182685.0,1,,,,BTG Pactual CTVM S.A.,BTG Pactual CTVM S.A.,,,
2026-03-27T13:15:39.289Z,market,trade,WINFUT,182685.0,1,,,,SANTANDER CORRETORA DE TITULOS E VALORES MOBILIARIOS S.A.,AGORA CTVM S/A,,,
2026-03-27T13:15:39.289Z,market,trade,WINFUT,182685.0,1,,,,SANTANDER CORRETORA DE TITULOS E VALORES MOBILIARIOS S.A.,BTG Pactual CTVM S.A.,,,
2026-03-27T13:15:39.289Z,market,trade,WINFUT,182685.0,10,,,,XP Investimentos CCTVM S/A,XP Investimentos CCTVM S/A,,,
2026-03-27T13:15:39.289Z,market,trade,WINFUT,182685.0,1,,,,XP Investimentos CCTVM S/A,XP Investimentos CCTVM S/A,,,
2026-03-27T13:15:39.289Z,market,trade,WINFUT,182685.0,1,,,,BTG Pactual CTVM S.A.,BTG Pactual CTVM S.A.,,,
2026-03-27T13:15:39.310Z,market,trade,WINFUT,182685.0,1,,,,IDEAL CTVM SA,IDEAL CTVM SA,,,
2026-03-27T13:15:39.310Z,market,trade,WINFUT,182680.0,1,,,,Elliot-Warren,Elliot-Warren,,,
2026-03-27T13:15:39.354Z,market,trade,WINFUT,182685.0,10,,,,ATIVA INVESTIMENTOS S.A. CTCV,ATIVA INVESTIMENTOS S.A. CTCV,,,
2026-03-27T13:15:39.354Z,market,trade,WINFUT,182685.0,5,,,,GENIAL INSTITUCIONAL CCTVM S.A,BTG Pactual CTVM S.A.,,,
2026-03-27T13:15:39.354Z,market,trade,WINFUT,182685.0,2,,,,GENIAL INSTITUCIONAL CCTVM S.A,AGORA CTVM S/A,,,
2026-03-27T13:15:39.354Z,market,trade,WINFUT,182685.0,1,,,,GENIAL INSTITUCIONAL CCTVM S.A,BTG Pactual CTVM S.A.,,,
2026-03-27T13:15:39.354Z,market,trade,WINFUT,182685.0,11,,,,GENIAL INSTITUCIONAL CCTVM S.A,IDEAL CTVM SA,,,
2026-03-27T13:15:39.354Z,market,trade,WINFUT,182685.0,1,,,,GENIAL INSTITUCIONAL CCTVM S.A,XP Investimentos CCTVM S/A,,,
2026-03-27T13:15:39.400Z,market,trade,WINFUT,182685.0,5,,,,BTG Pactual CTVM S.A.,BTG Pactual CTVM S.A.,,,
2026-03-27T13:15:39.417Z,market,trade,WINFUT,182685.0,12,,,,BTG Pactual CTVM S.A.,BTG Pactual CTVM S.A.,,,
2026-03-27T13:15:39.417Z,market,trade,WINFUT,182685.0,13,,,,UBS BRASIL CCTVM S/A,BTG Pactual CTVM S.A.,,,
2026-03-27T13:15:39.417Z,market,trade,WINFUT,182690.0,14,,,,XP Investimentos CCTVM S/A,XP Investimentos CCTVM S/A,,,
2026-03-27T13:15:39.418Z,market,trade,WINFUT,182690.0,1,,,,XP Investimentos CCTVM S/A,IDEAL CTVM SA,,,
2026-03-27T13:15:39.418Z,market,trade,WINFUT,182690.0,2,,,,XP Investimentos CCTVM S/A,IDEAL CTVM SA,,,
2026-03-27T13:15:39.418Z,market,trade,WINFUT,182690.0,11,,,,BTG Pactual CTVM S.A.,BTG Pactual CTVM S.A.,,,
2026-03-27T13:15:39.418Z,market,trade,WINFUT,182690.0,7,,,,BTG Pactual CTVM S.A.,IDEAL CTVM SA,,,
2026-03-27T13:15:39.418Z,market,trade,WINFUT,182690.0,1,,,,BTG Pactual CTVM S.A.,XP Investimentos CCTVM S/A,,,
2026-03-27T13:15:39.418Z,market,trade,WINFUT,182690.0,5,,,,BTG Pactual CTVM S.A.,XP Investimentos CCTVM S/A,,,
2026-03-27T13:15:39.418Z,market,trade,WINFUT,182690.0,1,,,,BTG Pactual CTVM S.A.,XP Investimentos CCTVM S/A,,,
2026-03-27T13:15:39.418Z,market,trade,WINFUT,182690.0,1,,,,XP Investimentos CCTVM S/A,XP Investimentos CCTVM S/A,,,
2026-03-27T13:15:39.418Z,market,trade,WINFUT,182690.0,1,,,,CM Capital Markets CCTVM LTDA,CM Capital Markets CCTVM LTDA,,,
2026-03-27T13:15:39.418Z,market,trade,WINFUT,182690.0,1,,,,XP Investimentos CCTVM S/A,XP Investimentos CCTVM S/A,,,
2026-03-27T13:15:39.418Z,market,trade,WINFUT,182690.0,1,,,,GENIAL INSTITUCIONAL CCTVM S.A,XP Investimentos CCTVM S/A,,,
2026-03-27T13:15:39.418Z,market,trade,WINFUT,182690.0,1,,,,XP Investimentos CCTVM S/A,XP Investimentos CCTVM S/A,,,
2026-03-27T13:15:39.418Z,market,trade,WINFUT,182690.0,1,,,,GENIAL INSTITUCIONAL CCTVM S.A,XP Investimentos CCTVM S/A,,,
2026-03-27T13:15:39.418Z,market,trade,WINFUT,182690.0,1,,,,GENIAL INSTITUCIONAL CCTVM S.A,XP Investimentos CCTVM S/A,,,
2026-03-27T13:15:39.418Z,market,trade,WINFUT,182690.0,2,,,,GENIAL INSTITUCIONAL CCTVM S.A,IDEAL CTVM SA,,,
2026-03-27T13:15:39.418Z,market,trade,WINFUT,182690.0,1,,,,XP Investimentos CCTVM S/A,IDEAL CTVM SA,,,
2026-03-27T13:15:39.418Z,market,trade,WINFUT,182690.0,1,,,,BTG Pactual CTVM S.A.,IDEAL CTVM SA,,,
2026-03-27T13:15:39.418Z,market,trade,WINFUT,182690.0,1,,,,Elliot-Warren,XP Investimentos CCTVM S/A,,,
2026-03-27T13:15:39.418Z,market,trade,WINFUT,182690.0,1,,,,Elliot-Warren,IDEAL CTVM SA,,,
2026-03-27T13:15:39.418Z,market,trade,WINFUT,182690.0,1,,,,Elliot-Warren,IDEAL CTVM SA,,,
2026-03-27T13:15:39.418Z,market,trade,WINFUT,182690.0,1,,,,Elliot-Warren,IDEAL CTVM SA,,,
2026-03-27T13:15:39.418Z,market,trade,WINFUT,182690.0,1,,,,BTG Pactual CTVM S.A.,XP Investimentos CCTVM S/A,,,
2026-03-27T13:15:39.418Z,market,trade,WINFUT,182690.0,1,,,,GENIAL INSTITUCIONAL CCTVM S.A,BTG Pactual CTVM S.A.,,,
2026-03-27T13:15:39.418Z,market,trade,WINFUT,182690.0,1,,,,GENIAL INSTITUCIONAL CCTVM S.A,BTG Pactual CTVM S.A.,,,
2026-03-27T13:15:39.418Z,market,trade,WINFUT,182690.0,1,,,,BTG Pactual CTVM S.A.,BTG Pactual CTVM S.A.,,,
2026-03-27T13:15:39.419Z,market,trade,WINFUT,182690.0,1,,,,BTG Pactual CTVM S.A.,BTG Pactual CTVM S.A.,,,
2026-03-27T13:15:39.419Z,market,trade,WINFUT,182690.0,1,,,,BTG Pactual CTVM S.A.,BTG Pactual CTVM S.A.,,,
2026-03-27T13:15:39.419Z,market,trade,WINFUT,182690.0,1,,,,GENIAL INSTITUCIONAL CCTVM S.A,XP Investimentos CCTVM S/A,,,
2026-03-27T13:15:39.419Z,market,trade,WINFUT,182690.0,1,,,,XP Investimentos CCTVM S/A,XP Investimentos CCTVM S/A,,,
2026-03-27T13:15:39.419Z,market,trade,WINFUT,182685.0,1,,,,GENIAL INSTITUCIONAL CCTVM S.A,GENIAL INSTITUCIONAL CCTVM S.A,,,
2026-03-27T13:15:39.486Z,market,trade,WINFUT,182690.0,10,,,,SANTANDER CORRETORA DE TITULOS E VALORES MOBILIARIOS S.A.,IDEAL CTVM SA,,,
2026-03-27T13:15:39.486Z,market,trade,WINFUT,182685.0,1,,,,UBS BRASIL CCTVM S/A,SANTANDER CORRETORA DE TITULOS E VALORES MOBILIARIOS S.A.,,,
2026-03-27T13:15:39.486Z,market,trade,WINFUT,182690.0,1,,,,SANTANDER CORRETORA DE TITULOS E VALORES MOBILIARIOS S.A.,XP Investimentos CCTVM S/A,,,
2026-03-27T13:15:39.486Z,market,trade,WINFUT,182690.0,1,,,,SANTANDER CORRETORA DE TITULOS E VALORES MOBILIARIOS S.A.,BTG Pactual CTVM S.A.,,,
2026-03-27T13:15:39.489Z,market,trade,WINFUT,182690.0,1,,,,SANTANDER CORRETORA DE TITULOS E VALORES MOBILIARIOS S.A.,BTG Pactual CTVM S.A.,,,
2026-03-27T13:15:39.489Z,market,trade,WINFUT,182690.0,10,,,,SANTANDER CORRETORA DE TITULOS E VALORES MOBILIARIOS S.A.,AGORA CTVM S/A,,,
2026-03-27T13:15:39.489Z,market,trade,WINFUT,182690.0,2,,,,SANTANDER CORRETORA DE TITULOS E VALORES MOBILIARIOS S.A.,AGORA CTVM S/A,,,
2026-03-27T13:15:39.489Z,market,trade,WINFUT,182690.0,5,,,,XP Investimentos CCTVM S/A,XP Investimentos CCTVM S/A,,,
2026-03-27T13:15:39.489Z,market,trade,WINFUT,182685.0,1,,,,BTG Pactual CTVM S.A.,IDEAL CTVM SA,,,
2026-03-27T13:15:39.489Z,market,trade,WINFUT,182685.0,1,,,,GENIAL INSTITUCIONAL CCTVM S.A,IDEAL CTVM SA,,,
2026-03-27T13:15:39.489Z,market,trade,WINFUT,182685.0,4,,,,GENIAL INSTITUCIONAL CCTVM S.A,IDEAL CTVM SA,,,
2026-03-27T13:15:39.489Z,market,trade,WINFUT,182685.0,2,,,,UBS BRASIL CCTVM S/A,IDEAL CTVM SA,,,
2026-03-27T13:15:39.490Z,market,trade,WINFUT,182685.0,3,,,,UBS BRASIL CCTVM S/A,IDEAL CTVM SA,,,
2026-03-27T13:15:39.490Z,market,trade,WINFUT,182685.0,1,,,,BTG Pactual CTVM S.A.,IDEAL CTVM SA,,,
2026-03-27T13:15:39.490Z,market,trade,WINFUT,182685.0,1,,,,IDEAL CTVM SA,BTG Pactual CTVM S.A.,,,
2026-03-27T13:15:39.490Z,market,trade,WINFUT,182685.0,11,,,,UBS BRASIL CCTVM S/A,IDEAL CTVM SA,,,
2026-03-27T13:15:39.543Z,market,trade,WINFUT,182685.0,1,,,,XP Investimentos CCTVM S/A,XP Investimentos CCTVM S/A,,,
2026-03-27T13:15:39.543Z,market,trade,WINFUT,182685.0,1,,,,XP Investimentos CCTVM S/A,XP Investimentos CCTVM S/A,,,
2026-03-27T13:15:39.543Z,market,trade,WINFUT,182690.0,5,,,,GENIAL INSTITUCIONAL CCTVM S.A,GENIAL INSTITUCIONAL CCTVM S.A,,,
2026-03-27T13:15:39.543Z,market,trade,WINFUT,182690.0,4,,,,Elliot-Warren,AGORA CTVM S/A,,,
2026-03-27T13:15:39.543Z,market,trade,WINFUT,182690.0,5,,,,XP Investimentos CCTVM S/A,XP Investimentos CCTVM S/A,,,
2026-03-27T13:15:39.543Z,market,trade,WINFUT,182690.0,1,,,,XP Investimentos CCTVM S/A,XP Investimentos CCTVM S/A,,,
2026-03-27T13:15:39.543Z,market,trade,WINFUT,182690.0,1,,,,SANTANDER CORRETORA DE TITULOS E VALORES MOBILIARIOS S.A.,AGORA CTVM S/A,,,
2026-03-27T13:15:39.553Z,market,trade,WINFUT,182690.0,2,,,,XP Investimentos CCTVM S/A,XP Investimentos CCTVM S/A,,,
2026-03-27T13:15:39.634Z,market,trade,WINFUT,182690.0,3,,,,BTG Pactual CTVM S.A.,BTG Pactual CTVM S.A.,,,
2026-03-27T13:15:39.634Z,market,trade,WINFUT,182690.0,1,,,,BTG Pactual CTVM S.A.,BTG Pactual CTVM S.A.,,,
2026-03-27T13:15:39.634Z,market,trade,WINFUT,182685.0,9,,,,XP Investimentos CCTVM S/A,XP Investimentos CCTVM S/A,,,
2026-03-27T13:15:39.634Z,market,trade,WINFUT,182690.0,4,,,,BTG Pactual CTVM S.A.,BTG Pactual CTVM S.A.,,,
2026-03-27T13:15:39.634Z,market,trade,WINFUT,182685.0,1,,,,XP Investimentos CCTVM S/A,XP Investimentos CCTVM S/A,,,
2026-03-27T13:15:39.634Z,market,trade,WINFUT,182690.0,1,,,,AGORA CTVM S/A,AGORA CTVM S/A,,,
2026-03-27T13:15:39.634Z,market,trade,WINFUT,182690.0,1,,,,AGORA CTVM S/A,AGORA CTVM S/A,,,
2026-03-27T13:15:39.634Z,market,trade,WINFUT,182690.0,1,,,,AGORA CTVM S/A,AGORA CTVM S/A,,,
2026-03-27T13:15:39.649Z,market,trade,WINFUT,182690.0,1,,,,XP Investimentos CCTVM S/A,AGORA CTVM S/A,,,
2026-03-27T13:15:39.649Z,market,trade,WINFUT,182690.0,1,,,,XP Investimentos CCTVM S/A,BTG Pactual CTVM S.A.,,,
2026-03-27T13:15:39.650Z,market,trade,WINFUT,182690.0,2,,,,XP Investimentos CCTVM S/A,GENIAL INSTITUCIONAL CCTVM S.A,,,
2026-03-27T13:15:39.650Z,market,trade,WINFUT,182690.0,1,,,,XP Investimentos CCTVM S/A,XP Investimentos CCTVM S/A,,,
2026-03-27T13:15:39.650Z,market,trade,WINFUT,182690.0,1,,,,XP Investimentos CCTVM S/A,AGORA CTVM S/A,,,
2026-03-27T13:15:39.650Z,market,trade,WINFUT,182690.0,1,,,,XP Investimentos CCTVM S/A,BTG Pactual CTVM S.A.,,,
2026-03-27T13:15:39.650Z,market,trade,WINFUT,182690.0,1,,,,XP Investimentos CCTVM S/A,BTG Pactual CTVM S.A.,,,
2026-03-27T13:15:39.650Z,market,trade,WINFUT,182690.0,2,,,,XP Investimentos CCTVM S/A,BTG Pactual CTVM S.A.,,,
2026-03-27T13:15:39.650Z,market,trade,WINFUT,182690.0,1,,,,XP Investimentos CCTVM S/A,XP Investimentos CCTVM S/A,,,
2026-03-27T13:15:39.650Z,market,trade,WINFUT,182690.0,2,,,,XP Investimentos CCTVM S/A,XP Investimentos CCTVM S/A,,,
2026-03-27T13:15:39.650Z,market,trade,WINFUT,182690.0,3,,,,XP Investimentos CCTVM S/A,XP Investimentos CCTVM S/A,,,
2026-03-27T13:15:39.650Z,market,trade,WINFUT,182690.0,1,,,,XP Investimentos CCTVM S/A,XP Investimentos CCTVM S/A,,,
2026-03-27T13:15:39.650Z,market,trade,WINFUT,182690.0,16,,,,XP Investimentos CCTVM S/A,GENIAL INSTITUCIONAL CCTVM S.A,,,
2026-03-27T13:15:39.650Z,market,trade,WINFUT,182690.0,3,,,,XP Investimentos CCTVM S/A,BTG Pactual CTVM S.A.,,,
2026-03-27T13:15:39.650Z,market,trade,WINFUT,182690.0,1,,,,XP Investimentos CCTVM S/A,BTG Pactual CTVM S.A.,,,
2026-03-27T13:15:39.650Z,market,trade,WINFUT,182690.0,1,,,,XP Investimentos CCTVM S/A,SANTANDER CORRETORA DE TITULOS E VALORES MOBILIARIOS S.A.,,,
2026-03-27T13:15:39.650Z,market,trade,WINFUT,182690.0,3,,,,XP Investimentos CCTVM S/A,GENIAL INSTITUCIONAL CCTVM S.A,,,
2026-03-27T13:15:39.650Z,market,trade,WINFUT,182690.0,3,,,,XP Investimentos CCTVM S/A,BTG Pactual CTVM S.A.,,,
2026-03-27T13:15:39.650Z,market,trade,WINFUT,182690.0,6,,,,XP Investimentos CCTVM S/A,XP Investimentos CCTVM S/A,,,
2026-03-27T13:15:39.650Z,market,trade,WINFUT,182685.0,1,,,,XP Investimentos CCTVM S/A,XP Investimentos CCTVM S/A,,,
2026-03-27T13:15:39.650Z,market,trade,WINFUT,182685.0,1,,,,XP Investimentos CCTVM S/A,XP Investimentos CCTVM S/A,,,
2026-03-27T13:15:39.650Z,market,trade,WINFUT,182685.0,1,,,,UBS BRASIL CCTVM S/A,AGORA CTVM S/A,,,
2026-03-27T13:15:39.650Z,market,trade,WINFUT,182685.0,2,,,,UBS BRASIL CCTVM S/A,AGORA CTVM S/A,,,
2026-03-27T13:15:39.651Z,market,trade,WINFUT,182690.0,1,,,,XP Investimentos CCTVM S/A,XP Investimentos CCTVM S/A,,,
2026-03-27T13:15:39.651Z,market,trade,WINFUT,182690.0,5,,,,BTG Pactual CTVM S.A.,BTG Pactual CTVM S.A.,,,
2026-03-27T13:15:39.728Z,market,trade,WINFUT,182690.0,5,,,,Elliot-Warren,Elliot-Warren,,,
2026-03-27T13:15:39.734Z,market,trade,WINFUT,182690.0,3,,,,BTG Pactual CTVM S.A.,BTG Pactual CTVM S.A.,,,
2026-03-27T13:15:39.734Z,market,trade,WINFUT,182685.0,5,,,,GENIAL INSTITUCIONAL CCTVM S.A,GENIAL INSTITUCIONAL CCTVM S.A,,,
2026-03-27T13:15:39.736Z,market,trade,WINFUT,182685.0,2,,,,BTG Pactual CTVM S.A.,BTG Pactual CTVM S.A.,,,
2026-03-27T13:15:39.736Z,market,trade,WINFUT,182690.0,4,,,,BTG Pactual CTVM S.A.,BTG Pactual CTVM S.A.,,,
2026-03-27T13:15:39.767Z,market,trade,WINFUT,182685.0,1,,,,XP Investimentos CCTVM S/A,XP Investimentos CCTVM S/A,,,
2026-03-27T13:15:39.811Z,market,trade,WINFUT,182690.0,1,,,,INTER DTVM LTDA,INTER DTVM LTDA,,,
2026-03-27T13:15:39.811Z,market,trade,WINFUT,182685.0,1,,,,UBS BRASIL CCTVM S/A,IDEAL CTVM SA,,,
2026-03-27T13:15:39.811Z,market,trade,WINFUT,182685.0,1,,,,BTG Pactual CTVM S.A.,IDEAL CTVM SA,,,
2026-03-27T13:15:39.811Z,market,trade,WINFUT,182685.0,5,,,,UBS BRASIL CCTVM S/A,IDEAL CTVM SA,,,
2026-03-27T13:15:39.811Z,market,trade,WINFUT,182685.0,11,,,,IDEAL CTVM SA,IDEAL CTVM SA,,,
2026-03-27T13:15:39.843Z,market,trade,WINFUT,182680.0,1,,,,XP Investimentos CCTVM S/A,XP Investimentos CCTVM S/A,,,
2026-03-27T13:15:39.844Z,market,trade,WINFUT,182675.0,1,,,,XP Investimentos CCTVM S/A,XP Investimentos CCTVM S/A,,,
2026-03-27T13:15:39.844Z,market,trade,WINFUT,182675.0,5,,,,UBS BRASIL CCTVM S/A,XP Investimentos CCTVM S/A,,,
2026-03-27T13:15:39.844Z,market,trade,WINFUT,182675.0,2,,,,BTG Pactual CTVM S.A.,XP Investimentos CCTVM S/A,,,
2026-03-27T13:15:39.844Z,market,trade,WINFUT,182675.0,1,,,,XP Investimentos CCTVM S/A,XP Investimentos CCTVM S/A,,,
2026-03-27T13:15:39.844Z,market,trade,WINFUT,182675.0,13,,,,XP Investimentos CCTVM S/A,XP Investimentos CCTVM S/A,,,
2026-03-27T13:15:39.844Z,market,trade,WINFUT,182675.0,1,,,,CM Capital Markets CCTVM LTDA,XP Investimentos CCTVM S/A,,,
2026-03-27T13:15:39.844Z,market,trade,WINFUT,182670.0,1,,,,BTG Pactual CTVM S.A.,XP Investimentos CCTVM S/A,,,
2026-03-27T13:15:39.844Z,market,trade,WINFUT,182670.0,1,,,,BTG Pactual CTVM S.A.,XP Investimentos CCTVM S/A,,,
2026-03-27T13:15:39.844Z,market,trade,WINFUT,182670.0,1,,,,BTG Pactual CTVM S.A.,XP Investimentos CCTVM S/A,,,
2026-03-27T13:15:39.844Z,market,trade,WINFUT,182670.0,3,,,,GENIAL INSTITUCIONAL CCTVM S.A,XP Investimentos CCTVM S/A,,,
2026-03-27T13:15:39.844Z,market,trade,WINFUT,182670.0,1,,,,XP Investimentos CCTVM S/A,XP Investimentos CCTVM S/A,,,
2026-03-27T13:15:39.844Z,market,trade,WINFUT,182670.0,11,,,,IDEAL CTVM SA,XP Investimentos CCTVM S/A,,,
2026-03-27T13:15:39.844Z,market,trade,WINFUT,182670.0,6,,,,XP Investimentos CCTVM S/A,XP Investimentos CCTVM S/A,,,
2026-03-27T13:15:39.845Z,market,trade,WINFUT,182670.0,1,,,,XP Investimentos CCTVM S/A,XP Investimentos CCTVM S/A,,,
2026-03-27T13:15:39.845Z,market,trade,WINFUT,182670.0,1,,,,BTG Pactual CTVM S.A.,XP Investimentos CCTVM S/A,,,
2026-03-27T13:15:39.845Z,market,trade,WINFUT,182670.0,18,,,,UBS BRASIL CCTVM S/A,XP Investimentos CCTVM S/A,,,
2026-03-27T13:15:39.845Z,market,trade,WINFUT,182670.0,11,,,,IDEAL CTVM SA,XP Investimentos CCTVM S/A,,,
2026-03-27T13:15:39.845Z,market,trade,WINFUT,182670.0,5,,,,IDEAL CTVM SA,XP Investimentos CCTVM S/A,,,
2026-03-27T13:15:39.845Z,market,trade,WINFUT,182670.0,5,,,,XP Investimentos CCTVM S/A,XP Investimentos CCTVM S/A,,,
2026-03-27T13:15:39.845Z,market,trade,WINFUT,182670.0,1,,,,XP Investimentos CCTVM S/A,XP Investimentos CCTVM S/A,,,
2026-03-27T13:15:39.845Z,market,trade,WINFUT,182670.0,7,,,,IDEAL CTVM SA,XP Investimentos CCTVM S/A,,,
2026-03-27T13:15:39.845Z,market,trade,WINFUT,182670.0,4,,,,BTG Pactual CTVM S.A.,XP Investimentos CCTVM S/A,,,
2026-03-27T13:15:39.845Z,market,trade,WINFUT,182670.0,1,,,,IDEAL CTVM SA,XP Investimentos CCTVM S/A,,,
2026-03-27T13:15:39.845Z,market,trade,WINFUT,182670.0,1,,,,IDEAL CTVM SA,XP Investimentos CCTVM S/A,,,
2026-03-27T13:15:39.845Z,market,trade,WINFUT,182675.0,1,,,,AGORA CTVM S/A,BTG Pactual CTVM S.A.,,,
2026-03-27T13:15:39.845Z,market,trade,WINFUT,182675.0,1,,,,AGORA CTVM S/A,XP Investimentos CCTVM S/A,,,
2026-03-27T13:15:39.863Z,market,trade,WINFUT,182670.0,2,,,,BTG Pactual CTVM S.A.,BTG Pactual CTVM S.A.,,,
2026-03-27T13:15:39.863Z,market,trade,WINFUT,182675.0,1,,,,BTG Pactual CTVM S.A.,BTG Pactual CTVM S.A.,,,
2026-03-27T13:15:39.863Z,market,trade,WINFUT,182675.0,1,,,,BTG Pactual CTVM S.A.,IDEAL CTVM SA,,,
2026-03-27T13:15:39.863Z,market,trade,WINFUT,182670.0,5,,,,BTG Pactual CTVM S.A.,BTG Pactual CTVM S.A.,,,
2026-03-27T13:15:39.875Z,market,trade,WINFUT,182675.0,1,,,,XP Investimentos CCTVM S/A,XP Investimentos CCTVM S/A,,,
2026-03-27T13:15:39.884Z,market,trade,WINFUT,182670.0,1,,,,XP Investimentos CCTVM S/A,XP Investimentos CCTVM S/A,,,
2026-03-27T13:15:39.909Z,market,trade,WINFUT,182675.0,1,,,,GENIAL INSTITUCIONAL CCTVM S.A,IDEAL CTVM SA,,,
2026-03-27T13:15:39.909Z,market,trade,WINFUT,182675.0,1,,,,SANTANDER CORRETORA DE TITULOS E VALORES MOBILIARIOS S.A.,IDEAL CTVM SA,,,
2026-03-27T13:15:39.909Z,market,trade,WINFUT,182675.0,1,,,,XP Investimentos CCTVM S/A,XP Investimentos CCTVM S/A,,,
2026-03-27T13:15:39.909Z,market,trade,WINFUT,182675.0,2,,,,GENIAL INSTITUCIONAL CCTVM S.A,IDEAL CTVM SA,,,
2026-03-27T13:15:39.909Z,market,trade,WINFUT,182675.0,8,,,,IDEAL CTVM SA,IDEAL CTVM SA,,,
2026-03-27T13:15:39.910Z,market,trade,WINFUT,182675.0,1,,,,IDEAL CTVM SA,AGORA CTVM S/A,,,
2026-03-27T13:15:39.910Z,market,trade,WINFUT,182675.0,1,,,,IDEAL CTVM SA,BTG Pactual CTVM S.A.,,,
2026-03-27T13:15:39.910Z,market,trade,WINFUT,182675.0,1,,,,IDEAL CTVM SA,XP Investimentos CCTVM S/A,,,
2026-03-27T13:15:39.910Z,market,trade,WINFUT,182675.0,1,,,,IDEAL CTVM SA,IDEAL CTVM SA,,,
2026-03-27T13:15:39.910Z,market,trade,WINFUT,182675.0,6,,,,IDEAL CTVM SA,IDEAL CTVM SA,,,
2026-03-27T13:15:39.910Z,market,trade,WINFUT,182675.0,1,,,,IDEAL CTVM SA,XP Investimentos CCTVM S/A,,,
2026-03-27T13:15:39.910Z,market,trade,WINFUT,182675.0,2,,,,IDEAL CTVM SA,AGORA CTVM S/A,,,
2026-03-27T13:15:39.910Z,market,trade,WINFUT,182675.0,1,,,,IDEAL CTVM SA,IDEAL CTVM SA,,,
2026-03-27T13:15:39.910Z,market,trade,WINFUT,182675.0,1,,,,IDEAL CTVM SA,XP Investimentos CCTVM S/A,,,
2026-03-27T13:15:39.910Z,market,trade,WINFUT,182675.0,1,,,,IDEAL CTVM SA,BTG Pactual CTVM S.A.,,,
2026-03-27T13:15:39.910Z,market,trade,WINFUT,182680.0,14,,,,XP Investimentos CCTVM S/A,XP Investimentos CCTVM S/A,,,
2026-03-27T13:15:39.910Z,market,trade,WINFUT,182680.0,1,,,,XP Investimentos CCTVM S/A,AGORA CTVM S/A,,,
2026-03-27T13:15:39.910Z,market,trade,WINFUT,182680.0,1,,,,XP Investimentos CCTVM S/A,XP Investimentos CCTVM S/A,,,
2026-03-27T13:15:39.910Z,market,trade,WINFUT,182680.0,13,,,,XP Investimentos CCTVM S/A,IDEAL CTVM SA,,,
2026-03-27T13:15:39.910Z,market,trade,WINFUT,182680.0,1,,,,XP Investimentos CCTVM S/A,XP Investimentos CCTVM S/A,,,
2026-03-27T13:15:39.910Z,market,trade,WINFUT,182680.0,1,,,,XP Investimentos CCTVM S/A,AGORA CTVM S/A,,,
2026-03-27T13:15:39.910Z,market,trade,WINFUT,182680.0,5,,,,XP Investimentos CCTVM S/A,IDEAL CTVM SA,,,
2026-03-27T13:15:39.910Z,market,trade,WINFUT,182680.0,1,,,,XP Investimentos CCTVM S/A,AGORA CTVM S/A,,,
2026-03-27T13:15:39.910Z,market,trade,WINFUT,182680.0,1,,,,XP Investimentos CCTVM S/A,IDEAL CTVM SA,,,
2026-03-27T13:15:39.910Z,market,trade,WINFUT,182680.0,1,,,,XP Investimentos CCTVM S/A,XP Investimentos CCTVM S/A,,,
2026-03-27T13:15:39.910Z,market,trade,WINFUT,182680.0,1,,,,XP Investimentos CCTVM S/A,BTG Pactual CTVM S.A.,,,
2026-03-27T13:15:39.910Z,market,trade,WINFUT,182680.0,1,,,,XP Investimentos CCTVM S/A,BTG Pactual CTVM S.A.,,,
2026-03-27T13:15:39.910Z,market,trade,WINFUT,182685.0,11,,,,XP Investimentos CCTVM S/A,IDEAL CTVM SA,,,
2026-03-27T13:15:39.910Z,market,trade,WINFUT,182685.0,3,,,,XP Investimentos CCTVM S/A,IDEAL CTVM SA,,,
2026-03-27T13:15:39.922Z,market,trade,WINFUT,182685.0,18,,,,XP Investimentos CCTVM S/A,UBS BRASIL CCTVM S/A,,,
2026-03-27T13:15:39.922Z,market,trade,WINFUT,182685.0,1,,,,XP Investimentos CCTVM S/A,XP Investimentos CCTVM S/A,,,
2026-03-27T13:15:39.922Z,market,trade,WINFUT,182685.0,11,,,,XP Investimentos CCTVM S/A,IDEAL CTVM SA,,,
2026-03-27T13:15:39.923Z,market,trade,WINFUT,182685.0,5,,,,XP Investimentos CCTVM S/A,IDEAL CTVM SA,,,
2026-03-27T13:15:39.923Z,market,trade,WINFUT,182685.0,7,,,,XP Investimentos CCTVM S/A,IDEAL CTVM SA,,,
2026-03-27T13:15:39.923Z,market,trade,WINFUT,182685.0,1,,,,XP Investimentos CCTVM S/A,XP Investimentos CCTVM S/A,,,
2026-03-27T13:15:39.923Z,market,trade,WINFUT,182685.0,1,,,,XP Investimentos CCTVM S/A,XP Investimentos CCTVM S/A,,,
2026-03-27T13:15:39.923Z,market,trade,WINFUT,182685.0,1,,,,XP Investimentos CCTVM S/A,IDEAL CTVM SA,,,
2026-03-27T13:15:39.926Z,market,trade,WINFUT,182680.0,3,,,,BTG Pactual CTVM S.A.,BTG Pactual CTVM S.A.,,,
2026-03-27T13:15:39.993Z,market,trade,WINFUT,182680.0,1,,,,SANTANDER CORRETORA DE TITULOS E VALORES MOBILIARIOS S.A.,IDEAL CTVM SA,,,
2026-03-27T13:15:39.997Z,market,trade,WINFUT,182680.0,14,,,,XP Investimentos CCTVM S/A,XP Investimentos CCTVM S/A,,,
2026-03-27T13:15:39.998Z,market,trade,WINFUT,182680.0,9,,,,XP Investimentos CCTVM S/A,IDEAL CTVM SA,,,
2026-03-27T13:15:39.998Z,market,trade,WINFUT,182680.0,1,,,,XP Investimentos CCTVM S/A,IDEAL CTVM SA,,,
2026-03-27T13:15:39.998Z,market,trade,WINFUT,182680.0,1,,,,XP Investimentos CCTVM S/A,AGORA CTVM S/A,,,
2026-03-27T13:15:39.998Z,market,trade,WINFUT,182685.0,2,,,,XP Investimentos CCTVM S/A,IDEAL CTVM SA,,,
2026-03-27T13:15:40.007Z,market,trade,WINFUT,182680.0,10,,,,XP Investimentos CCTVM S/A,XP Investimentos CCTVM S/A,,,
2026-03-27T13:15:40.008Z,market,trade,WINFUT,182685.0,1,,,,SANTANDER CORRETORA DE TITULOS E VALORES MOBILIARIOS S.A.,IDEAL CTVM SA,,,
2026-03-27T13:15:40.008Z,market,trade,WINFUT,182680.0,1,,,,Elliot-Warren,Elliot-Warren,,,
2026-03-27T13:15:40.008Z,market,trade,WINFUT,182680.0,1,,,,XP Investimentos CCTVM S/A,XP Investimentos CCTVM S/A,,,
2026-03-27T13:15:40.048Z,market,trade,WINFUT,182680.0,1,,,,TERRA INVESTIMENTOS DTVM LTDA,XP Investimentos CCTVM S/A,,,
2026-03-27T13:15:40.059Z,market,trade,WINFUT,182680.0,5,,,,XP Investimentos CCTVM S/A,XP Investimentos CCTVM S/A,,,
2026-03-27T13:15:40.060Z,market,trade,WINFUT,182680.0,5,,,,XP Investimentos CCTVM S/A,BTG Pactual CTVM S.A.,,,
2026-03-27T13:15:40.060Z,market,trade,WINFUT,182680.0,1,,,,XP Investimentos CCTVM S/A,AGORA CTVM S/A,,,
2026-03-27T13:15:40.060Z,market,trade,WINFUT,182680.0,1,,,,XP Investimentos CCTVM S/A,IDEAL CTVM SA,,,
2026-03-27T13:15:40.060Z,market,trade,WINFUT,182685.0,2,,,,XP Investimentos CCTVM S/A,IDEAL CTVM SA,,,
2026-03-27T13:15:40.060Z,market,trade,WINFUT,182685.0,2,,,,XP Investimentos CCTVM S/A,AGORA CTVM S/A,,,
2026-03-27T13:15:40.060Z,market,trade,WINFUT,182685.0,1,,,,XP Investimentos CCTVM S/A,AGORA CTVM S/A,,,
2026-03-27T13:15:40.060Z,market,trade,WINFUT,182685.0,1,,,,XP Investimentos CCTVM S/A,XP Investimentos CCTVM S/A,,,
2026-03-27T13:15:40.060Z,market,trade,WINFUT,182685.0,7,,,,XP Investimentos CCTVM S/A,IDEAL CTVM SA,,,
2026-03-27T13:15:40.061Z,market,trade,WINFUT,182685.0,15,,,,XP Investimentos CCTVM S/A,GENIAL INSTITUCIONAL CCTVM S.A,,,
2026-03-27T13:15:40.061Z,market,trade,WINFUT,182675.0,2,,,,XP Investimentos CCTVM S/A,XP Investimentos CCTVM S/A,,,
2026-03-27T13:15:40.061Z,market,trade,WINFUT,182675.0,3,,,,IDEAL CTVM SA,BTG Pactual CTVM S.A.,,,
2026-03-27T13:15:40.061Z,market,trade,WINFUT,182675.0,1,,,,XP Investimentos CCTVM S/A,XP Investimentos CCTVM S/A,,,
2026-03-27T13:15:40.070Z,market,trade,WINFUT,182680.0,1,,,,BTG Pactual CTVM S.A.,BTG Pactual CTVM S.A.,,,
2026-03-27T13:15:40.070Z,market,trade,WINFUT,182680.0,1,,,,SANTANDER CORRETORA DE TITULOS E VALORES MOBILIARIOS S.A.,GENIAL INSTITUCIONAL CCTVM S.A,,,
2026-03-27T13:15:40.072Z,market,trade,WINFUT,182680.0,1,,,,XP Investimentos CCTVM S/A,XP Investimentos CCTVM S/A,,,
2026-03-27T13:15:40.072Z,market,trade,WINFUT,182680.0,4,,,,BTG Pactual CTVM S.A.,BTG Pactual CTVM S.A.,,,
2026-03-27T13:15:40.072Z,market,trade,WINFUT,182675.0,5,,,,GENIAL INSTITUCIONAL CCTVM S.A,GENIAL INSTITUCIONAL CCTVM S.A,,,
2026-03-27T13:15:40.072Z,market,trade,WINFUT,182675.0,2,,,,XP Investimentos CCTVM S/A,XP Investimentos CCTVM S/A,,,
2026-03-27T13:15:40.152Z,market,trade,WINFUT,182680.0,5,,,,XP Investimentos CCTVM S/A,XP Investimentos CCTVM S/A,,,
2026-03-27T13:15:40.152Z,market,trade,WINFUT,182680.0,5,,,,GENIAL INSTITUCIONAL CCTVM S.A,GENIAL INSTITUCIONAL CCTVM S.A,,,
2026-03-27T13:15:40.152Z,market,trade,WINFUT,182680.0,1,,,,SANTANDER CORRETORA DE TITULOS E VALORES MOBILIARIOS S.A.,GENIAL INSTITUCIONAL CCTVM S.A,,,
2026-03-27T13:15:40.152Z,market,trade,WINFUT,182680.0,1,,,,XP Investimentos CCTVM S/A,XP Investimentos CCTVM S/A,,,
2026-03-27T13:15:40.152Z,market,trade,WINFUT,182680.0,3,,,,BTG Pactual CTVM S.A.,GENIAL INSTITUCIONAL CCTVM S.A,,,
2026-03-27T13:15:40.152Z,market,trade,WINFUT,182680.0,1,,,,BTG Pactual CTVM S.A.,AGORA CTVM S/A,,,
2026-03-27T13:15:40.152Z,market,trade,WINFUT,182680.0,1,,,,IDEAL CTVM SA,IDEAL CTVM SA,,,
2026-03-27T13:15:40.152Z,market,trade,WINFUT,182680.0,1,,,,IDEAL CTVM SA,IDEAL CTVM SA,,,
2026-03-27T13:15:40.152Z,market,trade,WINFUT,182680.0,4,,,,IDEAL CTVM SA,IDEAL CTVM SA,,,
2026-03-27T13:15:40.152Z,market,trade,WINFUT,182680.0,5,,,,IDEAL CTVM SA,BTG Pactual CTVM S.A.,,,
2026-03-27T13:15:40.170Z,market,trade,WINFUT,182680.0,2,,,,CM Capital Markets CCTVM LTDA,CM Capital Markets CCTVM LTDA,,,
2026-03-27T13:15:40.170Z,market,trade,WINFUT,182685.0,1,,,,SANTANDER CORRETORA DE TITULOS E VALORES MOBILIARIOS S.A.,XP Investimentos CCTVM S/A,,,
2026-03-27T13:15:40.170Z,market,trade,WINFUT,182685.0,1,,,,SANTANDER CORRETORA DE TITULOS E VALORES MOBILIARIOS S.A.,BTG Pactual CTVM S.A.,,,
2026-03-27T13:15:40.170Z,market,trade,WINFUT,182685.0,1,,,,BTG Pactual CTVM S.A.,BTG Pactual CTVM S.A.,,,
2026-03-27T13:15:40.175Z,market,trade,WINFUT,182685.0,1,,,,BTG Pactual CTVM S.A.,BTG Pactual CTVM S.A.,,,
2026-03-27T13:15:40.210Z,market,trade,WINFUT,182685.0,1,,,,XP Investimentos CCTVM S/A,XP Investimentos CCTVM S/A,,,
2026-03-27T13:15:40.210Z,market,trade,WINFUT,182685.0,1,,,,BTG Pactual CTVM S.A.,BTG Pactual CTVM S.A.,,,
2026-03-27T13:15:40.210Z,market,trade,WINFUT,182680.0,2,,,,IDEAL CTVM SA,GOLDMAN SACHS DO BRASIL CTVM,,,
2026-03-27T13:15:40.286Z,market,trade,WINFUT,182680.0,1,,,,XP Investimentos CCTVM S/A,XP Investimentos CCTVM S/A,,,
2026-03-27T13:15:40.286Z,market,trade,WINFUT,182680.0,1,,,,Elliot-Warren,Elliot-Warren,,,
2026-03-27T13:15:40.286Z,market,trade,WINFUT,182685.0,1,,,,XP Investimentos CCTVM S/A,XP Investimentos CCTVM S/A,,,
2026-03-27T13:15:40.286Z,market,trade,WINFUT,182680.0,1,,,,XP Investimentos CCTVM S/A,XP Investimentos CCTVM S/A,,,
2026-03-27T13:15:40.308Z,market,trade,WINFUT,182685.0,1,,,,XP Investimentos CCTVM S/A,XP Investimentos CCTVM S/A,,,
2026-03-27T13:15:40.357Z,market,trade,WINFUT,182685.0,11,,,,BTG Pactual CTVM S.A.,BTG Pactual CTVM S.A.,,,
2026-03-27T13:15:40.357Z,market,trade,WINFUT,182685.0,9,,,,BTG Pactual CTVM S.A.,IDEAL CTVM SA,,,
2026-03-27T13:15:40.394Z,market,trade,WINFUT,182680.0,3,,,,XP Investimentos CCTVM S/A,XP Investimentos CCTVM S/A,,,
2026-03-27T13:15:40.394Z,market,trade,WINFUT,182685.0,4,,,,BTG Pactual CTVM S.A.,BTG Pactual CTVM S.A.,,,
2026-03-27T13:15:40.394Z,market,trade,WINFUT,182680.0,1,,,,BTG Pactual CTVM S.A.,XP Investimentos CCTVM S/A,,,
2026-03-27T13:15:40.394Z,market,trade,WINFUT,182680.0,2,,,,XP Investimentos CCTVM S/A,XP Investimentos CCTVM S/A,,,
2026-03-27T13:15:40.394Z,market,trade,WINFUT,182680.0,14,,,,XP Investimentos CCTVM S/A,XP Investimentos CCTVM S/A,,,
2026-03-27T13:15:40.394Z,market,trade,WINFUT,182680.0,1,,,,BTG Pactual CTVM S.A.,XP Investimentos CCTVM S/A,,,
2026-03-27T13:15:40.395Z,market,trade,WINFUT,182675.0,15,,,,IDEAL CTVM SA,XP Investimentos CCTVM S/A,,,
2026-03-27T13:15:40.395Z,market,trade,WINFUT,182675.0,1,,,,BTG Pactual CTVM S.A.,XP Investimentos CCTVM S/A,,,
2026-03-27T13:15:40.395Z,market,trade,WINFUT,182675.0,1,,,,BTG Pactual CTVM S.A.,XP Investimentos CCTVM S/A,,,
2026-03-27T13:15:40.395Z,market,trade,WINFUT,182675.0,1,,,,CM Capital Markets CCTVM LTDA,XP Investimentos CCTVM S/A,,,
2026-03-27T13:15:40.395Z,market,trade,WINFUT,182675.0,5,,,,XP Investimentos CCTVM S/A,XP Investimentos CCTVM S/A,,,
2026-03-27T13:15:40.395Z,market,trade,WINFUT,182675.0,1,,,,XP Investimentos CCTVM S/A,XP Investimentos CCTVM S/A,,,
2026-03-27T13:15:40.396Z,market,trade,WINFUT,182675.0,8,,,,UBS BRASIL CCTVM S/A,XP Investimentos CCTVM S/A,,,
2026-03-27T13:15:40.396Z,market,trade,WINFUT,182680.0,1,,,,GENIAL INSTITUCIONAL CCTVM S.A,XP Investimentos CCTVM S/A,,,
2026-03-27T13:15:40.396Z,market,trade,WINFUT,182680.0,9,,,,GENIAL INSTITUCIONAL CCTVM S.A,IDEAL CTVM SA,,,
2026-03-27T13:15:40.396Z,market,trade,WINFUT,182680.0,1,,,,UBS BRASIL CCTVM S/A,IDEAL CTVM SA,,,
2026-03-27T13:15:40.412Z,market,trade,WINFUT,182680.0,2,,,,XP Investimentos CCTVM S/A,XP Investimentos CCTVM S/A,,,
2026-03-27T13:15:40.412Z,market,trade,WINFUT,182680.0,1,,,,SANTANDER CORRETORA DE TITULOS E VALORES MOBILIARIOS S.A.,AGORA CTVM S/A,,,
2026-03-27T13:15:40.412Z,market,trade,WINFUT,182675.0,5,,,,XP Investimentos CCTVM S/A,XP Investimentos CCTVM S/A,,,
2026-03-27T13:15:40.412Z,market,trade,WINFUT,182680.0,1,,,,Elliot-Warren,Elliot-Warren,,,
2026-03-27T13:15:40.501Z,market,trade,WINFUT,182680.0,1,,,,XP Investimentos CCTVM S/A,XP Investimentos CCTVM S/A,,,
2026-03-27T13:15:40.501Z,market,trade,WINFUT,182680.0,1,,,,GENIAL INSTITUCIONAL CCTVM S.A,AGORA CTVM S/A,,,
2026-03-27T13:15:40.524Z,market,trade,WINFUT,182675.0,5,,,,GENIAL INSTITUCIONAL CCTVM S.A,GENIAL INSTITUCIONAL CCTVM S.A,,,
2026-03-27T13:15:40.524Z,market,trade,WINFUT,182675.0,2,,,,BTG Pactual CTVM S.A.,BTG Pactual CTVM S.A.,,,
2026-03-27T13:15:40.525Z,market,trade,WINFUT,182675.0,2,,,,XP Investimentos CCTVM S/A,XP Investimentos CCTVM S/A,,,
2026-03-27T13:15:40.525Z,market,trade,WINFUT,182680.0,3,,,,BTG Pactual CTVM S.A.,BTG Pactual CTVM S.A.,,,
2026-03-27T13:15:40.525Z,market,trade,WINFUT,182680.0,2,,,,SANTANDER CORRETORA DE TITULOS E VALORES MOBILIARIOS S.A.,BTG Pactual CTVM S.A.,,,
2026-03-27T13:15:40.525Z,market,trade,WINFUT,182680.0,11,,,,BTG Pactual CTVM S.A.,BTG Pactual CTVM S.A.,,,
2026-03-27T13:15:40.525Z,market,trade,WINFUT,182680.0,3,,,,BTG Pactual CTVM S.A.,BTG Pactual CTVM S.A.,,,
2026-03-27T13:15:40.525Z,market,trade,WINFUT,182680.0,4,,,,BTG Pactual CTVM S.A.,UBS BRASIL CCTVM S/A,,,
2026-03-27T13:15:40.525Z,market,trade,WINFUT,182680.0,15,,,,Elliot-Warren,Elliot-Warren,,,
2026-03-27T13:15:40.525Z,market,trade,WINFUT,182675.0,10,,,,UBS BRASIL CCTVM S/A,Elliot-Warren,,,
2026-03-27T13:15:40.525Z,market,trade,WINFUT,182675.0,1,,,,BTG Pactual CTVM S.A.,XP Investimentos CCTVM S/A,,,
2026-03-27T13:15:40.525Z,market,trade,WINFUT,182675.0,1,,,,XP Investimentos CCTVM S/A,XP Investimentos CCTVM S/A,,,
2026-03-27T13:15:40.525Z,market,trade,WINFUT,182675.0,3,,,,XP Investimentos CCTVM S/A,XP Investimentos CCTVM S/A,,,
2026-03-27T13:15:40.525Z,market,trade,WINFUT,182675.0,1,,,,SANTANDER CORRETORA DE TITULOS E VALORES MOBILIARIOS S.A.,SANTANDER CORRETORA DE TITULOS E VALORES MOBILIARIOS S.A.,,,
2026-03-27T13:15:40.525Z,market,trade,WINFUT,182680.0,2,,,,Elliot-Warren,Elliot-Warren,,,
2026-03-27T13:15:40.525Z,market,trade,WINFUT,182680.0,3,,,,BTG Pactual CTVM S.A.,BTG Pactual CTVM S.A.,,,
2026-03-27T13:15:40.525Z,market,trade,WINFUT,182675.0,3,,,,GENIAL INSTITUCIONAL CCTVM S.A,GOLDMAN SACHS DO BRASIL CTVM,,,
2026-03-27T13:15:40.525Z,market,trade,WINFUT,182675.0,1,,,,BTG Pactual CTVM S.A.,GOLDMAN SACHS DO BRASIL CTVM,,,
2026-03-27T13:15:40.525Z,market,trade,WINFUT,182675.0,1,,,,BTG Pactual CTVM S.A.,GOLDMAN SACHS DO BRASIL CTVM,,,
2026-03-27T13:15:40.525Z,market,trade,WINFUT,182675.0,18,,,,UBS BRASIL CCTVM S/A,GOLDMAN SACHS DO BRASIL CTVM,,,
2026-03-27T13:15:40.525Z,market,trade,WINFUT,182675.0,1,,,,XP Investimentos CCTVM S/A,GOLDMAN SACHS DO BRASIL CTVM,,,
2026-03-27T13:15:40.525Z,market,trade,WINFUT,182675.0,5,,,,XP Investimentos CCTVM S/A,GOLDMAN SACHS DO BRASIL CTVM,,,
2026-03-27T13:15:40.526Z,market,trade,WINFUT,182675.0,5,,,,IDEAL CTVM SA,GOLDMAN SACHS DO BRASIL CTVM,,,
2026-03-27T13:15:40.526Z,market,trade,WINFUT,182675.0,6,,,,IDEAL CTVM SA,GOLDMAN SACHS DO BRASIL CTVM,,,
2026-03-27T13:15:40.526Z,market,trade,WINFUT,182675.0,1,,,,XP Investimentos CCTVM S/A,GOLDMAN SACHS DO BRASIL CTVM,,,
2026-03-27T13:15:40.526Z,market,trade,WINFUT,182675.0,1,,,,BTG Pactual CTVM S.A.,IDEAL CTVM SA,,,
2026-03-27T13:15:40.526Z,market,trade,WINFUT,182675.0,1,,,,BTG Pactual CTVM S.A.,BTG Pactual CTVM S.A.,,,
2026-03-27T13:15:40.580Z,market,trade,WINFUT,182675.0,4,,,,BTG Pactual CTVM S.A.,BTG Pactual CTVM S.A.,,,
2026-03-27T13:15:40.580Z,market,trade,WINFUT,182675.0,1,,,,XP Investimentos CCTVM S/A,XP Investimentos CCTVM S/A,,,
2026-03-27T13:15:40.580Z,market,trade,WINFUT,182670.0,1,,,,XP Investimentos CCTVM S/A,XP Investimentos CCTVM S/A,,,
2026-03-27T13:15:40.580Z,market,trade,WINFUT,182670.0,2,,,,BTG Pactual CTVM S.A.,Elliot-Warren,,,
2026-03-27T13:15:40.580Z,market,trade,WINFUT,182670.0,1,,,,GENIAL INSTITUCIONAL CCTVM S.A,Elliot-Warren,,,
2026-03-27T13:15:40.580Z,market,trade,WINFUT,182670.0,1,,,,XP Investimentos CCTVM S/A,XP Investimentos CCTVM S/A,,,
2026-03-27T13:15:40.580Z,market,trade,WINFUT,182670.0,1,,,,GENIAL INSTITUCIONAL CCTVM S.A,XP Investimentos CCTVM S/A,,,
2026-03-27T13:15:40.581Z,market,trade,WINFUT,182670.0,1,,,,XP Investimentos CCTVM S/A,XP Investimentos CCTVM S/A,,,
2026-03-27T13:15:40.581Z,market,trade,WINFUT,182670.0,5,,,,XP Investimentos CCTVM S/A,XP Investimentos CCTVM S/A,,,
2026-03-27T13:15:40.581Z,market,trade,WINFUT,182665.0,4,,,,XP Investimentos CCTVM S/A,XP Investimentos CCTVM S/A,,,
2026-03-27T13:15:40.581Z,market,trade,WINFUT,182665.0,1,,,,XP Investimentos CCTVM S/A,XP Investimentos CCTVM S/A,,,
2026-03-27T13:15:40.592Z,market,trade,WINFUT,182665.0,2,,,,XP Investimentos CCTVM S/A,XP Investimentos CCTVM S/A,,,
2026-03-27T13:15:40.592Z,market,trade,WINFUT,182665.0,1,,,,XP Investimentos CCTVM S/A,XP Investimentos CCTVM S/A,,,
2026-03-27T13:15:40.592Z,market,trade,WINFUT,182665.0,4,,,,XP Investimentos CCTVM S/A,XP Investimentos CCTVM S/A,,,
2026-03-27T13:15:40.592Z,market,trade,WINFUT,182665.0,1,,,,XP Investimentos CCTVM S/A,XP Investimentos CCTVM S/A,,,
2026-03-27T13:15:40.592Z,market,trade,WINFUT,182665.0,1,,,,XP Investimentos CCTVM S/A,XP Investimentos CCTVM S/A,,,
2026-03-27T13:15:40.592Z,market,trade,WINFUT,182665.0,6,,,,XP Investimentos CCTVM S/A,XP Investimentos CCTVM S/A,,,
2026-03-27T13:15:40.592Z,market,trade,WINFUT,182665.0,1,,,,XP Investimentos CCTVM S/A,XP Investimentos CCTVM S/A,,,
2026-03-27T13:15:40.592Z,market,trade,WINFUT,182665.0,3,,,,XP Investimentos CCTVM S/A,XP Investimentos CCTVM S/A,,,
2026-03-27T13:15:40.592Z,market,trade,WINFUT,182665.0,2,,,,XP Investimentos CCTVM S/A,XP Investimentos CCTVM S/A,,,
2026-03-27T13:15:40.592Z,market,trade,WINFUT,182665.0,1,,,,XP Investimentos CCTVM S/A,XP Investimentos CCTVM S/A,,,
2026-03-27T13:15:40.592Z,market,trade,WINFUT,182665.0,1,,,,XP Investimentos CCTVM S/A,XP Investimentos CCTVM S/A,,,
2026-03-27T13:15:40.592Z,market,trade,WINFUT,182665.0,1,,,,XP Investimentos CCTVM S/A,XP Investimentos CCTVM S/A,,,
2026-03-27T13:15:40.592Z,market,trade,WINFUT,182665.0,2,,,,XP Investimentos CCTVM S/A,XP Investimentos CCTVM S/A,,,
2026-03-27T13:15:40.592Z,market,trade,WINFUT,182670.0,1,,,,IDEAL CTVM SA,XP Investimentos CCTVM S/A,,,
2026-03-27T13:15:40.592Z,market,trade,WINFUT,182670.0,18,,,,IDEAL CTVM SA,UBS BRASIL CCTVM S/A,,,
2026-03-27T13:15:40.592Z,market,trade,WINFUT,182670.0,1,,,,IDEAL CTVM SA,BTG Pactual CTVM S.A.,,,
2026-03-27T13:15:40.593Z,market,trade,WINFUT,182670.0,4,,,,IDEAL CTVM SA,IDEAL CTVM SA,,,
2026-03-27T13:15:40.593Z,market,trade,WINFUT,182670.0,1,,,,IDEAL CTVM SA,IDEAL CTVM SA,,,
2026-03-27T13:15:40.593Z,market,trade,WINFUT,182670.0,1,,,,IDEAL CTVM SA,AGORA CTVM S/A,,,
2026-03-27T13:15:40.593Z,market,trade,WINFUT,182670.0,1,,,,IDEAL CTVM SA,IDEAL CTVM SA,,,
2026-03-27T13:15:40.593Z,market,trade,WINFUT,182670.0,3,,,,IDEAL CTVM SA,IDEAL CTVM SA,,,
2026-03-27T13:15:40.593Z,market,trade,WINFUT,182670.0,1,,,,IDEAL CTVM SA,XP Investimentos CCTVM S/A,,,
2026-03-27T13:15:40.593Z,market,trade,WINFUT,182670.0,1,,,,IDEAL CTVM SA,IDEAL CTVM SA,,,
2026-03-27T13:15:40.593Z,market,trade,WINFUT,182670.0,1,,,,XP Investimentos CCTVM S/A,XP Investimentos CCTVM S/A,,,
2026-03-27T13:15:40.593Z,market,trade,WINFUT,182670.0,1,,,,IDEAL CTVM SA,IDEAL CTVM SA,,,
2026-03-27T13:15:40.593Z,market,trade,WINFUT,182670.0,1,,,,IDEAL CTVM SA,AGORA CTVM S/A,,,
2026-03-27T13:15:40.593Z,market,trade,WINFUT,182670.0,1,,,,IDEAL CTVM SA,XP Investimentos CCTVM S/A,,,
2026-03-27T13:15:40.593Z,market,trade,WINFUT,182670.0,1,,,,IDEAL CTVM SA,BTG Pactual CTVM S.A.,,,
2026-03-27T13:15:40.593Z,market,trade,WINFUT,182670.0,1,,,,IDEAL CTVM SA,AGORA CTVM S/A,,,
2026-03-27T13:15:40.593Z,market,trade,WINFUT,182670.0,5,,,,IDEAL CTVM SA,IDEAL CTVM SA,,,
2026-03-27T13:15:40.593Z,market,trade,WINFUT,182670.0,4,,,,IDEAL CTVM SA,IDEAL CTVM SA,,,
2026-03-27T13:15:40.593Z,market,trade,WINFUT,182670.0,1,,,,IDEAL CTVM SA,AGORA CTVM S/A,,,
2026-03-27T13:15:40.593Z,market,trade,WINFUT,182670.0,1,,,,IDEAL CTVM SA,IDEAL CTVM SA,,,
2026-03-27T13:15:40.665Z,market,trade,WINFUT,182670.0,1,,,,IDEAL CTVM SA,SANTANDER CORRETORA DE TITULOS E VALORES MOBILIARIOS S.A.,,,
2026-03-27T13:15:40.665Z,market,trade,WINFUT,182675.0,1,,,,IDEAL CTVM SA,BTG Pactual CTVM S.A.,,,
2026-03-27T13:15:40.665Z,market,trade,WINFUT,182675.0,1,,,,IDEAL CTVM SA,XP Investimentos CCTVM S/A,,,
2026-03-27T13:15:40.665Z,market,trade,WINFUT,182675.0,4,,,,IDEAL CTVM SA,IDEAL CTVM SA,,,
2026-03-27T13:15:40.665Z,market,trade,WINFUT,182675.0,1,,,,IDEAL CTVM SA,XP Investimentos CCTVM S/A,,,
2026-03-27T13:15:40.665Z,market,trade,WINFUT,182675.0,1,,,,IDEAL CTVM SA,BTG Pactual CTVM S.A.,,,
2026-03-27T13:15:40.665Z,market,trade,WINFUT,182675.0,1,,,,IDEAL CTVM SA,XP Investimentos CCTVM S/A,,,
2026-03-27T13:15:40.665Z,market,trade,WINFUT,182675.0,5,,,,IDEAL CTVM SA,IDEAL CTVM SA,,,
2026-03-27T13:15:40.665Z,market,trade,WINFUT,182675.0,1,,,,IDEAL CTVM SA,IDEAL CTVM SA,,,
2026-03-27T13:15:40.665Z,market,trade,WINFUT,182675.0,2,,,,IDEAL CTVM SA,AGORA CTVM S/A,,,
2026-03-27T13:15:40.665Z,market,trade,WINFUT,182675.0,1,,,,IDEAL CTVM SA,AGORA CTVM S/A,,,
2026-03-27T13:15:40.665Z,market,trade,WINFUT,182675.0,1,,,,IDEAL CTVM SA,AGORA CTVM S/A,,,
2026-03-27T13:15:40.665Z,market,trade,WINFUT,182675.0,2,,,,IDEAL CTVM SA,IDEAL CTVM SA,,,
2026-03-27T13:15:40.665Z,market,trade,WINFUT,182675.0,3,,,,IDEAL CTVM SA,IDEAL CTVM SA,,,
2026-03-27T13:15:40.665Z,market,trade,WINFUT,182675.0,1,,,,IDEAL CTVM SA,BTG Pactual CTVM S.A.,,,
2026-03-27T13:15:40.665Z,market,trade,WINFUT,182675.0,5,,,,IDEAL CTVM SA,BTG Pactual CTVM S.A.,,,
2026-03-27T13:15:40.665Z,market,trade,WINFUT,182675.0,1,,,,XP Investimentos CCTVM S/A,XP Investimentos CCTVM S/A,,,
2026-03-27T13:15:40.665Z,market,trade,WINFUT,182675.0,1,,,,XP Investimentos CCTVM S/A,XP Investimentos CCTVM S/A,,,
2026-03-27T13:15:40.665Z,market,trade,WINFUT,182675.0,10,,,,SANTANDER CORRETORA DE TITULOS E VALORES MOBILIARIOS S.A.,SANTANDER CORRETORA DE TITULOS E VALORES MOBILIARIOS S.A.,,,
2026-03-27T13:15:40.665Z,market,trade,WINFUT,182675.0,1,,,,SANTANDER CORRETORA DE TITULOS E VALORES MOBILIARIOS S.A.,SANTANDER CORRETORA DE TITULOS E VALORES MOBILIARIOS S.A.,,,
2026-03-27T13:15:40.665Z,market,trade,WINFUT,182675.0,1,,,,SANTANDER CORRETORA DE TITULOS E VALORES MOBILIARIOS S.A.,SANTANDER CORRETORA DE TITULOS E VALORES MOBILIARIOS S.A.,,,
2026-03-27T13:15:40.666Z,market,trade,WINFUT,182680.0,1,,,,SANTANDER CORRETORA DE TITULOS E VALORES MOBILIARIOS S.A.,SANTANDER CORRETORA DE TITULOS E VALORES MOBILIARIOS S.A.,,,
2026-03-27T13:15:40.680Z,market,trade,WINFUT,182680.0,1,,,,XP Investimentos CCTVM S/A,XP Investimentos CCTVM S/A,,,
2026-03-27T13:15:40.680Z,market,trade,WINFUT,182675.0,1,,,,GENIAL INSTITUCIONAL CCTVM S.A,GENIAL INSTITUCIONAL CCTVM S.A,,,
2026-03-27T13:15:40.680Z,market,trade,WINFUT,182680.0,11,,,,BTG Pactual CTVM S.A.,BTG Pactual CTVM S.A.,,,
2026-03-27T13:15:40.680Z,market,trade,WINFUT,182680.0,4,,,,BTG Pactual CTVM S.A.,UBS BRASIL CCTVM S/A,,,
2026-03-27T13:15:40.680Z,market,trade,WINFUT,182675.0,1,,,,SANTANDER CORRETORA DE TITULOS E VALORES MOBILIARIOS S.A.,SANTANDER CORRETORA DE TITULOS E VALORES MOBILIARIOS S.A.,,,
2026-03-27T13:15:40.680Z,market,trade,WINFUT,182680.0,5,,,,XP Investimentos CCTVM S/A,XP Investimentos CCTVM S/A,,,
2026-03-27T13:15:40.735Z,market,trade,WINFUT,182675.0,1,,,,IDEAL CTVM SA,GOLDMAN SACHS DO BRASIL CTVM,,,
2026-03-27T13:15:40.735Z,market,trade,WINFUT,182680.0,1,,,,BTG Pactual CTVM S.A.,UBS BRASIL CCTVM S/A,,,
2026-03-27T13:15:40.735Z,market,trade,WINFUT,182680.0,1,,,,SANTANDER CORRETORA DE TITULOS E VALORES MOBILIARIOS S.A.,SANTANDER CORRETORA DE TITULOS E VALORES MOBILIARIOS S.A.,,,
2026-03-27T13:15:40.735Z,market,trade,WINFUT,182675.0,3,,,,XP Investimentos CCTVM S/A,XP Investimentos CCTVM S/A,,,
2026-03-27T13:15:40.768Z,market,trade,WINFUT,182680.0,1,,,,BTG Pactual CTVM S.A.,BTG Pactual CTVM S.A.,,,
2026-03-27T13:15:40.770Z,market,trade,WINFUT,182680.0,5,,,,C6 CTVM LTDA,IDEAL CTVM SA,,,
2026-03-27T13:15:40.771Z,market,trade,WINFUT,182680.0,1,,,,XP Investimentos CCTVM S/A,XP Investimentos CCTVM S/A,,,
2026-03-27T13:15:40.771Z,market,trade,WINFUT,182680.0,2,,,,BTG Pactual CTVM S.A.,BTG Pactual CTVM S.A.,,,
2026-03-27T13:15:40.771Z,market,trade,WINFUT,182680.0,4,,,,XP Investimentos CCTVM S/A,IDEAL CTVM SA,,,
2026-03-27T13:15:40.771Z,market,trade,WINFUT,182680.0,1,,,,XP Investimentos CCTVM S/A,XP Investimentos CCTVM S/A,,,
2026-03-27T13:15:40.772Z,market,trade,WINFUT,182680.0,5,,,,XP Investimentos CCTVM S/A,XP Investimentos CCTVM S/A,,,
2026-03-27T13:15:40.772Z,market,trade,WINFUT,182680.0,1,,,,XP Investimentos CCTVM S/A,XP Investimentos CCTVM S/A,,,
2026-03-27T13:15:40.774Z,market,trade,WINFUT,182675.0,1,,,,IDEAL CTVM SA,XP Investimentos CCTVM S/A,,,
2026-03-27T13:15:40.798Z,market,trade,WINFUT,182680.0,1,,,,GENIAL INSTITUCIONAL CCTVM S.A,AGORA CTVM S/A,,,
2026-03-27T13:15:40.799Z,market,trade,WINFUT,182680.0,1,,,,GENIAL INSTITUCIONAL CCTVM S.A,AGORA CTVM S/A,,,
2026-03-27T13:15:40.799Z,market,trade,WINFUT,182680.0,1,,,,GENIAL INSTITUCIONAL CCTVM S.A,IDEAL CTVM SA,,,
2026-03-27T13:15:40.799Z,market,trade,WINFUT,182680.0,4,,,,BTG Pactual CTVM S.A.,IDEAL CTVM SA,,,
2026-03-27T13:15:40.799Z,market,trade,WINFUT,182680.0,5,,,,BTG Pactual CTVM S.A.,IDEAL CTVM SA,,,
2026-03-27T13:15:40.799Z,market,trade,WINFUT,182680.0,1,,,,BTG Pactual CTVM S.A.,BTG Pactual CTVM S.A.,,,
2026-03-27T13:15:40.799Z,market,trade,WINFUT,182680.0,1,,,,BTG Pactual CTVM S.A.,BTG Pactual CTVM S.A.,,,
2026-03-27T13:15:40.799Z,market,trade,WINFUT,182680.0,1,,,,BTG Pactual CTVM S.A.,AGORA CTVM S/A,,,
2026-03-27T13:15:40.799Z,market,trade,WINFUT,182680.0,10,,,,BTG Pactual CTVM S.A.,IDEAL CTVM SA,,,
2026-03-27T13:15:40.799Z,market,trade,WINFUT,182685.0,2,,,,BTG Pactual CTVM S.A.,IDEAL CTVM SA,,,
2026-03-27T13:15:40.799Z,market,trade,WINFUT,182685.0,1,,,,BTG Pactual CTVM S.A.,XP Investimentos CCTVM S/A,,,
2026-03-27T13:15:40.799Z,market,trade,WINFUT,182685.0,1,,,,BTG Pactual CTVM S.A.,IDEAL CTVM SA,,,
2026-03-27T13:15:40.799Z,market,trade,WINFUT,182685.0,1,,,,BTG Pactual CTVM S.A.,XP Investimentos CCTVM S/A,,,
2026-03-27T13:15:40.799Z,market,trade,WINFUT,182685.0,5,,,,BTG Pactual CTVM S.A.,BTG Pactual CTVM S.A.,,,
2026-03-27T13:15:40.799Z,market,trade,WINFUT,182685.0,3,,,,BTG Pactual CTVM S.A.,XP Investimentos CCTVM S/A,,,
2026-03-27T13:15:40.799Z,market,trade,WINFUT,182685.0,1,,,,BTG Pactual CTVM S.A.,AGORA CTVM S/A,,,
2026-03-27T13:15:40.799Z,market,trade,WINFUT,182685.0,2,,,,BTG Pactual CTVM S.A.,AGORA CTVM S/A,,,
2026-03-27T13:15:40.799Z,market,trade,WINFUT,182685.0,5,,,,BTG Pactual CTVM S.A.,IDEAL CTVM SA,,,
2026-03-27T13:15:40.799Z,market,trade,WINFUT,182685.0,9,,,,BTG Pactual CTVM S.A.,IDEAL CTVM SA,,,
2026-03-27T13:15:40.799Z,market,trade,WINFUT,182685.0,1,,,,BTG Pactual CTVM S.A.,XP Investimentos CCTVM S/A,,,
2026-03-27T13:15:40.799Z,market,trade,WINFUT,182685.0,7,,,,BTG Pactual CTVM S.A.,IDEAL CTVM SA,,,
2026-03-27T13:15:40.799Z,market,trade,WINFUT,182685.0,18,,,,BTG Pactual CTVM S.A.,UBS BRASIL CCTVM S/A,,,
2026-03-27T13:15:40.799Z,market,trade,WINFUT,182685.0,4,,,,BTG Pactual CTVM S.A.,BTG Pactual CTVM S.A.,,,
2026-03-27T13:15:40.799Z,market,trade,WINFUT,182685.0,1,,,,BTG Pactual CTVM S.A.,BTG Pactual CTVM S.A.,,,
2026-03-27T13:15:40.799Z,market,trade,WINFUT,182685.0,4,,,,BTG Pactual CTVM S.A.,BTG Pactual CTVM S.A.,,,
2026-03-27T13:15:40.799Z,market,trade,WINFUT,182685.0,1,,,,BTG Pactual CTVM S.A.,AGORA CTVM S/A,,,
2026-03-27T13:15:40.799Z,market,trade,WINFUT,182685.0,1,,,,BTG Pactual CTVM S.A.,XP Investimentos CCTVM S/A,,,
2026-03-27T13:15:40.799Z,market,trade,WINFUT,182685.0,5,,,,BTG Pactual CTVM S.A.,IDEAL CTVM SA,,,
2026-03-27T13:15:40.799Z,market,trade,WINFUT,182685.0,1,,,,BTG Pactual CTVM S.A.,XP Investimentos CCTVM S/A,,,
2026-03-27T13:15:40.799Z,market,trade,WINFUT,182685.0,1,,,,BTG Pactual CTVM S.A.,XP Investimentos CCTVM S/A,,,
2026-03-27T13:15:40.799Z,market,trade,WINFUT,182685.0,1,,,,BTG Pactual CTVM S.A.,GENIAL INSTITUCIONAL CCTVM S.A,,,
2026-03-27T13:15:40.799Z,market,trade,WINFUT,182685.0,1,,,,BTG Pactual CTVM S.A.,XP Investimentos CCTVM S/A,,,
2026-03-27T13:15:40.800Z,market,trade,WINFUT,182685.0,1,,,,BTG Pactual CTVM S.A.,XP Investimentos CCTVM S/A,,,
2026-03-27T13:15:40.800Z,market,trade,WINFUT,182685.0,1,,,,BTG Pactual CTVM S.A.,IDEAL CTVM SA,,,
2026-03-27T13:15:40.839Z,market,trade,WINFUT,182685.0,1,,,,Elliot-Warren,Elliot-Warren,,,
2026-03-27T13:15:40.839Z,market,trade,WINFUT,182685.0,1,,,,SANTANDER CORRETORA DE TITULOS E VALORES MOBILIARIOS S.A.,IDEAL CTVM SA,,,
2026-03-27T13:15:40.864Z,market,trade,WINFUT,182680.0,2,,,,IDEAL CTVM SA,GOLDMAN SACHS DO BRASIL CTVM,,,
2026-03-27T13:15:40.864Z,market,trade,WINFUT,182680.0,3,,,,IDEAL CTVM SA,NOVA FUTURA CTVM LTDA,,,
2026-03-27T13:15:40.864Z,market,trade,WINFUT,182685.0,2,,,,SANTANDER CORRETORA DE TITULOS E VALORES MOBILIARIOS S.A.,SANTANDER CORRETORA DE TITULOS E VALORES MOBILIARIOS S.A.,,,
2026-03-27T13:15:40.864Z,market,trade,WINFUT,182680.0,1,,,,XP Investimentos CCTVM S/A,XP Investimentos CCTVM S/A,,,
2026-03-27T13:15:40.864Z,market,trade,WINFUT,182680.0,6,,,,IDEAL CTVM SA,UBS BRASIL CCTVM S/A,,,
2026-03-27T13:15:40.864Z,market,trade,WINFUT,182680.0,18,,,,UBS BRASIL CCTVM S/A,UBS BRASIL CCTVM S/A,,,
2026-03-27T13:15:40.865Z,market,trade,WINFUT,182680.0,1,,,,XP Investimentos CCTVM S/A,UBS BRASIL CCTVM S/A,,,
2026-03-27T13:15:40.865Z,market,trade,WINFUT,182680.0,1,,,,XP Investimentos CCTVM S/A,UBS BRASIL CCTVM S/A,,,
2026-03-27T13:15:40.865Z,market,trade,WINFUT,182680.0,7,,,,IDEAL CTVM SA,UBS BRASIL CCTVM S/A,,,
2026-03-27T13:15:40.865Z,market,trade,WINFUT,182680.0,1,,,,XP Investimentos CCTVM S/A,UBS BRASIL CCTVM S/A,,,
2026-03-27T13:15:40.865Z,market,trade,WINFUT,182680.0,5,,,,XP Investimentos CCTVM S/A,UBS BRASIL CCTVM S/A,,,
2026-03-27T13:15:40.865Z,market,trade,WINFUT,182680.0,1,,,,XP Investimentos CCTVM S/A,UBS BRASIL CCTVM S/A,,,
2026-03-27T13:15:40.865Z,market,trade,WINFUT,182680.0,11,,,,IDEAL CTVM SA,UBS BRASIL CCTVM S/A,,,
2026-03-27T13:15:40.865Z,market,trade,WINFUT,182680.0,1,,,,XP Investimentos CCTVM S/A,UBS BRASIL CCTVM S/A,,,
2026-03-27T13:15:40.865Z,market,trade,WINFUT,182680.0,1,,,,BTG Pactual CTVM S.A.,UBS BRASIL CCTVM S/A,,,
2026-03-27T13:15:40.865Z,market,trade,WINFUT,182675.0,7,,,,IDEAL CTVM SA,UBS BRASIL CCTVM S/A,,,
2026-03-27T13:15:40.865Z,market,trade,WINFUT,182675.0,2,,,,IDEAL CTVM SA,UBS BRASIL CCTVM S/A,,,
2026-03-27T13:15:40.912Z,market,trade,WINFUT,182675.0,1,,,,BTG Pactual CTVM S.A.,UBS BRASIL CCTVM S/A,,,
2026-03-27T13:15:40.912Z,market,trade,WINFUT,182675.0,5,,,,IDEAL CTVM SA,UBS BRASIL CCTVM S/A,,,
2026-03-27T13:15:40.912Z,market,trade,WINFUT,182675.0,1,,,,XP Investimentos CCTVM S/A,UBS BRASIL CCTVM S/A,,,
2026-03-27T13:15:40.912Z,market,trade,WINFUT,182675.0,5,,,,XP Investimentos CCTVM S/A,UBS BRASIL CCTVM S/A,,,
2026-03-27T13:15:40.912Z,market,trade,WINFUT,182675.0,1,,,,BTG Pactual CTVM S.A.,UBS BRASIL CCTVM S/A,,,
2026-03-27T13:15:40.912Z,market,trade,WINFUT,182675.0,1,,,,BTG Pactual CTVM S.A.,UBS BRASIL CCTVM S/A,,,
2026-03-27T13:15:40.912Z,market,trade,WINFUT,182675.0,5,,,,IDEAL CTVM SA,UBS BRASIL CCTVM S/A,,,
2026-03-27T13:15:40.912Z,market,trade,WINFUT,182675.0,3,,,,BTG Pactual CTVM S.A.,UBS BRASIL CCTVM S/A,,,
2026-03-27T13:15:40.912Z,market,trade,WINFUT,182675.0,1,,,,BTG Pactual CTVM S.A.,UBS BRASIL CCTVM S/A,,,
2026-03-27T13:15:40.912Z,market,trade,WINFUT,182675.0,1,,,,IDEAL CTVM SA,AGORA CTVM S/A,,,
2026-03-27T13:15:40.913Z,market,trade,WINFUT,182675.0,13,,,,IDEAL CTVM SA,IDEAL CTVM SA,,,
2026-03-27T13:15:40.913Z,market,trade,WINFUT,182675.0,1,,,,IDEAL CTVM SA,AGORA CTVM S/A,,,
2026-03-27T13:15:40.913Z,market,trade,WINFUT,182675.0,1,,,,IDEAL CTVM SA,AGORA CTVM S/A,,,
2026-03-27T13:15:40.913Z,market,trade,WINFUT,182675.0,1,,,,IDEAL CTVM SA,XP Investimentos CCTVM S/A,,,
2026-03-27T13:15:40.949Z,market,trade,WINFUT,182680.0,1,,,,XP Investimentos CCTVM S/A,XP Investimentos CCTVM S/A,,,
2026-03-27T13:15:40.965Z,market,trade,WINFUT,182675.0,1,,,,BTG Pactual CTVM S.A.,BTG Pactual CTVM S.A.,,,
2026-03-27T13:15:40.965Z,market,trade,WINFUT,182680.0,2,,,,SANTANDER CORRETORA DE TITULOS E VALORES MOBILIARIOS S.A.,SANTANDER CORRETORA DE TITULOS E VALORES MOBILIARIOS S.A.,,,
2026-03-27T13:15:40.965Z,market,trade,WINFUT,182680.0,6,,,,IDEAL CTVM SA,UBS BRASIL CCTVM S/A,,,
2026-03-27T13:15:40.981Z,market,trade,WINFUT,182680.0,29,,,,IDEAL CTVM SA,UBS BRASIL CCTVM S/A,,,
2026-03-27T13:15:40.982Z,market,trade,WINFUT,182680.0,1,,,,IDEAL CTVM SA,IDEAL CTVM SA,,,
2026-03-27T13:15:40.982Z,market,trade,WINFUT,182680.0,1,,,,IDEAL CTVM SA,AGORA CTVM S/A,,,
2026-03-27T13:15:40.982Z,market,trade,WINFUT,182680.0,1,,,,IDEAL CTVM SA,AGORA CTVM S/A,,,
2026-03-27T13:15:40.982Z,market,trade,WINFUT,182680.0,1,,,,IDEAL CTVM SA,XP Investimentos CCTVM S/A,,,
2026-03-27T13:15:40.982Z,market,trade,WINFUT,182680.0,3,,,,IDEAL CTVM SA,IDEAL CTVM SA,,,
2026-03-27T13:15:40.982Z,market,trade,WINFUT,182680.0,5,,,,IDEAL CTVM SA,IDEAL CTVM SA,,,
2026-03-27T13:15:40.982Z,market,trade,WINFUT,182680.0,1,,,,IDEAL CTVM SA,AGORA CTVM S/A,,,
2026-03-27T13:15:41.141Z,market,trade,WINFUT,182680.0,1,,,,XP Investimentos CCTVM S/A,XP Investimentos CCTVM S/A,,,
2026-03-27T13:15:41.141Z,market,trade,WINFUT,182680.0,2,,,,IDEAL CTVM SA,BTG Pactual CTVM S.A.,,,
2026-03-27T13:15:41.166Z,market,trade,WINFUT,182680.0,2,,,,GENIAL INSTITUCIONAL CCTVM S.A,GENIAL INSTITUCIONAL CCTVM S.A,,,
2026-03-27T13:15:41.166Z,market,trade,WINFUT,182680.0,1,,,,XP Investimentos CCTVM S/A,XP Investimentos CCTVM S/A,,,
2026-03-27T13:15:41.166Z,market,trade,WINFUT,182685.0,1,,,,XP Investimentos CCTVM S/A,BTG Pactual CTVM S.A.,,,
2026-03-27T13:15:41.195Z,market,trade,WINFUT,182680.0,1,,,,BTG Pactual CTVM S.A.,BTG Pactual CTVM S.A.,,,
2026-03-27T13:15:41.195Z,market,trade,WINFUT,182680.0,10,,,,SANTANDER CORRETORA DE TITULOS E VALORES MOBILIARIOS S.A.,SANTANDER CORRETORA DE TITULOS E VALORES MOBILIARIOS S.A.,,,
2026-03-27T13:15:41.195Z,market,trade,WINFUT,182680.0,1,,,,CM Capital Markets CCTVM LTDA,CM Capital Markets CCTVM LTDA,,,
2026-03-27T13:15:41.195Z,market,trade,WINFUT,182685.0,1,,,,GENIAL INSTITUCIONAL CCTVM S.A,SANTANDER CORRETORA DE TITULOS E VALORES MOBILIARIOS S.A.,,,
2026-03-27T13:15:41.195Z,market,trade,WINFUT,182685.0,3,,,,GENIAL INSTITUCIONAL CCTVM S.A,BTG Pactual CTVM S.A.,,,
2026-03-27T13:15:41.195Z,market,trade,WINFUT,182685.0,2,,,,GENIAL INSTITUCIONAL CCTVM S.A,IDEAL CTVM SA,,,
2026-03-27T13:15:41.197Z,market,trade,WINFUT,182680.0,2,,,,XP Investimentos CCTVM S/A,XP Investimentos CCTVM S/A,,,
2026-03-27T13:15:41.197Z,market,trade,WINFUT,182680.0,3,,,,GENIAL INSTITUCIONAL CCTVM S.A,GENIAL INSTITUCIONAL CCTVM S.A,,,
2026-03-27T13:15:41.197Z,market,trade,WINFUT,182685.0,1,,,,XP Investimentos CCTVM S/A,XP Investimentos CCTVM S/A,,,
2026-03-27T13:15:41.197Z,market,trade,WINFUT,182680.0,5,,,,GENIAL INSTITUCIONAL CCTVM S.A,GENIAL INSTITUCIONAL CCTVM S.A,,,
2026-03-27T13:15:41.197Z,market,trade,WINFUT,182685.0,8,,,,GENIAL INSTITUCIONAL CCTVM S.A,IDEAL CTVM SA,,,
2026-03-27T13:15:41.197Z,market,trade,WINFUT,182685.0,2,,,,GENIAL INSTITUCIONAL CCTVM S.A,AGORA CTVM S/A,,,
2026-03-27T13:15:41.197Z,market,trade,WINFUT,182685.0,1,,,,GENIAL INSTITUCIONAL CCTVM S.A,AGORA CTVM S/A,,,
2026-03-27T13:15:41.198Z,market,trade,WINFUT,182685.0,1,,,,GENIAL INSTITUCIONAL CCTVM S.A,AGORA CTVM S/A,,,
2026-03-27T13:15:41.198Z,market,trade,WINFUT,182685.0,3,,,,GENIAL INSTITUCIONAL CCTVM S.A,BTG Pactual CTVM S.A.,,,
2026-03-27T13:15:41.272Z,market,trade,WINFUT,182680.0,1,,,,XP Investimentos CCTVM S/A,XP Investimentos CCTVM S/A,,,
2026-03-27T13:15:41.272Z,market,trade,WINFUT,182680.0,1,,,,BTG Pactual CTVM S.A.,BTG Pactual CTVM S.A.,,,
2026-03-27T13:15:41.272Z,market,trade,WINFUT,182680.0,1,,,,IDEAL CTVM SA,SANTANDER CORRETORA DE TITULOS E VALORES MOBILIARIOS S.A.,,,
2026-03-27T13:15:41.287Z,market,trade,WINFUT,182680.0,5,,,,SANTANDER CORRETORA DE TITULOS E VALORES MOBILIARIOS S.A.,SANTANDER CORRETORA DE TITULOS E VALORES MOBILIARIOS S.A.,,,
2026-03-27T13:15:41.288Z,market,trade,WINFUT,182685.0,1,,,,XP Investimentos CCTVM S/A,XP Investimentos CCTVM S/A,,,
2026-03-27T13:15:41.293Z,market,trade,WINFUT,182680.0,14,,,,XP Investimentos CCTVM S/A,XP Investimentos CCTVM S/A,,,
2026-03-27T13:15:41.293Z,market,trade,WINFUT,182680.0,6,,,,IDEAL CTVM SA,XP Investimentos CCTVM S/A,,,
2026-03-27T13:15:41.293Z,market,trade,WINFUT,182685.0,1,,,,BTG Pactual CTVM S.A.,BTG Pactual CTVM S.A.,,,
2026-03-27T13:15:41.300Z,market,trade,WINFUT,182680.0,1,,,,XP Investimentos CCTVM S/A,XP Investimentos CCTVM S/A,,,
2026-03-27T13:15:41.329Z,market,trade,WINFUT,182685.0,2,,,,UBS BRASIL CCTVM S/A,BTG Pactual CTVM S.A.,,,
2026-03-27T13:15:41.329Z,market,trade,WINFUT,182685.0,1,,,,UBS BRASIL CCTVM S/A,CM Capital Markets CCTVM LTDA,,,
2026-03-27T13:15:41.329Z,market,trade,WINFUT,182685.0,2,,,,UBS BRASIL CCTVM S/A,AGORA CTVM S/A,,,
2026-03-27T13:15:41.329Z,market,trade,WINFUT,182690.0,3,,,,IDEAL CTVM SA,BTG Pactual CTVM S.A.,,,
2026-03-27T13:15:41.329Z,market,trade,WINFUT,182690.0,5,,,,IDEAL CTVM SA,BTG Pactual CTVM S.A.,,,
2026-03-27T13:15:41.329Z,market,trade,WINFUT,182690.0,1,,,,IDEAL CTVM SA,AGORA CTVM S/A,,,
2026-03-27T13:15:41.329Z,market,trade,WINFUT,182690.0,1,,,,IDEAL CTVM SA,XP Investimentos CCTVM S/A,,,
2026-03-27T13:15:41.330Z,market,trade,WINFUT,182690.0,2,,,,IDEAL CTVM SA,XP Investimentos CCTVM S/A,,,
2026-03-27T13:15:41.330Z,market,trade,WINFUT,182690.0,1,,,,IDEAL CTVM SA,AGORA CTVM S/A,,,
2026-03-27T13:15:41.330Z,market,trade,WINFUT,182690.0,1,,,,IDEAL CTVM SA,BTG Pactual CTVM S.A.,,,
2026-03-27T13:15:41.330Z,market,trade,WINFUT,182690.0,3,,,,IDEAL CTVM SA,BTG Pactual CTVM S.A.,,,
2026-03-27T13:15:41.330Z,market,trade,WINFUT,182690.0,6,,,,IDEAL CTVM SA,IDEAL CTVM SA,,,
2026-03-27T13:15:41.330Z,market,trade,WINFUT,182690.0,4,,,,IDEAL CTVM SA,IDEAL CTVM SA,,,
2026-03-27T13:15:41.330Z,market,trade,WINFUT,182690.0,3,,,,IDEAL CTVM SA,IDEAL CTVM SA,,,
2026-03-27T13:15:41.357Z,market,trade,WINFUT,182690.0,4,,,,IDEAL CTVM SA,IDEAL CTVM SA,,,
2026-03-27T13:15:41.357Z,market,trade,WINFUT,182690.0,1,,,,BTG Pactual CTVM S.A.,IDEAL CTVM SA,,,
2026-03-27T13:15:41.357Z,market,trade,WINFUT,182690.0,5,,,,GENIAL INSTITUCIONAL CCTVM S.A,IDEAL CTVM SA,,,
2026-03-27T13:15:41.358Z,market,trade,WINFUT,182690.0,1,,,,IDEAL CTVM SA,IDEAL CTVM SA,,,
2026-03-27T13:15:41.358Z,market,trade,WINFUT,182690.0,4,,,,IDEAL CTVM SA,IDEAL CTVM SA,,,
2026-03-27T13:15:41.358Z,market,trade,WINFUT,182690.0,5,,,,IDEAL CTVM SA,IDEAL CTVM SA,,,
2026-03-27T13:15:41.358Z,market,trade,WINFUT,182690.0,1,,,,XP Investimentos CCTVM S/A,XP Investimentos CCTVM S/A,,,
2026-03-27T13:15:41.358Z,market,trade,WINFUT,182690.0,1,,,,IDEAL CTVM SA,IDEAL CTVM SA,,,
2026-03-27T13:15:41.358Z,market,trade,WINFUT,182690.0,3,,,,IDEAL CTVM SA,IDEAL CTVM SA,,,
2026-03-27T13:15:41.358Z,market,trade,WINFUT,182690.0,13,,,,IDEAL CTVM SA,IDEAL CTVM SA,,,
2026-03-27T13:15:41.358Z,market,trade,WINFUT,182690.0,1,,,,IDEAL CTVM SA,XP Investimentos CCTVM S/A,,,
2026-03-27T13:15:41.358Z,market,trade,WINFUT,182690.0,18,,,,IDEAL CTVM SA,UBS BRASIL CCTVM S/A,,,
2026-03-27T13:15:41.358Z,market,trade,WINFUT,182690.0,1,,,,IDEAL CTVM SA,AGORA CTVM S/A,,,
2026-03-27T13:15:41.358Z,market,trade,WINFUT,182690.0,9,,,,IDEAL CTVM SA,SANTANDER CORRETORA DE TITULOS E VALORES MOBILIARIOS S.A.,,,
2026-03-27T13:15:41.427Z,market,trade,WINFUT,182690.0,1,,,,XP Investimentos CCTVM S/A,XP Investimentos CCTVM S/A,,,
2026-03-27T13:15:41.460Z,market,trade,WINFUT,182690.0,1,,,,XP Investimentos CCTVM S/A,XP Investimentos CCTVM S/A,,,
2026-03-27T13:15:41.460Z,market,trade,WINFUT,182690.0,1,,,,BTG Pactual CTVM S.A.,GOLDMAN SACHS DO BRASIL CTVM,,,
2026-03-27T13:15:41.461Z,market,trade,WINFUT,182690.0,1,,,,GENIAL INSTITUCIONAL CCTVM S.A,GOLDMAN SACHS DO BRASIL CTVM,,,
2026-03-27T13:15:41.461Z,market,trade,WINFUT,182690.0,2,,,,GENIAL INSTITUCIONAL CCTVM S.A,SANTANDER CORRETORA DE TITULOS E VALORES MOBILIARIOS S.A.,,,
2026-03-27T13:15:41.461Z,market,trade,WINFUT,182690.0,5,,,,GENIAL INSTITUCIONAL CCTVM S.A,SANTANDER CORRETORA DE TITULOS E VALORES MOBILIARIOS S.A.,,,
2026-03-27T13:15:41.461Z,market,trade,WINFUT,182690.0,1,,,,BTG Pactual CTVM S.A.,SANTANDER CORRETORA DE TITULOS E VALORES MOBILIARIOS S.A.,,,
2026-03-27T13:15:41.461Z,market,trade,WINFUT,182690.0,2,,,,UBS BRASIL CCTVM S/A,SANTANDER CORRETORA DE TITULOS E VALORES MOBILIARIOS S.A.,,,
2026-03-27T13:15:41.534Z,market,trade,WINFUT,182690.0,1,,,,XP Investimentos CCTVM S/A,Elliot-Warren,,,
2026-03-27T13:15:41.534Z,market,trade,WINFUT,182690.0,1,,,,BTG Pactual CTVM S.A.,Elliot-Warren,,,
2026-03-27T13:15:41.534Z,market,trade,WINFUT,182690.0,5,,,,IDEAL CTVM SA,Elliot-Warren,,,
2026-03-27T13:15:41.534Z,market,trade,WINFUT,182690.0,3,,,,UBS BRASIL CCTVM S/A,Elliot-Warren,,,
2026-03-27T13:15:41.536Z,market,trade,WINFUT,182695.0,1,,,,XP Investimentos CCTVM S/A,XP Investimentos CCTVM S/A,,,
2026-03-27T13:15:41.536Z,market,trade,WINFUT,182695.0,10,,,,BTG Pactual CTVM S.A.,BTG Pactual CTVM S.A.,,,
2026-03-27T13:15:41.536Z,market,trade,WINFUT,182695.0,1,,,,BTG Pactual CTVM S.A.,BTG Pactual CTVM S.A.,,,
2026-03-27T13:15:41.536Z,market,trade,WINFUT,182695.0,1,,,,XP Investimentos CCTVM S/A,XP Investimentos CCTVM S/A,,,
2026-03-27T13:15:41.536Z,market,trade,WINFUT,182695.0,1,,,,GENIAL INSTITUCIONAL CCTVM S.A,GENIAL INSTITUCIONAL CCTVM S.A,,,
2026-03-27T13:15:41.537Z,market,trade,WINFUT,182695.0,1,,,,BTG Pactual CTVM S.A.,IDEAL CTVM SA,,,
2026-03-27T13:15:41.537Z,market,trade,WINFUT,182695.0,3,,,,GENIAL INSTITUCIONAL CCTVM S.A,GENIAL INSTITUCIONAL CCTVM S.A,,,
2026-03-27T13:15:41.537Z,market,trade,WINFUT,182695.0,2,,,,GENIAL INSTITUCIONAL CCTVM S.A,GENIAL INSTITUCIONAL CCTVM S.A,,,
2026-03-27T13:15:41.537Z,market,trade,WINFUT,182695.0,2,,,,BTG Pactual CTVM S.A.,IDEAL CTVM SA,,,
2026-03-27T13:15:41.537Z,market,trade,WINFUT,182695.0,2,,,,BTG Pactual CTVM S.A.,XP Investimentos CCTVM S/A,,,
2026-03-27T13:15:41.537Z,market,trade,WINFUT,182695.0,1,,,,XP Investimentos CCTVM S/A,XP Investimentos CCTVM S/A,,,
2026-03-27T13:15:41.537Z,market,trade,WINFUT,182695.0,1,,,,GENIAL INSTITUCIONAL CCTVM S.A,GENIAL INSTITUCIONAL CCTVM S.A,,,
2026-03-27T13:15:41.537Z,market,trade,WINFUT,182695.0,1,,,,XP Investimentos CCTVM S/A,XP Investimentos CCTVM S/A,,,
2026-03-27T13:15:41.538Z,market,trade,WINFUT,182695.0,1,,,,ITAU CV S/A,ITAU CV S/A,,,
2026-03-27T13:15:41.538Z,market,trade,WINFUT,182695.0,1,,,,XP Investimentos CCTVM S/A,XP Investimentos CCTVM S/A,,,
2026-03-27T13:15:41.538Z,market,trade,WINFUT,182695.0,2,,,,BTG Pactual CTVM S.A.,XP Investimentos CCTVM S/A,,,
2026-03-27T13:15:41.538Z,market,trade,WINFUT,182695.0,1,,,,INTER DTVM LTDA,INTER DTVM LTDA,,,
2026-03-27T13:15:41.538Z,market,trade,WINFUT,182695.0,5,,,,GENIAL INSTITUCIONAL CCTVM S.A,GENIAL INSTITUCIONAL CCTVM S.A,,,
2026-03-27T13:15:41.538Z,market,trade,WINFUT,182695.0,5,,,,GENIAL INSTITUCIONAL CCTVM S.A,GENIAL INSTITUCIONAL CCTVM S.A,,,
2026-03-27T13:15:41.538Z,market,trade,WINFUT,182695.0,1,,,,GENIAL INSTITUCIONAL CCTVM S.A,GENIAL INSTITUCIONAL CCTVM S.A,,,
2026-03-27T13:15:41.538Z,market,trade,WINFUT,182695.0,1,,,,BTG Pactual CTVM S.A.,XP Investimentos CCTVM S/A,,,
2026-03-27T13:15:41.538Z,market,trade,WINFUT,182695.0,1,,,,GENIAL INSTITUCIONAL CCTVM S.A,XP Investimentos CCTVM S/A,,,
2026-03-27T13:15:41.538Z,market,trade,WINFUT,182695.0,10,,,,XP Investimentos CCTVM S/A,XP Investimentos CCTVM S/A,,,
2026-03-27T13:15:41.538Z,market,trade,WINFUT,182690.0,14,,,,XP Investimentos CCTVM S/A,XP Investimentos CCTVM S/A,,,
2026-03-27T13:15:41.538Z,market,trade,WINFUT,182690.0,1,,,,UBS BRASIL CCTVM S/A,XP Investimentos CCTVM S/A,,,
2026-03-27T13:15:41.538Z,market,trade,WINFUT,182690.0,5,,,,UBS BRASIL CCTVM S/A,XP Investimentos CCTVM S/A,,,
2026-03-27T13:15:41.538Z,market,trade,WINFUT,182690.0,4,,,,UBS BRASIL CCTVM S/A,XP Investimentos CCTVM S/A,,,
2026-03-27T13:15:41.539Z,market,trade,WINFUT,182690.0,5,,,,XP Investimentos CCTVM S/A,XP Investimentos CCTVM S/A,,,
2026-03-27T13:15:41.539Z,market,trade,WINFUT,182690.0,1,,,,XP Investimentos CCTVM S/A,XP Investimentos CCTVM S/A,,,
2026-03-27T13:15:41.539Z,market,trade,WINFUT,182690.0,18,,,,UBS BRASIL CCTVM S/A,XP Investimentos CCTVM S/A,,,
2026-03-27T13:15:41.539Z,market,trade,WINFUT,182690.0,1,,,,BTG Pactual CTVM S.A.,XP Investimentos CCTVM S/A,,,
2026-03-27T13:15:41.539Z,market,trade,WINFUT,182690.0,1,,,,XP Investimentos CCTVM S/A,XP Investimentos CCTVM S/A,,,
2026-03-27T13:15:41.539Z,market,trade,WINFUT,182690.0,5,,,,XP Investimentos CCTVM S/A,XP Investimentos CCTVM S/A,,,
2026-03-27T13:15:41.539Z,market,trade,WINFUT,182690.0,5,,,,IDEAL CTVM SA,XP Investimentos CCTVM S/A,,,
2026-03-27T13:15:41.539Z,market,trade,WINFUT,182690.0,2,,,,IDEAL CTVM SA,XP Investimentos CCTVM S/A,,,
2026-03-27T13:15:41.539Z,market,trade,WINFUT,182690.0,1,,,,XP Investimentos CCTVM S/A,XP Investimentos CCTVM S/A,,,
2026-03-27T13:15:41.539Z,market,trade,WINFUT,182690.0,6,,,,XP Investimentos CCTVM S/A,XP Investimentos CCTVM S/A,,,
2026-03-27T13:15:41.539Z,market,trade,WINFUT,182690.0,5,,,,IDEAL CTVM SA,XP Investimentos CCTVM S/A,,,
2026-03-27T13:15:41.539Z,market,trade,WINFUT,182690.0,1,,,,XP Investimentos CCTVM S/A,XP Investimentos CCTVM S/A,,,
2026-03-27T13:15:41.539Z,market,trade,WINFUT,182685.0,18,,,,UBS BRASIL CCTVM S/A,XP Investimentos CCTVM S/A,,,
2026-03-27T13:15:41.539Z,market,trade,WINFUT,182685.0,12,,,,IDEAL CTVM SA,XP Investimentos CCTVM S/A,,,
2026-03-27T13:15:41.539Z,market,trade,WINFUT,182685.0,1,,,,IDEAL CTVM SA,XP Investimentos CCTVM S/A,,,
2026-03-27T13:15:41.539Z,market,trade,WINFUT,182685.0,5,,,,XP Investimentos CCTVM S/A,XP Investimentos CCTVM S/A,,,
2026-03-27T13:15:41.539Z,market,trade,WINFUT,182685.0,11,,,,IDEAL CTVM SA,XP Investimentos CCTVM S/A,,,
2026-03-27T13:15:41.539Z,market,trade,WINFUT,182685.0,4,,,,BTG Pactual CTVM S.A.,XP Investimentos CCTVM S/A,,,
2026-03-27T13:15:41.539Z,market,trade,WINFUT,182685.0,1,,,,BTG Pactual CTVM S.A.,XP Investimentos CCTVM S/A,,,
2026-03-27T13:15:41.540Z,market,trade,WINFUT,182685.0,1,,,,IDEAL CTVM SA,XP Investimentos CCTVM S/A,,,
2026-03-27T13:15:41.540Z,market,trade,WINFUT,182685.0,11,,,,IDEAL CTVM SA,XP Investimentos CCTVM S/A,,,
2026-03-27T13:15:41.540Z,market,trade,WINFUT,182685.0,3,,,,IDEAL CTVM SA,XP Investimentos CCTVM S/A,,,
2026-03-27T13:15:41.540Z,market,trade,WINFUT,182685.0,1,,,,XP Investimentos CCTVM S/A,XP Investimentos CCTVM S/A,,,
2026-03-27T13:15:41.540Z,market,trade,WINFUT,182685.0,5,,,,XP Investimentos CCTVM S/A,XP Investimentos CCTVM S/A,,,
2026-03-27T13:15:41.540Z,market,trade,WINFUT,182685.0,4,,,,GENIAL INSTITUCIONAL CCTVM S.A,XP Investimentos CCTVM S/A,,,
2026-03-27T13:15:41.540Z,market,trade,WINFUT,182685.0,1,,,,XP Investimentos CCTVM S/A,XP Investimentos CCTVM S/A,,,
2026-03-27T13:15:41.540Z,market,trade,WINFUT,182685.0,7,,,,IDEAL CTVM SA,XP Investimentos CCTVM S/A,,,
2026-03-27T13:15:41.540Z,market,trade,WINFUT,182685.0,7,,,,IDEAL CTVM SA,XP Investimentos CCTVM S/A,,,
2026-03-27T13:15:41.540Z,market,trade,WINFUT,182685.0,1,,,,BTG Pactual CTVM S.A.,XP Investimentos CCTVM S/A,,,
2026-03-27T13:15:41.540Z,market,trade,WINFUT,182685.0,1,,,,BTG Pactual CTVM S.A.,XP Investimentos CCTVM S/A,,,
2026-03-27T13:15:41.540Z,market,trade,WINFUT,182685.0,1,,,,XP Investimentos CCTVM S/A,XP Investimentos CCTVM S/A,,,
2026-03-27T13:15:41.540Z,market,trade,WINFUT,182685.0,11,,,,IDEAL CTVM SA,XP Investimentos CCTVM S/A,,,
2026-03-27T13:15:41.540Z,market,trade,WINFUT,182685.0,1,,,,GENIAL INSTITUCIONAL CCTVM S.A,XP Investimentos CCTVM S/A,,,
2026-03-27T13:15:41.540Z,market,trade,WINFUT,182685.0,1,,,,AGORA CTVM S/A,XP Investimentos CCTVM S/A,,,
2026-03-27T13:15:41.540Z,market,trade,WINFUT,182685.0,5,,,,UBS BRASIL CCTVM S/A,XP Investimentos CCTVM S/A,,,
2026-03-27T13:15:41.541Z,market,trade,WINFUT,182685.0,1,,,,XP Investimentos CCTVM S/A,XP Investimentos CCTVM S/A,,,
2026-03-27T13:15:41.541Z,market,trade,WINFUT,182685.0,36,,,,GENIAL INSTITUCIONAL CCTVM S.A,XP Investimentos CCTVM S/A,,,
2026-03-27T13:15:41.541Z,market,trade,WINFUT,182685.0,1,,,,XP Investimentos CCTVM S/A,XP Investimentos CCTVM S/A,,,
2026-03-27T13:15:41.541Z,market,trade,WINFUT,182685.0,1,,,,XP Investimentos CCTVM S/A,XP Investimentos CCTVM S/A,,,
2026-03-27T13:15:41.541Z,market,trade,WINFUT,182685.0,1,,,,GENIAL INSTITUCIONAL CCTVM S.A,XP Investimentos CCTVM S/A,,,
2026-03-27T13:15:41.541Z,market,trade,WINFUT,182685.0,1,,,,BTG Pactual CTVM S.A.,XP Investimentos CCTVM S/A,,,
2026-03-27T13:15:41.541Z,market,trade,WINFUT,182685.0,5,,,,IDEAL CTVM SA,XP Investimentos CCTVM S/A,,,
2026-03-27T13:15:41.541Z,market,trade,WINFUT,182685.0,5,,,,UBS BRASIL CCTVM S/A,XP Investimentos CCTVM S/A,,,
2026-03-27T13:15:41.541Z,market,trade,WINFUT,182680.0,3,,,,IDEAL CTVM SA,XP Investimentos CCTVM S/A,,,
2026-03-27T13:15:41.541Z,market,trade,WINFUT,182680.0,4,,,,XP Investimentos CCTVM S/A,XP Investimentos CCTVM S/A,,,
2026-03-27T13:15:41.541Z,market,trade,WINFUT,182680.0,1,,,,XP Investimentos CCTVM S/A,XP Investimentos CCTVM S/A,,,
2026-03-27T13:15:41.541Z,market,trade,WINFUT,182680.0,18,,,,IDEAL CTVM SA,XP Investimentos CCTVM S/A,,,
2026-03-27T13:15:41.541Z,market,trade,WINFUT,182680.0,1,,,,BTG Pactual CTVM S.A.,XP Investimentos CCTVM S/A,,,
2026-03-27T13:15:41.541Z,market,trade,WINFUT,182680.0,1,,,,XP Investimentos CCTVM S/A,XP Investimentos CCTVM S/A,,,
2026-03-27T13:15:41.541Z,market,trade,WINFUT,182680.0,1,,,,GENIAL INSTITUCIONAL CCTVM S.A,XP Investimentos CCTVM S/A,,,
2026-03-27T13:15:41.541Z,market,trade,WINFUT,182680.0,1,,,,BTG Pactual CTVM S.A.,XP Investimentos CCTVM S/A,,,
2026-03-27T13:15:41.541Z,market,trade,WINFUT,182680.0,1,,,,XP Investimentos CCTVM S/A,XP Investimentos CCTVM S/A,,,
2026-03-27T13:15:41.541Z,market,trade,WINFUT,182680.0,1,,,,BTG Pactual CTVM S.A.,XP Investimentos CCTVM S/A,,,
2026-03-27T13:15:41.541Z,market,trade,WINFUT,182680.0,5,,,,GENIAL INSTITUCIONAL CCTVM S.A,XP Investimentos CCTVM S/A,,,
2026-03-27T13:15:41.541Z,market,trade,WINFUT,182680.0,1,,,,XP Investimentos CCTVM S/A,XP Investimentos CCTVM S/A,,,
2026-03-27T13:15:41.541Z,market,trade,WINFUT,182680.0,5,,,,XP Investimentos CCTVM S/A,XP Investimentos CCTVM S/A,,,
2026-03-27T13:15:41.541Z,market,trade,WINFUT,182680.0,7,,,,IDEAL CTVM SA,XP Investimentos CCTVM S/A,,,
2026-03-27T13:15:41.541Z,market,trade,WINFUT,182680.0,1,,,,XP Investimentos CCTVM S/A,XP Investimentos CCTVM S/A,,,
2026-03-27T13:15:41.541Z,market,trade,WINFUT,182680.0,1,,,,XP Investimentos CCTVM S/A,XP Investimentos CCTVM S/A,,,
2026-03-27T13:15:41.542Z,market,trade,WINFUT,182680.0,1,,,,BTG Pactual CTVM S.A.,XP Investimentos CCTVM S/A,,,
2026-03-27T13:15:41.542Z,market,trade,WINFUT,182680.0,18,,,,UBS BRASIL CCTVM S/A,XP Investimentos CCTVM S/A,,,
2026-03-27T13:15:41.542Z,market,trade,WINFUT,182680.0,11,,,,IDEAL CTVM SA,XP Investimentos CCTVM S/A,,,
2026-03-27T13:15:41.542Z,market,trade,WINFUT,182680.0,1,,,,XP Investimentos CCTVM S/A,XP Investimentos CCTVM S/A,,,
2026-03-27T13:15:41.542Z,market,trade,WINFUT,182680.0,5,,,,IDEAL CTVM SA,XP Investimentos CCTVM S/A,,,
2026-03-27T13:15:41.542Z,market,trade,WINFUT,182680.0,36,,,,GENIAL INSTITUCIONAL CCTVM S.A,XP Investimentos CCTVM S/A,,,
2026-03-27T13:15:41.542Z,market,trade,WINFUT,182680.0,11,,,,IDEAL CTVM SA,XP Investimentos CCTVM S/A,,,
2026-03-27T13:15:41.542Z,market,trade,WINFUT,182680.0,3,,,,IDEAL CTVM SA,XP Investimentos CCTVM S/A,,,
2026-03-27T13:15:41.542Z,market,trade,WINFUT,182680.0,1,,,,XP Investimentos CCTVM S/A,XP Investimentos CCTVM S/A,,,
2026-03-27T13:15:41.542Z,market,trade,WINFUT,182680.0,5,,,,UBS BRASIL CCTVM S/A,XP Investimentos CCTVM S/A,,,
2026-03-27T13:15:41.542Z,market,trade,WINFUT,182680.0,1,,,,GENIAL INSTITUCIONAL CCTVM S.A,XP Investimentos CCTVM S/A,,,
2026-03-27T13:15:41.542Z,market,trade,WINFUT,182680.0,2,,,,BTG Pactual CTVM S.A.,XP Investimentos CCTVM S/A,,,
2026-03-27T13:15:41.542Z,market,trade,WINFUT,182680.0,5,,,,UBS BRASIL CCTVM S/A,XP Investimentos CCTVM S/A,,,
2026-03-27T13:15:41.542Z,market,trade,WINFUT,182680.0,1,,,,AGORA CTVM S/A,XP Investimentos CCTVM S/A,,,
2026-03-27T13:15:41.542Z,market,trade,WINFUT,182680.0,16,,,,GENIAL INSTITUCIONAL CCTVM S.A,XP Investimentos CCTVM S/A,,,
2026-03-27T13:15:41.542Z,market,trade,WINFUT,182680.0,1,,,,XP Investimentos CCTVM S/A,XP Investimentos CCTVM S/A,,,
2026-03-27T13:15:41.542Z,market,trade,WINFUT,182680.0,1,,,,XP Investimentos CCTVM S/A,XP Investimentos CCTVM S/A,,,
2026-03-27T13:15:41.542Z,market,trade,WINFUT,182690.0,1,,,,IDEAL CTVM SA,XP Investimentos CCTVM S/A,,,
2026-03-27T13:15:41.542Z,market,trade,WINFUT,182690.0,5,,,,IDEAL CTVM SA,IDEAL CTVM SA,,,
2026-03-27T13:15:41.542Z,market,trade,WINFUT,182690.0,3,,,,IDEAL CTVM SA,IDEAL CTVM SA,,,
2026-03-27T13:15:41.542Z,market,trade,WINFUT,182690.0,7,,,,IDEAL CTVM SA,IDEAL CTVM SA,,,
2026-03-27T13:15:41.548Z,market,trade,WINFUT,182690.0,4,,,,IDEAL CTVM SA,BTG Pactual CTVM S.A.,,,
2026-03-27T13:15:41.548Z,market,trade,WINFUT,182690.0,3,,,,XP Investimentos CCTVM S/A,IDEAL CTVM SA,,,
2026-03-27T13:15:41.548Z,market,trade,WINFUT,182690.0,1,,,,XP Investimentos CCTVM S/A,IDEAL CTVM SA,,,
2026-03-27T13:15:41.650Z,market,trade,WINFUT,182690.0,5,,,,XP Investimentos CCTVM S/A,XP Investimentos CCTVM S/A,,,
2026-03-27T13:15:41.650Z,market,trade,WINFUT,182695.0,1,,,,SANTANDER CORRETORA DE TITULOS E VALORES MOBILIARIOS S.A.,SANTANDER CORRETORA DE TITULOS E VALORES MOBILIARIOS S.A.,,,
2026-03-27T13:15:41.650Z,market,trade,WINFUT,182690.0,2,,,,GENIAL INSTITUCIONAL CCTVM S.A,GENIAL INSTITUCIONAL CCTVM S.A,,,
2026-03-27T13:15:41.667Z,market,trade,WINFUT,182695.0,1,,,,SANTANDER CORRETORA DE TITULOS E VALORES MOBILIARIOS S.A.,SANTANDER CORRETORA DE TITULOS E VALORES MOBILIARIOS S.A.,,,
2026-03-27T13:15:41.667Z,market,trade,WINFUT,182695.0,1,,,,SANTANDER CORRETORA DE TITULOS E VALORES MOBILIARIOS S.A.,SANTANDER CORRETORA DE TITULOS E VALORES MOBILIARIOS S.A.,,,
2026-03-27T13:15:41.667Z,market,trade,WINFUT,182695.0,1,,,,SANTANDER CORRETORA DE TITULOS E VALORES MOBILIARIOS S.A.,SANTANDER CORRETORA DE TITULOS E VALORES MOBILIARIOS S.A.,,,
2026-03-27T13:15:41.667Z,market,trade,WINFUT,182695.0,2,,,,SANTANDER CORRETORA DE TITULOS E VALORES MOBILIARIOS S.A.,SANTANDER CORRETORA DE TITULOS E VALORES MOBILIARIOS S.A.,,,
2026-03-27T13:15:41.667Z,market,trade,WINFUT,182690.0,1,,,,BTG Pactual CTVM S.A.,BTG Pactual CTVM S.A.,,,
2026-03-27T13:15:41.667Z,market,trade,WINFUT,182695.0,1,,,,XP Investimentos CCTVM S/A,XP Investimentos CCTVM S/A,,,
2026-03-27T13:15:41.667Z,market,trade,WINFUT,182690.0,14,,,,XP Investimentos CCTVM S/A,XP Investimentos CCTVM S/A,,,
2026-03-27T13:15:41.668Z,market,trade,WINFUT,182690.0,12,,,,IDEAL CTVM SA,XP Investimentos CCTVM S/A,,,
2026-03-27T13:15:41.668Z,market,trade,WINFUT,182690.0,1,,,,XP Investimentos CCTVM S/A,XP Investimentos CCTVM S/A,,,
2026-03-27T13:15:41.668Z,market,trade,WINFUT,182690.0,4,,,,XP Investimentos CCTVM S/A,XP Investimentos CCTVM S/A,,,
2026-03-27T13:15:41.668Z,market,trade,WINFUT,182690.0,4,,,,UBS BRASIL CCTVM S/A,XP Investimentos CCTVM S/A,,,
2026-03-27T13:15:41.668Z,market,trade,WINFUT,182690.0,1,,,,BTG Pactual CTVM S.A.,XP Investimentos CCTVM S/A,,,
2026-03-27T13:15:41.692Z,market,trade,WINFUT,182690.0,5,,,,XP Investimentos CCTVM S/A,XP Investimentos CCTVM S/A,,,
2026-03-27T13:15:41.692Z,market,trade,WINFUT,182690.0,1,,,,XP Investimentos CCTVM S/A,XP Investimentos CCTVM S/A,,,
2026-03-27T13:15:41.692Z,market,trade,WINFUT,182690.0,8,,,,IDEAL CTVM SA,XP Investimentos CCTVM S/A,,,
2026-03-27T13:15:41.721Z,market,trade,WINFUT,182695.0,4,,,,BTG Pactual CTVM S.A.,BTG Pactual CTVM S.A.,,,
2026-03-27T13:15:41.721Z,market,trade,WINFUT,182690.0,1,,,,BTG Pactual CTVM S.A.,SANTANDER CORRETORA DE TITULOS E VALORES MOBILIARIOS S.A.,,,
2026-03-27T13:15:41.721Z,market,trade,WINFUT,182690.0,1,,,,XP Investimentos CCTVM S/A,XP Investimentos CCTVM S/A,,,
2026-03-27T13:15:41.733Z,market,trade,WINFUT,182695.0,5,,,,XP Investimentos CCTVM S/A,XP Investimentos CCTVM S/A,,,
2026-03-27T13:15:41.733Z,market,trade,WINFUT,182695.0,1,,,,XP Investimentos CCTVM S/A,XP Investimentos CCTVM S/A,,,
2026-03-27T13:15:41.733Z,market,trade,WINFUT,182695.0,1,,,,XP Investimentos CCTVM S/A,XP Investimentos CCTVM S/A,,,
2026-03-27T13:15:41.734Z,market,trade,WINFUT,182695.0,1,,,,XP Investimentos CCTVM S/A,XP Investimentos CCTVM S/A,,,
2026-03-27T13:15:41.734Z,market,trade,WINFUT,182695.0,1,,,,XP Investimentos CCTVM S/A,XP Investimentos CCTVM S/A,,,
2026-03-27T13:15:41.734Z,market,trade,WINFUT,182695.0,1,,,,BTG Pactual CTVM S.A.,AGORA CTVM S/A,,,
2026-03-27T13:15:41.734Z,market,trade,WINFUT,182695.0,1,,,,BTG Pactual CTVM S.A.,Santander CCVM S/A,,,
2026-03-27T13:15:41.734Z,market,trade,WINFUT,182695.0,1,,,,BTG Pactual CTVM S.A.,XP Investimentos CCTVM S/A,,,
2026-03-27T13:15:41.734Z,market,trade,WINFUT,182695.0,1,,,,BTG Pactual CTVM S.A.,XP Investimentos CCTVM S/A,,,
2026-03-27T13:15:41.734Z,market,trade,WINFUT,182695.0,1,,,,BTG Pactual CTVM S.A.,IDEAL CTVM SA,,,
2026-03-27T13:15:41.734Z,market,trade,WINFUT,182695.0,1,,,,BTG Pactual CTVM S.A.,IDEAL CTVM SA,,,
2026-03-27T13:15:41.734Z,market,trade,WINFUT,182695.0,1,,,,BTG Pactual CTVM S.A.,IDEAL CTVM SA,,,
2026-03-27T13:15:41.734Z,market,trade,WINFUT,182695.0,1,,,,BTG Pactual CTVM S.A.,AGORA CTVM S/A,,,
2026-03-27T13:15:41.734Z,market,trade,WINFUT,182695.0,2,,,,BTG Pactual CTVM S.A.,AGORA CTVM S/A,,,
2026-03-27T13:15:41.734Z,market,trade,WINFUT,182695.0,1,,,,BTG Pactual CTVM S.A.,BTG Pactual CTVM S.A.,,,
2026-03-27T13:15:41.734Z,market,trade,WINFUT,182695.0,1,,,,BTG Pactual CTVM S.A.,BTG Pactual CTVM S.A.,,,
2026-03-27T13:15:41.734Z,market,trade,WINFUT,182695.0,2,,,,BTG Pactual CTVM S.A.,BTG Pactual CTVM S.A.,,,
2026-03-27T13:15:41.734Z,market,trade,WINFUT,182695.0,1,,,,BTG Pactual CTVM S.A.,BTG Pactual CTVM S.A.,,,
2026-03-27T13:15:41.734Z,market,trade,WINFUT,182695.0,1,,,,BTG Pactual CTVM S.A.,Elliot-Warren,,,
2026-03-27T13:15:41.734Z,market,trade,WINFUT,182695.0,1,,,,BTG Pactual CTVM S.A.,BTG Pactual CTVM S.A.,,,
2026-03-27T13:15:41.734Z,market,trade,WINFUT,182690.0,2,,,,BTG Pactual CTVM S.A.,BTG Pactual CTVM S.A.,,,
2026-03-27T13:15:41.734Z,market,trade,WINFUT,182695.0,4,,,,XP Investimentos CCTVM S/A,BTG Pactual CTVM S.A.,,,
2026-03-27T13:15:41.734Z,market,trade,WINFUT,182695.0,10,,,,XP Investimentos CCTVM S/A,XP Investimentos CCTVM S/A,,,
2026-03-27T13:15:41.734Z,market,trade,WINFUT,182695.0,1,,,,XP Investimentos CCTVM S/A,BTG Pactual CTVM S.A.,,,
2026-03-27T13:15:41.734Z,market,trade,WINFUT,182695.0,5,,,,XP Investimentos CCTVM S/A,ITAU CV S/A,,,
2026-03-27T13:15:41.735Z,market,trade,WINFUT,182695.0,1,,,,XP Investimentos CCTVM S/A,XP Investimentos CCTVM S/A,,,
2026-03-27T13:15:41.735Z,market,trade,WINFUT,182695.0,3,,,,XP Investimentos CCTVM S/A,BTG Pactual CTVM S.A.,,,
2026-03-27T13:15:41.735Z,market,trade,WINFUT,182695.0,2,,,,XP Investimentos CCTVM S/A,SANTANDER CORRETORA DE TITULOS E VALORES MOBILIARIOS S.A.,,,
2026-03-27T13:15:41.735Z,market,trade,WINFUT,182695.0,3,,,,XP Investimentos CCTVM S/A,GENIAL INSTITUCIONAL CCTVM S.A,,,
2026-03-27T13:15:41.735Z,market,trade,WINFUT,182695.0,1,,,,XP Investimentos CCTVM S/A,GENIAL INSTITUCIONAL CCTVM S.A,,,
2026-03-27T13:15:41.735Z,market,trade,WINFUT,182695.0,3,,,,XP Investimentos CCTVM S/A,BTG Pactual CTVM S.A.,,,
2026-03-27T13:15:41.738Z,market,trade,WINFUT,182695.0,60,,,,XP Investimentos CCTVM S/A,XP Investimentos CCTVM S/A,,,
2026-03-27T13:15:41.739Z,market,trade,WINFUT,182695.0,3,,,,XP Investimentos CCTVM S/A,GENIAL INSTITUCIONAL CCTVM S.A,,,
2026-03-27T13:15:41.739Z,market,trade,WINFUT,182695.0,1,,,,XP Investimentos CCTVM S/A,INTER DTVM LTDA,,,
2026-03-27T13:15:41.739Z,market,trade,WINFUT,182695.0,3,,,,XP Investimentos CCTVM S/A,BTG Pactual CTVM S.A.,,,
2026-03-27T13:15:41.739Z,market,trade,WINFUT,182695.0,1,,,,XP Investimentos CCTVM S/A,IDEAL CTVM SA,,,
2026-03-27T13:15:41.739Z,market,trade,WINFUT,182695.0,1,,,,XP Investimentos CCTVM S/A,BTG Pactual CTVM S.A.,,,
2026-03-27T13:15:41.739Z,market,trade,WINFUT,182700.0,1,,,,AGORA CTVM S/A,XP Investimentos CCTVM S/A,,,
2026-03-27T13:15:41.739Z,market,trade,WINFUT,182700.0,2,,,,AGORA CTVM S/A,AGORA CTVM S/A,,,
2026-03-27T13:15:41.739Z,market,trade,WINFUT,182700.0,2,,,,AGORA CTVM S/A,BTG Pactual CTVM S.A.,,,
2026-03-27T13:15:41.739Z,market,trade,WINFUT,182700.0,1,,,,AGORA CTVM S/A,AGORA CTVM S/A,,,
2026-03-27T13:15:41.739Z,market,trade,WINFUT,182700.0,1,,,,AGORA CTVM S/A,XP Investimentos CCTVM S/A,,,
2026-03-27T13:15:41.739Z,market,trade,WINFUT,182700.0,1,,,,AGORA CTVM S/A,XP Investimentos CCTVM S/A,,,
2026-03-27T13:15:41.739Z,market,trade,WINFUT,182700.0,1,,,,AGORA CTVM S/A,BTG Pactual CTVM S.A.,,,
2026-03-27T13:15:41.739Z,market,trade,WINFUT,182700.0,1,,,,AGORA CTVM S/A,Elliot-Warren,,,
2026-03-27T13:15:41.739Z,market,trade,WINFUT,182700.0,1,,,,AGORA CTVM S/A,NOVA FUTURA CTVM LTDA,,,
2026-03-27T13:15:41.739Z,market,trade,WINFUT,182700.0,1,,,,AGORA CTVM S/A,NOVA FUTURA CTVM LTDA,,,
2026-03-27T13:15:41.739Z,market,trade,WINFUT,182700.0,1,,,,AGORA CTVM S/A,NOVA FUTURA CTVM LTDA,,,
2026-03-27T13:15:41.739Z,market,trade,WINFUT,182700.0,1,,,,AGORA CTVM S/A,SANTANDER CORRETORA DE TITULOS E VALORES MOBILIARIOS S.A.,,,
2026-03-27T13:15:41.739Z,market,trade,WINFUT,182700.0,2,,,,AGORA CTVM S/A,SANTANDER CORRETORA DE TITULOS E VALORES MOBILIARIOS S.A.,,,
2026-03-27T13:15:41.739Z,market,trade,WINFUT,182700.0,1,,,,AGORA CTVM S/A,XP Investimentos CCTVM S/A,,,
2026-03-27T13:15:41.739Z,market,trade,WINFUT,182700.0,1,,,,AGORA CTVM S/A,XP Investimentos CCTVM S/A,,,
2026-03-27T13:15:41.739Z,market,trade,WINFUT,182700.0,1,,,,AGORA CTVM S/A,BTG Pactual CTVM S.A.,,,
2026-03-27T13:15:41.739Z,market,trade,WINFUT,182700.0,1,,,,AGORA CTVM S/A,BTG Pactual CTVM S.A.,,,
2026-03-27T13:15:41.739Z,market,trade,WINFUT,182700.0,10,,,,AGORA CTVM S/A,INTER DTVM LTDA,,,
2026-03-27T13:15:41.739Z,market,trade,WINFUT,182700.0,1,,,,AGORA CTVM S/A,XP Investimentos CCTVM S/A,,,
2026-03-27T13:15:41.739Z,market,trade,WINFUT,182700.0,1,,,,AGORA CTVM S/A,XP Investimentos CCTVM S/A,,,
2026-03-27T13:15:41.740Z,market,trade,WINFUT,182700.0,1,,,,AGORA CTVM S/A,XP Investimentos CCTVM S/A,,,
2026-03-27T13:15:41.740Z,market,trade,WINFUT,182700.0,1,,,,BTG Pactual CTVM S.A.,SANTANDER CORRETORA DE TITULOS E VALORES MOBILIARIOS S.A.,,,
2026-03-27T13:15:41.740Z,market,trade,WINFUT,182700.0,1,,,,BTG Pactual CTVM S.A.,BTG Pactual CTVM S.A.,,,
2026-03-27T13:15:41.740Z,market,trade,WINFUT,182700.0,6,,,,BTG Pactual CTVM S.A.,BTG Pactual CTVM S.A.,,,
2026-03-27T13:15:41.740Z,market,trade,WINFUT,182700.0,1,,,,XP Investimentos CCTVM S/A,XP Investimentos CCTVM S/A,,,
2026-03-27T13:15:41.740Z,market,trade,WINFUT,182700.0,3,,,,XP Investimentos CCTVM S/A,XP Investimentos CCTVM S/A,,,
2026-03-27T13:15:41.740Z,market,trade,WINFUT,182700.0,1,,,,XP Investimentos CCTVM S/A,XP Investimentos CCTVM S/A,,,
2026-03-27T13:15:41.740Z,market,trade,WINFUT,182700.0,1,,,,XP Investimentos CCTVM S/A,XP Investimentos CCTVM S/A,,,
2026-03-27T13:15:41.740Z,market,trade,WINFUT,182700.0,1,,,,XP Investimentos CCTVM S/A,XP Investimentos CCTVM S/A,,,
2026-03-27T13:15:41.740Z,market,trade,WINFUT,182700.0,1,,,,XP Investimentos CCTVM S/A,XP Investimentos CCTVM S/A,,,
2026-03-27T13:15:41.740Z,market,trade,WINFUT,182700.0,1,,,,XP Investimentos CCTVM S/A,BTG Pactual CTVM S.A.,,,
2026-03-27T13:15:41.740Z,market,trade,WINFUT,182700.0,1,,,,XP Investimentos CCTVM S/A,BTG Pactual CTVM S.A.,,,
2026-03-27T13:15:41.740Z,market,trade,WINFUT,182700.0,1,,,,XP Investimentos CCTVM S/A,XP Investimentos CCTVM S/A,,,
2026-03-27T13:15:41.740Z,market,trade,WINFUT,182700.0,1,,,,ITAU CV S/A,ITAU CV S/A,,,
2026-03-27T13:15:41.740Z,market,trade,WINFUT,182700.0,1,,,,BTG Pactual CTVM S.A.,BTG Pactual CTVM S.A.,,,
2026-03-27T13:15:41.740Z,market,trade,WINFUT,182700.0,1,,,,TERRA INVESTIMENTOS DTVM LTDA,BTG Pactual CTVM S.A.,,,
2026-03-27T13:15:41.740Z,market,trade,WINFUT,182700.0,1,,,,XP Investimentos CCTVM S/A,XP Investimentos CCTVM S/A,,,
2026-03-27T13:15:41.740Z,market,trade,WINFUT,182700.0,1,,,,BTG Pactual CTVM S.A.,BTG Pactual CTVM S.A.,,,
2026-03-27T13:15:41.740Z,market,trade,WINFUT,182700.0,1,,,,GENIAL INSTITUCIONAL CCTVM S.A,GENIAL INSTITUCIONAL CCTVM S.A,,,
2026-03-27T13:15:41.740Z,market,trade,WINFUT,182700.0,1,,,,GENIAL INSTITUCIONAL CCTVM S.A,XP Investimentos CCTVM S/A,,,
2026-03-27T13:15:41.740Z,market,trade,WINFUT,182700.0,1,,,,GENIAL INSTITUCIONAL CCTVM S.A,BTG Pactual CTVM S.A.,,,
2026-03-27T13:15:41.740Z,market,trade,WINFUT,182700.0,1,,,,GENIAL INSTITUCIONAL CCTVM S.A,GENIAL INSTITUCIONAL CCTVM S.A,,,
2026-03-27T13:15:41.740Z,market,trade,WINFUT,182700.0,2,,,,TERRA INVESTIMENTOS DTVM LTDA,GENIAL INSTITUCIONAL CCTVM S.A,,,
2026-03-27T13:15:41.740Z,market,trade,WINFUT,182700.0,3,,,,TERRA INVESTIMENTOS DTVM LTDA,BTG Pactual CTVM S.A.,,,
2026-03-27T13:15:41.740Z,market,trade,WINFUT,182700.0,1,,,,IDEAL CTVM SA,BTG Pactual CTVM S.A.,,,
2026-03-27T13:15:41.740Z,market,trade,WINFUT,182700.0,1,,,,IDEAL CTVM SA,XP Investimentos CCTVM S/A,,,
2026-03-27T13:15:41.740Z,market,trade,WINFUT,182700.0,4,,,,BTG Pactual CTVM S.A.,UBS BRASIL CCTVM S/A,,,
2026-03-27T13:15:41.741Z,market,trade,WINFUT,182700.0,3,,,,UBS BRASIL CCTVM S/A,UBS BRASIL CCTVM S/A,,,
2026-03-27T13:15:41.741Z,market,trade,WINFUT,182700.0,1,,,,BTG Pactual CTVM S.A.,UBS BRASIL CCTVM S/A,,,
2026-03-27T13:15:41.741Z,market,trade,WINFUT,182700.0,2,,,,GENIAL INSTITUCIONAL CCTVM S.A,UBS BRASIL CCTVM S/A,,,
2026-03-27T13:15:41.741Z,market,trade,WINFUT,182700.0,1,,,,BTG Pactual CTVM S.A.,BTG Pactual CTVM S.A.,,,
2026-03-27T13:15:41.741Z,market,trade,WINFUT,182695.0,8,,,,BTG Pactual CTVM S.A.,BTG Pactual CTVM S.A.,,,
2026-03-27T13:15:41.741Z,market,trade,WINFUT,182695.0,1,,,,XP Investimentos CCTVM S/A,TERRA INVESTIMENTOS DTVM LTDA,,,
2026-03-27T13:15:41.741Z,market,trade,WINFUT,182695.0,2,,,,XP Investimentos CCTVM S/A,TERRA INVESTIMENTOS DTVM LTDA,,,
2026-03-27T13:15:41.741Z,market,trade,WINFUT,182695.0,3,,,,XP Investimentos CCTVM S/A,IDEAL CTVM SA,,,
2026-03-27T13:15:41.741Z,market,trade,WINFUT,182695.0,1,,,,IDEAL CTVM SA,IDEAL CTVM SA,,,
2026-03-27T13:15:41.741Z,market,trade,WINFUT,182695.0,1,,,,BTG Pactual CTVM S.A.,IDEAL CTVM SA,,,
2026-03-27T13:15:41.741Z,market,trade,WINFUT,182695.0,4,,,,UBS BRASIL CCTVM S/A,IDEAL CTVM SA,,,
2026-03-27T13:15:41.741Z,market,trade,WINFUT,182695.0,1,,,,AGORA CTVM S/A,IDEAL CTVM SA,,,
2026-03-27T13:15:41.741Z,market,trade,WINFUT,182695.0,5,,,,AGORA CTVM S/A,IDEAL CTVM SA,,,
2026-03-27T13:15:41.864Z,market,trade,WINFUT,182695.0,4,,,,BTG Pactual CTVM S.A.,IDEAL CTVM SA,,,
2026-03-27T13:15:41.864Z,market,trade,WINFUT,182695.0,1,,,,BTG Pactual CTVM S.A.,IDEAL CTVM SA,,,
2026-03-27T13:15:41.864Z,market,trade,WINFUT,182695.0,1,,,,GENIAL INSTITUCIONAL CCTVM S.A,IDEAL CTVM SA,,,
2026-03-27T13:15:41.864Z,market,trade,WINFUT,182695.0,3,,,,GENIAL INSTITUCIONAL CCTVM S.A,IDEAL CTVM SA,,,
2026-03-27T13:15:41.865Z,market,trade,WINFUT,182695.0,1,,,,BTG Pactual CTVM S.A.,IDEAL CTVM SA,,,
2026-03-27T13:15:41.865Z,market,trade,WINFUT,182695.0,3,,,,GENIAL INSTITUCIONAL CCTVM S.A,IDEAL CTVM SA,,,
2026-03-27T13:15:41.865Z,market,trade,WINFUT,182695.0,1,,,,XP Investimentos CCTVM S/A,IDEAL CTVM SA,,,
2026-03-27T13:15:41.865Z,market,trade,WINFUT,182695.0,1,,,,BTG Pactual CTVM S.A.,IDEAL CTVM SA,,,
2026-03-27T13:15:41.866Z,market,trade,WINFUT,182695.0,2,,,,XP Investimentos CCTVM S/A,XP Investimentos CCTVM S/A,,,
2026-03-27T13:15:41.867Z,market,trade,WINFUT,182695.0,1,,,,XP Investimentos CCTVM S/A,XP Investimentos CCTVM S/A,,,
2026-03-27T13:15:41.867Z,market,trade,WINFUT,182695.0,1,,,,IDEAL CTVM SA,IDEAL CTVM SA,,,
2026-03-27T13:15:41.867Z,market,trade,WINFUT,182695.0,1,,,,IDEAL CTVM SA,BTG Pactual CTVM S.A.,,,
2026-03-27T13:15:42.033Z,market,trade,WINFUT,182695.0,10,,,,GENIAL INSTITUCIONAL CCTVM S.A,IDEAL CTVM SA,,,
2026-03-27T13:15:42.033Z,market,trade,WINFUT,182695.0,1,,,,BTG Pactual CTVM S.A.,IDEAL CTVM SA,,,
2026-03-27T13:15:42.033Z,market,trade,WINFUT,182695.0,2,,,,IDEAL CTVM SA,IDEAL CTVM SA,,,
2026-03-27T13:15:42.033Z,market,trade,WINFUT,182695.0,2,,,,GENIAL INSTITUCIONAL CCTVM S.A,IDEAL CTVM SA,,,
2026-03-27T13:15:42.033Z,market,trade,WINFUT,182695.0,5,,,,XP Investimentos CCTVM S/A,XP Investimentos CCTVM S/A,,,
2026-03-27T13:15:42.033Z,market,trade,WINFUT,182700.0,1,,,,XP Investimentos CCTVM S/A,UBS BRASIL CCTVM S/A,,,
2026-03-27T13:15:42.089Z,market,trade,WINFUT,182700.0,2,,,,SANTANDER CORRETORA DE TITULOS E VALORES MOBILIARIOS S.A.,SANTANDER CORRETORA DE TITULOS E VALORES MOBILIARIOS S.A.,,,
2026-03-27T13:15:42.089Z,market,trade,WINFUT,182700.0,1,,,,SANTANDER CORRETORA DE TITULOS E VALORES MOBILIARIOS S.A.,SANTANDER CORRETORA DE TITULOS E VALORES MOBILIARIOS S.A.,,,
2026-03-27T13:15:42.090Z,market,trade,WINFUT,182700.0,2,,,,GENIAL INSTITUCIONAL CCTVM S.A,UBS BRASIL CCTVM S/A,,,
2026-03-27T13:15:42.090Z,market,trade,WINFUT,182695.0,1,,,,GENIAL INSTITUCIONAL CCTVM S.A,SANTANDER CORRETORA DE TITULOS E VALORES MOBILIARIOS S.A.,,,
2026-03-27T13:15:42.090Z,market,trade,WINFUT,182700.0,1,,,,Elliot-Warren,Elliot-Warren,,,
2026-03-27T13:15:42.090Z,market,trade,WINFUT,182695.0,1,,,,GENIAL INSTITUCIONAL CCTVM S.A,SANTANDER CORRETORA DE TITULOS E VALORES MOBILIARIOS S.A.,,,
2026-03-27T13:15:42.179Z,market,trade,WINFUT,182700.0,2,,,,CM Capital Markets CCTVM LTDA,CM Capital Markets CCTVM LTDA,,,
2026-03-27T13:15:42.179Z,market,trade,WINFUT,182695.0,1,,,,BTG Pactual CTVM S.A.,BTG Pactual CTVM S.A.,,,
2026-03-27T13:15:42.324Z,market,trade,WINFUT,182695.0,1,,,,GENIAL INSTITUCIONAL CCTVM S.A,GENIAL INSTITUCIONAL CCTVM S.A,,,
2026-03-27T13:15:42.325Z,market,trade,WINFUT,182700.0,2,,,,BTG Pactual CTVM S.A.,BTG Pactual CTVM S.A.,,,
2026-03-27T13:15:42.325Z,market,trade,WINFUT,182700.0,3,,,,XP Investimentos CCTVM S/A,XP Investimentos CCTVM S/A,,,
2026-03-27T13:15:42.325Z,market,trade,WINFUT,182695.0,3,,,,GENIAL INSTITUCIONAL CCTVM S.A,GENIAL INSTITUCIONAL CCTVM S.A,,,
2026-03-27T13:15:42.325Z,market,trade,WINFUT,182695.0,1,,,,BTG Pactual CTVM S.A.,Elliot-Warren,,,
2026-03-27T13:15:42.325Z,market,trade,WINFUT,182695.0,5,,,,GENIAL INSTITUCIONAL CCTVM S.A,Elliot-Warren,,,
2026-03-27T13:15:42.325Z,market,trade,WINFUT,182695.0,3,,,,GENIAL INSTITUCIONAL CCTVM S.A,Elliot-Warren,,,
2026-03-27T13:15:42.325Z,market,trade,WINFUT,182695.0,1,,,,XP Investimentos CCTVM S/A,Elliot-Warren,,,
2026-03-27T13:15:42.325Z,market,trade,WINFUT,182695.0,5,,,,XP Investimentos CCTVM S/A,Elliot-Warren,,,
2026-03-27T13:15:42.325Z,market,trade,WINFUT,182695.0,1,,,,BTG Pactual CTVM S.A.,Elliot-Warren,,,
2026-03-27T13:15:42.325Z,market,trade,WINFUT,182695.0,4,,,,BTG Pactual CTVM S.A.,Elliot-Warren,,,
2026-03-27T13:15:42.325Z,market,trade,WINFUT,182695.0,1,,,,IDEAL CTVM SA,SANTANDER CORRETORA DE TITULOS E VALORES MOBILIARIOS S.A.,,,
2026-03-27T13:15:42.396Z,market,trade,WINFUT,182700.0,1,,,,SANTANDER CORRETORA DE TITULOS E VALORES MOBILIARIOS S.A.,SANTANDER CORRETORA DE TITULOS E VALORES MOBILIARIOS S.A.,,,
2026-03-27T13:15:42.426Z,market,trade,WINFUT,182700.0,1,,,,XP Investimentos CCTVM S/A,XP Investimentos CCTVM S/A,,,
2026-03-27T13:15:42.426Z,market,trade,WINFUT,182700.0,1,,,,XP Investimentos CCTVM S/A,XP Investimentos CCTVM S/A,,,
2026-03-27T13:15:42.427Z,market,trade,WINFUT,182700.0,5,,,,GENIAL INSTITUCIONAL CCTVM S.A,GENIAL INSTITUCIONAL CCTVM S.A,,,
2026-03-27T13:15:42.427Z,market,trade,WINFUT,182700.0,1,,,,NOVA FUTURA CTVM LTDA,NOVA FUTURA CTVM LTDA,,,
2026-03-27T13:15:42.427Z,market,trade,WINFUT,182700.0,1,,,,XP Investimentos CCTVM S/A,XP Investimentos CCTVM S/A,,,
2026-03-27T13:15:42.427Z,market,trade,WINFUT,182700.0,3,,,,XP Investimentos CCTVM S/A,XP Investimentos CCTVM S/A,,,
2026-03-27T13:15:42.427Z,market,trade,WINFUT,182700.0,11,,,,BTG Pactual CTVM S.A.,BTG Pactual CTVM S.A.,,,
2026-03-27T13:15:42.427Z,market,trade,WINFUT,182700.0,5,,,,BTG Pactual CTVM S.A.,UBS BRASIL CCTVM S/A,,,
2026-03-27T13:15:42.427Z,market,trade,WINFUT,182700.0,11,,,,BTG Pactual CTVM S.A.,IDEAL CTVM SA,,,
2026-03-27T13:15:42.427Z,market,trade,WINFUT,182700.0,1,,,,BTG Pactual CTVM S.A.,BTG Pactual CTVM S.A.,,,
2026-03-27T13:15:42.427Z,market,trade,WINFUT,182700.0,1,,,,BTG Pactual CTVM S.A.,AGORA CTVM S/A,,,
2026-03-27T13:15:42.427Z,market,trade,WINFUT,182700.0,1,,,,BTG Pactual CTVM S.A.,BTG Pactual CTVM S.A.,,,
2026-03-27T13:15:42.427Z,market,trade,WINFUT,182700.0,1,,,,SANTANDER CORRETORA DE TITULOS E VALORES MOBILIARIOS S.A.,SANTANDER CORRETORA DE TITULOS E VALORES MOBILIARIOS S.A.,,,
2026-03-27T13:15:42.427Z,market,trade,WINFUT,182695.0,1,,,,BTG Pactual CTVM S.A.,XP Investimentos CCTVM S/A,,,
2026-03-27T13:15:42.427Z,market,trade,WINFUT,182695.0,3,,,,UBS BRASIL CCTVM S/A,XP Investimentos CCTVM S/A,,,
2026-03-27T13:15:42.427Z,market,trade,WINFUT,182695.0,5,,,,XP Investimentos CCTVM S/A,UBS BRASIL CCTVM S/A,,,
2026-03-27T13:15:42.427Z,market,trade,WINFUT,182695.0,1,,,,BTG Pactual CTVM S.A.,UBS BRASIL CCTVM S/A,,,
2026-03-27T13:15:42.428Z,market,trade,WINFUT,182695.0,1,,,,XP Investimentos CCTVM S/A,UBS BRASIL CCTVM S/A,,,
2026-03-27T13:15:42.428Z,market,trade,WINFUT,182695.0,11,,,,UBS BRASIL CCTVM S/A,UBS BRASIL CCTVM S/A,,,
2026-03-27T13:15:42.518Z,market,trade,WINFUT,182695.0,1,,,,GENIAL INSTITUCIONAL CCTVM S.A,IDEAL CTVM SA,,,
2026-03-27T13:15:42.675Z,market,trade,WINFUT,182695.0,1,,,,XP Investimentos CCTVM S/A,XP Investimentos CCTVM S/A,,,
2026-03-27T13:15:42.676Z,market,trade,WINFUT,182695.0,1,,,,MORGAN STANLEY CTVM S/A,IDEAL CTVM SA,,,
2026-03-27T13:15:42.676Z,market,trade,WINFUT,182695.0,1,,,,IDEAL CTVM SA,BTG Pactual CTVM S.A.,,,
2026-03-27T13:15:42.676Z,market,trade,WINFUT,182695.0,2,,,,IDEAL CTVM SA,AGORA CTVM S/A,,,
2026-03-27T13:15:42.676Z,market,trade,WINFUT,182700.0,1,,,,BTG Pactual CTVM S.A.,BTG Pactual CTVM S.A.,,,
2026-03-27T13:15:42.676Z,market,trade,WINFUT,182700.0,1,,,,BTG Pactual CTVM S.A.,BTG Pactual CTVM S.A.,,,
2026-03-27T13:15:42.676Z,market,trade,WINFUT,182705.0,1,,,,BTG Pactual CTVM S.A.,XP Investimentos CCTVM S/A,,,
2026-03-27T13:15:42.676Z,market,trade,WINFUT,182705.0,1,,,,GENIAL INSTITUCIONAL CCTVM S.A,XP Investimentos CCTVM S/A,,,
2026-03-27T13:15:42.677Z,market,trade,WINFUT,182705.0,1,,,,Elliot-Warren,IDEAL CTVM SA,,,
2026-03-27T13:15:42.677Z,market,trade,WINFUT,182705.0,1,,,,GENIAL INSTITUCIONAL CCTVM S.A,IDEAL CTVM SA,,,
2026-03-27T13:15:42.677Z,market,trade,WINFUT,182705.0,5,,,,GENIAL INSTITUCIONAL CCTVM S.A,IDEAL CTVM SA,,,
2026-03-27T13:15:42.677Z,market,trade,WINFUT,182700.0,2,,,,BTG Pactual CTVM S.A.,BTG Pactual CTVM S.A.,,,
2026-03-27T13:15:42.677Z,market,trade,WINFUT,182700.0,1,,,,BTG Pactual CTVM S.A.,BTG Pactual CTVM S.A.,,,
2026-03-27T13:15:42.677Z,market,trade,WINFUT,182700.0,5,,,,BTG Pactual CTVM S.A.,BTG Pactual CTVM S.A.,,,
2026-03-27T13:15:42.677Z,market,trade,WINFUT,182705.0,1,,,,GENIAL INSTITUCIONAL CCTVM S.A,IDEAL CTVM SA,,,
2026-03-27T13:15:42.677Z,market,trade,WINFUT,182695.0,1,,,,IDEAL CTVM SA,GENIAL INSTITUCIONAL CCTVM S.A,,,
2026-03-27T13:15:42.677Z,market,trade,WINFUT,182700.0,4,,,,XP Investimentos CCTVM S/A,XP Investimentos CCTVM S/A,,,
2026-03-27T13:15:42.677Z,market,trade,WINFUT,182700.0,10,,,,XP Investimentos CCTVM S/A,XP Investimentos CCTVM S/A,,,
2026-03-27T13:15:42.677Z,market,trade,WINFUT,182700.0,1,,,,XP Investimentos CCTVM S/A,AGORA CTVM S/A,,,
2026-03-27T13:15:42.677Z,market,trade,WINFUT,182700.0,2,,,,XP Investimentos CCTVM S/A,AGORA CTVM S/A,,,
2026-03-27T13:15:42.677Z,market,trade,WINFUT,182700.0,3,,,,BTG Pactual CTVM S.A.,AGORA CTVM S/A,,,
2026-03-27T13:15:42.677Z,market,trade,WINFUT,182700.0,3,,,,BTG Pactual CTVM S.A.,IDEAL CTVM SA,,,
2026-03-27T13:15:42.677Z,market,trade,WINFUT,182700.0,1,,,,BTG Pactual CTVM S.A.,IDEAL CTVM SA,,,
2026-03-27T13:15:42.677Z,market,trade,WINFUT,182700.0,1,,,,BTG Pactual CTVM S.A.,BTG Pactual CTVM S.A.,,,
2026-03-27T13:15:42.677Z,market,trade,WINFUT,182700.0,1,,,,XP Investimentos CCTVM S/A,XP Investimentos CCTVM S/A,,,
2026-03-27T13:15:42.881Z,market,trade,WINFUT,182705.0,1,,,,GENIAL INSTITUCIONAL CCTVM S.A,IDEAL CTVM SA,,,
2026-03-27T13:15:42.881Z,market,trade,WINFUT,182705.0,1,,,,SANTANDER CORRETORA DE TITULOS E VALORES MOBILIARIOS S.A.,SANTANDER CORRETORA DE TITULOS E VALORES MOBILIARIOS S.A.,,,
2026-03-27T13:15:42.882Z,market,trade,WINFUT,182700.0,1,,,,IDEAL CTVM SA,GOLDMAN SACHS DO BRASIL CTVM,,,
2026-03-27T13:15:42.915Z,market,trade,WINFUT,182705.0,2,,,,SANTANDER CORRETORA DE TITULOS E VALORES MOBILIARIOS S.A.,SANTANDER CORRETORA DE TITULOS E VALORES MOBILIARIOS S.A.,,,
2026-03-27T13:15:42.915Z,market,trade,WINFUT,182705.0,1,,,,SANTANDER CORRETORA DE TITULOS E VALORES MOBILIARIOS S.A.,SANTANDER CORRETORA DE TITULOS E VALORES MOBILIARIOS S.A.,,,
2026-03-27T13:15:42.915Z,market,trade,WINFUT,182705.0,1,,,,GENIAL INSTITUCIONAL CCTVM S.A,IDEAL CTVM SA,,,
2026-03-27T13:15:42.915Z,market,trade,WINFUT,182705.0,1,,,,SANTANDER CORRETORA DE TITULOS E VALORES MOBILIARIOS S.A.,SANTANDER CORRETORA DE TITULOS E VALORES MOBILIARIOS S.A.,,,
2026-03-27T13:15:42.915Z,market,trade,WINFUT,182705.0,1,,,,BTG Pactual CTVM S.A.,BTG Pactual CTVM S.A.,,,
2026-03-27T13:15:42.915Z,market,trade,WINFUT,182705.0,1,,,,XP Investimentos CCTVM S/A,XP Investimentos CCTVM S/A,,,
2026-03-27T13:15:42.915Z,market,trade,WINFUT,182705.0,1,,,,BTG Pactual CTVM S.A.,BTG Pactual CTVM S.A.,,,
2026-03-27T13:15:42.915Z,market,trade,WINFUT,182705.0,1,,,,BTG Pactual CTVM S.A.,BTG Pactual CTVM S.A.,,,
2026-03-27T13:15:42.915Z,market,trade,WINFUT,182700.0,2,,,,IDEAL CTVM SA,BTG Pactual CTVM S.A.,,,
2026-03-27T13:15:43.024Z,market,trade,WINFUT,182705.0,5,,,,CM Capital Markets CCTVM LTDA,CM Capital Markets CCTVM LTDA,,,
2026-03-27T13:15:43.024Z,market,trade,WINFUT,182705.0,1,,,,GENIAL INSTITUCIONAL CCTVM S.A,GENIAL INSTITUCIONAL CCTVM S.A,,,
2026-03-27T13:15:43.104Z,market,trade,WINFUT,182705.0,2,,,,GENIAL INSTITUCIONAL CCTVM S.A,GENIAL INSTITUCIONAL CCTVM S.A,,,
2026-03-27T13:15:43.104Z,market,trade,WINFUT,182700.0,2,,,,XP Investimentos CCTVM S/A,XP Investimentos CCTVM S/A,,,
2026-03-27T13:15:43.104Z,market,trade,WINFUT,182700.0,2,,,,UBS BRASIL CCTVM S/A,GENIAL INSTITUCIONAL CCTVM S.A,,,
2026-03-27T13:15:43.142Z,market,trade,WINFUT,182700.0,3,,,,XP Investimentos CCTVM S/A,XP Investimentos CCTVM S/A,,,
2026-03-27T13:15:43.142Z,market,trade,WINFUT,182705.0,10,,,,XP Investimentos CCTVM S/A,XP Investimentos CCTVM S/A,,,
2026-03-27T13:15:43.143Z,market,trade,WINFUT,182705.0,5,,,,BTG Pactual CTVM S.A.,BTG Pactual CTVM S.A.,,,
2026-03-27T13:15:43.143Z,market,trade,WINFUT,182705.0,1,,,,XP Investimentos CCTVM S/A,XP Investimentos CCTVM S/A,,,
2026-03-27T13:15:43.143Z,market,trade,WINFUT,182705.0,1,,,,XP Investimentos CCTVM S/A,XP Investimentos CCTVM S/A,,,
2026-03-27T13:15:43.143Z,market,trade,WINFUT,182700.0,1,,,,XP Investimentos CCTVM S/A,XP Investimentos CCTVM S/A,,,
2026-03-27T13:15:43.143Z,market,trade,WINFUT,182705.0,1,,,,SANTANDER CORRETORA DE TITULOS E VALORES MOBILIARIOS S.A.,IDEAL CTVM SA,,,
2026-03-27T13:15:43.143Z,market,trade,WINFUT,182705.0,9,,,,SANTANDER CORRETORA DE TITULOS E VALORES MOBILIARIOS S.A.,IDEAL CTVM SA,,,
2026-03-27T13:15:43.143Z,market,trade,WINFUT,182705.0,5,,,,SANTANDER CORRETORA DE TITULOS E VALORES MOBILIARIOS S.A.,SANTANDER CORRETORA DE TITULOS E VALORES MOBILIARIOS S.A.,,,
2026-03-27T13:15:43.143Z,market,trade,WINFUT,182705.0,1,,,,BTG Pactual CTVM S.A.,BTG Pactual CTVM S.A.,,,
2026-03-27T13:15:43.143Z,market,trade,WINFUT,182700.0,1,,,,XP Investimentos CCTVM S/A,XP Investimentos CCTVM S/A,,,
2026-03-27T13:15:43.143Z,market,trade,WINFUT,182700.0,3,,,,XP Investimentos CCTVM S/A,XP Investimentos CCTVM S/A,,,
2026-03-27T13:15:43.323Z,market,trade,WINFUT,182705.0,1,,,,GENIAL INSTITUCIONAL CCTVM S.A,GENIAL INSTITUCIONAL CCTVM S.A,,,
2026-03-27T13:15:43.324Z,market,trade,WINFUT,182705.0,1,,,,GENIAL INSTITUCIONAL CCTVM S.A,GENIAL INSTITUCIONAL CCTVM S.A,,,
2026-03-27T13:15:43.324Z,market,trade,WINFUT,182705.0,1,,,,Elliot-Warren,Elliot-Warren,,,
2026-03-27T13:15:43.324Z,market,trade,WINFUT,182705.0,1,,,,NOVA FUTURA CTVM LTDA,NOVA FUTURA CTVM LTDA,,,
2026-03-27T13:15:43.324Z,market,trade,WINFUT,182705.0,5,,,,INTER DTVM LTDA,INTER DTVM LTDA,,,
2026-03-27T13:15:43.324Z,market,trade,WINFUT,182700.0,2,,,,UBS BRASIL CCTVM S/A,AGORA CTVM S/A,,,
2026-03-27T13:15:43.324Z,market,trade,WINFUT,182700.0,1,,,,BTG Pactual CTVM S.A.,AGORA CTVM S/A,,,
2026-03-27T13:15:43.325Z,market,trade,WINFUT,182700.0,1,,,,BTG Pactual CTVM S.A.,AGORA CTVM S/A,,,
2026-03-27T13:15:43.325Z,market,trade,WINFUT,182700.0,1,,,,BTG Pactual CTVM S.A.,AGORA CTVM S/A,,,
2026-03-27T13:15:43.334Z,market,trade,WINFUT,182700.0,2,,,,CM Capital Markets CCTVM LTDA,CM Capital Markets CCTVM LTDA,,,
2026-03-27T13:15:43.334Z,market,trade,WINFUT,182695.0,1,,,,XP Investimentos CCTVM S/A,SANTANDER CORRETORA DE TITULOS E VALORES MOBILIARIOS S.A.,,,
2026-03-27T13:15:43.334Z,market,trade,WINFUT,182700.0,5,,,,GENIAL INSTITUCIONAL CCTVM S.A,UBS BRASIL CCTVM S/A,,,
2026-03-27T13:15:43.334Z,market,trade,WINFUT,182700.0,3,,,,GENIAL INSTITUCIONAL CCTVM S.A,IDEAL CTVM SA,,,
2026-03-27T13:15:43.376Z,market,trade,WINFUT,182700.0,2,,,,SANTANDER CORRETORA DE TITULOS E VALORES MOBILIARIOS S.A.,IDEAL CTVM SA,,,
2026-03-27T13:15:43.376Z,market,trade,WINFUT,182695.0,1,,,,XP Investimentos CCTVM S/A,XP Investimentos CCTVM S/A,,,
2026-03-27T13:15:43.399Z,market,trade,WINFUT,182700.0,10,,,,XP Investimentos CCTVM S/A,XP Investimentos CCTVM S/A,,,
2026-03-27T13:15:43.399Z,market,trade,WINFUT,182695.0,2,,,,XP Investimentos CCTVM S/A,XP Investimentos CCTVM S/A,,,
2026-03-27T13:15:43.399Z,market,trade,WINFUT,182700.0,2,,,,XP Investimentos CCTVM S/A,XP Investimentos CCTVM S/A,,,
2026-03-27T13:15:43.399Z,market,trade,WINFUT,182700.0,1,,,,XP Investimentos CCTVM S/A,XP Investimentos CCTVM S/A,,,
2026-03-27T13:15:43.399Z,market,trade,WINFUT,182700.0,1,,,,SANTANDER CORRETORA DE TITULOS E VALORES MOBILIARIOS S.A.,IDEAL CTVM SA,,,
2026-03-27T13:15:43.399Z,market,trade,WINFUT,182695.0,3,,,,XP Investimentos CCTVM S/A,UBS BRASIL CCTVM S/A,,,
2026-03-27T13:15:43.399Z,market,trade,WINFUT,182695.0,10,,,,GENIAL INSTITUCIONAL CCTVM S.A,UBS BRASIL CCTVM S/A,,,
2026-03-27T13:15:43.399Z,market,trade,WINFUT,182695.0,1,,,,BTG Pactual CTVM S.A.,UBS BRASIL CCTVM S/A,,,
2026-03-27T13:15:43.399Z,market,trade,WINFUT,182695.0,1,,,,BTG Pactual CTVM S.A.,UBS BRASIL CCTVM S/A,,,
2026-03-27T13:15:43.400Z,market,trade,WINFUT,182695.0,1,,,,BTG Pactual CTVM S.A.,UBS BRASIL CCTVM S/A,,,
2026-03-27T13:15:43.400Z,market,trade,WINFUT,182690.0,5,,,,XP Investimentos CCTVM S/A,UBS BRASIL CCTVM S/A,,,
2026-03-27T13:15:43.400Z,market,trade,WINFUT,182690.0,11,,,,IDEAL CTVM SA,UBS BRASIL CCTVM S/A,,,
2026-03-27T13:15:43.400Z,market,trade,WINFUT,182690.0,11,,,,IDEAL CTVM SA,UBS BRASIL CCTVM S/A,,,
2026-03-27T13:15:43.400Z,market,trade,WINFUT,182690.0,1,,,,XP Investimentos CCTVM S/A,UBS BRASIL CCTVM S/A,,,
2026-03-27T13:15:43.400Z,market,trade,WINFUT,182690.0,5,,,,XP Investimentos CCTVM S/A,UBS BRASIL CCTVM S/A,,,
2026-03-27T13:15:43.400Z,market,trade,WINFUT,182690.0,5,,,,IDEAL CTVM SA,UBS BRASIL CCTVM S/A,,,
2026-03-27T13:15:43.400Z,market,trade,WINFUT,182690.0,1,,,,XP Investimentos CCTVM S/A,UBS BRASIL CCTVM S/A,,,
2026-03-27T13:15:43.458Z,market,trade,WINFUT,182690.0,1,,,,BTG Pactual CTVM S.A.,UBS BRASIL CCTVM S/A,,,
2026-03-27T13:15:43.459Z,market,trade,WINFUT,182690.0,1,,,,BTG Pactual CTVM S.A.,UBS BRASIL CCTVM S/A,,,
2026-03-27T13:15:43.459Z,market,trade,WINFUT,182690.0,1,,,,XP Investimentos CCTVM S/A,UBS BRASIL CCTVM S/A,,,
2026-03-27T13:15:43.459Z,market,trade,WINFUT,182690.0,4,,,,BTG Pactual CTVM S.A.,UBS BRASIL CCTVM S/A,,,
2026-03-27T13:15:43.459Z,market,trade,WINFUT,182690.0,1,,,,XP Investimentos CCTVM S/A,UBS BRASIL CCTVM S/A,,,
2026-03-27T13:15:43.459Z,market,trade,WINFUT,182690.0,5,,,,IDEAL CTVM SA,UBS BRASIL CCTVM S/A,,,
2026-03-27T13:15:43.459Z,market,trade,WINFUT,182690.0,5,,,,IDEAL CTVM SA,UBS BRASIL CCTVM S/A,,,
2026-03-27T13:15:43.459Z,market,trade,WINFUT,182690.0,6,,,,BTG Pactual CTVM S.A.,UBS BRASIL CCTVM S/A,,,
2026-03-27T13:15:43.459Z,market,trade,WINFUT,182690.0,2,,,,BTG Pactual CTVM S.A.,UBS BRASIL CCTVM S/A,,,
2026-03-27T13:15:43.459Z,market,trade,WINFUT,182690.0,1,,,,BTG Pactual CTVM S.A.,UBS BRASIL CCTVM S/A,,,
2026-03-27T13:15:43.459Z,market,trade,WINFUT,182690.0,1,,,,AGORA CTVM S/A,UBS BRASIL CCTVM S/A,,,
2026-03-27T13:15:43.459Z,market,trade,WINFUT,182690.0,1,,,,XP Investimentos CCTVM S/A,UBS BRASIL CCTVM S/A,,,
2026-03-27T13:15:43.459Z,market,trade,WINFUT,182690.0,1,,,,XP Investimentos CCTVM S/A,UBS BRASIL CCTVM S/A,,,
2026-03-27T13:15:43.459Z,market,trade,WINFUT,182690.0,1,,,,BTG Pactual CTVM S.A.,UBS BRASIL CCTVM S/A,,,
2026-03-27T13:15:43.459Z,market,trade,WINFUT,182690.0,1,,,,XP Investimentos CCTVM S/A,UBS BRASIL CCTVM S/A,,,
2026-03-27T13:15:43.459Z,market,trade,WINFUT,182690.0,1,,,,XP Investimentos CCTVM S/A,UBS BRASIL CCTVM S/A,,,
2026-03-27T13:15:43.459Z,market,trade,WINFUT,182690.0,1,,,,XP Investimentos CCTVM S/A,UBS BRASIL CCTVM S/A,,,
2026-03-27T13:15:43.459Z,market,trade,WINFUT,182690.0,1,,,,XP Investimentos CCTVM S/A,UBS BRASIL CCTVM S/A,,,
2026-03-27T13:15:43.459Z,market,trade,WINFUT,182690.0,1,,,,XP Investimentos CCTVM S/A,UBS BRASIL CCTVM S/A,,,
2026-03-27T13:15:43.459Z,market,trade,WINFUT,182690.0,1,,,,GENIAL INSTITUCIONAL CCTVM S.A,UBS BRASIL CCTVM S/A,,,
2026-03-27T13:15:43.459Z,market,trade,WINFUT,182690.0,1,,,,AGORA CTVM S/A,UBS BRASIL CCTVM S/A,,,
2026-03-27T13:15:43.459Z,market,trade,WINFUT,182685.0,1,,,,BTG Pactual CTVM S.A.,UBS BRASIL CCTVM S/A,,,
2026-03-27T13:15:43.459Z,market,trade,WINFUT,182685.0,11,,,,IDEAL CTVM SA,UBS BRASIL CCTVM S/A,,,
2026-03-27T13:15:43.459Z,market,trade,WINFUT,182685.0,5,,,,BTG Pactual CTVM S.A.,UBS BRASIL CCTVM S/A,,,
2026-03-27T13:15:43.460Z,market,trade,WINFUT,182685.0,2,,,,BTG Pactual CTVM S.A.,UBS BRASIL CCTVM S/A,,,
2026-03-27T13:15:43.460Z,market,trade,WINFUT,182685.0,1,,,,XP Investimentos CCTVM S/A,UBS BRASIL CCTVM S/A,,,
2026-03-27T13:15:43.460Z,market,trade,WINFUT,182685.0,1,,,,GENIAL INSTITUCIONAL CCTVM S.A,UBS BRASIL CCTVM S/A,,,
2026-03-27T13:15:43.460Z,market,trade,WINFUT,182685.0,1,,,,XP Investimentos CCTVM S/A,UBS BRASIL CCTVM S/A,,,
2026-03-27T13:15:43.460Z,market,trade,WINFUT,182685.0,1,,,,BTG Pactual CTVM S.A.,UBS BRASIL CCTVM S/A,,,
2026-03-27T13:15:43.460Z,market,trade,WINFUT,182685.0,4,,,,UBS BRASIL CCTVM S/A,UBS BRASIL CCTVM S/A,,,
2026-03-27T13:15:43.460Z,market,trade,WINFUT,182685.0,6,,,,GENIAL INSTITUCIONAL CCTVM S.A,UBS BRASIL CCTVM S/A,,,
2026-03-27T13:15:43.460Z,market,trade,WINFUT,182685.0,1,,,,Santander CCVM S/A,UBS BRASIL CCTVM S/A,,,
2026-03-27T13:15:43.460Z,market,trade,WINFUT,182685.0,1,,,,GENIAL INSTITUCIONAL CCTVM S.A,UBS BRASIL CCTVM S/A,,,
2026-03-27T13:15:43.460Z,market,trade,WINFUT,182685.0,1,,,,XP Investimentos CCTVM S/A,UBS BRASIL CCTVM S/A,,,
2026-03-27T13:15:43.460Z,market,trade,WINFUT,182685.0,1,,,,GENIAL INSTITUCIONAL CCTVM S.A,UBS BRASIL CCTVM S/A,,,
2026-03-27T13:15:43.460Z,market,trade,WINFUT,182685.0,1,,,,AGORA CTVM S/A,UBS BRASIL CCTVM S/A,,,
2026-03-27T13:15:43.460Z,market,trade,WINFUT,182685.0,1,,,,BTG Pactual CTVM S.A.,UBS BRASIL CCTVM S/A,,,
2026-03-27T13:15:43.460Z,market,trade,WINFUT,182685.0,4,,,,BTG Pactual CTVM S.A.,UBS BRASIL CCTVM S/A,,,
2026-03-27T13:15:43.460Z,market,trade,WINFUT,182685.0,5,,,,XP Investimentos CCTVM S/A,UBS BRASIL CCTVM S/A,,,
2026-03-27T13:15:43.460Z,market,trade,WINFUT,182685.0,1,,,,BTG Pactual CTVM S.A.,UBS BRASIL CCTVM S/A,,,
2026-03-27T13:15:43.460Z,market,trade,WINFUT,182685.0,1,,,,GENIAL INSTITUCIONAL CCTVM S.A,UBS BRASIL CCTVM S/A,,,
2026-03-27T13:15:43.575Z,market,trade,WINFUT,182685.0,2,,,,XP Investimentos CCTVM S/A,XP Investimentos CCTVM S/A,,,
2026-03-27T13:15:43.718Z,market,trade,WINFUT,182680.0,1,,,,XP Investimentos CCTVM S/A,XP Investimentos CCTVM S/A,,,
2026-03-27T13:15:43.718Z,market,trade,WINFUT,182685.0,1,,,,XP Investimentos CCTVM S/A,XP Investimentos CCTVM S/A,,,
2026-03-27T13:15:43.718Z,market,trade,WINFUT,182680.0,1,,,,BTG Pactual CTVM S.A.,BTG Pactual CTVM S.A.,,,
2026-03-27T13:15:43.718Z,market,trade,WINFUT,182685.0,1,,,,GENIAL INSTITUCIONAL CCTVM S.A,UBS BRASIL CCTVM S/A,,,
2026-03-27T13:15:43.718Z,market,trade,WINFUT,182685.0,2,,,,GENIAL INSTITUCIONAL CCTVM S.A,UBS BRASIL CCTVM S/A,,,
2026-03-27T13:15:43.808Z,market,trade,WINFUT,182685.0,5,,,,BTG Pactual CTVM S.A.,BTG Pactual CTVM S.A.,,,
2026-03-27T13:15:43.808Z,market,trade,WINFUT,182685.0,6,,,,BTG Pactual CTVM S.A.,BTG Pactual CTVM S.A.,,,
2026-03-27T13:15:43.808Z,market,trade,WINFUT,182685.0,11,,,,BTG Pactual CTVM S.A.,BTG Pactual CTVM S.A.,,,
2026-03-27T13:15:43.808Z,market,trade,WINFUT,182685.0,4,,,,BTG Pactual CTVM S.A.,UBS BRASIL CCTVM S/A,,,
2026-03-27T13:15:43.808Z,market,trade,WINFUT,182685.0,4,,,,XP Investimentos CCTVM S/A,XP Investimentos CCTVM S/A,,,
2026-03-27T13:15:43.808Z,market,trade,WINFUT,182685.0,1,,,,SANTANDER CORRETORA DE TITULOS E VALORES MOBILIARIOS S.A.,UBS BRASIL CCTVM S/A,,,
2026-03-27T13:15:43.808Z,market,trade,WINFUT,182685.0,1,,,,SANTANDER CORRETORA DE TITULOS E VALORES MOBILIARIOS S.A.,UBS BRASIL CCTVM S/A,,,
2026-03-27T13:15:43.926Z,market,trade,WINFUT,182685.0,9,,,,IDEAL CTVM SA,UBS BRASIL CCTVM S/A,,,
2026-03-27T13:15:43.926Z,market,trade,WINFUT,182685.0,2,,,,IDEAL CTVM SA,AGORA CTVM S/A,,,
2026-03-27T13:15:43.927Z,market,trade,WINFUT,182685.0,1,,,,IDEAL CTVM SA,AGORA CTVM S/A,,,
2026-03-27T13:15:43.927Z,market,trade,WINFUT,182685.0,1,,,,IDEAL CTVM SA,IDEAL CTVM SA,,,
2026-03-27T13:15:43.927Z,market,trade,WINFUT,182685.0,1,,,,IDEAL CTVM SA,BTG Pactual CTVM S.A.,,,
2026-03-27T13:15:43.927Z,market,trade,WINFUT,182685.0,3,,,,IDEAL CTVM SA,AGORA CTVM S/A,,,
2026-03-27T13:15:43.927Z,market,trade,WINFUT,182685.0,1,,,,IDEAL CTVM SA,BTG Pactual CTVM S.A.,,,
2026-03-27T13:15:43.932Z,market,trade,WINFUT,182690.0,1,,,,GENIAL INSTITUCIONAL CCTVM S.A,UBS BRASIL CCTVM S/A,,,
2026-03-27T13:15:43.932Z,market,trade,WINFUT,182690.0,1,,,,INTER DTVM LTDA,INTER DTVM LTDA,,,
2026-03-27T13:15:43.932Z,market,trade,WINFUT,182690.0,3,,,,GENIAL INSTITUCIONAL CCTVM S.A,UBS BRASIL CCTVM S/A,,,
2026-03-27T13:15:43.932Z,market,trade,WINFUT,182685.0,1,,,,BTG Pactual CTVM S.A.,IDEAL CTVM SA,,,
2026-03-27T13:15:43.932Z,market,trade,WINFUT,182685.0,1,,,,BTG Pactual CTVM S.A.,IDEAL CTVM SA,,,
2026-03-27T13:15:43.954Z,market,trade,WINFUT,182685.0,1,,,,XP Investimentos CCTVM S/A,XP Investimentos CCTVM S/A,,,
2026-03-27T13:15:43.954Z,market,trade,WINFUT,182685.0,10,,,,BTG Pactual CTVM S.A.,BTG Pactual CTVM S.A.,,,
2026-03-27T13:15:43.954Z,market,trade,WINFUT,182685.0,4,,,,GENIAL INSTITUCIONAL CCTVM S.A,IDEAL CTVM SA,,,
2026-03-27T13:15:44.070Z,market,trade,WINFUT,182685.0,1,,,,XP Investimentos CCTVM S/A,XP Investimentos CCTVM S/A,,,
2026-03-27T13:15:44.070Z,market,trade,WINFUT,182685.0,1,,,,XP Investimentos CCTVM S/A,XP Investimentos CCTVM S/A,,,
2026-03-27T13:15:44.070Z,market,trade,WINFUT,182680.0,1,,,,XP Investimentos CCTVM S/A,XP Investimentos CCTVM S/A,,,
2026-03-27T13:15:44.070Z,market,trade,WINFUT,182685.0,5,,,,SANTANDER CORRETORA DE TITULOS E VALORES MOBILIARIOS S.A.,IDEAL CTVM SA,,,
2026-03-27T13:15:44.070Z,market,trade,WINFUT,182680.0,1,,,,BTG Pactual CTVM S.A.,IDEAL CTVM SA,,,
2026-03-27T13:15:44.070Z,market,trade,WINFUT,182680.0,1,,,,BTG Pactual CTVM S.A.,IDEAL CTVM SA,,,
2026-03-27T13:15:44.070Z,market,trade,WINFUT,182680.0,1,,,,XP Investimentos CCTVM S/A,IDEAL CTVM SA,,,
2026-03-27T13:15:44.070Z,market,trade,WINFUT,182680.0,1,,,,BTG Pactual CTVM S.A.,IDEAL CTVM SA,,,
2026-03-27T13:15:44.070Z,market,trade,WINFUT,182680.0,1,,,,BTG Pactual CTVM S.A.,IDEAL CTVM SA,,,
2026-03-27T13:15:44.070Z,market,trade,WINFUT,182680.0,4,,,,IDEAL CTVM SA,IDEAL CTVM SA,,,
2026-03-27T13:15:44.070Z,market,trade,WINFUT,182685.0,5,,,,XP Investimentos CCTVM S/A,XP Investimentos CCTVM S/A,,,
2026-03-27T13:15:44.090Z,market,trade,WINFUT,182685.0,2,,,,GOLDMAN SACHS DO BRASIL CTVM,AGORA CTVM S/A,,,
2026-03-27T13:15:44.097Z,market,trade,WINFUT,182680.0,4,,,,BTG Pactual CTVM S.A.,BTG Pactual CTVM S.A.,,,
2026-03-27T13:15:44.112Z,market,trade,WINFUT,182685.0,2,,,,GENIAL INSTITUCIONAL CCTVM S.A,AGORA CTVM S/A,,,
2026-03-27T13:15:44.112Z,market,trade,WINFUT,182685.0,1,,,,GENIAL INSTITUCIONAL CCTVM S.A,BTG Pactual CTVM S.A.,,,
2026-03-27T13:15:44.112Z,market,trade,WINFUT,182685.0,2,,,,XP Investimentos CCTVM S/A,XP Investimentos CCTVM S/A,,,
2026-03-27T13:15:44.112Z,market,trade,WINFUT,182680.0,2,,,,GENIAL INSTITUCIONAL CCTVM S.A,GENIAL INSTITUCIONAL CCTVM S.A,,,
2026-03-27T13:15:44.112Z,market,trade,WINFUT,182685.0,2,,,,GENIAL INSTITUCIONAL CCTVM S.A,UBS BRASIL CCTVM S/A,,,
2026-03-27T13:15:44.164Z,market,trade,WINFUT,182685.0,1,,,,XP Investimentos CCTVM S/A,XP Investimentos CCTVM S/A,,,
2026-03-27T13:15:44.164Z,market,trade,WINFUT,182680.0,2,,,,XP Investimentos CCTVM S/A,XP Investimentos CCTVM S/A,,,
2026-03-27T13:15:44.164Z,market,trade,WINFUT,182680.0,2,,,,XP Investimentos CCTVM S/A,XP Investimentos CCTVM S/A,,,
2026-03-27T13:15:44.189Z,market,trade,WINFUT,182685.0,1,,,,BTG Pactual CTVM S.A.,BTG Pactual CTVM S.A.,,,
2026-03-27T13:15:44.189Z,market,trade,WINFUT,182685.0,2,,,,GOLDMAN SACHS DO BRASIL CTVM,UBS BRASIL CCTVM S/A,,,
2026-03-27T13:15:44.189Z,market,trade,WINFUT,182685.0,2,,,,BTG Pactual CTVM S.A.,BTG Pactual CTVM S.A.,,,
2026-03-27T13:15:44.253Z,market,trade,WINFUT,182680.0,6,,,,BTG Pactual CTVM S.A.,BTG Pactual CTVM S.A.,,,
2026-03-27T13:15:44.253Z,market,trade,WINFUT,182680.0,10,,,,Elliot-Warren,Elliot-Warren,,,
2026-03-27T13:15:44.254Z,market,trade,WINFUT,182680.0,2,,,,XP Investimentos CCTVM S/A,XP Investimentos CCTVM S/A,,,
2026-03-27T13:15:44.254Z,market,trade,WINFUT,182685.0,14,,,,IDEAL CTVM SA,UBS BRASIL CCTVM S/A,,,
2026-03-27T13:15:44.254Z,market,trade,WINFUT,182685.0,2,,,,IDEAL CTVM SA,AGORA CTVM S/A,,,
2026-03-27T13:15:44.254Z,market,trade,WINFUT,182685.0,1,,,,IDEAL CTVM SA,AGORA CTVM S/A,,,
2026-03-27T13:15:44.254Z,market,trade,WINFUT,182685.0,2,,,,IDEAL CTVM SA,GOLDMAN SACHS DO BRASIL CTVM,,,
2026-03-27T13:15:44.254Z,market,trade,WINFUT,182685.0,1,,,,IDEAL CTVM SA,XP Investimentos CCTVM S/A,,,
2026-03-27T13:15:44.254Z,market,trade,WINFUT,182685.0,1,,,,IDEAL CTVM SA,XP Investimentos CCTVM S/A,,,
2026-03-27T13:15:44.254Z,market,trade,WINFUT,182685.0,1,,,,IDEAL CTVM SA,BTG Pactual CTVM S.A.,,,
2026-03-27T13:15:44.290Z,market,trade,WINFUT,182690.0,14,,,,XP Investimentos CCTVM S/A,XP Investimentos CCTVM S/A,,,
2026-03-27T13:15:44.290Z,market,trade,WINFUT,182690.0,11,,,,XP Investimentos CCTVM S/A,UBS BRASIL CCTVM S/A,,,
2026-03-27T13:15:44.290Z,market,trade,WINFUT,182690.0,1,,,,XP Investimentos CCTVM S/A,UBS BRASIL CCTVM S/A,,,
2026-03-27T13:15:44.330Z,market,trade,WINFUT,182690.0,1,,,,BTG Pactual CTVM S.A.,BTG Pactual CTVM S.A.,,,
2026-03-27T13:15:44.330Z,market,trade,WINFUT,182690.0,4,,,,GENIAL INSTITUCIONAL CCTVM S.A,GENIAL INSTITUCIONAL CCTVM S.A,,,
2026-03-27T13:15:44.330Z,market,trade,WINFUT,182690.0,1,,,,BTG Pactual CTVM S.A.,BTG Pactual CTVM S.A.,,,
2026-03-27T13:15:44.330Z,market,trade,WINFUT,182690.0,2,,,,IDEAL CTVM SA,UBS BRASIL CCTVM S/A,,,
2026-03-27T13:15:44.330Z,market,trade,WINFUT,182690.0,10,,,,IDEAL CTVM SA,UBS BRASIL CCTVM S/A,,,
2026-03-27T13:15:44.330Z,market,trade,WINFUT,182690.0,7,,,,UBS BRASIL CCTVM S/A,UBS BRASIL CCTVM S/A,,,
2026-03-27T13:15:44.330Z,market,trade,WINFUT,182690.0,1,,,,UBS BRASIL CCTVM S/A,BTG Pactual CTVM S.A.,,,
2026-03-27T13:15:44.331Z,market,trade,WINFUT,182690.0,3,,,,UBS BRASIL CCTVM S/A,BTG Pactual CTVM S.A.,,,
2026-03-27T13:15:44.331Z,market,trade,WINFUT,182690.0,1,,,,UBS BRASIL CCTVM S/A,BTG Pactual CTVM S.A.,,,
2026-03-27T13:15:44.331Z,market,trade,WINFUT,182690.0,1,,,,UBS BRASIL CCTVM S/A,BTG Pactual CTVM S.A.,,,
2026-03-27T13:15:44.331Z,market,trade,WINFUT,182690.0,1,,,,UBS BRASIL CCTVM S/A,Santander CCVM S/A,,,
2026-03-27T13:15:44.331Z,market,trade,WINFUT,182690.0,4,,,,UBS BRASIL CCTVM S/A,IDEAL CTVM SA,,,
2026-03-27T13:15:44.415Z,market,trade,WINFUT,182690.0,1,,,,IDEAL CTVM SA,IDEAL CTVM SA,,,
2026-03-27T13:15:44.415Z,market,trade,WINFUT,182690.0,1,,,,IDEAL CTVM SA,AGORA CTVM S/A,,,
2026-03-27T13:15:44.415Z,market,trade,WINFUT,182690.0,4,,,,IDEAL CTVM SA,XP Investimentos CCTVM S/A,,,
2026-03-27T13:15:44.493Z,market,trade,WINFUT,182690.0,1,,,,BTG Pactual CTVM S.A.,BTG Pactual CTVM S.A.,,,
2026-03-27T13:15:44.493Z,market,trade,WINFUT,182695.0,1,,,,Elliot-Warren,BTG Pactual CTVM S.A.,,,
2026-03-27T13:15:44.494Z,market,trade,WINFUT,182695.0,1,,,,BTG Pactual CTVM S.A.,BTG Pactual CTVM S.A.,,,
2026-03-27T13:15:44.494Z,market,trade,WINFUT,182695.0,3,,,,BTG Pactual CTVM S.A.,BTG Pactual CTVM S.A.,,,
2026-03-27T13:15:44.494Z,market,trade,WINFUT,182695.0,1,,,,BTG Pactual CTVM S.A.,BTG Pactual CTVM S.A.,,,
2026-03-27T13:15:44.494Z,market,trade,WINFUT,182695.0,1,,,,SANTANDER CORRETORA DE TITULOS E VALORES MOBILIARIOS S.A.,BTG Pactual CTVM S.A.,,,
2026-03-27T13:15:44.494Z,market,trade,WINFUT,182695.0,1,,,,XP Investimentos CCTVM S/A,XP Investimentos CCTVM S/A,,,
2026-03-27T13:15:44.494Z,market,trade,WINFUT,182695.0,1,,,,SANTANDER CORRETORA DE TITULOS E VALORES MOBILIARIOS S.A.,BTG Pactual CTVM S.A.,,,
2026-03-27T13:15:44.494Z,market,trade,WINFUT,182695.0,1,,,,SANTANDER CORRETORA DE TITULOS E VALORES MOBILIARIOS S.A.,IDEAL CTVM SA,,,
2026-03-27T13:15:44.494Z,market,trade,WINFUT,182690.0,1,,,,SANTANDER CORRETORA DE TITULOS E VALORES MOBILIARIOS S.A.,SANTANDER CORRETORA DE TITULOS E VALORES MOBILIARIOS S.A.,,,
2026-03-27T13:15:44.494Z,market,trade,WINFUT,182695.0,1,,,,XP Investimentos CCTVM S/A,XP Investimentos CCTVM S/A,,,
2026-03-27T13:15:44.494Z,market,trade,WINFUT,182690.0,1,,,,XP Investimentos CCTVM S/A,GOLDMAN SACHS DO BRASIL CTVM,,,
2026-03-27T13:15:44.494Z,market,trade,WINFUT,182690.0,1,,,,XP Investimentos CCTVM S/A,GOLDMAN SACHS DO BRASIL CTVM,,,
2026-03-27T13:15:44.494Z,market,trade,WINFUT,182695.0,1,,,,GENIAL INSTITUCIONAL CCTVM S.A,IDEAL CTVM SA,,,
2026-03-27T13:15:44.494Z,market,trade,WINFUT,182695.0,11,,,,GENIAL INSTITUCIONAL CCTVM S.A,IDEAL CTVM SA,,,
2026-03-27T13:15:44.494Z,market,trade,WINFUT,182695.0,3,,,,GENIAL INSTITUCIONAL CCTVM S.A,IDEAL CTVM SA,,,
2026-03-27T13:15:44.494Z,market,trade,WINFUT,182695.0,1,,,,BTG Pactual CTVM S.A.,BTG Pactual CTVM S.A.,,,
2026-03-27T13:15:44.597Z,market,trade,WINFUT,182690.0,5,,,,BTG Pactual CTVM S.A.,BTG Pactual CTVM S.A.,,,
2026-03-27T13:15:44.597Z,market,trade,WINFUT,182695.0,5,,,,XP Investimentos CCTVM S/A,XP Investimentos CCTVM S/A,,,
2026-03-27T13:15:44.597Z,market,trade,WINFUT,182695.0,1,,,,SANTANDER CORRETORA DE TITULOS E VALORES MOBILIARIOS S.A.,SANTANDER CORRETORA DE TITULOS E VALORES MOBILIARIOS S.A.,,,
2026-03-27T13:15:44.597Z,market,trade,WINFUT,182695.0,2,,,,XP Investimentos CCTVM S/A,XP Investimentos CCTVM S/A,,,
2026-03-27T13:15:44.647Z,market,trade,WINFUT,182695.0,1,,,,GENIAL INSTITUCIONAL CCTVM S.A,XP Investimentos CCTVM S/A,,,
2026-03-27T13:15:44.648Z,market,trade,WINFUT,182690.0,1,,,,BTG Pactual CTVM S.A.,IDEAL CTVM SA,,,
2026-03-27T13:15:44.648Z,market,trade,WINFUT,182690.0,1,,,,XP Investimentos CCTVM S/A,IDEAL CTVM SA,,,
2026-03-27T13:15:44.648Z,market,trade,WINFUT,182690.0,9,,,,XP Investimentos CCTVM S/A,IDEAL CTVM SA,,,
2026-03-27T13:15:44.648Z,market,trade,WINFUT,182685.0,1,,,,BTG Pactual CTVM S.A.,SANTANDER CORRETORA DE TITULOS E VALORES MOBILIARIOS S.A.,,,
2026-03-27T13:15:44.648Z,market,trade,WINFUT,182690.0,1,,,,BTG Pactual CTVM S.A.,IDEAL CTVM SA,,,
2026-03-27T13:15:44.648Z,market,trade,WINFUT,182685.0,1,,,,XP Investimentos CCTVM S/A,XP Investimentos CCTVM S/A,,,
2026-03-27T13:15:44.698Z,market,trade,WINFUT,182690.0,5,,,,GENIAL INSTITUCIONAL CCTVM S.A,IDEAL CTVM SA,,,
2026-03-27T13:15:44.699Z,market,trade,WINFUT,182690.0,1,,,,SANTANDER CORRETORA DE TITULOS E VALORES MOBILIARIOS S.A.,IDEAL CTVM SA,,,
2026-03-27T13:15:44.718Z,market,trade,WINFUT,182685.0,1,,,,XP Investimentos CCTVM S/A,XP Investimentos CCTVM S/A,,,
2026-03-27T13:15:44.718Z,market,trade,WINFUT,182690.0,2,,,,INTER DTVM LTDA,INTER DTVM LTDA,,,
2026-03-27T13:15:44.718Z,market,trade,WINFUT,182690.0,1,,,,GENIAL INSTITUCIONAL CCTVM S.A,IDEAL CTVM SA,,,
2026-03-27T13:15:44.718Z,market,trade,WINFUT,182690.0,1,,,,BTG Pactual CTVM S.A.,IDEAL CTVM SA,,,
2026-03-27T13:15:44.718Z,market,trade,WINFUT,182690.0,1,,,,IDEAL CTVM SA,AGORA CTVM S/A,,,
2026-03-27T13:15:44.719Z,market,trade,WINFUT,182690.0,1,,,,IDEAL CTVM SA,BTG Pactual CTVM S.A.,,,
2026-03-27T13:15:44.719Z,market,trade,WINFUT,182690.0,1,,,,IDEAL CTVM SA,AGORA CTVM S/A,,,
2026-03-27T13:15:44.719Z,market,trade,WINFUT,182690.0,1,,,,IDEAL CTVM SA,AGORA CTVM S/A,,,
2026-03-27T13:15:44.719Z,market,trade,WINFUT,182690.0,1,,,,IDEAL CTVM SA,AGORA CTVM S/A,,,
2026-03-27T13:15:44.719Z,market,trade,WINFUT,182690.0,1,,,,IDEAL CTVM SA,IDEAL CTVM SA,,,
2026-03-27T13:15:44.719Z,market,trade,WINFUT,182690.0,1,,,,IDEAL CTVM SA,IDEAL CTVM SA,,,
2026-03-27T13:15:44.719Z,market,trade,WINFUT,182690.0,1,,,,IDEAL CTVM SA,BTG Pactual CTVM S.A.,,,
2026-03-27T13:15:44.802Z,market,trade,WINFUT,182690.0,1,,,,XP Investimentos CCTVM S/A,XP Investimentos CCTVM S/A,,,
2026-03-27T13:15:44.866Z,market,trade,WINFUT,182690.0,12,,,,BTG Pactual CTVM S.A.,BTG Pactual CTVM S.A.,,,
2026-03-27T13:15:44.866Z,market,trade,WINFUT,182690.0,11,,,,IDEAL CTVM SA,BTG Pactual CTVM S.A.,,,
2026-03-27T13:15:44.866Z,market,trade,WINFUT,182690.0,1,,,,XP Investimentos CCTVM S/A,BTG Pactual CTVM S.A.,,,
2026-03-27T13:15:44.866Z,market,trade,WINFUT,182690.0,6,,,,IDEAL CTVM SA,BTG Pactual CTVM S.A.,,,
2026-03-27T13:15:44.892Z,market,trade,WINFUT,182690.0,3,,,,IDEAL CTVM SA,BTG Pactual CTVM S.A.,,,
2026-03-27T13:15:44.892Z,market,trade,WINFUT,182695.0,1,,,,SANTANDER CORRETORA DE TITULOS E VALORES MOBILIARIOS S.A.,BTG Pactual CTVM S.A.,,,
2026-03-27T13:15:44.892Z,market,trade,WINFUT,182695.0,1,,,,SANTANDER CORRETORA DE TITULOS E VALORES MOBILIARIOS S.A.,XP Investimentos CCTVM S/A,,,
2026-03-27T13:15:44.892Z,market,trade,WINFUT,182695.0,1,,,,SANTANDER CORRETORA DE TITULOS E VALORES MOBILIARIOS S.A.,IDEAL CTVM SA,,,
2026-03-27T13:15:44.947Z,market,trade,WINFUT,182690.0,3,,,,IDEAL CTVM SA,IDEAL CTVM SA,,,
2026-03-27T13:15:44.947Z,market,trade,WINFUT,182690.0,4,,,,XP Investimentos CCTVM S/A,IDEAL CTVM SA,,,
2026-03-27T13:15:44.947Z,market,trade,WINFUT,182690.0,1,,,,XP Investimentos CCTVM S/A,IDEAL CTVM SA,,,
2026-03-27T13:15:44.947Z,market,trade,WINFUT,182690.0,1,,,,IDEAL CTVM SA,IDEAL CTVM SA,,,
2026-03-27T13:15:44.947Z,market,trade,WINFUT,182690.0,1,,,,BTG Pactual CTVM S.A.,IDEAL CTVM SA,,,
2026-03-27T13:15:45.000Z,market,trade,WINFUT,182690.0,2,,,,IDEAL CTVM SA,AGORA CTVM S/A,,,
2026-03-27T13:15:45.000Z,market,trade,WINFUT,182690.0,1,,,,XP Investimentos CCTVM S/A,BTG Pactual CTVM S.A.,,,
2026-03-27T13:15:45.000Z,market,trade,WINFUT,182690.0,1,,,,XP Investimentos CCTVM S/A,AGORA CTVM S/A,,,
2026-03-27T13:15:45.001Z,market,trade,WINFUT,182690.0,3,,,,XP Investimentos CCTVM S/A,IDEAL CTVM SA,,,
2026-03-27T13:15:45.001Z,market,trade,WINFUT,182690.0,3,,,,IDEAL CTVM SA,IDEAL CTVM SA,,,
2026-03-27T13:15:45.001Z,market,trade,WINFUT,182690.0,1,,,,IDEAL CTVM SA,IDEAL CTVM SA,,,
2026-03-27T13:15:45.001Z,market,trade,WINFUT,182690.0,10,,,,IDEAL CTVM SA,UBS BRASIL CCTVM S/A,,,
2026-03-27T13:15:45.001Z,market,trade,WINFUT,182690.0,1,,,,IDEAL CTVM SA,UBS BRASIL CCTVM S/A,,,
2026-03-27T13:15:45.001Z,market,trade,WINFUT,182690.0,7,,,,IDEAL CTVM SA,UBS BRASIL CCTVM S/A,,,
2026-03-27T13:15:45.001Z,market,trade,WINFUT,182695.0,1,,,,XP Investimentos CCTVM S/A,XP Investimentos CCTVM S/A,,,
2026-03-27T13:15:45.001Z,market,trade,WINFUT,182695.0,3,,,,XP Investimentos CCTVM S/A,IDEAL CTVM SA,,,
2026-03-27T13:15:45.001Z,market,trade,WINFUT,182690.0,1,,,,BTG Pactual CTVM S.A.,AGORA CTVM S/A,,,
2026-03-27T13:15:45.105Z,market,trade,WINFUT,182690.0,1,,,,XP Investimentos CCTVM S/A,XP Investimentos CCTVM S/A,,,
2026-03-27T13:15:45.106Z,market,trade,WINFUT,182690.0,1,,,,XP Investimentos CCTVM S/A,XP Investimentos CCTVM S/A,,,
2026-03-27T13:15:45.106Z,market,trade,WINFUT,182685.0,1,,,,XP Investimentos CCTVM S/A,XP Investimentos CCTVM S/A,,,
2026-03-27T13:15:45.162Z,market,trade,WINFUT,182685.0,1,,,,XP Investimentos CCTVM S/A,XP Investimentos CCTVM S/A,,,
2026-03-27T13:15:45.162Z,market,trade,WINFUT,182690.0,1,,,,XP Investimentos CCTVM S/A,XP Investimentos CCTVM S/A,,,
2026-03-27T13:15:45.162Z,market,trade,WINFUT,182690.0,1,,,,XP Investimentos CCTVM S/A,XP Investimentos CCTVM S/A,,,
2026-03-27T13:15:45.162Z,market,trade,WINFUT,182685.0,2,,,,GOLDMAN SACHS DO BRASIL CTVM,IDEAL CTVM SA,,,
2026-03-27T13:15:45.162Z,market,trade,WINFUT,182685.0,1,,,,BTG Pactual CTVM S.A.,IDEAL CTVM SA,,,
2026-03-27T13:15:45.162Z,market,trade,WINFUT,182685.0,1,,,,BTG Pactual CTVM S.A.,IDEAL CTVM SA,,,
2026-03-27T13:15:45.162Z,market,trade,WINFUT,182685.0,1,,,,BTG Pactual CTVM S.A.,IDEAL CTVM SA,,,
2026-03-27T13:15:45.162Z,market,trade,WINFUT,182690.0,2,,,,ATIVA INVESTIMENTOS S.A. CTCV,AGORA CTVM S/A,,,
2026-03-27T13:15:45.162Z,market,trade,WINFUT,182690.0,1,,,,ATIVA INVESTIMENTOS S.A. CTCV,AGORA CTVM S/A,,,
2026-03-27T13:15:45.162Z,market,trade,WINFUT,182690.0,1,,,,ATIVA INVESTIMENTOS S.A. CTCV,AGORA CTVM S/A,,,
2026-03-27T13:15:45.162Z,market,trade,WINFUT,182690.0,1,,,,ATIVA INVESTIMENTOS S.A. CTCV,IDEAL CTVM SA,,,
2026-03-27T13:15:45.162Z,market,trade,WINFUT,182690.0,6,,,,ATIVA INVESTIMENTOS S.A. CTCV,IDEAL CTVM SA,,,
2026-03-27T13:15:45.162Z,market,trade,WINFUT,182690.0,3,,,,ATIVA INVESTIMENTOS S.A. CTCV,IDEAL CTVM SA,,,
2026-03-27T13:15:45.162Z,market,trade,WINFUT,182690.0,3,,,,ATIVA INVESTIMENTOS S.A. CTCV,IDEAL CTVM SA,,,
2026-03-27T13:15:45.162Z,market,trade,WINFUT,182690.0,1,,,,ATIVA INVESTIMENTOS S.A. CTCV,BTG Pactual CTVM S.A.,,,
2026-03-27T13:15:45.163Z,market,trade,WINFUT,182690.0,5,,,,ATIVA INVESTIMENTOS S.A. CTCV,IDEAL CTVM SA,,,
2026-03-27T13:15:45.163Z,market,trade,WINFUT,182690.0,1,,,,ATIVA INVESTIMENTOS S.A. CTCV,XP Investimentos CCTVM S/A,,,
2026-03-27T13:15:45.163Z,market,trade,WINFUT,182690.0,1,,,,ATIVA INVESTIMENTOS S.A. CTCV,UBS BRASIL CCTVM S/A,,,
2026-03-27T13:15:45.163Z,market,trade,WINFUT,182690.0,3,,,,IDEAL CTVM SA,IDEAL CTVM SA,,,
2026-03-27T13:15:45.163Z,market,trade,WINFUT,182690.0,1,,,,IDEAL CTVM SA,AGORA CTVM S/A,,,
2026-03-27T13:15:45.163Z,market,trade,WINFUT,182690.0,1,,,,IDEAL CTVM SA,AGORA CTVM S/A,,,
2026-03-27T13:15:45.163Z,market,trade,WINFUT,182690.0,1,,,,IDEAL CTVM SA,AGORA CTVM S/A,,,
2026-03-27T13:15:45.163Z,market,trade,WINFUT,182690.0,1,,,,IDEAL CTVM SA,AGORA CTVM S/A,,,
2026-03-27T13:15:45.163Z,market,trade,WINFUT,182690.0,1,,,,IDEAL CTVM SA,BTG Pactual CTVM S.A.,,,
2026-03-27T13:15:45.163Z,market,trade,WINFUT,182690.0,1,,,,IDEAL CTVM SA,XP Investimentos CCTVM S/A,,,
2026-03-27T13:15:45.163Z,market,trade,WINFUT,182690.0,1,,,,XP Investimentos CCTVM S/A,IDEAL CTVM SA,,,
2026-03-27T13:15:45.163Z,market,trade,WINFUT,182690.0,4,,,,XP Investimentos CCTVM S/A,IDEAL CTVM SA,,,
2026-03-27T13:15:45.214Z,market,trade,WINFUT,182695.0,1,,,,IDEAL CTVM SA,BTG Pactual CTVM S.A.,,,
2026-03-27T13:15:45.214Z,market,trade,WINFUT,182695.0,2,,,,IDEAL CTVM SA,AGORA CTVM S/A,,,
2026-03-27T13:15:45.214Z,market,trade,WINFUT,182695.0,1,,,,IDEAL CTVM SA,BTG Pactual CTVM S.A.,,,
2026-03-27T13:15:45.214Z,market,trade,WINFUT,182695.0,2,,,,IDEAL CTVM SA,BTG Pactual CTVM S.A.,,,
2026-03-27T13:15:45.214Z,market,trade,WINFUT,182695.0,1,,,,IDEAL CTVM SA,GENIAL INSTITUCIONAL CCTVM S.A,,,
2026-03-27T13:15:45.214Z,market,trade,WINFUT,182695.0,1,,,,IDEAL CTVM SA,AGORA CTVM S/A,,,
2026-03-27T13:15:45.214Z,market,trade,WINFUT,182695.0,7,,,,IDEAL CTVM SA,IDEAL CTVM SA,,,
2026-03-27T13:15:45.214Z,market,trade,WINFUT,182695.0,2,,,,IDEAL CTVM SA,XP Investimentos CCTVM S/A,,,
2026-03-27T13:15:45.214Z,market,trade,WINFUT,182695.0,1,,,,IDEAL CTVM SA,BTG Pactual CTVM S.A.,,,
2026-03-27T13:15:45.214Z,market,trade,WINFUT,182695.0,1,,,,IDEAL CTVM SA,BTG Pactual CTVM S.A.,,,
2026-03-27T13:15:45.214Z,market,trade,WINFUT,182695.0,1,,,,IDEAL CTVM SA,AGORA CTVM S/A,,,
2026-03-27T13:15:45.214Z,market,trade,WINFUT,182695.0,2,,,,IDEAL CTVM SA,GENIAL INSTITUCIONAL CCTVM S.A,,,
2026-03-27T13:15:45.214Z,market,trade,WINFUT,182695.0,3,,,,IDEAL CTVM SA,IDEAL CTVM SA,,,
2026-03-27T13:15:45.215Z,market,trade,WINFUT,182700.0,1,,,,XP Investimentos CCTVM S/A,XP Investimentos CCTVM S/A,,,
2026-03-27T13:15:45.215Z,market,trade,WINFUT,182700.0,1,,,,XP Investimentos CCTVM S/A,IDEAL CTVM SA,,,
2026-03-27T13:15:45.215Z,market,trade,WINFUT,182700.0,1,,,,XP Investimentos CCTVM S/A,IDEAL CTVM SA,,,
2026-03-27T13:15:45.215Z,market,trade,WINFUT,182700.0,1,,,,BTG Pactual CTVM S.A.,BTG Pactual CTVM S.A.,,,
2026-03-27T13:15:45.215Z,market,trade,WINFUT,182700.0,2,,,,SANTANDER CORRETORA DE TITULOS E VALORES MOBILIARIOS S.A.,IDEAL CTVM SA,,,
2026-03-27T13:15:45.215Z,market,trade,WINFUT,182700.0,1,,,,SANTANDER CORRETORA DE TITULOS E VALORES MOBILIARIOS S.A.,BTG Pactual CTVM S.A.,,,
2026-03-27T13:15:45.215Z,market,trade,WINFUT,182700.0,3,,,,SANTANDER CORRETORA DE TITULOS E VALORES MOBILIARIOS S.A.,IDEAL CTVM SA,,,
2026-03-27T13:15:45.215Z,market,trade,WINFUT,182700.0,1,,,,SANTANDER CORRETORA DE TITULOS E VALORES MOBILIARIOS S.A.,IDEAL CTVM SA,,,
2026-03-27T13:15:45.215Z,market,trade,WINFUT,182700.0,1,,,,SANTANDER CORRETORA DE TITULOS E VALORES MOBILIARIOS S.A.,BTG Pactual CTVM S.A.,,,
2026-03-27T13:15:45.215Z,market,trade,WINFUT,182700.0,1,,,,SANTANDER CORRETORA DE TITULOS E VALORES MOBILIARIOS S.A.,XP Investimentos CCTVM S/A,,,
2026-03-27T13:15:45.215Z,market,trade,WINFUT,182700.0,1,,,,SANTANDER CORRETORA DE TITULOS E VALORES MOBILIARIOS S.A.,BTG Pactual CTVM S.A.,,,
2026-03-27T13:15:45.215Z,market,trade,WINFUT,182700.0,3,,,,SANTANDER CORRETORA DE TITULOS E VALORES MOBILIARIOS S.A.,BTG Pactual CTVM S.A.,,,
2026-03-27T13:15:45.215Z,market,trade,WINFUT,182700.0,3,,,,SANTANDER CORRETORA DE TITULOS E VALORES MOBILIARIOS S.A.,IDEAL CTVM SA,,,
2026-03-27T13:15:45.215Z,market,trade,WINFUT,182700.0,4,,,,SANTANDER CORRETORA DE TITULOS E VALORES MOBILIARIOS S.A.,IDEAL CTVM SA,,,
2026-03-27T13:15:45.215Z,market,trade,WINFUT,182700.0,1,,,,IDEAL CTVM SA,AGORA CTVM S/A,,,
2026-03-27T13:15:45.366Z,market,trade,WINFUT,182700.0,1,,,,BTG Pactual CTVM S.A.,IDEAL CTVM SA,,,
2026-03-27T13:15:45.366Z,market,trade,WINFUT,182700.0,6,,,,IDEAL CTVM SA,IDEAL CTVM SA,,,
2026-03-27T13:15:45.366Z,market,trade,WINFUT,182700.0,1,,,,IDEAL CTVM SA,IDEAL CTVM SA,,,
2026-03-27T13:15:45.366Z,market,trade,WINFUT,182695.0,1,,,,XP Investimentos CCTVM S/A,XP Investimentos CCTVM S/A,,,
2026-03-27T13:15:45.366Z,market,trade,WINFUT,182700.0,6,,,,IDEAL CTVM SA,IDEAL CTVM SA,,,
2026-03-27T13:15:45.366Z,market,trade,WINFUT,182700.0,4,,,,IDEAL CTVM SA,IDEAL CTVM SA,,,
2026-03-27T13:15:45.366Z,market,trade,WINFUT,182700.0,4,,,,XP Investimentos CCTVM S/A,IDEAL CTVM SA,,,
2026-03-27T13:15:45.366Z,market,trade,WINFUT,182700.0,1,,,,XP Investimentos CCTVM S/A,IDEAL CTVM SA,,,
2026-03-27T13:15:45.366Z,market,trade,WINFUT,182700.0,2,,,,UBS BRASIL CCTVM S/A,IDEAL CTVM SA,,,
2026-03-27T13:15:45.397Z,market,trade,WINFUT,182700.0,2,,,,UBS BRASIL CCTVM S/A,INTER DTVM LTDA,,,
2026-03-27T13:15:45.520Z,market,trade,WINFUT,182705.0,5,,,,BTG Pactual CTVM S.A.,BTG Pactual CTVM S.A.,,,
2026-03-27T13:15:45.521Z,market,trade,WINFUT,182705.0,2,,,,GENIAL INSTITUCIONAL CCTVM S.A,GENIAL INSTITUCIONAL CCTVM S.A,,,
2026-03-27T13:15:45.521Z,market,trade,WINFUT,182705.0,2,,,,GENIAL INSTITUCIONAL CCTVM S.A,GENIAL INSTITUCIONAL CCTVM S.A,,,
2026-03-27T13:15:45.565Z,market,trade,WINFUT,182700.0,1,,,,BTG Pactual CTVM S.A.,XP Investimentos CCTVM S/A,,,
2026-03-27T13:15:45.671Z,market,trade,WINFUT,182700.0,1,,,,BTG Pactual CTVM S.A.,XP Investimentos CCTVM S/A,,,
2026-03-27T13:15:45.672Z,market,trade,WINFUT,182695.0,7,,,,CM Capital Markets CCTVM LTDA,CM Capital Markets CCTVM LTDA,,,
2026-03-27T13:15:45.672Z,market,trade,WINFUT,182695.0,1,,,,XP Investimentos CCTVM S/A,IDEAL CTVM SA,,,
2026-03-27T13:15:45.672Z,market,trade,WINFUT,182695.0,1,,,,IDEAL CTVM SA,IDEAL CTVM SA,,,
2026-03-27T13:15:45.672Z,market,trade,WINFUT,182695.0,10,,,,IDEAL CTVM SA,UBS BRASIL CCTVM S/A,,,
2026-03-27T13:15:45.673Z,market,trade,WINFUT,182695.0,8,,,,IDEAL CTVM SA,UBS BRASIL CCTVM S/A,,,
2026-03-27T13:15:45.673Z,market,trade,WINFUT,182695.0,1,,,,BTG Pactual CTVM S.A.,IDEAL CTVM SA,,,
2026-03-27T13:15:45.673Z,market,trade,WINFUT,182695.0,1,,,,BTG Pactual CTVM S.A.,IDEAL CTVM SA,,,
2026-03-27T13:15:45.673Z,market,trade,WINFUT,182695.0,1,,,,BTG Pactual CTVM S.A.,IDEAL CTVM SA,,,
2026-03-27T13:15:45.729Z,market,trade,WINFUT,182695.0,1,,,,XP Investimentos CCTVM S/A,XP Investimentos CCTVM S/A,,,
2026-03-27T13:15:45.729Z,market,trade,WINFUT,182690.0,3,,,,XP Investimentos CCTVM S/A,XP Investimentos CCTVM S/A,,,
2026-03-27T13:15:45.729Z,market,trade,WINFUT,182690.0,1,,,,IDEAL CTVM SA,GENIAL INSTITUCIONAL CCTVM S.A,,,
2026-03-27T13:15:45.729Z,market,trade,WINFUT,182690.0,5,,,,CM Capital Markets CCTVM LTDA,CM Capital Markets CCTVM LTDA,,,
2026-03-27T13:15:45.729Z,market,trade,WINFUT,182695.0,1,,,,XP Investimentos CCTVM S/A,XP Investimentos CCTVM S/A,,,
2026-03-27T13:15:45.729Z,market,trade,WINFUT,182695.0,1,,,,IDEAL CTVM SA,BTG Pactual CTVM S.A.,,,
2026-03-27T13:15:45.729Z,market,trade,WINFUT,182695.0,2,,,,IDEAL CTVM SA,AGORA CTVM S/A,,,
2026-03-27T13:15:45.729Z,market,trade,WINFUT,182695.0,1,,,,IDEAL CTVM SA,BTG Pactual CTVM S.A.,,,
2026-03-27T13:15:45.839Z,market,trade,WINFUT,182695.0,2,,,,IDEAL CTVM SA,SANTANDER CORRETORA DE TITULOS E VALORES MOBILIARIOS S.A.,,,
2026-03-27T13:15:45.839Z,market,trade,WINFUT,182695.0,5,,,,IDEAL CTVM SA,IDEAL CTVM SA,,,
2026-03-27T13:15:45.857Z,market,trade,WINFUT,182695.0,2,,,,IDEAL CTVM SA,GENIAL INSTITUCIONAL CCTVM S.A,,,
2026-03-27T13:15:45.882Z,market,trade,WINFUT,182700.0,4,,,,XP Investimentos CCTVM S/A,XP Investimentos CCTVM S/A,,,
2026-03-27T13:15:45.882Z,market,trade,WINFUT,182695.0,2,,,,BTG Pactual CTVM S.A.,BTG Pactual CTVM S.A.,,,
2026-03-27T13:15:45.882Z,market,trade,WINFUT,182695.0,1,,,,XP Investimentos CCTVM S/A,XP Investimentos CCTVM S/A,,,
2026-03-27T13:15:45.882Z,market,trade,WINFUT,182700.0,1,,,,SAFRA CVC LTDA.,XP Investimentos CCTVM S/A,,,
2026-03-27T13:15:45.882Z,market,trade,WINFUT,182700.0,1,,,,XP Investimentos CCTVM S/A,XP Investimentos CCTVM S/A,,,
2026-03-27T13:15:45.882Z,market,trade,WINFUT,182695.0,1,,,,BTG Pactual CTVM S.A.,BTG Pactual CTVM S.A.,,,
2026-03-27T13:15:45.959Z,market,trade,WINFUT,182700.0,1,,,,XP Investimentos CCTVM S/A,XP Investimentos CCTVM S/A,,,
2026-03-27T13:15:45.959Z,market,trade,WINFUT,182695.0,3,,,,CM Capital Markets CCTVM LTDA,CM Capital Markets CCTVM LTDA,,,
2026-03-27T13:15:45.959Z,market,trade,WINFUT,182700.0,2,,,,XP Investimentos CCTVM S/A,XP Investimentos CCTVM S/A,,,
2026-03-27T13:15:45.959Z,market,trade,WINFUT,182695.0,1,,,,XP Investimentos CCTVM S/A,XP Investimentos CCTVM S/A,,,
2026-03-27T13:15:45.960Z,market,trade,WINFUT,182700.0,1,,,,SANTANDER CORRETORA DE TITULOS E VALORES MOBILIARIOS S.A.,IDEAL CTVM SA,,,
2026-03-27T13:15:45.960Z,market,trade,WINFUT,182700.0,2,,,,SANTANDER CORRETORA DE TITULOS E VALORES MOBILIARIOS S.A.,IDEAL CTVM SA,,,
2026-03-27T13:15:45.960Z,market,trade,WINFUT,182700.0,1,,,,SANTANDER CORRETORA DE TITULOS E VALORES MOBILIARIOS S.A.,IDEAL CTVM SA,,,
2026-03-27T13:15:45.960Z,market,trade,WINFUT,182695.0,2,,,,XP Investimentos CCTVM S/A,XP Investimentos CCTVM S/A,,,
2026-03-27T13:15:45.960Z,market,trade,WINFUT,182700.0,1,,,,BTG Pactual CTVM S.A.,BTG Pactual CTVM S.A.,,,
2026-03-27T13:15:46.055Z,market,trade,WINFUT,182700.0,5,,,,XP Investimentos CCTVM S/A,XP Investimentos CCTVM S/A,,,
2026-03-27T13:15:46.055Z,market,trade,WINFUT,182700.0,1,,,,XP Investimentos CCTVM S/A,BTG Pactual CTVM S.A.,,,
2026-03-27T13:15:46.056Z,market,trade,WINFUT,182700.0,1,,,,XP Investimentos CCTVM S/A,AGORA CTVM S/A,,,
2026-03-27T13:15:46.056Z,market,trade,WINFUT,182700.0,1,,,,XP Investimentos CCTVM S/A,BTG Pactual CTVM S.A.,,,
2026-03-27T13:15:46.056Z,market,trade,WINFUT,182700.0,1,,,,XP Investimentos CCTVM S/A,SANTANDER CORRETORA DE TITULOS E VALORES MOBILIARIOS S.A.,,,
2026-03-27T13:15:46.056Z,market,trade,WINFUT,182700.0,1,,,,XP Investimentos CCTVM S/A,AGORA CTVM S/A,,,
2026-03-27T13:15:46.056Z,market,trade,WINFUT,182700.0,1,,,,XP Investimentos CCTVM S/A,XP Investimentos CCTVM S/A,,,
2026-03-27T13:15:46.056Z,market,trade,WINFUT,182700.0,6,,,,GENIAL INSTITUCIONAL CCTVM S.A,UBS BRASIL CCTVM S/A,,,
2026-03-27T13:15:46.056Z,market,trade,WINFUT,182695.0,3,,,,XP Investimentos CCTVM S/A,XP Investimentos CCTVM S/A,,,
2026-03-27T13:15:46.099Z,market,trade,WINFUT,182700.0,2,,,,IDEAL CTVM SA,IDEAL CTVM SA,,,
2026-03-27T13:15:46.099Z,market,trade,WINFUT,182700.0,9,,,,IDEAL CTVM SA,IDEAL CTVM SA,,,
2026-03-27T13:15:46.099Z,market,trade,WINFUT,182700.0,1,,,,IDEAL CTVM SA,BTG Pactual CTVM S.A.,,,
2026-03-27T13:15:46.100Z,market,trade,WINFUT,182700.0,1,,,,IDEAL CTVM SA,AGORA CTVM S/A,,,
2026-03-27T13:15:46.100Z,market,trade,WINFUT,182700.0,1,,,,IDEAL CTVM SA,AGORA CTVM S/A,,,
2026-03-27T13:15:46.100Z,market,trade,WINFUT,182705.0,1,,,,XP Investimentos CCTVM S/A,XP Investimentos CCTVM S/A,,,
2026-03-27T13:15:46.188Z,market,trade,WINFUT,182705.0,2,,,,XP Investimentos CCTVM S/A,IDEAL CTVM SA,,,
2026-03-27T13:15:46.188Z,market,trade,WINFUT,182705.0,1,,,,XP Investimentos CCTVM S/A,XP Investimentos CCTVM S/A,,,
2026-03-27T13:15:46.188Z,market,trade,WINFUT,182705.0,1,,,,XP Investimentos CCTVM S/A,XP Investimentos CCTVM S/A,,,
2026-03-27T13:15:46.189Z,market,trade,WINFUT,182705.0,1,,,,XP Investimentos CCTVM S/A,XP Investimentos CCTVM S/A,,,
2026-03-27T13:15:46.189Z,market,trade,WINFUT,182705.0,1,,,,XP Investimentos CCTVM S/A,XP Investimentos CCTVM S/A,,,
2026-03-27T13:15:46.189Z,market,trade,WINFUT,182700.0,1,,,,BTG Pactual CTVM S.A.,IDEAL CTVM SA,,,
2026-03-27T13:15:46.189Z,market,trade,WINFUT,182700.0,11,,,,BTG Pactual CTVM S.A.,BTG Pactual CTVM S.A.,,,
2026-03-27T13:15:46.189Z,market,trade,WINFUT,182700.0,10,,,,BTG Pactual CTVM S.A.,IDEAL CTVM SA,,,
2026-03-27T13:15:46.189Z,market,trade,WINFUT,182700.0,4,,,,BTG Pactual CTVM S.A.,IDEAL CTVM SA,,,
2026-03-27T13:15:46.189Z,market,trade,WINFUT,182700.0,1,,,,XP Investimentos CCTVM S/A,XP Investimentos CCTVM S/A,,,
2026-03-27T13:15:46.189Z,market,trade,WINFUT,182700.0,5,,,,INTER DTVM LTDA,INTER DTVM LTDA,,,
2026-03-27T13:15:46.189Z,market,trade,WINFUT,182700.0,1,,,,XP Investimentos CCTVM S/A,XP Investimentos CCTVM S/A,,,
2026-03-27T13:15:46.245Z,market,trade,WINFUT,182700.0,4,,,,XP Investimentos CCTVM S/A,XP Investimentos CCTVM S/A,,,
2026-03-27T13:15:46.245Z,market,trade,WINFUT,182695.0,1,,,,BTG Pactual CTVM S.A.,Elliot-Warren,,,
2026-03-27T13:15:46.245Z,market,trade,WINFUT,182695.0,4,,,,IDEAL CTVM SA,Elliot-Warren,,,
2026-03-27T13:15:46.261Z,market,trade,WINFUT,182695.0,1,,,,BTG Pactual CTVM S.A.,Elliot-Warren,,,
2026-03-27T13:15:46.261Z,market,trade,WINFUT,182695.0,1,,,,BTG Pactual CTVM S.A.,Elliot-Warren,,,
2026-03-27T13:15:46.262Z,market,trade,WINFUT,182690.0,8,,,,IDEAL CTVM SA,Elliot-Warren,,,
2026-03-27T13:15:46.262Z,market,trade,WINFUT,182690.0,10,,,,XP Investimentos CCTVM S/A,XP Investimentos CCTVM S/A,,,
2026-03-27T13:15:46.262Z,market,trade,WINFUT,182690.0,5,,,,GENIAL INSTITUCIONAL CCTVM S.A,GENIAL INSTITUCIONAL CCTVM S.A,,,
2026-03-27T13:15:46.344Z,market,trade,WINFUT,182690.0,1,,,,BTG Pactual CTVM S.A.,BTG Pactual CTVM S.A.,,,
2026-03-27T13:15:46.344Z,market,trade,WINFUT,182690.0,1,,,,GENIAL INSTITUCIONAL CCTVM S.A,GENIAL INSTITUCIONAL CCTVM S.A,,,
2026-03-27T13:15:46.344Z,market,trade,WINFUT,182690.0,10,,,,CM Capital Markets CCTVM LTDA,CM Capital Markets CCTVM LTDA,,,
2026-03-27T13:15:46.344Z,market,trade,WINFUT,182695.0,1,,,,XP Investimentos CCTVM S/A,XP Investimentos CCTVM S/A,,,
2026-03-27T13:15:46.344Z,market,trade,WINFUT,182690.0,10,,,,AGORA CTVM S/A,AGORA CTVM S/A,,,
2026-03-27T13:15:46.344Z,market,trade,WINFUT,182695.0,20,,,,ITAU CV S/A,ITAU CV S/A,,,
2026-03-27T13:15:46.344Z,market,trade,WINFUT,182695.0,1,,,,XP Investimentos CCTVM S/A,XP Investimentos CCTVM S/A,,,
2026-03-27T13:15:46.344Z,market,trade,WINFUT,182695.0,1,,,,GENIAL INSTITUCIONAL CCTVM S.A,BTG Pactual CTVM S.A.,,,
2026-03-27T13:15:46.344Z,market,trade,WINFUT,182695.0,3,,,,SANTANDER CORRETORA DE TITULOS E VALORES MOBILIARIOS S.A.,IDEAL CTVM SA,,,
2026-03-27T13:15:46.344Z,market,trade,WINFUT,182695.0,1,,,,SANTANDER CORRETORA DE TITULOS E VALORES MOBILIARIOS S.A.,AGORA CTVM S/A,,,
2026-03-27T13:15:46.344Z,market,trade,WINFUT,182695.0,2,,,,SANTANDER CORRETORA DE TITULOS E VALORES MOBILIARIOS S.A.,AGORA CTVM S/A,,,
2026-03-27T13:15:46.344Z,market,trade,WINFUT,182695.0,1,,,,IDEAL CTVM SA,IDEAL CTVM SA,,,
2026-03-27T13:15:46.363Z,market,trade,WINFUT,182690.0,1,,,,SANTANDER CORRETORA DE TITULOS E VALORES MOBILIARIOS S.A.,SANTANDER CORRETORA DE TITULOS E VALORES MOBILIARIOS S.A.,,,
2026-03-27T13:15:46.364Z,market,trade,WINFUT,182690.0,4,,,,SANTANDER CORRETORA DE TITULOS E VALORES MOBILIARIOS S.A.,SANTANDER CORRETORA DE TITULOS E VALORES MOBILIARIOS S.A.,,,
2026-03-27T13:15:46.364Z,market,trade,WINFUT,182695.0,5,,,,XP Investimentos CCTVM S/A,XP Investimentos CCTVM S/A,,,
2026-03-27T13:15:46.426Z,market,trade,WINFUT,182695.0,1,,,,BTG Pactual CTVM S.A.,BTG Pactual CTVM S.A.,,,
2026-03-27T13:15:46.426Z,market,trade,WINFUT,182695.0,1,,,,BTG Pactual CTVM S.A.,AGORA CTVM S/A,,,
2026-03-27T13:15:46.426Z,market,trade,WINFUT,182695.0,4,,,,BTG Pactual CTVM S.A.,AGORA CTVM S/A,,,
2026-03-27T13:15:46.426Z,market,trade,WINFUT,182695.0,1,,,,BTG Pactual CTVM S.A.,IDEAL CTVM SA,,,
2026-03-27T13:15:46.427Z,market,trade,WINFUT,182695.0,5,,,,BTG Pactual CTVM S.A.,XP Investimentos CCTVM S/A,,,
2026-03-27T13:15:46.427Z,market,trade,WINFUT,182695.0,1,,,,BTG Pactual CTVM S.A.,XP Investimentos CCTVM S/A,,,
2026-03-27T13:15:46.427Z,market,trade,WINFUT,182695.0,1,,,,BTG Pactual CTVM S.A.,AGORA CTVM S/A,,,
2026-03-27T13:15:46.427Z,market,trade,WINFUT,182700.0,1,,,,BTG Pactual CTVM S.A.,IDEAL CTVM SA,,,
2026-03-27T13:15:46.427Z,market,trade,WINFUT,182690.0,4,,,,Elliot-Warren,Elliot-Warren,,,
2026-03-27T13:15:46.483Z,market,trade,WINFUT,182690.0,5,,,,XP Investimentos CCTVM S/A,XP Investimentos CCTVM S/A,,,
2026-03-27T13:15:46.505Z,market,trade,WINFUT,182690.0,2,,,,SANTANDER CORRETORA DE TITULOS E VALORES MOBILIARIOS S.A.,SANTANDER CORRETORA DE TITULOS E VALORES MOBILIARIOS S.A.,,,
2026-03-27T13:15:46.505Z,market,trade,WINFUT,182695.0,1,,,,BTG Pactual CTVM S.A.,BTG Pactual CTVM S.A.,,,
2026-03-27T13:15:46.505Z,market,trade,WINFUT,182695.0,1,,,,IDEAL CTVM SA,IDEAL CTVM SA,,,
2026-03-27T13:15:46.525Z,market,trade,WINFUT,182695.0,1,,,,BTG Pactual CTVM S.A.,AGORA CTVM S/A,,,
2026-03-27T13:15:46.525Z,market,trade,WINFUT,182690.0,2,,,,GENIAL INSTITUCIONAL CCTVM S.A,GENIAL INSTITUCIONAL CCTVM S.A,,,
2026-03-27T13:15:46.609Z,market,trade,WINFUT,182695.0,1,,,,XP Investimentos CCTVM S/A,XP Investimentos CCTVM S/A,,,
2026-03-27T13:15:46.609Z,market,trade,WINFUT,182690.0,2,,,,IDEAL CTVM SA,BTG Pactual CTVM S.A.,,,
2026-03-27T13:15:46.609Z,market,trade,WINFUT,182695.0,2,,,,GENIAL INSTITUCIONAL CCTVM S.A,AGORA CTVM S/A,,,
2026-03-27T13:15:46.609Z,market,trade,WINFUT,182695.0,4,,,,XP Investimentos CCTVM S/A,XP Investimentos CCTVM S/A,,,
2026-03-27T13:15:46.609Z,market,trade,WINFUT,182690.0,1,,,,GENIAL INSTITUCIONAL CCTVM S.A,GENIAL INSTITUCIONAL CCTVM S.A,,,
2026-03-27T13:15:46.609Z,market,trade,WINFUT,182695.0,2,,,,XP Investimentos CCTVM S/A,XP Investimentos CCTVM S/A,,,
2026-03-27T13:15:46.664Z,market,trade,WINFUT,182695.0,20,,,,SANTANDER CORRETORA DE TITULOS E VALORES MOBILIARIOS S.A.,SANTANDER CORRETORA DE TITULOS E VALORES MOBILIARIOS S.A.,,,
2026-03-27T13:15:46.664Z,market,trade,WINFUT,182695.0,1,,,,SANTANDER CORRETORA DE TITULOS E VALORES MOBILIARIOS S.A.,SANTANDER CORRETORA DE TITULOS E VALORES MOBILIARIOS S.A.,,,
2026-03-27T13:15:46.664Z,market,trade,WINFUT,182690.0,6,,,,SANTANDER CORRETORA DE TITULOS E VALORES MOBILIARIOS S.A.,SANTANDER CORRETORA DE TITULOS E VALORES MOBILIARIOS S.A.,,,
2026-03-27T13:15:46.664Z,market,trade,WINFUT,182695.0,5,,,,XP Investimentos CCTVM S/A,XP Investimentos CCTVM S/A,,,
2026-03-27T13:15:46.664Z,market,trade,WINFUT,182690.0,10,,,,XP Investimentos CCTVM S/A,XP Investimentos CCTVM S/A,,,
2026-03-27T13:15:46.750Z,market,trade,WINFUT,182690.0,2,,,,GENIAL INSTITUCIONAL CCTVM S.A,GENIAL INSTITUCIONAL CCTVM S.A,,,
2026-03-27T13:15:46.750Z,market,trade,WINFUT,182695.0,1,,,,GENIAL INSTITUCIONAL CCTVM S.A,BTG Pactual CTVM S.A.,,,
2026-03-27T13:15:46.751Z,market,trade,WINFUT,182695.0,1,,,,XP Investimentos CCTVM S/A,XP Investimentos CCTVM S/A,,,
2026-03-27T13:15:46.751Z,market,trade,WINFUT,182695.0,1,,,,XP Investimentos CCTVM S/A,XP Investimentos CCTVM S/A,,,
2026-03-27T13:15:46.751Z,market,trade,WINFUT,182695.0,1,,,,GENIAL INSTITUCIONAL CCTVM S.A,IDEAL CTVM SA,,,
2026-03-27T13:15:46.751Z,market,trade,WINFUT,182695.0,2,,,,GENIAL INSTITUCIONAL CCTVM S.A,AGORA CTVM S/A,,,
2026-03-27T13:15:46.751Z,market,trade,WINFUT,182695.0,1,,,,GENIAL INSTITUCIONAL CCTVM S.A,BTG Pactual CTVM S.A.,,,
2026-03-27T13:15:46.751Z,market,trade,WINFUT,182695.0,1,,,,GENIAL INSTITUCIONAL CCTVM S.A,UBS BRASIL CCTVM S/A,,,
2026-03-27T13:15:46.751Z,market,trade,WINFUT,182690.0,2,,,,BTG Pactual CTVM S.A.,SANTANDER CORRETORA DE TITULOS E VALORES MOBILIARIOS S.A.,,,
2026-03-27T13:15:46.751Z,market,trade,WINFUT,182690.0,1,,,,BTG Pactual CTVM S.A.,SANTANDER CORRETORA DE TITULOS E VALORES MOBILIARIOS S.A.,,,
2026-03-27T13:15:46.751Z,market,trade,WINFUT,182690.0,1,,,,BTG Pactual CTVM S.A.,SANTANDER CORRETORA DE TITULOS E VALORES MOBILIARIOS S.A.,,,
2026-03-27T13:15:46.751Z,market,trade,WINFUT,182690.0,2,,,,IDEAL CTVM SA,SANTANDER CORRETORA DE TITULOS E VALORES MOBILIARIOS S.A.,,,
2026-03-27T13:15:46.761Z,market,trade,WINFUT,182695.0,1,,,,IDEAL CTVM SA,BTG Pactual CTVM S.A.,,,
2026-03-27T13:15:46.761Z,market,trade,WINFUT,182695.0,2,,,,IDEAL CTVM SA,AGORA CTVM S/A,,,
2026-03-27T13:15:46.814Z,market,trade,WINFUT,182695.0,1,,,,XP Investimentos CCTVM S/A,XP Investimentos CCTVM S/A,,,
2026-03-27T13:15:46.814Z,market,trade,WINFUT,182700.0,1,,,,GENIAL INSTITUCIONAL CCTVM S.A,IDEAL CTVM SA,,,
2026-03-27T13:15:46.814Z,market,trade,WINFUT,182700.0,5,,,,BTG Pactual CTVM S.A.,IDEAL CTVM SA,,,
2026-03-27T13:15:46.814Z,market,trade,WINFUT,182700.0,5,,,,BTG Pactual CTVM S.A.,XP Investimentos CCTVM S/A,,,
2026-03-27T13:15:46.814Z,market,trade,WINFUT,182700.0,5,,,,BTG Pactual CTVM S.A.,IDEAL CTVM SA,,,
2026-03-27T13:15:46.814Z,market,trade,WINFUT,182700.0,3,,,,BTG Pactual CTVM S.A.,IDEAL CTVM SA,,,
2026-03-27T13:15:46.814Z,market,trade,WINFUT,182700.0,1,,,,BTG Pactual CTVM S.A.,IDEAL CTVM SA,,,
2026-03-27T13:15:46.815Z,market,trade,WINFUT,182700.0,1,,,,BTG Pactual CTVM S.A.,XP Investimentos CCTVM S/A,,,
2026-03-27T13:15:46.815Z,market,trade,WINFUT,182700.0,1,,,,BTG Pactual CTVM S.A.,BTG Pactual CTVM S.A.,,,
2026-03-27T13:15:46.815Z,market,trade,WINFUT,182700.0,1,,,,BTG Pactual CTVM S.A.,XP Investimentos CCTVM S/A,,,
2026-03-27T13:15:46.815Z,market,trade,WINFUT,182700.0,1,,,,BTG Pactual CTVM S.A.,AGORA CTVM S/A,,,
2026-03-27T13:15:46.815Z,market,trade,WINFUT,182700.0,1,,,,BTG Pactual CTVM S.A.,XP Investimentos CCTVM S/A,,,
2026-03-27T13:15:46.815Z,market,trade,WINFUT,182700.0,1,,,,BTG Pactual CTVM S.A.,XP Investimentos CCTVM S/A,,,
2026-03-27T13:15:46.816Z,market,trade,WINFUT,182700.0,1,,,,BTG Pactual CTVM S.A.,BTG Pactual CTVM S.A.,,,
2026-03-27T13:15:46.816Z,market,trade,WINFUT,182700.0,1,,,,BTG Pactual CTVM S.A.,XP Investimentos CCTVM S/A,,,
2026-03-27T13:15:46.816Z,market,trade,WINFUT,182700.0,4,,,,BTG Pactual CTVM S.A.,IDEAL CTVM SA,,,
2026-03-27T13:15:46.816Z,market,trade,WINFUT,182700.0,1,,,,BTG Pactual CTVM S.A.,BTG Pactual CTVM S.A.,,,
2026-03-27T13:15:46.816Z,market,trade,WINFUT,182700.0,1,,,,BTG Pactual CTVM S.A.,BTG Pactual CTVM S.A.,,,
2026-03-27T13:15:46.816Z,market,trade,WINFUT,182700.0,2,,,,BTG Pactual CTVM S.A.,GENIAL INSTITUCIONAL CCTVM S.A,,,
2026-03-27T13:15:46.816Z,market,trade,WINFUT,182700.0,2,,,,BTG Pactual CTVM S.A.,CM Capital Markets CCTVM LTDA,,,
2026-03-27T13:15:46.817Z,market,trade,WINFUT,182700.0,30,,,,BTG Pactual CTVM S.A.,BTG Pactual CTVM S.A.,,,
2026-03-27T13:15:46.817Z,market,trade,WINFUT,182700.0,5,,,,BTG Pactual CTVM S.A.,IDEAL CTVM SA,,,
2026-03-27T13:15:46.817Z,market,trade,WINFUT,182705.0,4,,,,BTG Pactual CTVM S.A.,XP Investimentos CCTVM S/A,,,
2026-03-27T13:15:46.817Z,market,trade,WINFUT,182705.0,2,,,,BTG Pactual CTVM S.A.,BTG Pactual CTVM S.A.,,,
2026-03-27T13:15:46.817Z,market,trade,WINFUT,182705.0,1,,,,BTG Pactual CTVM S.A.,CM Capital Markets CCTVM LTDA,,,
2026-03-27T13:15:46.817Z,market,trade,WINFUT,182705.0,4,,,,BTG Pactual CTVM S.A.,SANTANDER CORRETORA DE TITULOS E VALORES MOBILIARIOS S.A.,,,
2026-03-27T13:15:46.817Z,market,trade,WINFUT,182705.0,3,,,,BTG Pactual CTVM S.A.,IDEAL CTVM SA,,,
2026-03-27T13:15:46.817Z,market,trade,WINFUT,182705.0,16,,,,BTG Pactual CTVM S.A.,GENIAL INSTITUCIONAL CCTVM S.A,,,
2026-03-27T13:15:46.817Z,market,trade,WINFUT,182705.0,1,,,,BTG Pactual CTVM S.A.,XP Investimentos CCTVM S/A,,,
2026-03-27T13:15:46.817Z,market,trade,WINFUT,182705.0,1,,,,BTG Pactual CTVM S.A.,XP Investimentos CCTVM S/A,,,
2026-03-27T13:15:46.817Z,market,trade,WINFUT,182705.0,1,,,,BTG Pactual CTVM S.A.,XP Investimentos CCTVM S/A,,,
2026-03-27T13:15:46.817Z,market,trade,WINFUT,182705.0,2,,,,BTG Pactual CTVM S.A.,AGORA CTVM S/A,,,
2026-03-27T13:15:46.817Z,market,trade,WINFUT,182705.0,1,,,,BTG Pactual CTVM S.A.,BTG Pactual CTVM S.A.,,,
2026-03-27T13:15:46.818Z,market,trade,WINFUT,182705.0,1,,,,BTG Pactual CTVM S.A.,BTG Pactual CTVM S.A.,,,
2026-03-27T13:15:46.818Z,market,trade,WINFUT,182705.0,2,,,,BTG Pactual CTVM S.A.,XP Investimentos CCTVM S/A,,,
2026-03-27T13:15:46.818Z,market,trade,WINFUT,182705.0,2,,,,BTG Pactual CTVM S.A.,GENIAL INSTITUCIONAL CCTVM S.A,,,
2026-03-27T13:15:46.818Z,market,trade,WINFUT,182705.0,1,,,,BTG Pactual CTVM S.A.,BTG Pactual CTVM S.A.,,,
2026-03-27T13:15:46.818Z,market,trade,WINFUT,182705.0,1,,,,BTG Pactual CTVM S.A.,BTG Pactual CTVM S.A.,,,
2026-03-27T13:15:46.818Z,market,trade,WINFUT,182705.0,2,,,,BTG Pactual CTVM S.A.,XP Investimentos CCTVM S/A,,,
2026-03-27T13:15:46.818Z,market,trade,WINFUT,182705.0,1,,,,BTG Pactual CTVM S.A.,GENIAL INSTITUCIONAL CCTVM S.A,,,
2026-03-27T13:15:46.818Z,market,trade,WINFUT,182705.0,1,,,,BTG Pactual CTVM S.A.,BTG Pactual CTVM S.A.,,,
2026-03-27T13:15:46.818Z,market,trade,WINFUT,182705.0,1,,,,BTG Pactual CTVM S.A.,BTG Pactual CTVM S.A.,,,
2026-03-27T13:15:46.818Z,market,trade,WINFUT,182705.0,3,,,,BTG Pactual CTVM S.A.,NOVA FUTURA CTVM LTDA,,,
2026-03-27T13:15:46.818Z,market,trade,WINFUT,182705.0,1,,,,BTG Pactual CTVM S.A.,SANTANDER CORRETORA DE TITULOS E VALORES MOBILIARIOS S.A.,,,
2026-03-27T13:15:46.818Z,market,trade,WINFUT,182705.0,1,,,,BTG Pactual CTVM S.A.,XP Investimentos CCTVM S/A,,,
2026-03-27T13:15:46.818Z,market,trade,WINFUT,182705.0,1,,,,BTG Pactual CTVM S.A.,XP Investimentos CCTVM S/A,,,
2026-03-27T13:15:46.818Z,market,trade,WINFUT,182705.0,1,,,,BTG Pactual CTVM S.A.,BTG Pactual CTVM S.A.,,,
2026-03-27T13:15:46.818Z,market,trade,WINFUT,182705.0,3,,,,BTG Pactual CTVM S.A.,BTG Pactual CTVM S.A.,,,
2026-03-27T13:15:46.915Z,market,trade,WINFUT,182700.0,12,,,,IDEAL CTVM SA,UBS BRASIL CCTVM S/A,,,
2026-03-27T13:15:46.915Z,market,trade,WINFUT,182700.0,1,,,,BTG Pactual CTVM S.A.,BTG Pactual CTVM S.A.,,,
2026-03-27T13:15:46.916Z,market,trade,WINFUT,182700.0,1,,,,BTG Pactual CTVM S.A.,IDEAL CTVM SA,,,
2026-03-27T13:15:46.916Z,market,trade,WINFUT,182700.0,1,,,,BTG Pactual CTVM S.A.,IDEAL CTVM SA,,,
2026-03-27T13:15:47.054Z,market,trade,WINFUT,182700.0,2,,,,BTG Pactual CTVM S.A.,BTG Pactual CTVM S.A.,,,
2026-03-27T13:15:47.054Z,market,trade,WINFUT,182705.0,1,,,,XP Investimentos CCTVM S/A,XP Investimentos CCTVM S/A,,,
2026-03-27T13:15:47.054Z,market,trade,WINFUT,182705.0,1,,,,XP Investimentos CCTVM S/A,XP Investimentos CCTVM S/A,,,
2026-03-27T13:15:47.054Z,market,trade,WINFUT,182705.0,1,,,,XP Investimentos CCTVM S/A,XP Investimentos CCTVM S/A,,,
2026-03-27T13:15:47.054Z,market,trade,WINFUT,182705.0,5,,,,XP Investimentos CCTVM S/A,XP Investimentos CCTVM S/A,,,
2026-03-27T13:15:47.054Z,market,trade,WINFUT,182700.0,1,,,,BTG Pactual CTVM S.A.,SANTANDER CORRETORA DE TITULOS E VALORES MOBILIARIOS S.A.,,,
2026-03-27T13:15:47.054Z,market,trade,WINFUT,182700.0,1,,,,XP Investimentos CCTVM S/A,SANTANDER CORRETORA DE TITULOS E VALORES MOBILIARIOS S.A.,,,
2026-03-27T13:15:47.054Z,market,trade,WINFUT,182700.0,1,,,,IDEAL CTVM SA,SANTANDER CORRETORA DE TITULOS E VALORES MOBILIARIOS S.A.,,,
2026-03-27T13:15:47.054Z,market,trade,WINFUT,182700.0,1,,,,XP Investimentos CCTVM S/A,XP Investimentos CCTVM S/A,,,
2026-03-27T13:15:47.054Z,market,trade,WINFUT,182705.0,5,,,,XP Investimentos CCTVM S/A,XP Investimentos CCTVM S/A,,,
2026-03-27T13:15:47.054Z,market,trade,WINFUT,182700.0,1,,,,BTG Pactual CTVM S.A.,IDEAL CTVM SA,,,
2026-03-27T13:15:47.054Z,market,trade,WINFUT,182700.0,14,,,,XP Investimentos CCTVM S/A,XP Investimentos CCTVM S/A,,,
2026-03-27T13:15:47.054Z,market,trade,WINFUT,182700.0,11,,,,XP Investimentos CCTVM S/A,IDEAL CTVM SA,,,
2026-03-27T13:15:47.082Z,market,trade,WINFUT,182700.0,3,,,,BTG Pactual CTVM S.A.,BTG Pactual CTVM S.A.,,,
2026-03-27T13:15:47.082Z,market,trade,WINFUT,182695.0,1,,,,XP Investimentos CCTVM S/A,XP Investimentos CCTVM S/A,,,
2026-03-27T13:15:47.175Z,market,trade,WINFUT,182700.0,11,,,,BTG Pactual CTVM S.A.,BTG Pactual CTVM S.A.,,,
2026-03-27T13:15:47.175Z,market,trade,WINFUT,182700.0,3,,,,BTG Pactual CTVM S.A.,IDEAL CTVM SA,,,
2026-03-27T13:15:47.175Z,market,trade,WINFUT,182700.0,1,,,,BTG Pactual CTVM S.A.,IDEAL CTVM SA,,,
2026-03-27T13:15:47.175Z,market,trade,WINFUT,182700.0,5,,,,CM Capital Markets CCTVM LTDA,CM Capital Markets CCTVM LTDA,,,
2026-03-27T13:15:47.175Z,market,trade,WINFUT,182700.0,1,,,,BTG Pactual CTVM S.A.,UBS BRASIL CCTVM S/A,,,
2026-03-27T13:15:47.175Z,market,trade,WINFUT,182695.0,1,,,,BTG Pactual CTVM S.A.,IDEAL CTVM SA,,,
2026-03-27T13:15:47.175Z,market,trade,WINFUT,182695.0,1,,,,BTG Pactual CTVM S.A.,IDEAL CTVM SA,,,
2026-03-27T13:15:47.208Z,market,trade,WINFUT,182695.0,1,,,,SANTANDER CORRETORA DE TITULOS E VALORES MOBILIARIOS S.A.,AGORA CTVM S/A,,,
2026-03-27T13:15:47.281Z,market,trade,WINFUT,182695.0,5,,,,GENIAL INSTITUCIONAL CCTVM S.A,AGORA CTVM S/A,,,
2026-03-27T13:15:47.281Z,market,trade,WINFUT,182695.0,6,,,,GENIAL INSTITUCIONAL CCTVM S.A,AGORA CTVM S/A,,,
2026-03-27T13:15:47.281Z,market,trade,WINFUT,182695.0,1,,,,GENIAL INSTITUCIONAL CCTVM S.A,BTG Pactual CTVM S.A.,,,
2026-03-27T13:15:47.281Z,market,trade,WINFUT,182695.0,5,,,,GENIAL INSTITUCIONAL CCTVM S.A,UBS BRASIL CCTVM S/A,,,
2026-03-27T13:15:47.281Z,market,trade,WINFUT,182695.0,11,,,,IDEAL CTVM SA,UBS BRASIL CCTVM S/A,,,
2026-03-27T13:15:47.282Z,market,trade,WINFUT,182695.0,1,,,,IDEAL CTVM SA,AGORA CTVM S/A,,,
2026-03-27T13:15:47.282Z,market,trade,WINFUT,182695.0,1,,,,IDEAL CTVM SA,AGORA CTVM S/A,,,
2026-03-27T13:15:47.282Z,market,trade,WINFUT,182695.0,2,,,,IDEAL CTVM SA,AGORA CTVM S/A,,,
2026-03-27T13:15:47.282Z,market,trade,WINFUT,182695.0,14,,,,XP Investimentos CCTVM S/A,XP Investimentos CCTVM S/A,,,
2026-03-27T13:15:47.282Z,market,trade,WINFUT,182700.0,17,,,,XP Investimentos CCTVM S/A,UBS BRASIL CCTVM S/A,,,
2026-03-27T13:15:47.282Z,market,trade,WINFUT,182700.0,1,,,,XP Investimentos CCTVM S/A,AGORA CTVM S/A,,,
2026-03-27T13:15:47.282Z,market,trade,WINFUT,182700.0,1,,,,XP Investimentos CCTVM S/A,AGORA CTVM S/A,,,
2026-03-27T13:15:47.282Z,market,trade,WINFUT,182700.0,1,,,,XP Investimentos CCTVM S/A,XP Investimentos CCTVM S/A,,,
2026-03-27T13:15:47.282Z,market,trade,WINFUT,182700.0,1,,,,XP Investimentos CCTVM S/A,AGORA CTVM S/A,,,
2026-03-27T13:15:47.282Z,market,trade,WINFUT,182700.0,3,,,,XP Investimentos CCTVM S/A,IDEAL CTVM SA,,,
2026-03-27T13:15:47.282Z,market,trade,WINFUT,182700.0,1,,,,XP Investimentos CCTVM S/A,XP Investimentos CCTVM S/A,,,
2026-03-27T13:15:47.282Z,market,trade,WINFUT,182700.0,5,,,,XP Investimentos CCTVM S/A,XP Investimentos CCTVM S/A,,,
2026-03-27T13:15:47.282Z,market,trade,WINFUT,182700.0,6,,,,XP Investimentos CCTVM S/A,IDEAL CTVM SA,,,
2026-03-27T13:15:47.351Z,market,trade,WINFUT,182700.0,5,,,,BTG Pactual CTVM S.A.,BTG Pactual CTVM S.A.,,,
2026-03-27T13:15:47.351Z,market,trade,WINFUT,182695.0,1,,,,XP Investimentos CCTVM S/A,XP Investimentos CCTVM S/A,,,
2026-03-27T13:15:47.351Z,market,trade,WINFUT,182700.0,11,,,,BTG Pactual CTVM S.A.,BTG Pactual CTVM S.A.,,,
2026-03-27T13:15:47.351Z,market,trade,WINFUT,182700.0,1,,,,BTG Pactual CTVM S.A.,IDEAL CTVM SA,,,
2026-03-27T13:15:47.351Z,market,trade,WINFUT,182700.0,3,,,,BTG Pactual CTVM S.A.,IDEAL CTVM SA,,,
2026-03-27T13:15:47.351Z,market,trade,WINFUT,182695.0,2,,,,IDEAL CTVM SA,IDEAL CTVM SA,,,
2026-03-27T13:15:47.351Z,market,trade,WINFUT,182695.0,1,,,,BTG Pactual CTVM S.A.,IDEAL CTVM SA,,,
2026-03-27T13:15:47.451Z,market,trade,WINFUT,182695.0,1,,,,SANTANDER CORRETORA DE TITULOS E VALORES MOBILIARIOS S.A.,BTG Pactual CTVM S.A.,,,
2026-03-27T13:15:47.451Z,market,trade,WINFUT,182690.0,2,,,,XP Investimentos CCTVM S/A,XP Investimentos CCTVM S/A,,,
2026-03-27T13:15:47.451Z,market,trade,WINFUT,182690.0,1,,,,GENIAL INSTITUCIONAL CCTVM S.A,GENIAL INSTITUCIONAL CCTVM S.A,,,
2026-03-27T13:15:47.563Z,market,trade,WINFUT,182690.0,1,,,,BTG Pactual CTVM S.A.,IDEAL CTVM SA,,,
2026-03-27T13:15:47.564Z,market,trade,WINFUT,182690.0,1,,,,SANTANDER CORRETORA DE TITULOS E VALORES MOBILIARIOS S.A.,IDEAL CTVM SA,,,
2026-03-27T13:15:47.564Z,market,trade,WINFUT,182690.0,1,,,,SANTANDER CORRETORA DE TITULOS E VALORES MOBILIARIOS S.A.,IDEAL CTVM SA,,,
2026-03-27T13:15:47.564Z,market,trade,WINFUT,182690.0,3,,,,XP Investimentos CCTVM S/A,IDEAL CTVM SA,,,
2026-03-27T13:15:47.564Z,market,trade,WINFUT,182690.0,10,,,,XP Investimentos CCTVM S/A,IDEAL CTVM SA,,,
2026-03-27T13:15:47.564Z,market,trade,WINFUT,182690.0,10,,,,XP Investimentos CCTVM S/A,IDEAL CTVM SA,,,
2026-03-27T13:15:47.564Z,market,trade,WINFUT,182690.0,10,,,,XP Investimentos CCTVM S/A,IDEAL CTVM SA,,,
2026-03-27T13:15:47.564Z,market,trade,WINFUT,182690.0,1,,,,BTG Pactual CTVM S.A.,IDEAL CTVM SA,,,
2026-03-27T13:15:47.564Z,market,trade,WINFUT,182690.0,2,,,,BTG Pactual CTVM S.A.,IDEAL CTVM SA,,,
2026-03-27T13:15:47.564Z,market,trade,WINFUT,182690.0,1,,,,BTG Pactual CTVM S.A.,IDEAL CTVM SA,,,
2026-03-27T13:15:47.564Z,market,trade,WINFUT,182690.0,1,,,,GENIAL INSTITUCIONAL CCTVM S.A,IDEAL CTVM SA,,,
2026-03-27T13:15:47.564Z,market,trade,WINFUT,182690.0,1,,,,BTG Pactual CTVM S.A.,IDEAL CTVM SA,,,
2026-03-27T13:15:47.565Z,market,trade,WINFUT,182690.0,1,,,,GENIAL INSTITUCIONAL CCTVM S.A,XP Investimentos CCTVM S/A,,,
2026-03-27T13:15:47.565Z,market,trade,WINFUT,182685.0,1,,,,BTG Pactual CTVM S.A.,BTG Pactual CTVM S.A.,,,
2026-03-27T13:15:47.565Z,market,trade,WINFUT,182685.0,2,,,,XP Investimentos CCTVM S/A,XP Investimentos CCTVM S/A,,,
2026-03-27T13:15:47.565Z,market,trade,WINFUT,182685.0,1,,,,XP Investimentos CCTVM S/A,XP Investimentos CCTVM S/A,,,
2026-03-27T13:15:47.698Z,market,trade,WINFUT,182685.0,1,,,,IDEAL CTVM SA,SANTANDER CORRETORA DE TITULOS E VALORES MOBILIARIOS S.A.,,,
2026-03-27T13:15:47.698Z,market,trade,WINFUT,182685.0,1,,,,XP Investimentos CCTVM S/A,XP Investimentos CCTVM S/A,,,
2026-03-27T13:15:47.698Z,market,trade,WINFUT,182685.0,4,,,,BTG Pactual CTVM S.A.,BTG Pactual CTVM S.A.,,,
2026-03-27T13:15:47.698Z,market,trade,WINFUT,182690.0,3,,,,GENIAL INSTITUCIONAL CCTVM S.A,GENIAL INSTITUCIONAL CCTVM S.A,,,
2026-03-27T13:15:47.699Z,market,trade,WINFUT,182685.0,2,,,,BTG Pactual CTVM S.A.,BTG Pactual CTVM S.A.,,,
2026-03-27T13:15:47.927Z,market,trade,WINFUT,182685.0,3,,,,XP Investimentos CCTVM S/A,XP Investimentos CCTVM S/A,,,
2026-03-27T13:15:47.928Z,market,trade,WINFUT,182685.0,2,,,,XP Investimentos CCTVM S/A,XP Investimentos CCTVM S/A,,,
2026-03-27T13:15:47.928Z,market,trade,WINFUT,182690.0,1,,,,IDEAL CTVM SA,XP Investimentos CCTVM S/A,,,
2026-03-27T13:15:47.928Z,market,trade,WINFUT,182690.0,1,,,,IDEAL CTVM SA,IDEAL CTVM SA,,,
2026-03-27T13:15:47.928Z,market,trade,WINFUT,182690.0,1,,,,IDEAL CTVM SA,IDEAL CTVM SA,,,
2026-03-27T13:15:47.928Z,market,trade,WINFUT,182690.0,8,,,,UBS BRASIL CCTVM S/A,IDEAL CTVM SA,,,
2026-03-27T13:15:47.928Z,market,trade,WINFUT,182690.0,10,,,,UBS BRASIL CCTVM S/A,GENIAL INSTITUCIONAL CCTVM S.A,,,
2026-03-27T13:15:47.929Z,market,trade,WINFUT,182690.0,7,,,,IDEAL CTVM SA,UBS BRASIL CCTVM S/A,,,
2026-03-27T13:15:47.929Z,market,trade,WINFUT,182690.0,1,,,,IDEAL CTVM SA,BTG Pactual CTVM S.A.,,,
2026-03-27T13:15:47.929Z,market,trade,WINFUT,182690.0,2,,,,IDEAL CTVM SA,IDEAL CTVM SA,,,
2026-03-27T13:15:47.929Z,market,trade,WINFUT,182690.0,5,,,,IDEAL CTVM SA,BTG Pactual CTVM S.A.,,,
2026-03-27T13:15:47.929Z,market,trade,WINFUT,182690.0,1,,,,IDEAL CTVM SA,AGORA CTVM S/A,,,
2026-03-27T13:15:47.929Z,market,trade,WINFUT,182690.0,1,,,,IDEAL CTVM SA,AGORA CTVM S/A,,,
2026-03-27T13:15:47.929Z,market,trade,WINFUT,182690.0,1,,,,IDEAL CTVM SA,IDEAL CTVM SA,,,
2026-03-27T13:15:47.929Z,market,trade,WINFUT,182690.0,3,,,,IDEAL CTVM SA,IDEAL CTVM SA,,,
2026-03-27T13:15:47.929Z,market,trade,WINFUT,182690.0,1,,,,IDEAL CTVM SA,BTG Pactual CTVM S.A.,,,
2026-03-27T13:15:47.929Z,market,trade,WINFUT,182690.0,1,,,,IDEAL CTVM SA,AGORA CTVM S/A,,,
2026-03-27T13:15:47.929Z,market,trade,WINFUT,182690.0,1,,,,IDEAL CTVM SA,IDEAL CTVM SA,,,
2026-03-27T13:15:47.985Z,market,trade,WINFUT,182695.0,1,,,,GENIAL INSTITUCIONAL CCTVM S.A,BTG Pactual CTVM S.A.,,,
2026-03-27T13:15:47.985Z,market,trade,WINFUT,182695.0,4,,,,IDEAL CTVM SA,BTG Pactual CTVM S.A.,,,
2026-03-27T13:15:47.985Z,market,trade,WINFUT,182695.0,3,,,,IDEAL CTVM SA,IDEAL CTVM SA,,,
2026-03-27T13:15:47.985Z,market,trade,WINFUT,182695.0,1,,,,IDEAL CTVM SA,IDEAL CTVM SA,,,
2026-03-27T13:15:47.985Z,market,trade,WINFUT,182695.0,1,,,,IDEAL CTVM SA,BTG Pactual CTVM S.A.,,,
2026-03-27T13:15:47.985Z,market,trade,WINFUT,182695.0,1,,,,IDEAL CTVM SA,BTG Pactual CTVM S.A.,,,
2026-03-27T13:15:47.986Z,market,trade,WINFUT,182695.0,1,,,,IDEAL CTVM SA,XP Investimentos CCTVM S/A,,,
2026-03-27T13:15:47.986Z,market,trade,WINFUT,182695.0,1,,,,BTG Pactual CTVM S.A.,IDEAL CTVM SA,,,
2026-03-27T13:15:48.109Z,market,trade,WINFUT,182700.0,1,,,,BTG Pactual CTVM S.A.,IDEAL CTVM SA,,,
2026-03-27T13:15:48.118Z,market,trade,WINFUT,182700.0,1,,,,XP Investimentos CCTVM S/A,XP Investimentos CCTVM S/A,,,
2026-03-27T13:15:48.274Z,market,trade,WINFUT,182700.0,1,,,,XP Investimentos CCTVM S/A,XP Investimentos CCTVM S/A,,,
2026-03-27T13:15:48.274Z,market,trade,WINFUT,182700.0,1,,,,SANTANDER CORRETORA DE TITULOS E VALORES MOBILIARIOS S.A.,BTG Pactual CTVM S.A.,,,
2026-03-27T13:15:48.274Z,market,trade,WINFUT,182700.0,3,,,,BTG Pactual CTVM S.A.,BTG Pactual CTVM S.A.,,,
2026-03-27T13:15:48.280Z,market,trade,WINFUT,182700.0,6,,,,BTG Pactual CTVM S.A.,BTG Pactual CTVM S.A.,,,
2026-03-27T13:15:48.280Z,market,trade,WINFUT,182695.0,1,,,,XP Investimentos CCTVM S/A,BTG Pactual CTVM S.A.,,,
2026-03-27T13:15:48.281Z,market,trade,WINFUT,182695.0,1,,,,XP Investimentos CCTVM S/A,BTG Pactual CTVM S.A.,,,
2026-03-27T13:15:48.281Z,market,trade,WINFUT,182700.0,1,,,,XP Investimentos CCTVM S/A,XP Investimentos CCTVM S/A,,,
2026-03-27T13:15:48.281Z,market,trade,WINFUT,182700.0,11,,,,UBS BRASIL CCTVM S/A,IDEAL CTVM SA,,,
2026-03-27T13:15:48.281Z,market,trade,WINFUT,182700.0,1,,,,UBS BRASIL CCTVM S/A,BTG Pactual CTVM S.A.,,,
2026-03-27T13:15:48.281Z,market,trade,WINFUT,182700.0,4,,,,UBS BRASIL CCTVM S/A,BTG Pactual CTVM S.A.,,,
2026-03-27T13:15:48.281Z,market,trade,WINFUT,182700.0,1,,,,UBS BRASIL CCTVM S/A,BTG Pactual CTVM S.A.,,,
2026-03-27T13:15:48.281Z,market,trade,WINFUT,182700.0,1,,,,UBS BRASIL CCTVM S/A,BTG Pactual CTVM S.A.,,,
2026-03-27T13:15:48.281Z,market,trade,WINFUT,182700.0,2,,,,UBS BRASIL CCTVM S/A,BTG Pactual CTVM S.A.,,,
2026-03-27T13:15:48.281Z,market,trade,WINFUT,182700.0,2,,,,UBS BRASIL CCTVM S/A,IDEAL CTVM SA,,,
2026-03-27T13:15:48.281Z,market,trade,WINFUT,182700.0,8,,,,UBS BRASIL CCTVM S/A,IDEAL CTVM SA,,,
2026-03-27T13:15:48.281Z,market,trade,WINFUT,182700.0,7,,,,UBS BRASIL CCTVM S/A,IDEAL CTVM SA,,,
2026-03-27T13:15:48.281Z,market,trade,WINFUT,182700.0,5,,,,IDEAL CTVM SA,BTG Pactual CTVM S.A.,,,
2026-03-27T13:15:48.383Z,market,trade,WINFUT,182700.0,1,,,,BTG Pactual CTVM S.A.,BTG Pactual CTVM S.A.,,,
2026-03-27T13:15:48.401Z,market,trade,WINFUT,182705.0,2,,,,XP Investimentos CCTVM S/A,XP Investimentos CCTVM S/A,,,
2026-03-27T13:15:48.401Z,market,trade,WINFUT,182705.0,1,,,,Elliot-Warren,CM Capital Markets CCTVM LTDA,,,
2026-03-27T13:15:48.402Z,market,trade,WINFUT,182705.0,5,,,,Elliot-Warren,GENIAL INSTITUCIONAL CCTVM S.A,,,
2026-03-27T13:15:48.402Z,market,trade,WINFUT,182705.0,3,,,,Elliot-Warren,GENIAL INSTITUCIONAL CCTVM S.A,,,
2026-03-27T13:15:48.402Z,market,trade,WINFUT,182705.0,1,,,,Elliot-Warren,BTG Pactual CTVM S.A.,,,
2026-03-27T13:15:48.464Z,market,trade,WINFUT,182705.0,1,,,,SANTANDER CORRETORA DE TITULOS E VALORES MOBILIARIOS S.A.,BTG Pactual CTVM S.A.,,,
2026-03-27T13:15:48.621Z,market,trade,WINFUT,182705.0,1,,,,CM Capital Markets CCTVM LTDA,CM Capital Markets CCTVM LTDA,,,
2026-03-27T13:15:48.621Z,market,trade,WINFUT,182705.0,1,,,,SANTANDER CORRETORA DE TITULOS E VALORES MOBILIARIOS S.A.,BTG Pactual CTVM S.A.,,,
2026-03-27T13:15:48.622Z,market,trade,WINFUT,182705.0,1,,,,SANTANDER CORRETORA DE TITULOS E VALORES MOBILIARIOS S.A.,NOVA FUTURA CTVM LTDA,,,
2026-03-27T13:15:48.622Z,market,trade,WINFUT,182700.0,1,,,,XP Investimentos CCTVM S/A,XP Investimentos CCTVM S/A,,,
2026-03-27T13:15:48.622Z,market,trade,WINFUT,182705.0,1,,,,SANTANDER CORRETORA DE TITULOS E VALORES MOBILIARIOS S.A.,NOVA FUTURA CTVM LTDA,,,
2026-03-27T13:15:48.622Z,market,trade,WINFUT,182700.0,1,,,,XP Investimentos CCTVM S/A,XP Investimentos CCTVM S/A,,,
2026-03-27T13:15:48.791Z,market,trade,WINFUT,182705.0,1,,,,SANTANDER CORRETORA DE TITULOS E VALORES MOBILIARIOS S.A.,BTG Pactual CTVM S.A.,,,
2026-03-27T13:15:48.791Z,market,trade,WINFUT,182705.0,5,,,,Elliot-Warren,Elliot-Warren,,,
2026-03-27T13:15:48.791Z,market,trade,WINFUT,182705.0,3,,,,XP Investimentos CCTVM S/A,XP Investimentos CCTVM S/A,,,
2026-03-27T13:15:48.791Z,market,trade,WINFUT,182700.0,1,,,,BTG Pactual CTVM S.A.,ITAU CV S/A,,,
2026-03-27T13:15:48.791Z,market,trade,WINFUT,182700.0,4,,,,XP Investimentos CCTVM S/A,ITAU CV S/A,,,
2026-03-27T13:15:48.791Z,market,trade,WINFUT,182705.0,1,,,,GENIAL INSTITUCIONAL CCTVM S.A,BTG Pactual CTVM S.A.,,,
2026-03-27T13:15:48.791Z,market,trade,WINFUT,182700.0,5,,,,XP Investimentos CCTVM S/A,XP Investimentos CCTVM S/A,,,
2026-03-27T13:15:48.792Z,market,trade,WINFUT,182705.0,1,,,,BTG Pactual CTVM S.A.,BTG Pactual CTVM S.A.,,,
2026-03-27T13:15:48.792Z,market,trade,WINFUT,182700.0,2,,,,XP Investimentos CCTVM S/A,XP Investimentos CCTVM S/A,,,
2026-03-27T13:15:48.792Z,market,trade,WINFUT,182700.0,9,,,,XP Investimentos CCTVM S/A,IDEAL CTVM SA,,,
2026-03-27T13:15:48.792Z,market,trade,WINFUT,182700.0,1,,,,XP Investimentos CCTVM S/A,IDEAL CTVM SA,,,
2026-03-27T13:15:48.792Z,market,trade,WINFUT,182700.0,10,,,,XP Investimentos CCTVM S/A,IDEAL CTVM SA,,,
2026-03-27T13:15:48.792Z,market,trade,WINFUT,182700.0,18,,,,XP Investimentos CCTVM S/A,UBS BRASIL CCTVM S/A,,,
2026-03-27T13:15:48.792Z,market,trade,WINFUT,182700.0,6,,,,XP Investimentos CCTVM S/A,AGORA CTVM S/A,,,
2026-03-27T13:15:48.792Z,market,trade,WINFUT,182700.0,1,,,,BTG Pactual CTVM S.A.,AGORA CTVM S/A,,,
2026-03-27T13:15:48.828Z,market,trade,WINFUT,182695.0,1,,,,BTG Pactual CTVM S.A.,SANTANDER CORRETORA DE TITULOS E VALORES MOBILIARIOS S.A.,,,
2026-03-27T13:15:48.828Z,market,trade,WINFUT,182695.0,11,,,,IDEAL CTVM SA,SANTANDER CORRETORA DE TITULOS E VALORES MOBILIARIOS S.A.,,,
2026-03-27T13:15:48.828Z,market,trade,WINFUT,182695.0,1,,,,BTG Pactual CTVM S.A.,SANTANDER CORRETORA DE TITULOS E VALORES MOBILIARIOS S.A.,,,
2026-03-27T13:15:48.828Z,market,trade,WINFUT,182695.0,7,,,,UBS BRASIL CCTVM S/A,SANTANDER CORRETORA DE TITULOS E VALORES MOBILIARIOS S.A.,,,
2026-03-27T13:15:48.828Z,market,trade,WINFUT,182695.0,1,,,,XP Investimentos CCTVM S/A,SANTANDER CORRETORA DE TITULOS E VALORES MOBILIARIOS S.A.,,,
2026-03-27T13:15:48.828Z,market,trade,WINFUT,182695.0,2,,,,IDEAL CTVM SA,SANTANDER CORRETORA DE TITULOS E VALORES MOBILIARIOS S.A.,,,
2026-03-27T13:15:48.828Z,market,trade,WINFUT,182695.0,1,,,,XP Investimentos CCTVM S/A,XP Investimentos CCTVM S/A,,,
2026-03-27T13:15:48.828Z,market,trade,WINFUT,182700.0,1,,,,XP Investimentos CCTVM S/A,XP Investimentos CCTVM S/A,,,
2026-03-27T13:15:48.828Z,market,trade,WINFUT,182695.0,1,,,,BTG Pactual CTVM S.A.,BTG Pactual CTVM S.A.,,,
2026-03-27T13:15:48.891Z,market,trade,WINFUT,182700.0,1,,,,XP Investimentos CCTVM S/A,XP Investimentos CCTVM S/A,,,
2026-03-27T13:15:48.891Z,market,trade,WINFUT,182700.0,13,,,,XP Investimentos CCTVM S/A,XP Investimentos CCTVM S/A,,,
2026-03-27T13:15:48.891Z,market,trade,WINFUT,182700.0,2,,,,XP Investimentos CCTVM S/A,XP Investimentos CCTVM S/A,,,
2026-03-27T13:15:48.930Z,market,trade,WINFUT,182700.0,3,,,,IDEAL CTVM SA,IDEAL CTVM SA,,,
2026-03-27T13:15:48.930Z,market,trade,WINFUT,182700.0,1,,,,IDEAL CTVM SA,IDEAL CTVM SA,,,
2026-03-27T13:15:48.930Z,market,trade,WINFUT,182700.0,1,,,,IDEAL CTVM SA,AGORA CTVM S/A,,,
2026-03-27T13:15:48.930Z,market,trade,WINFUT,182700.0,2,,,,IDEAL CTVM SA,IDEAL CTVM SA,,,
2026-03-27T13:15:48.930Z,market,trade,WINFUT,182700.0,2,,,,IDEAL CTVM SA,IDEAL CTVM SA,,,
2026-03-27T13:15:48.930Z,market,trade,WINFUT,182700.0,1,,,,IDEAL CTVM SA,BTG Pactual CTVM S.A.,,,
2026-03-27T13:15:48.930Z,market,trade,WINFUT,182700.0,1,,,,IDEAL CTVM SA,AGORA CTVM S/A,,,
2026-03-27T13:15:48.976Z,market,trade,WINFUT,182705.0,1,,,,BTG Pactual CTVM S.A.,GENIAL INSTITUCIONAL CCTVM S.A,,,
2026-03-27T13:15:48.976Z,market,trade,WINFUT,182700.0,2,,,,XP Investimentos CCTVM S/A,XP Investimentos CCTVM S/A,,,
2026-03-27T13:15:49.058Z,market,trade,WINFUT,182695.0,1,,,,BTG Pactual CTVM S.A.,IDEAL CTVM SA,,,
2026-03-27T13:15:49.059Z,market,trade,WINFUT,182695.0,1,,,,BTG Pactual CTVM S.A.,IDEAL CTVM SA,,,
2026-03-27T13:15:49.059Z,market,trade,WINFUT,182700.0,1,,,,GENIAL INSTITUCIONAL CCTVM S.A,GENIAL INSTITUCIONAL CCTVM S.A,,,
2026-03-27T13:15:49.113Z,market,trade,WINFUT,182695.0,14,,,,XP Investimentos CCTVM S/A,XP Investimentos CCTVM S/A,,,
2026-03-27T13:15:49.113Z,market,trade,WINFUT,182695.0,1,,,,BTG Pactual CTVM S.A.,XP Investimentos CCTVM S/A,,,
2026-03-27T13:15:49.113Z,market,trade,WINFUT,182695.0,1,,,,BTG Pactual CTVM S.A.,XP Investimentos CCTVM S/A,,,
2026-03-27T13:15:49.114Z,market,trade,WINFUT,182695.0,1,,,,BTG Pactual CTVM S.A.,XP Investimentos CCTVM S/A,,,
2026-03-27T13:15:49.114Z,market,trade,WINFUT,182690.0,3,,,,XP Investimentos CCTVM S/A,XP Investimentos CCTVM S/A,,,
2026-03-27T13:15:49.114Z,market,trade,WINFUT,182695.0,1,,,,IDEAL CTVM SA,BTG Pactual CTVM S.A.,,,
2026-03-27T13:15:49.171Z,market,trade,WINFUT,182695.0,9,,,,IDEAL CTVM SA,UBS BRASIL CCTVM S/A,,,
2026-03-27T13:15:49.171Z,market,trade,WINFUT,182700.0,2,,,,XP Investimentos CCTVM S/A,XP Investimentos CCTVM S/A,,,
2026-03-27T13:15:49.171Z,market,trade,WINFUT,182700.0,2,,,,SANTANDER CORRETORA DE TITULOS E VALORES MOBILIARIOS S.A.,UBS BRASIL CCTVM S/A,,,
2026-03-27T13:15:49.171Z,market,trade,WINFUT,182695.0,11,,,,IDEAL CTVM SA,UBS BRASIL CCTVM S/A,,,
2026-03-27T13:15:49.171Z,market,trade,WINFUT,182695.0,1,,,,XP Investimentos CCTVM S/A,UBS BRASIL CCTVM S/A,,,
2026-03-27T13:15:49.171Z,market,trade,WINFUT,182695.0,6,,,,XP Investimentos CCTVM S/A,UBS BRASIL CCTVM S/A,,,
2026-03-27T13:15:49.171Z,market,trade,WINFUT,182695.0,1,,,,BTG Pactual CTVM S.A.,UBS BRASIL CCTVM S/A,,,
2026-03-27T13:15:49.171Z,market,trade,WINFUT,182695.0,1,,,,XP Investimentos CCTVM S/A,UBS BRASIL CCTVM S/A,,,
2026-03-27T13:15:49.309Z,market,trade,WINFUT,182690.0,1,,,,XP Investimentos CCTVM S/A,GENIAL INSTITUCIONAL CCTVM S.A,,,
2026-03-27T13:15:49.310Z,market,trade,WINFUT,182690.0,1,,,,XP Investimentos CCTVM S/A,GENIAL INSTITUCIONAL CCTVM S.A,,,
2026-03-27T13:15:49.310Z,market,trade,WINFUT,182690.0,2,,,,IDEAL CTVM SA,GENIAL INSTITUCIONAL CCTVM S.A,,,
2026-03-27T13:15:49.310Z,market,trade,WINFUT,182690.0,2,,,,XP Investimentos CCTVM S/A,XP Investimentos CCTVM S/A,,,
2026-03-27T13:15:49.310Z,market,trade,WINFUT,182690.0,5,,,,IDEAL CTVM SA,XP Investimentos CCTVM S/A,,,
2026-03-27T13:15:49.310Z,market,trade,WINFUT,182690.0,2,,,,IDEAL CTVM SA,SANTANDER CORRETORA DE TITULOS E VALORES MOBILIARIOS S.A.,,,
2026-03-27T13:15:49.310Z,market,trade,WINFUT,182690.0,2,,,,IDEAL CTVM SA,SANTANDER CORRETORA DE TITULOS E VALORES MOBILIARIOS S.A.,,,
2026-03-27T13:15:49.310Z,market,trade,WINFUT,182690.0,1,,,,BTG Pactual CTVM S.A.,SANTANDER CORRETORA DE TITULOS E VALORES MOBILIARIOS S.A.,,,
2026-03-27T13:15:49.310Z,market,trade,WINFUT,182690.0,1,,,,XP Investimentos CCTVM S/A,SANTANDER CORRETORA DE TITULOS E VALORES MOBILIARIOS S.A.,,,
2026-03-27T13:15:49.310Z,market,trade,WINFUT,182690.0,1,,,,XP Investimentos CCTVM S/A,SANTANDER CORRETORA DE TITULOS E VALORES MOBILIARIOS S.A.,,,
2026-03-27T13:15:49.310Z,market,trade,WINFUT,182690.0,5,,,,UBS BRASIL CCTVM S/A,SANTANDER CORRETORA DE TITULOS E VALORES MOBILIARIOS S.A.,,,
2026-03-27T13:15:49.311Z,market,trade,WINFUT,182690.0,1,,,,BTG Pactual CTVM S.A.,SANTANDER CORRETORA DE TITULOS E VALORES MOBILIARIOS S.A.,,,
2026-03-27T13:15:49.325Z,market,trade,WINFUT,182695.0,2,,,,SANTANDER CORRETORA DE TITULOS E VALORES MOBILIARIOS S.A.,IDEAL CTVM SA,,,
2026-03-27T13:15:49.325Z,market,trade,WINFUT,182695.0,1,,,,NOVA FUTURA CTVM LTDA,NOVA FUTURA CTVM LTDA,,,
2026-03-27T13:15:49.443Z,market,trade,WINFUT,182690.0,1,,,,BTG Pactual CTVM S.A.,SANTANDER CORRETORA DE TITULOS E VALORES MOBILIARIOS S.A.,,,
2026-03-27T13:15:49.443Z,market,trade,WINFUT,182690.0,1,,,,XP Investimentos CCTVM S/A,XP Investimentos CCTVM S/A,,,
2026-03-27T13:15:49.443Z,market,trade,WINFUT,182695.0,2,,,,XP Investimentos CCTVM S/A,XP Investimentos CCTVM S/A,,,
2026-03-27T13:15:49.443Z,market,trade,WINFUT,182695.0,1,,,,XP Investimentos CCTVM S/A,XP Investimentos CCTVM S/A,,,
2026-03-27T13:15:49.443Z,market,trade,WINFUT,182695.0,1,,,,BTG Pactual CTVM S.A.,BTG Pactual CTVM S.A.,,,
2026-03-27T13:15:49.443Z,market,trade,WINFUT,182695.0,8,,,,IDEAL CTVM SA,IDEAL CTVM SA,,,
2026-03-27T13:15:49.443Z,market,trade,WINFUT,182695.0,1,,,,IDEAL CTVM SA,BTG Pactual CTVM S.A.,,,
2026-03-27T13:15:49.443Z,market,trade,WINFUT,182695.0,7,,,,IDEAL CTVM SA,IDEAL CTVM SA,,,
2026-03-27T13:15:49.443Z,market,trade,WINFUT,182695.0,1,,,,IDEAL CTVM SA,BTG Pactual CTVM S.A.,,,
2026-03-27T13:15:49.444Z,market,trade,WINFUT,182695.0,1,,,,IDEAL CTVM SA,GENIAL INSTITUCIONAL CCTVM S.A,,,
2026-03-27T13:15:49.444Z,market,trade,WINFUT,182700.0,9,,,,IDEAL CTVM SA,UBS BRASIL CCTVM S/A,,,
2026-03-27T13:15:49.444Z,market,trade,WINFUT,182700.0,2,,,,IDEAL CTVM SA,UBS BRASIL CCTVM S/A,,,
2026-03-27T13:15:49.444Z,market,trade,WINFUT,182700.0,5,,,,IDEAL CTVM SA,UBS BRASIL CCTVM S/A,,,
2026-03-27T13:15:49.444Z,market,trade,WINFUT,182700.0,1,,,,IDEAL CTVM SA,BTG Pactual CTVM S.A.,,,
2026-03-27T13:15:49.444Z,market,trade,WINFUT,182700.0,1,,,,IDEAL CTVM SA,BTG Pactual CTVM S.A.,,,
2026-03-27T13:15:49.444Z,market,trade,WINFUT,182700.0,1,,,,IDEAL CTVM SA,BTG Pactual CTVM S.A.,,,
2026-03-27T13:15:49.444Z,market,trade,WINFUT,182700.0,2,,,,IDEAL CTVM SA,IDEAL CTVM SA,,,
2026-03-27T13:15:49.577Z,market,trade,WINFUT,182700.0,2,,,,IDEAL CTVM SA,SANTANDER CORRETORA DE TITULOS E VALORES MOBILIARIOS S.A.,,,
2026-03-27T13:15:49.577Z,market,trade,WINFUT,182700.0,1,,,,CM Capital Markets CCTVM LTDA,CM Capital Markets CCTVM LTDA,,,
2026-03-27T13:15:49.616Z,market,trade,WINFUT,182705.0,1,,,,BTG Pactual CTVM S.A.,BTG Pactual CTVM S.A.,,,
2026-03-27T13:15:49.616Z,market,trade,WINFUT,182700.0,7,,,,IDEAL CTVM SA,Elliot-Warren,,,
2026-03-27T13:15:49.617Z,market,trade,WINFUT,182700.0,1,,,,BTG Pactual CTVM S.A.,Elliot-Warren,,,
2026-03-27T13:15:49.617Z,market,trade,WINFUT,182700.0,2,,,,IDEAL CTVM SA,Elliot-Warren,,,
2026-03-27T13:15:49.617Z,market,trade,WINFUT,182700.0,2,,,,IDEAL CTVM SA,Elliot-Warren,,,
2026-03-27T13:15:49.617Z,market,trade,WINFUT,182700.0,1,,,,XP Investimentos CCTVM S/A,Elliot-Warren,,,
2026-03-27T13:15:49.617Z,market,trade,WINFUT,182700.0,5,,,,XP Investimentos CCTVM S/A,Elliot-Warren,,,
2026-03-27T13:15:49.617Z,market,trade,WINFUT,182695.0,5,,,,XP Investimentos CCTVM S/A,Elliot-Warren,,,
2026-03-27T13:15:49.617Z,market,trade,WINFUT,182695.0,1,,,,XP Investimentos CCTVM S/A,Elliot-Warren,,,
2026-03-27T13:15:49.617Z,market,trade,WINFUT,182695.0,10,,,,IDEAL CTVM SA,Elliot-Warren,,,
2026-03-27T13:15:49.617Z,market,trade,WINFUT,182695.0,7,,,,IDEAL CTVM SA,Elliot-Warren,,,
2026-03-27T13:15:49.617Z,market,trade,WINFUT,182695.0,1,,,,IDEAL CTVM SA,Elliot-Warren,,,
2026-03-27T13:15:49.617Z,market,trade,WINFUT,182695.0,8,,,,IDEAL CTVM SA,Elliot-Warren,,,
2026-03-27T13:15:49.617Z,market,trade,WINFUT,182700.0,1,,,,IDEAL CTVM SA,BTG Pactual CTVM S.A.,,,
2026-03-27T13:15:49.617Z,market,trade,WINFUT,182700.0,1,,,,IDEAL CTVM SA,BTG Pactual CTVM S.A.,,,
2026-03-27T13:15:49.617Z,market,trade,WINFUT,182695.0,1,,,,BTG Pactual CTVM S.A.,BTG Pactual CTVM S.A.,,,
2026-03-27T13:15:49.617Z,market,trade,WINFUT,182700.0,3,,,,IDEAL CTVM SA,BTG Pactual CTVM S.A.,,,
2026-03-27T13:15:49.617Z,market,trade,WINFUT,182700.0,3,,,,IDEAL CTVM SA,IDEAL CTVM SA,,,
2026-03-27T13:15:49.643Z,market,trade,WINFUT,182700.0,1,,,,XP Investimentos CCTVM S/A,IDEAL CTVM SA,,,
2026-03-27T13:15:49.643Z,market,trade,WINFUT,182700.0,5,,,,XP Investimentos CCTVM S/A,IDEAL CTVM SA,,,
2026-03-27T13:15:49.643Z,market,trade,WINFUT,182700.0,1,,,,XP Investimentos CCTVM S/A,IDEAL CTVM SA,,,
2026-03-27T13:15:49.643Z,market,trade,WINFUT,182700.0,1,,,,BTG Pactual CTVM S.A.,IDEAL CTVM SA,,,
2026-03-27T13:15:49.748Z,market,trade,WINFUT,182695.0,10,,,,GENIAL INSTITUCIONAL CCTVM S.A,IDEAL CTVM SA,,,
2026-03-27T13:15:49.748Z,market,trade,WINFUT,182695.0,5,,,,XP Investimentos CCTVM S/A,IDEAL CTVM SA,,,
2026-03-27T13:15:49.748Z,market,trade,WINFUT,182695.0,1,,,,BTG Pactual CTVM S.A.,IDEAL CTVM SA,,,
2026-03-27T13:15:49.748Z,market,trade,WINFUT,182695.0,1,,,,XP Investimentos CCTVM S/A,IDEAL CTVM SA,,,
2026-03-27T13:15:49.748Z,market,trade,WINFUT,182695.0,1,,,,XP Investimentos CCTVM S/A,IDEAL CTVM SA,,,
2026-03-27T13:15:49.748Z,market,trade,WINFUT,182695.0,1,,,,BTG Pactual CTVM S.A.,IDEAL CTVM SA,,,
2026-03-27T13:15:49.748Z,market,trade,WINFUT,182695.0,1,,,,BTG Pactual CTVM S.A.,IDEAL CTVM SA,,,
2026-03-27T13:15:49.748Z,market,trade,WINFUT,182695.0,1,,,,XP Investimentos CCTVM S/A,IDEAL CTVM SA,,,
2026-03-27T13:15:49.748Z,market,trade,WINFUT,182695.0,10,,,,XP Investimentos CCTVM S/A,IDEAL CTVM SA,,,
2026-03-27T13:15:49.748Z,market,trade,WINFUT,182695.0,1,,,,XP Investimentos CCTVM S/A,IDEAL CTVM SA,,,
2026-03-27T13:15:49.748Z,market,trade,WINFUT,182695.0,9,,,,XP Investimentos CCTVM S/A,UBS BRASIL CCTVM S/A,,,
2026-03-27T13:15:49.748Z,market,trade,WINFUT,182695.0,11,,,,BTG Pactual CTVM S.A.,BTG Pactual CTVM S.A.,,,
2026-03-27T13:15:49.748Z,market,trade,WINFUT,182695.0,1,,,,BTG Pactual CTVM S.A.,BTG Pactual CTVM S.A.,,,
2026-03-27T13:15:49.748Z,market,trade,WINFUT,182695.0,10,,,,BTG Pactual CTVM S.A.,IDEAL CTVM SA,,,
2026-03-27T13:15:49.887Z,market,trade,WINFUT,182695.0,2,,,,XP Investimentos CCTVM S/A,XP Investimentos CCTVM S/A,,,
2026-03-27T13:15:49.888Z,market,trade,WINFUT,182695.0,1,,,,SANTANDER CORRETORA DE TITULOS E VALORES MOBILIARIOS S.A.,IDEAL CTVM SA,,,
2026-03-27T13:15:49.888Z,market,trade,WINFUT,182695.0,8,,,,SANTANDER CORRETORA DE TITULOS E VALORES MOBILIARIOS S.A.,IDEAL CTVM SA,,,
2026-03-27T13:15:49.888Z,market,trade,WINFUT,182695.0,2,,,,SANTANDER CORRETORA DE TITULOS E VALORES MOBILIARIOS S.A.,IDEAL CTVM SA,,,
2026-03-27T13:15:49.888Z,market,trade,WINFUT,182695.0,1,,,,SANTANDER CORRETORA DE TITULOS E VALORES MOBILIARIOS S.A.,AGORA CTVM S/A,,,
2026-03-27T13:15:49.888Z,market,trade,WINFUT,182695.0,1,,,,GENIAL INSTITUCIONAL CCTVM S.A,XP Investimentos CCTVM S/A,,,
2026-03-27T13:15:49.888Z,market,trade,WINFUT,182690.0,2,,,,XP Investimentos CCTVM S/A,XP Investimentos CCTVM S/A,,,
2026-03-27T13:15:49.889Z,market,trade,WINFUT,182695.0,1,,,,IDEAL CTVM SA,AGORA CTVM S/A,,,
2026-03-27T13:15:49.889Z,market,trade,WINFUT,182695.0,1,,,,IDEAL CTVM SA,AGORA CTVM S/A,,,
2026-03-27T13:15:49.889Z,market,trade,WINFUT,182695.0,1,,,,IDEAL CTVM SA,BTG Pactual CTVM S.A.,,,
2026-03-27T13:15:49.889Z,market,trade,WINFUT,182695.0,1,,,,IDEAL CTVM SA,AGORA CTVM S/A,,,
2026-03-27T13:15:49.934Z,market,trade,WINFUT,182700.0,5,,,,XP Investimentos CCTVM S/A,XP Investimentos CCTVM S/A,,,
2026-03-27T13:15:49.934Z,market,trade,WINFUT,182695.0,2,,,,XP Investimentos CCTVM S/A,XP Investimentos CCTVM S/A,,,
2026-03-27T13:15:50.087Z,market,trade,WINFUT,182700.0,1,,,,XP Investimentos CCTVM S/A,XP Investimentos CCTVM S/A,,,
2026-03-27T13:15:50.087Z,market,trade,WINFUT,182695.0,1,,,,XP Investimentos CCTVM S/A,XP Investimentos CCTVM S/A,,,
2026-03-27T13:15:50.087Z,market,trade,WINFUT,182700.0,10,,,,BTG Pactual CTVM S.A.,BTG Pactual CTVM S.A.,,,
2026-03-27T13:15:50.087Z,market,trade,WINFUT,182700.0,1,,,,BTG Pactual CTVM S.A.,IDEAL CTVM SA,,,
2026-03-27T13:15:50.088Z,market,trade,WINFUT,182700.0,1,,,,XP Investimentos CCTVM S/A,XP Investimentos CCTVM S/A,,,
2026-03-27T13:15:50.088Z,market,trade,WINFUT,182700.0,2,,,,GENIAL INSTITUCIONAL CCTVM S.A,IDEAL CTVM SA,,,
2026-03-27T13:15:50.088Z,market,trade,WINFUT,182700.0,1,,,,XP Investimentos CCTVM S/A,XP Investimentos CCTVM S/A,,,
2026-03-27T13:15:50.213Z,market,trade,WINFUT,182695.0,2,,,,XP Investimentos CCTVM S/A,XP Investimentos CCTVM S/A,,,
2026-03-27T13:15:50.214Z,market,trade,WINFUT,182700.0,4,,,,CM Capital Markets CCTVM LTDA,CM Capital Markets CCTVM LTDA,,,
2026-03-27T13:15:50.214Z,market,trade,WINFUT,182700.0,6,,,,XP Investimentos CCTVM S/A,XP Investimentos CCTVM S/A,,,
2026-03-27T13:15:50.214Z,market,trade,WINFUT,182700.0,1,,,,XP Investimentos CCTVM S/A,XP Investimentos CCTVM S/A,,,
2026-03-27T13:15:50.214Z,market,trade,WINFUT,182695.0,2,,,,XP Investimentos CCTVM S/A,XP Investimentos CCTVM S/A,,,
2026-03-27T13:15:50.215Z,market,trade,WINFUT,182700.0,3,,,,SANTANDER CORRETORA DE TITULOS E VALORES MOBILIARIOS S.A.,IDEAL CTVM SA,,,
2026-03-27T13:15:50.215Z,market,trade,WINFUT,182695.0,1,,,,XP Investimentos CCTVM S/A,XP Investimentos CCTVM S/A,,,
2026-03-27T13:15:50.237Z,market,trade,WINFUT,182700.0,10,,,,BTG Pactual CTVM S.A.,BTG Pactual CTVM S.A.,,,
2026-03-27T13:15:50.237Z,market,trade,WINFUT,182695.0,2,,,,XP Investimentos CCTVM S/A,XP Investimentos CCTVM S/A,,,
2026-03-27T13:15:50.237Z,market,trade,WINFUT,182700.0,3,,,,SANTANDER CORRETORA DE TITULOS E VALORES MOBILIARIOS S.A.,IDEAL CTVM SA,,,
2026-03-27T13:15:50.237Z,market,trade,WINFUT,182700.0,2,,,,SANTANDER CORRETORA DE TITULOS E VALORES MOBILIARIOS S.A.,IDEAL CTVM SA,,,
2026-03-27T13:15:50.237Z,market,trade,WINFUT,182700.0,4,,,,SANTANDER CORRETORA DE TITULOS E VALORES MOBILIARIOS S.A.,BTG Pactual CTVM S.A.,,,
2026-03-27T13:15:50.237Z,market,trade,WINFUT,182700.0,1,,,,SANTANDER CORRETORA DE TITULOS E VALORES MOBILIARIOS S.A.,XP Investimentos CCTVM S/A,,,
2026-03-27T13:15:50.237Z,market,trade,WINFUT,182700.0,5,,,,SANTANDER CORRETORA DE TITULOS E VALORES MOBILIARIOS S.A.,IDEAL CTVM SA,,,
2026-03-27T13:15:50.237Z,market,trade,WINFUT,182700.0,1,,,,SANTANDER CORRETORA DE TITULOS E VALORES MOBILIARIOS S.A.,BTG Pactual CTVM S.A.,,,
2026-03-27T13:15:50.237Z,market,trade,WINFUT,182700.0,5,,,,SANTANDER CORRETORA DE TITULOS E VALORES MOBILIARIOS S.A.,BTG Pactual CTVM S.A.,,,
2026-03-27T13:15:50.237Z,market,trade,WINFUT,182700.0,1,,,,SANTANDER CORRETORA DE TITULOS E VALORES MOBILIARIOS S.A.,XP Investimentos CCTVM S/A,,,
2026-03-27T13:15:50.237Z,market,trade,WINFUT,182700.0,1,,,,SANTANDER CORRETORA DE TITULOS E VALORES MOBILIARIOS S.A.,AGORA CTVM S/A,,,
2026-03-27T13:15:50.237Z,market,trade,WINFUT,182700.0,5,,,,IDEAL CTVM SA,IDEAL CTVM SA,,,
2026-03-27T13:15:50.238Z,market,trade,WINFUT,182700.0,1,,,,IDEAL CTVM SA,BTG Pactual CTVM S.A.,,,
2026-03-27T13:15:50.238Z,market,trade,WINFUT,182700.0,1,,,,IDEAL CTVM SA,BTG Pactual CTVM S.A.,,,
2026-03-27T13:15:50.238Z,market,trade,WINFUT,182700.0,1,,,,IDEAL CTVM SA,BTG Pactual CTVM S.A.,,,
2026-03-27T13:15:50.238Z,market,trade,WINFUT,182700.0,1,,,,IDEAL CTVM SA,IDEAL CTVM SA,,,
2026-03-27T13:15:50.238Z,market,trade,WINFUT,182700.0,1,,,,IDEAL CTVM SA,AGORA CTVM S/A,,,
2026-03-27T13:15:50.238Z,market,trade,WINFUT,182700.0,1,,,,BTG Pactual CTVM S.A.,IDEAL CTVM SA,,,
2026-03-27T13:15:50.238Z,market,trade,WINFUT,182695.0,1,,,,BTG Pactual CTVM S.A.,BTG Pactual CTVM S.A.,,,
2026-03-27T13:15:50.238Z,market,trade,WINFUT,182695.0,1,,,,BTG Pactual CTVM S.A.,BTG Pactual CTVM S.A.,,,
2026-03-27T13:15:50.238Z,market,trade,WINFUT,182695.0,1,,,,BTG Pactual CTVM S.A.,BTG Pactual CTVM S.A.,,,
2026-03-27T13:15:50.238Z,market,trade,WINFUT,182695.0,5,,,,XP Investimentos CCTVM S/A,XP Investimentos CCTVM S/A,,,
2026-03-27T13:15:50.238Z,market,trade,WINFUT,182695.0,2,,,,XP Investimentos CCTVM S/A,XP Investimentos CCTVM S/A,,,
2026-03-27T13:15:50.293Z,market,trade,WINFUT,182695.0,1,,,,XP Investimentos CCTVM S/A,XP Investimentos CCTVM S/A,,,
2026-03-27T13:15:50.400Z,market,trade,WINFUT,182695.0,2,,,,XP Investimentos CCTVM S/A,XP Investimentos CCTVM S/A,,,
2026-03-27T13:15:50.400Z,market,trade,WINFUT,182695.0,1,,,,BTG Pactual CTVM S.A.,BTG Pactual CTVM S.A.,,,
2026-03-27T13:15:50.400Z,market,trade,WINFUT,182695.0,1,,,,XP Investimentos CCTVM S/A,XP Investimentos CCTVM S/A,,,
2026-03-27T13:15:50.400Z,market,trade,WINFUT,182695.0,1,,,,SANTANDER CORRETORA DE TITULOS E VALORES MOBILIARIOS S.A.,BTG Pactual CTVM S.A.,,,
2026-03-27T13:15:50.400Z,market,trade,WINFUT,182695.0,2,,,,SANTANDER CORRETORA DE TITULOS E VALORES MOBILIARIOS S.A.,BTG Pactual CTVM S.A.,,,
2026-03-27T13:15:50.400Z,market,trade,WINFUT,182695.0,5,,,,XP Investimentos CCTVM S/A,XP Investimentos CCTVM S/A,,,
2026-03-27T13:15:50.400Z,market,trade,WINFUT,182695.0,14,,,,XP Investimentos CCTVM S/A,XP Investimentos CCTVM S/A,,,
2026-03-27T13:15:50.400Z,market,trade,WINFUT,182695.0,3,,,,XP Investimentos CCTVM S/A,BTG Pactual CTVM S.A.,,,
2026-03-27T13:15:50.400Z,market,trade,WINFUT,182695.0,3,,,,XP Investimentos CCTVM S/A,IDEAL CTVM SA,,,
2026-03-27T13:15:50.400Z,market,trade,WINFUT,182695.0,1,,,,XP Investimentos CCTVM S/A,IDEAL CTVM SA,,,
2026-03-27T13:15:50.400Z,market,trade,WINFUT,182695.0,5,,,,XP Investimentos CCTVM S/A,IDEAL CTVM SA,,,
2026-03-27T13:15:50.400Z,market,trade,WINFUT,182695.0,1,,,,XP Investimentos CCTVM S/A,IDEAL CTVM SA,,,
2026-03-27T13:15:50.400Z,market,trade,WINFUT,182695.0,3,,,,UBS BRASIL CCTVM S/A,IDEAL CTVM SA,,,
2026-03-27T13:15:50.472Z,market,trade,WINFUT,182695.0,1,,,,XP Investimentos CCTVM S/A,XP Investimentos CCTVM S/A,,,
2026-03-27T13:15:50.472Z,market,trade,WINFUT,182700.0,1,,,,SANTANDER CORRETORA DE TITULOS E VALORES MOBILIARIOS S.A.,IDEAL CTVM SA,,,
2026-03-27T13:15:50.493Z,market,trade,WINFUT,182695.0,2,,,,XP Investimentos CCTVM S/A,XP Investimentos CCTVM S/A,,,
2026-03-27T13:15:50.493Z,market,trade,WINFUT,182695.0,6,,,,XP Investimentos CCTVM S/A,XP Investimentos CCTVM S/A,,,
2026-03-27T13:15:50.501Z,market,trade,WINFUT,182700.0,1,,,,GENIAL INSTITUCIONAL CCTVM S.A,IDEAL CTVM SA,,,
2026-03-27T13:15:50.555Z,market,trade,WINFUT,182695.0,10,,,,BTG Pactual CTVM S.A.,BTG Pactual CTVM S.A.,,,
2026-03-27T13:15:50.556Z,market,trade,WINFUT,182695.0,1,,,,XP Investimentos CCTVM S/A,XP Investimentos CCTVM S/A,,,
2026-03-27T13:15:50.556Z,market,trade,WINFUT,182695.0,18,,,,UBS BRASIL CCTVM S/A,XP Investimentos CCTVM S/A,,,
2026-03-27T13:15:50.556Z,market,trade,WINFUT,182695.0,6,,,,IDEAL CTVM SA,XP Investimentos CCTVM S/A,,,
2026-03-27T13:15:50.556Z,market,trade,WINFUT,182695.0,10,,,,XP Investimentos CCTVM S/A,XP Investimentos CCTVM S/A,,,
2026-03-27T13:15:50.633Z,market,trade,WINFUT,182695.0,10,,,,XP Investimentos CCTVM S/A,XP Investimentos CCTVM S/A,,,
2026-03-27T13:15:50.633Z,market,trade,WINFUT,182695.0,10,,,,BTG Pactual CTVM S.A.,BTG Pactual CTVM S.A.,,,
2026-03-27T13:15:50.634Z,market,trade,WINFUT,182695.0,12,,,,BTG Pactual CTVM S.A.,BTG Pactual CTVM S.A.,,,
2026-03-27T13:15:50.634Z,market,trade,WINFUT,182695.0,5,,,,IDEAL CTVM SA,BTG Pactual CTVM S.A.,,,
2026-03-27T13:15:50.634Z,market,trade,WINFUT,182695.0,1,,,,BTG Pactual CTVM S.A.,BTG Pactual CTVM S.A.,,,
2026-03-27T13:15:50.634Z,market,trade,WINFUT,182695.0,1,,,,SANTANDER CORRETORA DE TITULOS E VALORES MOBILIARIOS S.A.,BTG Pactual CTVM S.A.,,,
2026-03-27T13:15:50.634Z,market,trade,WINFUT,182695.0,11,,,,IDEAL CTVM SA,BTG Pactual CTVM S.A.,,,
2026-03-27T13:15:50.634Z,market,trade,WINFUT,182695.0,5,,,,GENIAL INSTITUCIONAL CCTVM S.A,GENIAL INSTITUCIONAL CCTVM S.A,,,
2026-03-27T13:15:50.634Z,market,trade,WINFUT,182695.0,10,,,,BTG Pactual CTVM S.A.,BTG Pactual CTVM S.A.,,,
2026-03-27T13:15:50.634Z,market,trade,WINFUT,182695.0,10,,,,XP Investimentos CCTVM S/A,XP Investimentos CCTVM S/A,,,
2026-03-27T13:15:50.634Z,market,trade,WINFUT,182695.0,2,,,,XP Investimentos CCTVM S/A,XP Investimentos CCTVM S/A,,,
2026-03-27T13:15:50.634Z,market,trade,WINFUT,182695.0,10,,,,XP Investimentos CCTVM S/A,XP Investimentos CCTVM S/A,,,
2026-03-27T13:15:50.634Z,market,trade,WINFUT,182695.0,5,,,,GENIAL INSTITUCIONAL CCTVM S.A,GENIAL INSTITUCIONAL CCTVM S.A,,,
2026-03-27T13:15:50.659Z,market,trade,WINFUT,182695.0,1,,,,BTG Pactual CTVM S.A.,BTG Pactual CTVM S.A.,,,
2026-03-27T13:15:50.659Z,market,trade,WINFUT,182700.0,1,,,,BTG Pactual CTVM S.A.,BTG Pactual CTVM S.A.,,,
2026-03-27T13:15:50.824Z,market,trade,WINFUT,182700.0,4,,,,IDEAL CTVM SA,IDEAL CTVM SA,,,
2026-03-27T13:15:50.824Z,market,trade,WINFUT,182700.0,2,,,,IDEAL CTVM SA,XP Investimentos CCTVM S/A,,,
2026-03-27T13:15:50.824Z,market,trade,WINFUT,182700.0,1,,,,IDEAL CTVM SA,IDEAL CTVM SA,,,
2026-03-27T13:15:50.824Z,market,trade,WINFUT,182700.0,1,,,,IDEAL CTVM SA,AGORA CTVM S/A,,,
2026-03-27T13:15:50.824Z,market,trade,WINFUT,182700.0,1,,,,IDEAL CTVM SA,BTG Pactual CTVM S.A.,,,
2026-03-27T13:15:50.824Z,market,trade,WINFUT,182700.0,1,,,,IDEAL CTVM SA,BTG Pactual CTVM S.A.,,,
2026-03-27T13:15:50.826Z,market,trade,WINFUT,182700.0,2,,,,XP Investimentos CCTVM S/A,XP Investimentos CCTVM S/A,,,
2026-03-27T13:15:50.845Z,market,trade,WINFUT,182700.0,2,,,,UBS BRASIL CCTVM S/A,IDEAL CTVM SA,,,
2026-03-27T13:15:50.845Z,market,trade,WINFUT,182700.0,10,,,,UBS BRASIL CCTVM S/A,IDEAL CTVM SA,,,
2026-03-27T13:15:50.891Z,market,trade,WINFUT,182705.0,1,,,,BTG Pactual CTVM S.A.,BTG Pactual CTVM S.A.,,,
2026-03-27T13:15:50.891Z,market,trade,WINFUT,182705.0,1,,,,XP Investimentos CCTVM S/A,XP Investimentos CCTVM S/A,,,
2026-03-27T13:15:50.891Z,market,trade,WINFUT,182705.0,1,,,,XP Investimentos CCTVM S/A,XP Investimentos CCTVM S/A,,,
2026-03-27T13:15:50.891Z,market,trade,WINFUT,182705.0,3,,,,XP Investimentos CCTVM S/A,XP Investimentos CCTVM S/A,,,
2026-03-27T13:15:50.891Z,market,trade,WINFUT,182705.0,1,,,,XP Investimentos CCTVM S/A,XP Investimentos CCTVM S/A,,,
2026-03-27T13:15:50.891Z,market,trade,WINFUT,182705.0,1,,,,XP Investimentos CCTVM S/A,AGORA CTVM S/A,,,
2026-03-27T13:15:50.946Z,market,trade,WINFUT,182705.0,1,,,,GENIAL INSTITUCIONAL CCTVM S.A,AGORA CTVM S/A,,,
2026-03-27T13:15:50.946Z,market,trade,WINFUT,182705.0,1,,,,XP Investimentos CCTVM S/A,XP Investimentos CCTVM S/A,,,
2026-03-27T13:15:50.946Z,market,trade,WINFUT,182705.0,2,,,,GENIAL INSTITUCIONAL CCTVM S.A,AGORA CTVM S/A,,,
2026-03-27T13:15:50.946Z,market,trade,WINFUT,182705.0,2,,,,IDEAL CTVM SA,AGORA CTVM S/A,,,
2026-03-27T13:15:50.964Z,market,trade,WINFUT,182705.0,2,,,,XP Investimentos CCTVM S/A,XP Investimentos CCTVM S/A,,,
2026-03-27T13:15:50.965Z,market,trade,WINFUT,182700.0,1,,,,XP Investimentos CCTVM S/A,XP Investimentos CCTVM S/A,,,
2026-03-27T13:15:50.966Z,market,trade,WINFUT,182700.0,2,,,,XP Investimentos CCTVM S/A,XP Investimentos CCTVM S/A,,,
2026-03-27T13:15:50.986Z,market,trade,WINFUT,182705.0,1,,,,BTG Pactual CTVM S.A.,BTG Pactual CTVM S.A.,,,
2026-03-27T13:15:50.986Z,market,trade,WINFUT,182700.0,1,,,,XP Investimentos CCTVM S/A,XP Investimentos CCTVM S/A,,,
2026-03-27T13:15:50.988Z,market,trade,WINFUT,182700.0,1,,,,XP Investimentos CCTVM S/A,XP Investimentos CCTVM S/A,,,
2026-03-27T13:15:50.988Z,market,trade,WINFUT,182705.0,1,,,,XP Investimentos CCTVM S/A,XP Investimentos CCTVM S/A,,,
2026-03-27T13:15:51.050Z,market,trade,WINFUT,182705.0,1,,,,SANTANDER CORRETORA DE TITULOS E VALORES MOBILIARIOS S.A.,AGORA CTVM S/A,,,
2026-03-27T13:15:51.118Z,market,trade,WINFUT,182700.0,1,,,,XP Investimentos CCTVM S/A,XP Investimentos CCTVM S/A,,,
2026-03-27T13:15:51.118Z,market,trade,WINFUT,182700.0,1,,,,BTG Pactual CTVM S.A.,SANTANDER CORRETORA DE TITULOS E VALORES MOBILIARIOS S.A.,,,
2026-03-27T13:15:51.118Z,market,trade,WINFUT,182700.0,1,,,,IDEAL CTVM SA,SANTANDER CORRETORA DE TITULOS E VALORES MOBILIARIOS S.A.,,,
2026-03-27T13:15:51.118Z,market,trade,WINFUT,182700.0,7,,,,IDEAL CTVM SA,SANTANDER CORRETORA DE TITULOS E VALORES MOBILIARIOS S.A.,,,
2026-03-27T13:15:51.118Z,market,trade,WINFUT,182705.0,1,,,,XP Investimentos CCTVM S/A,XP Investimentos CCTVM S/A,,,
2026-03-27T13:15:51.118Z,market,trade,WINFUT,182700.0,2,,,,XP Investimentos CCTVM S/A,XP Investimentos CCTVM S/A,,,
2026-03-27T13:15:51.165Z,market,trade,WINFUT,182700.0,1,,,,XP Investimentos CCTVM S/A,XP Investimentos CCTVM S/A,,,
2026-03-27T13:15:51.165Z,market,trade,WINFUT,182700.0,2,,,,IDEAL CTVM SA,SANTANDER CORRETORA DE TITULOS E VALORES MOBILIARIOS S.A.,,,
2026-03-27T13:15:51.190Z,market,trade,WINFUT,182705.0,3,,,,GENIAL INSTITUCIONAL CCTVM S.A,AGORA CTVM S/A,,,
2026-03-27T13:15:51.267Z,market,trade,WINFUT,182705.0,2,,,,XP Investimentos CCTVM S/A,XP Investimentos CCTVM S/A,,,
2026-03-27T13:15:51.267Z,market,trade,WINFUT,182705.0,3,,,,INTER DTVM LTDA,INTER DTVM LTDA,,,
2026-03-27T13:15:51.267Z,market,trade,WINFUT,182700.0,2,,,,XP Investimentos CCTVM S/A,XP Investimentos CCTVM S/A,,,
2026-03-27T13:15:51.267Z,market,trade,WINFUT,182705.0,5,,,,XP Investimentos CCTVM S/A,XP Investimentos CCTVM S/A,,,
2026-03-27T13:15:51.267Z,market,trade,WINFUT,182705.0,2,,,,SANTANDER CORRETORA DE TITULOS E VALORES MOBILIARIOS S.A.,AGORA CTVM S/A,,,
2026-03-27T13:15:51.267Z,market,trade,WINFUT,182700.0,10,,,,GENIAL INSTITUCIONAL CCTVM S.A,GENIAL INSTITUCIONAL CCTVM S.A,,,
2026-03-27T13:15:51.267Z,market,trade,WINFUT,182705.0,1,,,,XP Investimentos CCTVM S/A,XP Investimentos CCTVM S/A,,,
2026-03-27T13:15:51.267Z,market,trade,WINFUT,182705.0,10,,,,UBS BRASIL CCTVM S/A,AGORA CTVM S/A,,,
2026-03-27T13:15:51.267Z,market,trade,WINFUT,182705.0,2,,,,UBS BRASIL CCTVM S/A,XP Investimentos CCTVM S/A,,,
2026-03-27T13:15:51.267Z,market,trade,WINFUT,182705.0,5,,,,UBS BRASIL CCTVM S/A,IDEAL CTVM SA,,,
2026-03-27T13:15:51.267Z,market,trade,WINFUT,182705.0,1,,,,UBS BRASIL CCTVM S/A,XP Investimentos CCTVM S/A,,,
2026-03-27T13:15:51.267Z,market,trade,WINFUT,182705.0,1,,,,IDEAL CTVM SA,BTG Pactual CTVM S.A.,,,
2026-03-27T13:15:51.267Z,market,trade,WINFUT,182705.0,2,,,,IDEAL CTVM SA,BTG Pactual CTVM S.A.,,,
2026-03-27T13:15:51.267Z,market,trade,WINFUT,182705.0,1,,,,IDEAL CTVM SA,BTG Pactual CTVM S.A.,,,
2026-03-27T13:15:51.267Z,market,trade,WINFUT,182705.0,1,,,,IDEAL CTVM SA,SANTANDER CORRETORA DE TITULOS E VALORES MOBILIARIOS S.A.,,,
2026-03-27T13:15:51.267Z,market,trade,WINFUT,182705.0,1,,,,IDEAL CTVM SA,SANTANDER CORRETORA DE TITULOS E VALORES MOBILIARIOS S.A.,,,
2026-03-27T13:15:51.267Z,market,trade,WINFUT,182705.0,1,,,,IDEAL CTVM SA,BTG Pactual CTVM S.A.,,,
2026-03-27T13:15:51.267Z,market,trade,WINFUT,182705.0,1,,,,IDEAL CTVM SA,BTG Pactual CTVM S.A.,,,
2026-03-27T13:15:51.267Z,market,trade,WINFUT,182705.0,4,,,,IDEAL CTVM SA,IDEAL CTVM SA,,,
2026-03-27T13:15:51.267Z,market,trade,WINFUT,182705.0,1,,,,IDEAL CTVM SA,XP Investimentos CCTVM S/A,,,
2026-03-27T13:15:51.267Z,market,trade,WINFUT,182705.0,4,,,,IDEAL CTVM SA,IDEAL CTVM SA,,,
2026-03-27T13:15:51.267Z,market,trade,WINFUT,182705.0,1,,,,IDEAL CTVM SA,IDEAL CTVM SA,,,
2026-03-27T13:15:51.267Z,market,trade,WINFUT,182705.0,1,,,,IDEAL CTVM SA,IDEAL CTVM SA,,,
2026-03-27T13:15:51.267Z,market,trade,WINFUT,182705.0,2,,,,IDEAL CTVM SA,AGORA CTVM S/A,,,
2026-03-27T13:15:51.267Z,market,trade,WINFUT,182705.0,3,,,,IDEAL CTVM SA,IDEAL CTVM SA,,,
2026-03-27T13:15:51.429Z,market,trade,WINFUT,182705.0,1,,,,BTG Pactual CTVM S.A.,IDEAL CTVM SA,,,
2026-03-27T13:15:51.429Z,market,trade,WINFUT,182705.0,1,,,,UBS BRASIL CCTVM S/A,IDEAL CTVM SA,,,
2026-03-27T13:15:51.484Z,market,trade,WINFUT,182705.0,1,,,,BTG Pactual CTVM S.A.,IDEAL CTVM SA,,,
2026-03-27T13:15:51.484Z,market,trade,WINFUT,182700.0,1,,,,XP Investimentos CCTVM S/A,XP Investimentos CCTVM S/A,,,
2026-03-27T13:15:51.524Z,market,trade,WINFUT,182705.0,10,,,,XP Investimentos CCTVM S/A,XP Investimentos CCTVM S/A,,,
2026-03-27T13:15:51.545Z,market,trade,WINFUT,182700.0,2,,,,XP Investimentos CCTVM S/A,XP Investimentos CCTVM S/A,,,
2026-03-27T13:15:51.545Z,market,trade,WINFUT,182705.0,6,,,,AGORA CTVM S/A,IDEAL CTVM SA,,,
2026-03-27T13:15:51.545Z,market,trade,WINFUT,182705.0,1,,,,XP Investimentos CCTVM S/A,XP Investimentos CCTVM S/A,,,
2026-03-27T13:15:51.591Z,market,trade,WINFUT,182705.0,4,,,,UBS BRASIL CCTVM S/A,IDEAL CTVM SA,,,
2026-03-27T13:15:51.591Z,market,trade,WINFUT,182705.0,3,,,,UBS BRASIL CCTVM S/A,IDEAL CTVM SA,,,
2026-03-27T13:15:51.591Z,market,trade,WINFUT,182705.0,3,,,,UBS BRASIL CCTVM S/A,IDEAL CTVM SA,,,
2026-03-27T13:15:51.591Z,market,trade,WINFUT,182705.0,1,,,,UBS BRASIL CCTVM S/A,IDEAL CTVM SA,,,
2026-03-27T13:15:51.591Z,market,trade,WINFUT,182705.0,1,,,,UBS BRASIL CCTVM S/A,AGORA CTVM S/A,,,
2026-03-27T13:15:51.591Z,market,trade,WINFUT,182705.0,2,,,,UBS BRASIL CCTVM S/A,AGORA CTVM S/A,,,
2026-03-27T13:15:51.592Z,market,trade,WINFUT,182705.0,1,,,,UBS BRASIL CCTVM S/A,IDEAL CTVM SA,,,
2026-03-27T13:15:51.592Z,market,trade,WINFUT,182705.0,3,,,,UBS BRASIL CCTVM S/A,UBS BRASIL CCTVM S/A,,,
2026-03-27T13:15:51.592Z,market,trade,WINFUT,182710.0,1,,,,XP Investimentos CCTVM S/A,XP Investimentos CCTVM S/A,,,
2026-03-27T13:15:51.906Z,market,trade,WINFUT,182710.0,2,,,,BTG Pactual CTVM S.A.,BTG Pactual CTVM S.A.,,,
2026-03-27T13:15:51.906Z,market,trade,WINFUT,182710.0,1,,,,BTG Pactual CTVM S.A.,BTG Pactual CTVM S.A.,,,
2026-03-27T13:15:51.906Z,market,trade,WINFUT,182710.0,1,,,,XP Investimentos CCTVM S/A,XP Investimentos CCTVM S/A,,,
2026-03-27T13:15:51.906Z,market,trade,WINFUT,182710.0,1,,,,XP Investimentos CCTVM S/A,XP Investimentos CCTVM S/A,,,
2026-03-27T13:15:51.906Z,market,trade,WINFUT,182710.0,1,,,,ITAU CV S/A,ITAU CV S/A,,,
2026-03-27T13:15:51.906Z,market,trade,WINFUT,182710.0,10,,,,XP Investimentos CCTVM S/A,XP Investimentos CCTVM S/A,,,
2026-03-27T13:15:51.906Z,market,trade,WINFUT,182710.0,1,,,,BTG Pactual CTVM S.A.,BTG Pactual CTVM S.A.,,,
2026-03-27T13:15:51.906Z,market,trade,WINFUT,182710.0,1,,,,GENIAL INSTITUCIONAL CCTVM S.A,IDEAL CTVM SA,,,
2026-03-27T13:15:51.907Z,market,trade,WINFUT,182710.0,1,,,,BTG Pactual CTVM S.A.,BTG Pactual CTVM S.A.,,,
2026-03-27T13:15:51.907Z,market,trade,WINFUT,182710.0,1,,,,XP Investimentos CCTVM S/A,XP Investimentos CCTVM S/A,,,
2026-03-27T13:15:51.907Z,market,trade,WINFUT,182710.0,1,,,,XP Investimentos CCTVM S/A,XP Investimentos CCTVM S/A,,,
2026-03-27T13:15:51.907Z,market,trade,WINFUT,182710.0,5,,,,CM Capital Markets CCTVM LTDA,CM Capital Markets CCTVM LTDA,,,
2026-03-27T13:15:51.907Z,market,trade,WINFUT,182710.0,6,,,,BTG Pactual CTVM S.A.,BTG Pactual CTVM S.A.,,,
2026-03-27T13:15:51.907Z,market,trade,WINFUT,182710.0,2,,,,BTG Pactual CTVM S.A.,IDEAL CTVM SA,,,
2026-03-27T13:15:51.907Z,market,trade,WINFUT,182710.0,3,,,,BTG Pactual CTVM S.A.,IDEAL CTVM SA,,,
2026-03-27T13:15:51.907Z,market,trade,WINFUT,182710.0,1,,,,BTG Pactual CTVM S.A.,XP Investimentos CCTVM S/A,,,
2026-03-27T13:15:51.908Z,market,trade,WINFUT,182710.0,2,,,,BTG Pactual CTVM S.A.,IDEAL CTVM SA,,,
2026-03-27T13:15:51.908Z,market,trade,WINFUT,182710.0,1,,,,BTG Pactual CTVM S.A.,XP Investimentos CCTVM S/A,,,
2026-03-27T13:15:51.908Z,market,trade,WINFUT,182710.0,1,,,,BTG Pactual CTVM S.A.,BTG Pactual CTVM S.A.,,,
2026-03-27T13:15:51.908Z,market,trade,WINFUT,182710.0,4,,,,BTG Pactual CTVM S.A.,BTG Pactual CTVM S.A.,,,
2026-03-27T13:15:51.908Z,market,trade,WINFUT,182710.0,1,,,,BTG Pactual CTVM S.A.,XP Investimentos CCTVM S/A,,,
2026-03-27T13:15:51.908Z,market,trade,WINFUT,182710.0,1,,,,BTG Pactual CTVM S.A.,XP Investimentos CCTVM S/A,,,
2026-03-27T13:15:51.908Z,market,trade,WINFUT,182710.0,1,,,,BTG Pactual CTVM S.A.,XP Investimentos CCTVM S/A,,,
2026-03-27T13:15:51.908Z,market,trade,WINFUT,182710.0,2,,,,BTG Pactual CTVM S.A.,IDEAL CTVM SA,,,
2026-03-27T13:15:51.908Z,market,trade,WINFUT,182710.0,11,,,,BTG Pactual CTVM S.A.,IDEAL CTVM SA,,,
2026-03-27T13:15:51.908Z,market,trade,WINFUT,182710.0,4,,,,BTG Pactual CTVM S.A.,XP Investimentos CCTVM S/A,,,
2026-03-27T13:15:51.908Z,market,trade,WINFUT,182705.0,1,,,,XP Investimentos CCTVM S/A,GOLDMAN SACHS DO BRASIL CTVM,,,
2026-03-27T13:15:51.908Z,market,trade,WINFUT,182705.0,1,,,,BTG Pactual CTVM S.A.,IDEAL CTVM SA,,,
2026-03-27T13:15:51.908Z,market,trade,WINFUT,182705.0,9,,,,UBS BRASIL CCTVM S/A,IDEAL CTVM SA,,,
2026-03-27T13:15:51.908Z,market,trade,WINFUT,182700.0,1,,,,IDEAL CTVM SA,UBS BRASIL CCTVM S/A,,,
2026-03-27T13:15:51.908Z,market,trade,WINFUT,182700.0,11,,,,IDEAL CTVM SA,UBS BRASIL CCTVM S/A,,,
2026-03-27T13:15:51.908Z,market,trade,WINFUT,182700.0,1,,,,XP Investimentos CCTVM S/A,UBS BRASIL CCTVM S/A,,,
2026-03-27T13:15:51.908Z,market,trade,WINFUT,182700.0,18,,,,UBS BRASIL CCTVM S/A,UBS BRASIL CCTVM S/A,,,
2026-03-27T13:15:51.908Z,market,trade,WINFUT,182700.0,1,,,,BTG Pactual CTVM S.A.,UBS BRASIL CCTVM S/A,,,
2026-03-27T13:15:51.908Z,market,trade,WINFUT,182700.0,5,,,,XP Investimentos CCTVM S/A,UBS BRASIL CCTVM S/A,,,
2026-03-27T13:15:51.908Z,market,trade,WINFUT,182700.0,1,,,,XP Investimentos CCTVM S/A,UBS BRASIL CCTVM S/A,,,
2026-03-27T13:15:51.908Z,market,trade,WINFUT,182700.0,8,,,,IDEAL CTVM SA,UBS BRASIL CCTVM S/A,,,
2026-03-27T13:15:51.909Z,market,trade,WINFUT,182700.0,5,,,,XP Investimentos CCTVM S/A,UBS BRASIL CCTVM S/A,,,
2026-03-27T13:15:51.909Z,market,trade,WINFUT,182700.0,1,,,,XP Investimentos CCTVM S/A,UBS BRASIL CCTVM S/A,,,
2026-03-27T13:15:51.909Z,market,trade,WINFUT,182700.0,2,,,,IDEAL CTVM SA,UBS BRASIL CCTVM S/A,,,
2026-03-27T13:15:51.909Z,market,trade,WINFUT,182700.0,1,,,,XP Investimentos CCTVM S/A,UBS BRASIL CCTVM S/A,,,
2026-03-27T13:15:51.909Z,market,trade,WINFUT,182700.0,6,,,,XP Investimentos CCTVM S/A,UBS BRASIL CCTVM S/A,,,
2026-03-27T13:15:51.909Z,market,trade,WINFUT,182700.0,1,,,,BTG Pactual CTVM S.A.,UBS BRASIL CCTVM S/A,,,
2026-03-27T13:15:51.909Z,market,trade,WINFUT,182700.0,1,,,,BTG Pactual CTVM S.A.,UBS BRASIL CCTVM S/A,,,
2026-03-27T13:15:51.909Z,market,trade,WINFUT,182700.0,1,,,,XP Investimentos CCTVM S/A,UBS BRASIL CCTVM S/A,,,
2026-03-27T13:15:51.909Z,market,trade,WINFUT,182700.0,3,,,,IDEAL CTVM SA,UBS BRASIL CCTVM S/A,,,
2026-03-27T13:15:51.909Z,market,trade,WINFUT,182700.0,2,,,,IDEAL CTVM SA,UBS BRASIL CCTVM S/A,,,
2026-03-27T13:15:51.909Z,market,trade,WINFUT,182700.0,1,,,,XP Investimentos CCTVM S/A,UBS BRASIL CCTVM S/A,,,
2026-03-27T13:15:51.909Z,market,trade,WINFUT,182700.0,2,,,,BTG Pactual CTVM S.A.,UBS BRASIL CCTVM S/A,,,
2026-03-27T13:15:51.909Z,market,trade,WINFUT,182700.0,1,,,,BTG Pactual CTVM S.A.,UBS BRASIL CCTVM S/A,,,
2026-03-27T13:15:51.909Z,market,trade,WINFUT,182700.0,15,,,,GENIAL INSTITUCIONAL CCTVM S.A,UBS BRASIL CCTVM S/A,,,
2026-03-27T13:15:51.909Z,market,trade,WINFUT,182700.0,1,,,,XP Investimentos CCTVM S/A,UBS BRASIL CCTVM S/A,,,
2026-03-27T13:15:51.910Z,market,trade,WINFUT,182700.0,18,,,,UBS BRASIL CCTVM S/A,UBS BRASIL CCTVM S/A,,,
2026-03-27T13:15:51.910Z,market,trade,WINFUT,182700.0,11,,,,IDEAL CTVM SA,UBS BRASIL CCTVM S/A,,,
2026-03-27T13:15:51.910Z,market,trade,WINFUT,182700.0,5,,,,IDEAL CTVM SA,UBS BRASIL CCTVM S/A,,,
2026-03-27T13:15:51.910Z,market,trade,WINFUT,182700.0,4,,,,IDEAL CTVM SA,IDEAL CTVM SA,,,
2026-03-27T13:15:51.911Z,market,trade,WINFUT,182700.0,1,,,,IDEAL CTVM SA,IDEAL CTVM SA,,,
2026-03-27T13:15:51.911Z,market,trade,WINFUT,182695.0,6,,,,IDEAL CTVM SA,UBS BRASIL CCTVM S/A,,,
2026-03-27T13:15:51.911Z,market,trade,WINFUT,182695.0,5,,,,XP Investimentos CCTVM S/A,UBS BRASIL CCTVM S/A,,,
2026-03-27T13:15:51.911Z,market,trade,WINFUT,182695.0,1,,,,XP Investimentos CCTVM S/A,UBS BRASIL CCTVM S/A,,,
2026-03-27T13:15:51.911Z,market,trade,WINFUT,182695.0,1,,,,XP Investimentos CCTVM S/A,UBS BRASIL CCTVM S/A,,,
2026-03-27T13:15:51.911Z,market,trade,WINFUT,182695.0,5,,,,XP Investimentos CCTVM S/A,UBS BRASIL CCTVM S/A,,,
2026-03-27T13:15:51.911Z,market,trade,WINFUT,182695.0,1,,,,XP Investimentos CCTVM S/A,UBS BRASIL CCTVM S/A,,,
2026-03-27T13:15:51.911Z,market,trade,WINFUT,182695.0,1,,,,BTG Pactual CTVM S.A.,UBS BRASIL CCTVM S/A,,,
2026-03-27T13:15:51.911Z,market,trade,WINFUT,182695.0,1,,,,XP Investimentos CCTVM S/A,UBS BRASIL CCTVM S/A,,,
2026-03-27T13:15:51.912Z,market,trade,WINFUT,182695.0,1,,,,BTG Pactual CTVM S.A.,UBS BRASIL CCTVM S/A,,,
2026-03-27T13:15:51.912Z,market,trade,WINFUT,182695.0,3,,,,XP Investimentos CCTVM S/A,UBS BRASIL CCTVM S/A,,,
2026-03-27T13:15:51.912Z,market,trade,WINFUT,182695.0,1,,,,XP Investimentos CCTVM S/A,UBS BRASIL CCTVM S/A,,,
2026-03-27T13:15:51.912Z,market,trade,WINFUT,182695.0,4,,,,BTG Pactual CTVM S.A.,UBS BRASIL CCTVM S/A,,,
2026-03-27T13:15:51.912Z,market,trade,WINFUT,182695.0,4,,,,UBS BRASIL CCTVM S/A,UBS BRASIL CCTVM S/A,,,
2026-03-27T13:15:51.912Z,market,trade,WINFUT,182695.0,2,,,,BTG Pactual CTVM S.A.,UBS BRASIL CCTVM S/A,,,
2026-03-27T13:15:51.912Z,market,trade,WINFUT,182695.0,1,,,,BTG Pactual CTVM S.A.,UBS BRASIL CCTVM S/A,,,
2026-03-27T13:15:51.913Z,market,trade,WINFUT,182695.0,1,,,,BTG Pactual CTVM S.A.,UBS BRASIL CCTVM S/A,,,
2026-03-27T13:15:51.913Z,market,trade,WINFUT,182695.0,1,,,,IDEAL CTVM SA,UBS BRASIL CCTVM S/A,,,
2026-03-27T13:15:51.913Z,market,trade,WINFUT,182695.0,4,,,,GENIAL INSTITUCIONAL CCTVM S.A,UBS BRASIL CCTVM S/A,,,
2026-03-27T13:15:51.913Z,market,trade,WINFUT,182695.0,5,,,,IDEAL CTVM SA,UBS BRASIL CCTVM S/A,,,
2026-03-27T13:15:51.913Z,market,trade,WINFUT,182695.0,10,,,,IDEAL CTVM SA,UBS BRASIL CCTVM S/A,,,
2026-03-27T13:15:51.914Z,market,trade,WINFUT,182695.0,3,,,,XP Investimentos CCTVM S/A,UBS BRASIL CCTVM S/A,,,
2026-03-27T13:15:51.914Z,market,trade,WINFUT,182695.0,3,,,,XP Investimentos CCTVM S/A,UBS BRASIL CCTVM S/A,,,
2026-03-27T13:15:51.914Z,market,trade,WINFUT,182695.0,3,,,,IDEAL CTVM SA,UBS BRASIL CCTVM S/A,,,
2026-03-27T13:15:51.915Z,market,trade,WINFUT,182695.0,12,,,,BTG Pactual CTVM S.A.,UBS BRASIL CCTVM S/A,,,
2026-03-27T13:15:51.915Z,market,trade,WINFUT,182695.0,1,,,,XP Investimentos CCTVM S/A,IDEAL CTVM SA,,,
2026-03-27T13:15:51.915Z,market,trade,WINFUT,182690.0,1,,,,BTG Pactual CTVM S.A.,IDEAL CTVM SA,,,
2026-03-27T13:15:51.915Z,market,trade,WINFUT,182690.0,1,,,,GOLDMAN SACHS DO BRASIL CTVM,GENIAL INSTITUCIONAL CCTVM S.A,,,
2026-03-27T13:15:51.915Z,market,trade,WINFUT,182690.0,1,,,,BTG Pactual CTVM S.A.,IDEAL CTVM SA,,,
2026-03-27T13:15:51.915Z,market,trade,WINFUT,182690.0,1,,,,BTG Pactual CTVM S.A.,IDEAL CTVM SA,,,
2026-03-27T13:15:51.915Z,market,trade,WINFUT,182690.0,3,,,,BTG Pactual CTVM S.A.,IDEAL CTVM SA,,,
2026-03-27T13:15:51.967Z,market,trade,WINFUT,182690.0,2,,,,BTG Pactual CTVM S.A.,IDEAL CTVM SA,,,
2026-03-27T13:15:51.967Z,market,trade,WINFUT,182690.0,4,,,,XP Investimentos CCTVM S/A,IDEAL CTVM SA,,,
2026-03-27T13:15:51.967Z,market,trade,WINFUT,182690.0,1,,,,BTG Pactual CTVM S.A.,UBS BRASIL CCTVM S/A,,,
2026-03-27T13:15:51.968Z,market,trade,WINFUT,182690.0,5,,,,UBS BRASIL CCTVM S/A,UBS BRASIL CCTVM S/A,,,
2026-03-27T13:15:51.968Z,market,trade,WINFUT,182690.0,1,,,,GENIAL INSTITUCIONAL CCTVM S.A,UBS BRASIL CCTVM S/A,,,
2026-03-27T13:15:51.968Z,market,trade,WINFUT,182690.0,1,,,,XP Investimentos CCTVM S/A,UBS BRASIL CCTVM S/A,,,
2026-03-27T13:15:51.968Z,market,trade,WINFUT,182690.0,8,,,,XP Investimentos CCTVM S/A,UBS BRASIL CCTVM S/A,,,
2026-03-27T13:15:51.968Z,market,trade,WINFUT,182690.0,1,,,,AGORA CTVM S/A,UBS BRASIL CCTVM S/A,,,
2026-03-27T13:15:51.968Z,market,trade,WINFUT,182690.0,1,,,,BTG Pactual CTVM S.A.,UBS BRASIL CCTVM S/A,,,
2026-03-27T13:15:51.968Z,market,trade,WINFUT,182690.0,3,,,,CM Capital Markets CCTVM LTDA,CM Capital Markets CCTVM LTDA,,,
2026-03-27T13:15:51.968Z,market,trade,WINFUT,182685.0,1,,,,XP Investimentos CCTVM S/A,IDEAL CTVM SA,,,
2026-03-27T13:15:51.968Z,market,trade,WINFUT,182685.0,2,,,,XP Investimentos CCTVM S/A,XP Investimentos CCTVM S/A,,,
2026-03-27T13:15:51.968Z,market,trade,WINFUT,182685.0,1,,,,XP Investimentos CCTVM S/A,IDEAL CTVM SA,,,
2026-03-27T13:15:51.968Z,market,trade,WINFUT,182685.0,1,,,,BTG Pactual CTVM S.A.,UBS BRASIL CCTVM S/A,,,
2026-03-27T13:15:51.968Z,market,trade,WINFUT,182685.0,1,,,,BTG Pactual CTVM S.A.,UBS BRASIL CCTVM S/A,,,
2026-03-27T13:15:51.968Z,market,trade,WINFUT,182685.0,1,,,,XP Investimentos CCTVM S/A,UBS BRASIL CCTVM S/A,,,
2026-03-27T13:15:51.968Z,market,trade,WINFUT,182685.0,8,,,,CM Capital Markets CCTVM LTDA,UBS BRASIL CCTVM S/A,,,
2026-03-27T13:15:51.968Z,market,trade,WINFUT,182685.0,1,,,,BTG Pactual CTVM S.A.,UBS BRASIL CCTVM S/A,,,
2026-03-27T13:15:51.968Z,market,trade,WINFUT,182685.0,6,,,,UBS BRASIL CCTVM S/A,UBS BRASIL CCTVM S/A,,,
2026-03-27T13:15:51.968Z,market,trade,WINFUT,182685.0,6,,,,UBS BRASIL CCTVM S/A,UBS BRASIL CCTVM S/A,,,
2026-03-27T13:15:51.968Z,market,trade,WINFUT,182685.0,1,,,,XP Investimentos CCTVM S/A,UBS BRASIL CCTVM S/A,,,
2026-03-27T13:15:51.968Z,market,trade,WINFUT,182685.0,1,,,,XP Investimentos CCTVM S/A,UBS BRASIL CCTVM S/A,,,
2026-03-27T13:15:51.968Z,market,trade,WINFUT,182685.0,1,,,,BTG Pactual CTVM S.A.,UBS BRASIL CCTVM S/A,,,
2026-03-27T13:15:51.968Z,market,trade,WINFUT,182685.0,1,,,,XP Investimentos CCTVM S/A,UBS BRASIL CCTVM S/A,,,
2026-03-27T13:15:51.968Z,market,trade,WINFUT,182685.0,20,,,,ITAU CV S/A,UBS BRASIL CCTVM S/A,,,
2026-03-27T13:15:51.968Z,market,trade,WINFUT,182690.0,1,,,,MORGAN STANLEY CTVM S/A,XP Investimentos CCTVM S/A,,,
2026-03-27T13:15:52.134Z,market,trade,WINFUT,182685.0,1,,,,XP Investimentos CCTVM S/A,XP Investimentos CCTVM S/A,,,
2026-03-27T13:15:52.134Z,market,trade,WINFUT,182680.0,2,,,,IDEAL CTVM SA,BTG Pactual CTVM S.A.,,,
2026-03-27T13:15:52.135Z,market,trade,WINFUT,182680.0,1,,,,BTG Pactual CTVM S.A.,BTG Pactual CTVM S.A.,,,
2026-03-27T13:15:52.135Z,market,trade,WINFUT,182680.0,1,,,,BTG Pactual CTVM S.A.,BTG Pactual CTVM S.A.,,,
2026-03-27T13:15:52.135Z,market,trade,WINFUT,182680.0,1,,,,XP Investimentos CCTVM S/A,XP Investimentos CCTVM S/A,,,
2026-03-27T13:15:52.135Z,market,trade,WINFUT,182680.0,2,,,,XP Investimentos CCTVM S/A,XP Investimentos CCTVM S/A,,,
2026-03-27T13:15:52.135Z,market,trade,WINFUT,182680.0,1,,,,BTG Pactual CTVM S.A.,BTG Pactual CTVM S.A.,,,
2026-03-27T13:15:52.135Z,market,trade,WINFUT,182680.0,1,,,,BTG Pactual CTVM S.A.,BTG Pactual CTVM S.A.,,,
2026-03-27T13:15:52.135Z,market,trade,WINFUT,182685.0,1,,,,XP Investimentos CCTVM S/A,XP Investimentos CCTVM S/A,,,
2026-03-27T13:15:52.135Z,market,trade,WINFUT,182685.0,1,,,,XP Investimentos CCTVM S/A,XP Investimentos CCTVM S/A,,,
2026-03-27T13:15:52.341Z,market,trade,WINFUT,182680.0,10,,,,XP Investimentos CCTVM S/A,XP Investimentos CCTVM S/A,,,
2026-03-27T13:15:52.341Z,market,trade,WINFUT,182685.0,6,,,,XP Investimentos CCTVM S/A,XP Investimentos CCTVM S/A,,,
2026-03-27T13:15:52.489Z,market,trade,WINFUT,182685.0,3,,,,XP Investimentos CCTVM S/A,XP Investimentos CCTVM S/A,,,
2026-03-27T13:15:52.489Z,market,trade,WINFUT,182680.0,1,,,,XP Investimentos CCTVM S/A,XP Investimentos CCTVM S/A,,,
2026-03-27T13:15:52.489Z,market,trade,WINFUT,182685.0,4,,,,XP Investimentos CCTVM S/A,XP Investimentos CCTVM S/A,,,
2026-03-27T13:15:52.489Z,market,trade,WINFUT,182685.0,1,,,,BTG Pactual CTVM S.A.,BTG Pactual CTVM S.A.,,,
2026-03-27T13:15:52.489Z,market,trade,WINFUT,182680.0,1,,,,BTG Pactual CTVM S.A.,BTG Pactual CTVM S.A.,,,
2026-03-27T13:15:52.489Z,market,trade,WINFUT,182680.0,9,,,,IDEAL CTVM SA,IDEAL CTVM SA,,,
2026-03-27T13:15:52.489Z,market,trade,WINFUT,182680.0,1,,,,BTG Pactual CTVM S.A.,IDEAL CTVM SA,,,
2026-03-27T13:15:52.490Z,market,trade,WINFUT,182685.0,1,,,,XP Investimentos CCTVM S/A,XP Investimentos CCTVM S/A,,,
2026-03-27T13:15:52.491Z,market,trade,WINFUT,182685.0,1,,,,XP Investimentos CCTVM S/A,XP Investimentos CCTVM S/A,,,
2026-03-27T13:15:52.491Z,market,trade,WINFUT,182685.0,10,,,,TERRA INVESTIMENTOS DTVM LTDA,IDEAL CTVM SA,,,
2026-03-27T13:15:52.491Z,market,trade,WINFUT,182685.0,10,,,,TERRA INVESTIMENTOS DTVM LTDA,GENIAL INSTITUCIONAL CCTVM S.A,,,
2026-03-27T13:15:52.531Z,market,trade,WINFUT,182680.0,2,,,,XP Investimentos CCTVM S/A,XP Investimentos CCTVM S/A,,,
2026-03-27T13:15:52.531Z,market,trade,WINFUT,182685.0,1,,,,J. P. MORGAN CCVM S.A.,BTG Pactual CTVM S.A.,,,
2026-03-27T13:15:52.531Z,market,trade,WINFUT,182685.0,6,,,,J. P. MORGAN CCVM S.A.,UBS BRASIL CCTVM S/A,,,
2026-03-27T13:15:52.531Z,market,trade,WINFUT,182685.0,12,,,,IDEAL CTVM SA,UBS BRASIL CCTVM S/A,,,
2026-03-27T13:15:52.531Z,market,trade,WINFUT,182685.0,3,,,,IDEAL CTVM SA,IDEAL CTVM SA,,,
2026-03-27T13:15:52.532Z,market,trade,WINFUT,182685.0,2,,,,IDEAL CTVM SA,AGORA CTVM S/A,,,
2026-03-27T13:15:52.532Z,market,trade,WINFUT,182685.0,1,,,,IDEAL CTVM SA,AGORA CTVM S/A,,,
2026-03-27T13:15:52.532Z,market,trade,WINFUT,182685.0,1,,,,IDEAL CTVM SA,AGORA CTVM S/A,,,
2026-03-27T13:15:52.532Z,market,trade,WINFUT,182685.0,1,,,,IDEAL CTVM SA,BTG Pactual CTVM S.A.,,,
2026-03-27T13:15:52.532Z,market,trade,WINFUT,182685.0,1,,,,IDEAL CTVM SA,AGORA CTVM S/A,,,
2026-03-27T13:15:52.532Z,market,trade,WINFUT,182685.0,2,,,,IDEAL CTVM SA,IDEAL CTVM SA,,,
2026-03-27T13:15:52.572Z,market,trade,WINFUT,182690.0,1,,,,XP Investimentos CCTVM S/A,XP Investimentos CCTVM S/A,,,
2026-03-27T13:15:52.572Z,market,trade,WINFUT,182685.0,1,,,,CM Capital Markets CCTVM LTDA,CM Capital Markets CCTVM LTDA,,,
2026-03-27T13:15:52.592Z,market,trade,WINFUT,182685.0,1,,,,BTG Pactual CTVM S.A.,BTG Pactual CTVM S.A.,,,
2026-03-27T13:15:52.614Z,market,trade,WINFUT,182690.0,2,,,,SANTANDER CORRETORA DE TITULOS E VALORES MOBILIARIOS S.A.,AGORA CTVM S/A,,,
2026-03-27T13:15:52.614Z,market,trade,WINFUT,182685.0,1,,,,XP Investimentos CCTVM S/A,SANTANDER CORRETORA DE TITULOS E VALORES MOBILIARIOS S.A.,,,
2026-03-27T13:15:52.614Z,market,trade,WINFUT,182690.0,2,,,,SANTANDER CORRETORA DE TITULOS E VALORES MOBILIARIOS S.A.,AGORA CTVM S/A,,,
2026-03-27T13:15:52.638Z,market,trade,WINFUT,182690.0,1,,,,SANTANDER CORRETORA DE TITULOS E VALORES MOBILIARIOS S.A.,AGORA CTVM S/A,,,
2026-03-27T13:15:52.653Z,market,trade,WINFUT,182685.0,3,,,,IDEAL CTVM SA,AGORA CTVM S/A,,,
2026-03-27T13:15:52.653Z,market,trade,WINFUT,182690.0,1,,,,SANTANDER CORRETORA DE TITULOS E VALORES MOBILIARIOS S.A.,AGORA CTVM S/A,,,
2026-03-27T13:15:52.653Z,market,trade,WINFUT,182685.0,1,,,,SANTANDER CORRETORA DE TITULOS E VALORES MOBILIARIOS S.A.,SANTANDER CORRETORA DE TITULOS E VALORES MOBILIARIOS S.A.,,,
2026-03-27T13:15:52.725Z,market,trade,WINFUT,182690.0,1,,,,XP Investimentos CCTVM S/A,XP Investimentos CCTVM S/A,,,
2026-03-27T13:15:52.725Z,market,trade,WINFUT,182685.0,1,,,,SANTANDER CORRETORA DE TITULOS E VALORES MOBILIARIOS S.A.,SANTANDER CORRETORA DE TITULOS E VALORES MOBILIARIOS S.A.,,,
2026-03-27T13:15:52.725Z,market,trade,WINFUT,182690.0,1,,,,GENIAL INSTITUCIONAL CCTVM S.A,AGORA CTVM S/A,,,
2026-03-27T13:15:52.725Z,market,trade,WINFUT,182690.0,1,,,,XP Investimentos CCTVM S/A,XP Investimentos CCTVM S/A,,,
2026-03-27T13:15:52.725Z,market,trade,WINFUT,182690.0,3,,,,GENIAL INSTITUCIONAL CCTVM S.A,AGORA CTVM S/A,,,
2026-03-27T13:15:52.725Z,market,trade,WINFUT,182690.0,1,,,,GENIAL INSTITUCIONAL CCTVM S.A,BTG Pactual CTVM S.A.,,,
2026-03-27T13:15:52.725Z,market,trade,WINFUT,182690.0,2,,,,GENIAL INSTITUCIONAL CCTVM S.A,IDEAL CTVM SA,,,
2026-03-27T13:15:52.725Z,market,trade,WINFUT,182690.0,1,,,,BTG Pactual CTVM S.A.,IDEAL CTVM SA,,,
2026-03-27T13:15:52.725Z,market,trade,WINFUT,182690.0,1,,,,XP Investimentos CCTVM S/A,XP Investimentos CCTVM S/A,,,
2026-03-27T13:15:52.822Z,market,trade,WINFUT,182685.0,2,,,,XP Investimentos CCTVM S/A,XP Investimentos CCTVM S/A,,,
2026-03-27T13:15:52.822Z,market,trade,WINFUT,182690.0,1,,,,SANTANDER CORRETORA DE TITULOS E VALORES MOBILIARIOS S.A.,IDEAL CTVM SA,,,
2026-03-27T13:15:52.823Z,market,trade,WINFUT,182690.0,1,,,,XP Investimentos CCTVM S/A,XP Investimentos CCTVM S/A,,,
2026-03-27T13:15:52.823Z,market,trade,WINFUT,182690.0,1,,,,SANTANDER CORRETORA DE TITULOS E VALORES MOBILIARIOS S.A.,IDEAL CTVM SA,,,
2026-03-27T13:15:52.823Z,market,trade,WINFUT,182690.0,1,,,,XP Investimentos CCTVM S/A,XP Investimentos CCTVM S/A,,,
2026-03-27T13:15:52.823Z,market,trade,WINFUT,182690.0,3,,,,BTG Pactual CTVM S.A.,BTG Pactual CTVM S.A.,,,
2026-03-27T13:15:52.823Z,market,trade,WINFUT,182685.0,9,,,,IDEAL CTVM SA,UBS BRASIL CCTVM S/A,,,
2026-03-27T13:15:52.823Z,market,trade,WINFUT,182685.0,1,,,,BTG Pactual CTVM S.A.,UBS BRASIL CCTVM S/A,,,
2026-03-27T13:15:52.823Z,market,trade,WINFUT,182685.0,8,,,,IDEAL CTVM SA,UBS BRASIL CCTVM S/A,,,
2026-03-27T13:15:52.823Z,market,trade,WINFUT,182685.0,3,,,,IDEAL CTVM SA,UBS BRASIL CCTVM S/A,,,
2026-03-27T13:15:52.823Z,market,trade,WINFUT,182685.0,1,,,,BTG Pactual CTVM S.A.,UBS BRASIL CCTVM S/A,,,
2026-03-27T13:15:52.921Z,market,trade,WINFUT,182680.0,3,,,,BTG Pactual CTVM S.A.,BTG Pactual CTVM S.A.,,,
2026-03-27T13:15:52.921Z,market,trade,WINFUT,182685.0,1,,,,XP Investimentos CCTVM S/A,XP Investimentos CCTVM S/A,,,
2026-03-27T13:15:52.921Z,market,trade,WINFUT,182680.0,1,,,,GENIAL INSTITUCIONAL CCTVM S.A,SANTANDER CORRETORA DE TITULOS E VALORES MOBILIARIOS S.A.,,,
2026-03-27T13:15:52.921Z,market,trade,WINFUT,182680.0,2,,,,XP Investimentos CCTVM S/A,XP Investimentos CCTVM S/A,,,
2026-03-27T13:15:52.921Z,market,trade,WINFUT,182685.0,2,,,,XP Investimentos CCTVM S/A,XP Investimentos CCTVM S/A,,,
2026-03-27T13:15:52.921Z,market,trade,WINFUT,182680.0,1,,,,XP Investimentos CCTVM S/A,XP Investimentos CCTVM S/A,,,
2026-03-27T13:15:52.921Z,market,trade,WINFUT,182680.0,1,,,,BTG Pactual CTVM S.A.,GENIAL INSTITUCIONAL CCTVM S.A,,,
2026-03-27T13:15:52.921Z,market,trade,WINFUT,182680.0,2,,,,XP Investimentos CCTVM S/A,XP Investimentos CCTVM S/A,,,
2026-03-27T13:15:52.992Z,market,trade,WINFUT,182685.0,1,,,,SANTANDER CORRETORA DE TITULOS E VALORES MOBILIARIOS S.A.,XP Investimentos CCTVM S/A,,,
2026-03-27T13:15:52.992Z,market,trade,WINFUT,182685.0,10,,,,SANTANDER CORRETORA DE TITULOS E VALORES MOBILIARIOS S.A.,IDEAL CTVM SA,,,
2026-03-27T13:15:52.992Z,market,trade,WINFUT,182685.0,1,,,,SANTANDER CORRETORA DE TITULOS E VALORES MOBILIARIOS S.A.,BTG Pactual CTVM S.A.,,,
2026-03-27T13:15:52.992Z,market,trade,WINFUT,182685.0,11,,,,SANTANDER CORRETORA DE TITULOS E VALORES MOBILIARIOS S.A.,IDEAL CTVM SA,,,
2026-03-27T13:15:52.992Z,market,trade,WINFUT,182685.0,11,,,,SANTANDER CORRETORA DE TITULOS E VALORES MOBILIARIOS S.A.,IDEAL CTVM SA,,,
2026-03-27T13:15:52.992Z,market,trade,WINFUT,182685.0,1,,,,SANTANDER CORRETORA DE TITULOS E VALORES MOBILIARIOS S.A.,AGORA CTVM S/A,,,
2026-03-27T13:15:52.992Z,market,trade,WINFUT,182685.0,2,,,,SANTANDER CORRETORA DE TITULOS E VALORES MOBILIARIOS S.A.,IDEAL CTVM SA,,,
2026-03-27T13:15:52.992Z,market,trade,WINFUT,182685.0,1,,,,SANTANDER CORRETORA DE TITULOS E VALORES MOBILIARIOS S.A.,BTG Pactual CTVM S.A.,,,
2026-03-27T13:15:52.992Z,market,trade,WINFUT,182685.0,4,,,,SANTANDER CORRETORA DE TITULOS E VALORES MOBILIARIOS S.A.,IDEAL CTVM SA,,,
2026-03-27T13:15:52.992Z,market,trade,WINFUT,182685.0,3,,,,SANTANDER CORRETORA DE TITULOS E VALORES MOBILIARIOS S.A.,SANTANDER CORRETORA DE TITULOS E VALORES MOBILIARIOS S.A.,,,
2026-03-27T13:15:52.992Z,market,trade,WINFUT,182690.0,5,,,,SANTANDER CORRETORA DE TITULOS E VALORES MOBILIARIOS S.A.,IDEAL CTVM SA,,,
2026-03-27T13:15:52.992Z,market,trade,WINFUT,182690.0,11,,,,SANTANDER CORRETORA DE TITULOS E VALORES MOBILIARIOS S.A.,UBS BRASIL CCTVM S/A,,,
2026-03-27T13:15:52.992Z,market,trade,WINFUT,182685.0,1,,,,BTG Pactual CTVM S.A.,IDEAL CTVM SA,,,
2026-03-27T13:15:52.992Z,market,trade,WINFUT,182685.0,5,,,,XP Investimentos CCTVM S/A,IDEAL CTVM SA,,,
2026-03-27T13:15:52.992Z,market,trade,WINFUT,182685.0,4,,,,UBS BRASIL CCTVM S/A,IDEAL CTVM SA,,,
2026-03-27T13:15:52.992Z,market,trade,WINFUT,182685.0,5,,,,UBS BRASIL CCTVM S/A,IDEAL CTVM SA,,,
2026-03-27T13:15:52.992Z,market,trade,WINFUT,182685.0,2,,,,IDEAL CTVM SA,IDEAL CTVM SA,,,
2026-03-27T13:15:52.993Z,market,trade,WINFUT,182685.0,5,,,,IDEAL CTVM SA,XP Investimentos CCTVM S/A,,,
2026-03-27T13:15:52.993Z,market,trade,WINFUT,182685.0,1,,,,IDEAL CTVM SA,XP Investimentos CCTVM S/A,,,
2026-03-27T13:15:53.124Z,market,trade,WINFUT,182690.0,1,,,,XP Investimentos CCTVM S/A,AGORA CTVM S/A,,,
2026-03-27T13:15:53.124Z,market,trade,WINFUT,182690.0,1,,,,XP Investimentos CCTVM S/A,BTG Pactual CTVM S.A.,,,
2026-03-27T13:15:53.124Z,market,trade,WINFUT,182690.0,1,,,,XP Investimentos CCTVM S/A,AGORA CTVM S/A,,,
2026-03-27T13:15:53.124Z,market,trade,WINFUT,182690.0,1,,,,XP Investimentos CCTVM S/A,BTG Pactual CTVM S.A.,,,
2026-03-27T13:15:53.124Z,market,trade,WINFUT,182690.0,1,,,,XP Investimentos CCTVM S/A,AGORA CTVM S/A,,,
2026-03-27T13:15:53.124Z,market,trade,WINFUT,182685.0,2,,,,XP Investimentos CCTVM S/A,XP Investimentos CCTVM S/A,,,
2026-03-27T13:15:53.124Z,market,trade,WINFUT,182690.0,1,,,,GENIAL INSTITUCIONAL CCTVM S.A,AGORA CTVM S/A,,,
2026-03-27T13:15:53.124Z,market,trade,WINFUT,182690.0,1,,,,GENIAL INSTITUCIONAL CCTVM S.A,BTG Pactual CTVM S.A.,,,
2026-03-27T13:15:53.124Z,market,trade,WINFUT,182690.0,1,,,,GENIAL INSTITUCIONAL CCTVM S.A,CM Capital Markets CCTVM LTDA,,,
2026-03-27T13:15:53.190Z,market,trade,WINFUT,182685.0,1,,,,XP Investimentos CCTVM S/A,XP Investimentos CCTVM S/A,,,
2026-03-27T13:15:53.190Z,market,trade,WINFUT,182690.0,1,,,,Elliot-Warren,IDEAL CTVM SA,,,
2026-03-27T13:15:53.224Z,market,trade,WINFUT,182690.0,9,,,,GENIAL INSTITUCIONAL CCTVM S.A,IDEAL CTVM SA,,,
2026-03-27T13:15:53.224Z,market,trade,WINFUT,182690.0,1,,,,GENIAL INSTITUCIONAL CCTVM S.A,XP Investimentos CCTVM S/A,,,
2026-03-27T13:15:53.224Z,market,trade,WINFUT,182690.0,3,,,,GENIAL INSTITUCIONAL CCTVM S.A,IDEAL CTVM SA,,,
2026-03-27T13:15:53.224Z,market,trade,WINFUT,182690.0,1,,,,GENIAL INSTITUCIONAL CCTVM S.A,IDEAL CTVM SA,,,
2026-03-27T13:15:53.224Z,market,trade,WINFUT,182690.0,5,,,,GENIAL INSTITUCIONAL CCTVM S.A,XP Investimentos CCTVM S/A,,,
2026-03-27T13:15:53.224Z,market,trade,WINFUT,182690.0,1,,,,GENIAL INSTITUCIONAL CCTVM S.A,XP Investimentos CCTVM S/A,,,
2026-03-27T13:15:53.224Z,market,trade,WINFUT,182690.0,1,,,,GENIAL INSTITUCIONAL CCTVM S.A,BTG Pactual CTVM S.A.,,,
2026-03-27T13:15:53.224Z,market,trade,WINFUT,182690.0,3,,,,GENIAL INSTITUCIONAL CCTVM S.A,IDEAL CTVM SA,,,
2026-03-27T13:15:53.224Z,market,trade,WINFUT,182690.0,1,,,,GENIAL INSTITUCIONAL CCTVM S.A,BTG Pactual CTVM S.A.,,,
2026-03-27T13:15:53.290Z,market,trade,WINFUT,182685.0,5,,,,BTG Pactual CTVM S.A.,BTG Pactual CTVM S.A.,,,
2026-03-27T13:15:53.305Z,market,trade,WINFUT,182685.0,2,,,,XP Investimentos CCTVM S/A,XP Investimentos CCTVM S/A,,,
2026-03-27T13:15:53.306Z,market,trade,WINFUT,182690.0,1,,,,BTG Pactual CTVM S.A.,BTG Pactual CTVM S.A.,,,
2026-03-27T13:15:53.306Z,market,trade,WINFUT,182685.0,5,,,,BTG Pactual CTVM S.A.,BTG Pactual CTVM S.A.,,,
2026-03-27T13:15:53.307Z,market,trade,WINFUT,182685.0,2,,,,GENIAL INSTITUCIONAL CCTVM S.A,GENIAL INSTITUCIONAL CCTVM S.A,,,
2026-03-27T13:15:53.308Z,market,trade,WINFUT,182690.0,6,,,,BTG Pactual CTVM S.A.,BTG Pactual CTVM S.A.,,,
2026-03-27T13:15:53.308Z,market,trade,WINFUT,182690.0,1,,,,GENIAL INSTITUCIONAL CCTVM S.A,BTG Pactual CTVM S.A.,,,
2026-03-27T13:15:53.321Z,market,trade,WINFUT,182690.0,1,,,,CM Capital Markets CCTVM LTDA,CM Capital Markets CCTVM LTDA,,,
2026-03-27T13:15:53.321Z,market,trade,WINFUT,182685.0,1,,,,XP Investimentos CCTVM S/A,XP Investimentos CCTVM S/A,,,
2026-03-27T13:15:53.378Z,market,trade,WINFUT,182685.0,1,,,,XP Investimentos CCTVM S/A,XP Investimentos CCTVM S/A,,,
2026-03-27T13:15:53.378Z,market,trade,WINFUT,182685.0,3,,,,GENIAL INSTITUCIONAL CCTVM S.A,GENIAL INSTITUCIONAL CCTVM S.A,,,
2026-03-27T13:15:53.378Z,market,trade,WINFUT,182690.0,2,,,,IDEAL CTVM SA,BTG Pactual CTVM S.A.,,,
2026-03-27T13:15:53.378Z,market,trade,WINFUT,182690.0,1,,,,IDEAL CTVM SA,IDEAL CTVM SA,,,
2026-03-27T13:15:53.378Z,market,trade,WINFUT,182690.0,1,,,,IDEAL CTVM SA,BTG Pactual CTVM S.A.,,,
2026-03-27T13:15:53.378Z,market,trade,WINFUT,182690.0,1,,,,IDEAL CTVM SA,XP Investimentos CCTVM S/A,,,
2026-03-27T13:15:53.378Z,market,trade,WINFUT,182690.0,3,,,,IDEAL CTVM SA,IDEAL CTVM SA,,,
2026-03-27T13:15:53.378Z,market,trade,WINFUT,182690.0,1,,,,IDEAL CTVM SA,IDEAL CTVM SA,,,
2026-03-27T13:15:53.379Z,market,trade,WINFUT,182690.0,1,,,,IDEAL CTVM SA,GOLDMAN SACHS DO BRASIL CTVM,,,
2026-03-27T13:15:53.379Z,market,trade,WINFUT,182690.0,1,,,,IDEAL CTVM SA,BTG Pactual CTVM S.A.,,,
2026-03-27T13:15:53.379Z,market,trade,WINFUT,182690.0,1,,,,IDEAL CTVM SA,IDEAL CTVM SA,,,
2026-03-27T13:15:53.489Z,market,trade,WINFUT,182690.0,5,,,,GENIAL INSTITUCIONAL CCTVM S.A,GENIAL INSTITUCIONAL CCTVM S.A,,,
2026-03-27T13:15:53.489Z,market,trade,WINFUT,182690.0,5,,,,XP Investimentos CCTVM S/A,XP Investimentos CCTVM S/A,,,
2026-03-27T13:15:53.489Z,market,trade,WINFUT,182690.0,2,,,,XP Investimentos CCTVM S/A,XP Investimentos CCTVM S/A,,,
2026-03-27T13:15:53.489Z,market,trade,WINFUT,182690.0,1,,,,BTG Pactual CTVM S.A.,BTG Pactual CTVM S.A.,,,
2026-03-27T13:15:53.489Z,market,trade,WINFUT,182690.0,1,,,,BTG Pactual CTVM S.A.,IDEAL CTVM SA,,,
2026-03-27T13:15:53.489Z,market,trade,WINFUT,182690.0,1,,,,XP Investimentos CCTVM S/A,AGORA CTVM S/A,,,
2026-03-27T13:15:53.489Z,market,trade,WINFUT,182690.0,3,,,,XP Investimentos CCTVM S/A,IDEAL CTVM SA,,,
2026-03-27T13:15:53.489Z,market,trade,WINFUT,182690.0,1,,,,XP Investimentos CCTVM S/A,BTG Pactual CTVM S.A.,,,
2026-03-27T13:15:53.587Z,market,trade,WINFUT,182690.0,1,,,,XP Investimentos CCTVM S/A,XP Investimentos CCTVM S/A,,,
2026-03-27T13:15:53.587Z,market,trade,WINFUT,182690.0,6,,,,XP Investimentos CCTVM S/A,XP Investimentos CCTVM S/A,,,
2026-03-27T13:15:53.587Z,market,trade,WINFUT,182685.0,12,,,,IDEAL CTVM SA,XP Investimentos CCTVM S/A,,,
2026-03-27T13:15:53.587Z,market,trade,WINFUT,182685.0,10,,,,GENIAL INSTITUCIONAL CCTVM S.A,XP Investimentos CCTVM S/A,,,
2026-03-27T13:15:53.587Z,market,trade,WINFUT,182685.0,11,,,,IDEAL CTVM SA,XP Investimentos CCTVM S/A,,,
2026-03-27T13:15:53.587Z,market,trade,WINFUT,182685.0,7,,,,IDEAL CTVM SA,XP Investimentos CCTVM S/A,,,
2026-03-27T13:15:53.587Z,market,trade,WINFUT,182685.0,1,,,,BTG Pactual CTVM S.A.,XP Investimentos CCTVM S/A,,,
2026-03-27T13:15:53.587Z,market,trade,WINFUT,182685.0,1,,,,GENIAL INSTITUCIONAL CCTVM S.A,XP Investimentos CCTVM S/A,,,
2026-03-27T13:15:53.587Z,market,trade,WINFUT,182685.0,1,,,,XP Investimentos CCTVM S/A,XP Investimentos CCTVM S/A,,,
2026-03-27T13:15:53.587Z,market,trade,WINFUT,182685.0,2,,,,BTG Pactual CTVM S.A.,XP Investimentos CCTVM S/A,,,
2026-03-27T13:15:53.588Z,market,trade,WINFUT,182685.0,1,,,,BTG Pactual CTVM S.A.,XP Investimentos CCTVM S/A,,,
2026-03-27T13:15:53.588Z,market,trade,WINFUT,182685.0,1,,,,BTG Pactual CTVM S.A.,XP Investimentos CCTVM S/A,,,
2026-03-27T13:15:53.588Z,market,trade,WINFUT,182685.0,1,,,,XP Investimentos CCTVM S/A,XP Investimentos CCTVM S/A,,,
2026-03-27T13:15:53.588Z,market,trade,WINFUT,182685.0,6,,,,XP Investimentos CCTVM S/A,XP Investimentos CCTVM S/A,,,
2026-03-27T13:15:53.588Z,market,trade,WINFUT,182685.0,7,,,,IDEAL CTVM SA,XP Investimentos CCTVM S/A,,,
2026-03-27T13:15:53.588Z,market,trade,WINFUT,182685.0,1,,,,BTG Pactual CTVM S.A.,XP Investimentos CCTVM S/A,,,
2026-03-27T13:15:53.588Z,market,trade,WINFUT,182685.0,11,,,,IDEAL CTVM SA,XP Investimentos CCTVM S/A,,,
2026-03-27T13:15:53.588Z,market,trade,WINFUT,182685.0,1,,,,XP Investimentos CCTVM S/A,XP Investimentos CCTVM S/A,,,
2026-03-27T13:15:53.588Z,market,trade,WINFUT,182685.0,6,,,,XP Investimentos CCTVM S/A,XP Investimentos CCTVM S/A,,,
2026-03-27T13:15:53.588Z,market,trade,WINFUT,182680.0,2,,,,BTG Pactual CTVM S.A.,XP Investimentos CCTVM S/A,,,
2026-03-27T13:15:53.588Z,market,trade,WINFUT,182680.0,1,,,,BTG Pactual CTVM S.A.,XP Investimentos CCTVM S/A,,,
2026-03-27T13:15:53.588Z,market,trade,WINFUT,182680.0,9,,,,XP Investimentos CCTVM S/A,XP Investimentos CCTVM S/A,,,
2026-03-27T13:15:53.588Z,market,trade,WINFUT,182680.0,1,,,,XP Investimentos CCTVM S/A,XP Investimentos CCTVM S/A,,,
2026-03-27T13:15:53.588Z,market,trade,WINFUT,182680.0,1,,,,XP Investimentos CCTVM S/A,XP Investimentos CCTVM S/A,,,
2026-03-27T13:15:53.588Z,market,trade,WINFUT,182680.0,1,,,,XP Investimentos CCTVM S/A,XP Investimentos CCTVM S/A,,,
2026-03-27T13:15:53.588Z,market,trade,WINFUT,182680.0,1,,,,XP Investimentos CCTVM S/A,XP Investimentos CCTVM S/A,,,
2026-03-27T13:15:53.588Z,market,trade,WINFUT,182680.0,7,,,,IDEAL CTVM SA,XP Investimentos CCTVM S/A,,,
2026-03-27T13:15:53.588Z,market,trade,WINFUT,182680.0,1,,,,BTG Pactual CTVM S.A.,XP Investimentos CCTVM S/A,,,
2026-03-27T13:15:53.588Z,market,trade,WINFUT,182680.0,11,,,,IDEAL CTVM SA,XP Investimentos CCTVM S/A,,,
2026-03-27T13:15:53.588Z,market,trade,WINFUT,182680.0,1,,,,BTG Pactual CTVM S.A.,XP Investimentos CCTVM S/A,,,
2026-03-27T13:15:53.588Z,market,trade,WINFUT,182680.0,11,,,,IDEAL CTVM SA,XP Investimentos CCTVM S/A,,,
2026-03-27T13:15:53.588Z,market,trade,WINFUT,182680.0,1,,,,XP Investimentos CCTVM S/A,XP Investimentos CCTVM S/A,,,
2026-03-27T13:15:53.588Z,market,trade,WINFUT,182680.0,6,,,,XP Investimentos CCTVM S/A,XP Investimentos CCTVM S/A,,,
2026-03-27T13:15:53.588Z,market,trade,WINFUT,182680.0,4,,,,BTG Pactual CTVM S.A.,XP Investimentos CCTVM S/A,,,
2026-03-27T13:15:53.588Z,market,trade,WINFUT,182680.0,1,,,,XP Investimentos CCTVM S/A,XP Investimentos CCTVM S/A,,,
2026-03-27T13:15:53.588Z,market,trade,WINFUT,182680.0,5,,,,IDEAL CTVM SA,XP Investimentos CCTVM S/A,,,
2026-03-27T13:15:53.588Z,market,trade,WINFUT,182680.0,5,,,,IDEAL CTVM SA,XP Investimentos CCTVM S/A,,,
2026-03-27T13:15:53.588Z,market,trade,WINFUT,182680.0,6,,,,UBS BRASIL CCTVM S/A,XP Investimentos CCTVM S/A,,,
2026-03-27T13:15:53.588Z,market,trade,WINFUT,182680.0,1,,,,BTG Pactual CTVM S.A.,XP Investimentos CCTVM S/A,,,
2026-03-27T13:15:53.588Z,market,trade,WINFUT,182680.0,14,,,,BTG Pactual CTVM S.A.,XP Investimentos CCTVM S/A,,,
2026-03-27T13:15:53.588Z,market,trade,WINFUT,182680.0,1,,,,XP Investimentos CCTVM S/A,XP Investimentos CCTVM S/A,,,
2026-03-27T13:15:53.589Z,market,trade,WINFUT,182680.0,18,,,,UBS BRASIL CCTVM S/A,XP Investimentos CCTVM S/A,,,
2026-03-27T13:15:53.589Z,market,trade,WINFUT,182680.0,36,,,,GENIAL INSTITUCIONAL CCTVM S.A,XP Investimentos CCTVM S/A,,,
2026-03-27T13:15:53.589Z,market,trade,WINFUT,182680.0,2,,,,XP Investimentos CCTVM S/A,XP Investimentos CCTVM S/A,,,
2026-03-27T13:15:53.589Z,market,trade,WINFUT,182680.0,1,,,,GENIAL INSTITUCIONAL CCTVM S.A,XP Investimentos CCTVM S/A,,,
2026-03-27T13:15:53.589Z,market,trade,WINFUT,182680.0,1,,,,XP Investimentos CCTVM S/A,XP Investimentos CCTVM S/A,,,
2026-03-27T13:15:53.589Z,market,trade,WINFUT,182680.0,3,,,,AGORA CTVM S/A,XP Investimentos CCTVM S/A,,,
2026-03-27T13:15:53.589Z,market,trade,WINFUT,182680.0,3,,,,XP Investimentos CCTVM S/A,XP Investimentos CCTVM S/A,,,
2026-03-27T13:15:53.589Z,market,trade,WINFUT,182680.0,1,,,,GENIAL INSTITUCIONAL CCTVM S.A,XP Investimentos CCTVM S/A,,,
2026-03-27T13:15:53.589Z,market,trade,WINFUT,182680.0,1,,,,AGORA CTVM S/A,XP Investimentos CCTVM S/A,,,
2026-03-27T13:15:53.589Z,market,trade,WINFUT,182680.0,1,,,,AGORA CTVM S/A,XP Investimentos CCTVM S/A,,,
2026-03-27T13:15:53.589Z,market,trade,WINFUT,182680.0,1,,,,XP Investimentos CCTVM S/A,XP Investimentos CCTVM S/A,,,
2026-03-27T13:15:53.589Z,market,trade,WINFUT,182680.0,6,,,,UBS BRASIL CCTVM S/A,XP Investimentos CCTVM S/A,,,
2026-03-27T13:15:53.589Z,market,trade,WINFUT,182675.0,12,,,,IDEAL CTVM SA,XP Investimentos CCTVM S/A,,,
2026-03-27T13:15:53.589Z,market,trade,WINFUT,182675.0,18,,,,IDEAL CTVM SA,XP Investimentos CCTVM S/A,,,
2026-03-27T13:15:53.589Z,market,trade,WINFUT,182675.0,18,,,,UBS BRASIL CCTVM S/A,XP Investimentos CCTVM S/A,,,
2026-03-27T13:15:53.589Z,market,trade,WINFUT,182675.0,11,,,,IDEAL CTVM SA,XP Investimentos CCTVM S/A,,,
2026-03-27T13:15:53.589Z,market,trade,WINFUT,182675.0,11,,,,IDEAL CTVM SA,XP Investimentos CCTVM S/A,,,
2026-03-27T13:15:53.589Z,market,trade,WINFUT,182675.0,1,,,,XP Investimentos CCTVM S/A,XP Investimentos CCTVM S/A,,,
2026-03-27T13:15:53.589Z,market,trade,WINFUT,182675.0,7,,,,IDEAL CTVM SA,XP Investimentos CCTVM S/A,,,
2026-03-27T13:15:53.589Z,market,trade,WINFUT,182675.0,1,,,,BTG Pactual CTVM S.A.,XP Investimentos CCTVM S/A,,,
2026-03-27T13:15:53.589Z,market,trade,WINFUT,182675.0,7,,,,IDEAL CTVM SA,XP Investimentos CCTVM S/A,,,
2026-03-27T13:15:53.589Z,market,trade,WINFUT,182675.0,4,,,,BTG Pactual CTVM S.A.,XP Investimentos CCTVM S/A,,,
2026-03-27T13:15:53.589Z,market,trade,WINFUT,182675.0,3,,,,IDEAL CTVM SA,XP Investimentos CCTVM S/A,,,
2026-03-27T13:15:53.589Z,market,trade,WINFUT,182675.0,5,,,,IDEAL CTVM SA,XP Investimentos CCTVM S/A,,,
2026-03-27T13:15:53.589Z,market,trade,WINFUT,182675.0,1,,,,BTG Pactual CTVM S.A.,XP Investimentos CCTVM S/A,,,
2026-03-27T13:15:53.589Z,market,trade,WINFUT,182675.0,36,,,,GENIAL INSTITUCIONAL CCTVM S.A,XP Investimentos CCTVM S/A,,,
2026-03-27T13:15:53.589Z,market,trade,WINFUT,182675.0,1,,,,XP Investimentos CCTVM S/A,XP Investimentos CCTVM S/A,,,
2026-03-27T13:15:53.590Z,market,trade,WINFUT,182675.0,5,,,,IDEAL CTVM SA,XP Investimentos CCTVM S/A,,,
2026-03-27T13:15:53.590Z,market,trade,WINFUT,182675.0,5,,,,UBS BRASIL CCTVM S/A,XP Investimentos CCTVM S/A,,,
2026-03-27T13:15:53.590Z,market,trade,WINFUT,182675.0,1,,,,BTG Pactual CTVM S.A.,XP Investimentos CCTVM S/A,,,
2026-03-27T13:15:53.590Z,market,trade,WINFUT,182675.0,1,,,,XP Investimentos CCTVM S/A,XP Investimentos CCTVM S/A,,,
2026-03-27T13:15:53.590Z,market,trade,WINFUT,182675.0,1,,,,XP Investimentos CCTVM S/A,XP Investimentos CCTVM S/A,,,
2026-03-27T13:15:53.590Z,market,trade,WINFUT,182675.0,1,,,,XP Investimentos CCTVM S/A,XP Investimentos CCTVM S/A,,,
2026-03-27T13:15:53.590Z,market,trade,WINFUT,182675.0,1,,,,GENIAL INSTITUCIONAL CCTVM S.A,XP Investimentos CCTVM S/A,,,
2026-03-27T13:15:53.590Z,market,trade,WINFUT,182675.0,1,,,,GENIAL INSTITUCIONAL CCTVM S.A,XP Investimentos CCTVM S/A,,,
2026-03-27T13:15:53.590Z,market,trade,WINFUT,182675.0,1,,,,AGORA CTVM S/A,XP Investimentos CCTVM S/A,,,
2026-03-27T13:15:53.590Z,market,trade,WINFUT,182675.0,1,,,,BTG Pactual CTVM S.A.,XP Investimentos CCTVM S/A,,,
2026-03-27T13:15:53.590Z,market,trade,WINFUT,182675.0,1,,,,XP Investimentos CCTVM S/A,XP Investimentos CCTVM S/A,,,
2026-03-27T13:15:53.590Z,market,trade,WINFUT,182675.0,5,,,,GENIAL INSTITUCIONAL CCTVM S.A,XP Investimentos CCTVM S/A,,,
2026-03-27T13:15:53.590Z,market,trade,WINFUT,182675.0,6,,,,UBS BRASIL CCTVM S/A,XP Investimentos CCTVM S/A,,,
2026-03-27T13:15:53.590Z,market,trade,WINFUT,182675.0,1,,,,GENIAL INSTITUCIONAL CCTVM S.A,XP Investimentos CCTVM S/A,,,
2026-03-27T13:15:53.590Z,market,trade,WINFUT,182675.0,2,,,,AGORA CTVM S/A,XP Investimentos CCTVM S/A,,,
2026-03-27T13:15:53.590Z,market,trade,WINFUT,182675.0,1,,,,AGORA CTVM S/A,XP Investimentos CCTVM S/A,,,
2026-03-27T13:15:53.590Z,market,trade,WINFUT,182675.0,1,,,,Santander CCVM S/A,XP Investimentos CCTVM S/A,,,
2026-03-27T13:15:53.590Z,market,trade,WINFUT,182675.0,16,,,,GENIAL INSTITUCIONAL CCTVM S.A,XP Investimentos CCTVM S/A,,,
2026-03-27T13:15:53.590Z,market,trade,WINFUT,182675.0,1,,,,BTG Pactual CTVM S.A.,XP Investimentos CCTVM S/A,,,
2026-03-27T13:15:53.590Z,market,trade,WINFUT,182675.0,1,,,,XP Investimentos CCTVM S/A,XP Investimentos CCTVM S/A,,,
2026-03-27T13:15:53.590Z,market,trade,WINFUT,182675.0,1,,,,XP Investimentos CCTVM S/A,XP Investimentos CCTVM S/A,,,
2026-03-27T13:15:53.590Z,market,trade,WINFUT,182675.0,2,,,,AGORA CTVM S/A,XP Investimentos CCTVM S/A,,,
2026-03-27T13:15:53.590Z,market,trade,WINFUT,182675.0,1,,,,XP Investimentos CCTVM S/A,XP Investimentos CCTVM S/A,,,
2026-03-27T13:15:53.590Z,market,trade,WINFUT,182675.0,1,,,,GENIAL INSTITUCIONAL CCTVM S.A,XP Investimentos CCTVM S/A,,,
2026-03-27T13:15:53.590Z,market,trade,WINFUT,182675.0,1,,,,TERRA INVESTIMENTOS DTVM LTDA,XP Investimentos CCTVM S/A,,,
2026-03-27T13:15:53.590Z,market,trade,WINFUT,182675.0,2,,,,CM Capital Markets CCTVM LTDA,XP Investimentos CCTVM S/A,,,
2026-03-27T13:15:53.590Z,market,trade,WINFUT,182675.0,2,,,,INTER DTVM LTDA,XP Investimentos CCTVM S/A,,,
2026-03-27T13:15:53.590Z,market,trade,WINFUT,182675.0,2,,,,XP Investimentos CCTVM S/A,XP Investimentos CCTVM S/A,,,
2026-03-27T13:15:53.590Z,market,trade,WINFUT,182675.0,3,,,,XP Investimentos CCTVM S/A,XP Investimentos CCTVM S/A,,,
2026-03-27T13:15:53.591Z,market,trade,WINFUT,182675.0,1,,,,XP Investimentos CCTVM S/A,XP Investimentos CCTVM S/A,,,
2026-03-27T13:15:53.591Z,market,trade,WINFUT,182675.0,1,,,,ATIVA INVESTIMENTOS S.A. CTCV,XP Investimentos CCTVM S/A,,,
2026-03-27T13:15:53.591Z,market,trade,WINFUT,182675.0,1,,,,ATIVA INVESTIMENTOS S.A. CTCV,XP Investimentos CCTVM S/A,,,
2026-03-27T13:15:53.591Z,market,trade,WINFUT,182675.0,1,,,,ATIVA INVESTIMENTOS S.A. CTCV,XP Investimentos CCTVM S/A,,,
2026-03-27T13:15:53.591Z,market,trade,WINFUT,182675.0,1,,,,ATIVA INVESTIMENTOS S.A. CTCV,XP Investimentos CCTVM S/A,,,
2026-03-27T13:15:53.591Z,market,trade,WINFUT,182675.0,1,,,,ATIVA INVESTIMENTOS S.A. CTCV,XP Investimentos CCTVM S/A,,,
2026-03-27T13:15:53.591Z,market,trade,WINFUT,182675.0,1,,,,XP Investimentos CCTVM S/A,XP Investimentos CCTVM S/A,,,
2026-03-27T13:15:53.591Z,market,trade,WINFUT,182675.0,44,,,,XP Investimentos CCTVM S/A,XP Investimentos CCTVM S/A,,,
2026-03-27T13:15:53.591Z,market,trade,WINFUT,182680.0,1,,,,XP Investimentos CCTVM S/A,XP Investimentos CCTVM S/A,,,
2026-03-27T13:15:53.591Z,market,trade,WINFUT,182680.0,1,,,,XP Investimentos CCTVM S/A,XP Investimentos CCTVM S/A,,,
2026-03-27T13:15:53.591Z,market,trade,WINFUT,182680.0,1,,,,XP Investimentos CCTVM S/A,XP Investimentos CCTVM S/A,,,
2026-03-27T13:15:53.591Z,market,trade,WINFUT,182680.0,1,,,,XP Investimentos CCTVM S/A,XP Investimentos CCTVM S/A,,,
2026-03-27T13:15:53.591Z,market,trade,WINFUT,182680.0,1,,,,GENIAL INSTITUCIONAL CCTVM S.A,GENIAL INSTITUCIONAL CCTVM S.A,,,
2026-03-27T13:15:53.591Z,market,trade,WINFUT,182675.0,5,,,,XP Investimentos CCTVM S/A,TERRA INVESTIMENTOS DTVM LTDA,,,
2026-03-27T13:15:53.591Z,market,trade,WINFUT,182675.0,1,,,,XP Investimentos CCTVM S/A,XP Investimentos CCTVM S/A,,,
2026-03-27T13:15:53.591Z,market,trade,WINFUT,182675.0,2,,,,XP Investimentos CCTVM S/A,XP Investimentos CCTVM S/A,,,
2026-03-27T13:15:53.591Z,market,trade,WINFUT,182675.0,1,,,,SANTANDER CORRETORA DE TITULOS E VALORES MOBILIARIOS S.A.,XP Investimentos CCTVM S/A,,,
2026-03-27T13:15:53.591Z,market,trade,WINFUT,182680.0,1,,,,XP Investimentos CCTVM S/A,XP Investimentos CCTVM S/A,,,
2026-03-27T13:15:53.591Z,market,trade,WINFUT,182680.0,1,,,,XP Investimentos CCTVM S/A,XP Investimentos CCTVM S/A,,,
2026-03-27T13:15:53.591Z,market,trade,WINFUT,182685.0,3,,,,IDEAL CTVM SA,AGORA CTVM S/A,,,
2026-03-27T13:15:53.591Z,market,trade,WINFUT,182685.0,7,,,,IDEAL CTVM SA,AGORA CTVM S/A,,,
2026-03-27T13:15:53.591Z,market,trade,WINFUT,182680.0,1,,,,GENIAL INSTITUCIONAL CCTVM S.A,XP Investimentos CCTVM S/A,,,
2026-03-27T13:15:53.591Z,market,trade,WINFUT,182685.0,5,,,,UBS BRASIL CCTVM S/A,AGORA CTVM S/A,,,
2026-03-27T13:15:53.591Z,market,trade,WINFUT,182685.0,10,,,,UBS BRASIL CCTVM S/A,AGORA CTVM S/A,,,
2026-03-27T13:15:53.591Z,market,trade,WINFUT,182685.0,1,,,,UBS BRASIL CCTVM S/A,IDEAL CTVM SA,,,
2026-03-27T13:15:53.591Z,market,trade,WINFUT,182685.0,7,,,,UBS BRASIL CCTVM S/A,IDEAL CTVM SA,,,
2026-03-27T13:15:53.591Z,market,trade,WINFUT,182685.0,2,,,,UBS BRASIL CCTVM S/A,IDEAL CTVM SA,,,
2026-03-27T13:15:53.591Z,market,trade,WINFUT,182685.0,1,,,,UBS BRASIL CCTVM S/A,IDEAL CTVM SA,,,
2026-03-27T13:15:53.591Z,market,trade,WINFUT,182685.0,2,,,,UBS BRASIL CCTVM S/A,BTG Pactual CTVM S.A.,,,
2026-03-27T13:15:53.592Z,market,trade,WINFUT,182685.0,4,,,,UBS BRASIL CCTVM S/A,BTG Pactual CTVM S.A.,,,
2026-03-27T13:15:53.592Z,market,trade,WINFUT,182685.0,2,,,,UBS BRASIL CCTVM S/A,BTG Pactual CTVM S.A.,,,
2026-03-27T13:15:53.592Z,market,trade,WINFUT,182685.0,1,,,,UBS BRASIL CCTVM S/A,BTG Pactual CTVM S.A.,,,
2026-03-27T13:15:53.592Z,market,trade,WINFUT,182685.0,1,,,,UBS BRASIL CCTVM S/A,BTG Pactual CTVM S.A.,,,
2026-03-27T13:15:53.592Z,market,trade,WINFUT,182685.0,1,,,,UBS BRASIL CCTVM S/A,BTG Pactual CTVM S.A.,,,
2026-03-27T13:15:53.592Z,market,trade,WINFUT,182685.0,2,,,,UBS BRASIL CCTVM S/A,IDEAL CTVM SA,,,
2026-03-27T13:15:53.592Z,market,trade,WINFUT,182685.0,1,,,,UBS BRASIL CCTVM S/A,IDEAL CTVM SA,,,
2026-03-27T13:15:53.592Z,market,trade,WINFUT,182685.0,2,,,,UBS BRASIL CCTVM S/A,IDEAL CTVM SA,,,
2026-03-27T13:15:53.592Z,market,trade,WINFUT,182685.0,3,,,,UBS BRASIL CCTVM S/A,IDEAL CTVM SA,,,
2026-03-27T13:15:53.592Z,market,trade,WINFUT,182685.0,5,,,,UBS BRASIL CCTVM S/A,IDEAL CTVM SA,,,
2026-03-27T13:15:53.592Z,market,trade,WINFUT,182685.0,6,,,,UBS BRASIL CCTVM S/A,IDEAL CTVM SA,,,
2026-03-27T13:15:53.592Z,market,trade,WINFUT,182685.0,11,,,,IDEAL CTVM SA,IDEAL CTVM SA,,,
2026-03-27T13:15:53.592Z,market,trade,WINFUT,182685.0,1,,,,IDEAL CTVM SA,BTG Pactual CTVM S.A.,,,
2026-03-27T13:15:53.592Z,market,trade,WINFUT,182685.0,18,,,,IDEAL CTVM SA,UBS BRASIL CCTVM S/A,,,
2026-03-27T13:15:53.592Z,market,trade,WINFUT,182685.0,12,,,,IDEAL CTVM SA,GENIAL INSTITUCIONAL CCTVM S.A,,,
2026-03-27T13:15:53.592Z,market,trade,WINFUT,182685.0,4,,,,IDEAL CTVM SA,GENIAL INSTITUCIONAL CCTVM S.A,,,
2026-03-27T13:15:53.592Z,market,trade,WINFUT,182685.0,1,,,,IDEAL CTVM SA,GENIAL INSTITUCIONAL CCTVM S.A,,,
2026-03-27T13:15:53.592Z,market,trade,WINFUT,182685.0,7,,,,AGORA CTVM S/A,GENIAL INSTITUCIONAL CCTVM S.A,,,
2026-03-27T13:15:53.592Z,market,trade,WINFUT,182685.0,12,,,,XP Investimentos CCTVM S/A,GENIAL INSTITUCIONAL CCTVM S.A,,,
2026-03-27T13:15:53.592Z,market,trade,WINFUT,182685.0,13,,,,XP Investimentos CCTVM S/A,IDEAL CTVM SA,,,
2026-03-27T13:15:53.592Z,market,trade,WINFUT,182685.0,1,,,,XP Investimentos CCTVM S/A,IDEAL CTVM SA,,,
2026-03-27T13:15:53.592Z,market,trade,WINFUT,182685.0,2,,,,XP Investimentos CCTVM S/A,AGORA CTVM S/A,,,
2026-03-27T13:15:53.783Z,market,trade,WINFUT,182690.0,1,,,,XP Investimentos CCTVM S/A,XP Investimentos CCTVM S/A,,,
2026-03-27T13:15:53.783Z,market,trade,WINFUT,182690.0,17,,,,IDEAL CTVM SA,XP Investimentos CCTVM S/A,,,
2026-03-27T13:15:53.783Z,market,trade,WINFUT,182690.0,1,,,,IDEAL CTVM SA,BTG Pactual CTVM S.A.,,,
2026-03-27T13:15:53.783Z,market,trade,WINFUT,182690.0,1,,,,IDEAL CTVM SA,BTG Pactual CTVM S.A.,,,
2026-03-27T13:15:53.783Z,market,trade,WINFUT,182690.0,1,,,,BTG Pactual CTVM S.A.,SANTANDER CORRETORA DE TITULOS E VALORES MOBILIARIOS S.A.,,,
2026-03-27T13:15:53.784Z,market,trade,WINFUT,182685.0,1,,,,XP Investimentos CCTVM S/A,SANTANDER CORRETORA DE TITULOS E VALORES MOBILIARIOS S.A.,,,
2026-03-27T13:15:53.979Z,market,trade,WINFUT,182690.0,10,,,,XP Investimentos CCTVM S/A,XP Investimentos CCTVM S/A,,,
2026-03-27T13:15:53.979Z,market,trade,WINFUT,182690.0,1,,,,XP Investimentos CCTVM S/A,XP Investimentos CCTVM S/A,,,
2026-03-27T13:15:53.979Z,market,trade,WINFUT,182690.0,1,,,,BTG Pactual CTVM S.A.,IDEAL CTVM SA,,,
2026-03-27T13:15:54.100Z,market,trade,WINFUT,182685.0,2,,,,XP Investimentos CCTVM S/A,XP Investimentos CCTVM S/A,,,
2026-03-27T13:15:54.100Z,market,trade,WINFUT,182685.0,1,,,,BTG Pactual CTVM S.A.,BTG Pactual CTVM S.A.,,,
2026-03-27T13:15:54.113Z,market,trade,WINFUT,182685.0,2,,,,XP Investimentos CCTVM S/A,XP Investimentos CCTVM S/A,,,
2026-03-27T13:15:54.113Z,market,trade,WINFUT,182685.0,5,,,,BTG Pactual CTVM S.A.,BTG Pactual CTVM S.A.,,,
2026-03-27T13:15:54.113Z,market,trade,WINFUT,182685.0,2,,,,UBS BRASIL CCTVM S/A,SANTANDER CORRETORA DE TITULOS E VALORES MOBILIARIOS S.A.,,,
2026-03-27T13:15:54.113Z,market,trade,WINFUT,182685.0,2,,,,BTG Pactual CTVM S.A.,BTG Pactual CTVM S.A.,,,
2026-03-27T13:15:54.113Z,market,trade,WINFUT,182685.0,2,,,,UBS BRASIL CCTVM S/A,BTG Pactual CTVM S.A.,,,
2026-03-27T13:15:54.113Z,market,trade,WINFUT,182685.0,4,,,,GENIAL INSTITUCIONAL CCTVM S.A,GENIAL INSTITUCIONAL CCTVM S.A,,,
2026-03-27T13:15:54.113Z,market,trade,WINFUT,182685.0,1,,,,XP Investimentos CCTVM S/A,XP Investimentos CCTVM S/A,,,
2026-03-27T13:15:54.113Z,market,trade,WINFUT,182685.0,14,,,,XP Investimentos CCTVM S/A,XP Investimentos CCTVM S/A,,,
2026-03-27T13:15:54.113Z,market,trade,WINFUT,182685.0,3,,,,UBS BRASIL CCTVM S/A,XP Investimentos CCTVM S/A,,,
2026-03-27T13:15:54.113Z,market,trade,WINFUT,182685.0,1,,,,BTG Pactual CTVM S.A.,XP Investimentos CCTVM S/A,,,
2026-03-27T13:15:54.113Z,market,trade,WINFUT,182685.0,1,,,,BTG Pactual CTVM S.A.,XP Investimentos CCTVM S/A,,,
2026-03-27T13:15:54.113Z,market,trade,WINFUT,182685.0,11,,,,IDEAL CTVM SA,XP Investimentos CCTVM S/A,,,
2026-03-27T13:15:54.113Z,market,trade,WINFUT,182685.0,11,,,,IDEAL CTVM SA,XP Investimentos CCTVM S/A,,,
2026-03-27T13:15:54.113Z,market,trade,WINFUT,182685.0,5,,,,XP Investimentos CCTVM S/A,XP Investimentos CCTVM S/A,,,
2026-03-27T13:15:54.113Z,market,trade,WINFUT,182685.0,1,,,,XP Investimentos CCTVM S/A,XP Investimentos CCTVM S/A,,,
2026-03-27T13:15:54.113Z,market,trade,WINFUT,182685.0,3,,,,IDEAL CTVM SA,XP Investimentos CCTVM S/A,,,
2026-03-27T13:15:54.170Z,market,trade,WINFUT,182690.0,10,,,,XP Investimentos CCTVM S/A,XP Investimentos CCTVM S/A,,,
2026-03-27T13:15:54.170Z,market,trade,WINFUT,182685.0,1,,,,BTG Pactual CTVM S.A.,BTG Pactual CTVM S.A.,,,
2026-03-27T13:15:54.204Z,market,trade,WINFUT,182690.0,1,,,,IDEAL CTVM SA,IDEAL CTVM SA,,,
2026-03-27T13:15:54.204Z,market,trade,WINFUT,182690.0,11,,,,IDEAL CTVM SA,IDEAL CTVM SA,,,
2026-03-27T13:15:54.204Z,market,trade,WINFUT,182690.0,1,,,,IDEAL CTVM SA,BTG Pactual CTVM S.A.,,,
2026-03-27T13:15:54.204Z,market,trade,WINFUT,182690.0,3,,,,IDEAL CTVM SA,IDEAL CTVM SA,,,
2026-03-27T13:15:54.204Z,market,trade,WINFUT,182690.0,1,,,,IDEAL CTVM SA,BTG Pactual CTVM S.A.,,,
2026-03-27T13:15:54.204Z,market,trade,WINFUT,182690.0,10,,,,IDEAL CTVM SA,BTG Pactual CTVM S.A.,,,
2026-03-27T13:15:54.204Z,market,trade,WINFUT,182690.0,1,,,,IDEAL CTVM SA,BTG Pactual CTVM S.A.,,,
2026-03-27T13:15:54.204Z,market,trade,WINFUT,182690.0,4,,,,IDEAL CTVM SA,BTG Pactual CTVM S.A.,,,
2026-03-27T13:15:54.204Z,market,trade,WINFUT,182690.0,1,,,,UBS BRASIL CCTVM S/A,BTG Pactual CTVM S.A.,,,
2026-03-27T13:15:54.372Z,market,trade,WINFUT,182690.0,14,,,,XP Investimentos CCTVM S/A,XP Investimentos CCTVM S/A,,,
2026-03-27T13:15:54.372Z,market,trade,WINFUT,182690.0,6,,,,UBS BRASIL CCTVM S/A,XP Investimentos CCTVM S/A,,,
2026-03-27T13:15:54.372Z,market,trade,WINFUT,182695.0,10,,,,XP Investimentos CCTVM S/A,XP Investimentos CCTVM S/A,,,
2026-03-27T13:15:54.372Z,market,trade,WINFUT,182695.0,1,,,,GENIAL INSTITUCIONAL CCTVM S.A,IDEAL CTVM SA,,,
2026-03-27T13:15:54.372Z,market,trade,WINFUT,182695.0,1,,,,XP Investimentos CCTVM S/A,XP Investimentos CCTVM S/A,,,
2026-03-27T13:15:54.372Z,market,trade,WINFUT,182690.0,3,,,,XP Investimentos CCTVM S/A,XP Investimentos CCTVM S/A,,,
2026-03-27T13:15:54.400Z,market,trade,WINFUT,182695.0,8,,,,IDEAL CTVM SA,IDEAL CTVM SA,,,
2026-03-27T13:15:54.400Z,market,trade,WINFUT,182695.0,1,,,,IDEAL CTVM SA,XP Investimentos CCTVM S/A,,,
2026-03-27T13:15:54.400Z,market,trade,WINFUT,182695.0,1,,,,IDEAL CTVM SA,BTG Pactual CTVM S.A.,,,
2026-03-27T13:15:54.400Z,market,trade,WINFUT,182695.0,10,,,,IDEAL CTVM SA,IDEAL CTVM SA,,,
2026-03-27T13:15:54.400Z,market,trade,WINFUT,182695.0,11,,,,IDEAL CTVM SA,IDEAL CTVM SA,,,
2026-03-27T13:15:54.400Z,market,trade,WINFUT,182695.0,1,,,,IDEAL CTVM SA,BTG Pactual CTVM S.A.,,,
2026-03-27T13:15:54.400Z,market,trade,WINFUT,182695.0,1,,,,IDEAL CTVM SA,XP Investimentos CCTVM S/A,,,
2026-03-27T13:15:54.400Z,market,trade,WINFUT,182695.0,1,,,,IDEAL CTVM SA,XP Investimentos CCTVM S/A,,,
2026-03-27T13:15:54.401Z,market,trade,WINFUT,182695.0,23,,,,IDEAL CTVM SA,UBS BRASIL CCTVM S/A,,,
2026-03-27T13:15:54.401Z,market,trade,WINFUT,182695.0,1,,,,IDEAL CTVM SA,AGORA CTVM S/A,,,
2026-03-27T13:15:54.401Z,market,trade,WINFUT,182695.0,1,,,,IDEAL CTVM SA,XP Investimentos CCTVM S/A,,,
2026-03-27T13:15:54.401Z,market,trade,WINFUT,182695.0,1,,,,IDEAL CTVM SA,BTG Pactual CTVM S.A.,,,
2026-03-27T13:15:54.401Z,market,trade,WINFUT,182695.0,10,,,,IDEAL CTVM SA,BTG Pactual CTVM S.A.,,,
2026-03-27T13:15:54.474Z,market,trade,WINFUT,182700.0,1,,,,IDEAL CTVM SA,BTG Pactual CTVM S.A.,,,
2026-03-27T13:15:54.474Z,market,trade,WINFUT,182700.0,1,,,,IDEAL CTVM SA,AGORA CTVM S/A,,,
2026-03-27T13:15:54.474Z,market,trade,WINFUT,182700.0,3,,,,IDEAL CTVM SA,BTG Pactual CTVM S.A.,,,
2026-03-27T13:15:54.474Z,market,trade,WINFUT,182700.0,1,,,,IDEAL CTVM SA,BTG Pactual CTVM S.A.,,,
2026-03-27T13:15:54.474Z,market,trade,WINFUT,182700.0,1,,,,IDEAL CTVM SA,BTG Pactual CTVM S.A.,,,
2026-03-27T13:15:54.474Z,market,trade,WINFUT,182700.0,1,,,,IDEAL CTVM SA,XP Investimentos CCTVM S/A,,,
2026-03-27T13:15:54.474Z,market,trade,WINFUT,182700.0,2,,,,IDEAL CTVM SA,NOVA FUTURA CTVM LTDA,,,
2026-03-27T13:15:54.474Z,market,trade,WINFUT,182700.0,1,,,,XP Investimentos CCTVM S/A,XP Investimentos CCTVM S/A,,,
2026-03-27T13:15:54.474Z,market,trade,WINFUT,182700.0,2,,,,IDEAL CTVM SA,NOVA FUTURA CTVM LTDA,,,
2026-03-27T13:15:54.474Z,market,trade,WINFUT,182700.0,1,,,,IDEAL CTVM SA,CM Capital Markets CCTVM LTDA,,,
2026-03-27T13:15:54.475Z,market,trade,WINFUT,182700.0,1,,,,IDEAL CTVM SA,XP Investimentos CCTVM S/A,,,
2026-03-27T13:15:54.475Z,market,trade,WINFUT,182705.0,1,,,,BTG Pactual CTVM S.A.,BTG Pactual CTVM S.A.,,,
2026-03-27T13:15:54.623Z,market,trade,WINFUT,182700.0,3,,,,XP Investimentos CCTVM S/A,XP Investimentos CCTVM S/A,,,
2026-03-27T13:15:54.623Z,market,trade,WINFUT,182705.0,1,,,,BTG Pactual CTVM S.A.,IDEAL CTVM SA,,,
2026-03-27T13:15:54.623Z,market,trade,WINFUT,182700.0,14,,,,XP Investimentos CCTVM S/A,XP Investimentos CCTVM S/A,,,
2026-03-27T13:15:54.623Z,market,trade,WINFUT,182700.0,6,,,,IDEAL CTVM SA,XP Investimentos CCTVM S/A,,,
2026-03-27T13:15:54.716Z,market,trade,WINFUT,182700.0,1,,,,GENIAL INSTITUCIONAL CCTVM S.A,GENIAL INSTITUCIONAL CCTVM S.A,,,
2026-03-27T13:15:54.716Z,market,trade,WINFUT,182700.0,1,,,,BTG Pactual CTVM S.A.,SANTANDER CORRETORA DE TITULOS E VALORES MOBILIARIOS S.A.,,,
2026-03-27T13:15:54.739Z,market,trade,WINFUT,182700.0,2,,,,GENIAL INSTITUCIONAL CCTVM S.A,GENIAL INSTITUCIONAL CCTVM S.A,,,
2026-03-27T13:15:54.739Z,market,trade,WINFUT,182700.0,2,,,,GENIAL INSTITUCIONAL CCTVM S.A,GENIAL INSTITUCIONAL CCTVM S.A,,,
2026-03-27T13:15:54.739Z,market,trade,WINFUT,182705.0,5,,,,GENIAL INSTITUCIONAL CCTVM S.A,IDEAL CTVM SA,,,
2026-03-27T13:15:54.739Z,market,trade,WINFUT,182705.0,1,,,,SANTANDER CORRETORA DE TITULOS E VALORES MOBILIARIOS S.A.,IDEAL CTVM SA,,,
2026-03-27T13:15:54.739Z,market,trade,WINFUT,182705.0,1,,,,XP Investimentos CCTVM S/A,XP Investimentos CCTVM S/A,,,
2026-03-27T13:15:54.824Z,market,trade,WINFUT,182700.0,1,,,,BTG Pactual CTVM S.A.,BTG Pactual CTVM S.A.,,,
2026-03-27T13:15:54.824Z,market,trade,WINFUT,182705.0,2,,,,GENIAL INSTITUCIONAL CCTVM S.A,IDEAL CTVM SA,,,
2026-03-27T13:15:54.825Z,market,trade,WINFUT,182705.0,1,,,,XP Investimentos CCTVM S/A,IDEAL CTVM SA,,,
2026-03-27T13:15:54.825Z,market,trade,WINFUT,182705.0,1,,,,XP Investimentos CCTVM S/A,XP Investimentos CCTVM S/A,,,
2026-03-27T13:15:54.825Z,market,trade,WINFUT,182705.0,1,,,,XP Investimentos CCTVM S/A,XP Investimentos CCTVM S/A,,,
2026-03-27T13:15:54.825Z,market,trade,WINFUT,182705.0,3,,,,XP Investimentos CCTVM S/A,XP Investimentos CCTVM S/A,,,
2026-03-27T13:15:54.825Z,market,trade,WINFUT,182700.0,2,,,,XP Investimentos CCTVM S/A,XP Investimentos CCTVM S/A,,,
2026-03-27T13:15:54.825Z,market,trade,WINFUT,182700.0,2,,,,XP Investimentos CCTVM S/A,XP Investimentos CCTVM S/A,,,
2026-03-27T13:15:54.825Z,market,trade,WINFUT,182705.0,1,,,,XP Investimentos CCTVM S/A,XP Investimentos CCTVM S/A,,,
2026-03-27T13:15:54.825Z,market,trade,WINFUT,182705.0,2,,,,XP Investimentos CCTVM S/A,XP Investimentos CCTVM S/A,,,
2026-03-27T13:15:54.825Z,market,trade,WINFUT,182700.0,1,,,,BTG Pactual CTVM S.A.,BTG Pactual CTVM S.A.,,,
2026-03-27T13:15:54.825Z,market,trade,WINFUT,182705.0,1,,,,IDEAL CTVM SA,BTG Pactual CTVM S.A.,,,
2026-03-27T13:15:54.825Z,market,trade,WINFUT,182705.0,4,,,,IDEAL CTVM SA,XP Investimentos CCTVM S/A,,,
2026-03-27T13:15:54.825Z,market,trade,WINFUT,182705.0,1,,,,IDEAL CTVM SA,XP Investimentos CCTVM S/A,,,
2026-03-27T13:15:54.959Z,market,trade,WINFUT,182705.0,1,,,,XP Investimentos CCTVM S/A,XP Investimentos CCTVM S/A,,,
2026-03-27T13:15:54.959Z,market,trade,WINFUT,182705.0,13,,,,XP Investimentos CCTVM S/A,XP Investimentos CCTVM S/A,,,
2026-03-27T13:15:54.959Z,market,trade,WINFUT,182705.0,5,,,,IDEAL CTVM SA,XP Investimentos CCTVM S/A,,,
2026-03-27T13:15:54.959Z,market,trade,WINFUT,182705.0,7,,,,IDEAL CTVM SA,XP Investimentos CCTVM S/A,,,
2026-03-27T13:15:54.959Z,market,trade,WINFUT,182705.0,5,,,,XP Investimentos CCTVM S/A,XP Investimentos CCTVM S/A,,,
2026-03-27T13:15:54.959Z,market,trade,WINFUT,182705.0,1,,,,GENIAL INSTITUCIONAL CCTVM S.A,GENIAL INSTITUCIONAL CCTVM S.A,,,
2026-03-27T13:15:54.959Z,market,trade,WINFUT,182710.0,11,,,,BTG Pactual CTVM S.A.,BTG Pactual CTVM S.A.,,,
2026-03-27T13:15:54.959Z,market,trade,WINFUT,182710.0,1,,,,BTG Pactual CTVM S.A.,XP Investimentos CCTVM S/A,,,
2026-03-27T13:15:54.960Z,market,trade,WINFUT,182710.0,2,,,,BTG Pactual CTVM S.A.,IDEAL CTVM SA,,,
2026-03-27T13:15:55.016Z,market,trade,WINFUT,182705.0,1,,,,BTG Pactual CTVM S.A.,IDEAL CTVM SA,,,
2026-03-27T13:15:55.017Z,market,trade,WINFUT,182705.0,1,,,,UBS BRASIL CCTVM S/A,IDEAL CTVM SA,,,
2026-03-27T13:15:55.017Z,market,trade,WINFUT,182705.0,2,,,,UBS BRASIL CCTVM S/A,IDEAL CTVM SA,,,
2026-03-27T13:15:55.017Z,market,trade,WINFUT,182705.0,1,,,,BTG Pactual CTVM S.A.,IDEAL CTVM SA,,,
2026-03-27T13:15:55.017Z,market,trade,WINFUT,182705.0,1,,,,IDEAL CTVM SA,IDEAL CTVM SA,,,
2026-03-27T13:15:55.017Z,market,trade,WINFUT,182705.0,1,,,,IDEAL CTVM SA,BTG Pactual CTVM S.A.,,,
2026-03-27T13:15:55.017Z,market,trade,WINFUT,182705.0,2,,,,XP Investimentos CCTVM S/A,XP Investimentos CCTVM S/A,,,
2026-03-27T13:15:55.017Z,market,trade,WINFUT,182705.0,1,,,,UBS BRASIL CCTVM S/A,SANTANDER CORRETORA DE TITULOS E VALORES MOBILIARIOS S.A.,,,
2026-03-27T13:15:55.017Z,market,trade,WINFUT,182710.0,1,,,,BTG Pactual CTVM S.A.,XP Investimentos CCTVM S/A,,,
2026-03-27T13:15:55.221Z,market,trade,WINFUT,182710.0,4,,,,GENIAL INSTITUCIONAL CCTVM S.A,XP Investimentos CCTVM S/A,,,
2026-03-27T13:15:55.221Z,market,trade,WINFUT,182710.0,1,,,,GENIAL INSTITUCIONAL CCTVM S.A,XP Investimentos CCTVM S/A,,,
2026-03-27T13:15:55.234Z,market,trade,WINFUT,182705.0,5,,,,XP Investimentos CCTVM S/A,XP Investimentos CCTVM S/A,,,
2026-03-27T13:15:55.234Z,market,trade,WINFUT,182705.0,1,,,,XP Investimentos CCTVM S/A,XP Investimentos CCTVM S/A,,,
2026-03-27T13:15:55.234Z,market,trade,WINFUT,182710.0,1,,,,XP Investimentos CCTVM S/A,XP Investimentos CCTVM S/A,,,
2026-03-27T13:15:55.297Z,market,trade,WINFUT,182710.0,3,,,,IDEAL CTVM SA,XP Investimentos CCTVM S/A,,,
2026-03-27T13:15:55.297Z,market,trade,WINFUT,182710.0,1,,,,IDEAL CTVM SA,XP Investimentos CCTVM S/A,,,
2026-03-27T13:15:55.297Z,market,trade,WINFUT,182710.0,1,,,,IDEAL CTVM SA,AGORA CTVM S/A,,,
2026-03-27T13:15:55.297Z,market,trade,WINFUT,182710.0,2,,,,IDEAL CTVM SA,SANTANDER CORRETORA DE TITULOS E VALORES MOBILIARIOS S.A.,,,
2026-03-27T13:15:55.297Z,market,trade,WINFUT,182710.0,2,,,,AGORA CTVM S/A,SANTANDER CORRETORA DE TITULOS E VALORES MOBILIARIOS S.A.,,,
2026-03-27T13:15:55.297Z,market,trade,WINFUT,182710.0,2,,,,AGORA CTVM S/A,BTG Pactual CTVM S.A.,,,
2026-03-27T13:15:55.297Z,market,trade,WINFUT,182710.0,1,,,,AGORA CTVM S/A,XP Investimentos CCTVM S/A,,,
2026-03-27T13:15:55.297Z,market,trade,WINFUT,182710.0,2,,,,AGORA CTVM S/A,BTG Pactual CTVM S.A.,,,
2026-03-27T13:15:55.297Z,market,trade,WINFUT,182710.0,2,,,,UBS BRASIL CCTVM S/A,BTG Pactual CTVM S.A.,,,
2026-03-27T13:15:55.297Z,market,trade,WINFUT,182710.0,1,,,,UBS BRASIL CCTVM S/A,XP Investimentos CCTVM S/A,,,
2026-03-27T13:15:55.297Z,market,trade,WINFUT,182710.0,1,,,,UBS BRASIL CCTVM S/A,AGORA CTVM S/A,,,
2026-03-27T13:15:55.297Z,market,trade,WINFUT,182710.0,1,,,,UBS BRASIL CCTVM S/A,BTG Pactual CTVM S.A.,,,
2026-03-27T13:15:55.297Z,market,trade,WINFUT,182710.0,1,,,,UBS BRASIL CCTVM S/A,BTG Pactual CTVM S.A.,,,
2026-03-27T13:15:55.297Z,market,trade,WINFUT,182710.0,4,,,,UBS BRASIL CCTVM S/A,XP Investimentos CCTVM S/A,,,
2026-03-27T13:15:55.297Z,market,trade,WINFUT,182710.0,10,,,,UBS BRASIL CCTVM S/A,BTG Pactual CTVM S.A.,,,
2026-03-27T13:15:55.297Z,market,trade,WINFUT,182710.0,1,,,,UBS BRASIL CCTVM S/A,BTG Pactual CTVM S.A.,,,
2026-03-27T13:15:55.297Z,market,trade,WINFUT,182710.0,1,,,,UBS BRASIL CCTVM S/A,CM Capital Markets CCTVM LTDA,,,
2026-03-27T13:15:55.297Z,market,trade,WINFUT,182710.0,1,,,,UBS BRASIL CCTVM S/A,SANTANDER CORRETORA DE TITULOS E VALORES MOBILIARIOS S.A.,,,
2026-03-27T13:15:55.297Z,market,trade,WINFUT,182710.0,1,,,,UBS BRASIL CCTVM S/A,BTG Pactual CTVM S.A.,,,
2026-03-27T13:15:55.297Z,market,trade,WINFUT,182710.0,2,,,,UBS BRASIL CCTVM S/A,XP Investimentos CCTVM S/A,,,
2026-03-27T13:15:55.298Z,market,trade,WINFUT,182710.0,1,,,,UBS BRASIL CCTVM S/A,XP Investimentos CCTVM S/A,,,
2026-03-27T13:15:55.298Z,market,trade,WINFUT,182710.0,1,,,,UBS BRASIL CCTVM S/A,XP Investimentos CCTVM S/A,,,
2026-03-27T13:15:55.298Z,market,trade,WINFUT,182710.0,2,,,,UBS BRASIL CCTVM S/A,SANTANDER CORRETORA DE TITULOS E VALORES MOBILIARIOS S.A.,,,
2026-03-27T13:15:55.298Z,market,trade,WINFUT,182710.0,2,,,,UBS BRASIL CCTVM S/A,XP Investimentos CCTVM S/A,,,
2026-03-27T13:15:55.298Z,market,trade,WINFUT,182710.0,1,,,,UBS BRASIL CCTVM S/A,BTG Pactual CTVM S.A.,,,
2026-03-27T13:15:55.298Z,market,trade,WINFUT,182710.0,10,,,,UBS BRASIL CCTVM S/A,GENIAL INSTITUCIONAL CCTVM S.A,,,
2026-03-27T13:15:55.298Z,market,trade,WINFUT,182710.0,1,,,,UBS BRASIL CCTVM S/A,CM Capital Markets CCTVM LTDA,,,
2026-03-27T13:15:55.298Z,market,trade,WINFUT,182710.0,1,,,,UBS BRASIL CCTVM S/A,XP Investimentos CCTVM S/A,,,
2026-03-27T13:15:55.298Z,market,trade,WINFUT,182710.0,1,,,,UBS BRASIL CCTVM S/A,BTG Pactual CTVM S.A.,,,
2026-03-27T13:15:55.298Z,market,trade,WINFUT,182710.0,4,,,,UBS BRASIL CCTVM S/A,GENIAL INSTITUCIONAL CCTVM S.A,,,
2026-03-27T13:15:55.298Z,market,trade,WINFUT,182710.0,1,,,,UBS BRASIL CCTVM S/A,GENIAL INSTITUCIONAL CCTVM S.A,,,
2026-03-27T13:15:55.298Z,market,trade,WINFUT,182710.0,1,,,,UBS BRASIL CCTVM S/A,BTG Pactual CTVM S.A.,,,
2026-03-27T13:15:55.298Z,market,trade,WINFUT,182710.0,10,,,,UBS BRASIL CCTVM S/A,XP Investimentos CCTVM S/A,,,
2026-03-27T13:15:55.298Z,market,trade,WINFUT,182710.0,1,,,,UBS BRASIL CCTVM S/A,GENIAL INSTITUCIONAL CCTVM S.A,,,
2026-03-27T13:15:55.298Z,market,trade,WINFUT,182710.0,4,,,,UBS BRASIL CCTVM S/A,IDEAL CTVM SA,,,
2026-03-27T13:15:55.298Z,market,trade,WINFUT,182710.0,10,,,,UBS BRASIL CCTVM S/A,XP Investimentos CCTVM S/A,,,
2026-03-27T13:15:55.298Z,market,trade,WINFUT,182710.0,1,,,,UBS BRASIL CCTVM S/A,AGORA CTVM S/A,,,
2026-03-27T13:15:55.298Z,market,trade,WINFUT,182710.0,1,,,,XP Investimentos CCTVM S/A,IDEAL CTVM SA,,,
2026-03-27T13:15:55.298Z,market,trade,WINFUT,182710.0,5,,,,XP Investimentos CCTVM S/A,IDEAL CTVM SA,,,
2026-03-27T13:15:55.298Z,market,trade,WINFUT,182710.0,4,,,,UBS BRASIL CCTVM S/A,IDEAL CTVM SA,,,
2026-03-27T13:15:55.452Z,market,trade,WINFUT,182710.0,1,,,,XP Investimentos CCTVM S/A,XP Investimentos CCTVM S/A,,,
2026-03-27T13:15:55.452Z,market,trade,WINFUT,182710.0,1,,,,XP Investimentos CCTVM S/A,XP Investimentos CCTVM S/A,,,
2026-03-27T13:15:55.503Z,market,trade,WINFUT,182710.0,2,,,,XP Investimentos CCTVM S/A,XP Investimentos CCTVM S/A,,,
2026-03-27T13:15:55.503Z,market,trade,WINFUT,182710.0,2,,,,XP Investimentos CCTVM S/A,XP Investimentos CCTVM S/A,,,
2026-03-27T13:15:55.503Z,market,trade,WINFUT,182705.0,1,,,,BTG Pactual CTVM S.A.,INTER DTVM LTDA,,,
2026-03-27T13:15:55.594Z,market,trade,WINFUT,182705.0,1,,,,BTG Pactual CTVM S.A.,Elliot-Warren,,,
2026-03-27T13:15:55.594Z,market,trade,WINFUT,182705.0,7,,,,IDEAL CTVM SA,Elliot-Warren,,,
2026-03-27T13:15:55.594Z,market,trade,WINFUT,182705.0,1,,,,XP Investimentos CCTVM S/A,Elliot-Warren,,,
2026-03-27T13:15:55.594Z,market,trade,WINFUT,182705.0,5,,,,XP Investimentos CCTVM S/A,Elliot-Warren,,,
2026-03-27T13:15:55.594Z,market,trade,WINFUT,182705.0,6,,,,UBS BRASIL CCTVM S/A,Elliot-Warren,,,
2026-03-27T13:15:55.594Z,market,trade,WINFUT,182705.0,12,,,,UBS BRASIL CCTVM S/A,AGORA CTVM S/A,,,
2026-03-27T13:15:55.594Z,market,trade,WINFUT,182705.0,1,,,,IDEAL CTVM SA,AGORA CTVM S/A,,,
2026-03-27T13:15:55.595Z,market,trade,WINFUT,182705.0,5,,,,XP Investimentos CCTVM S/A,AGORA CTVM S/A,,,
2026-03-27T13:15:55.595Z,market,trade,WINFUT,182705.0,1,,,,XP Investimentos CCTVM S/A,AGORA CTVM S/A,,,
2026-03-27T13:15:55.650Z,market,trade,WINFUT,182710.0,11,,,,BTG Pactual CTVM S.A.,BTG Pactual CTVM S.A.,,,
2026-03-27T13:15:55.650Z,market,trade,WINFUT,182710.0,11,,,,BTG Pactual CTVM S.A.,IDEAL CTVM SA,,,
2026-03-27T13:15:55.650Z,market,trade,WINFUT,182710.0,1,,,,BTG Pactual CTVM S.A.,BTG Pactual CTVM S.A.,,,
2026-03-27T13:15:55.650Z,market,trade,WINFUT,182710.0,11,,,,BTG Pactual CTVM S.A.,IDEAL CTVM SA,,,
2026-03-27T13:15:55.650Z,market,trade,WINFUT,182710.0,1,,,,BTG Pactual CTVM S.A.,XP Investimentos CCTVM S/A,,,
2026-03-27T13:15:55.650Z,market,trade,WINFUT,182710.0,7,,,,BTG Pactual CTVM S.A.,IDEAL CTVM SA,,,
2026-03-27T13:15:55.650Z,market,trade,WINFUT,182710.0,3,,,,BTG Pactual CTVM S.A.,IDEAL CTVM SA,,,
2026-03-27T13:15:55.650Z,market,trade,WINFUT,182710.0,3,,,,BTG Pactual CTVM S.A.,IDEAL CTVM SA,,,
2026-03-27T13:15:55.650Z,market,trade,WINFUT,182710.0,7,,,,BTG Pactual CTVM S.A.,IDEAL CTVM SA,,,
2026-03-27T13:15:55.650Z,market,trade,WINFUT,182710.0,18,,,,BTG Pactual CTVM S.A.,UBS BRASIL CCTVM S/A,,,
2026-03-27T13:15:55.650Z,market,trade,WINFUT,182710.0,7,,,,BTG Pactual CTVM S.A.,IDEAL CTVM SA,,,
2026-03-27T13:15:55.650Z,market,trade,WINFUT,182710.0,3,,,,BTG Pactual CTVM S.A.,IDEAL CTVM SA,,,
2026-03-27T13:15:55.651Z,market,trade,WINFUT,182710.0,1,,,,BTG Pactual CTVM S.A.,BTG Pactual CTVM S.A.,,,
2026-03-27T13:15:55.651Z,market,trade,WINFUT,182710.0,1,,,,BTG Pactual CTVM S.A.,XP Investimentos CCTVM S/A,,,
2026-03-27T13:15:55.651Z,market,trade,WINFUT,182710.0,5,,,,BTG Pactual CTVM S.A.,IDEAL CTVM SA,,,
2026-03-27T13:15:55.651Z,market,trade,WINFUT,182710.0,5,,,,BTG Pactual CTVM S.A.,XP Investimentos CCTVM S/A,,,
2026-03-27T13:15:55.651Z,market,trade,WINFUT,182710.0,1,,,,BTG Pactual CTVM S.A.,BTG Pactual CTVM S.A.,,,
2026-03-27T13:15:55.651Z,market,trade,WINFUT,182715.0,35,,,,BTG Pactual CTVM S.A.,UBS BRASIL CCTVM S/A,,,
2026-03-27T13:15:55.651Z,market,trade,WINFUT,182715.0,1,,,,BTG Pactual CTVM S.A.,XP Investimentos CCTVM S/A,,,
2026-03-27T13:15:55.651Z,market,trade,WINFUT,182715.0,2,,,,BTG Pactual CTVM S.A.,BTG Pactual CTVM S.A.,,,
2026-03-27T13:15:55.651Z,market,trade,WINFUT,182715.0,1,,,,BTG Pactual CTVM S.A.,IDEAL CTVM SA,,,
2026-03-27T13:15:55.651Z,market,trade,WINFUT,182715.0,1,,,,BTG Pactual CTVM S.A.,AGORA CTVM S/A,,,
2026-03-27T13:15:55.651Z,market,trade,WINFUT,182715.0,2,,,,BTG Pactual CTVM S.A.,SANTANDER CORRETORA DE TITULOS E VALORES MOBILIARIOS S.A.,,,
2026-03-27T13:15:55.651Z,market,trade,WINFUT,182715.0,1,,,,BTG Pactual CTVM S.A.,BTG Pactual CTVM S.A.,,,
2026-03-27T13:15:55.651Z,market,trade,WINFUT,182715.0,1,,,,BTG Pactual CTVM S.A.,Santander CCVM S/A,,,
2026-03-27T13:15:55.651Z,market,trade,WINFUT,182715.0,1,,,,BTG Pactual CTVM S.A.,XP Investimentos CCTVM S/A,,,
2026-03-27T13:15:55.651Z,market,trade,WINFUT,182715.0,1,,,,BTG Pactual CTVM S.A.,XP Investimentos CCTVM S/A,,,
2026-03-27T13:15:55.651Z,market,trade,WINFUT,182715.0,1,,,,BTG Pactual CTVM S.A.,XP Investimentos CCTVM S/A,,,
2026-03-27T13:15:55.651Z,market,trade,WINFUT,182715.0,1,,,,BTG Pactual CTVM S.A.,XP Investimentos CCTVM S/A,,,
2026-03-27T13:15:55.651Z,market,trade,WINFUT,182715.0,1,,,,BTG Pactual CTVM S.A.,INTER DTVM LTDA,,,
2026-03-27T13:15:55.651Z,market,trade,WINFUT,182715.0,1,,,,BTG Pactual CTVM S.A.,AGORA CTVM S/A,,,
2026-03-27T13:15:55.651Z,market,trade,WINFUT,182715.0,1,,,,BTG Pactual CTVM S.A.,AGORA CTVM S/A,,,
2026-03-27T13:15:55.651Z,market,trade,WINFUT,182715.0,1,,,,BTG Pactual CTVM S.A.,XP Investimentos CCTVM S/A,,,
2026-03-27T13:15:55.651Z,market,trade,WINFUT,182715.0,1,,,,BTG Pactual CTVM S.A.,BTG Pactual CTVM S.A.,,,
2026-03-27T13:15:55.652Z,market,trade,WINFUT,182715.0,1,,,,BTG Pactual CTVM S.A.,XP Investimentos CCTVM S/A,,,
2026-03-27T13:15:55.652Z,market,trade,WINFUT,182715.0,1,,,,BTG Pactual CTVM S.A.,GENIAL INSTITUCIONAL CCTVM S.A,,,
2026-03-27T13:15:55.652Z,market,trade,WINFUT,182715.0,1,,,,BTG Pactual CTVM S.A.,XP Investimentos CCTVM S/A,,,
2026-03-27T13:15:55.652Z,market,trade,WINFUT,182715.0,1,,,,BTG Pactual CTVM S.A.,Elliot-Warren,,,
2026-03-27T13:15:55.652Z,market,trade,WINFUT,182715.0,1,,,,BTG Pactual CTVM S.A.,Elliot-Warren,,,
2026-03-27T13:15:55.652Z,market,trade,WINFUT,182715.0,1,,,,BTG Pactual CTVM S.A.,Elliot-Warren,,,
2026-03-27T13:15:55.652Z,market,trade,WINFUT,182715.0,1,,,,BTG Pactual CTVM S.A.,SANTANDER CORRETORA DE TITULOS E VALORES MOBILIARIOS S.A.,,,
2026-03-27T13:15:55.652Z,market,trade,WINFUT,182715.0,1,,,,BTG Pactual CTVM S.A.,BTG Pactual CTVM S.A.,,,
2026-03-27T13:15:55.652Z,market,trade,WINFUT,182715.0,3,,,,BTG Pactual CTVM S.A.,XP Investimentos CCTVM S/A,,,
2026-03-27T13:15:55.652Z,market,trade,WINFUT,182710.0,1,,,,GENIAL INSTITUCIONAL CCTVM S.A,GENIAL INSTITUCIONAL CCTVM S.A,,,
2026-03-27T13:15:55.652Z,market,trade,WINFUT,182715.0,3,,,,BTG Pactual CTVM S.A.,XP Investimentos CCTVM S/A,,,
2026-03-27T13:15:55.652Z,market,trade,WINFUT,182710.0,5,,,,XP Investimentos CCTVM S/A,GENIAL INSTITUCIONAL CCTVM S.A,,,
2026-03-27T13:15:55.652Z,market,trade,WINFUT,182710.0,1,,,,XP Investimentos CCTVM S/A,GENIAL INSTITUCIONAL CCTVM S.A,,,
2026-03-27T13:15:55.652Z,market,trade,WINFUT,182710.0,4,,,,UBS BRASIL CCTVM S/A,GENIAL INSTITUCIONAL CCTVM S.A,,,
2026-03-27T13:15:55.652Z,market,trade,WINFUT,182710.0,5,,,,IDEAL CTVM SA,IDEAL CTVM SA,,,
2026-03-27T13:15:55.652Z,market,trade,WINFUT,182710.0,2,,,,IDEAL CTVM SA,XP Investimentos CCTVM S/A,,,
2026-03-27T13:15:55.652Z,market,trade,WINFUT,182710.0,3,,,,BTG Pactual CTVM S.A.,BTG Pactual CTVM S.A.,,,
2026-03-27T13:15:55.652Z,market,trade,WINFUT,182705.0,4,,,,XP Investimentos CCTVM S/A,XP Investimentos CCTVM S/A,,,
2026-03-27T13:15:55.962Z,market,trade,WINFUT,182710.0,1,,,,IDEAL CTVM SA,BTG Pactual CTVM S.A.,,,
2026-03-27T13:15:55.962Z,market,trade,WINFUT,182710.0,1,,,,XP Investimentos CCTVM S/A,Elliot-Warren,,,
2026-03-27T13:15:55.963Z,market,trade,WINFUT,182715.0,1,,,,SANTANDER CORRETORA DE TITULOS E VALORES MOBILIARIOS S.A.,SANTANDER CORRETORA DE TITULOS E VALORES MOBILIARIOS S.A.,,,
2026-03-27T13:15:55.963Z,market,trade,WINFUT,182715.0,1,,,,SANTANDER CORRETORA DE TITULOS E VALORES MOBILIARIOS S.A.,XP Investimentos CCTVM S/A,,,
2026-03-27T13:15:55.964Z,market,trade,WINFUT,182715.0,1,,,,GENIAL INSTITUCIONAL CCTVM S.A,XP Investimentos CCTVM S/A,,,
2026-03-27T13:15:55.964Z,market,trade,WINFUT,182715.0,1,,,,XP Investimentos CCTVM S/A,XP Investimentos CCTVM S/A,,,
2026-03-27T13:15:55.964Z,market,trade,WINFUT,182715.0,1,,,,XP Investimentos CCTVM S/A,XP Investimentos CCTVM S/A,,,
2026-03-27T13:15:56.175Z,market,trade,WINFUT,182710.0,1,,,,XP Investimentos CCTVM S/A,XP Investimentos CCTVM S/A,,,
2026-03-27T13:15:56.175Z,market,trade,WINFUT,182715.0,1,,,,XP Investimentos CCTVM S/A,XP Investimentos CCTVM S/A,,,
2026-03-27T13:15:56.175Z,market,trade,WINFUT,182710.0,1,,,,IDEAL CTVM SA,IDEAL CTVM SA,,,
2026-03-27T13:15:56.175Z,market,trade,WINFUT,182710.0,1,,,,BTG Pactual CTVM S.A.,IDEAL CTVM SA,,,
2026-03-27T13:15:56.175Z,market,trade,WINFUT,182710.0,1,,,,BTG Pactual CTVM S.A.,IDEAL CTVM SA,,,
2026-03-27T13:15:56.175Z,market,trade,WINFUT,182710.0,4,,,,UBS BRASIL CCTVM S/A,IDEAL CTVM SA,,,
2026-03-27T13:15:56.175Z,market,trade,WINFUT,182710.0,6,,,,UBS BRASIL CCTVM S/A,IDEAL CTVM SA,,,
2026-03-27T13:15:56.175Z,market,trade,WINFUT,182710.0,1,,,,UBS BRASIL CCTVM S/A,BTG Pactual CTVM S.A.,,,
2026-03-27T13:15:56.175Z,market,trade,WINFUT,182710.0,11,,,,UBS BRASIL CCTVM S/A,IDEAL CTVM SA,,,
2026-03-27T13:15:56.175Z,market,trade,WINFUT,182710.0,1,,,,IDEAL CTVM SA,XP Investimentos CCTVM S/A,,,
2026-03-27T13:15:56.175Z,market,trade,WINFUT,182715.0,1,,,,BTG Pactual CTVM S.A.,CM Capital Markets CCTVM LTDA,,,
2026-03-27T13:15:56.175Z,market,trade,WINFUT,182715.0,1,,,,BTG Pactual CTVM S.A.,BTG Pactual CTVM S.A.,,,
2026-03-27T13:15:56.175Z,market,trade,WINFUT,182715.0,1,,,,BTG Pactual CTVM S.A.,BTG Pactual CTVM S.A.,,,
2026-03-27T13:15:56.311Z,market,trade,WINFUT,182715.0,1,,,,XP Investimentos CCTVM S/A,XP Investimentos CCTVM S/A,,,
2026-03-27T13:15:56.339Z,market,trade,WINFUT,182715.0,4,,,,TERRA INVESTIMENTOS DTVM LTDA,XP Investimentos CCTVM S/A,,,
2026-03-27T13:15:56.339Z,market,trade,WINFUT,182710.0,3,,,,XP Investimentos CCTVM S/A,BTG Pactual CTVM S.A.,,,
2026-03-27T13:15:56.414Z,market,trade,WINFUT,182715.0,1,,,,XP Investimentos CCTVM S/A,XP Investimentos CCTVM S/A,,,
2026-03-27T13:15:56.426Z,market,trade,WINFUT,182715.0,1,,,,SANTANDER CORRETORA DE TITULOS E VALORES MOBILIARIOS S.A.,XP Investimentos CCTVM S/A,,,
2026-03-27T13:15:56.482Z,market,trade,WINFUT,182715.0,3,,,,XP Investimentos CCTVM S/A,XP Investimentos CCTVM S/A,,,
2026-03-27T13:15:56.482Z,market,trade,WINFUT,182715.0,1,,,,XP Investimentos CCTVM S/A,BTG Pactual CTVM S.A.,,,
2026-03-27T13:15:56.482Z,market,trade,WINFUT,182715.0,1,,,,XP Investimentos CCTVM S/A,CM Capital Markets CCTVM LTDA,,,
2026-03-27T13:15:56.482Z,market,trade,WINFUT,182715.0,1,,,,XP Investimentos CCTVM S/A,XP Investimentos CCTVM S/A,,,
2026-03-27T13:15:56.482Z,market,trade,WINFUT,182710.0,1,,,,IDEAL CTVM SA,IDEAL CTVM SA,,,
2026-03-27T13:15:56.483Z,market,trade,WINFUT,182710.0,1,,,,BTG Pactual CTVM S.A.,IDEAL CTVM SA,,,
2026-03-27T13:15:56.483Z,market,trade,WINFUT,182710.0,1,,,,XP Investimentos CCTVM S/A,XP Investimentos CCTVM S/A,,,
2026-03-27T13:15:56.483Z,market,trade,WINFUT,182710.0,1,,,,XP Investimentos CCTVM S/A,XP Investimentos CCTVM S/A,,,
2026-03-27T13:15:56.483Z,market,trade,WINFUT,182710.0,4,,,,SANTANDER CORRETORA DE TITULOS E VALORES MOBILIARIOS S.A.,IDEAL CTVM SA,,,
2026-03-27T13:15:56.483Z,market,trade,WINFUT,182710.0,3,,,,XP Investimentos CCTVM S/A,XP Investimentos CCTVM S/A,,,
2026-03-27T13:15:56.483Z,market,trade,WINFUT,182705.0,1,,,,BTG Pactual CTVM S.A.,SANTANDER CORRETORA DE TITULOS E VALORES MOBILIARIOS S.A.,,,
2026-03-27T13:15:56.483Z,market,trade,WINFUT,182710.0,1,,,,XP Investimentos CCTVM S/A,XP Investimentos CCTVM S/A,,,
2026-03-27T13:15:56.577Z,market,trade,WINFUT,182710.0,1,,,,SANTANDER CORRETORA DE TITULOS E VALORES MOBILIARIOS S.A.,IDEAL CTVM SA,,,
2026-03-27T13:15:56.577Z,market,trade,WINFUT,182710.0,2,,,,XP Investimentos CCTVM S/A,XP Investimentos CCTVM S/A,,,
2026-03-27T13:15:56.685Z,market,trade,WINFUT,182705.0,1,,,,BTG Pactual CTVM S.A.,SANTANDER CORRETORA DE TITULOS E VALORES MOBILIARIOS S.A.,,,
2026-03-27T13:15:56.685Z,market,trade,WINFUT,182705.0,2,,,,BTG Pactual CTVM S.A.,IDEAL CTVM SA,,,
2026-03-27T13:15:56.685Z,market,trade,WINFUT,182705.0,1,,,,BTG Pactual CTVM S.A.,IDEAL CTVM SA,,,
2026-03-27T13:15:56.685Z,market,trade,WINFUT,182705.0,4,,,,UBS BRASIL CCTVM S/A,IDEAL CTVM SA,,,
2026-03-27T13:15:56.685Z,market,trade,WINFUT,182705.0,1,,,,BTG Pactual CTVM S.A.,IDEAL CTVM SA,,,
2026-03-27T13:15:56.685Z,market,trade,WINFUT,182705.0,1,,,,GENIAL INSTITUCIONAL CCTVM S.A,XP Investimentos CCTVM S/A,,,
2026-03-27T13:15:56.733Z,market,trade,WINFUT,182700.0,1,,,,XP Investimentos CCTVM S/A,XP Investimentos CCTVM S/A,,,
2026-03-27T13:15:56.733Z,market,trade,WINFUT,182700.0,2,,,,XP Investimentos CCTVM S/A,XP Investimentos CCTVM S/A,,,
2026-03-27T13:15:56.734Z,market,trade,WINFUT,182705.0,1,,,,IDEAL CTVM SA,BTG Pactual CTVM S.A.,,,
2026-03-27T13:15:56.734Z,market,trade,WINFUT,182705.0,1,,,,IDEAL CTVM SA,SANTANDER CORRETORA DE TITULOS E VALORES MOBILIARIOS S.A.,,,
2026-03-27T13:15:56.734Z,market,trade,WINFUT,182705.0,3,,,,IDEAL CTVM SA,IDEAL CTVM SA,,,
2026-03-27T13:15:56.734Z,market,trade,WINFUT,182705.0,5,,,,IDEAL CTVM SA,XP Investimentos CCTVM S/A,,,
2026-03-27T13:15:56.734Z,market,trade,WINFUT,182705.0,1,,,,IDEAL CTVM SA,XP Investimentos CCTVM S/A,,,
2026-03-27T13:15:56.734Z,market,trade,WINFUT,182710.0,1,,,,CM Capital Markets CCTVM LTDA,CM Capital Markets CCTVM LTDA,,,
2026-03-27T13:15:56.776Z,market,trade,WINFUT,182710.0,14,,,,XP Investimentos CCTVM S/A,XP Investimentos CCTVM S/A,,,
2026-03-27T13:15:56.776Z,market,trade,WINFUT,182710.0,5,,,,XP Investimentos CCTVM S/A,IDEAL CTVM SA,,,
2026-03-27T13:15:56.776Z,market,trade,WINFUT,182710.0,1,,,,XP Investimentos CCTVM S/A,AGORA CTVM S/A,,,
2026-03-27T13:15:56.776Z,market,trade,WINFUT,182710.0,1,,,,XP Investimentos CCTVM S/A,BTG Pactual CTVM S.A.,,,
2026-03-27T13:15:56.776Z,market,trade,WINFUT,182710.0,4,,,,XP Investimentos CCTVM S/A,UBS BRASIL CCTVM S/A,,,
2026-03-27T13:15:56.851Z,market,trade,WINFUT,182710.0,1,,,,IDEAL CTVM SA,BTG Pactual CTVM S.A.,,,
2026-03-27T13:15:56.851Z,market,trade,WINFUT,182710.0,1,,,,IDEAL CTVM SA,BTG Pactual CTVM S.A.,,,
2026-03-27T13:15:56.851Z,market,trade,WINFUT,182710.0,18,,,,UBS BRASIL CCTVM S/A,XP Investimentos CCTVM S/A,,,
2026-03-27T13:15:56.851Z,market,trade,WINFUT,182710.0,42,,,,XP Investimentos CCTVM S/A,XP Investimentos CCTVM S/A,,,
2026-03-27T13:15:56.851Z,market,trade,WINFUT,182710.0,1,,,,XP Investimentos CCTVM S/A,BTG Pactual CTVM S.A.,,,
2026-03-27T13:15:56.851Z,market,trade,WINFUT,182715.0,1,,,,XP Investimentos CCTVM S/A,XP Investimentos CCTVM S/A,,,
2026-03-27T13:15:56.852Z,market,trade,WINFUT,182715.0,3,,,,BTG Pactual CTVM S.A.,BTG Pactual CTVM S.A.,,,
2026-03-27T13:15:56.852Z,market,trade,WINFUT,182710.0,1,,,,XP Investimentos CCTVM S/A,XP Investimentos CCTVM S/A,,,
2026-03-27T13:15:56.980Z,market,trade,WINFUT,182710.0,2,,,,XP Investimentos CCTVM S/A,XP Investimentos CCTVM S/A,,,
2026-03-27T13:15:56.980Z,market,trade,WINFUT,182715.0,1,,,,XP Investimentos CCTVM S/A,XP Investimentos CCTVM S/A,,,
2026-03-27T13:15:56.980Z,market,trade,WINFUT,182715.0,3,,,,IDEAL CTVM SA,GENIAL INSTITUCIONAL CCTVM S.A,,,
2026-03-27T13:15:56.980Z,market,trade,WINFUT,182715.0,1,,,,IDEAL CTVM SA,BTG Pactual CTVM S.A.,,,
2026-03-27T13:15:56.980Z,market,trade,WINFUT,182715.0,5,,,,IDEAL CTVM SA,IDEAL CTVM SA,,,
2026-03-27T13:15:56.980Z,market,trade,WINFUT,182715.0,1,,,,IDEAL CTVM SA,BTG Pactual CTVM S.A.,,,
2026-03-27T13:15:56.980Z,market,trade,WINFUT,182715.0,1,,,,IDEAL CTVM SA,XP Investimentos CCTVM S/A,,,
2026-03-27T13:15:56.981Z,market,trade,WINFUT,182715.0,1,,,,IDEAL CTVM SA,XP Investimentos CCTVM S/A,,,
2026-03-27T13:15:56.981Z,market,trade,WINFUT,182715.0,1,,,,IDEAL CTVM SA,XP Investimentos CCTVM S/A,,,
2026-03-27T13:15:56.981Z,market,trade,WINFUT,182715.0,12,,,,IDEAL CTVM SA,BTG Pactual CTVM S.A.,,,
2026-03-27T13:15:56.981Z,market,trade,WINFUT,182715.0,1,,,,AGORA CTVM S/A,BTG Pactual CTVM S.A.,,,
2026-03-27T13:15:56.981Z,market,trade,WINFUT,182715.0,2,,,,IDEAL CTVM SA,BTG Pactual CTVM S.A.,,,
2026-03-27T13:15:56.981Z,market,trade,WINFUT,182715.0,7,,,,IDEAL CTVM SA,BTG Pactual CTVM S.A.,,,
2026-03-27T13:15:56.981Z,market,trade,WINFUT,182715.0,8,,,,IDEAL CTVM SA,BTG Pactual CTVM S.A.,,,
2026-03-27T13:15:56.981Z,market,trade,WINFUT,182715.0,1,,,,IDEAL CTVM SA,BTG Pactual CTVM S.A.,,,
2026-03-27T13:15:56.981Z,market,trade,WINFUT,182715.0,1,,,,IDEAL CTVM SA,AGORA CTVM S/A,,,
2026-03-27T13:15:56.981Z,market,trade,WINFUT,182715.0,1,,,,IDEAL CTVM SA,AGORA CTVM S/A,,,
2026-03-27T13:15:56.981Z,market,trade,WINFUT,182715.0,1,,,,IDEAL CTVM SA,BTG Pactual CTVM S.A.,,,
2026-03-27T13:15:56.981Z,market,trade,WINFUT,182720.0,1,,,,IDEAL CTVM SA,XP Investimentos CCTVM S/A,,,
2026-03-27T13:15:56.981Z,market,trade,WINFUT,182720.0,5,,,,IDEAL CTVM SA,BTG Pactual CTVM S.A.,,,
2026-03-27T13:15:56.981Z,market,trade,WINFUT,182720.0,4,,,,IDEAL CTVM SA,BTG Pactual CTVM S.A.,,,
2026-03-27T13:15:56.981Z,market,trade,WINFUT,182720.0,1,,,,IDEAL CTVM SA,BTG Pactual CTVM S.A.,,,
2026-03-27T13:15:56.981Z,market,trade,WINFUT,182720.0,3,,,,IDEAL CTVM SA,BTG Pactual CTVM S.A.,,,
2026-03-27T13:15:56.981Z,market,trade,WINFUT,182720.0,1,,,,XP Investimentos CCTVM S/A,XP Investimentos CCTVM S/A,,,
2026-03-27T13:15:56.981Z,market,trade,WINFUT,182720.0,2,,,,CM Capital Markets CCTVM LTDA,CM Capital Markets CCTVM LTDA,,,
2026-03-27T13:15:56.981Z,market,trade,WINFUT,182720.0,1,,,,XP Investimentos CCTVM S/A,XP Investimentos CCTVM S/A,,,
2026-03-27T13:15:56.981Z,market,trade,WINFUT,182720.0,2,,,,BTG Pactual CTVM S.A.,BTG Pactual CTVM S.A.,,,
2026-03-27T13:15:56.981Z,market,trade,WINFUT,182720.0,1,,,,XP Investimentos CCTVM S/A,AGORA CTVM S/A,,,
2026-03-27T13:15:56.981Z,market,trade,WINFUT,182720.0,1,,,,XP Investimentos CCTVM S/A,XP Investimentos CCTVM S/A,,,
2026-03-27T13:15:56.981Z,market,trade,WINFUT,182720.0,1,,,,BTG Pactual CTVM S.A.,BTG Pactual CTVM S.A.,,,
2026-03-27T13:15:56.981Z,market,trade,WINFUT,182720.0,1,,,,XP Investimentos CCTVM S/A,XP Investimentos CCTVM S/A,,,
2026-03-27T13:15:56.981Z,market,trade,WINFUT,182720.0,2,,,,BTG Pactual CTVM S.A.,BTG Pactual CTVM S.A.,,,
2026-03-27T13:15:56.981Z,market,trade,WINFUT,182720.0,1,,,,BTG Pactual CTVM S.A.,BTG Pactual CTVM S.A.,,,
2026-03-27T13:15:56.981Z,market,trade,WINFUT,182720.0,1,,,,IDEAL CTVM SA,ATIVA INVESTIMENTOS S.A. CTCV,,,
2026-03-27T13:15:56.982Z,market,trade,WINFUT,182720.0,1,,,,IDEAL CTVM SA,ATIVA INVESTIMENTOS S.A. CTCV,,,
2026-03-27T13:15:56.982Z,market,trade,WINFUT,182720.0,1,,,,IDEAL CTVM SA,ATIVA INVESTIMENTOS S.A. CTCV,,,
2026-03-27T13:15:56.982Z,market,trade,WINFUT,182720.0,1,,,,IDEAL CTVM SA,IDEAL CTVM SA,,,
2026-03-27T13:15:56.982Z,market,trade,WINFUT,182720.0,1,,,,IDEAL CTVM SA,Santander CCVM S/A,,,
2026-03-27T13:15:56.982Z,market,trade,WINFUT,182720.0,1,,,,IDEAL CTVM SA,IDEAL CTVM SA,,,
2026-03-27T13:15:56.982Z,market,trade,WINFUT,182720.0,1,,,,IDEAL CTVM SA,IDEAL CTVM SA,,,
2026-03-27T13:15:56.982Z,market,trade,WINFUT,182720.0,1,,,,IDEAL CTVM SA,XP Investimentos CCTVM S/A,,,
2026-03-27T13:15:56.982Z,market,trade,WINFUT,182720.0,1,,,,IDEAL CTVM SA,XP Investimentos CCTVM S/A,,,
2026-03-27T13:15:56.982Z,market,trade,WINFUT,182720.0,1,,,,IDEAL CTVM SA,GENIAL INSTITUCIONAL CCTVM S.A,,,
2026-03-27T13:15:56.982Z,market,trade,WINFUT,182720.0,1,,,,IDEAL CTVM SA,AGORA CTVM S/A,,,
2026-03-27T13:15:56.982Z,market,trade,WINFUT,182720.0,1,,,,IDEAL CTVM SA,XP Investimentos CCTVM S/A,,,
2026-03-27T13:15:56.982Z,market,trade,WINFUT,182720.0,1,,,,IDEAL CTVM SA,SANTANDER CORRETORA DE TITULOS E VALORES MOBILIARIOS S.A.,,,
2026-03-27T13:15:56.982Z,market,trade,WINFUT,182720.0,1,,,,IDEAL CTVM SA,BTG Pactual CTVM S.A.,,,
2026-03-27T13:15:56.982Z,market,trade,WINFUT,182720.0,1,,,,IDEAL CTVM SA,Elliot-Warren,,,
2026-03-27T13:15:56.982Z,market,trade,WINFUT,182720.0,1,,,,IDEAL CTVM SA,XP Investimentos CCTVM S/A,,,
2026-03-27T13:15:56.982Z,market,trade,WINFUT,182720.0,1,,,,IDEAL CTVM SA,XP Investimentos CCTVM S/A,,,
2026-03-27T13:15:56.982Z,market,trade,WINFUT,182720.0,1,,,,IDEAL CTVM SA,XP Investimentos CCTVM S/A,,,
2026-03-27T13:15:56.982Z,market,trade,WINFUT,182720.0,1,,,,IDEAL CTVM SA,GENIAL INSTITUCIONAL CCTVM S.A,,,
2026-03-27T13:15:56.982Z,market,trade,WINFUT,182720.0,1,,,,IDEAL CTVM SA,AGORA CTVM S/A,,,
2026-03-27T13:15:56.982Z,market,trade,WINFUT,182720.0,1,,,,IDEAL CTVM SA,XP Investimentos CCTVM S/A,,,
2026-03-27T13:15:56.982Z,market,trade,WINFUT,182720.0,1,,,,IDEAL CTVM SA,XP Investimentos CCTVM S/A,,,
2026-03-27T13:15:56.982Z,market,trade,WINFUT,182720.0,1,,,,IDEAL CTVM SA,BTG Pactual CTVM S.A.,,,
2026-03-27T13:15:56.982Z,market,trade,WINFUT,182720.0,1,,,,IDEAL CTVM SA,Elliot-Warren,,,
2026-03-27T13:15:56.982Z,market,trade,WINFUT,182720.0,1,,,,IDEAL CTVM SA,XP Investimentos CCTVM S/A,,,
2026-03-27T13:15:56.982Z,market,trade,WINFUT,182720.0,1,,,,IDEAL CTVM SA,Elliot-Warren,,,
2026-03-27T13:15:56.982Z,market,trade,WINFUT,182720.0,1,,,,IDEAL CTVM SA,BTG Pactual CTVM S.A.,,,
2026-03-27T13:15:56.982Z,market,trade,WINFUT,182720.0,1,,,,IDEAL CTVM SA,TERRA INVESTIMENTOS DTVM LTDA,,,
2026-03-27T13:15:56.982Z,market,trade,WINFUT,182720.0,1,,,,IDEAL CTVM SA,Elliot-Warren,,,
2026-03-27T13:15:56.983Z,market,trade,WINFUT,182720.0,4,,,,IDEAL CTVM SA,BTG Pactual CTVM S.A.,,,
2026-03-27T13:15:56.983Z,market,trade,WINFUT,182720.0,1,,,,IDEAL CTVM SA,GENIAL INSTITUCIONAL CCTVM S.A,,,
2026-03-27T13:15:56.983Z,market,trade,WINFUT,182720.0,7,,,,IDEAL CTVM SA,GENIAL INSTITUCIONAL CCTVM S.A,,,
2026-03-27T13:15:56.983Z,market,trade,WINFUT,182720.0,18,,,,AGORA CTVM S/A,GENIAL INSTITUCIONAL CCTVM S.A,,,
2026-03-27T13:15:56.983Z,market,trade,WINFUT,182720.0,1,,,,AGORA CTVM S/A,BTG Pactual CTVM S.A.,,,
2026-03-27T13:15:56.983Z,market,trade,WINFUT,182720.0,1,,,,AGORA CTVM S/A,BTG Pactual CTVM S.A.,,,
2026-03-27T13:15:56.983Z,market,trade,WINFUT,182720.0,10,,,,AGORA CTVM S/A,BTG Pactual CTVM S.A.,,,
2026-03-27T13:15:56.983Z,market,trade,WINFUT,182720.0,10,,,,IDEAL CTVM SA,BTG Pactual CTVM S.A.,,,
2026-03-27T13:15:56.983Z,market,trade,WINFUT,182720.0,1,,,,IDEAL CTVM SA,XP Investimentos CCTVM S/A,,,
2026-03-27T13:15:56.983Z,market,trade,WINFUT,182720.0,1,,,,IDEAL CTVM SA,GENIAL INSTITUCIONAL CCTVM S.A,,,
2026-03-27T13:15:56.983Z,market,trade,WINFUT,182720.0,1,,,,IDEAL CTVM SA,BTG Pactual CTVM S.A.,,,
2026-03-27T13:15:56.983Z,market,trade,WINFUT,182720.0,2,,,,AGORA CTVM S/A,BTG Pactual CTVM S.A.,,,
2026-03-27T13:15:56.983Z,market,trade,WINFUT,182720.0,1,,,,AGORA CTVM S/A,SANTANDER CORRETORA DE TITULOS E VALORES MOBILIARIOS S.A.,,,
2026-03-27T13:15:56.983Z,market,trade,WINFUT,182720.0,4,,,,AGORA CTVM S/A,GENIAL INSTITUCIONAL CCTVM S.A,,,
2026-03-27T13:15:56.983Z,market,trade,WINFUT,182720.0,1,,,,AGORA CTVM S/A,ITAU CV S/A,,,
2026-03-27T13:15:56.984Z,market,trade,WINFUT,182720.0,1,,,,AGORA CTVM S/A,XP Investimentos CCTVM S/A,,,
2026-03-27T13:15:56.984Z,market,trade,WINFUT,182720.0,1,,,,AGORA CTVM S/A,BTG Pactual CTVM S.A.,,,
2026-03-27T13:15:56.984Z,market,trade,WINFUT,182720.0,3,,,,AGORA CTVM S/A,BTG Pactual CTVM S.A.,,,
2026-03-27T13:15:56.984Z,market,trade,WINFUT,182720.0,1,,,,AGORA CTVM S/A,TERRA INVESTIMENTOS DTVM LTDA,,,
2026-03-27T13:15:56.984Z,market,trade,WINFUT,182720.0,1,,,,AGORA CTVM S/A,XP Investimentos CCTVM S/A,,,
2026-03-27T13:15:56.984Z,market,trade,WINFUT,182720.0,1,,,,UBS BRASIL CCTVM S/A,XP Investimentos CCTVM S/A,,,
2026-03-27T13:15:56.984Z,market,trade,WINFUT,182720.0,1,,,,UBS BRASIL CCTVM S/A,XP Investimentos CCTVM S/A,,,
2026-03-27T13:15:56.984Z,market,trade,WINFUT,182720.0,5,,,,UBS BRASIL CCTVM S/A,TERRA INVESTIMENTOS DTVM LTDA,,,
2026-03-27T13:15:56.984Z,market,trade,WINFUT,182720.0,22,,,,UBS BRASIL CCTVM S/A,UBS BRASIL CCTVM S/A,,,
2026-03-27T13:15:56.984Z,market,trade,WINFUT,182720.0,2,,,,UBS BRASIL CCTVM S/A,IDEAL CTVM SA,,,
2026-03-27T13:15:56.984Z,market,trade,WINFUT,182720.0,5,,,,XP Investimentos CCTVM S/A,XP Investimentos CCTVM S/A,,,
2026-03-27T13:15:56.984Z,market,trade,WINFUT,182725.0,14,,,,XP Investimentos CCTVM S/A,XP Investimentos CCTVM S/A,,,
2026-03-27T13:15:56.984Z,market,trade,WINFUT,182725.0,1,,,,XP Investimentos CCTVM S/A,IDEAL CTVM SA,,,
2026-03-27T13:15:56.984Z,market,trade,WINFUT,182725.0,4,,,,TERRA INVESTIMENTOS DTVM LTDA,IDEAL CTVM SA,,,
2026-03-27T13:15:56.984Z,market,trade,WINFUT,182725.0,4,,,,XP Investimentos CCTVM S/A,IDEAL CTVM SA,,,
2026-03-27T13:15:56.984Z,market,trade,WINFUT,182725.0,5,,,,BTG Pactual CTVM S.A.,BTG Pactual CTVM S.A.,,,
2026-03-27T13:15:56.984Z,market,trade,WINFUT,182725.0,1,,,,NOVA FUTURA CTVM LTDA,BTG Pactual CTVM S.A.,,,
2026-03-27T13:15:56.984Z,market,trade,WINFUT,182725.0,1,,,,XP Investimentos CCTVM S/A,BTG Pactual CTVM S.A.,,,
2026-03-27T13:15:56.984Z,market,trade,WINFUT,182725.0,1,,,,XP Investimentos CCTVM S/A,BTG Pactual CTVM S.A.,,,
2026-03-27T13:15:56.984Z,market,trade,WINFUT,182725.0,5,,,,BTG Pactual CTVM S.A.,BTG Pactual CTVM S.A.,,,
2026-03-27T13:15:56.984Z,market,trade,WINFUT,182725.0,1,,,,BTG Pactual CTVM S.A.,BTG Pactual CTVM S.A.,,,
2026-03-27T13:15:56.984Z,market,trade,WINFUT,182725.0,3,,,,BTG Pactual CTVM S.A.,BTG Pactual CTVM S.A.,,,
2026-03-27T13:15:56.984Z,market,trade,WINFUT,182725.0,2,,,,BTG Pactual CTVM S.A.,BTG Pactual CTVM S.A.,,,
2026-03-27T13:15:57.132Z,market,trade,WINFUT,182725.0,1,,,,XP Investimentos CCTVM S/A,XP Investimentos CCTVM S/A,,,
2026-03-27T13:15:57.132Z,market,trade,WINFUT,182725.0,1,,,,BTG Pactual CTVM S.A.,BTG Pactual CTVM S.A.,,,
2026-03-27T13:15:57.132Z,market,trade,WINFUT,182725.0,4,,,,GENIAL INSTITUCIONAL CCTVM S.A,BTG Pactual CTVM S.A.,,,
2026-03-27T13:15:57.132Z,market,trade,WINFUT,182725.0,2,,,,GENIAL INSTITUCIONAL CCTVM S.A,IDEAL CTVM SA,,,
2026-03-27T13:15:57.132Z,market,trade,WINFUT,182725.0,3,,,,XP Investimentos CCTVM S/A,XP Investimentos CCTVM S/A,,,
2026-03-27T13:15:57.132Z,market,trade,WINFUT,182725.0,1,,,,XP Investimentos CCTVM S/A,XP Investimentos CCTVM S/A,,,
2026-03-27T13:15:57.132Z,market,trade,WINFUT,182725.0,1,,,,XP Investimentos CCTVM S/A,XP Investimentos CCTVM S/A,,,
2026-03-27T13:15:57.132Z,market,trade,WINFUT,182720.0,5,,,,GENIAL INSTITUCIONAL CCTVM S.A,GENIAL INSTITUCIONAL CCTVM S.A,,,
2026-03-27T13:15:57.132Z,market,trade,WINFUT,182725.0,2,,,,SANTANDER CORRETORA DE TITULOS E VALORES MOBILIARIOS S.A.,BTG Pactual CTVM S.A.,,,
2026-03-27T13:15:57.132Z,market,trade,WINFUT,182725.0,1,,,,SANTANDER CORRETORA DE TITULOS E VALORES MOBILIARIOS S.A.,UBS BRASIL CCTVM S/A,,,
2026-03-27T13:15:57.133Z,market,trade,WINFUT,182725.0,1,,,,XP Investimentos CCTVM S/A,XP Investimentos CCTVM S/A,,,
2026-03-27T13:15:57.133Z,market,trade,WINFUT,182720.0,12,,,,BTG Pactual CTVM S.A.,BTG Pactual CTVM S.A.,,,
2026-03-27T13:15:57.133Z,market,trade,WINFUT,182720.0,6,,,,AGORA CTVM S/A,BTG Pactual CTVM S.A.,,,
2026-03-27T13:15:57.133Z,market,trade,WINFUT,182720.0,10,,,,AGORA CTVM S/A,BTG Pactual CTVM S.A.,,,
2026-03-27T13:15:57.133Z,market,trade,WINFUT,182720.0,1,,,,BTG Pactual CTVM S.A.,BTG Pactual CTVM S.A.,,,
2026-03-27T13:15:57.133Z,market,trade,WINFUT,182720.0,1,,,,IDEAL CTVM SA,BTG Pactual CTVM S.A.,,,
2026-03-27T13:15:57.133Z,market,trade,WINFUT,182725.0,1,,,,XP Investimentos CCTVM S/A,XP Investimentos CCTVM S/A,,,
2026-03-27T13:15:57.133Z,market,trade,WINFUT,182725.0,1,,,,BTG Pactual CTVM S.A.,BTG Pactual CTVM S.A.,,,
2026-03-27T13:15:57.133Z,market,trade,WINFUT,182725.0,3,,,,GENIAL INSTITUCIONAL CCTVM S.A,BTG Pactual CTVM S.A.,,,
2026-03-27T13:15:57.133Z,market,trade,WINFUT,182725.0,1,,,,SANTANDER CORRETORA DE TITULOS E VALORES MOBILIARIOS S.A.,BTG Pactual CTVM S.A.,,,
2026-03-27T13:15:57.133Z,market,trade,WINFUT,182725.0,1,,,,SANTANDER CORRETORA DE TITULOS E VALORES MOBILIARIOS S.A.,BTG Pactual CTVM S.A.,,,
2026-03-27T13:15:57.133Z,market,trade,WINFUT,182725.0,1,,,,SANTANDER CORRETORA DE TITULOS E VALORES MOBILIARIOS S.A.,IDEAL CTVM SA,,,
2026-03-27T13:15:57.345Z,market,trade,WINFUT,182720.0,4,,,,GENIAL INSTITUCIONAL CCTVM S.A,GENIAL INSTITUCIONAL CCTVM S.A,,,
2026-03-27T13:15:57.345Z,market,trade,WINFUT,182725.0,1,,,,XP Investimentos CCTVM S/A,XP Investimentos CCTVM S/A,,,
2026-03-27T13:15:57.345Z,market,trade,WINFUT,182720.0,1,,,,XP Investimentos CCTVM S/A,XP Investimentos CCTVM S/A,,,
2026-03-27T13:15:57.345Z,market,trade,WINFUT,182720.0,2,,,,IDEAL CTVM SA,IDEAL CTVM SA,,,
2026-03-27T13:15:57.345Z,market,trade,WINFUT,182720.0,1,,,,IDEAL CTVM SA,IDEAL CTVM SA,,,
2026-03-27T13:15:57.345Z,market,trade,WINFUT,182720.0,1,,,,BTG Pactual CTVM S.A.,IDEAL CTVM SA,,,
2026-03-27T13:15:57.345Z,market,trade,WINFUT,182720.0,1,,,,BTG Pactual CTVM S.A.,IDEAL CTVM SA,,,
2026-03-27T13:15:57.345Z,market,trade,WINFUT,182720.0,1,,,,GENIAL INSTITUCIONAL CCTVM S.A,AGORA CTVM S/A,,,
2026-03-27T13:15:57.345Z,market,trade,WINFUT,182720.0,1,,,,GENIAL INSTITUCIONAL CCTVM S.A,IDEAL CTVM SA,,,
2026-03-27T13:15:57.659Z,market,trade,WINFUT,182720.0,2,,,,BTG Pactual CTVM S.A.,BTG Pactual CTVM S.A.,,,
2026-03-27T13:15:57.659Z,market,trade,WINFUT,182720.0,1,,,,BTG Pactual CTVM S.A.,BTG Pactual CTVM S.A.,,,
2026-03-27T13:15:57.659Z,market,trade,WINFUT,182720.0,1,,,,XP Investimentos CCTVM S/A,SANTANDER CORRETORA DE TITULOS E VALORES MOBILIARIOS S.A.,,,
2026-03-27T13:15:57.685Z,market,trade,WINFUT,182720.0,6,,,,BTG Pactual CTVM S.A.,BTG Pactual CTVM S.A.,,,
2026-03-27T13:15:57.685Z,market,trade,WINFUT,182720.0,1,,,,XP Investimentos CCTVM S/A,XP Investimentos CCTVM S/A,,,
2026-03-27T13:15:57.747Z,market,trade,WINFUT,182725.0,1,,,,XP Investimentos CCTVM S/A,XP Investimentos CCTVM S/A,,,
2026-03-27T13:15:57.747Z,market,trade,WINFUT,182725.0,1,,,,XP Investimentos CCTVM S/A,XP Investimentos CCTVM S/A,,,
2026-03-27T13:15:57.747Z,market,trade,WINFUT,182725.0,1,,,,XP Investimentos CCTVM S/A,XP Investimentos CCTVM S/A,,,
2026-03-27T13:15:57.747Z,market,trade,WINFUT,182720.0,1,,,,AGORA CTVM S/A,IDEAL CTVM SA,,,
2026-03-27T13:15:57.747Z,market,trade,WINFUT,182720.0,1,,,,BTG Pactual CTVM S.A.,IDEAL CTVM SA,,,
2026-03-27T13:15:57.747Z,market,trade,WINFUT,182720.0,1,,,,BTG Pactual CTVM S.A.,IDEAL CTVM SA,,,
2026-03-27T13:15:57.747Z,market,trade,WINFUT,182720.0,5,,,,XP Investimentos CCTVM S/A,IDEAL CTVM SA,,,
2026-03-27T13:15:57.747Z,market,trade,WINFUT,182720.0,18,,,,UBS BRASIL CCTVM S/A,IDEAL CTVM SA,,,
2026-03-27T13:15:57.747Z,market,trade,WINFUT,182720.0,1,,,,XP Investimentos CCTVM S/A,IDEAL CTVM SA,,,
2026-03-27T13:15:57.747Z,market,trade,WINFUT,182720.0,5,,,,XP Investimentos CCTVM S/A,IDEAL CTVM SA,,,
2026-03-27T13:15:57.747Z,market,trade,WINFUT,182720.0,1,,,,XP Investimentos CCTVM S/A,IDEAL CTVM SA,,,
2026-03-27T13:15:57.747Z,market,trade,WINFUT,182720.0,1,,,,BTG Pactual CTVM S.A.,IDEAL CTVM SA,,,
2026-03-27T13:15:57.747Z,market,trade,WINFUT,182720.0,1,,,,XP Investimentos CCTVM S/A,IDEAL CTVM SA,,,
2026-03-27T13:15:57.747Z,market,trade,WINFUT,182715.0,18,,,,UBS BRASIL CCTVM S/A,IDEAL CTVM SA,,,
2026-03-27T13:15:57.747Z,market,trade,WINFUT,182715.0,1,,,,XP Investimentos CCTVM S/A,IDEAL CTVM SA,,,
2026-03-27T13:15:57.866Z,market,trade,WINFUT,182715.0,1,,,,BTG Pactual CTVM S.A.,IDEAL CTVM SA,,,
2026-03-27T13:15:57.866Z,market,trade,WINFUT,182715.0,1,,,,XP Investimentos CCTVM S/A,IDEAL CTVM SA,,,
2026-03-27T13:15:57.866Z,market,trade,WINFUT,182715.0,1,,,,XP Investimentos CCTVM S/A,IDEAL CTVM SA,,,
2026-03-27T13:15:57.866Z,market,trade,WINFUT,182715.0,1,,,,BTG Pactual CTVM S.A.,IDEAL CTVM SA,,,
2026-03-27T13:15:57.866Z,market,trade,WINFUT,182715.0,1,,,,AGORA CTVM S/A,IDEAL CTVM SA,,,
2026-03-27T13:15:57.867Z,market,trade,WINFUT,182715.0,1,,,,BTG Pactual CTVM S.A.,IDEAL CTVM SA,,,
2026-03-27T13:15:57.867Z,market,trade,WINFUT,182715.0,10,,,,UBS BRASIL CCTVM S/A,IDEAL CTVM SA,,,
2026-03-27T13:15:57.867Z,market,trade,WINFUT,182715.0,8,,,,UBS BRASIL CCTVM S/A,GENIAL INSTITUCIONAL CCTVM S.A,,,
2026-03-27T13:15:57.867Z,market,trade,WINFUT,182715.0,2,,,,IDEAL CTVM SA,GENIAL INSTITUCIONAL CCTVM S.A,,,
2026-03-27T13:15:57.867Z,market,trade,WINFUT,182715.0,1,,,,XP Investimentos CCTVM S/A,BTG Pactual CTVM S.A.,,,
2026-03-27T13:15:57.867Z,market,trade,WINFUT,182715.0,2,,,,BTG Pactual CTVM S.A.,BTG Pactual CTVM S.A.,,,
2026-03-27T13:15:58.021Z,market,trade,WINFUT,182715.0,1,,,,XP Investimentos CCTVM S/A,XP Investimentos CCTVM S/A,,,
2026-03-27T13:15:58.021Z,market,trade,WINFUT,182720.0,6,,,,XP Investimentos CCTVM S/A,XP Investimentos CCTVM S/A,,,
2026-03-27T13:15:58.021Z,market,trade,WINFUT,182720.0,2,,,,XP Investimentos CCTVM S/A,XP Investimentos CCTVM S/A,,,
2026-03-27T13:15:58.021Z,market,trade,WINFUT,182720.0,1,,,,SANTANDER CORRETORA DE TITULOS E VALORES MOBILIARIOS S.A.,IDEAL CTVM SA,,,
2026-03-27T13:15:58.023Z,market,trade,WINFUT,182715.0,3,,,,XP Investimentos CCTVM S/A,XP Investimentos CCTVM S/A,,,
2026-03-27T13:15:58.023Z,market,trade,WINFUT,182720.0,1,,,,BTG Pactual CTVM S.A.,IDEAL CTVM SA,,,
2026-03-27T13:15:58.023Z,market,trade,WINFUT,182715.0,1,,,,Elliot-Warren,Elliot-Warren,,,
2026-03-27T13:15:58.023Z,market,trade,WINFUT,182720.0,3,,,,BTG Pactual CTVM S.A.,IDEAL CTVM SA,,,
2026-03-27T13:15:58.110Z,market,trade,WINFUT,182720.0,1,,,,XP Investimentos CCTVM S/A,XP Investimentos CCTVM S/A,,,
2026-03-27T13:15:58.163Z,market,trade,WINFUT,182720.0,25,,,,ATIVA INVESTIMENTOS S.A. CTCV,ATIVA INVESTIMENTOS S.A. CTCV,,,
2026-03-27T13:15:58.163Z,market,trade,WINFUT,182720.0,1,,,,XP Investimentos CCTVM S/A,XP Investimentos CCTVM S/A,,,
2026-03-27T13:15:58.201Z,market,trade,WINFUT,182720.0,4,,,,SANTANDER CORRETORA DE TITULOS E VALORES MOBILIARIOS S.A.,IDEAL CTVM SA,,,
2026-03-27T13:15:58.201Z,market,trade,WINFUT,182720.0,1,,,,GENIAL INSTITUCIONAL CCTVM S.A,IDEAL CTVM SA,,,
2026-03-27T13:15:58.201Z,market,trade,WINFUT,182715.0,4,,,,XP Investimentos CCTVM S/A,IDEAL CTVM SA,,,
2026-03-27T13:15:58.201Z,market,trade,WINFUT,182715.0,1,,,,XP Investimentos CCTVM S/A,IDEAL CTVM SA,,,
2026-03-27T13:15:58.201Z,market,trade,WINFUT,182715.0,1,,,,XP Investimentos CCTVM S/A,IDEAL CTVM SA,,,
2026-03-27T13:15:58.201Z,market,trade,WINFUT,182715.0,1,,,,BTG Pactual CTVM S.A.,IDEAL CTVM SA,,,
2026-03-27T13:15:58.306Z,market,trade,WINFUT,182715.0,3,,,,BTG Pactual CTVM S.A.,IDEAL CTVM SA,,,
2026-03-27T13:15:58.306Z,market,trade,WINFUT,182715.0,1,,,,BTG Pactual CTVM S.A.,BTG Pactual CTVM S.A.,,,
2026-03-27T13:15:58.306Z,market,trade,WINFUT,182720.0,1,,,,BTG Pactual CTVM S.A.,BTG Pactual CTVM S.A.,,,
2026-03-27T13:15:58.306Z,market,trade,WINFUT,182720.0,1,,,,BTG Pactual CTVM S.A.,BTG Pactual CTVM S.A.,,,
2026-03-27T13:15:58.306Z,market,trade,WINFUT,182720.0,18,,,,BTG Pactual CTVM S.A.,UBS BRASIL CCTVM S/A,,,
2026-03-27T13:15:58.306Z,market,trade,WINFUT,182720.0,11,,,,BTG Pactual CTVM S.A.,IDEAL CTVM SA,,,
2026-03-27T13:15:58.306Z,market,trade,WINFUT,182720.0,1,,,,BTG Pactual CTVM S.A.,XP Investimentos CCTVM S/A,,,
2026-03-27T13:15:58.306Z,market,trade,WINFUT,182720.0,14,,,,BTG Pactual CTVM S.A.,XP Investimentos CCTVM S/A,,,
2026-03-27T13:15:58.306Z,market,trade,WINFUT,182720.0,1,,,,XP Investimentos CCTVM S/A,XP Investimentos CCTVM S/A,,,
2026-03-27T13:15:58.478Z,market,trade,WINFUT,182720.0,1,,,,XP Investimentos CCTVM S/A,XP Investimentos CCTVM S/A,,,
2026-03-27T13:15:58.478Z,market,trade,WINFUT,182720.0,1,,,,GENIAL INSTITUCIONAL CCTVM S.A,XP Investimentos CCTVM S/A,,,
2026-03-27T13:15:58.478Z,market,trade,WINFUT,182720.0,11,,,,BTG Pactual CTVM S.A.,BTG Pactual CTVM S.A.,,,
2026-03-27T13:15:58.478Z,market,trade,WINFUT,182720.0,8,,,,BTG Pactual CTVM S.A.,XP Investimentos CCTVM S/A,,,
2026-03-27T13:15:58.478Z,market,trade,WINFUT,182720.0,7,,,,BTG Pactual CTVM S.A.,IDEAL CTVM SA,,,
2026-03-27T13:15:58.478Z,market,trade,WINFUT,182720.0,1,,,,BTG Pactual CTVM S.A.,BTG Pactual CTVM S.A.,,,
2026-03-27T13:15:58.478Z,market,trade,WINFUT,182720.0,3,,,,BTG Pactual CTVM S.A.,IDEAL CTVM SA,,,
2026-03-27T13:15:58.478Z,market,trade,WINFUT,182720.0,2,,,,GENIAL INSTITUCIONAL CCTVM S.A,IDEAL CTVM SA,,,
2026-03-27T13:15:58.689Z,market,trade,WINFUT,182720.0,1,,,,Elliot-Warren,Elliot-Warren,,,
2026-03-27T13:15:58.689Z,market,trade,WINFUT,182720.0,1,,,,GENIAL INSTITUCIONAL CCTVM S.A,UBS BRASIL CCTVM S/A,,,
2026-03-27T13:15:58.689Z,market,trade,WINFUT,182720.0,2,,,,XP Investimentos CCTVM S/A,XP Investimentos CCTVM S/A,,,
2026-03-27T13:15:58.689Z,market,trade,WINFUT,182720.0,2,,,,CM Capital Markets CCTVM LTDA,CM Capital Markets CCTVM LTDA,,,
2026-03-27T13:15:58.689Z,market,trade,WINFUT,182720.0,2,,,,SANTANDER CORRETORA DE TITULOS E VALORES MOBILIARIOS S.A.,UBS BRASIL CCTVM S/A,,,
2026-03-27T13:15:58.689Z,market,trade,WINFUT,182720.0,1,,,,XP Investimentos CCTVM S/A,XP Investimentos CCTVM S/A,,,
2026-03-27T13:15:58.689Z,market,trade,WINFUT,182720.0,2,,,,SANTANDER CORRETORA DE TITULOS E VALORES MOBILIARIOS S.A.,UBS BRASIL CCTVM S/A,,,
2026-03-27T13:15:58.826Z,market,trade,WINFUT,182715.0,1,,,,BTG Pactual CTVM S.A.,BTG Pactual CTVM S.A.,,,
2026-03-27T13:15:58.826Z,market,trade,WINFUT,182720.0,1,,,,BTG Pactual CTVM S.A.,BTG Pactual CTVM S.A.,,,
2026-03-27T13:15:58.826Z,market,trade,WINFUT,182720.0,1,,,,BTG Pactual CTVM S.A.,AGORA CTVM S/A,,,
2026-03-27T13:15:58.826Z,market,trade,WINFUT,182720.0,1,,,,GENIAL INSTITUCIONAL CCTVM S.A,IDEAL CTVM SA,,,
2026-03-27T13:15:58.826Z,market,trade,WINFUT,182720.0,1,,,,GENIAL INSTITUCIONAL CCTVM S.A,BTG Pactual CTVM S.A.,,,
2026-03-27T13:15:58.826Z,market,trade,WINFUT,182720.0,1,,,,XP Investimentos CCTVM S/A,XP Investimentos CCTVM S/A,,,
2026-03-27T13:15:58.826Z,market,trade,WINFUT,182720.0,5,,,,XP Investimentos CCTVM S/A,XP Investimentos CCTVM S/A,,,
2026-03-27T13:15:58.826Z,market,trade,WINFUT,182720.0,1,,,,SANTANDER CORRETORA DE TITULOS E VALORES MOBILIARIOS S.A.,BTG Pactual CTVM S.A.,,,
2026-03-27T13:15:58.826Z,market,trade,WINFUT,182720.0,1,,,,GENIAL INSTITUCIONAL CCTVM S.A,UBS BRASIL CCTVM S/A,,,
2026-03-27T13:15:58.826Z,market,trade,WINFUT,182720.0,11,,,,BTG Pactual CTVM S.A.,BTG Pactual CTVM S.A.,,,
2026-03-27T13:15:58.826Z,market,trade,WINFUT,182720.0,4,,,,BTG Pactual CTVM S.A.,UBS BRASIL CCTVM S/A,,,
2026-03-27T13:15:58.826Z,market,trade,WINFUT,182720.0,1,,,,XP Investimentos CCTVM S/A,XP Investimentos CCTVM S/A,,,
2026-03-27T13:15:58.826Z,market,trade,WINFUT,182715.0,1,,,,BTG Pactual CTVM S.A.,BTG Pactual CTVM S.A.,,,
2026-03-27T13:15:58.826Z,market,trade,WINFUT,182715.0,1,,,,BTG Pactual CTVM S.A.,BTG Pactual CTVM S.A.,,,
2026-03-27T13:15:58.826Z,market,trade,WINFUT,182720.0,1,,,,XP Investimentos CCTVM S/A,XP Investimentos CCTVM S/A,,,
2026-03-27T13:15:58.826Z,market,trade,WINFUT,182720.0,13,,,,BTG Pactual CTVM S.A.,UBS BRASIL CCTVM S/A,,,
2026-03-27T13:15:58.826Z,market,trade,WINFUT,182720.0,6,,,,BTG Pactual CTVM S.A.,XP Investimentos CCTVM S/A,,,
2026-03-27T13:15:58.827Z,market,trade,WINFUT,182720.0,1,,,,BTG Pactual CTVM S.A.,XP Investimentos CCTVM S/A,,,
2026-03-27T13:15:58.827Z,market,trade,WINFUT,182720.0,1,,,,BTG Pactual CTVM S.A.,BTG Pactual CTVM S.A.,,,
2026-03-27T13:15:58.899Z,market,trade,WINFUT,182720.0,4,,,,BTG Pactual CTVM S.A.,IDEAL CTVM SA,,,
2026-03-27T13:15:58.899Z,market,trade,WINFUT,182715.0,3,,,,CM Capital Markets CCTVM LTDA,CM Capital Markets CCTVM LTDA,,,
2026-03-27T13:15:59.131Z,market,trade,WINFUT,182720.0,1,,,,IDEAL CTVM SA,IDEAL CTVM SA,,,
2026-03-27T13:15:59.131Z,market,trade,WINFUT,182720.0,1,,,,IDEAL CTVM SA,AGORA CTVM S/A,,,
2026-03-27T13:15:59.131Z,market,trade,WINFUT,182720.0,1,,,,IDEAL CTVM SA,BTG Pactual CTVM S.A.,,,
2026-03-27T13:15:59.131Z,market,trade,WINFUT,182725.0,1,,,,GENIAL INSTITUCIONAL CCTVM S.A,IDEAL CTVM SA,,,
2026-03-27T13:15:59.290Z,market,trade,WINFUT,182725.0,1,,,,XP Investimentos CCTVM S/A,XP Investimentos CCTVM S/A,,,
2026-03-27T13:15:59.290Z,market,trade,WINFUT,182725.0,1,,,,XP Investimentos CCTVM S/A,IDEAL CTVM SA,,,
2026-03-27T13:15:59.290Z,market,trade,WINFUT,182725.0,1,,,,XP Investimentos CCTVM S/A,GENIAL INSTITUCIONAL CCTVM S.A,,,
2026-03-27T13:15:59.290Z,market,trade,WINFUT,182720.0,5,,,,BTG Pactual CTVM S.A.,BTG Pactual CTVM S.A.,,,
2026-03-27T13:15:59.290Z,market,trade,WINFUT,182725.0,2,,,,BTG Pactual CTVM S.A.,BTG Pactual CTVM S.A.,,,
2026-03-27T13:15:59.290Z,market,trade,WINFUT,182725.0,1,,,,XP Investimentos CCTVM S/A,XP Investimentos CCTVM S/A,,,
2026-03-27T13:15:59.326Z,market,trade,WINFUT,182725.0,2,,,,SANTANDER CORRETORA DE TITULOS E VALORES MOBILIARIOS S.A.,GENIAL INSTITUCIONAL CCTVM S.A,,,
2026-03-27T13:15:59.326Z,market,trade,WINFUT,182720.0,5,,,,XP Investimentos CCTVM S/A,XP Investimentos CCTVM S/A,,,
2026-03-27T13:15:59.326Z,market,trade,WINFUT,182720.0,14,,,,XP Investimentos CCTVM S/A,XP Investimentos CCTVM S/A,,,
2026-03-27T13:15:59.326Z,market,trade,WINFUT,182720.0,1,,,,BTG Pactual CTVM S.A.,XP Investimentos CCTVM S/A,,,
2026-03-27T13:15:59.326Z,market,trade,WINFUT,182720.0,5,,,,XP Investimentos CCTVM S/A,XP Investimentos CCTVM S/A,,,
2026-03-27T13:15:59.326Z,market,trade,WINFUT,182720.0,1,,,,XP Investimentos CCTVM S/A,XP Investimentos CCTVM S/A,,,
2026-03-27T13:15:59.326Z,market,trade,WINFUT,182720.0,1,,,,BTG Pactual CTVM S.A.,XP Investimentos CCTVM S/A,,,
2026-03-27T13:15:59.326Z,market,trade,WINFUT,182720.0,3,,,,XP Investimentos CCTVM S/A,XP Investimentos CCTVM S/A,,,
2026-03-27T13:15:59.326Z,market,trade,WINFUT,182725.0,1,,,,XP Investimentos CCTVM S/A,XP Investimentos CCTVM S/A,,,
2026-03-27T13:15:59.326Z,market,trade,WINFUT,182725.0,1,,,,GENIAL INSTITUCIONAL CCTVM S.A,GENIAL INSTITUCIONAL CCTVM S.A,,,
2026-03-27T13:15:59.327Z,market,trade,WINFUT,182720.0,1,,,,XP Investimentos CCTVM S/A,XP Investimentos CCTVM S/A,,,
2026-03-27T13:15:59.327Z,market,trade,WINFUT,182725.0,1,,,,XP Investimentos CCTVM S/A,XP Investimentos CCTVM S/A,,,
2026-03-27T13:15:59.327Z,market,trade,WINFUT,182725.0,1,,,,XP Investimentos CCTVM S/A,GENIAL INSTITUCIONAL CCTVM S.A,,,
2026-03-27T13:15:59.327Z,market,trade,WINFUT,182725.0,5,,,,XP Investimentos CCTVM S/A,GENIAL INSTITUCIONAL CCTVM S.A,,,
2026-03-27T13:15:59.327Z,market,trade,WINFUT,182725.0,5,,,,XP Investimentos CCTVM S/A,GENIAL INSTITUCIONAL CCTVM S.A,,,
2026-03-27T13:15:59.327Z,market,trade,WINFUT,182725.0,1,,,,XP Investimentos CCTVM S/A,Santander CCVM S/A,,,
2026-03-27T13:15:59.327Z,market,trade,WINFUT,182725.0,2,,,,XP Investimentos CCTVM S/A,XP Investimentos CCTVM S/A,,,
2026-03-27T13:15:59.327Z,market,trade,WINFUT,182725.0,1,,,,XP Investimentos CCTVM S/A,XP Investimentos CCTVM S/A,,,
2026-03-27T13:15:59.327Z,market,trade,WINFUT,182725.0,2,,,,XP Investimentos CCTVM S/A,Elliot-Warren,,,
2026-03-27T13:15:59.327Z,market,trade,WINFUT,182725.0,2,,,,XP Investimentos CCTVM S/A,AGORA CTVM S/A,,,
2026-03-27T13:15:59.327Z,market,trade,WINFUT,182725.0,6,,,,XP Investimentos CCTVM S/A,XP Investimentos CCTVM S/A,,,
2026-03-27T13:15:59.509Z,market,trade,WINFUT,182725.0,1,,,,XP Investimentos CCTVM S/A,XP Investimentos CCTVM S/A,,,
2026-03-27T13:15:59.509Z,market,trade,WINFUT,182725.0,1,,,,BTG Pactual CTVM S.A.,BTG Pactual CTVM S.A.,,,
2026-03-27T13:15:59.591Z,market,trade,WINFUT,182720.0,1,,,,XP Investimentos CCTVM S/A,XP Investimentos CCTVM S/A,,,
2026-03-27T13:15:59.592Z,market,trade,WINFUT,182725.0,1,,,,GENIAL INSTITUCIONAL CCTVM S.A,SANTANDER CORRETORA DE TITULOS E VALORES MOBILIARIOS S.A.,,,
2026-03-27T13:15:59.592Z,market,trade,WINFUT,182725.0,1,,,,GENIAL INSTITUCIONAL CCTVM S.A,GENIAL INSTITUCIONAL CCTVM S.A,,,
2026-03-27T13:15:59.592Z,market,trade,WINFUT,182725.0,1,,,,GENIAL INSTITUCIONAL CCTVM S.A,GENIAL INSTITUCIONAL CCTVM S.A,,,
2026-03-27T13:15:59.592Z,market,trade,WINFUT,182725.0,1,,,,GENIAL INSTITUCIONAL CCTVM S.A,GENIAL INSTITUCIONAL CCTVM S.A,,,
2026-03-27T13:15:59.592Z,market,trade,WINFUT,182725.0,4,,,,GENIAL INSTITUCIONAL CCTVM S.A,BTG Pactual CTVM S.A.,,,
2026-03-27T13:15:59.592Z,market,trade,WINFUT,182725.0,1,,,,GENIAL INSTITUCIONAL CCTVM S.A,GENIAL INSTITUCIONAL CCTVM S.A,,,
2026-03-27T13:15:59.592Z,market,trade,WINFUT,182725.0,1,,,,GENIAL INSTITUCIONAL CCTVM S.A,XP Investimentos CCTVM S/A,,,
2026-03-27T13:15:59.592Z,market,trade,WINFUT,182725.0,1,,,,GENIAL INSTITUCIONAL CCTVM S.A,XP Investimentos CCTVM S/A,,,
2026-03-27T13:15:59.592Z,market,trade,WINFUT,182725.0,1,,,,GENIAL INSTITUCIONAL CCTVM S.A,BTG Pactual CTVM S.A.,,,
2026-03-27T13:15:59.592Z,market,trade,WINFUT,182725.0,1,,,,GENIAL INSTITUCIONAL CCTVM S.A,XP Investimentos CCTVM S/A,,,
2026-03-27T13:15:59.780Z,market,trade,WINFUT,182720.0,1,,,,BTG Pactual CTVM S.A.,BTG Pactual CTVM S.A.,,,
2026-03-27T13:15:59.780Z,market,trade,WINFUT,182725.0,1,,,,XP Investimentos CCTVM S/A,XP Investimentos CCTVM S/A,,,
2026-03-27T13:15:59.780Z,market,trade,WINFUT,182725.0,1,,,,NOVA FUTURA CTVM LTDA,NOVA FUTURA CTVM LTDA,,,
2026-03-27T13:15:59.780Z,market,trade,WINFUT,182720.0,1,,,,XP Investimentos CCTVM S/A,XP Investimentos CCTVM S/A,,,
2026-03-27T13:15:59.780Z,market,trade,WINFUT,182725.0,1,,,,GENIAL INSTITUCIONAL CCTVM S.A,SANTANDER CORRETORA DE TITULOS E VALORES MOBILIARIOS S.A.,,,
2026-03-27T13:15:59.780Z,market,trade,WINFUT,182725.0,1,,,,GENIAL INSTITUCIONAL CCTVM S.A,SANTANDER CORRETORA DE TITULOS E VALORES MOBILIARIOS S.A.,,,
2026-03-27T13:15:59.780Z,market,trade,WINFUT,182725.0,1,,,,XP Investimentos CCTVM S/A,XP Investimentos CCTVM S/A,,,
2026-03-27T13:15:59.780Z,market,trade,WINFUT,182725.0,6,,,,XP Investimentos CCTVM S/A,XP Investimentos CCTVM S/A,,,
2026-03-27T13:15:59.806Z,market,trade,WINFUT,182725.0,1,,,,XP Investimentos CCTVM S/A,XP Investimentos CCTVM S/A,,,
2026-03-27T13:15:59.806Z,market,trade,WINFUT,182725.0,1,,,,XP Investimentos CCTVM S/A,XP Investimentos CCTVM S/A,,,
2026-03-27T13:15:59.806Z,market,trade,WINFUT,182725.0,1,,,,GENIAL INSTITUCIONAL CCTVM S.A,SANTANDER CORRETORA DE TITULOS E VALORES MOBILIARIOS S.A.,,,
2026-03-27T13:15:59.806Z,market,trade,WINFUT,182725.0,3,,,,XP Investimentos CCTVM S/A,XP Investimentos CCTVM S/A,,,
2026-03-27T13:15:59.844Z,market,trade,WINFUT,182720.0,1,,,,XP Investimentos CCTVM S/A,XP Investimentos CCTVM S/A,,,
2026-03-27T13:15:59.844Z,market,trade,WINFUT,182720.0,1,,,,XP Investimentos CCTVM S/A,SANTANDER CORRETORA DE TITULOS E VALORES MOBILIARIOS S.A.,,,
2026-03-27T13:15:59.844Z,market,trade,WINFUT,182720.0,1,,,,XP Investimentos CCTVM S/A,XP Investimentos CCTVM S/A,,,
2026-03-27T13:15:59.844Z,market,trade,WINFUT,182720.0,7,,,,XP Investimentos CCTVM S/A,XP Investimentos CCTVM S/A,,,
2026-03-27T13:15:59.844Z,market,trade,WINFUT,182725.0,2,,,,XP Investimentos CCTVM S/A,XP Investimentos CCTVM S/A,,,
2026-03-27T13:15:59.844Z,market,trade,WINFUT,182720.0,2,,,,UBS BRASIL CCTVM S/A,UBS BRASIL CCTVM S/A,,,
2026-03-27T13:15:59.844Z,market,trade,WINFUT,182720.0,1,,,,UBS BRASIL CCTVM S/A,GENIAL INSTITUCIONAL CCTVM S.A,,,
2026-03-27T13:16:00.145Z,market,trade,WINFUT,182720.0,1,,,,XP Investimentos CCTVM S/A,XP Investimentos CCTVM S/A,,,
2026-03-27T13:16:00.145Z,market,trade,WINFUT,182725.0,1,,,,IDEAL CTVM SA,Elliot-Warren,,,
2026-03-27T13:16:00.145Z,market,trade,WINFUT,182725.0,1,,,,IDEAL CTVM SA,GENIAL INSTITUCIONAL CCTVM S.A,,,
2026-03-27T13:16:00.146Z,market,trade,WINFUT,182725.0,3,,,,IDEAL CTVM SA,BTG Pactual CTVM S.A.,,,
2026-03-27T13:16:00.146Z,market,trade,WINFUT,182725.0,1,,,,IDEAL CTVM SA,SANTANDER CORRETORA DE TITULOS E VALORES MOBILIARIOS S.A.,,,
2026-03-27T13:16:00.146Z,market,trade,WINFUT,182725.0,1,,,,IDEAL CTVM SA,XP Investimentos CCTVM S/A,,,
2026-03-27T13:16:00.146Z,market,trade,WINFUT,182720.0,1,,,,XP Investimentos CCTVM S/A,XP Investimentos CCTVM S/A,,,
2026-03-27T13:16:00.146Z,market,trade,WINFUT,182725.0,1,,,,XP Investimentos CCTVM S/A,XP Investimentos CCTVM S/A,,,
2026-03-27T13:16:00.146Z,market,trade,WINFUT,182720.0,1,,,,BTG Pactual CTVM S.A.,BTG Pactual CTVM S.A.,,,
2026-03-27T13:16:00.147Z,market,trade,WINFUT,182725.0,1,,,,BTG Pactual CTVM S.A.,BTG Pactual CTVM S.A.,,,
2026-03-27T13:16:00.147Z,market,trade,WINFUT,182725.0,1,,,,BTG Pactual CTVM S.A.,BTG Pactual CTVM S.A.,,,
2026-03-27T13:16:00.147Z,market,trade,WINFUT,182725.0,1,,,,ITAU CV S/A,XP Investimentos CCTVM S/A,,,
2026-03-27T13:16:00.147Z,market,trade,WINFUT,182725.0,1,,,,ITAU CV S/A,XP Investimentos CCTVM S/A,,,
2026-03-27T13:16:00.147Z,market,trade,WINFUT,182725.0,1,,,,BTG Pactual CTVM S.A.,BTG Pactual CTVM S.A.,,,
2026-03-27T13:16:00.147Z,market,trade,WINFUT,182725.0,1,,,,XP Investimentos CCTVM S/A,XP Investimentos CCTVM S/A,,,
2026-03-27T13:16:00.147Z,market,trade,WINFUT,182720.0,1,,,,XP Investimentos CCTVM S/A,XP Investimentos CCTVM S/A,,,
2026-03-27T13:16:00.147Z,market,trade,WINFUT,182725.0,1,,,,BTG Pactual CTVM S.A.,BTG Pactual CTVM S.A.,,,
2026-03-27T13:16:00.147Z,market,trade,WINFUT,182725.0,1,,,,BTG Pactual CTVM S.A.,BTG Pactual CTVM S.A.,,,
2026-03-27T13:16:00.147Z,market,trade,WINFUT,182725.0,1,,,,BTG Pactual CTVM S.A.,BTG Pactual CTVM S.A.,,,
2026-03-27T13:16:00.147Z,market,trade,WINFUT,182725.0,1,,,,BTG Pactual CTVM S.A.,BTG Pactual CTVM S.A.,,,
2026-03-27T13:16:00.147Z,market,trade,WINFUT,182725.0,1,,,,BTG Pactual CTVM S.A.,BTG Pactual CTVM S.A.,,,
2026-03-27T13:16:00.147Z,market,trade,WINFUT,182725.0,1,,,,BTG Pactual CTVM S.A.,BTG Pactual CTVM S.A.,,,
2026-03-27T13:16:00.147Z,market,trade,WINFUT,182720.0,1,,,,XP Investimentos CCTVM S/A,XP Investimentos CCTVM S/A,,,
2026-03-27T13:16:00.147Z,market,trade,WINFUT,182725.0,1,,,,BTG Pactual CTVM S.A.,BTG Pactual CTVM S.A.,,,
2026-03-27T13:16:00.147Z,market,trade,WINFUT,182725.0,1,,,,BTG Pactual CTVM S.A.,BTG Pactual CTVM S.A.,,,
2026-03-27T13:16:00.147Z,market,trade,WINFUT,182725.0,1,,,,BTG Pactual CTVM S.A.,BTG Pactual CTVM S.A.,,,
2026-03-27T13:16:00.148Z,market,trade,WINFUT,182725.0,1,,,,BTG Pactual CTVM S.A.,BTG Pactual CTVM S.A.,,,
2026-03-27T13:16:00.148Z,market,trade,WINFUT,182725.0,1,,,,BTG Pactual CTVM S.A.,BTG Pactual CTVM S.A.,,,
2026-03-27T13:16:00.148Z,market,trade,WINFUT,182725.0,1,,,,BTG Pactual CTVM S.A.,BTG Pactual CTVM S.A.,,,
2026-03-27T13:16:00.148Z,market,trade,WINFUT,182720.0,2,,,,XP Investimentos CCTVM S/A,XP Investimentos CCTVM S/A,,,
2026-03-27T13:16:00.203Z,market,trade,WINFUT,182725.0,1,,,,BTG Pactual CTVM S.A.,BTG Pactual CTVM S.A.,,,
2026-03-27T13:16:00.203Z,market,trade,WINFUT,182725.0,1,,,,BTG Pactual CTVM S.A.,BTG Pactual CTVM S.A.,,,
2026-03-27T13:16:00.203Z,market,trade,WINFUT,182725.0,1,,,,BTG Pactual CTVM S.A.,BTG Pactual CTVM S.A.,,,
2026-03-27T13:16:00.203Z,market,trade,WINFUT,182720.0,1,,,,XP Investimentos CCTVM S/A,XP Investimentos CCTVM S/A,,,
2026-03-27T13:16:00.203Z,market,trade,WINFUT,182725.0,2,,,,XP Investimentos CCTVM S/A,XP Investimentos CCTVM S/A,,,
2026-03-27T13:16:00.203Z,market,trade,WINFUT,182725.0,3,,,,XP Investimentos CCTVM S/A,XP Investimentos CCTVM S/A,,,
2026-03-27T13:16:00.203Z,market,trade,WINFUT,182725.0,1,,,,XP Investimentos CCTVM S/A,XP Investimentos CCTVM S/A,,,
2026-03-27T13:16:00.203Z,market,trade,WINFUT,182725.0,4,,,,XP Investimentos CCTVM S/A,XP Investimentos CCTVM S/A,,,
2026-03-27T13:16:00.203Z,market,trade,WINFUT,182720.0,1,,,,XP Investimentos CCTVM S/A,XP Investimentos CCTVM S/A,,,
2026-03-27T13:16:00.203Z,market,trade,WINFUT,182725.0,1,,,,AGORA CTVM S/A,GENIAL INSTITUCIONAL CCTVM S.A,,,
2026-03-27T13:16:00.203Z,market,trade,WINFUT,182725.0,1,,,,XP Investimentos CCTVM S/A,XP Investimentos CCTVM S/A,,,
2026-03-27T13:16:00.203Z,market,trade,WINFUT,182720.0,1,,,,XP Investimentos CCTVM S/A,XP Investimentos CCTVM S/A,,,
2026-03-27T13:16:00.278Z,market,trade,WINFUT,182720.0,1,,,,XP Investimentos CCTVM S/A,XP Investimentos CCTVM S/A,,,
2026-03-27T13:16:00.278Z,market,trade,WINFUT,182725.0,1,,,,BTG Pactual CTVM S.A.,BTG Pactual CTVM S.A.,,,
2026-03-27T13:16:00.278Z,market,trade,WINFUT,182725.0,3,,,,IDEAL CTVM SA,GENIAL INSTITUCIONAL CCTVM S.A,,,
2026-03-27T13:16:00.278Z,market,trade,WINFUT,182725.0,1,,,,IDEAL CTVM SA,BTG Pactual CTVM S.A.,,,
2026-03-27T13:16:00.278Z,market,trade,WINFUT,182725.0,6,,,,IDEAL CTVM SA,XP Investimentos CCTVM S/A,,,
2026-03-27T13:16:00.278Z,market,trade,WINFUT,182725.0,1,,,,IDEAL CTVM SA,GENIAL INSTITUCIONAL CCTVM S.A,,,
2026-03-27T13:16:00.278Z,market,trade,WINFUT,182725.0,1,,,,IDEAL CTVM SA,BTG Pactual CTVM S.A.,,,
2026-03-27T13:16:00.278Z,market,trade,WINFUT,182725.0,1,,,,IDEAL CTVM SA,BTG Pactual CTVM S.A.,,,
2026-03-27T13:16:00.278Z,market,trade,WINFUT,182725.0,2,,,,IDEAL CTVM SA,AGORA CTVM S/A,,,
2026-03-27T13:16:00.278Z,market,trade,WINFUT,182725.0,1,,,,IDEAL CTVM SA,XP Investimentos CCTVM S/A,,,
2026-03-27T13:16:00.279Z,market,trade,WINFUT,182725.0,5,,,,IDEAL CTVM SA,BTG Pactual CTVM S.A.,,,
2026-03-27T13:16:00.279Z,market,trade,WINFUT,182725.0,1,,,,IDEAL CTVM SA,BTG Pactual CTVM S.A.,,,
2026-03-27T13:16:00.279Z,market,trade,WINFUT,182725.0,3,,,,IDEAL CTVM SA,IDEAL CTVM SA,,,
2026-03-27T13:16:00.279Z,market,trade,WINFUT,182725.0,2,,,,IDEAL CTVM SA,IDEAL CTVM SA,,,
2026-03-27T13:16:00.279Z,market,trade,WINFUT,182725.0,1,,,,IDEAL CTVM SA,IDEAL CTVM SA,,,
2026-03-27T13:16:00.280Z,market,trade,WINFUT,182725.0,1,,,,IDEAL CTVM SA,XP Investimentos CCTVM S/A,,,
2026-03-27T13:16:00.381Z,market,trade,WINFUT,182725.0,1,,,,IDEAL CTVM SA,TERRA INVESTIMENTOS DTVM LTDA,,,
2026-03-27T13:16:00.815Z,market,trade,WINFUT,182725.0,1,,,,CM Capital Markets CCTVM LTDA,CM Capital Markets CCTVM LTDA,,,
2026-03-27T13:16:00.816Z,market,trade,WINFUT,182725.0,3,,,,BTG Pactual CTVM S.A.,BTG Pactual CTVM S.A.,,,
2026-03-27T13:16:00.816Z,market,trade,WINFUT,182730.0,1,,,,XP Investimentos CCTVM S/A,XP Investimentos CCTVM S/A,,,
2026-03-27T13:16:00.816Z,market,trade,WINFUT,182730.0,1,,,,XP Investimentos CCTVM S/A,XP Investimentos CCTVM S/A,,,
2026-03-27T13:16:00.816Z,market,trade,WINFUT,182730.0,3,,,,XP Investimentos CCTVM S/A,XP Investimentos CCTVM S/A,,,
2026-03-27T13:16:00.816Z,market,trade,WINFUT,182730.0,3,,,,XP Investimentos CCTVM S/A,XP Investimentos CCTVM S/A,,,
2026-03-27T13:16:00.816Z,market,trade,WINFUT,182730.0,1,,,,GENIAL INSTITUCIONAL CCTVM S.A,IDEAL CTVM SA,,,
2026-03-27T13:16:00.816Z,market,trade,WINFUT,182730.0,4,,,,BTG Pactual CTVM S.A.,BTG Pactual CTVM S.A.,,,
2026-03-27T13:16:00.816Z,market,trade,WINFUT,182730.0,3,,,,BTG Pactual CTVM S.A.,BTG Pactual CTVM S.A.,,,
2026-03-27T13:16:00.816Z,market,trade,WINFUT,182730.0,4,,,,BTG Pactual CTVM S.A.,BTG Pactual CTVM S.A.,,,
2026-03-27T13:16:00.816Z,market,trade,WINFUT,182730.0,1,,,,XP Investimentos CCTVM S/A,XP Investimentos CCTVM S/A,,,
2026-03-27T13:16:00.816Z,market,trade,WINFUT,182730.0,1,,,,BTG Pactual CTVM S.A.,IDEAL CTVM SA,,,
2026-03-27T13:16:00.816Z,market,trade,WINFUT,182730.0,1,,,,BTG Pactual CTVM S.A.,IDEAL CTVM SA,,,
2026-03-27T13:16:00.816Z,market,trade,WINFUT,182730.0,1,,,,BTG Pactual CTVM S.A.,IDEAL CTVM SA,,,
2026-03-27T13:16:00.816Z,market,trade,WINFUT,182730.0,1,,,,ITAU CV S/A,IDEAL CTVM SA,,,
2026-03-27T13:16:00.816Z,market,trade,WINFUT,182730.0,2,,,,XP Investimentos CCTVM S/A,XP Investimentos CCTVM S/A,,,
2026-03-27T13:16:00.816Z,market,trade,WINFUT,182725.0,4,,,,BTG Pactual CTVM S.A.,BTG Pactual CTVM S.A.,,,
2026-03-27T13:16:00.816Z,market,trade,WINFUT,182725.0,1,,,,GENIAL INSTITUCIONAL CCTVM S.A,GENIAL INSTITUCIONAL CCTVM S.A,,,
2026-03-27T13:16:00.816Z,market,trade,WINFUT,182725.0,1,,,,IDEAL CTVM SA,SANTANDER CORRETORA DE TITULOS E VALORES MOBILIARIOS S.A.,,,
2026-03-27T13:16:00.816Z,market,trade,WINFUT,182725.0,1,,,,IDEAL CTVM SA,SANTANDER CORRETORA DE TITULOS E VALORES MOBILIARIOS S.A.,,,
2026-03-27T13:16:00.816Z,market,trade,WINFUT,182730.0,1,,,,GENIAL INSTITUCIONAL CCTVM S.A,IDEAL CTVM SA,,,
2026-03-27T13:16:00.816Z,market,trade,WINFUT,182730.0,1,,,,IDEAL CTVM SA,XP Investimentos CCTVM S/A,,,
2026-03-27T13:16:00.817Z,market,trade,WINFUT,182725.0,5,,,,BTG Pactual CTVM S.A.,BTG Pactual CTVM S.A.,,,
2026-03-27T13:16:00.817Z,market,trade,WINFUT,182725.0,3,,,,IDEAL CTVM SA,MORGAN STANLEY CTVM S/A,,,
2026-03-27T13:16:00.817Z,market,trade,WINFUT,182725.0,7,,,,IDEAL CTVM SA,MORGAN STANLEY CTVM S/A,,,
2026-03-27T13:16:00.817Z,market,trade,WINFUT,182730.0,2,,,,XP Investimentos CCTVM S/A,BTG Pactual CTVM S.A.,,,
2026-03-27T13:16:00.817Z,market,trade,WINFUT,182730.0,1,,,,XP Investimentos CCTVM S/A,XP Investimentos CCTVM S/A,,,
2026-03-27T13:16:00.817Z,market,trade,WINFUT,182730.0,3,,,,XP Investimentos CCTVM S/A,GENIAL INSTITUCIONAL CCTVM S.A,,,
2026-03-27T13:16:00.817Z,market,trade,WINFUT,182730.0,1,,,,XP Investimentos CCTVM S/A,Santander CCVM S/A,,,
2026-03-27T13:16:00.817Z,market,trade,WINFUT,182730.0,1,,,,XP Investimentos CCTVM S/A,XP Investimentos CCTVM S/A,,,
2026-03-27T13:16:00.817Z,market,trade,WINFUT,182730.0,1,,,,XP Investimentos CCTVM S/A,XP Investimentos CCTVM S/A,,,
2026-03-27T13:16:00.817Z,market,trade,WINFUT,182730.0,5,,,,XP Investimentos CCTVM S/A,BTG Pactual CTVM S.A.,,,
2026-03-27T13:16:00.817Z,market,trade,WINFUT,182730.0,1,,,,XP Investimentos CCTVM S/A,BTG Pactual CTVM S.A.,,,
2026-03-27T13:16:00.817Z,market,trade,WINFUT,182730.0,1,,,,XP Investimentos CCTVM S/A,XP Investimentos CCTVM S/A,,,
2026-03-27T13:16:00.817Z,market,trade,WINFUT,182730.0,1,,,,XP Investimentos CCTVM S/A,SANTANDER CORRETORA DE TITULOS E VALORES MOBILIARIOS S.A.,,,
2026-03-27T13:16:00.817Z,market,trade,WINFUT,182730.0,5,,,,XP Investimentos CCTVM S/A,BTG Pactual CTVM S.A.,,,
2026-03-27T13:16:00.817Z,market,trade,WINFUT,182730.0,2,,,,XP Investimentos CCTVM S/A,XP Investimentos CCTVM S/A,,,
2026-03-27T13:16:00.817Z,market,trade,WINFUT,182730.0,3,,,,GENIAL INSTITUCIONAL CCTVM S.A,BTG Pactual CTVM S.A.,,,
2026-03-27T13:16:00.817Z,market,trade,WINFUT,182730.0,1,,,,GENIAL INSTITUCIONAL CCTVM S.A,BTG Pactual CTVM S.A.,,,
2026-03-27T13:16:00.817Z,market,trade,WINFUT,182725.0,1,,,,AGORA CTVM S/A,IDEAL CTVM SA,,,
2026-03-27T13:16:00.817Z,market,trade,WINFUT,182725.0,5,,,,AGORA CTVM S/A,IDEAL CTVM SA,,,
2026-03-27T13:16:00.817Z,market,trade,WINFUT,182725.0,2,,,,AGORA CTVM S/A,IDEAL CTVM SA,,,
2026-03-27T13:16:00.818Z,market,trade,WINFUT,182725.0,5,,,,XP Investimentos CCTVM S/A,IDEAL CTVM SA,,,
2026-03-27T13:16:00.818Z,market,trade,WINFUT,182725.0,1,,,,IDEAL CTVM SA,IDEAL CTVM SA,,,
2026-03-27T13:16:00.818Z,market,trade,WINFUT,182725.0,1,,,,AGORA CTVM S/A,IDEAL CTVM SA,,,
2026-03-27T13:16:00.818Z,market,trade,WINFUT,182725.0,1,,,,XP Investimentos CCTVM S/A,IDEAL CTVM SA,,,
2026-03-27T13:16:00.818Z,market,trade,WINFUT,182725.0,1,,,,BTG Pactual CTVM S.A.,IDEAL CTVM SA,,,
2026-03-27T13:16:00.818Z,market,trade,WINFUT,182725.0,1,,,,BTG Pactual CTVM S.A.,IDEAL CTVM SA,,,
2026-03-27T13:16:00.818Z,market,trade,WINFUT,182725.0,1,,,,GENIAL INSTITUCIONAL CCTVM S.A,IDEAL CTVM SA,,,
2026-03-27T13:16:00.818Z,market,trade,WINFUT,182725.0,1,,,,GENIAL INSTITUCIONAL CCTVM S.A,IDEAL CTVM SA,,,
2026-03-27T13:16:00.818Z,market,trade,WINFUT,182725.0,1,,,,GENIAL INSTITUCIONAL CCTVM S.A,IDEAL CTVM SA,,,
2026-03-27T13:16:00.818Z,market,trade,WINFUT,182725.0,3,,,,IDEAL CTVM SA,IDEAL CTVM SA,,,
2026-03-27T13:16:00.818Z,market,trade,WINFUT,182725.0,1,,,,IDEAL CTVM SA,IDEAL CTVM SA,,,
2026-03-27T13:16:00.818Z,market,trade,WINFUT,182725.0,1,,,,UBS BRASIL CCTVM S/A,IDEAL CTVM SA,,,
2026-03-27T13:16:00.818Z,market,trade,WINFUT,182725.0,1,,,,UBS BRASIL CCTVM S/A,AGORA CTVM S/A,,,
2026-03-27T13:16:00.818Z,market,trade,WINFUT,182725.0,1,,,,XP Investimentos CCTVM S/A,XP Investimentos CCTVM S/A,,,
2026-03-27T13:16:00.818Z,market,trade,WINFUT,182730.0,1,,,,SANTANDER CORRETORA DE TITULOS E VALORES MOBILIARIOS S.A.,BTG Pactual CTVM S.A.,,,
2026-03-27T13:16:01.070Z,market,trade,WINFUT,182730.0,1,,,,GENIAL INSTITUCIONAL CCTVM S.A,BTG Pactual CTVM S.A.,,,
2026-03-27T13:16:01.070Z,market,trade,WINFUT,182730.0,1,,,,SANTANDER CORRETORA DE TITULOS E VALORES MOBILIARIOS S.A.,BTG Pactual CTVM S.A.,,,
2026-03-27T13:16:01.070Z,market,trade,WINFUT,182730.0,2,,,,XP Investimentos CCTVM S/A,XP Investimentos CCTVM S/A,,,
2026-03-27T13:16:01.070Z,market,trade,WINFUT,182730.0,1,,,,SANTANDER CORRETORA DE TITULOS E VALORES MOBILIARIOS S.A.,BTG Pactual CTVM S.A.,,,
2026-03-27T13:16:01.070Z,market,trade,WINFUT,182730.0,2,,,,BTG Pactual CTVM S.A.,BTG Pactual CTVM S.A.,,,
2026-03-27T13:16:01.070Z,market,trade,WINFUT,182725.0,1,,,,UBS BRASIL CCTVM S/A,Elliot-Warren,,,
2026-03-27T13:16:01.070Z,market,trade,WINFUT,182725.0,2,,,,XP Investimentos CCTVM S/A,XP Investimentos CCTVM S/A,,,
2026-03-27T13:16:01.071Z,market,trade,WINFUT,182725.0,2,,,,XP Investimentos CCTVM S/A,XP Investimentos CCTVM S/A,,,
2026-03-27T13:16:01.071Z,market,trade,WINFUT,182730.0,2,,,,XP Investimentos CCTVM S/A,BTG Pactual CTVM S.A.,,,
2026-03-27T13:16:01.071Z,market,trade,WINFUT,182730.0,1,,,,XP Investimentos CCTVM S/A,BTG Pactual CTVM S.A.,,,
2026-03-27T13:16:01.071Z,market,trade,WINFUT,182730.0,2,,,,XP Investimentos CCTVM S/A,SANTANDER CORRETORA DE TITULOS E VALORES MOBILIARIOS S.A.,,,
2026-03-27T13:16:01.071Z,market,trade,WINFUT,182730.0,10,,,,XP Investimentos CCTVM S/A,SANTANDER CORRETORA DE TITULOS E VALORES MOBILIARIOS S.A.,,,
2026-03-27T13:16:01.071Z,market,trade,WINFUT,182730.0,1,,,,XP Investimentos CCTVM S/A,CM Capital Markets CCTVM LTDA,,,
2026-03-27T13:16:01.071Z,market,trade,WINFUT,182730.0,1,,,,XP Investimentos CCTVM S/A,XP Investimentos CCTVM S/A,,,
2026-03-27T13:16:01.071Z,market,trade,WINFUT,182730.0,2,,,,XP Investimentos CCTVM S/A,XP Investimentos CCTVM S/A,,,
2026-03-27T13:16:01.071Z,market,trade,WINFUT,182730.0,1,,,,XP Investimentos CCTVM S/A,XP Investimentos CCTVM S/A,,,
2026-03-27T13:16:01.071Z,market,trade,WINFUT,182730.0,1,,,,XP Investimentos CCTVM S/A,BTG Pactual CTVM S.A.,,,
2026-03-27T13:16:01.071Z,market,trade,WINFUT,182730.0,1,,,,XP Investimentos CCTVM S/A,BTG Pactual CTVM S.A.,,,
2026-03-27T13:16:01.071Z,market,trade,WINFUT,182730.0,1,,,,XP Investimentos CCTVM S/A,XP Investimentos CCTVM S/A,,,
2026-03-27T13:16:01.071Z,market,trade,WINFUT,182730.0,2,,,,XP Investimentos CCTVM S/A,XP Investimentos CCTVM S/A,,,
2026-03-27T13:16:01.071Z,market,trade,WINFUT,182725.0,5,,,,XP Investimentos CCTVM S/A,XP Investimentos CCTVM S/A,,,
2026-03-27T13:16:01.071Z,market,trade,WINFUT,182725.0,1,,,,UBS BRASIL CCTVM S/A,SANTANDER CORRETORA DE TITULOS E VALORES MOBILIARIOS S.A.,,,
2026-03-27T13:16:01.072Z,market,trade,WINFUT,182725.0,5,,,,UBS BRASIL CCTVM S/A,J. P. MORGAN CCVM S.A.,,,
2026-03-27T13:16:01.072Z,market,trade,WINFUT,182725.0,10,,,,XP Investimentos CCTVM S/A,XP Investimentos CCTVM S/A,,,
2026-03-27T13:16:01.072Z,market,trade,WINFUT,182725.0,1,,,,BTG Pactual CTVM S.A.,BTG Pactual CTVM S.A.,,,
2026-03-27T13:16:01.072Z,market,trade,WINFUT,182730.0,4,,,,GENIAL INSTITUCIONAL CCTVM S.A,TERRA INVESTIMENTOS DTVM LTDA,,,
2026-03-27T13:16:01.072Z,market,trade,WINFUT,182730.0,1,,,,CM Capital Markets CCTVM LTDA,CM Capital Markets CCTVM LTDA,,,
2026-03-27T13:16:01.072Z,market,trade,WINFUT,182730.0,1,,,,XP Investimentos CCTVM S/A,TERRA INVESTIMENTOS DTVM LTDA,,,
2026-03-27T13:16:01.072Z,market,trade,WINFUT,182730.0,1,,,,XP Investimentos CCTVM S/A,BTG Pactual CTVM S.A.,,,
2026-03-27T13:16:01.072Z,market,trade,WINFUT,182730.0,1,,,,XP Investimentos CCTVM S/A,BTG Pactual CTVM S.A.,,,
2026-03-27T13:16:01.072Z,market,trade,WINFUT,182730.0,1,,,,XP Investimentos CCTVM S/A,BTG Pactual CTVM S.A.,,,
2026-03-27T13:16:01.072Z,market,trade,WINFUT,182730.0,1,,,,XP Investimentos CCTVM S/A,BTG Pactual CTVM S.A.,,,
2026-03-27T13:16:01.072Z,market,trade,WINFUT,182730.0,1,,,,XP Investimentos CCTVM S/A,BTG Pactual CTVM S.A.,,,
2026-03-27T13:16:01.072Z,market,trade,WINFUT,182730.0,1,,,,XP Investimentos CCTVM S/A,XP Investimentos CCTVM S/A,,,
2026-03-27T13:16:01.072Z,market,trade,WINFUT,182730.0,1,,,,XP Investimentos CCTVM S/A,XP Investimentos CCTVM S/A,,,
2026-03-27T13:16:01.072Z,market,trade,WINFUT,182730.0,1,,,,XP Investimentos CCTVM S/A,BTG Pactual CTVM S.A.,,,
2026-03-27T13:16:01.072Z,market,trade,WINFUT,182730.0,1,,,,XP Investimentos CCTVM S/A,BTG Pactual CTVM S.A.,,,
2026-03-27T13:16:01.072Z,market,trade,WINFUT,182730.0,1,,,,XP Investimentos CCTVM S/A,XP Investimentos CCTVM S/A,,,
2026-03-27T13:16:01.072Z,market,trade,WINFUT,182730.0,14,,,,XP Investimentos CCTVM S/A,XP Investimentos CCTVM S/A,,,
2026-03-27T13:16:01.072Z,market,trade,WINFUT,182730.0,5,,,,XP Investimentos CCTVM S/A,IDEAL CTVM SA,,,
2026-03-27T13:16:01.443Z,market,trade,WINFUT,182725.0,12,,,,BTG Pactual CTVM S.A.,BTG Pactual CTVM S.A.,,,
2026-03-27T13:16:01.443Z,market,trade,WINFUT,182725.0,9,,,,UBS BRASIL CCTVM S/A,BTG Pactual CTVM S.A.,,,
2026-03-27T13:16:01.443Z,market,trade,WINFUT,182725.0,5,,,,XP Investimentos CCTVM S/A,BTG Pactual CTVM S.A.,,,
2026-03-27T13:16:01.443Z,market,trade,WINFUT,182725.0,1,,,,IDEAL CTVM SA,BTG Pactual CTVM S.A.,,,
2026-03-27T13:16:01.443Z,market,trade,WINFUT,182725.0,1,,,,XP Investimentos CCTVM S/A,BTG Pactual CTVM S.A.,,,
2026-03-27T13:16:01.443Z,market,trade,WINFUT,182725.0,2,,,,XP Investimentos CCTVM S/A,BTG Pactual CTVM S.A.,,,
2026-03-27T13:16:01.443Z,market,trade,WINFUT,182730.0,1,,,,GENIAL INSTITUCIONAL CCTVM S.A,IDEAL CTVM SA,,,
2026-03-27T13:16:01.443Z,market,trade,WINFUT,182730.0,2,,,,XP Investimentos CCTVM S/A,XP Investimentos CCTVM S/A,,,
2026-03-27T13:16:01.443Z,market,trade,WINFUT,182730.0,1,,,,XP Investimentos CCTVM S/A,XP Investimentos CCTVM S/A,,,
2026-03-27T13:16:01.443Z,market,trade,WINFUT,182730.0,4,,,,IDEAL CTVM SA,IDEAL CTVM SA,,,
2026-03-27T13:16:01.443Z,market,trade,WINFUT,182730.0,1,,,,IDEAL CTVM SA,AGORA CTVM S/A,,,
2026-03-27T13:16:01.443Z,market,trade,WINFUT,182730.0,1,,,,IDEAL CTVM SA,IDEAL CTVM SA,,,
2026-03-27T13:16:01.443Z,market,trade,WINFUT,182730.0,1,,,,IDEAL CTVM SA,GENIAL INSTITUCIONAL CCTVM S.A,,,
2026-03-27T13:16:01.443Z,market,trade,WINFUT,182730.0,2,,,,IDEAL CTVM SA,BTG Pactual CTVM S.A.,,,
2026-03-27T13:16:01.443Z,market,trade,WINFUT,182730.0,3,,,,AGORA CTVM S/A,BTG Pactual CTVM S.A.,,,
2026-03-27T13:16:01.443Z,market,trade,WINFUT,182730.0,2,,,,AGORA CTVM S/A,IDEAL CTVM SA,,,
2026-03-27T13:16:01.443Z,market,trade,WINFUT,182730.0,4,,,,AGORA CTVM S/A,IDEAL CTVM SA,,,
2026-03-27T13:16:01.443Z,market,trade,WINFUT,182730.0,1,,,,XP Investimentos CCTVM S/A,IDEAL CTVM SA,,,
2026-03-27T13:16:01.443Z,market,trade,WINFUT,182730.0,1,,,,BTG Pactual CTVM S.A.,IDEAL CTVM SA,,,
2026-03-27T13:16:01.443Z,market,trade,WINFUT,182725.0,1,,,,CM Capital Markets CCTVM LTDA,CM Capital Markets CCTVM LTDA,,,
2026-03-27T13:16:01.443Z,market,trade,WINFUT,182725.0,2,,,,XP Investimentos CCTVM S/A,XP Investimentos CCTVM S/A,,,
2026-03-27T13:16:01.443Z,market,trade,WINFUT,182730.0,1,,,,XP Investimentos CCTVM S/A,XP Investimentos CCTVM S/A,,,
2026-03-27T13:16:01.443Z,market,trade,WINFUT,182730.0,1,,,,XP Investimentos CCTVM S/A,XP Investimentos CCTVM S/A,,,
2026-03-27T13:16:01.443Z,market,trade,WINFUT,182730.0,1,,,,XP Investimentos CCTVM S/A,IDEAL CTVM SA,,,
2026-03-27T13:16:01.443Z,market,trade,WINFUT,182730.0,7,,,,GENIAL INSTITUCIONAL CCTVM S.A,IDEAL CTVM SA,,,
2026-03-27T13:16:01.443Z,market,trade,WINFUT,182730.0,1,,,,GENIAL INSTITUCIONAL CCTVM S.A,IDEAL CTVM SA,,,
2026-03-27T13:16:01.444Z,market,trade,WINFUT,182730.0,7,,,,GENIAL INSTITUCIONAL CCTVM S.A,IDEAL CTVM SA,,,
2026-03-27T13:16:01.444Z,market,trade,WINFUT,182725.0,1,,,,XP Investimentos CCTVM S/A,XP Investimentos CCTVM S/A,,,
2026-03-27T13:16:01.444Z,market,trade,WINFUT,182725.0,5,,,,BTG Pactual CTVM S.A.,BTG Pactual CTVM S.A.,,,
2026-03-27T13:16:01.444Z,market,trade,WINFUT,182725.0,1,,,,BTG Pactual CTVM S.A.,BTG Pactual CTVM S.A.,,,
2026-03-27T13:16:01.444Z,market,trade,WINFUT,182725.0,14,,,,XP Investimentos CCTVM S/A,XP Investimentos CCTVM S/A,,,
2026-03-27T13:16:01.444Z,market,trade,WINFUT,182725.0,1,,,,XP Investimentos CCTVM S/A,XP Investimentos CCTVM S/A,,,
2026-03-27T13:16:01.444Z,market,trade,WINFUT,182730.0,3,,,,GENIAL INSTITUCIONAL CCTVM S.A,IDEAL CTVM SA,,,
2026-03-27T13:16:01.444Z,market,trade,WINFUT,182730.0,1,,,,GENIAL INSTITUCIONAL CCTVM S.A,IDEAL CTVM SA,,,
2026-03-27T13:16:01.444Z,market,trade,WINFUT,182725.0,5,,,,BTG Pactual CTVM S.A.,BTG Pactual CTVM S.A.,,,
2026-03-27T13:16:01.763Z,market,trade,WINFUT,182730.0,2,,,,SANTANDER CORRETORA DE TITULOS E VALORES MOBILIARIOS S.A.,IDEAL CTVM SA,,,
2026-03-27T13:16:01.763Z,market,trade,WINFUT,182730.0,1,,,,SANTANDER CORRETORA DE TITULOS E VALORES MOBILIARIOS S.A.,IDEAL CTVM SA,,,
2026-03-27T13:16:01.763Z,market,trade,WINFUT,182730.0,1,,,,XP Investimentos CCTVM S/A,XP Investimentos CCTVM S/A,,,
2026-03-27T13:16:01.763Z,market,trade,WINFUT,182730.0,2,,,,XP Investimentos CCTVM S/A,XP Investimentos CCTVM S/A,,,
2026-03-27T13:16:01.763Z,market,trade,WINFUT,182730.0,14,,,,XP Investimentos CCTVM S/A,XP Investimentos CCTVM S/A,,,
2026-03-27T13:16:01.763Z,market,trade,WINFUT,182730.0,4,,,,XP Investimentos CCTVM S/A,IDEAL CTVM SA,,,
2026-03-27T13:16:01.763Z,market,trade,WINFUT,182730.0,7,,,,XP Investimentos CCTVM S/A,IDEAL CTVM SA,,,
2026-03-27T13:16:01.763Z,market,trade,WINFUT,182725.0,5,,,,BTG Pactual CTVM S.A.,BTG Pactual CTVM S.A.,,,
2026-03-27T13:16:01.997Z,market,trade,WINFUT,182730.0,1,,,,BTG Pactual CTVM S.A.,BTG Pactual CTVM S.A.,,,
2026-03-27T13:16:01.997Z,market,trade,WINFUT,182725.0,1,,,,BTG Pactual CTVM S.A.,BTG Pactual CTVM S.A.,,,
2026-03-27T13:16:01.997Z,market,trade,WINFUT,182725.0,1,,,,BTG Pactual CTVM S.A.,BTG Pactual CTVM S.A.,,,
2026-03-27T13:16:01.997Z,market,trade,WINFUT,182725.0,3,,,,XP Investimentos CCTVM S/A,XP Investimentos CCTVM S/A,,,
2026-03-27T13:16:01.997Z,market,trade,WINFUT,182725.0,6,,,,XP Investimentos CCTVM S/A,XP Investimentos CCTVM S/A,,,
2026-03-27T13:16:01.997Z,market,trade,WINFUT,182730.0,1,,,,XP Investimentos CCTVM S/A,XP Investimentos CCTVM S/A,,,
2026-03-27T13:16:01.997Z,market,trade,WINFUT,182730.0,2,,,,XP Investimentos CCTVM S/A,XP Investimentos CCTVM S/A,,,
2026-03-27T13:16:01.997Z,market,trade,WINFUT,182730.0,2,,,,SANTANDER CORRETORA DE TITULOS E VALORES MOBILIARIOS S.A.,IDEAL CTVM SA,,,
2026-03-27T13:16:02.207Z,market,trade,WINFUT,182725.0,5,,,,BTG Pactual CTVM S.A.,BTG Pactual CTVM S.A.,,,
2026-03-27T13:16:02.207Z,market,trade,WINFUT,182725.0,2,,,,XP Investimentos CCTVM S/A,XP Investimentos CCTVM S/A,,,
2026-03-27T13:16:02.207Z,market,trade,WINFUT,182730.0,1,,,,SANTANDER CORRETORA DE TITULOS E VALORES MOBILIARIOS S.A.,IDEAL CTVM SA,,,
2026-03-27T13:16:02.207Z,market,trade,WINFUT,182725.0,1,,,,XP Investimentos CCTVM S/A,XP Investimentos CCTVM S/A,,,
2026-03-27T13:16:02.296Z,market,trade,WINFUT,182730.0,1,,,,SANTANDER CORRETORA DE TITULOS E VALORES MOBILIARIOS S.A.,IDEAL CTVM SA,,,
2026-03-27T13:16:02.296Z,market,trade,WINFUT,182730.0,2,,,,SANTANDER CORRETORA DE TITULOS E VALORES MOBILIARIOS S.A.,AGORA CTVM S/A,,,
2026-03-27T13:16:02.296Z,market,trade,WINFUT,182730.0,1,,,,XP Investimentos CCTVM S/A,XP Investimentos CCTVM S/A,,,
2026-03-27T13:16:02.296Z,market,trade,WINFUT,182730.0,1,,,,GENIAL INSTITUCIONAL CCTVM S.A,AGORA CTVM S/A,,,
2026-03-27T13:16:02.382Z,market,trade,WINFUT,182730.0,3,,,,BTG Pactual CTVM S.A.,BTG Pactual CTVM S.A.,,,
2026-03-27T13:16:02.390Z,market,trade,WINFUT,182730.0,2,,,,SANTANDER CORRETORA DE TITULOS E VALORES MOBILIARIOS S.A.,AGORA CTVM S/A,,,
2026-03-27T13:16:02.390Z,market,trade,WINFUT,182730.0,1,,,,SANTANDER CORRETORA DE TITULOS E VALORES MOBILIARIOS S.A.,AGORA CTVM S/A,,,
2026-03-27T13:16:02.390Z,market,trade,WINFUT,182730.0,1,,,,SANTANDER CORRETORA DE TITULOS E VALORES MOBILIARIOS S.A.,IDEAL CTVM SA,,,
2026-03-27T13:16:02.429Z,market,trade,WINFUT,182730.0,14,,,,XP Investimentos CCTVM S/A,XP Investimentos CCTVM S/A,,,
2026-03-27T13:16:02.441Z,market,trade,WINFUT,182725.0,1,,,,XP Investimentos CCTVM S/A,XP Investimentos CCTVM S/A,,,
2026-03-27T13:16:02.441Z,market,trade,WINFUT,182725.0,1,,,,XP Investimentos CCTVM S/A,XP Investimentos CCTVM S/A,,,
2026-03-27T13:16:02.441Z,market,trade,WINFUT,182730.0,1,,,,BTG Pactual CTVM S.A.,BTG Pactual CTVM S.A.,,,
2026-03-27T13:16:02.441Z,market,trade,WINFUT,182725.0,1,,,,XP Investimentos CCTVM S/A,XP Investimentos CCTVM S/A,,,
2026-03-27T13:16:02.441Z,market,trade,WINFUT,182730.0,1,,,,XP Investimentos CCTVM S/A,XP Investimentos CCTVM S/A,,,
2026-03-27T13:16:02.441Z,market,trade,WINFUT,182730.0,1,,,,GENIAL INSTITUCIONAL CCTVM S.A,IDEAL CTVM SA,,,
2026-03-27T13:16:02.535Z,market,trade,WINFUT,182730.0,11,,,,BTG Pactual CTVM S.A.,BTG Pactual CTVM S.A.,,,
2026-03-27T13:16:02.535Z,market,trade,WINFUT,182730.0,4,,,,BTG Pactual CTVM S.A.,IDEAL CTVM SA,,,
2026-03-27T13:16:02.535Z,market,trade,WINFUT,182730.0,1,,,,SANTANDER CORRETORA DE TITULOS E VALORES MOBILIARIOS S.A.,IDEAL CTVM SA,,,
2026-03-27T13:16:02.535Z,market,trade,WINFUT,182730.0,1,,,,SANTANDER CORRETORA DE TITULOS E VALORES MOBILIARIOS S.A.,AGORA CTVM S/A,,,
2026-03-27T13:16:02.628Z,market,trade,WINFUT,182730.0,6,,,,XP Investimentos CCTVM S/A,XP Investimentos CCTVM S/A,,,
2026-03-27T13:16:02.631Z,market,trade,WINFUT,182725.0,1,,,,XP Investimentos CCTVM S/A,XP Investimentos CCTVM S/A,,,
2026-03-27T13:16:02.693Z,market,trade,WINFUT,182725.0,5,,,,XP Investimentos CCTVM S/A,XP Investimentos CCTVM S/A,,,
2026-03-27T13:16:02.693Z,market,trade,WINFUT,182730.0,1,,,,XP Investimentos CCTVM S/A,XP Investimentos CCTVM S/A,,,
2026-03-27T13:16:02.693Z,market,trade,WINFUT,182730.0,11,,,,BTG Pactual CTVM S.A.,BTG Pactual CTVM S.A.,,,
2026-03-27T13:16:02.693Z,market,trade,WINFUT,182730.0,7,,,,BTG Pactual CTVM S.A.,IDEAL CTVM SA,,,
2026-03-27T13:16:02.693Z,market,trade,WINFUT,182730.0,5,,,,BTG Pactual CTVM S.A.,BTG Pactual CTVM S.A.,,,
2026-03-27T13:16:02.693Z,market,trade,WINFUT,182730.0,2,,,,BTG Pactual CTVM S.A.,IDEAL CTVM SA,,,
2026-03-27T13:16:02.693Z,market,trade,WINFUT,182730.0,2,,,,BTG Pactual CTVM S.A.,IDEAL CTVM SA,,,
2026-03-27T13:16:02.694Z,market,trade,WINFUT,182730.0,1,,,,BTG Pactual CTVM S.A.,AGORA CTVM S/A,,,
2026-03-27T13:16:02.694Z,market,trade,WINFUT,182730.0,3,,,,BTG Pactual CTVM S.A.,IDEAL CTVM SA,,,
2026-03-27T13:16:02.694Z,market,trade,WINFUT,182730.0,1,,,,BTG Pactual CTVM S.A.,AGORA CTVM S/A,,,
2026-03-27T13:16:02.694Z,market,trade,WINFUT,182735.0,9,,,,BTG Pactual CTVM S.A.,IDEAL CTVM SA,,,
2026-03-27T13:16:02.694Z,market,trade,WINFUT,182735.0,1,,,,BTG Pactual CTVM S.A.,XP Investimentos CCTVM S/A,,,
2026-03-27T13:16:02.694Z,market,trade,WINFUT,182735.0,1,,,,BTG Pactual CTVM S.A.,XP Investimentos CCTVM S/A,,,
2026-03-27T13:16:02.694Z,market,trade,WINFUT,182735.0,11,,,,BTG Pactual CTVM S.A.,IDEAL CTVM SA,,,
2026-03-27T13:16:02.694Z,market,trade,WINFUT,182735.0,18,,,,BTG Pactual CTVM S.A.,UBS BRASIL CCTVM S/A,,,
2026-03-27T13:16:02.694Z,market,trade,WINFUT,182735.0,1,,,,BTG Pactual CTVM S.A.,BTG Pactual CTVM S.A.,,,
2026-03-27T13:16:02.694Z,market,trade,WINFUT,182735.0,1,,,,BTG Pactual CTVM S.A.,XP Investimentos CCTVM S/A,,,
2026-03-27T13:16:02.694Z,market,trade,WINFUT,182735.0,2,,,,BTG Pactual CTVM S.A.,BTG Pactual CTVM S.A.,,,
2026-03-27T13:16:02.694Z,market,trade,WINFUT,182735.0,8,,,,BTG Pactual CTVM S.A.,XP Investimentos CCTVM S/A,,,
2026-03-27T13:16:02.694Z,market,trade,WINFUT,182735.0,2,,,,BTG Pactual CTVM S.A.,IDEAL CTVM SA,,,
2026-03-27T13:16:02.694Z,market,trade,WINFUT,182735.0,1,,,,BTG Pactual CTVM S.A.,XP Investimentos CCTVM S/A,,,
2026-03-27T13:16:02.694Z,market,trade,WINFUT,182735.0,5,,,,BTG Pactual CTVM S.A.,UBS BRASIL CCTVM S/A,,,
2026-03-27T13:16:02.694Z,market,trade,WINFUT,182735.0,1,,,,BTG Pactual CTVM S.A.,XP Investimentos CCTVM S/A,,,
2026-03-27T13:16:02.694Z,market,trade,WINFUT,182735.0,1,,,,BTG Pactual CTVM S.A.,AGORA CTVM S/A,,,
2026-03-27T13:16:02.694Z,market,trade,WINFUT,182735.0,1,,,,BTG Pactual CTVM S.A.,IDEAL CTVM SA,,,
2026-03-27T13:16:02.694Z,market,trade,WINFUT,182735.0,9,,,,BTG Pactual CTVM S.A.,XP Investimentos CCTVM S/A,,,
2026-03-27T13:16:02.694Z,market,trade,WINFUT,182735.0,9,,,,BTG Pactual CTVM S.A.,XP Investimentos CCTVM S/A,,,
2026-03-27T13:16:02.694Z,market,trade,WINFUT,182735.0,1,,,,BTG Pactual CTVM S.A.,XP Investimentos CCTVM S/A,,,
2026-03-27T13:16:02.694Z,market,trade,WINFUT,182735.0,5,,,,BTG Pactual CTVM S.A.,IDEAL CTVM SA,,,
2026-03-27T13:16:02.694Z,market,trade,WINFUT,182735.0,1,,,,BTG Pactual CTVM S.A.,GENIAL INSTITUCIONAL CCTVM S.A,,,
2026-03-27T13:16:02.694Z,market,trade,WINFUT,182735.0,1,,,,BTG Pactual CTVM S.A.,XP Investimentos CCTVM S/A,,,
2026-03-27T13:16:02.694Z,market,trade,WINFUT,182735.0,1,,,,BTG Pactual CTVM S.A.,XP Investimentos CCTVM S/A,,,
2026-03-27T13:16:02.694Z,market,trade,WINFUT,182735.0,1,,,,BTG Pactual CTVM S.A.,BTG Pactual CTVM S.A.,,,
2026-03-27T13:16:02.694Z,market,trade,WINFUT,182735.0,1,,,,BTG Pactual CTVM S.A.,Santander CCVM S/A,,,
2026-03-27T13:16:02.695Z,market,trade,WINFUT,182735.0,1,,,,BTG Pactual CTVM S.A.,BTG Pactual CTVM S.A.,,,
2026-03-27T13:16:02.695Z,market,trade,WINFUT,182735.0,4,,,,BTG Pactual CTVM S.A.,GENIAL INSTITUCIONAL CCTVM S.A,,,
2026-03-27T13:16:02.695Z,market,trade,WINFUT,182735.0,1,,,,BTG Pactual CTVM S.A.,XP Investimentos CCTVM S/A,,,
2026-03-27T13:16:02.695Z,market,trade,WINFUT,182735.0,1,,,,BTG Pactual CTVM S.A.,XP Investimentos CCTVM S/A,,,
2026-03-27T13:16:02.695Z,market,trade,WINFUT,182735.0,1,,,,BTG Pactual CTVM S.A.,GENIAL INSTITUCIONAL CCTVM S.A,,,
2026-03-27T13:16:02.695Z,market,trade,WINFUT,182735.0,1,,,,BTG Pactual CTVM S.A.,XP Investimentos CCTVM S/A,,,
2026-03-27T13:16:02.695Z,market,trade,WINFUT,182735.0,1,,,,BTG Pactual CTVM S.A.,AGORA CTVM S/A,,,
2026-03-27T13:16:02.695Z,market,trade,WINFUT,182735.0,1,,,,BTG Pactual CTVM S.A.,XP Investimentos CCTVM S/A,,,
2026-03-27T13:16:02.695Z,market,trade,WINFUT,182735.0,1,,,,BTG Pactual CTVM S.A.,XP Investimentos CCTVM S/A,,,
2026-03-27T13:16:02.695Z,market,trade,WINFUT,182735.0,1,,,,BTG Pactual CTVM S.A.,CM Capital Markets CCTVM LTDA,,,
2026-03-27T13:16:02.695Z,market,trade,WINFUT,182735.0,1,,,,BTG Pactual CTVM S.A.,CM Capital Markets CCTVM LTDA,,,
2026-03-27T13:16:02.695Z,market,trade,WINFUT,182735.0,1,,,,BTG Pactual CTVM S.A.,Elliot-Warren,,,
2026-03-27T13:16:02.695Z,market,trade,WINFUT,182735.0,1,,,,BTG Pactual CTVM S.A.,GENIAL INSTITUCIONAL CCTVM S.A,,,
2026-03-27T13:16:02.695Z,market,trade,WINFUT,182735.0,2,,,,BTG Pactual CTVM S.A.,AGORA CTVM S/A,,,
2026-03-27T13:16:02.695Z,market,trade,WINFUT,182735.0,2,,,,BTG Pactual CTVM S.A.,BTG Pactual CTVM S.A.,,,
2026-03-27T13:16:02.695Z,market,trade,WINFUT,182735.0,2,,,,BTG Pactual CTVM S.A.,BTG Pactual CTVM S.A.,,,
2026-03-27T13:16:02.695Z,market,trade,WINFUT,182735.0,1,,,,BTG Pactual CTVM S.A.,BTG Pactual CTVM S.A.,,,
2026-03-27T13:16:02.695Z,market,trade,WINFUT,182735.0,1,,,,BTG Pactual CTVM S.A.,XP Investimentos CCTVM S/A,,,
2026-03-27T13:16:02.695Z,market,trade,WINFUT,182735.0,4,,,,BTG Pactual CTVM S.A.,BTG Pactual CTVM S.A.,,,
2026-03-27T13:16:02.695Z,market,trade,WINFUT,182735.0,1,,,,BTG Pactual CTVM S.A.,BTG Pactual CTVM S.A.,,,
2026-03-27T13:16:02.695Z,market,trade,WINFUT,182735.0,1,,,,BTG Pactual CTVM S.A.,SANTANDER CORRETORA DE TITULOS E VALORES MOBILIARIOS S.A.,,,
2026-03-27T13:16:02.695Z,market,trade,WINFUT,182735.0,1,,,,BTG Pactual CTVM S.A.,SANTANDER CORRETORA DE TITULOS E VALORES MOBILIARIOS S.A.,,,
2026-03-27T13:16:02.695Z,market,trade,WINFUT,182735.0,2,,,,BTG Pactual CTVM S.A.,BTG Pactual CTVM S.A.,,,
2026-03-27T13:16:02.695Z,market,trade,WINFUT,182735.0,1,,,,BTG Pactual CTVM S.A.,SANTANDER CORRETORA DE TITULOS E VALORES MOBILIARIOS S.A.,,,
2026-03-27T13:16:02.696Z,market,trade,WINFUT,182735.0,1,,,,BTG Pactual CTVM S.A.,XP Investimentos CCTVM S/A,,,
2026-03-27T13:16:02.696Z,market,trade,WINFUT,182735.0,1,,,,BTG Pactual CTVM S.A.,XP Investimentos CCTVM S/A,,,
2026-03-27T13:16:02.696Z,market,trade,WINFUT,182735.0,1,,,,BTG Pactual CTVM S.A.,XP Investimentos CCTVM S/A,,,
2026-03-27T13:16:02.696Z,market,trade,WINFUT,182735.0,1,,,,BTG Pactual CTVM S.A.,BTG Pactual CTVM S.A.,,,
2026-03-27T13:16:02.696Z,market,trade,WINFUT,182735.0,6,,,,BTG Pactual CTVM S.A.,ATIVA INVESTIMENTOS S.A. CTCV,,,
2026-03-27T13:16:02.696Z,market,trade,WINFUT,182735.0,1,,,,BTG Pactual CTVM S.A.,BTG Pactual CTVM S.A.,,,
2026-03-27T13:16:02.696Z,market,trade,WINFUT,182735.0,2,,,,BTG Pactual CTVM S.A.,CM Capital Markets CCTVM LTDA,,,
2026-03-27T13:16:02.696Z,market,trade,WINFUT,182735.0,4,,,,BTG Pactual CTVM S.A.,GENIAL INSTITUCIONAL CCTVM S.A,,,
2026-03-27T13:16:02.696Z,market,trade,WINFUT,182735.0,2,,,,BTG Pactual CTVM S.A.,CM Capital Markets CCTVM LTDA,,,
2026-03-27T13:16:02.696Z,market,trade,WINFUT,182735.0,1,,,,BTG Pactual CTVM S.A.,BTG Pactual CTVM S.A.,,,
2026-03-27T13:16:02.696Z,market,trade,WINFUT,182735.0,4,,,,BTG Pactual CTVM S.A.,XP Investimentos CCTVM S/A,,,
2026-03-27T13:16:02.696Z,market,trade,WINFUT,182735.0,6,,,,BTG Pactual CTVM S.A.,XP Investimentos CCTVM S/A,,,
2026-03-27T13:16:02.696Z,market,trade,WINFUT,182735.0,1,,,,BTG Pactual CTVM S.A.,BTG Pactual CTVM S.A.,,,
2026-03-27T13:16:02.696Z,market,trade,WINFUT,182735.0,1,,,,BTG Pactual CTVM S.A.,BTG Pactual CTVM S.A.,,,
2026-03-27T13:16:02.696Z,market,trade,WINFUT,182735.0,1,,,,BTG Pactual CTVM S.A.,SANTANDER CORRETORA DE TITULOS E VALORES MOBILIARIOS S.A.,,,
2026-03-27T13:16:02.696Z,market,trade,WINFUT,182735.0,1,,,,BTG Pactual CTVM S.A.,ITAU CV S/A,,,
2026-03-27T13:16:02.696Z,market,trade,WINFUT,182735.0,1,,,,BTG Pactual CTVM S.A.,XP Investimentos CCTVM S/A,,,
2026-03-27T13:16:02.696Z,market,trade,WINFUT,182735.0,1,,,,BTG Pactual CTVM S.A.,XP Investimentos CCTVM S/A,,,
2026-03-27T13:16:02.696Z,market,trade,WINFUT,182735.0,1,,,,BTG Pactual CTVM S.A.,XP Investimentos CCTVM S/A,,,
2026-03-27T13:16:02.696Z,market,trade,WINFUT,182735.0,1,,,,BTG Pactual CTVM S.A.,AGORA CTVM S/A,,,
2026-03-27T13:16:02.696Z,market,trade,WINFUT,182735.0,1,,,,BTG Pactual CTVM S.A.,XP Investimentos CCTVM S/A,,,
2026-03-27T13:16:02.696Z,market,trade,WINFUT,182735.0,1,,,,BTG Pactual CTVM S.A.,AGORA CTVM S/A,,,
2026-03-27T13:16:02.696Z,market,trade,WINFUT,182735.0,16,,,,BTG Pactual CTVM S.A.,GENIAL INSTITUCIONAL CCTVM S.A,,,
2026-03-27T13:16:02.696Z,market,trade,WINFUT,182735.0,36,,,,BTG Pactual CTVM S.A.,GENIAL INSTITUCIONAL CCTVM S.A,,,
2026-03-27T13:16:02.696Z,market,trade,WINFUT,182735.0,1,,,,BTG Pactual CTVM S.A.,GENIAL INSTITUCIONAL CCTVM S.A,,,
2026-03-27T13:16:02.696Z,market,trade,WINFUT,182735.0,2,,,,BTG Pactual CTVM S.A.,XP Investimentos CCTVM S/A,,,
2026-03-27T13:16:02.696Z,market,trade,WINFUT,182735.0,4,,,,BTG Pactual CTVM S.A.,UBS BRASIL CCTVM S/A,,,
2026-03-27T13:16:02.696Z,market,trade,WINFUT,182735.0,1,,,,BTG Pactual CTVM S.A.,BTG Pactual CTVM S.A.,,,
2026-03-27T13:16:02.696Z,market,trade,WINFUT,182740.0,2,,,,BTG Pactual CTVM S.A.,BTG Pactual CTVM S.A.,,,
2026-03-27T13:16:02.696Z,market,trade,WINFUT,182740.0,1,,,,BTG Pactual CTVM S.A.,XP Investimentos CCTVM S/A,,,
2026-03-27T13:16:02.697Z,market,trade,WINFUT,182740.0,1,,,,BTG Pactual CTVM S.A.,BTG Pactual CTVM S.A.,,,
2026-03-27T13:16:02.697Z,market,trade,WINFUT,182740.0,4,,,,BTG Pactual CTVM S.A.,BTG Pactual CTVM S.A.,,,
2026-03-27T13:16:02.697Z,market,trade,WINFUT,182740.0,1,,,,BTG Pactual CTVM S.A.,XP Investimentos CCTVM S/A,,,
2026-03-27T13:16:02.697Z,market,trade,WINFUT,182740.0,11,,,,BTG Pactual CTVM S.A.,IDEAL CTVM SA,,,
2026-03-27T13:16:02.697Z,market,trade,WINFUT,182740.0,1,,,,BTG Pactual CTVM S.A.,XP Investimentos CCTVM S/A,,,
2026-03-27T13:16:02.697Z,market,trade,WINFUT,182740.0,5,,,,BTG Pactual CTVM S.A.,IDEAL CTVM SA,,,
2026-03-27T13:16:02.697Z,market,trade,WINFUT,182740.0,18,,,,BTG Pactual CTVM S.A.,UBS BRASIL CCTVM S/A,,,
2026-03-27T13:16:02.697Z,market,trade,WINFUT,182740.0,6,,,,BTG Pactual CTVM S.A.,UBS BRASIL CCTVM S/A,,,
2026-03-27T13:16:02.697Z,market,trade,WINFUT,182740.0,1,,,,BTG Pactual CTVM S.A.,AGORA CTVM S/A,,,
2026-03-27T13:16:02.697Z,market,trade,WINFUT,182740.0,1,,,,BTG Pactual CTVM S.A.,XP Investimentos CCTVM S/A,,,
2026-03-27T13:16:02.697Z,market,trade,WINFUT,182740.0,9,,,,BTG Pactual CTVM S.A.,XP Investimentos CCTVM S/A,,,
2026-03-27T13:16:02.697Z,market,trade,WINFUT,182740.0,1,,,,BTG Pactual CTVM S.A.,GENIAL INSTITUCIONAL CCTVM S.A,,,
2026-03-27T13:16:02.697Z,market,trade,WINFUT,182740.0,1,,,,BTG Pactual CTVM S.A.,AGORA CTVM S/A,,,
2026-03-27T13:16:02.697Z,market,trade,WINFUT,182740.0,1,,,,BTG Pactual CTVM S.A.,XP Investimentos CCTVM S/A,,,
2026-03-27T13:16:02.697Z,market,trade,WINFUT,182740.0,9,,,,BTG Pactual CTVM S.A.,XP Investimentos CCTVM S/A,,,
2026-03-27T13:16:02.697Z,market,trade,WINFUT,182740.0,5,,,,BTG Pactual CTVM S.A.,UBS BRASIL CCTVM S/A,,,
2026-03-27T13:16:02.697Z,market,trade,WINFUT,182740.0,1,,,,BTG Pactual CTVM S.A.,XP Investimentos CCTVM S/A,,,
2026-03-27T13:16:02.697Z,market,trade,WINFUT,182740.0,1,,,,BTG Pactual CTVM S.A.,CM Capital Markets CCTVM LTDA,,,
2026-03-27T13:16:02.697Z,market,trade,WINFUT,182740.0,8,,,,BTG Pactual CTVM S.A.,GENIAL INSTITUCIONAL CCTVM S.A,,,
2026-03-27T13:16:02.697Z,market,trade,WINFUT,182735.0,1,,,,XP Investimentos CCTVM S/A,XP Investimentos CCTVM S/A,,,
2026-03-27T13:16:02.697Z,market,trade,WINFUT,182740.0,2,,,,XP Investimentos CCTVM S/A,GENIAL INSTITUCIONAL CCTVM S.A,,,
2026-03-27T13:16:02.697Z,market,trade,WINFUT,182740.0,1,,,,BTG Pactual CTVM S.A.,GENIAL INSTITUCIONAL CCTVM S.A,,,
2026-03-27T13:16:02.697Z,market,trade,WINFUT,182740.0,1,,,,XP Investimentos CCTVM S/A,GENIAL INSTITUCIONAL CCTVM S.A,,,
2026-03-27T13:16:02.697Z,market,trade,WINFUT,182735.0,1,,,,CM Capital Markets CCTVM LTDA,CM Capital Markets CCTVM LTDA,,,
2026-03-27T13:16:02.697Z,market,trade,WINFUT,182735.0,1,,,,CM Capital Markets CCTVM LTDA,CM Capital Markets CCTVM LTDA,,,
2026-03-27T13:16:02.697Z,market,trade,WINFUT,182735.0,1,,,,CM Capital Markets CCTVM LTDA,CM Capital Markets CCTVM LTDA,,,
2026-03-27T13:16:02.697Z,market,trade,WINFUT,182735.0,1,,,,Elliot-Warren,Elliot-Warren,,,
2026-03-27T13:16:02.697Z,market,trade,WINFUT,182735.0,1,,,,Elliot-Warren,Elliot-Warren,,,
2026-03-27T13:16:02.698Z,market,trade,WINFUT,182735.0,1,,,,Elliot-Warren,Elliot-Warren,,,
2026-03-27T13:16:02.698Z,market,trade,WINFUT,182740.0,24,,,,GENIAL INSTITUCIONAL CCTVM S.A,GENIAL INSTITUCIONAL CCTVM S.A,,,
2026-03-27T13:16:02.698Z,market,trade,WINFUT,182740.0,1,,,,GENIAL INSTITUCIONAL CCTVM S.A,BTG Pactual CTVM S.A.,,,
2026-03-27T13:16:02.698Z,market,trade,WINFUT,182740.0,4,,,,GENIAL INSTITUCIONAL CCTVM S.A,BTG Pactual CTVM S.A.,,,
2026-03-27T13:16:02.698Z,market,trade,WINFUT,182740.0,1,,,,GENIAL INSTITUCIONAL CCTVM S.A,XP Investimentos CCTVM S/A,,,
2026-03-27T13:16:02.698Z,market,trade,WINFUT,182740.0,4,,,,GENIAL INSTITUCIONAL CCTVM S.A,XP Investimentos CCTVM S/A,,,
2026-03-27T13:16:02.698Z,market,trade,WINFUT,182740.0,1,,,,GENIAL INSTITUCIONAL CCTVM S.A,IDEAL CTVM SA,,,
2026-03-27T13:16:02.698Z,market,trade,WINFUT,182740.0,1,,,,GENIAL INSTITUCIONAL CCTVM S.A,IDEAL CTVM SA,,,
2026-03-27T13:16:02.698Z,market,trade,WINFUT,182740.0,1,,,,GENIAL INSTITUCIONAL CCTVM S.A,Santander CCVM S/A,,,
2026-03-27T13:16:02.698Z,market,trade,WINFUT,182740.0,1,,,,GENIAL INSTITUCIONAL CCTVM S.A,ATIVA INVESTIMENTOS S.A. CTCV,,,
2026-03-27T13:16:02.698Z,market,trade,WINFUT,182740.0,1,,,,GENIAL INSTITUCIONAL CCTVM S.A,ATIVA INVESTIMENTOS S.A. CTCV,,,
2026-03-27T13:16:02.698Z,market,trade,WINFUT,182740.0,1,,,,GENIAL INSTITUCIONAL CCTVM S.A,ATIVA INVESTIMENTOS S.A. CTCV,,,
2026-03-27T13:16:02.698Z,market,trade,WINFUT,182740.0,1,,,,GENIAL INSTITUCIONAL CCTVM S.A,ATIVA INVESTIMENTOS S.A. CTCV,,,
2026-03-27T13:16:02.698Z,market,trade,WINFUT,182740.0,1,,,,GENIAL INSTITUCIONAL CCTVM S.A,ATIVA INVESTIMENTOS S.A. CTCV,,,
2026-03-27T13:16:02.698Z,market,trade,WINFUT,182740.0,1,,,,GENIAL INSTITUCIONAL CCTVM S.A,XP Investimentos CCTVM S/A,,,
2026-03-27T13:16:02.698Z,market,trade,WINFUT,182740.0,1,,,,GENIAL INSTITUCIONAL CCTVM S.A,IDEAL CTVM SA,,,
2026-03-27T13:16:02.699Z,market,trade,WINFUT,182740.0,4,,,,GENIAL INSTITUCIONAL CCTVM S.A,BTG Pactual CTVM S.A.,,,
2026-03-27T13:16:02.699Z,market,trade,WINFUT,182740.0,3,,,,GENIAL INSTITUCIONAL CCTVM S.A,XP Investimentos CCTVM S/A,,,
2026-03-27T13:16:02.699Z,market,trade,WINFUT,182740.0,1,,,,GENIAL INSTITUCIONAL CCTVM S.A,XP Investimentos CCTVM S/A,,,
2026-03-27T13:16:02.699Z,market,trade,WINFUT,182740.0,5,,,,GENIAL INSTITUCIONAL CCTVM S.A,AGORA CTVM S/A,,,
2026-03-27T13:16:02.699Z,market,trade,WINFUT,182740.0,3,,,,GENIAL INSTITUCIONAL CCTVM S.A,NOVA FUTURA CTVM LTDA,,,
2026-03-27T13:16:02.699Z,market,trade,WINFUT,182735.0,3,,,,Elliot-Warren,Elliot-Warren,,,
2026-03-27T13:16:02.699Z,market,trade,WINFUT,182740.0,1,,,,BTG Pactual CTVM S.A.,NOVA FUTURA CTVM LTDA,,,
2026-03-27T13:16:02.699Z,market,trade,WINFUT,182740.0,1,,,,GENIAL INSTITUCIONAL CCTVM S.A,NOVA FUTURA CTVM LTDA,,,
2026-03-27T13:16:02.699Z,market,trade,WINFUT,182740.0,1,,,,XP Investimentos CCTVM S/A,XP Investimentos CCTVM S/A,,,
2026-03-27T13:16:02.699Z,market,trade,WINFUT,182740.0,1,,,,BTG Pactual CTVM S.A.,XP Investimentos CCTVM S/A,,,
2026-03-27T13:16:02.699Z,market,trade,WINFUT,182740.0,1,,,,BTG Pactual CTVM S.A.,XP Investimentos CCTVM S/A,,,
2026-03-27T13:16:02.699Z,market,trade,WINFUT,182740.0,1,,,,GENIAL INSTITUCIONAL CCTVM S.A,XP Investimentos CCTVM S/A,,,
2026-03-27T13:16:02.699Z,market,trade,WINFUT,182740.0,1,,,,GENIAL INSTITUCIONAL CCTVM S.A,AGORA CTVM S/A,,,
2026-03-27T13:16:02.699Z,market,trade,WINFUT,182740.0,1,,,,BTG Pactual CTVM S.A.,XP Investimentos CCTVM S/A,,,
2026-03-27T13:16:02.699Z,market,trade,WINFUT,182740.0,1,,,,XP Investimentos CCTVM S/A,IDEAL CTVM SA,,,
2026-03-27T13:16:02.699Z,market,trade,WINFUT,182740.0,1,,,,XP Investimentos CCTVM S/A,XP Investimentos CCTVM S/A,,,
2026-03-27T13:16:02.699Z,market,trade,WINFUT,182740.0,4,,,,XP Investimentos CCTVM S/A,NOVA FUTURA CTVM LTDA,,,
2026-03-27T13:16:02.699Z,market,trade,WINFUT,182730.0,3,,,,IDEAL CTVM SA,IDEAL CTVM SA,,,
2026-03-27T13:16:02.699Z,market,trade,WINFUT,182730.0,3,,,,IDEAL CTVM SA,IDEAL CTVM SA,,,
2026-03-27T13:16:02.699Z,market,trade,WINFUT,182730.0,1,,,,IDEAL CTVM SA,IDEAL CTVM SA,,,
2026-03-27T13:16:02.699Z,market,trade,WINFUT,182730.0,6,,,,XP Investimentos CCTVM S/A,IDEAL CTVM SA,,,
2026-03-27T13:16:02.699Z,market,trade,WINFUT,182730.0,1,,,,XP Investimentos CCTVM S/A,IDEAL CTVM SA,,,
2026-03-27T13:16:02.700Z,market,trade,WINFUT,182730.0,3,,,,IDEAL CTVM SA,IDEAL CTVM SA,,,
2026-03-27T13:16:02.700Z,market,trade,WINFUT,182730.0,1,,,,BTG Pactual CTVM S.A.,IDEAL CTVM SA,,,
2026-03-27T13:16:02.700Z,market,trade,WINFUT,182730.0,5,,,,XP Investimentos CCTVM S/A,IDEAL CTVM SA,,,
2026-03-27T13:16:02.700Z,market,trade,WINFUT,182730.0,5,,,,IDEAL CTVM SA,IDEAL CTVM SA,,,
2026-03-27T13:16:02.700Z,market,trade,WINFUT,182730.0,1,,,,AGORA CTVM S/A,IDEAL CTVM SA,,,
2026-03-27T13:16:02.700Z,market,trade,WINFUT,182725.0,1,,,,BTG Pactual CTVM S.A.,BTG Pactual CTVM S.A.,,,
2026-03-27T13:16:02.700Z,market,trade,WINFUT,182725.0,1,,,,BTG Pactual CTVM S.A.,BTG Pactual CTVM S.A.,,,
2026-03-27T13:16:02.700Z,market,trade,WINFUT,182730.0,1,,,,UBS BRASIL CCTVM S/A,XP Investimentos CCTVM S/A,,,
2026-03-27T13:16:02.700Z,market,trade,WINFUT,182730.0,4,,,,UBS BRASIL CCTVM S/A,XP Investimentos CCTVM S/A,,,
2026-03-27T13:16:02.700Z,market,trade,WINFUT,182730.0,10,,,,UBS BRASIL CCTVM S/A,GENIAL INSTITUCIONAL CCTVM S.A,,,
2026-03-27T13:16:02.700Z,market,trade,WINFUT,182730.0,3,,,,UBS BRASIL CCTVM S/A,AGORA CTVM S/A,,,
2026-03-27T13:16:02.700Z,market,trade,WINFUT,182725.0,1,,,,BTG Pactual CTVM S.A.,UBS BRASIL CCTVM S/A,,,
2026-03-27T13:16:02.700Z,market,trade,WINFUT,182725.0,2,,,,BTG Pactual CTVM S.A.,UBS BRASIL CCTVM S/A,,,
2026-03-27T13:16:02.700Z,market,trade,WINFUT,182725.0,1,,,,GOLDMAN SACHS DO BRASIL CTVM,UBS BRASIL CCTVM S/A,,,
2026-03-27T13:16:02.700Z,market,trade,WINFUT,182725.0,4,,,,UBS BRASIL CCTVM S/A,UBS BRASIL CCTVM S/A,,,
2026-03-27T13:16:02.700Z,market,trade,WINFUT,182725.0,6,,,,IDEAL CTVM SA,AGORA CTVM S/A,,,
2026-03-27T13:16:02.700Z,market,trade,WINFUT,182725.0,1,,,,IDEAL CTVM SA,AGORA CTVM S/A,,,
2026-03-27T13:16:02.700Z,market,trade,WINFUT,182725.0,2,,,,SANTANDER CORRETORA DE TITULOS E VALORES MOBILIARIOS S.A.,AGORA CTVM S/A,,,
2026-03-27T13:16:02.700Z,market,trade,WINFUT,182725.0,9,,,,INTER DTVM LTDA,INTER DTVM LTDA,,,
2026-03-27T13:16:02.700Z,market,trade,WINFUT,182725.0,1,,,,BTG Pactual CTVM S.A.,BTG Pactual CTVM S.A.,,,
2026-03-27T13:16:02.700Z,market,trade,WINFUT,182725.0,1,,,,XP Investimentos CCTVM S/A,XP Investimentos CCTVM S/A,,,
2026-03-27T13:16:02.700Z,market,trade,WINFUT,182720.0,1,,,,XP Investimentos CCTVM S/A,UBS BRASIL CCTVM S/A,,,
2026-03-27T13:16:02.700Z,market,trade,WINFUT,182720.0,1,,,,BTG Pactual CTVM S.A.,UBS BRASIL CCTVM S/A,,,
2026-03-27T13:16:02.700Z,market,trade,WINFUT,182720.0,1,,,,BTG Pactual CTVM S.A.,UBS BRASIL CCTVM S/A,,,
2026-03-27T13:16:02.700Z,market,trade,WINFUT,182720.0,1,,,,XP Investimentos CCTVM S/A,UBS BRASIL CCTVM S/A,,,
2026-03-27T13:16:02.700Z,market,trade,WINFUT,182720.0,1,,,,BTG Pactual CTVM S.A.,UBS BRASIL CCTVM S/A,,,
2026-03-27T13:16:02.700Z,market,trade,WINFUT,182720.0,5,,,,XP Investimentos CCTVM S/A,UBS BRASIL CCTVM S/A,,,
2026-03-27T13:16:02.700Z,market,trade,WINFUT,182720.0,1,,,,XP Investimentos CCTVM S/A,UBS BRASIL CCTVM S/A,,,
2026-03-27T13:16:02.700Z,market,trade,WINFUT,182720.0,1,,,,XP Investimentos CCTVM S/A,UBS BRASIL CCTVM S/A,,,
2026-03-27T13:16:02.700Z,market,trade,WINFUT,182720.0,1,,,,BTG Pactual CTVM S.A.,UBS BRASIL CCTVM S/A,,,
2026-03-27T13:16:02.700Z,market,trade,WINFUT,182720.0,2,,,,BTG Pactual CTVM S.A.,UBS BRASIL CCTVM S/A,,,
2026-03-27T13:16:02.700Z,market,trade,WINFUT,182720.0,10,,,,BTG Pactual CTVM S.A.,UBS BRASIL CCTVM S/A,,,
2026-03-27T13:16:02.701Z,market,trade,WINFUT,182720.0,5,,,,XP Investimentos CCTVM S/A,XP Investimentos CCTVM S/A,,,
2026-03-27T13:16:02.701Z,market,trade,WINFUT,182720.0,18,,,,SANTANDER CORRETORA DE TITULOS E VALORES MOBILIARIOS S.A.,UBS BRASIL CCTVM S/A,,,
2026-03-27T13:16:02.701Z,market,trade,WINFUT,182720.0,2,,,,SANTANDER CORRETORA DE TITULOS E VALORES MOBILIARIOS S.A.,IDEAL CTVM SA,,,
2026-03-27T13:16:02.701Z,market,trade,WINFUT,182720.0,1,,,,SANTANDER CORRETORA DE TITULOS E VALORES MOBILIARIOS S.A.,IDEAL CTVM SA,,,
2026-03-27T13:16:02.986Z,market,trade,WINFUT,182720.0,1,,,,SANTANDER CORRETORA DE TITULOS E VALORES MOBILIARIOS S.A.,IDEAL CTVM SA,,,
2026-03-27T13:16:02.986Z,market,trade,WINFUT,182720.0,6,,,,SANTANDER CORRETORA DE TITULOS E VALORES MOBILIARIOS S.A.,IDEAL CTVM SA,,,
2026-03-27T13:16:02.986Z,market,trade,WINFUT,182720.0,3,,,,SANTANDER CORRETORA DE TITULOS E VALORES MOBILIARIOS S.A.,IDEAL CTVM SA,,,
2026-03-27T13:16:02.986Z,market,trade,WINFUT,182720.0,1,,,,SANTANDER CORRETORA DE TITULOS E VALORES MOBILIARIOS S.A.,IDEAL CTVM SA,,,
2026-03-27T13:16:02.987Z,market,trade,WINFUT,182720.0,1,,,,GENIAL INSTITUCIONAL CCTVM S.A,IDEAL CTVM SA,,,
2026-03-27T13:16:03.689Z,market,trade,WINFUT,182720.0,2,,,,SANTANDER CORRETORA DE TITULOS E VALORES MOBILIARIOS S.A.,IDEAL CTVM SA,,,
2026-03-27T13:16:03.690Z,market,trade,WINFUT,182720.0,1,,,,SANTANDER CORRETORA DE TITULOS E VALORES MOBILIARIOS S.A.,BTG Pactual CTVM S.A.,,,
2026-03-27T13:16:03.690Z,market,trade,WINFUT,182720.0,1,,,,SANTANDER CORRETORA DE TITULOS E VALORES MOBILIARIOS S.A.,AGORA CTVM S/A,,,
2026-03-27T13:16:03.690Z,market,trade,WINFUT,182720.0,1,,,,SANTANDER CORRETORA DE TITULOS E VALORES MOBILIARIOS S.A.,AGORA CTVM S/A,,,
2026-03-27T13:16:03.690Z,market,trade,WINFUT,182720.0,11,,,,SANTANDER CORRETORA DE TITULOS E VALORES MOBILIARIOS S.A.,IDEAL CTVM SA,,,
2026-03-27T13:16:03.690Z,market,trade,WINFUT,182725.0,1,,,,BTG Pactual CTVM S.A.,IDEAL CTVM SA,,,
2026-03-27T13:16:03.690Z,market,trade,WINFUT,182720.0,4,,,,SANTANDER CORRETORA DE TITULOS E VALORES MOBILIARIOS S.A.,UBS BRASIL CCTVM S/A,,,
2026-03-27T13:16:03.690Z,market,trade,WINFUT,182720.0,1,,,,XP Investimentos CCTVM S/A,UBS BRASIL CCTVM S/A,,,
2026-03-27T13:16:03.690Z,market,trade,WINFUT,182720.0,3,,,,XP Investimentos CCTVM S/A,UBS BRASIL CCTVM S/A,,,
2026-03-27T13:16:03.690Z,market,trade,WINFUT,182720.0,1,,,,BTG Pactual CTVM S.A.,BTG Pactual CTVM S.A.,,,
2026-03-27T13:16:03.690Z,market,trade,WINFUT,182720.0,1,,,,XP Investimentos CCTVM S/A,BTG Pactual CTVM S.A.,,,
2026-03-27T13:16:03.690Z,market,trade,WINFUT,182720.0,1,,,,XP Investimentos CCTVM S/A,BTG Pactual CTVM S.A.,,,
2026-03-27T13:16:03.690Z,market,trade,WINFUT,182720.0,5,,,,XP Investimentos CCTVM S/A,BTG Pactual CTVM S.A.,,,
2026-03-27T13:16:03.690Z,market,trade,WINFUT,182720.0,5,,,,IDEAL CTVM SA,BTG Pactual CTVM S.A.,,,
2026-03-27T13:16:03.690Z,market,trade,WINFUT,182720.0,6,,,,BTG Pactual CTVM S.A.,AGORA CTVM S/A,,,
2026-03-27T13:16:03.690Z,market,trade,WINFUT,182720.0,6,,,,BTG Pactual CTVM S.A.,AGORA CTVM S/A,,,
2026-03-27T13:16:03.690Z,market,trade,WINFUT,182720.0,2,,,,BTG Pactual CTVM S.A.,AGORA CTVM S/A,,,
2026-03-27T13:16:03.690Z,market,trade,WINFUT,182720.0,1,,,,IDEAL CTVM SA,IDEAL CTVM SA,,,
2026-03-27T13:16:03.690Z,market,trade,WINFUT,182720.0,1,,,,IDEAL CTVM SA,AGORA CTVM S/A,,,
2026-03-27T13:16:03.690Z,market,trade,WINFUT,182720.0,18,,,,IDEAL CTVM SA,UBS BRASIL CCTVM S/A,,,
2026-03-27T13:16:03.690Z,market,trade,WINFUT,182725.0,3,,,,XP Investimentos CCTVM S/A,XP Investimentos CCTVM S/A,,,
2026-03-27T13:16:03.690Z,market,trade,WINFUT,182725.0,1,,,,XP Investimentos CCTVM S/A,XP Investimentos CCTVM S/A,,,
2026-03-27T13:16:03.690Z,market,trade,WINFUT,182725.0,2,,,,SANTANDER CORRETORA DE TITULOS E VALORES MOBILIARIOS S.A.,IDEAL CTVM SA,,,
2026-03-27T13:16:03.911Z,market,trade,WINFUT,182725.0,3,,,,BTG Pactual CTVM S.A.,IDEAL CTVM SA,,,
2026-03-27T13:16:03.911Z,market,trade,WINFUT,182725.0,1,,,,XP Investimentos CCTVM S/A,XP Investimentos CCTVM S/A,,,
2026-03-27T13:16:03.911Z,market,trade,WINFUT,182725.0,1,,,,GENIAL INSTITUCIONAL CCTVM S.A,IDEAL CTVM SA,,,
2026-03-27T13:16:03.911Z,market,trade,WINFUT,182725.0,4,,,,GENIAL INSTITUCIONAL CCTVM S.A,IDEAL CTVM SA,,,
2026-03-27T13:16:03.911Z,market,trade,WINFUT,182725.0,5,,,,XP Investimentos CCTVM S/A,XP Investimentos CCTVM S/A,,,
2026-03-27T13:16:03.911Z,market,trade,WINFUT,182720.0,1,,,,XP Investimentos CCTVM S/A,XP Investimentos CCTVM S/A,,,
2026-03-27T13:16:03.911Z,market,trade,WINFUT,182720.0,1,,,,Elliot-Warren,Elliot-Warren,,,
2026-03-27T13:16:03.950Z,market,trade,WINFUT,182720.0,10,,,,XP Investimentos CCTVM S/A,XP Investimentos CCTVM S/A,,,
2026-03-27T13:16:03.950Z,market,trade,WINFUT,182725.0,5,,,,XP Investimentos CCTVM S/A,XP Investimentos CCTVM S/A,,,
2026-03-27T13:16:03.950Z,market,trade,WINFUT,182720.0,1,,,,BTG Pactual CTVM S.A.,BTG Pactual CTVM S.A.,,,
2026-03-27T13:16:03.950Z,market,trade,WINFUT,182725.0,1,,,,XP Investimentos CCTVM S/A,IDEAL CTVM SA,,,
2026-03-27T13:16:04.110Z,market,trade,WINFUT,182725.0,1,,,,SANTANDER CORRETORA DE TITULOS E VALORES MOBILIARIOS S.A.,IDEAL CTVM SA,,,
2026-03-27T13:16:04.191Z,market,trade,WINFUT,182725.0,4,,,,XP Investimentos CCTVM S/A,XP Investimentos CCTVM S/A,,,
2026-03-27T13:16:04.192Z,market,trade,WINFUT,182720.0,1,,,,XP Investimentos CCTVM S/A,XP Investimentos CCTVM S/A,,,
2026-03-27T13:16:04.192Z,market,trade,WINFUT,182725.0,3,,,,GENIAL INSTITUCIONAL CCTVM S.A,IDEAL CTVM SA,,,
2026-03-27T13:16:04.192Z,market,trade,WINFUT,182725.0,1,,,,XP Investimentos CCTVM S/A,XP Investimentos CCTVM S/A,,,
2026-03-27T13:16:04.192Z,market,trade,WINFUT,182720.0,1,,,,XP Investimentos CCTVM S/A,XP Investimentos CCTVM S/A,,,
2026-03-27T13:16:04.192Z,market,trade,WINFUT,182725.0,1,,,,SANTANDER CORRETORA DE TITULOS E VALORES MOBILIARIOS S.A.,IDEAL CTVM SA,,,
2026-03-27T13:16:04.192Z,market,trade,WINFUT,182725.0,1,,,,XP Investimentos CCTVM S/A,XP Investimentos CCTVM S/A,,,
2026-03-27T13:16:04.397Z,market,trade,WINFUT,182725.0,1,,,,GENIAL INSTITUCIONAL CCTVM S.A,AGORA CTVM S/A,,,
2026-03-27T13:16:04.397Z,market,trade,WINFUT,182725.0,1,,,,BTG Pactual CTVM S.A.,BTG Pactual CTVM S.A.,,,
2026-03-27T13:16:04.397Z,market,trade,WINFUT,182725.0,2,,,,GENIAL INSTITUCIONAL CCTVM S.A,AGORA CTVM S/A,,,
2026-03-27T13:16:04.397Z,market,trade,WINFUT,182725.0,1,,,,GENIAL INSTITUCIONAL CCTVM S.A,BTG Pactual CTVM S.A.,,,
2026-03-27T13:16:04.398Z,market,trade,WINFUT,182725.0,1,,,,BTG Pactual CTVM S.A.,BTG Pactual CTVM S.A.,,,
2026-03-27T13:16:04.398Z,market,trade,WINFUT,182725.0,1,,,,BTG Pactual CTVM S.A.,BTG Pactual CTVM S.A.,,,
2026-03-27T13:16:04.398Z,market,trade,WINFUT,182725.0,1,,,,GENIAL INSTITUCIONAL CCTVM S.A,IDEAL CTVM SA,,,
2026-03-27T13:16:04.398Z,market,trade,WINFUT,182720.0,10,,,,XP Investimentos CCTVM S/A,XP Investimentos CCTVM S/A,,,
2026-03-27T13:16:04.398Z,market,trade,WINFUT,182725.0,1,,,,BTG Pactual CTVM S.A.,AGORA CTVM S/A,,,
2026-03-27T13:16:04.398Z,market,trade,WINFUT,182725.0,5,,,,IDEAL CTVM SA,IDEAL CTVM SA,,,
2026-03-27T13:16:04.398Z,market,trade,WINFUT,182725.0,1,,,,IDEAL CTVM SA,AGORA CTVM S/A,,,
2026-03-27T13:16:04.398Z,market,trade,WINFUT,182725.0,1,,,,IDEAL CTVM SA,AGORA CTVM S/A,,,
2026-03-27T13:16:04.398Z,market,trade,WINFUT,182725.0,1,,,,IDEAL CTVM SA,AGORA CTVM S/A,,,
2026-03-27T13:16:04.398Z,market,trade,WINFUT,182725.0,2,,,,IDEAL CTVM SA,AGORA CTVM S/A,,,
2026-03-27T13:16:04.398Z,market,trade,WINFUT,182725.0,1,,,,IDEAL CTVM SA,IDEAL CTVM SA,,,
2026-03-27T13:16:04.398Z,market,trade,WINFUT,182725.0,1,,,,IDEAL CTVM SA,UBS BRASIL CCTVM S/A,,,
2026-03-27T13:16:04.398Z,market,trade,WINFUT,182725.0,5,,,,XP Investimentos CCTVM S/A,UBS BRASIL CCTVM S/A,,,
2026-03-27T13:16:04.398Z,market,trade,WINFUT,182725.0,8,,,,IDEAL CTVM SA,UBS BRASIL CCTVM S/A,,,
2026-03-27T13:16:04.568Z,market,trade,WINFUT,182730.0,1,,,,BTG Pactual CTVM S.A.,BTG Pactual CTVM S.A.,,,
2026-03-27T13:16:04.568Z,market,trade,WINFUT,182730.0,1,,,,XP Investimentos CCTVM S/A,XP Investimentos CCTVM S/A,,,
2026-03-27T13:16:04.568Z,market,trade,WINFUT,182725.0,2,,,,XP Investimentos CCTVM S/A,XP Investimentos CCTVM S/A,,,
2026-03-27T13:16:04.568Z,market,trade,WINFUT,182730.0,1,,,,GENIAL INSTITUCIONAL CCTVM S.A,IDEAL CTVM SA,,,
2026-03-27T13:16:04.857Z,market,trade,WINFUT,182730.0,3,,,,XP Investimentos CCTVM S/A,XP Investimentos CCTVM S/A,,,
2026-03-27T13:16:04.857Z,market,trade,WINFUT,182730.0,2,,,,XP Investimentos CCTVM S/A,XP Investimentos CCTVM S/A,,,
2026-03-27T13:16:04.857Z,market,trade,WINFUT,182730.0,1,,,,GENIAL INSTITUCIONAL CCTVM S.A,IDEAL CTVM SA,,,
2026-03-27T13:16:04.857Z,market,trade,WINFUT,182725.0,1,,,,BTG Pactual CTVM S.A.,SANTANDER CORRETORA DE TITULOS E VALORES MOBILIARIOS S.A.,,,
2026-03-27T13:16:04.857Z,market,trade,WINFUT,182725.0,11,,,,IDEAL CTVM SA,SANTANDER CORRETORA DE TITULOS E VALORES MOBILIARIOS S.A.,,,
2026-03-27T13:16:04.857Z,market,trade,WINFUT,182725.0,5,,,,UBS BRASIL CCTVM S/A,SANTANDER CORRETORA DE TITULOS E VALORES MOBILIARIOS S.A.,,,
2026-03-27T13:16:04.857Z,market,trade,WINFUT,182730.0,8,,,,XP Investimentos CCTVM S/A,XP Investimentos CCTVM S/A,,,
2026-03-27T13:16:04.857Z,market,trade,WINFUT,182725.0,14,,,,XP Investimentos CCTVM S/A,XP Investimentos CCTVM S/A,,,
2026-03-27T13:16:04.857Z,market,trade,WINFUT,182725.0,13,,,,UBS BRASIL CCTVM S/A,XP Investimentos CCTVM S/A,,,
2026-03-27T13:16:04.857Z,market,trade,WINFUT,182725.0,3,,,,XP Investimentos CCTVM S/A,XP Investimentos CCTVM S/A,,,
2026-03-27T13:16:04.857Z,market,trade,WINFUT,182725.0,1,,,,XP Investimentos CCTVM S/A,SANTANDER CORRETORA DE TITULOS E VALORES MOBILIARIOS S.A.,,,
2026-03-27T13:16:04.857Z,market,trade,WINFUT,182730.0,1,,,,XP Investimentos CCTVM S/A,XP Investimentos CCTVM S/A,,,
2026-03-27T13:16:05.001Z,market,trade,WINFUT,182725.0,1,,,,Elliot-Warren,Elliot-Warren,,,
2026-03-27T13:16:05.001Z,market,trade,WINFUT,182725.0,1,,,,XP Investimentos CCTVM S/A,XP Investimentos CCTVM S/A,,,
2026-03-27T13:16:05.001Z,market,trade,WINFUT,182730.0,1,,,,SANTANDER CORRETORA DE TITULOS E VALORES MOBILIARIOS S.A.,IDEAL CTVM SA,,,
2026-03-27T13:16:05.001Z,market,trade,WINFUT,182725.0,2,,,,XP Investimentos CCTVM S/A,XP Investimentos CCTVM S/A,,,
2026-03-27T13:16:05.001Z,market,trade,WINFUT,182725.0,1,,,,XP Investimentos CCTVM S/A,Elliot-Warren,,,
2026-03-27T13:16:05.001Z,market,trade,WINFUT,182725.0,1,,,,XP Investimentos CCTVM S/A,Elliot-Warren,,,
2026-03-27T13:16:05.001Z,market,trade,WINFUT,182725.0,11,,,,IDEAL CTVM SA,Elliot-Warren,,,
2026-03-27T13:16:05.001Z,market,trade,WINFUT,182725.0,7,,,,IDEAL CTVM SA,Elliot-Warren,,,
2026-03-27T13:16:05.001Z,market,trade,WINFUT,182725.0,7,,,,IDEAL CTVM SA,Elliot-Warren,,,
2026-03-27T13:16:05.001Z,market,trade,WINFUT,182725.0,1,,,,XP Investimentos CCTVM S/A,Elliot-Warren,,,
2026-03-27T13:16:05.001Z,market,trade,WINFUT,182725.0,1,,,,BTG Pactual CTVM S.A.,Elliot-Warren,,,
2026-03-27T13:16:05.001Z,market,trade,WINFUT,182725.0,11,,,,IDEAL CTVM SA,Elliot-Warren,,,
2026-03-27T13:16:05.001Z,market,trade,WINFUT,182725.0,5,,,,XP Investimentos CCTVM S/A,Elliot-Warren,,,
2026-03-27T13:16:05.001Z,market,trade,WINFUT,182725.0,1,,,,XP Investimentos CCTVM S/A,Elliot-Warren,,,
2026-03-27T13:16:05.001Z,market,trade,WINFUT,182725.0,4,,,,UBS BRASIL CCTVM S/A,Elliot-Warren,,,
2026-03-27T13:16:05.029Z,market,trade,WINFUT,182720.0,12,,,,IDEAL CTVM SA,UBS BRASIL CCTVM S/A,,,
2026-03-27T13:16:05.029Z,market,trade,WINFUT,182720.0,1,,,,XP Investimentos CCTVM S/A,UBS BRASIL CCTVM S/A,,,
2026-03-27T13:16:05.029Z,market,trade,WINFUT,182720.0,1,,,,BTG Pactual CTVM S.A.,UBS BRASIL CCTVM S/A,,,
2026-03-27T13:16:05.029Z,market,trade,WINFUT,182720.0,1,,,,XP Investimentos CCTVM S/A,UBS BRASIL CCTVM S/A,,,
2026-03-27T13:16:05.029Z,market,trade,WINFUT,182720.0,1,,,,XP Investimentos CCTVM S/A,UBS BRASIL CCTVM S/A,,,
2026-03-27T13:16:05.029Z,market,trade,WINFUT,182720.0,1,,,,BTG Pactual CTVM S.A.,UBS BRASIL CCTVM S/A,,,
2026-03-27T13:16:05.029Z,market,trade,WINFUT,182720.0,1,,,,BTG Pactual CTVM S.A.,UBS BRASIL CCTVM S/A,,,
2026-03-27T13:16:05.029Z,market,trade,WINFUT,182720.0,18,,,,BTG Pactual CTVM S.A.,UBS BRASIL CCTVM S/A,,,
2026-03-27T13:16:05.029Z,market,trade,WINFUT,182720.0,1,,,,BTG Pactual CTVM S.A.,XP Investimentos CCTVM S/A,,,
2026-03-27T13:16:05.029Z,market,trade,WINFUT,182720.0,4,,,,BTG Pactual CTVM S.A.,IDEAL CTVM SA,,,
2026-03-27T13:16:05.029Z,market,trade,WINFUT,182720.0,1,,,,XP Investimentos CCTVM S/A,XP Investimentos CCTVM S/A,,,
2026-03-27T13:16:05.029Z,market,trade,WINFUT,182720.0,1,,,,XP Investimentos CCTVM S/A,XP Investimentos CCTVM S/A,,,
2026-03-27T13:16:05.142Z,market,trade,WINFUT,182725.0,1,,,,XP Investimentos CCTVM S/A,XP Investimentos CCTVM S/A,,,
2026-03-27T13:16:05.142Z,market,trade,WINFUT,182725.0,1,,,,BTG Pactual CTVM S.A.,BTG Pactual CTVM S.A.,,,
2026-03-27T13:16:05.142Z,market,trade,WINFUT,182720.0,1,,,,BTG Pactual CTVM S.A.,IDEAL CTVM SA,,,
2026-03-27T13:16:05.142Z,market,trade,WINFUT,182720.0,3,,,,BTG Pactual CTVM S.A.,IDEAL CTVM SA,,,
2026-03-27T13:16:05.142Z,market,trade,WINFUT,182720.0,1,,,,XP Investimentos CCTVM S/A,IDEAL CTVM SA,,,
2026-03-27T13:16:05.142Z,market,trade,WINFUT,182720.0,18,,,,UBS BRASIL CCTVM S/A,IDEAL CTVM SA,,,
2026-03-27T13:16:05.142Z,market,trade,WINFUT,182720.0,1,,,,XP Investimentos CCTVM S/A,IDEAL CTVM SA,,,
2026-03-27T13:16:05.142Z,market,trade,WINFUT,182720.0,5,,,,XP Investimentos CCTVM S/A,IDEAL CTVM SA,,,
2026-03-27T13:16:05.142Z,market,trade,WINFUT,182720.0,1,,,,BTG Pactual CTVM S.A.,IDEAL CTVM SA,,,
2026-03-27T13:16:05.142Z,market,trade,WINFUT,182720.0,1,,,,XP Investimentos CCTVM S/A,IDEAL CTVM SA,,,
2026-03-27T13:16:05.142Z,market,trade,WINFUT,182720.0,1,,,,BTG Pactual CTVM S.A.,IDEAL CTVM SA,,,
2026-03-27T13:16:05.493Z,market,trade,WINFUT,182720.0,4,,,,GENIAL INSTITUCIONAL CCTVM S.A,GENIAL INSTITUCIONAL CCTVM S.A,,,
2026-03-27T13:16:05.493Z,market,trade,WINFUT,182715.0,1,,,,GENIAL INSTITUCIONAL CCTVM S.A,GENIAL INSTITUCIONAL CCTVM S.A,,,
2026-03-27T13:16:05.493Z,market,trade,WINFUT,182720.0,2,,,,XP Investimentos CCTVM S/A,XP Investimentos CCTVM S/A,,,
2026-03-27T13:16:05.493Z,market,trade,WINFUT,182720.0,4,,,,GENIAL INSTITUCIONAL CCTVM S.A,AGORA CTVM S/A,,,
2026-03-27T13:16:05.493Z,market,trade,WINFUT,182720.0,1,,,,GENIAL INSTITUCIONAL CCTVM S.A,AGORA CTVM S/A,,,
2026-03-27T13:16:05.494Z,market,trade,WINFUT,182720.0,1,,,,XP Investimentos CCTVM S/A,XP Investimentos CCTVM S/A,,,
2026-03-27T13:16:05.494Z,market,trade,WINFUT,182720.0,1,,,,GENIAL INSTITUCIONAL CCTVM S.A,BTG Pactual CTVM S.A.,,,
2026-03-27T13:16:05.494Z,market,trade,WINFUT,182720.0,1,,,,GENIAL INSTITUCIONAL CCTVM S.A,IDEAL CTVM SA,,,
2026-03-27T13:16:05.567Z,market,trade,WINFUT,182720.0,1,,,,XP Investimentos CCTVM S/A,XP Investimentos CCTVM S/A,,,
2026-03-27T13:16:05.570Z,market,trade,WINFUT,182720.0,1,,,,GOLDMAN SACHS DO BRASIL CTVM,IDEAL CTVM SA,,,
2026-03-27T13:16:05.570Z,market,trade,WINFUT,182720.0,1,,,,XP Investimentos CCTVM S/A,XP Investimentos CCTVM S/A,,,
2026-03-27T13:16:05.570Z,market,trade,WINFUT,182715.0,1,,,,BTG Pactual CTVM S.A.,UBS BRASIL CCTVM S/A,,,
2026-03-27T13:16:05.570Z,market,trade,WINFUT,182715.0,1,,,,BTG Pactual CTVM S.A.,UBS BRASIL CCTVM S/A,,,
2026-03-27T13:16:05.570Z,market,trade,WINFUT,182715.0,1,,,,BTG Pactual CTVM S.A.,UBS BRASIL CCTVM S/A,,,
2026-03-27T13:16:05.570Z,market,trade,WINFUT,182715.0,1,,,,XP Investimentos CCTVM S/A,UBS BRASIL CCTVM S/A,,,
2026-03-27T13:16:05.570Z,market,trade,WINFUT,182715.0,1,,,,BTG Pactual CTVM S.A.,UBS BRASIL CCTVM S/A,,,
2026-03-27T13:16:05.570Z,market,trade,WINFUT,182715.0,4,,,,BTG Pactual CTVM S.A.,UBS BRASIL CCTVM S/A,,,
2026-03-27T13:16:05.570Z,market,trade,WINFUT,182715.0,1,,,,XP Investimentos CCTVM S/A,UBS BRASIL CCTVM S/A,,,
2026-03-27T13:16:05.570Z,market,trade,WINFUT,182715.0,1,,,,NOVA FUTURA CTVM LTDA,UBS BRASIL CCTVM S/A,,,
2026-03-27T13:16:05.570Z,market,trade,WINFUT,182715.0,6,,,,XP Investimentos CCTVM S/A,XP Investimentos CCTVM S/A,,,
2026-03-27T13:16:05.571Z,market,trade,WINFUT,182710.0,5,,,,XP Investimentos CCTVM S/A,UBS BRASIL CCTVM S/A,,,
2026-03-27T13:16:05.571Z,market,trade,WINFUT,182710.0,1,,,,XP Investimentos CCTVM S/A,UBS BRASIL CCTVM S/A,,,
2026-03-27T13:16:05.571Z,market,trade,WINFUT,182710.0,1,,,,BTG Pactual CTVM S.A.,UBS BRASIL CCTVM S/A,,,
2026-03-27T13:16:05.571Z,market,trade,WINFUT,182710.0,11,,,,IDEAL CTVM SA,UBS BRASIL CCTVM S/A,,,
2026-03-27T13:16:05.571Z,market,trade,WINFUT,182710.0,11,,,,IDEAL CTVM SA,UBS BRASIL CCTVM S/A,,,
2026-03-27T13:16:05.571Z,market,trade,WINFUT,182710.0,1,,,,XP Investimentos CCTVM S/A,UBS BRASIL CCTVM S/A,,,
2026-03-27T13:16:05.571Z,market,trade,WINFUT,182710.0,5,,,,XP Investimentos CCTVM S/A,UBS BRASIL CCTVM S/A,,,
2026-03-27T13:16:05.571Z,market,trade,WINFUT,182710.0,1,,,,XP Investimentos CCTVM S/A,UBS BRASIL CCTVM S/A,,,
2026-03-27T13:16:05.571Z,market,trade,WINFUT,182710.0,5,,,,XP Investimentos CCTVM S/A,UBS BRASIL CCTVM S/A,,,
2026-03-27T13:16:05.571Z,market,trade,WINFUT,182710.0,1,,,,XP Investimentos CCTVM S/A,UBS BRASIL CCTVM S/A,,,
2026-03-27T13:16:05.571Z,market,trade,WINFUT,182710.0,1,,,,BTG Pactual CTVM S.A.,UBS BRASIL CCTVM S/A,,,
2026-03-27T13:16:05.571Z,market,trade,WINFUT,182710.0,2,,,,IDEAL CTVM SA,UBS BRASIL CCTVM S/A,,,
2026-03-27T13:16:05.571Z,market,trade,WINFUT,182710.0,1,,,,XP Investimentos CCTVM S/A,UBS BRASIL CCTVM S/A,,,
2026-03-27T13:16:05.571Z,market,trade,WINFUT,182710.0,3,,,,IDEAL CTVM SA,UBS BRASIL CCTVM S/A,,,
2026-03-27T13:16:05.571Z,market,trade,WINFUT,182710.0,1,,,,XP Investimentos CCTVM S/A,UBS BRASIL CCTVM S/A,,,
2026-03-27T13:16:05.571Z,market,trade,WINFUT,182710.0,3,,,,BTG Pactual CTVM S.A.,UBS BRASIL CCTVM S/A,,,
2026-03-27T13:16:05.571Z,market,trade,WINFUT,182710.0,1,,,,BTG Pactual CTVM S.A.,UBS BRASIL CCTVM S/A,,,
2026-03-27T13:16:05.571Z,market,trade,WINFUT,182710.0,1,,,,AGORA CTVM S/A,UBS BRASIL CCTVM S/A,,,
2026-03-27T13:16:05.571Z,market,trade,WINFUT,182710.0,1,,,,XP Investimentos CCTVM S/A,UBS BRASIL CCTVM S/A,,,
2026-03-27T13:16:05.571Z,market,trade,WINFUT,182710.0,1,,,,GENIAL INSTITUCIONAL CCTVM S.A,UBS BRASIL CCTVM S/A,,,
2026-03-27T13:16:05.571Z,market,trade,WINFUT,182710.0,1,,,,XP Investimentos CCTVM S/A,UBS BRASIL CCTVM S/A,,,
2026-03-27T13:16:05.571Z,market,trade,WINFUT,182710.0,1,,,,GOLDMAN SACHS DO BRASIL CTVM,UBS BRASIL CCTVM S/A,,,
2026-03-27T13:16:05.571Z,market,trade,WINFUT,182710.0,1,,,,AGORA CTVM S/A,UBS BRASIL CCTVM S/A,,,
2026-03-27T13:16:05.571Z,market,trade,WINFUT,182710.0,1,,,,XP Investimentos CCTVM S/A,UBS BRASIL CCTVM S/A,,,
2026-03-27T13:16:05.571Z,market,trade,WINFUT,182710.0,3,,,,XP Investimentos CCTVM S/A,UBS BRASIL CCTVM S/A,,,
2026-03-27T13:16:05.571Z,market,trade,WINFUT,182710.0,1,,,,AGORA CTVM S/A,UBS BRASIL CCTVM S/A,,,
2026-03-27T13:16:05.571Z,market,trade,WINFUT,182710.0,1,,,,GENIAL INSTITUCIONAL CCTVM S.A,UBS BRASIL CCTVM S/A,,,
2026-03-27T13:16:05.571Z,market,trade,WINFUT,182710.0,2,,,,BTG Pactual CTVM S.A.,UBS BRASIL CCTVM S/A,,,
2026-03-27T13:16:05.571Z,market,trade,WINFUT,182710.0,5,,,,GENIAL INSTITUCIONAL CCTVM S.A,UBS BRASIL CCTVM S/A,,,
2026-03-27T13:16:05.571Z,market,trade,WINFUT,182710.0,1,,,,GENIAL INSTITUCIONAL CCTVM S.A,UBS BRASIL CCTVM S/A,,,
2026-03-27T13:16:05.571Z,market,trade,WINFUT,182705.0,1,,,,XP Investimentos CCTVM S/A,GENIAL INSTITUCIONAL CCTVM S.A,,,
2026-03-27T13:16:05.571Z,market,trade,WINFUT,182710.0,4,,,,Elliot-Warren,Elliot-Warren,,,
2026-03-27T13:16:05.571Z,market,trade,WINFUT,182710.0,1,,,,CM Capital Markets CCTVM LTDA,CM Capital Markets CCTVM LTDA,,,
2026-03-27T13:16:05.571Z,market,trade,WINFUT,182710.0,1,,,,CM Capital Markets CCTVM LTDA,CM Capital Markets CCTVM LTDA,,,
2026-03-27T13:16:05.572Z,market,trade,WINFUT,182705.0,1,,,,BTG Pactual CTVM S.A.,UBS BRASIL CCTVM S/A,,,
2026-03-27T13:16:05.572Z,market,trade,WINFUT,182705.0,1,,,,BTG Pactual CTVM S.A.,UBS BRASIL CCTVM S/A,,,
2026-03-27T13:16:05.572Z,market,trade,WINFUT,182705.0,3,,,,BTG Pactual CTVM S.A.,UBS BRASIL CCTVM S/A,,,
2026-03-27T13:16:05.572Z,market,trade,WINFUT,182705.0,1,,,,BTG Pactual CTVM S.A.,UBS BRASIL CCTVM S/A,,,
2026-03-27T13:16:05.572Z,market,trade,WINFUT,182705.0,1,,,,AGORA CTVM S/A,UBS BRASIL CCTVM S/A,,,
2026-03-27T13:16:05.572Z,market,trade,WINFUT,182705.0,1,,,,SANTANDER CORRETORA DE TITULOS E VALORES MOBILIARIOS S.A.,UBS BRASIL CCTVM S/A,,,
2026-03-27T13:16:05.572Z,market,trade,WINFUT,182705.0,1,,,,BTG Pactual CTVM S.A.,UBS BRASIL CCTVM S/A,,,
2026-03-27T13:16:05.572Z,market,trade,WINFUT,182705.0,10,,,,BTG Pactual CTVM S.A.,UBS BRASIL CCTVM S/A,,,
2026-03-27T13:16:05.572Z,market,trade,WINFUT,182705.0,3,,,,XP Investimentos CCTVM S/A,UBS BRASIL CCTVM S/A,,,
2026-03-27T13:16:05.572Z,market,trade,WINFUT,182700.0,1,,,,XP Investimentos CCTVM S/A,UBS BRASIL CCTVM S/A,,,
2026-03-27T13:16:05.572Z,market,trade,WINFUT,182700.0,1,,,,XP Investimentos CCTVM S/A,UBS BRASIL CCTVM S/A,,,
2026-03-27T13:16:05.572Z,market,trade,WINFUT,182700.0,1,,,,BTG Pactual CTVM S.A.,UBS BRASIL CCTVM S/A,,,
2026-03-27T13:16:05.572Z,market,trade,WINFUT,182700.0,1,,,,BTG Pactual CTVM S.A.,UBS BRASIL CCTVM S/A,,,
2026-03-27T13:16:05.572Z,market,trade,WINFUT,182700.0,1,,,,XP Investimentos CCTVM S/A,UBS BRASIL CCTVM S/A,,,
2026-03-27T13:16:05.572Z,market,trade,WINFUT,182700.0,2,,,,BTG Pactual CTVM S.A.,UBS BRASIL CCTVM S/A,,,
2026-03-27T13:16:05.572Z,market,trade,WINFUT,182700.0,1,,,,BTG Pactual CTVM S.A.,UBS BRASIL CCTVM S/A,,,
2026-03-27T13:16:05.572Z,market,trade,WINFUT,182700.0,1,,,,BTG Pactual CTVM S.A.,UBS BRASIL CCTVM S/A,,,
2026-03-27T13:16:05.572Z,market,trade,WINFUT,182700.0,1,,,,XP Investimentos CCTVM S/A,UBS BRASIL CCTVM S/A,,,
2026-03-27T13:16:05.572Z,market,trade,WINFUT,182700.0,1,,,,Santander CCVM S/A,UBS BRASIL CCTVM S/A,,,
2026-03-27T13:16:05.572Z,market,trade,WINFUT,182700.0,6,,,,GENIAL INSTITUCIONAL CCTVM S.A,UBS BRASIL CCTVM S/A,,,
2026-03-27T13:16:05.572Z,market,trade,WINFUT,182700.0,5,,,,IDEAL CTVM SA,UBS BRASIL CCTVM S/A,,,
2026-03-27T13:16:05.572Z,market,trade,WINFUT,182700.0,1,,,,AGORA CTVM S/A,UBS BRASIL CCTVM S/A,,,
2026-03-27T13:16:05.572Z,market,trade,WINFUT,182700.0,1,,,,ATIVA INVESTIMENTOS S.A. CTCV,UBS BRASIL CCTVM S/A,,,
2026-03-27T13:16:05.572Z,market,trade,WINFUT,182700.0,1,,,,ATIVA INVESTIMENTOS S.A. CTCV,UBS BRASIL CCTVM S/A,,,
2026-03-27T13:16:05.572Z,market,trade,WINFUT,182700.0,2,,,,SANTANDER CORRETORA DE TITULOS E VALORES MOBILIARIOS S.A.,UBS BRASIL CCTVM S/A,,,
2026-03-27T13:16:05.572Z,market,trade,WINFUT,182700.0,1,,,,GENIAL INSTITUCIONAL CCTVM S.A,UBS BRASIL CCTVM S/A,,,
2026-03-27T13:16:05.572Z,market,trade,WINFUT,182700.0,2,,,,CM Capital Markets CCTVM LTDA,UBS BRASIL CCTVM S/A,,,
2026-03-27T13:16:05.572Z,market,trade,WINFUT,182700.0,2,,,,XP Investimentos CCTVM S/A,UBS BRASIL CCTVM S/A,,,
2026-03-27T13:16:05.573Z,market,trade,WINFUT,182700.0,2,,,,INTER DTVM LTDA,UBS BRASIL CCTVM S/A,,,
2026-03-27T13:16:05.573Z,market,trade,WINFUT,182700.0,1,,,,SANTANDER CORRETORA DE TITULOS E VALORES MOBILIARIOS S.A.,UBS BRASIL CCTVM S/A,,,
2026-03-27T13:16:05.573Z,market,trade,WINFUT,182700.0,5,,,,NOVA FUTURA CTVM LTDA,UBS BRASIL CCTVM S/A,,,
2026-03-27T13:16:05.573Z,market,trade,WINFUT,182700.0,10,,,,XP Investimentos CCTVM S/A,UBS BRASIL CCTVM S/A,,,
2026-03-27T13:16:05.573Z,market,trade,WINFUT,182700.0,1,,,,GENIAL INSTITUCIONAL CCTVM S.A,UBS BRASIL CCTVM S/A,,,
2026-03-27T13:16:05.573Z,market,trade,WINFUT,182700.0,2,,,,GENIAL INSTITUCIONAL CCTVM S.A,IDEAL CTVM SA,,,
2026-03-27T13:16:05.573Z,market,trade,WINFUT,182700.0,1,,,,XP Investimentos CCTVM S/A,IDEAL CTVM SA,,,
2026-03-27T13:16:05.573Z,market,trade,WINFUT,182700.0,1,,,,IDEAL CTVM SA,IDEAL CTVM SA,,,
2026-03-27T13:16:05.573Z,market,trade,WINFUT,182695.0,1,,,,BTG Pactual CTVM S.A.,BTG Pactual CTVM S.A.,,,
2026-03-27T13:16:05.573Z,market,trade,WINFUT,182695.0,1,,,,GENIAL INSTITUCIONAL CCTVM S.A,GENIAL INSTITUCIONAL CCTVM S.A,,,
2026-03-27T13:16:05.573Z,market,trade,WINFUT,182695.0,2,,,,XP Investimentos CCTVM S/A,TERRA INVESTIMENTOS DTVM LTDA,,,
2026-03-27T13:16:05.573Z,market,trade,WINFUT,182695.0,2,,,,XP Investimentos CCTVM S/A,TERRA INVESTIMENTOS DTVM LTDA,,,
2026-03-27T13:16:05.573Z,market,trade,WINFUT,182695.0,1,,,,GENIAL INSTITUCIONAL CCTVM S.A,GENIAL INSTITUCIONAL CCTVM S.A,,,
2026-03-27T13:16:05.573Z,market,trade,WINFUT,182695.0,2,,,,XP Investimentos CCTVM S/A,XP Investimentos CCTVM S/A,,,
2026-03-27T13:16:05.573Z,market,trade,WINFUT,182695.0,1,,,,XP Investimentos CCTVM S/A,XP Investimentos CCTVM S/A,,,
2026-03-27T13:16:05.573Z,market,trade,WINFUT,182695.0,1,,,,XP Investimentos CCTVM S/A,XP Investimentos CCTVM S/A,,,
2026-03-27T13:16:05.574Z,market,trade,WINFUT,182695.0,10,,,,BTG Pactual CTVM S.A.,BTG Pactual CTVM S.A.,,,
2026-03-27T13:16:05.574Z,market,trade,WINFUT,182695.0,1,,,,BTG Pactual CTVM S.A.,BTG Pactual CTVM S.A.,,,
2026-03-27T13:16:05.574Z,market,trade,WINFUT,182700.0,1,,,,XP Investimentos CCTVM S/A,XP Investimentos CCTVM S/A,,,
2026-03-27T13:16:06.019Z,market,trade,WINFUT,182695.0,1,,,,BTG Pactual CTVM S.A.,BTG Pactual CTVM S.A.,,,
2026-03-27T13:16:06.019Z,market,trade,WINFUT,182700.0,1,,,,XP Investimentos CCTVM S/A,XP Investimentos CCTVM S/A,,,
2026-03-27T13:16:06.019Z,market,trade,WINFUT,182700.0,1,,,,XP Investimentos CCTVM S/A,XP Investimentos CCTVM S/A,,,
2026-03-27T13:16:06.019Z,market,trade,WINFUT,182695.0,1,,,,XP Investimentos CCTVM S/A,SANTANDER CORRETORA DE TITULOS E VALORES MOBILIARIOS S.A.,,,
2026-03-27T13:16:06.019Z,market,trade,WINFUT,182695.0,1,,,,XP Investimentos CCTVM S/A,UBS BRASIL CCTVM S/A,,,
2026-03-27T13:16:06.019Z,market,trade,WINFUT,182695.0,10,,,,IDEAL CTVM SA,UBS BRASIL CCTVM S/A,,,
2026-03-27T13:16:06.019Z,market,trade,WINFUT,182695.0,11,,,,IDEAL CTVM SA,UBS BRASIL CCTVM S/A,,,
2026-03-27T13:16:06.019Z,market,trade,WINFUT,182695.0,1,,,,XP Investimentos CCTVM S/A,UBS BRASIL CCTVM S/A,,,
2026-03-27T13:16:06.019Z,market,trade,WINFUT,182695.0,5,,,,XP Investimentos CCTVM S/A,UBS BRASIL CCTVM S/A,,,
2026-03-27T13:16:06.019Z,market,trade,WINFUT,182695.0,1,,,,BTG Pactual CTVM S.A.,UBS BRASIL CCTVM S/A,,,
2026-03-27T13:16:06.019Z,market,trade,WINFUT,182695.0,4,,,,BTG Pactual CTVM S.A.,UBS BRASIL CCTVM S/A,,,
2026-03-27T13:16:06.019Z,market,trade,WINFUT,182695.0,2,,,,BTG Pactual CTVM S.A.,UBS BRASIL CCTVM S/A,,,
2026-03-27T13:16:06.019Z,market,trade,WINFUT,182695.0,2,,,,XP Investimentos CCTVM S/A,UBS BRASIL CCTVM S/A,,,
2026-03-27T13:16:06.019Z,market,trade,WINFUT,182695.0,1,,,,AGORA CTVM S/A,UBS BRASIL CCTVM S/A,,,
2026-03-27T13:16:06.019Z,market,trade,WINFUT,182695.0,1,,,,XP Investimentos CCTVM S/A,UBS BRASIL CCTVM S/A,,,
2026-03-27T13:16:06.019Z,market,trade,WINFUT,182695.0,1,,,,XP Investimentos CCTVM S/A,UBS BRASIL CCTVM S/A,,,
2026-03-27T13:16:06.020Z,market,trade,WINFUT,182695.0,1,,,,AGORA CTVM S/A,UBS BRASIL CCTVM S/A,,,
2026-03-27T13:16:06.020Z,market,trade,WINFUT,182695.0,2,,,,GENIAL INSTITUCIONAL CCTVM S.A,UBS BRASIL CCTVM S/A,,,
2026-03-27T13:16:06.020Z,market,trade,WINFUT,182695.0,10,,,,XP Investimentos CCTVM S/A,UBS BRASIL CCTVM S/A,,,
2026-03-27T13:16:06.020Z,market,trade,WINFUT,182695.0,1,,,,XP Investimentos CCTVM S/A,UBS BRASIL CCTVM S/A,,,
2026-03-27T13:16:06.020Z,market,trade,WINFUT,182695.0,5,,,,GENIAL INSTITUCIONAL CCTVM S.A,UBS BRASIL CCTVM S/A,,,
2026-03-27T13:16:06.020Z,market,trade,WINFUT,182695.0,5,,,,NOVA FUTURA CTVM LTDA,UBS BRASIL CCTVM S/A,,,
2026-03-27T13:16:06.020Z,market,trade,WINFUT,182695.0,1,,,,GENIAL INSTITUCIONAL CCTVM S.A,UBS BRASIL CCTVM S/A,,,
2026-03-27T13:16:06.020Z,market,trade,WINFUT,182695.0,5,,,,NOVA FUTURA CTVM LTDA,UBS BRASIL CCTVM S/A,,,
2026-03-27T13:16:06.020Z,market,trade,WINFUT,182695.0,1,,,,XP Investimentos CCTVM S/A,UBS BRASIL CCTVM S/A,,,
2026-03-27T13:16:06.020Z,market,trade,WINFUT,182695.0,1,,,,XP Investimentos CCTVM S/A,UBS BRASIL CCTVM S/A,,,
2026-03-27T13:16:06.020Z,market,trade,WINFUT,182695.0,1,,,,BTG Pactual CTVM S.A.,UBS BRASIL CCTVM S/A,,,
2026-03-27T13:16:06.294Z,market,trade,WINFUT,182690.0,1,,,,XP Investimentos CCTVM S/A,UBS BRASIL CCTVM S/A,,,
2026-03-27T13:16:06.294Z,market,trade,WINFUT,182690.0,1,,,,XP Investimentos CCTVM S/A,UBS BRASIL CCTVM S/A,,,
2026-03-27T13:16:06.294Z,market,trade,WINFUT,182690.0,1,,,,XP Investimentos CCTVM S/A,UBS BRASIL CCTVM S/A,,,
2026-03-27T13:16:06.295Z,market,trade,WINFUT,182690.0,2,,,,BTG Pactual CTVM S.A.,UBS BRASIL CCTVM S/A,,,
2026-03-27T13:16:06.295Z,market,trade,WINFUT,182690.0,1,,,,AGORA CTVM S/A,UBS BRASIL CCTVM S/A,,,
2026-03-27T13:16:06.295Z,market,trade,WINFUT,182690.0,1,,,,IDEAL CTVM SA,UBS BRASIL CCTVM S/A,,,
2026-03-27T13:16:06.295Z,market,trade,WINFUT,182690.0,1,,,,ATIVA INVESTIMENTOS S.A. CTCV,UBS BRASIL CCTVM S/A,,,
2026-03-27T13:16:06.295Z,market,trade,WINFUT,182690.0,1,,,,ATIVA INVESTIMENTOS S.A. CTCV,UBS BRASIL CCTVM S/A,,,
2026-03-27T13:16:06.295Z,market,trade,WINFUT,182690.0,1,,,,ATIVA INVESTIMENTOS S.A. CTCV,UBS BRASIL CCTVM S/A,,,
2026-03-27T13:16:06.295Z,market,trade,WINFUT,182690.0,1,,,,SANTANDER CORRETORA DE TITULOS E VALORES MOBILIARIOS S.A.,UBS BRASIL CCTVM S/A,,,
2026-03-27T13:16:06.295Z,market,trade,WINFUT,182690.0,7,,,,NOVA FUTURA CTVM LTDA,UBS BRASIL CCTVM S/A,,,
2026-03-27T13:16:06.295Z,market,trade,WINFUT,182690.0,1,,,,NOVA FUTURA CTVM LTDA,GENIAL INSTITUCIONAL CCTVM S.A,,,
2026-03-27T13:16:06.295Z,market,trade,WINFUT,182690.0,1,,,,NOVA FUTURA CTVM LTDA,GENIAL INSTITUCIONAL CCTVM S.A,,,
2026-03-27T13:16:06.296Z,market,trade,WINFUT,182690.0,11,,,,NOVA FUTURA CTVM LTDA,IDEAL CTVM SA,,,
2026-03-27T13:16:06.296Z,market,trade,WINFUT,182690.0,80,,,,NOVA FUTURA CTVM LTDA,UBS BRASIL CCTVM S/A,,,
2026-03-27T13:16:06.296Z,market,trade,WINFUT,182690.0,3,,,,BTG Pactual CTVM S.A.,UBS BRASIL CCTVM S/A,,,
2026-03-27T13:16:06.296Z,market,trade,WINFUT,182685.0,1,,,,BTG Pactual CTVM S.A.,IDEAL CTVM SA,,,
2026-03-27T13:16:06.296Z,market,trade,WINFUT,182685.0,1,,,,XP Investimentos CCTVM S/A,IDEAL CTVM SA,,,
2026-03-27T13:16:06.296Z,market,trade,WINFUT,182685.0,5,,,,XP Investimentos CCTVM S/A,IDEAL CTVM SA,,,
2026-03-27T13:16:06.296Z,market,trade,WINFUT,182685.0,1,,,,BTG Pactual CTVM S.A.,IDEAL CTVM SA,,,
2026-03-27T13:16:06.296Z,market,trade,WINFUT,182685.0,5,,,,XP Investimentos CCTVM S/A,IDEAL CTVM SA,,,
2026-03-27T13:16:06.296Z,market,trade,WINFUT,182685.0,1,,,,XP Investimentos CCTVM S/A,IDEAL CTVM SA,,,
2026-03-27T13:16:06.296Z,market,trade,WINFUT,182685.0,1,,,,BTG Pactual CTVM S.A.,IDEAL CTVM SA,,,
2026-03-27T13:16:06.297Z,market,trade,WINFUT,182685.0,4,,,,BTG Pactual CTVM S.A.,IDEAL CTVM SA,,,
2026-03-27T13:16:06.297Z,market,trade,WINFUT,182685.0,1,,,,XP Investimentos CCTVM S/A,IDEAL CTVM SA,,,
2026-03-27T13:16:06.297Z,market,trade,WINFUT,182685.0,4,,,,IDEAL CTVM SA,IDEAL CTVM SA,,,
2026-03-27T13:16:06.297Z,market,trade,WINFUT,182685.0,1,,,,IDEAL CTVM SA,GENIAL INSTITUCIONAL CCTVM S.A,,,
2026-03-27T13:16:06.297Z,market,trade,WINFUT,182685.0,1,,,,BTG Pactual CTVM S.A.,BTG Pactual CTVM S.A.,,,
2026-03-27T13:16:06.297Z,market,trade,WINFUT,182685.0,1,,,,BTG Pactual CTVM S.A.,BTG Pactual CTVM S.A.,,,
2026-03-27T13:16:06.297Z,market,trade,WINFUT,182685.0,1,,,,BTG Pactual CTVM S.A.,BTG Pactual CTVM S.A.,,,
2026-03-27T13:16:06.297Z,market,trade,WINFUT,182685.0,1,,,,BTG Pactual CTVM S.A.,BTG Pactual CTVM S.A.,,,
2026-03-27T13:16:06.298Z,market,trade,WINFUT,182685.0,1,,,,BTG Pactual CTVM S.A.,BTG Pactual CTVM S.A.,,,
2026-03-27T13:16:06.298Z,market,trade,WINFUT,182685.0,1,,,,BTG Pactual CTVM S.A.,BTG Pactual CTVM S.A.,,,
2026-03-27T13:16:06.298Z,market,trade,WINFUT,182685.0,1,,,,BTG Pactual CTVM S.A.,BTG Pactual CTVM S.A.,,,
2026-03-27T13:16:06.298Z,market,trade,WINFUT,182685.0,1,,,,BTG Pactual CTVM S.A.,BTG Pactual CTVM S.A.,,,
2026-03-27T13:16:06.298Z,market,trade,WINFUT,182685.0,2,,,,XP Investimentos CCTVM S/A,XP Investimentos CCTVM S/A,,,
2026-03-27T13:16:06.298Z,market,trade,WINFUT,182685.0,3,,,,XP Investimentos CCTVM S/A,XP Investimentos CCTVM S/A,,,
2026-03-27T13:16:06.298Z,market,trade,WINFUT,182685.0,3,,,,BTG Pactual CTVM S.A.,IDEAL CTVM SA,,,
2026-03-27T13:16:06.298Z,market,trade,WINFUT,182685.0,1,,,,BTG Pactual CTVM S.A.,IDEAL CTVM SA,,,
2026-03-27T13:16:06.298Z,market,trade,WINFUT,182685.0,1,,,,Santander CCVM S/A,IDEAL CTVM SA,,,
2026-03-27T13:16:06.298Z,market,trade,WINFUT,182685.0,5,,,,GENIAL INSTITUCIONAL CCTVM S.A,IDEAL CTVM SA,,,
2026-03-27T13:16:06.298Z,market,trade,WINFUT,182685.0,1,,,,XP Investimentos CCTVM S/A,IDEAL CTVM SA,,,
2026-03-27T13:16:06.298Z,market,trade,WINFUT,182685.0,13,,,,GENIAL INSTITUCIONAL CCTVM S.A,IDEAL CTVM SA,,,
2026-03-27T13:16:06.298Z,market,trade,WINFUT,182685.0,3,,,,GENIAL INSTITUCIONAL CCTVM S.A,IDEAL CTVM SA,,,
2026-03-27T13:16:06.298Z,market,trade,WINFUT,182685.0,1,,,,AGORA CTVM S/A,IDEAL CTVM SA,,,
2026-03-27T13:16:06.299Z,market,trade,WINFUT,182685.0,1,,,,XP Investimentos CCTVM S/A,IDEAL CTVM SA,,,
2026-03-27T13:16:06.299Z,market,trade,WINFUT,182685.0,1,,,,XP Investimentos CCTVM S/A,IDEAL CTVM SA,,,
2026-03-27T13:16:06.299Z,market,trade,WINFUT,182685.0,2,,,,XP Investimentos CCTVM S/A,IDEAL CTVM SA,,,
2026-03-27T13:16:06.299Z,market,trade,WINFUT,182685.0,7,,,,SANTANDER CORRETORA DE TITULOS E VALORES MOBILIARIOS S.A.,IDEAL CTVM SA,,,
2026-03-27T13:16:06.299Z,market,trade,WINFUT,182685.0,3,,,,SANTANDER CORRETORA DE TITULOS E VALORES MOBILIARIOS S.A.,IDEAL CTVM SA,,,
2026-03-27T13:16:06.299Z,market,trade,WINFUT,182685.0,1,,,,XP Investimentos CCTVM S/A,IDEAL CTVM SA,,,
2026-03-27T13:16:06.299Z,market,trade,WINFUT,182685.0,1,,,,CM Capital Markets CCTVM LTDA,IDEAL CTVM SA,,,
2026-03-27T13:16:06.299Z,market,trade,WINFUT,182685.0,5,,,,NOVA FUTURA CTVM LTDA,IDEAL CTVM SA,,,
2026-03-27T13:16:06.299Z,market,trade,WINFUT,182685.0,5,,,,NOVA FUTURA CTVM LTDA,IDEAL CTVM SA,,,
2026-03-27T13:16:06.299Z,market,trade,WINFUT,182685.0,3,,,,BTG Pactual CTVM S.A.,IDEAL CTVM SA,,,
2026-03-27T13:16:06.299Z,market,trade,WINFUT,182685.0,2,,,,XP Investimentos CCTVM S/A,IDEAL CTVM SA,,,
2026-03-27T13:16:06.299Z,market,trade,WINFUT,182685.0,2,,,,XP Investimentos CCTVM S/A,IDEAL CTVM SA,,,
2026-03-27T13:16:06.299Z,market,trade,WINFUT,182685.0,1,,,,XP Investimentos CCTVM S/A,IDEAL CTVM SA,,,
2026-03-27T13:16:06.299Z,market,trade,WINFUT,182685.0,1,,,,XP Investimentos CCTVM S/A,XP Investimentos CCTVM S/A,,,
2026-03-27T13:16:06.300Z,market,trade,WINFUT,182685.0,4,,,,IDEAL CTVM SA,IDEAL CTVM SA,,,
2026-03-27T13:16:06.300Z,market,trade,WINFUT,182685.0,2,,,,IDEAL CTVM SA,MORGAN STANLEY CTVM S/A,,,
2026-03-27T13:16:06.300Z,market,trade,WINFUT,182685.0,3,,,,IDEAL CTVM SA,MORGAN STANLEY CTVM S/A,,,
2026-03-27T13:16:06.300Z,market,trade,WINFUT,182685.0,1,,,,IDEAL CTVM SA,AGORA CTVM S/A,,,
2026-03-27T13:16:06.300Z,market,trade,WINFUT,182685.0,1,,,,XP Investimentos CCTVM S/A,IDEAL CTVM SA,,,
2026-03-27T13:16:06.300Z,market,trade,WINFUT,182685.0,4,,,,XP Investimentos CCTVM S/A,IDEAL CTVM SA,,,
2026-03-27T13:16:06.300Z,market,trade,WINFUT,182685.0,1,,,,XP Investimentos CCTVM S/A,IDEAL CTVM SA,,,
2026-03-27T13:16:06.300Z,market,trade,WINFUT,182685.0,4,,,,XP Investimentos CCTVM S/A,IDEAL CTVM SA,,,
2026-03-27T13:16:06.300Z,market,trade,WINFUT,182685.0,7,,,,IDEAL CTVM SA,IDEAL CTVM SA,,,
2026-03-27T13:16:06.300Z,market,trade,WINFUT,182685.0,18,,,,UBS BRASIL CCTVM S/A,IDEAL CTVM SA,,,
2026-03-27T13:16:06.300Z,market,trade,WINFUT,182685.0,2,,,,SANTANDER CORRETORA DE TITULOS E VALORES MOBILIARIOS S.A.,IDEAL CTVM SA,,,
2026-03-27T13:16:06.300Z,market,trade,WINFUT,182680.0,5,,,,XP Investimentos CCTVM S/A,XP Investimentos CCTVM S/A,,,
2026-03-27T13:16:06.300Z,market,trade,WINFUT,182680.0,1,,,,XP Investimentos CCTVM S/A,XP Investimentos CCTVM S/A,,,
2026-03-27T13:16:06.300Z,market,trade,WINFUT,182680.0,1,,,,CM Capital Markets CCTVM LTDA,CM Capital Markets CCTVM LTDA,,,
2026-03-27T13:16:06.300Z,market,trade,WINFUT,182680.0,1,,,,XP Investimentos CCTVM S/A,XP Investimentos CCTVM S/A,,,
2026-03-27T13:16:06.300Z,market,trade,WINFUT,182680.0,1,,,,XP Investimentos CCTVM S/A,XP Investimentos CCTVM S/A,,,
2026-03-27T13:16:06.300Z,market,trade,WINFUT,182680.0,1,,,,XP Investimentos CCTVM S/A,XP Investimentos CCTVM S/A,,,
2026-03-27T13:16:06.300Z,market,trade,WINFUT,182685.0,1,,,,SANTANDER CORRETORA DE TITULOS E VALORES MOBILIARIOS S.A.,IDEAL CTVM SA,,,
2026-03-27T13:16:06.300Z,market,trade,WINFUT,182680.0,1,,,,IDEAL CTVM SA,SANTANDER CORRETORA DE TITULOS E VALORES MOBILIARIOS S.A.,,,
2026-03-27T13:16:07.423Z,market,trade,WINFUT,182685.0,1,,,,XP Investimentos CCTVM S/A,XP Investimentos CCTVM S/A,,,
2026-03-27T13:16:07.423Z,market,trade,WINFUT,182680.0,5,,,,IDEAL CTVM SA,Elliot-Warren,,,
2026-03-27T13:16:07.423Z,market,trade,WINFUT,182680.0,1,,,,XP Investimentos CCTVM S/A,IDEAL CTVM SA,,,
2026-03-27T13:16:07.423Z,market,trade,WINFUT,182680.0,1,,,,BTG Pactual CTVM S.A.,IDEAL CTVM SA,,,
2026-03-27T13:16:07.423Z,market,trade,WINFUT,182680.0,1,,,,BTG Pactual CTVM S.A.,IDEAL CTVM SA,,,
2026-03-27T13:16:07.423Z,market,trade,WINFUT,182680.0,1,,,,GENIAL INSTITUCIONAL CCTVM S.A,IDEAL CTVM SA,,,
2026-03-27T13:16:07.423Z,market,trade,WINFUT,182680.0,1,,,,GENIAL INSTITUCIONAL CCTVM S.A,IDEAL CTVM SA,,,
2026-03-27T13:16:07.423Z,market,trade,WINFUT,182680.0,1,,,,XP Investimentos CCTVM S/A,IDEAL CTVM SA,,,
2026-03-27T13:16:07.423Z,market,trade,WINFUT,182680.0,1,,,,AGORA CTVM S/A,IDEAL CTVM SA,,,
2026-03-27T13:16:07.424Z,market,trade,WINFUT,182680.0,1,,,,XP Investimentos CCTVM S/A,IDEAL CTVM SA,,,
2026-03-27T13:16:07.424Z,market,trade,WINFUT,182680.0,1,,,,AGORA CTVM S/A,IDEAL CTVM SA,,,
2026-03-27T13:16:07.424Z,market,trade,WINFUT,182680.0,1,,,,XP Investimentos CCTVM S/A,IDEAL CTVM SA,,,
2026-03-27T13:16:07.424Z,market,trade,WINFUT,182680.0,1,,,,XP Investimentos CCTVM S/A,IDEAL CTVM SA,,,
2026-03-27T13:16:07.424Z,market,trade,WINFUT,182680.0,5,,,,NOVA FUTURA CTVM LTDA,IDEAL CTVM SA,,,
2026-03-27T13:16:07.424Z,market,trade,WINFUT,182680.0,1,,,,XP Investimentos CCTVM S/A,IDEAL CTVM SA,,,
2026-03-27T13:16:07.424Z,market,trade,WINFUT,182680.0,5,,,,NOVA FUTURA CTVM LTDA,IDEAL CTVM SA,,,
2026-03-27T13:16:07.424Z,market,trade,WINFUT,182680.0,4,,,,BTG Pactual CTVM S.A.,IDEAL CTVM SA,,,
2026-03-27T13:16:07.424Z,market,trade,WINFUT,182680.0,2,,,,XP Investimentos CCTVM S/A,IDEAL CTVM SA,,,
2026-03-27T13:16:07.424Z,market,trade,WINFUT,182685.0,1,,,,XP Investimentos CCTVM S/A,XP Investimentos CCTVM S/A,,,
2026-03-27T13:16:07.424Z,market,trade,WINFUT,182680.0,10,,,,XP Investimentos CCTVM S/A,IDEAL CTVM SA,,,
2026-03-27T13:16:07.424Z,market,trade,WINFUT,182680.0,18,,,,XP Investimentos CCTVM S/A,UBS BRASIL CCTVM S/A,,,
2026-03-27T13:16:07.424Z,market,trade,WINFUT,182685.0,1,,,,XP Investimentos CCTVM S/A,XP Investimentos CCTVM S/A,,,
2026-03-27T13:16:07.424Z,market,trade,WINFUT,182680.0,1,,,,XP Investimentos CCTVM S/A,IDEAL CTVM SA,,,
2026-03-27T13:16:07.424Z,market,trade,WINFUT,182685.0,2,,,,BTG Pactual CTVM S.A.,BTG Pactual CTVM S.A.,,,
2026-03-27T13:16:07.424Z,market,trade,WINFUT,182680.0,1,,,,BTG Pactual CTVM S.A.,BTG Pactual CTVM S.A.,,,
2026-03-27T13:16:07.424Z,market,trade,WINFUT,182685.0,1,,,,XP Investimentos CCTVM S/A,IDEAL CTVM SA,,,
2026-03-27T13:16:07.424Z,market,trade,WINFUT,182680.0,1,,,,XP Investimentos CCTVM S/A,Elliot-Warren,,,
2026-03-27T13:16:07.424Z,market,trade,WINFUT,182685.0,1,,,,GENIAL INSTITUCIONAL CCTVM S.A,GENIAL INSTITUCIONAL CCTVM S.A,,,
2026-03-27T13:16:07.425Z,market,trade,WINFUT,182680.0,1,,,,XP Investimentos CCTVM S/A,XP Investimentos CCTVM S/A,,,
2026-03-27T13:16:07.425Z,market,trade,WINFUT,182680.0,1,,,,XP Investimentos CCTVM S/A,XP Investimentos CCTVM S/A,,,
2026-03-27T13:16:07.425Z,market,trade,WINFUT,182680.0,1,,,,XP Investimentos CCTVM S/A,Elliot-Warren,,,
2026-03-27T13:16:07.425Z,market,trade,WINFUT,182685.0,7,,,,XP Investimentos CCTVM S/A,IDEAL CTVM SA,,,
2026-03-27T13:16:07.425Z,market,trade,WINFUT,182685.0,5,,,,XP Investimentos CCTVM S/A,XP Investimentos CCTVM S/A,,,
2026-03-27T13:16:07.425Z,market,trade,WINFUT,182685.0,9,,,,XP Investimentos CCTVM S/A,UBS BRASIL CCTVM S/A,,,
2026-03-27T13:16:07.425Z,market,trade,WINFUT,182680.0,2,,,,XP Investimentos CCTVM S/A,Elliot-Warren,,,
2026-03-27T13:16:07.425Z,market,trade,WINFUT,182680.0,2,,,,XP Investimentos CCTVM S/A,SANTANDER CORRETORA DE TITULOS E VALORES MOBILIARIOS S.A.,,,
2026-03-27T13:16:07.425Z,market,trade,WINFUT,182680.0,2,,,,XP Investimentos CCTVM S/A,SANTANDER CORRETORA DE TITULOS E VALORES MOBILIARIOS S.A.,,,
2026-03-27T13:16:07.425Z,market,trade,WINFUT,182685.0,1,,,,XP Investimentos CCTVM S/A,UBS BRASIL CCTVM S/A,,,
2026-03-27T13:16:07.425Z,market,trade,WINFUT,182685.0,1,,,,XP Investimentos CCTVM S/A,BTG Pactual CTVM S.A.,,,
2026-03-27T13:16:07.425Z,market,trade,WINFUT,182685.0,1,,,,XP Investimentos CCTVM S/A,AGORA CTVM S/A,,,
2026-03-27T13:16:07.425Z,market,trade,WINFUT,182680.0,1,,,,XP Investimentos CCTVM S/A,Elliot-Warren,,,
2026-03-27T13:16:07.425Z,market,trade,WINFUT,182680.0,1,,,,XP Investimentos CCTVM S/A,Elliot-Warren,,,
2026-03-27T13:16:07.425Z,market,trade,WINFUT,182680.0,1,,,,XP Investimentos CCTVM S/A,Elliot-Warren,,,
2026-03-27T13:16:07.425Z,market,trade,WINFUT,182680.0,1,,,,XP Investimentos CCTVM S/A,Elliot-Warren,,,
2026-03-27T13:16:07.425Z,market,trade,WINFUT,182680.0,1,,,,XP Investimentos CCTVM S/A,Elliot-Warren,,,
2026-03-27T13:16:07.425Z,market,trade,WINFUT,182680.0,1,,,,XP Investimentos CCTVM S/A,Elliot-Warren,,,
2026-03-27T13:16:07.425Z,market,trade,WINFUT,182680.0,1,,,,XP Investimentos CCTVM S/A,Elliot-Warren,,,
2026-03-27T13:16:07.425Z,market,trade,WINFUT,182680.0,1,,,,XP Investimentos CCTVM S/A,Elliot-Warren,,,
2026-03-27T13:16:07.425Z,market,trade,WINFUT,182680.0,1,,,,XP Investimentos CCTVM S/A,XP Investimentos CCTVM S/A,,,
2026-03-27T13:16:07.425Z,market,trade,WINFUT,182680.0,1,,,,XP Investimentos CCTVM S/A,XP Investimentos CCTVM S/A,,,
2026-03-27T13:16:07.426Z,market,trade,WINFUT,182680.0,1,,,,Elliot-Warren,Elliot-Warren,,,
2026-03-27T13:16:07.426Z,market,trade,WINFUT,182680.0,1,,,,Elliot-Warren,Elliot-Warren,,,
2026-03-27T13:16:07.426Z,market,trade,WINFUT,182680.0,1,,,,Elliot-Warren,Elliot-Warren,,,
2026-03-27T13:16:07.426Z,market,trade,WINFUT,182685.0,11,,,,BTG Pactual CTVM S.A.,BTG Pactual CTVM S.A.,,,
2026-03-27T13:16:07.426Z,market,trade,WINFUT,182685.0,1,,,,BTG Pactual CTVM S.A.,AGORA CTVM S/A,,,
2026-03-27T13:16:07.426Z,market,trade,WINFUT,182685.0,1,,,,BTG Pactual CTVM S.A.,AGORA CTVM S/A,,,
2026-03-27T13:16:07.426Z,market,trade,WINFUT,182685.0,1,,,,BTG Pactual CTVM S.A.,IDEAL CTVM SA,,,
2026-03-27T13:16:07.426Z,market,trade,WINFUT,182685.0,1,,,,BTG Pactual CTVM S.A.,BTG Pactual CTVM S.A.,,,
2026-03-27T13:16:07.426Z,market,trade,WINFUT,182685.0,3,,,,BTG Pactual CTVM S.A.,IDEAL CTVM SA,,,
2026-03-27T13:16:07.426Z,market,trade,WINFUT,182685.0,1,,,,BTG Pactual CTVM S.A.,AGORA CTVM S/A,,,
2026-03-27T13:16:07.426Z,market,trade,WINFUT,182685.0,1,,,,BTG Pactual CTVM S.A.,IDEAL CTVM SA,,,
2026-03-27T13:16:07.426Z,market,trade,WINFUT,182685.0,4,,,,XP Investimentos CCTVM S/A,IDEAL CTVM SA,,,
2026-03-27T13:16:07.426Z,market,trade,WINFUT,182685.0,1,,,,XP Investimentos CCTVM S/A,AGORA CTVM S/A,,,
2026-03-27T13:16:07.738Z,market,trade,WINFUT,182685.0,1,,,,GENIAL INSTITUCIONAL CCTVM S.A,BTG Pactual CTVM S.A.,,,
2026-03-27T13:16:07.738Z,market,trade,WINFUT,182685.0,2,,,,GENIAL INSTITUCIONAL CCTVM S.A,IDEAL CTVM SA,,,
2026-03-27T13:16:07.739Z,market,trade,WINFUT,182685.0,6,,,,BTG Pactual CTVM S.A.,BTG Pactual CTVM S.A.,,,
2026-03-27T13:16:07.739Z,market,trade,WINFUT,182680.0,1,,,,Elliot-Warren,Elliot-Warren,,,
2026-03-27T13:16:07.942Z,market,trade,WINFUT,182680.0,4,,,,SANTANDER CORRETORA DE TITULOS E VALORES MOBILIARIOS S.A.,SANTANDER CORRETORA DE TITULOS E VALORES MOBILIARIOS S.A.,,,
2026-03-27T13:16:07.942Z,market,trade,WINFUT,182680.0,1,,,,Elliot-Warren,Elliot-Warren,,,
2026-03-27T13:16:07.942Z,market,trade,WINFUT,182680.0,1,,,,Elliot-Warren,Elliot-Warren,,,
2026-03-27T13:16:07.942Z,market,trade,WINFUT,182680.0,1,,,,XP Investimentos CCTVM S/A,SANTANDER CORRETORA DE TITULOS E VALORES MOBILIARIOS S.A.,,,
2026-03-27T13:16:07.942Z,market,trade,WINFUT,182685.0,1,,,,GENIAL INSTITUCIONAL CCTVM S.A,Elliot-Warren,,,
2026-03-27T13:16:07.942Z,market,trade,WINFUT,182680.0,1,,,,XP Investimentos CCTVM S/A,Elliot-Warren,,,
2026-03-27T13:16:07.943Z,market,trade,WINFUT,182680.0,1,,,,XP Investimentos CCTVM S/A,Elliot-Warren,,,
2026-03-27T13:16:07.943Z,market,trade,WINFUT,182685.0,1,,,,SANTANDER CORRETORA DE TITULOS E VALORES MOBILIARIOS S.A.,AGORA CTVM S/A,,,
2026-03-27T13:16:07.943Z,market,trade,WINFUT,182680.0,1,,,,Elliot-Warren,Elliot-Warren,,,
2026-03-27T13:16:07.943Z,market,trade,WINFUT,182680.0,1,,,,SANTANDER CORRETORA DE TITULOS E VALORES MOBILIARIOS S.A.,SANTANDER CORRETORA DE TITULOS E VALORES MOBILIARIOS S.A.,,,
2026-03-27T13:16:07.943Z,market,trade,WINFUT,182680.0,1,,,,Elliot-Warren,Elliot-Warren,,,
2026-03-27T13:16:07.943Z,market,trade,WINFUT,182680.0,1,,,,Elliot-Warren,Elliot-Warren,,,
2026-03-27T13:16:07.943Z,market,trade,WINFUT,182680.0,2,,,,SANTANDER CORRETORA DE TITULOS E VALORES MOBILIARIOS S.A.,SANTANDER CORRETORA DE TITULOS E VALORES MOBILIARIOS S.A.,,,
2026-03-27T13:16:08.155Z,market,trade,WINFUT,182680.0,1,,,,Elliot-Warren,Elliot-Warren,,,
2026-03-27T13:16:08.156Z,market,trade,WINFUT,182680.0,2,,,,INTER DTVM LTDA,INTER DTVM LTDA,,,
2026-03-27T13:16:08.156Z,market,trade,WINFUT,182685.0,1,,,,XP Investimentos CCTVM S/A,IDEAL CTVM SA,,,
2026-03-27T13:16:08.156Z,market,trade,WINFUT,182685.0,1,,,,XP Investimentos CCTVM S/A,IDEAL CTVM SA,,,
2026-03-27T13:16:08.156Z,market,trade,WINFUT,182685.0,3,,,,GENIAL INSTITUCIONAL CCTVM S.A,IDEAL CTVM SA,,,
2026-03-27T13:16:08.634Z,market,trade,WINFUT,182680.0,1,,,,Elliot-Warren,Elliot-Warren,,,
2026-03-27T13:16:08.634Z,market,trade,WINFUT,182680.0,1,,,,Elliot-Warren,Elliot-Warren,,,
2026-03-27T13:16:08.635Z,market,trade,WINFUT,182680.0,1,,,,Elliot-Warren,Elliot-Warren,,,
2026-03-27T13:16:08.635Z,market,trade,WINFUT,182680.0,1,,,,Elliot-Warren,Elliot-Warren,,,
2026-03-27T13:16:08.635Z,market,trade,WINFUT,182685.0,1,,,,XP Investimentos CCTVM S/A,IDEAL CTVM SA,,,
2026-03-27T13:16:08.635Z,market,trade,WINFUT,182680.0,1,,,,Elliot-Warren,Elliot-Warren,,,
2026-03-27T13:16:08.635Z,market,trade,WINFUT,182680.0,1,,,,Elliot-Warren,Elliot-Warren,,,
2026-03-27T13:16:08.635Z,market,trade,WINFUT,182680.0,1,,,,Elliot-Warren,Elliot-Warren,,,
2026-03-27T13:16:08.635Z,market,trade,WINFUT,182680.0,1,,,,Elliot-Warren,Elliot-Warren,,,
2026-03-27T13:16:08.635Z,market,trade,WINFUT,182680.0,1,,,,Elliot-Warren,Elliot-Warren,,,
2026-03-27T13:16:08.635Z,market,trade,WINFUT,182680.0,1,,,,Elliot-Warren,Elliot-Warren,,,
2026-03-27T13:16:08.635Z,market,trade,WINFUT,182680.0,1,,,,Elliot-Warren,Elliot-Warren,,,
2026-03-27T13:16:08.677Z,market,trade,WINFUT,182680.0,1,,,,Elliot-Warren,Elliot-Warren,,,
2026-03-27T13:16:08.780Z,market,trade,WINFUT,182685.0,5,,,,XP Investimentos CCTVM S/A,IDEAL CTVM SA,,,
2026-03-27T13:16:08.780Z,market,trade,WINFUT,182680.0,1,,,,Elliot-Warren,Elliot-Warren,,,
2026-03-27T13:16:08.780Z,market,trade,WINFUT,182680.0,1,,,,Elliot-Warren,Elliot-Warren,,,
2026-03-27T13:16:08.780Z,market,trade,WINFUT,182685.0,1,,,,XP Investimentos CCTVM S/A,IDEAL CTVM SA,,,
2026-03-27T13:16:08.870Z,market,trade,WINFUT,182685.0,2,,,,BTG Pactual CTVM S.A.,BTG Pactual CTVM S.A.,,,
2026-03-27T13:16:08.870Z,market,trade,WINFUT,182685.0,20,,,,SANTANDER CORRETORA DE TITULOS E VALORES MOBILIARIOS S.A.,SANTANDER CORRETORA DE TITULOS E VALORES MOBILIARIOS S.A.,,,
2026-03-27T13:16:08.871Z,market,trade,WINFUT,182680.0,1,,,,Elliot-Warren,Elliot-Warren,,,
2026-03-27T13:16:08.871Z,market,trade,WINFUT,182680.0,1,,,,Elliot-Warren,Elliot-Warren,,,
2026-03-27T13:16:08.871Z,market,trade,WINFUT,182680.0,1,,,,Elliot-Warren,Elliot-Warren,,,
2026-03-27T13:16:08.871Z,market,trade,WINFUT,182680.0,1,,,,XP Investimentos CCTVM S/A,TERRA INVESTIMENTOS DTVM LTDA,,,
2026-03-27T13:16:08.871Z,market,trade,WINFUT,182680.0,5,,,,XP Investimentos CCTVM S/A,XP Investimentos CCTVM S/A,,,
2026-03-27T13:16:08.871Z,market,trade,WINFUT,182680.0,1,,,,BTG Pactual CTVM S.A.,XP Investimentos CCTVM S/A,,,
2026-03-27T13:16:08.871Z,market,trade,WINFUT,182680.0,2,,,,GENIAL INSTITUCIONAL CCTVM S.A,XP Investimentos CCTVM S/A,,,
2026-03-27T13:16:08.872Z,market,trade,WINFUT,182680.0,1,,,,XP Investimentos CCTVM S/A,XP Investimentos CCTVM S/A,,,
2026-03-27T13:16:08.872Z,market,trade,WINFUT,182680.0,1,,,,XP Investimentos CCTVM S/A,XP Investimentos CCTVM S/A,,,
2026-03-27T13:16:08.872Z,market,trade,WINFUT,182680.0,1,,,,XP Investimentos CCTVM S/A,XP Investimentos CCTVM S/A,,,
2026-03-27T13:16:08.872Z,market,trade,WINFUT,182680.0,1,,,,XP Investimentos CCTVM S/A,XP Investimentos CCTVM S/A,,,
2026-03-27T13:16:08.872Z,market,trade,WINFUT,182680.0,11,,,,IDEAL CTVM SA,XP Investimentos CCTVM S/A,,,
2026-03-27T13:16:08.872Z,market,trade,WINFUT,182680.0,2,,,,XP Investimentos CCTVM S/A,XP Investimentos CCTVM S/A,,,
2026-03-27T13:16:08.872Z,market,trade,WINFUT,182685.0,1,,,,XP Investimentos CCTVM S/A,AGORA CTVM S/A,,,
2026-03-27T13:16:08.872Z,market,trade,WINFUT,182680.0,5,,,,XP Investimentos CCTVM S/A,XP Investimentos CCTVM S/A,,,
2026-03-27T13:16:08.872Z,market,trade,WINFUT,182680.0,1,,,,Elliot-Warren,Elliot-Warren,,,
2026-03-27T13:16:08.873Z,market,trade,WINFUT,182680.0,1,,,,Elliot-Warren,Elliot-Warren,,,
2026-03-27T13:16:09.151Z,market,trade,WINFUT,182680.0,2,,,,CM Capital Markets CCTVM LTDA,CM Capital Markets CCTVM LTDA,,,
2026-03-27T13:16:09.151Z,market,trade,WINFUT,182680.0,1,,,,Elliot-Warren,Elliot-Warren,,,
2026-03-27T13:16:09.151Z,market,trade,WINFUT,182680.0,4,,,,XP Investimentos CCTVM S/A,IDEAL CTVM SA,,,
2026-03-27T13:16:09.152Z,market,trade,WINFUT,182680.0,6,,,,UBS BRASIL CCTVM S/A,IDEAL CTVM SA,,,
2026-03-27T13:16:09.152Z,market,trade,WINFUT,182675.0,1,,,,Elliot-Warren,Elliot-Warren,,,
2026-03-27T13:16:09.152Z,market,trade,WINFUT,182675.0,1,,,,BTG Pactual CTVM S.A.,BTG Pactual CTVM S.A.,,,
2026-03-27T13:16:09.152Z,market,trade,WINFUT,182675.0,1,,,,XP Investimentos CCTVM S/A,XP Investimentos CCTVM S/A,,,
2026-03-27T13:16:09.152Z,market,trade,WINFUT,182675.0,1,,,,XP Investimentos CCTVM S/A,XP Investimentos CCTVM S/A,,,
2026-03-27T13:16:09.152Z,market,trade,WINFUT,182675.0,3,,,,SANTANDER CORRETORA DE TITULOS E VALORES MOBILIARIOS S.A.,GENIAL INSTITUCIONAL CCTVM S.A,,,
2026-03-27T13:16:09.152Z,market,trade,WINFUT,182675.0,2,,,,Elliot-Warren,GENIAL INSTITUCIONAL CCTVM S.A,,,
2026-03-27T13:16:09.152Z,market,trade,WINFUT,182675.0,1,,,,Elliot-Warren,GENIAL INSTITUCIONAL CCTVM S.A,,,
2026-03-27T13:16:09.152Z,market,trade,WINFUT,182675.0,1,,,,XP Investimentos CCTVM S/A,GENIAL INSTITUCIONAL CCTVM S.A,,,
2026-03-27T13:16:09.152Z,market,trade,WINFUT,182675.0,2,,,,INTER DTVM LTDA,GENIAL INSTITUCIONAL CCTVM S.A,,,
2026-03-27T13:16:09.152Z,market,trade,WINFUT,182675.0,1,,,,XP Investimentos CCTVM S/A,XP Investimentos CCTVM S/A,,,
2026-03-27T13:16:09.152Z,market,trade,WINFUT,182680.0,1,,,,SANTANDER CORRETORA DE TITULOS E VALORES MOBILIARIOS S.A.,BTG Pactual CTVM S.A.,,,
2026-03-27T13:16:09.152Z,market,trade,WINFUT,182680.0,4,,,,SANTANDER CORRETORA DE TITULOS E VALORES MOBILIARIOS S.A.,IDEAL CTVM SA,,,
2026-03-27T13:16:09.152Z,market,trade,WINFUT,182675.0,1,,,,XP Investimentos CCTVM S/A,XP Investimentos CCTVM S/A,,,
2026-03-27T13:16:09.152Z,market,trade,WINFUT,182675.0,1,,,,Elliot-Warren,Elliot-Warren,,,
2026-03-27T13:16:09.152Z,market,trade,WINFUT,182675.0,1,,,,XP Investimentos CCTVM S/A,XP Investimentos CCTVM S/A,,,
2026-03-27T13:16:09.297Z,market,trade,WINFUT,182675.0,1,,,,Elliot-Warren,Elliot-Warren,,,
2026-03-27T13:16:09.297Z,market,trade,WINFUT,182675.0,1,,,,Elliot-Warren,Elliot-Warren,,,
2026-03-27T13:16:09.297Z,market,trade,WINFUT,182675.0,1,,,,Elliot-Warren,Elliot-Warren,,,
2026-03-27T13:16:09.297Z,market,trade,WINFUT,182680.0,3,,,,GENIAL INSTITUCIONAL CCTVM S.A,IDEAL CTVM SA,,,
2026-03-27T13:16:09.297Z,market,trade,WINFUT,182675.0,1,,,,INTER DTVM LTDA,BTG Pactual CTVM S.A.,,,
2026-03-27T13:16:09.297Z,market,trade,WINFUT,182675.0,2,,,,IDEAL CTVM SA,BTG Pactual CTVM S.A.,,,
2026-03-27T13:16:09.297Z,market,trade,WINFUT,182675.0,1,,,,XP Investimentos CCTVM S/A,XP Investimentos CCTVM S/A,,,
2026-03-27T13:16:09.297Z,market,trade,WINFUT,182675.0,5,,,,XP Investimentos CCTVM S/A,XP Investimentos CCTVM S/A,,,
2026-03-27T13:16:09.297Z,market,trade,WINFUT,182680.0,1,,,,IDEAL CTVM SA,AGORA CTVM S/A,,,
2026-03-27T13:16:09.297Z,market,trade,WINFUT,182680.0,2,,,,IDEAL CTVM SA,IDEAL CTVM SA,,,
2026-03-27T13:16:09.298Z,market,trade,WINFUT,182680.0,1,,,,IDEAL CTVM SA,AGORA CTVM S/A,,,
2026-03-27T13:16:09.298Z,market,trade,WINFUT,182680.0,1,,,,IDEAL CTVM SA,AGORA CTVM S/A,,,
2026-03-27T13:16:09.298Z,market,trade,WINFUT,182680.0,1,,,,IDEAL CTVM SA,BTG Pactual CTVM S.A.,,,
2026-03-27T13:16:09.298Z,market,trade,WINFUT,182680.0,3,,,,IDEAL CTVM SA,IDEAL CTVM SA,,,
2026-03-27T13:16:09.298Z,market,trade,WINFUT,182680.0,1,,,,IDEAL CTVM SA,AGORA CTVM S/A,,,
2026-03-27T13:16:09.298Z,market,trade,WINFUT,182680.0,1,,,,IDEAL CTVM SA,AGORA CTVM S/A,,,
2026-03-27T13:16:09.298Z,market,trade,WINFUT,182680.0,1,,,,IDEAL CTVM SA,IDEAL CTVM SA,,,
2026-03-27T13:16:09.298Z,market,trade,WINFUT,182685.0,1,,,,CM Capital Markets CCTVM LTDA,CM Capital Markets CCTVM LTDA,,,
2026-03-27T13:16:09.298Z,market,trade,WINFUT,182680.0,2,,,,SANTANDER CORRETORA DE TITULOS E VALORES MOBILIARIOS S.A.,SANTANDER CORRETORA DE TITULOS E VALORES MOBILIARIOS S.A.,,,
2026-03-27T13:16:09.298Z,market,trade,WINFUT,182685.0,1,,,,SANTANDER CORRETORA DE TITULOS E VALORES MOBILIARIOS S.A.,AGORA CTVM S/A,,,
2026-03-27T13:16:09.298Z,market,trade,WINFUT,182685.0,1,,,,SANTANDER CORRETORA DE TITULOS E VALORES MOBILIARIOS S.A.,AGORA CTVM S/A,,,
2026-03-27T13:16:09.569Z,market,trade,WINFUT,182680.0,1,,,,Elliot-Warren,Elliot-Warren,,,
2026-03-27T13:16:09.569Z,market,trade,WINFUT,182680.0,3,,,,XP Investimentos CCTVM S/A,XP Investimentos CCTVM S/A,,,
2026-03-27T13:16:09.569Z,market,trade,WINFUT,182680.0,1,,,,Elliot-Warren,Elliot-Warren,,,
2026-03-27T13:16:09.569Z,market,trade,WINFUT,182680.0,1,,,,XP Investimentos CCTVM S/A,XP Investimentos CCTVM S/A,,,
2026-03-27T13:16:09.569Z,market,trade,WINFUT,182685.0,5,,,,XP Investimentos CCTVM S/A,XP Investimentos CCTVM S/A,,,
2026-03-27T13:16:09.569Z,market,trade,WINFUT,182680.0,1,,,,XP Investimentos CCTVM S/A,XP Investimentos CCTVM S/A,,,
2026-03-27T13:16:09.569Z,market,trade,WINFUT,182685.0,2,,,,GENIAL INSTITUCIONAL CCTVM S.A,GENIAL INSTITUCIONAL CCTVM S.A,,,
2026-03-27T13:16:09.569Z,market,trade,WINFUT,182680.0,1,,,,XP Investimentos CCTVM S/A,XP Investimentos CCTVM S/A,,,
2026-03-27T13:16:09.569Z,market,trade,WINFUT,182680.0,1,,,,XP Investimentos CCTVM S/A,XP Investimentos CCTVM S/A,,,
2026-03-27T13:16:09.569Z,market,trade,WINFUT,182680.0,1,,,,GENIAL INSTITUCIONAL CCTVM S.A,Elliot-Warren,,,
2026-03-27T13:16:09.569Z,market,trade,WINFUT,182685.0,1,,,,XP Investimentos CCTVM S/A,XP Investimentos CCTVM S/A,,,
2026-03-27T13:16:09.569Z,market,trade,WINFUT,182680.0,1,,,,GENIAL INSTITUCIONAL CCTVM S.A,Elliot-Warren,,,
2026-03-27T13:16:09.831Z,market,trade,WINFUT,182685.0,3,,,,XP Investimentos CCTVM S/A,XP Investimentos CCTVM S/A,,,
2026-03-27T13:16:09.831Z,market,trade,WINFUT,182680.0,3,,,,GENIAL INSTITUCIONAL CCTVM S.A,GENIAL INSTITUCIONAL CCTVM S.A,,,
2026-03-27T13:16:09.831Z,market,trade,WINFUT,182685.0,4,,,,XP Investimentos CCTVM S/A,XP Investimentos CCTVM S/A,,,
2026-03-27T13:16:09.831Z,market,trade,WINFUT,182680.0,1,,,,XP Investimentos CCTVM S/A,XP Investimentos CCTVM S/A,,,
2026-03-27T13:16:09.831Z,market,trade,WINFUT,182680.0,1,,,,GENIAL INSTITUCIONAL CCTVM S.A,Elliot-Warren,,,
2026-03-27T13:16:09.831Z,market,trade,WINFUT,182680.0,2,,,,XP Investimentos CCTVM S/A,XP Investimentos CCTVM S/A,,,
2026-03-27T13:16:09.831Z,market,trade,WINFUT,182680.0,5,,,,GENIAL INSTITUCIONAL CCTVM S.A,Elliot-Warren,,,
2026-03-27T13:16:09.831Z,market,trade,WINFUT,182680.0,1,,,,GENIAL INSTITUCIONAL CCTVM S.A,Elliot-Warren,,,
2026-03-27T13:16:09.831Z,market,trade,WINFUT,182680.0,4,,,,GENIAL INSTITUCIONAL CCTVM S.A,MORGAN STANLEY CTVM S/A,,,
2026-03-27T13:16:09.831Z,market,trade,WINFUT,182680.0,1,,,,BTG Pactual CTVM S.A.,MORGAN STANLEY CTVM S/A,,,
2026-03-27T13:16:09.831Z,market,trade,WINFUT,182675.0,1,,,,IDEAL CTVM SA,Elliot-Warren,,,
2026-03-27T13:16:09.831Z,market,trade,WINFUT,182675.0,1,,,,IDEAL CTVM SA,Elliot-Warren,,,
2026-03-27T13:16:09.831Z,market,trade,WINFUT,182675.0,1,,,,XP Investimentos CCTVM S/A,XP Investimentos CCTVM S/A,,,
2026-03-27T13:16:09.831Z,market,trade,WINFUT,182675.0,1,,,,XP Investimentos CCTVM S/A,XP Investimentos CCTVM S/A,,,
2026-03-27T13:16:09.976Z,market,trade,WINFUT,182675.0,1,,,,XP Investimentos CCTVM S/A,XP Investimentos CCTVM S/A,,,
2026-03-27T13:16:09.976Z,market,trade,WINFUT,182675.0,3,,,,XP Investimentos CCTVM S/A,XP Investimentos CCTVM S/A,,,
2026-03-27T13:16:09.976Z,market,trade,WINFUT,182675.0,1,,,,BTG Pactual CTVM S.A.,BTG Pactual CTVM S.A.,,,
2026-03-27T13:16:09.977Z,market,trade,WINFUT,182675.0,1,,,,IDEAL CTVM SA,SANTANDER CORRETORA DE TITULOS E VALORES MOBILIARIOS S.A.,,,
2026-03-27T13:16:09.977Z,market,trade,WINFUT,182675.0,2,,,,BTG Pactual CTVM S.A.,SANTANDER CORRETORA DE TITULOS E VALORES MOBILIARIOS S.A.,,,
2026-03-27T13:16:10.059Z,market,trade,WINFUT,182675.0,1,,,,BTG Pactual CTVM S.A.,BTG Pactual CTVM S.A.,,,
2026-03-27T13:16:10.059Z,market,trade,WINFUT,182675.0,10,,,,XP Investimentos CCTVM S/A,XP Investimentos CCTVM S/A,,,
2026-03-27T13:16:10.059Z,market,trade,WINFUT,182675.0,2,,,,XP Investimentos CCTVM S/A,XP Investimentos CCTVM S/A,,,
2026-03-27T13:16:10.059Z,market,trade,WINFUT,182680.0,6,,,,XP Investimentos CCTVM S/A,XP Investimentos CCTVM S/A,,,
2026-03-27T13:16:10.060Z,market,trade,WINFUT,182675.0,10,,,,XP Investimentos CCTVM S/A,XP Investimentos CCTVM S/A,,,
2026-03-27T13:16:10.060Z,market,trade,WINFUT,182675.0,2,,,,XP Investimentos CCTVM S/A,XP Investimentos CCTVM S/A,,,
2026-03-27T13:16:10.060Z,market,trade,WINFUT,182675.0,10,,,,XP Investimentos CCTVM S/A,XP Investimentos CCTVM S/A,,,
2026-03-27T13:16:10.060Z,market,trade,WINFUT,182675.0,1,,,,XP Investimentos CCTVM S/A,XP Investimentos CCTVM S/A,,,
2026-03-27T13:16:10.177Z,market,trade,WINFUT,182680.0,1,,,,XP Investimentos CCTVM S/A,BTG Pactual CTVM S.A.,,,
2026-03-27T13:16:10.177Z,market,trade,WINFUT,182675.0,1,,,,BTG Pactual CTVM S.A.,SANTANDER CORRETORA DE TITULOS E VALORES MOBILIARIOS S.A.,,,
2026-03-27T13:16:10.177Z,market,trade,WINFUT,182680.0,1,,,,BTG Pactual CTVM S.A.,BTG Pactual CTVM S.A.,,,
2026-03-27T13:16:10.177Z,market,trade,WINFUT,182675.0,10,,,,XP Investimentos CCTVM S/A,XP Investimentos CCTVM S/A,,,
2026-03-27T13:16:10.180Z,market,trade,WINFUT,182675.0,1,,,,XP Investimentos CCTVM S/A,XP Investimentos CCTVM S/A,,,
2026-03-27T13:16:10.181Z,market,trade,WINFUT,182680.0,1,,,,XP Investimentos CCTVM S/A,XP Investimentos CCTVM S/A,,,
2026-03-27T13:16:10.181Z,market,trade,WINFUT,182675.0,10,,,,Elliot-Warren,Elliot-Warren,,,
2026-03-27T13:16:10.181Z,market,trade,WINFUT,182675.0,2,,,,XP Investimentos CCTVM S/A,XP Investimentos CCTVM S/A,,,
2026-03-27T13:16:10.181Z,market,trade,WINFUT,182680.0,5,,,,XP Investimentos CCTVM S/A,XP Investimentos CCTVM S/A,,,
2026-03-27T13:16:10.374Z,market,trade,WINFUT,182680.0,1,,,,XP Investimentos CCTVM S/A,XP Investimentos CCTVM S/A,,,
2026-03-27T13:16:10.374Z,market,trade,WINFUT,182675.0,3,,,,GENIAL INSTITUCIONAL CCTVM S.A,GENIAL INSTITUCIONAL CCTVM S.A,,,
2026-03-27T13:16:10.374Z,market,trade,WINFUT,182675.0,2,,,,BTG Pactual CTVM S.A.,BTG Pactual CTVM S.A.,,,
2026-03-27T13:16:10.374Z,market,trade,WINFUT,182675.0,2,,,,XP Investimentos CCTVM S/A,XP Investimentos CCTVM S/A,,,
2026-03-27T13:16:10.374Z,market,trade,WINFUT,182675.0,2,,,,XP Investimentos CCTVM S/A,XP Investimentos CCTVM S/A,,,
2026-03-27T13:16:10.374Z,market,trade,WINFUT,182680.0,10,,,,IDEAL CTVM SA,IDEAL CTVM SA,,,
2026-03-27T13:16:10.374Z,market,trade,WINFUT,182680.0,1,,,,IDEAL CTVM SA,IDEAL CTVM SA,,,
2026-03-27T13:16:10.374Z,market,trade,WINFUT,182680.0,1,,,,IDEAL CTVM SA,IDEAL CTVM SA,,,
2026-03-27T13:16:10.374Z,market,trade,WINFUT,182680.0,1,,,,IDEAL CTVM SA,AGORA CTVM S/A,,,
2026-03-27T13:16:10.374Z,market,trade,WINFUT,182680.0,5,,,,IDEAL CTVM SA,BTG Pactual CTVM S.A.,,,
2026-03-27T13:16:10.374Z,market,trade,WINFUT,182680.0,1,,,,IDEAL CTVM SA,BTG Pactual CTVM S.A.,,,
2026-03-27T13:16:10.374Z,market,trade,WINFUT,182680.0,1,,,,IDEAL CTVM SA,AGORA CTVM S/A,,,
2026-03-27T13:16:10.374Z,market,trade,WINFUT,182680.0,1,,,,IDEAL CTVM SA,IDEAL CTVM SA,,,
2026-03-27T13:16:10.374Z,market,trade,WINFUT,182680.0,1,,,,IDEAL CTVM SA,AGORA CTVM S/A,,,
2026-03-27T13:16:10.374Z,market,trade,WINFUT,182680.0,5,,,,IDEAL CTVM SA,IDEAL CTVM SA,,,
2026-03-27T13:16:10.374Z,market,trade,WINFUT,182680.0,1,,,,IDEAL CTVM SA,BTG Pactual CTVM S.A.,,,
2026-03-27T13:16:10.440Z,market,trade,WINFUT,182680.0,1,,,,XP Investimentos CCTVM S/A,XP Investimentos CCTVM S/A,,,
2026-03-27T13:16:10.440Z,market,trade,WINFUT,182680.0,2,,,,BTG Pactual CTVM S.A.,BTG Pactual CTVM S.A.,,,
2026-03-27T13:16:10.440Z,market,trade,WINFUT,182680.0,1,,,,BTG Pactual CTVM S.A.,SANTANDER CORRETORA DE TITULOS E VALORES MOBILIARIOS S.A.,,,
2026-03-27T13:16:10.441Z,market,trade,WINFUT,182680.0,9,,,,GENIAL INSTITUCIONAL CCTVM S.A,SANTANDER CORRETORA DE TITULOS E VALORES MOBILIARIOS S.A.,,,
2026-03-27T13:16:10.441Z,market,trade,WINFUT,182680.0,2,,,,GENIAL INSTITUCIONAL CCTVM S.A,IDEAL CTVM SA,,,
2026-03-27T13:16:10.441Z,market,trade,WINFUT,182680.0,3,,,,GENIAL INSTITUCIONAL CCTVM S.A,IDEAL CTVM SA,,,
2026-03-27T13:16:10.542Z,market,trade,WINFUT,182680.0,1,,,,GENIAL INSTITUCIONAL CCTVM S.A,XP Investimentos CCTVM S/A,,,
2026-03-27T13:16:10.543Z,market,trade,WINFUT,182680.0,1,,,,GENIAL INSTITUCIONAL CCTVM S.A,XP Investimentos CCTVM S/A,,,
2026-03-27T13:16:10.686Z,market,trade,WINFUT,182680.0,1,,,,XP Investimentos CCTVM S/A,XP Investimentos CCTVM S/A,,,
2026-03-27T13:16:10.715Z,market,trade,WINFUT,182680.0,3,,,,XP Investimentos CCTVM S/A,XP Investimentos CCTVM S/A,,,
2026-03-27T13:16:10.715Z,market,trade,WINFUT,182675.0,5,,,,Elliot-Warren,Elliot-Warren,,,
2026-03-27T13:16:10.715Z,market,trade,WINFUT,182675.0,12,,,,BTG Pactual CTVM S.A.,BTG Pactual CTVM S.A.,,,
2026-03-27T13:16:10.715Z,market,trade,WINFUT,182675.0,3,,,,BTG Pactual CTVM S.A.,BTG Pactual CTVM S.A.,,,
2026-03-27T13:16:10.715Z,market,trade,WINFUT,182675.0,2,,,,XP Investimentos CCTVM S/A,XP Investimentos CCTVM S/A,,,
2026-03-27T13:16:10.715Z,market,trade,WINFUT,182675.0,1,,,,Elliot-Warren,Elliot-Warren,,,
2026-03-27T13:16:10.716Z,market,trade,WINFUT,182680.0,1,,,,XP Investimentos CCTVM S/A,XP Investimentos CCTVM S/A,,,
2026-03-27T13:16:10.716Z,market,trade,WINFUT,182675.0,1,,,,XP Investimentos CCTVM S/A,XP Investimentos CCTVM S/A,,,
2026-03-27T13:16:10.716Z,market,trade,WINFUT,182675.0,1,,,,XP Investimentos CCTVM S/A,XP Investimentos CCTVM S/A,,,
2026-03-27T13:16:10.716Z,market,trade,WINFUT,182680.0,8,,,,XP Investimentos CCTVM S/A,XP Investimentos CCTVM S/A,,,
2026-03-27T13:16:10.716Z,market,trade,WINFUT,182675.0,5,,,,CM Capital Markets CCTVM LTDA,CM Capital Markets CCTVM LTDA,,,
2026-03-27T13:16:10.716Z,market,trade,WINFUT,182675.0,1,,,,SANTANDER CORRETORA DE TITULOS E VALORES MOBILIARIOS S.A.,SANTANDER CORRETORA DE TITULOS E VALORES MOBILIARIOS S.A.,,,
2026-03-27T13:16:10.963Z,market,trade,WINFUT,182675.0,1,,,,IDEAL CTVM SA,SANTANDER CORRETORA DE TITULOS E VALORES MOBILIARIOS S.A.,,,
2026-03-27T13:16:10.963Z,market,trade,WINFUT,182675.0,1,,,,XP Investimentos CCTVM S/A,XP Investimentos CCTVM S/A,,,
2026-03-27T13:16:10.963Z,market,trade,WINFUT,182675.0,1,,,,SANTANDER CORRETORA DE TITULOS E VALORES MOBILIARIOS S.A.,SANTANDER CORRETORA DE TITULOS E VALORES MOBILIARIOS S.A.,,,
2026-03-27T13:16:10.963Z,market,trade,WINFUT,182680.0,1,,,,XP Investimentos CCTVM S/A,XP Investimentos CCTVM S/A,,,
2026-03-27T13:16:10.964Z,market,trade,WINFUT,182680.0,11,,,,BTG Pactual CTVM S.A.,BTG Pactual CTVM S.A.,,,
2026-03-27T13:16:10.964Z,market,trade,WINFUT,182680.0,1,,,,BTG Pactual CTVM S.A.,IDEAL CTVM SA,,,
2026-03-27T13:16:10.964Z,market,trade,WINFUT,182680.0,1,,,,BTG Pactual CTVM S.A.,AGORA CTVM S/A,,,
2026-03-27T13:16:10.964Z,market,trade,WINFUT,182680.0,1,,,,BTG Pactual CTVM S.A.,BTG Pactual CTVM S.A.,,,
2026-03-27T13:16:10.964Z,market,trade,WINFUT,182680.0,1,,,,BTG Pactual CTVM S.A.,IDEAL CTVM SA,,,
2026-03-27T13:16:11.012Z,market,trade,WINFUT,182675.0,1,,,,SANTANDER CORRETORA DE TITULOS E VALORES MOBILIARIOS S.A.,SANTANDER CORRETORA DE TITULOS E VALORES MOBILIARIOS S.A.,,,
2026-03-27T13:16:11.012Z,market,trade,WINFUT,182675.0,1,,,,GENIAL INSTITUCIONAL CCTVM S.A,GENIAL INSTITUCIONAL CCTVM S.A,,,
2026-03-27T13:16:11.012Z,market,trade,WINFUT,182675.0,2,,,,XP Investimentos CCTVM S/A,XP Investimentos CCTVM S/A,,,
2026-03-27T13:16:11.012Z,market,trade,WINFUT,182680.0,1,,,,XP Investimentos CCTVM S/A,XP Investimentos CCTVM S/A,,,
2026-03-27T13:16:11.012Z,market,trade,WINFUT,182675.0,2,,,,GENIAL INSTITUCIONAL CCTVM S.A,GENIAL INSTITUCIONAL CCTVM S.A,,,
2026-03-27T13:16:11.013Z,market,trade,WINFUT,182675.0,1,,,,IDEAL CTVM SA,MORGAN STANLEY CTVM S/A,,,
2026-03-27T13:16:11.101Z,market,trade,WINFUT,182675.0,1,,,,SANTANDER CORRETORA DE TITULOS E VALORES MOBILIARIOS S.A.,SANTANDER CORRETORA DE TITULOS E VALORES MOBILIARIOS S.A.,,,
2026-03-27T13:16:11.101Z,market,trade,WINFUT,182680.0,1,,,,XP Investimentos CCTVM S/A,XP Investimentos CCTVM S/A,,,
2026-03-27T13:16:11.101Z,market,trade,WINFUT,182675.0,7,,,,GENIAL INSTITUCIONAL CCTVM S.A,GENIAL INSTITUCIONAL CCTVM S.A,,,
2026-03-27T13:16:11.101Z,market,trade,WINFUT,182675.0,1,,,,GENIAL INSTITUCIONAL CCTVM S.A,GENIAL INSTITUCIONAL CCTVM S.A,,,
2026-03-27T13:16:11.222Z,market,trade,WINFUT,182675.0,3,,,,BTG Pactual CTVM S.A.,BTG Pactual CTVM S.A.,,,
2026-03-27T13:16:11.222Z,market,trade,WINFUT,182675.0,5,,,,XP Investimentos CCTVM S/A,XP Investimentos CCTVM S/A,,,
2026-03-27T13:16:11.222Z,market,trade,WINFUT,182675.0,2,,,,XP Investimentos CCTVM S/A,XP Investimentos CCTVM S/A,,,
2026-03-27T13:16:11.222Z,market,trade,WINFUT,182675.0,1,,,,BTG Pactual CTVM S.A.,BTG Pactual CTVM S.A.,,,
2026-03-27T13:16:11.222Z,market,trade,WINFUT,182680.0,2,,,,IDEAL CTVM SA,IDEAL CTVM SA,,,
2026-03-27T13:16:11.222Z,market,trade,WINFUT,182680.0,1,,,,IDEAL CTVM SA,IDEAL CTVM SA,,,
2026-03-27T13:16:11.222Z,market,trade,WINFUT,182680.0,5,,,,IDEAL CTVM SA,IDEAL CTVM SA,,,
2026-03-27T13:16:11.222Z,market,trade,WINFUT,182680.0,1,,,,IDEAL CTVM SA,IDEAL CTVM SA,,,
2026-03-27T13:16:11.222Z,market,trade,WINFUT,182680.0,1,,,,IDEAL CTVM SA,AGORA CTVM S/A,,,
2026-03-27T13:16:11.222Z,market,trade,WINFUT,182680.0,1,,,,IDEAL CTVM SA,BTG Pactual CTVM S.A.,,,
2026-03-27T13:16:11.266Z,market,trade,WINFUT,182680.0,1,,,,IDEAL CTVM SA,AGORA CTVM S/A,,,
2026-03-27T13:16:11.266Z,market,trade,WINFUT,182680.0,5,,,,IDEAL CTVM SA,BTG Pactual CTVM S.A.,,,
2026-03-27T13:16:11.266Z,market,trade,WINFUT,182680.0,1,,,,IDEAL CTVM SA,BTG Pactual CTVM S.A.,,,
2026-03-27T13:16:11.427Z,market,trade,WINFUT,182685.0,1,,,,IDEAL CTVM SA,BTG Pactual CTVM S.A.,,,
2026-03-27T13:16:11.427Z,market,trade,WINFUT,182685.0,1,,,,IDEAL CTVM SA,AGORA CTVM S/A,,,
2026-03-27T13:16:11.427Z,market,trade,WINFUT,182685.0,1,,,,IDEAL CTVM SA,Elliot-Warren,,,
2026-03-27T13:16:11.427Z,market,trade,WINFUT,182685.0,1,,,,IDEAL CTVM SA,AGORA CTVM S/A,,,
2026-03-27T13:16:11.427Z,market,trade,WINFUT,182685.0,1,,,,IDEAL CTVM SA,AGORA CTVM S/A,,,
2026-03-27T13:16:11.427Z,market,trade,WINFUT,182685.0,1,,,,IDEAL CTVM SA,IDEAL CTVM SA,,,
2026-03-27T13:16:11.427Z,market,trade,WINFUT,182685.0,5,,,,IDEAL CTVM SA,BTG Pactual CTVM S.A.,,,
2026-03-27T13:16:11.427Z,market,trade,WINFUT,182685.0,4,,,,IDEAL CTVM SA,SANTANDER CORRETORA DE TITULOS E VALORES MOBILIARIOS S.A.,,,
2026-03-27T13:16:11.427Z,market,trade,WINFUT,182685.0,1,,,,BTG Pactual CTVM S.A.,IDEAL CTVM SA,,,
2026-03-27T13:16:11.427Z,market,trade,WINFUT,182680.0,2,,,,XP Investimentos CCTVM S/A,XP Investimentos CCTVM S/A,,,
2026-03-27T13:16:11.427Z,market,trade,WINFUT,182680.0,5,,,,IDEAL CTVM SA,GENIAL INSTITUCIONAL CCTVM S.A,,,
2026-03-27T13:16:11.427Z,market,trade,WINFUT,182680.0,5,,,,XP Investimentos CCTVM S/A,XP Investimentos CCTVM S/A,,,
2026-03-27T13:16:11.526Z,market,trade,WINFUT,182685.0,5,,,,GENIAL INSTITUCIONAL CCTVM S.A,GENIAL INSTITUCIONAL CCTVM S.A,,,
2026-03-27T13:16:11.527Z,market,trade,WINFUT,182685.0,14,,,,XP Investimentos CCTVM S/A,XP Investimentos CCTVM S/A,,,
2026-03-27T13:16:11.527Z,market,trade,WINFUT,182685.0,18,,,,XP Investimentos CCTVM S/A,UBS BRASIL CCTVM S/A,,,
2026-03-27T13:16:11.527Z,market,trade,WINFUT,182685.0,1,,,,XP Investimentos CCTVM S/A,XP Investimentos CCTVM S/A,,,
2026-03-27T13:16:11.527Z,market,trade,WINFUT,182685.0,7,,,,XP Investimentos CCTVM S/A,IDEAL CTVM SA,,,
2026-03-27T13:16:11.527Z,market,trade,WINFUT,182685.0,10,,,,XP Investimentos CCTVM S/A,IDEAL CTVM SA,,,
2026-03-27T13:16:11.555Z,market,trade,WINFUT,182680.0,1,,,,GENIAL INSTITUCIONAL CCTVM S.A,GENIAL INSTITUCIONAL CCTVM S.A,,,
2026-03-27T13:16:11.596Z,market,trade,WINFUT,182680.0,5,,,,GENIAL INSTITUCIONAL CCTVM S.A,GENIAL INSTITUCIONAL CCTVM S.A,,,
2026-03-27T13:16:11.596Z,market,trade,WINFUT,182680.0,1,,,,XP Investimentos CCTVM S/A,XP Investimentos CCTVM S/A,,,
2026-03-27T13:16:11.596Z,market,trade,WINFUT,182685.0,5,,,,XP Investimentos CCTVM S/A,XP Investimentos CCTVM S/A,,,
2026-03-27T13:16:11.622Z,market,trade,WINFUT,182680.0,1,,,,XP Investimentos CCTVM S/A,XP Investimentos CCTVM S/A,,,
2026-03-27T13:16:11.622Z,market,trade,WINFUT,182680.0,12,,,,BTG Pactual CTVM S.A.,BTG Pactual CTVM S.A.,,,
2026-03-27T13:16:11.622Z,market,trade,WINFUT,182680.0,7,,,,IDEAL CTVM SA,BTG Pactual CTVM S.A.,,,
2026-03-27T13:16:11.622Z,market,trade,WINFUT,182680.0,1,,,,XP Investimentos CCTVM S/A,BTG Pactual CTVM S.A.,,,
2026-03-27T13:16:11.622Z,market,trade,WINFUT,182680.0,1,,,,BTG Pactual CTVM S.A.,BTG Pactual CTVM S.A.,,,
2026-03-27T13:16:11.622Z,market,trade,WINFUT,182680.0,11,,,,IDEAL CTVM SA,BTG Pactual CTVM S.A.,,,
2026-03-27T13:16:11.622Z,market,trade,WINFUT,182680.0,11,,,,IDEAL CTVM SA,BTG Pactual CTVM S.A.,,,
2026-03-27T13:16:11.622Z,market,trade,WINFUT,182680.0,5,,,,XP Investimentos CCTVM S/A,BTG Pactual CTVM S.A.,,,
2026-03-27T13:16:11.622Z,market,trade,WINFUT,182680.0,1,,,,BTG Pactual CTVM S.A.,BTG Pactual CTVM S.A.,,,
2026-03-27T13:16:11.622Z,market,trade,WINFUT,182680.0,1,,,,XP Investimentos CCTVM S/A,BTG Pactual CTVM S.A.,,,
2026-03-27T13:16:11.623Z,market,trade,WINFUT,182685.0,3,,,,IDEAL CTVM SA,IDEAL CTVM SA,,,
2026-03-27T13:16:11.623Z,market,trade,WINFUT,182685.0,1,,,,IDEAL CTVM SA,BTG Pactual CTVM S.A.,,,
2026-03-27T13:16:11.623Z,market,trade,WINFUT,182685.0,1,,,,IDEAL CTVM SA,IDEAL CTVM SA,,,
2026-03-27T13:16:11.932Z,market,trade,WINFUT,182685.0,1,,,,XP Investimentos CCTVM S/A,XP Investimentos CCTVM S/A,,,
2026-03-27T13:16:11.932Z,market,trade,WINFUT,182685.0,7,,,,XP Investimentos CCTVM S/A,XP Investimentos CCTVM S/A,,,
2026-03-27T13:16:11.932Z,market,trade,WINFUT,182685.0,1,,,,XP Investimentos CCTVM S/A,XP Investimentos CCTVM S/A,,,
2026-03-27T13:16:11.932Z,market,trade,WINFUT,182685.0,1,,,,XP Investimentos CCTVM S/A,XP Investimentos CCTVM S/A,,,
2026-03-27T13:16:11.933Z,market,trade,WINFUT,182685.0,1,,,,BTG Pactual CTVM S.A.,BTG Pactual CTVM S.A.,,,
2026-03-27T13:16:11.933Z,market,trade,WINFUT,182690.0,1,,,,IDEAL CTVM SA,XP Investimentos CCTVM S/A,,,
2026-03-27T13:16:11.933Z,market,trade,WINFUT,182690.0,1,,,,IDEAL CTVM SA,BTG Pactual CTVM S.A.,,,
2026-03-27T13:16:11.933Z,market,trade,WINFUT,182690.0,1,,,,IDEAL CTVM SA,AGORA CTVM S/A,,,
2026-03-27T13:16:11.933Z,market,trade,WINFUT,182690.0,1,,,,IDEAL CTVM SA,AGORA CTVM S/A,,,
2026-03-27T13:16:11.933Z,market,trade,WINFUT,182690.0,1,,,,IDEAL CTVM SA,AGORA CTVM S/A,,,
2026-03-27T13:16:11.933Z,market,trade,WINFUT,182690.0,1,,,,IDEAL CTVM SA,BTG Pactual CTVM S.A.,,,
2026-03-27T13:16:11.933Z,market,trade,WINFUT,182690.0,1,,,,IDEAL CTVM SA,XP Investimentos CCTVM S/A,,,
2026-03-27T13:16:11.933Z,market,trade,WINFUT,182690.0,1,,,,IDEAL CTVM SA,GENIAL INSTITUCIONAL CCTVM S.A,,,
2026-03-27T13:16:11.933Z,market,trade,WINFUT,182690.0,1,,,,IDEAL CTVM SA,XP Investimentos CCTVM S/A,,,
2026-03-27T13:16:11.933Z,market,trade,WINFUT,182690.0,1,,,,IDEAL CTVM SA,XP Investimentos CCTVM S/A,,,
2026-03-27T13:16:11.933Z,market,trade,WINFUT,182690.0,1,,,,IDEAL CTVM SA,BTG Pactual CTVM S.A.,,,
2026-03-27T13:16:11.933Z,market,trade,WINFUT,182690.0,1,,,,IDEAL CTVM SA,Elliot-Warren,,,
2026-03-27T13:16:11.933Z,market,trade,WINFUT,182690.0,1,,,,IDEAL CTVM SA,Elliot-Warren,,,
2026-03-27T13:16:11.933Z,market,trade,WINFUT,182690.0,1,,,,IDEAL CTVM SA,Elliot-Warren,,,
2026-03-27T13:16:11.933Z,market,trade,WINFUT,182690.0,1,,,,IDEAL CTVM SA,Elliot-Warren,,,
2026-03-27T13:16:11.933Z,market,trade,WINFUT,182690.0,1,,,,IDEAL CTVM SA,Elliot-Warren,,,
2026-03-27T13:16:11.933Z,market,trade,WINFUT,182690.0,1,,,,IDEAL CTVM SA,Elliot-Warren,,,
2026-03-27T13:16:11.933Z,market,trade,WINFUT,182690.0,1,,,,IDEAL CTVM SA,Elliot-Warren,,,
2026-03-27T13:16:11.933Z,market,trade,WINFUT,182690.0,1,,,,IDEAL CTVM SA,Elliot-Warren,,,
2026-03-27T13:16:11.933Z,market,trade,WINFUT,182690.0,1,,,,IDEAL CTVM SA,Elliot-Warren,,,
2026-03-27T13:16:11.933Z,market,trade,WINFUT,182690.0,1,,,,IDEAL CTVM SA,Elliot-Warren,,,
2026-03-27T13:16:11.933Z,market,trade,WINFUT,182690.0,1,,,,IDEAL CTVM SA,Elliot-Warren,,,
2026-03-27T13:16:11.934Z,market,trade,WINFUT,182690.0,1,,,,IDEAL CTVM SA,Elliot-Warren,,,
2026-03-27T13:16:11.934Z,market,trade,WINFUT,182690.0,1,,,,IDEAL CTVM SA,Elliot-Warren,,,
2026-03-27T13:16:11.934Z,market,trade,WINFUT,182690.0,1,,,,IDEAL CTVM SA,XP Investimentos CCTVM S/A,,,
2026-03-27T13:16:11.934Z,market,trade,WINFUT,182690.0,1,,,,IDEAL CTVM SA,Elliot-Warren,,,
2026-03-27T13:16:11.934Z,market,trade,WINFUT,182690.0,1,,,,IDEAL CTVM SA,Elliot-Warren,,,
2026-03-27T13:16:11.934Z,market,trade,WINFUT,182690.0,1,,,,IDEAL CTVM SA,Elliot-Warren,,,
2026-03-27T13:16:11.934Z,market,trade,WINFUT,182690.0,1,,,,IDEAL CTVM SA,Elliot-Warren,,,
2026-03-27T13:16:11.934Z,market,trade,WINFUT,182690.0,1,,,,IDEAL CTVM SA,XP Investimentos CCTVM S/A,,,
2026-03-27T13:16:11.934Z,market,trade,WINFUT,182690.0,1,,,,XP Investimentos CCTVM S/A,XP Investimentos CCTVM S/A,,,
2026-03-27T13:16:11.934Z,market,trade,WINFUT,182690.0,3,,,,IDEAL CTVM SA,BTG Pactual CTVM S.A.,,,
2026-03-27T13:16:11.934Z,market,trade,WINFUT,182690.0,2,,,,IDEAL CTVM SA,BTG Pactual CTVM S.A.,,,
2026-03-27T13:16:12.090Z,market,trade,WINFUT,182690.0,1,,,,BTG Pactual CTVM S.A.,IDEAL CTVM SA,,,
2026-03-27T13:16:12.090Z,market,trade,WINFUT,182685.0,1,,,,IDEAL CTVM SA,AGORA CTVM S/A,,,
2026-03-27T13:16:12.090Z,market,trade,WINFUT,182690.0,1,,,,IDEAL CTVM SA,AGORA CTVM S/A,,,
2026-03-27T13:16:12.090Z,market,trade,WINFUT,182690.0,1,,,,IDEAL CTVM SA,IDEAL CTVM SA,,,
2026-03-27T13:16:12.090Z,market,trade,WINFUT,182690.0,3,,,,IDEAL CTVM SA,IDEAL CTVM SA,,,
2026-03-27T13:16:12.090Z,market,trade,WINFUT,182690.0,1,,,,IDEAL CTVM SA,IDEAL CTVM SA,,,
2026-03-27T13:16:12.090Z,market,trade,WINFUT,182690.0,1,,,,IDEAL CTVM SA,BTG Pactual CTVM S.A.,,,
2026-03-27T13:16:12.090Z,market,trade,WINFUT,182690.0,1,,,,IDEAL CTVM SA,BTG Pactual CTVM S.A.,,,
2026-03-27T13:16:12.090Z,market,trade,WINFUT,182690.0,1,,,,XP Investimentos CCTVM S/A,XP Investimentos CCTVM S/A,,,
2026-03-27T13:16:12.225Z,market,trade,WINFUT,182690.0,1,,,,XP Investimentos CCTVM S/A,XP Investimentos CCTVM S/A,,,
2026-03-27T13:16:12.226Z,market,trade,WINFUT,182690.0,1,,,,XP Investimentos CCTVM S/A,XP Investimentos CCTVM S/A,,,
2026-03-27T13:16:12.226Z,market,trade,WINFUT,182690.0,5,,,,GENIAL INSTITUCIONAL CCTVM S.A,GENIAL INSTITUCIONAL CCTVM S.A,,,
2026-03-27T13:16:12.226Z,market,trade,WINFUT,182690.0,2,,,,IDEAL CTVM SA,INTER DTVM LTDA,,,
2026-03-27T13:16:12.226Z,market,trade,WINFUT,182690.0,2,,,,AGORA CTVM S/A,INTER DTVM LTDA,,,
2026-03-27T13:16:12.226Z,market,trade,WINFUT,182690.0,2,,,,XP Investimentos CCTVM S/A,XP Investimentos CCTVM S/A,,,
2026-03-27T13:16:12.226Z,market,trade,WINFUT,182690.0,1,,,,XP Investimentos CCTVM S/A,XP Investimentos CCTVM S/A,,,
2026-03-27T13:16:12.524Z,market,trade,WINFUT,182690.0,1,,,,XP Investimentos CCTVM S/A,XP Investimentos CCTVM S/A,,,
2026-03-27T13:16:12.525Z,market,trade,WINFUT,182690.0,2,,,,XP Investimentos CCTVM S/A,XP Investimentos CCTVM S/A,,,
2026-03-27T13:16:12.525Z,market,trade,WINFUT,182690.0,5,,,,SANTANDER CORRETORA DE TITULOS E VALORES MOBILIARIOS S.A.,SANTANDER CORRETORA DE TITULOS E VALORES MOBILIARIOS S.A.,,,
2026-03-27T13:16:12.525Z,market,trade,WINFUT,182695.0,1,,,,XP Investimentos CCTVM S/A,XP Investimentos CCTVM S/A,,,
2026-03-27T13:16:12.560Z,market,trade,WINFUT,182695.0,2,,,,XP Investimentos CCTVM S/A,UBS BRASIL CCTVM S/A,,,
