section,path,seq,latency_ns
sample,shm,1,106700
sample,shm,2,81900
sample,shm,3,144800
sample,shm,4,110800
sample,shm,5,86500
sample,shm,6,79500
sample,shm,7,93900
sample,shm,8,70700
sample,shm,9,96900
sample,shm,10,80300
sample,shm,11,71300
sample,shm,12,82800
sample,shm,13,95600
sample,shm,14,119500
sample,shm,15,85500
sample,shm,16,79700
sample,shm,17,94800
sample,shm,18,110600
sample,shm,19,106600
sample,shm,20,93400
sample,shm,21,170400
sample,shm,22,81000
sample,shm,23,156100
sample,shm,24,348800
sample,shm,25,150700
sample,shm,26,111200
sample,shm,27,77000
sample,shm,28,91900
sample,shm,29,70500
sample,shm,30,131000
sample,shm,31,87800
sample,shm,32,179800
sample,shm,33,78200
sample,shm,34,132200
sample,shm,35,86100
sample,shm,36,115000
sample,shm,37,96100
sample,shm,38,83600
sample,shm,39,99500
sample,shm,40,61000
sample,shm,41,93000
sample,shm,42,67100
sample,shm,43,73000
sample,shm,44,64000
sample,shm,45,73700
sample,shm,46,73200
sample,shm,47,56000
sample,shm,48,70400
sample,shm,49,60800
sample,shm,50,56300
sample,shm,51,60500
sample,shm,52,65300
sample,shm,53,59200
sample,shm,54,61700
sample,shm,55,70600
sample,shm,56,62100
sample,shm,57,56300
sample,shm,58,54800
sample,shm,59,65800
sample,shm,60,81100
sample,shm,61,67500
sample,shm,62,64300
sample,shm,63,70100
sample,shm,64,56300
sample,shm,65,66800
sample,shm,66,71500
sample,shm,67,64100
sample,shm,68,96100
sample,shm,69,108600
sample,shm,70,88700
sample,shm,71,89500
sample,shm,72,71400
sample,shm,73,106600
sample,shm,74,101500
sample,shm,75,137800
sample,shm,76,85100
sample,shm,77,93900
sample,shm,78,66300
sample,shm,79,64600
sample,shm,80,97300
sample,shm,81,146200
sample,shm,82,87800
sample,shm,83,84900
sample,shm,84,78900
sample,shm,85,65700
sample,shm,86,76000
sample,shm,87,68000
sample,shm,88,101100
sample,shm,89,85000
sample,shm,90,68500
sample,shm,91,104400
sample,shm,92,82100
sample,shm,93,58100
sample,shm,94,138200
sample,shm,95,85900
sample,shm,96,88500
sample,shm,97,86200
sample,shm,98,129900
sample,shm,99,75600
sample,shm,100,348300
sample,shm,101,75600
sample,shm,102,57300
sample,shm,103,56200
sample,shm,104,77200
sample,shm,105,77200
sample,shm,106,75800
sample,shm,107,62600
sample,shm,108,61700
sample,shm,109,61500
sample,shm,110,61800
sample,shm,111,62500
sample,shm,112,61700
sample,shm,113,82000
sample,shm,114,133000
sample,shm,115,161800
sample,shm,116,72400
sample,shm,117,50800
sample,shm,118,58000
sample,shm,119,58900
sample,shm,120,124800
sample,shm,121,76700
sample,shm,122,79700
sample,shm,123,80100
sample,shm,124,68200
sample,shm,125,88200
sample,shm,126,71800
sample,shm,127,76000
sample,shm,128,82800
sample,shm,129,80900
sample,shm,130,74400
sample,shm,131,87300
sample,shm,132,69600
sample,shm,133,115100
sample,shm,134,90300
sample,shm,135,116200
sample,shm,136,126500
sample,shm,137,210500
sample,shm,138,100600
sample,shm,139,145600
sample,shm,140,448800
sample,shm,141,274600
sample,shm,142,163400
sample,shm,143,211600
sample,shm,144,181000
sample,shm,145,235100
sample,shm,146,119900
sample,shm,147,156500
sample,shm,148,128300
sample,shm,149,71700
sample,shm,150,68200
sample,shm,151,158600
sample,shm,152,74100
sample,shm,153,97700
sample,shm,154,98300
sample,shm,155,92300
sample,shm,156,113300
sample,shm,157,135000
sample,shm,158,115600
sample,shm,159,87300
sample,shm,160,80900
sample,shm,161,80600
sample,shm,162,73500
sample,shm,163,62700
sample,shm,164,83500
sample,shm,165,68600
sample,shm,166,74600
sample,shm,167,70500
sample,shm,168,68200
sample,shm,169,75500
sample,shm,170,70200
sample,shm,171,67500
sample,shm,172,67700
sample,shm,173,75800
sample,shm,174,67300
sample,shm,175,99000
sample,shm,176,80200
sample,shm,177,66300
sample,shm,178,69900
sample,shm,179,68000
sample,shm,180,67100
sample,shm,181,66200
sample,shm,182,68500
sample,shm,183,82500
sample,shm,184,64800
sample,shm,185,74700
sample,shm,186,99200
sample,shm,187,80900
sample,shm,188,77500
sample,shm,189,92000
sample,shm,190,80500
sample,shm,191,99100
sample,shm,192,90800
sample,shm,193,65500
sample,shm,194,87400
sample,shm,195,90300
sample,shm,196,92700
sample,shm,197,89200
sample,shm,198,85100
sample,shm,199,92500
sample,shm,200,77100
sample,shm,201,97700
sample,shm,202,78700
sample,shm,203,104700
sample,shm,204,90800
sample,shm,205,85600
sample,shm,206,98900
sample,shm,207,88500
sample,shm,208,84700
sample,shm,209,79000
sample,shm,210,87000
sample,shm,211,83000
sample,shm,212,95800
sample,shm,213,89500
sample,shm,214,79900
sample,shm,215,67900
sample,shm,216,152600
sample,shm,217,69100
sample,shm,218,71600
sample,shm,219,68900
sample,shm,220,87300
sample,shm,221,65800
sample,shm,222,62500
sample,shm,223,72800
sample,shm,224,72100
sample,shm,225,67800
sample,shm,226,70200
sample,shm,227,71400
sample,shm,228,67500
sample,shm,229,67800
sample,shm,230,94100
sample,shm,231,72800
sample,shm,232,69000
sample,shm,233,82400
sample,shm,234,140400
sample,shm,235,143400
sample,shm,236,97300
sample,shm,237,77000
sample,shm,238,73000
sample,shm,239,83100
sample,shm,240,76300
sample,shm,241,76100
sample,shm,242,75200
sample,shm,243,68800
sample,shm,244,71000
sample,shm,245,66600
sample,shm,246,80800
sample,shm,247,94700
sample,shm,248,68100
sample,shm,249,137300
sample,shm,250,71400
sample,shm,251,93800
sample,shm,252,141600
sample,shm,253,90900
sample,shm,254,72200
sample,shm,255,77200
sample,shm,256,101300
sample,shm,257,79200
sample,shm,258,79300
sample,shm,259,71700
sample,shm,260,74800
sample,shm,261,72100
sample,shm,262,74500
sample,shm,263,70800
sample,shm,264,79200
sample,shm,265,73600
sample,shm,266,72200
sample,shm,267,88500
sample,shm,268,71800
sample,shm,269,68000
sample,shm,270,88400
sample,shm,271,57500
sample,shm,272,70400
sample,shm,273,85200
sample,shm,274,75700
sample,shm,275,102200
sample,shm,276,72500
sample,shm,277,92000
sample,shm,278,84700
sample,shm,279,87200
sample,shm,280,84700
sample,shm,281,71000
sample,shm,282,75900
sample,shm,283,77300
sample,shm,284,78200
sample,shm,285,74400
sample,shm,286,72100
sample,shm,287,78900
sample,shm,288,87100
sample,shm,289,69500
sample,shm,290,131000
sample,shm,291,89600
sample,shm,292,76400
sample,shm,293,95100
sample,shm,294,90600
sample,shm,295,85800
sample,shm,296,78500
sample,shm,297,63100
sample,shm,298,57900
sample,shm,299,111200
sample,shm,300,73000
sample,shm,301,59000
sample,shm,302,62600
sample,shm,303,89000
sample,shm,304,90800
sample,shm,305,133200
sample,shm,306,158700
sample,shm,307,73400
sample,shm,308,67900
sample,shm,309,69300
sample,shm,310,75600
sample,shm,311,68600
sample,shm,312,68200
sample,shm,313,65200
sample,shm,314,66500
sample,shm,315,67300
sample,shm,316,64900
sample,shm,317,66300
sample,shm,318,70100
sample,shm,319,65700
sample,shm,320,67000
sample,shm,321,67600
sample,shm,322,65700
sample,shm,323,66300
sample,shm,324,66300
sample,shm,325,68700
sample,shm,326,75200
sample,shm,327,70200
sample,shm,328,66300
sample,shm,329,67200
sample,shm,330,92200
sample,shm,331,71500
sample,shm,332,76500
sample,shm,333,67000
sample,shm,334,75200
sample,shm,335,82500
sample,shm,336,81900
sample,shm,337,138400
sample,shm,338,88600
sample,shm,339,77900
sample,shm,340,66400
sample,shm,341,61600
sample,shm,342,55700
sample,shm,343,57200
sample,shm,344,59100
sample,shm,345,57900
sample,shm,346,63700
sample,shm,347,67700
sample,shm,348,57000
sample,shm,349,68000
sample,shm,350,61000
sample,shm,351,81100
sample,shm,352,80200
sample,shm,353,82200
sample,shm,354,87400
sample,shm,355,100300
sample,shm,356,89400
sample,shm,357,100700
sample,shm,358,106000
sample,shm,359,95500
sample,shm,360,66400
sample,shm,361,63400
sample,shm,362,53100
sample,shm,363,67200
sample,shm,364,56800
sample,shm,365,78500
sample,shm,366,80600
sample,shm,367,73600
sample,shm,368,59800
sample,shm,369,72900
sample,shm,370,60200
sample,shm,371,55300
sample,shm,372,55100
sample,shm,373,69900
sample,shm,374,74500
sample,shm,375,95100
sample,shm,376,92200
sample,shm,377,78400
sample,shm,378,100800
sample,shm,379,60300
sample,shm,380,55800
sample,shm,381,56200
sample,shm,382,71300
sample,shm,383,95400
sample,shm,384,176000
sample,shm,385,88600
sample,shm,386,57400
sample,shm,387,79600
sample,shm,388,70600
sample,shm,389,132600
sample,shm,390,91300
sample,shm,391,122000
sample,shm,392,107600
sample,shm,393,277800
sample,shm,394,99700
sample,shm,395,89300
sample,shm,396,92200
sample,shm,397,81600
sample,shm,398,121000
sample,shm,399,110200
sample,shm,400,104700
sample,shm,401,132800
sample,shm,402,115700
sample,shm,403,96500
sample,shm,404,99900
sample,shm,405,80800
sample,shm,406,106200
sample,shm,407,79600
sample,shm,408,77700
sample,shm,409,73700
sample,shm,410,70600
sample,shm,411,92200
sample,shm,412,78900
sample,shm,413,68400
sample,shm,414,87100
sample,shm,415,69400
sample,shm,416,67500
sample,shm,417,66900
sample,shm,418,68200
sample,shm,419,74700
sample,shm,420,66900
sample,shm,421,109400
sample,shm,422,113700
sample,shm,423,80500
sample,shm,424,90100
sample,shm,425,82600
sample,shm,426,87100
sample,shm,427,81100
sample,shm,428,58300
sample,shm,429,62300
sample,shm,430,67100
sample,shm,431,105600
sample,shm,432,114100
sample,shm,433,83900
sample,shm,434,84500
sample,shm,435,70100
sample,shm,436,93800
sample,shm,437,91200
sample,shm,438,82100
sample,shm,439,60600
sample,shm,440,97100
sample,shm,441,84500
sample,shm,442,78400
sample,shm,443,89800
sample,shm,444,89400
sample,shm,445,89300
sample,shm,446,92300
sample,shm,447,80900
sample,shm,448,75300
sample,shm,449,70900
sample,shm,450,66200
sample,shm,451,117600
sample,shm,452,80500
sample,shm,453,91400
sample,shm,454,117400
sample,shm,455,84700
sample,shm,456,98300
sample,shm,457,86600
sample,shm,458,123900
sample,shm,459,92500
sample,shm,460,112000
sample,shm,461,146200
sample,shm,462,89400
sample,shm,463,88300
sample,shm,464,76400
sample,shm,465,124200
sample,shm,466,87700
sample,shm,467,82800
sample,shm,468,120100
sample,shm,469,97800
sample,shm,470,74000
sample,shm,471,69900
sample,shm,472,68800
sample,shm,473,68800
sample,shm,474,68700
sample,shm,475,68200
sample,shm,476,68600
sample,shm,477,88000
sample,shm,478,74200
sample,shm,479,71400
sample,shm,480,94200
sample,shm,481,89500
sample,shm,482,82300
sample,shm,483,78300
sample,shm,484,95500
sample,shm,485,89000
sample,shm,486,79900
sample,shm,487,120900
sample,shm,488,151600
sample,shm,489,89000
sample,shm,490,94600
sample,shm,491,81600
sample,shm,492,111300
sample,shm,493,86900
sample,shm,494,87500
sample,shm,495,69900
sample,shm,496,74100
sample,shm,497,100800
sample,shm,498,93400
sample,shm,499,81700
sample,shm,500,94100
sample,shm,501,82400
sample,shm,502,85600
sample,shm,503,82200
sample,shm,504,75900
sample,shm,505,79700
sample,shm,506,76900
sample,shm,507,76700
sample,shm,508,68400
sample,shm,509,94700
sample,shm,510,70800
sample,shm,511,73700
sample,shm,512,79000
sample,shm,513,57100
sample,shm,514,61100
sample,shm,515,63100
sample,shm,516,87800
sample,shm,517,96900
sample,shm,518,101600
sample,shm,519,76400
sample,shm,520,58800
sample,shm,521,55900
sample,shm,522,63300
sample,shm,523,75900
sample,shm,524,101500
sample,shm,525,86200
sample,shm,526,83400
sample,shm,527,114500
sample,shm,528,86300
sample,shm,529,91900
sample,shm,530,125100
sample,shm,531,84500
sample,shm,532,71000
sample,shm,533,69800
sample,shm,534,96900
sample,shm,535,83400
sample,shm,536,189600
sample,shm,537,87800
sample,shm,538,52500
sample,shm,539,93200
sample,shm,540,262000
sample,shm,541,70000
sample,shm,542,58900
sample,shm,543,114100
sample,shm,544,88900
sample,shm,545,224600
sample,shm,546,96100
sample,shm,547,71000
sample,shm,548,158100
sample,shm,549,93100
sample,shm,550,173000
sample,shm,551,87700
sample,shm,552,84500
sample,shm,553,111500
sample,shm,554,103200
sample,shm,555,143500
sample,shm,556,76800
sample,shm,557,125200
sample,shm,558,96600
sample,shm,559,80400
sample,shm,560,95100
sample,shm,561,81900
sample,shm,562,105800
sample,shm,563,86600
sample,shm,564,90600
sample,shm,565,109800
sample,shm,566,88700
sample,shm,567,77500
sample,shm,568,89000
sample,shm,569,129700
sample,shm,570,121700
sample,shm,571,69500
sample,shm,572,94700
sample,shm,573,62800
sample,shm,574,65100
sample,shm,575,82100
sample,shm,576,109300
sample,shm,577,83100
sample,shm,578,77100
sample,shm,579,89700
sample,shm,580,90300
sample,shm,581,57200
sample,shm,582,64900
sample,shm,583,79800
sample,shm,584,75400
sample,shm,585,76000
sample,shm,586,75300
sample,shm,587,73200
sample,shm,588,79500
sample,shm,589,60700
sample,shm,590,68500
sample,shm,591,87800
sample,shm,592,78700
sample,shm,593,82000
sample,shm,594,81800
sample,shm,595,114500
sample,shm,596,79700
sample,shm,597,86300
sample,shm,598,74700
sample,shm,599,91200
sample,shm,600,80800
sample,shm,601,99000
sample,shm,602,76300
sample,shm,603,70800
sample,shm,604,94800
sample,shm,605,81800
sample,shm,606,129400
sample,shm,607,96600
sample,shm,608,83000
sample,shm,609,73800
sample,shm,610,70200
sample,shm,611,76600
sample,shm,612,72300
sample,shm,613,73700
sample,shm,614,71300
sample,shm,615,125000
sample,shm,616,165500
sample,shm,617,120500
sample,shm,618,78600
sample,shm,619,75400
sample,shm,620,81300
sample,shm,621,84700
sample,shm,622,58900
sample,shm,623,56200
sample,shm,624,57000
sample,shm,625,73300
sample,shm,626,73500
sample,shm,627,59000
sample,shm,628,71900
sample,shm,629,95900
sample,shm,630,75100
sample,shm,631,66600
sample,shm,632,74700
sample,shm,633,66300
sample,shm,634,92600
sample,shm,635,81800
sample,shm,636,91700
sample,shm,637,92800
sample,shm,638,97900
sample,shm,639,96900
sample,shm,640,73500
sample,shm,641,86800
sample,shm,642,78000
sample,shm,643,79300
sample,shm,644,103700
sample,shm,645,66700
sample,shm,646,67500
sample,shm,647,89700
sample,shm,648,73900
sample,shm,649,85500
sample,shm,650,88600
sample,shm,651,86900
sample,shm,652,99600
sample,shm,653,66000
sample,shm,654,59900
sample,shm,655,81700
sample,shm,656,94500
sample,shm,657,91800
sample,shm,658,125300
sample,shm,659,86000
sample,shm,660,59000
sample,shm,661,78400
sample,shm,662,87100
sample,shm,663,96100
sample,shm,664,72200
sample,shm,665,98300
sample,shm,666,99600
sample,shm,667,72300
sample,shm,668,70300
sample,shm,669,62300
sample,shm,670,79900
sample,shm,671,99000
sample,shm,672,101100
sample,shm,673,122600
sample,shm,674,62100
sample,shm,675,74500
sample,shm,676,87700
sample,shm,677,80800
sample,shm,678,91800
sample,shm,679,95700
sample,shm,680,84500
sample,shm,681,105600
sample,shm,682,95100
sample,shm,683,80100
sample,shm,684,71100
sample,shm,685,73300
sample,shm,686,96500
sample,shm,687,85500
sample,shm,688,66500
sample,shm,689,60100
sample,shm,690,90000
sample,shm,691,78600
sample,shm,692,142100
sample,shm,693,97500
sample,shm,694,90300
sample,shm,695,81300
sample,shm,696,105100
sample,shm,697,83400
sample,shm,698,75800
sample,shm,699,61200
sample,shm,700,144000
sample,shm,701,82400
sample,shm,702,101500
sample,shm,703,71800
sample,shm,704,80600
sample,shm,705,87100
sample,shm,706,89100
sample,shm,707,103000
sample,shm,708,86100
sample,shm,709,82200
sample,shm,710,89600
sample,shm,711,91900
sample,shm,712,91600
sample,shm,713,67700
sample,shm,714,67500
sample,shm,715,62500
sample,shm,716,60500
sample,shm,717,85700
sample,shm,718,66800
sample,shm,719,63900
sample,shm,720,56300
sample,shm,721,58500
sample,shm,722,98400
sample,shm,723,72000
sample,shm,724,68100
sample,shm,725,75400
sample,shm,726,83400
sample,shm,727,87100
sample,shm,728,80400
sample,shm,729,97900
sample,shm,730,85800
sample,shm,731,90400
sample,shm,732,86500
sample,shm,733,95000
sample,shm,734,86400
sample,shm,735,98000
sample,shm,736,75300
sample,shm,737,94000
sample,shm,738,88300
sample,shm,739,103800
sample,shm,740,91700
sample,shm,741,79000
sample,shm,742,58600
sample,shm,743,95800
sample,shm,744,85200
sample,shm,745,99700
sample,shm,746,70900
sample,shm,747,74200
sample,shm,748,59700
sample,shm,749,57400
sample,shm,750,89500
sample,shm,751,70400
sample,shm,752,105700
sample,shm,753,115700
sample,shm,754,110300
sample,shm,755,85300
sample,shm,756,77500
sample,shm,757,74400
sample,shm,758,94900
sample,shm,759,60700
sample,shm,760,59600
sample,shm,761,52300
sample,shm,762,60600
sample,shm,763,83300
sample,shm,764,59100
sample,shm,765,72100
sample,shm,766,60000
sample,shm,767,66100
sample,shm,768,68000
sample,shm,769,69400
sample,shm,770,63400
sample,shm,771,75400
sample,shm,772,61500
sample,shm,773,78700
sample,shm,774,79500
sample,shm,775,96200
sample,shm,776,88300
sample,shm,777,98300
sample,shm,778,92200
sample,shm,779,93000
sample,shm,780,96300
sample,shm,781,88200
sample,shm,782,78900
sample,shm,783,66400
sample,shm,784,77000
sample,shm,785,91800
sample,shm,786,74200
sample,shm,787,77400
sample,shm,788,68500
sample,shm,789,75200
sample,shm,790,81200
sample,shm,791,88500
sample,shm,792,73400
sample,shm,793,73500
sample,shm,794,99600
sample,shm,795,94800
sample,shm,796,97000
sample,shm,797,77500
sample,shm,798,91600
sample,shm,799,99300
sample,shm,800,77900
sample,shm,801,72400
sample,shm,802,71600
sample,shm,803,71900
sample,shm,804,70500
sample,shm,805,82900
sample,shm,806,87200
sample,shm,807,71400
sample,shm,808,69800
sample,shm,809,80800
sample,shm,810,71100
sample,shm,811,67900
sample,shm,812,68800
sample,shm,813,69100
sample,shm,814,67600
sample,shm,815,68000
sample,shm,816,67600
sample,shm,817,70500
sample,shm,818,68800
sample,shm,819,68700
sample,shm,820,78700
sample,shm,821,76200
sample,shm,822,68600
sample,shm,823,69200
sample,shm,824,67800
sample,shm,825,68500
sample,shm,826,71400
sample,shm,827,78600
sample,shm,828,74100
sample,shm,829,86300
sample,shm,830,77400
sample,shm,831,81100
sample,shm,832,66400
sample,shm,833,63800
sample,shm,834,63100
sample,shm,835,62700
sample,shm,836,360500
sample,shm,837,109000
sample,shm,838,75300
sample,shm,839,63000
sample,shm,840,75500
sample,shm,841,84300
sample,shm,842,83800
sample,shm,843,83600
sample,shm,844,84900
sample,shm,845,80600
sample,shm,846,179600
sample,shm,847,135900
sample,shm,848,70400
sample,shm,849,48600
sample,shm,850,68300
sample,shm,851,43800
sample,shm,852,70800
sample,shm,853,87500
sample,shm,854,79800
sample,shm,855,90000
sample,shm,856,69300
sample,shm,857,81000
sample,shm,858,77000
sample,shm,859,67200
sample,shm,860,67900
sample,shm,861,64300
sample,shm,862,64700
sample,shm,863,71300
sample,shm,864,68400
sample,shm,865,66500
sample,shm,866,65600
sample,shm,867,85800
sample,shm,868,99100
sample,shm,869,72400
sample,shm,870,68900
sample,shm,871,68400
sample,shm,872,68200
sample,shm,873,70800
sample,shm,874,82200
sample,shm,875,81000
sample,shm,876,75200
sample,shm,877,69200
sample,shm,878,76900
sample,shm,879,66700
sample,shm,880,69000
sample,shm,881,69300
sample,shm,882,71600
sample,shm,883,69700
sample,shm,884,68200
sample,shm,885,78400
sample,shm,886,74200
sample,shm,887,90200
sample,shm,888,91600
sample,shm,889,86900
sample,shm,890,90300
sample,shm,891,90100
sample,shm,892,70200
sample,shm,893,67000
sample,shm,894,65300
sample,shm,895,64500
sample,shm,896,64700
sample,shm,897,65200
sample,shm,898,69700
sample,shm,899,67100
sample,shm,900,64300
sample,shm,901,64800
sample,shm,902,64600
sample,shm,903,64300
sample,shm,904,64600
sample,shm,905,64700
sample,shm,906,64200
sample,shm,907,65100
sample,shm,908,64700
sample,shm,909,66400
sample,shm,910,65900
sample,shm,911,65100
sample,shm,912,64800
sample,shm,913,64500
sample,shm,914,71200
sample,shm,915,190900
sample,shm,916,83600
sample,shm,917,64700
sample,shm,918,59900
sample,shm,919,60400
sample,shm,920,62900
sample,shm,921,122600
sample,shm,922,91900
sample,shm,923,71100
sample,shm,924,87400
sample,shm,925,73900
sample,shm,926,67400
sample,shm,927,66200
sample,shm,928,73400
sample,shm,929,89600
sample,shm,930,87700
sample,shm,931,78100
sample,shm,932,67600
sample,shm,933,66700
sample,shm,934,66100
sample,shm,935,66100
sample,shm,936,66900
sample,shm,937,90400
sample,shm,938,69800
sample,shm,939,65000
sample,shm,940,63900
sample,shm,941,72400
sample,shm,942,81800
sample,shm,943,84700
sample,shm,944,71400
sample,shm,945,68900
sample,shm,946,103000
sample,shm,947,91100
sample,shm,948,68700
sample,shm,949,65800
sample,shm,950,73100
sample,shm,951,83900
sample,shm,952,71500
sample,shm,953,66800
sample,shm,954,65000
sample,shm,955,75300
sample,shm,956,70900
sample,shm,957,69900
sample,shm,958,78600
sample,shm,959,71000
sample,shm,960,65600
sample,shm,961,66800
sample,shm,962,66500
sample,shm,963,71000
sample,shm,964,67200
sample,shm,965,67900
sample,shm,966,69300
sample,shm,967,67800
sample,shm,968,66600
sample,shm,969,67500
sample,shm,970,65700
sample,shm,971,67500
sample,shm,972,65900
sample,shm,973,65000
sample,shm,974,80400
sample,shm,975,68600
sample,shm,976,68600
sample,shm,977,66000
sample,shm,978,67900
sample,shm,979,68200
sample,shm,980,69300
sample,shm,981,68500
sample,shm,982,66800
sample,shm,983,66400
sample,shm,984,66900
sample,shm,985,89400
sample,shm,986,80700
sample,shm,987,75400
sample,shm,988,108200
sample,shm,989,105800
sample,shm,990,85300
sample,shm,991,88300
sample,shm,992,67700
sample,shm,993,67300
sample,shm,994,87100
sample,shm,995,67400
sample,shm,996,59900
sample,shm,997,55700
sample,shm,998,58200
sample,shm,999,64900
sample,shm,1000,73100
sample,shm,1001,64700
sample,shm,1002,59800
sample,shm,1003,62800
sample,shm,1004,423300
sample,shm,1005,146500
sample,shm,1006,86100
sample,shm,1007,100000
sample,shm,1008,80400
sample,shm,1009,72000
sample,shm,1010,137600
sample,shm,1011,80000
sample,shm,1012,78700
sample,shm,1013,159900
sample,shm,1014,62300
sample,shm,1015,74300
sample,shm,1016,58000
sample,shm,1017,54800
sample,shm,1018,56900
sample,shm,1019,75400
sample,shm,1020,115300
sample,shm,1021,76900
sample,shm,1022,82600
sample,shm,1023,80000
sample,shm,1024,100400
sample,shm,1025,80700
sample,shm,1026,89300
sample,shm,1027,84800
sample,shm,1028,88000
sample,shm,1029,81900
sample,shm,1030,70800
sample,shm,1031,87800
sample,shm,1032,67900
sample,shm,1033,81100
sample,shm,1034,84600
sample,shm,1035,81600
sample,shm,1036,93300
sample,shm,1037,83600
sample,shm,1038,76500
sample,shm,1039,73600
sample,shm,1040,84300
sample,shm,1041,90600
sample,shm,1042,94000
sample,shm,1043,71300
sample,shm,1044,82000
sample,shm,1045,64700
sample,shm,1046,81700
sample,shm,1047,77200
sample,shm,1048,82800
sample,shm,1049,77900
sample,shm,1050,90400
sample,shm,1051,72400
sample,shm,1052,77700
sample,shm,1053,90600
sample,shm,1054,92700
sample,shm,1055,72000
sample,shm,1056,78200
sample,shm,1057,69400
sample,shm,1058,78900
sample,shm,1059,90200
sample,shm,1060,78700
sample,shm,1061,84900
sample,shm,1062,74800
sample,shm,1063,101500
sample,shm,1064,70200
sample,shm,1065,67900
sample,shm,1066,66100
sample,shm,1067,79700
sample,shm,1068,90400
sample,shm,1069,92300
sample,shm,1070,103300
sample,shm,1071,79700
sample,shm,1072,78700
sample,shm,1073,107100
sample,shm,1074,99800
sample,shm,1075,102200
sample,shm,1076,95500
sample,shm,1077,80600
sample,shm,1078,83200
sample,shm,1079,67800
sample,shm,1080,79500
sample,shm,1081,78200
sample,shm,1082,97500
sample,shm,1083,80800
sample,shm,1084,73800
sample,shm,1085,73400
sample,shm,1086,74200
sample,shm,1087,74100
sample,shm,1088,72400
sample,shm,1089,71500
sample,shm,1090,72700
sample,shm,1091,87300
sample,shm,1092,72700
sample,shm,1093,54200
sample,shm,1094,96400
sample,shm,1095,75600
sample,shm,1096,74700
sample,shm,1097,79100
sample,shm,1098,72800
sample,shm,1099,80900
sample,shm,1100,97600
sample,shm,1101,73500
sample,shm,1102,80700
sample,shm,1103,60200
sample,shm,1104,59300
sample,shm,1105,59100
sample,shm,1106,59200
sample,shm,1107,77800
sample,shm,1108,64600
sample,shm,1109,98100
sample,shm,1110,59000
sample,shm,1111,53700
sample,shm,1112,105000
sample,shm,1113,92700
sample,shm,1114,105800
sample,shm,1115,81400
sample,shm,1116,101200
sample,shm,1117,77200
sample,shm,1118,76800
sample,shm,1119,113200
sample,shm,1120,83400
sample,shm,1121,78700
sample,shm,1122,71800
sample,shm,1123,90000
sample,shm,1124,72700
sample,shm,1125,71700
sample,shm,1126,153200
sample,shm,1127,124600
sample,shm,1128,167400
sample,shm,1129,142200
sample,shm,1130,100200
sample,shm,1131,142200
sample,shm,1132,215100
sample,shm,1133,279300
sample,shm,1134,105100
sample,shm,1135,155800
sample,shm,1136,248100
sample,shm,1137,169500
sample,shm,1138,101200
sample,shm,1139,77600
sample,shm,1140,70300
sample,shm,1141,189400
sample,shm,1142,101000
sample,shm,1143,71500
sample,shm,1144,84600
sample,shm,1145,98100
sample,shm,1146,75800
sample,shm,1147,102300
sample,shm,1148,70500
sample,shm,1149,84600
sample,shm,1150,67800
sample,shm,1151,77900
sample,shm,1152,87900
sample,shm,1153,69300
sample,shm,1154,79100
sample,shm,1155,99000
sample,shm,1156,95600
sample,shm,1157,73700
sample,shm,1158,84100
sample,shm,1159,70700
sample,shm,1160,82000
sample,shm,1161,86500
sample,shm,1162,91700
sample,shm,1163,81900
sample,shm,1164,76800
sample,shm,1165,89900
sample,shm,1166,73600
sample,shm,1167,70900
sample,shm,1168,66800
sample,shm,1169,74400
sample,shm,1170,69400
sample,shm,1171,67400
sample,shm,1172,78300
sample,shm,1173,81500
sample,shm,1174,74900
sample,shm,1175,70900
sample,shm,1176,71900
sample,shm,1177,67700
sample,shm,1178,67600
sample,shm,1179,89000
sample,shm,1180,70700
sample,shm,1181,72100
sample,shm,1182,68500
sample,shm,1183,76100
sample,shm,1184,71200
sample,shm,1185,72900
sample,shm,1186,67500
sample,shm,1187,67800
sample,shm,1188,68000
sample,shm,1189,67600
sample,shm,1190,68800
sample,shm,1191,65500
sample,shm,1192,69800
sample,shm,1193,89200
sample,shm,1194,72700
sample,shm,1195,73100
sample,shm,1196,67800
sample,shm,1197,71200
sample,shm,1198,67500
sample,shm,1199,67800
sample,shm,1200,82500
sample,shm,1201,65200
sample,shm,1202,78300
sample,shm,1203,73400
sample,shm,1204,85900
sample,shm,1205,68700
sample,shm,1206,71700
sample,shm,1207,68900
sample,shm,1208,72400
sample,shm,1209,69900
sample,shm,1210,70800
sample,shm,1211,68200
sample,shm,1212,68100
sample,shm,1213,69000
sample,shm,1214,68100
sample,shm,1215,68600
sample,shm,1216,79300
sample,shm,1217,72700
sample,shm,1218,73700
sample,shm,1219,69800
sample,shm,1220,68900
sample,shm,1221,69400
sample,shm,1222,70200
sample,shm,1223,69700
sample,shm,1224,69500
sample,shm,1225,69200
sample,shm,1226,71700
sample,shm,1227,99200
sample,shm,1228,83100
sample,shm,1229,70500
sample,shm,1230,90500
sample,shm,1231,76000
sample,shm,1232,68700
sample,shm,1233,81700
sample,shm,1234,73700
sample,shm,1235,71900
sample,shm,1236,74000
sample,shm,1237,77300
sample,shm,1238,72000
sample,shm,1239,72300
sample,shm,1240,67000
sample,shm,1241,87000
sample,shm,1242,82300
sample,shm,1243,77700
sample,shm,1244,89500
sample,shm,1245,68500
sample,shm,1246,70500
sample,shm,1247,59200
sample,shm,1248,61800
sample,shm,1249,86000
sample,shm,1250,58100
sample,shm,1251,61400
sample,shm,1252,77100
sample,shm,1253,67600
sample,shm,1254,65800
sample,shm,1255,64900
sample,shm,1256,65900
sample,shm,1257,65800
sample,shm,1258,73800
sample,shm,1259,63200
sample,shm,1260,70000
sample,shm,1261,65600
sample,shm,1262,65400
sample,shm,1263,62800
sample,shm,1264,68100
sample,shm,1265,87300
sample,shm,1266,71600
sample,shm,1267,65200
sample,shm,1268,62600
sample,shm,1269,61300
sample,shm,1270,78500
sample,shm,1271,81200
sample,shm,1272,73100
sample,shm,1273,64400
sample,shm,1274,76000
sample,shm,1275,71800
sample,shm,1276,65600
sample,shm,1277,65200
sample,shm,1278,80900
sample,shm,1279,76500
sample,shm,1280,85800
sample,shm,1281,146800
sample,shm,1282,80000
sample,shm,1283,83000
sample,shm,1284,79300
sample,shm,1285,95500
sample,shm,1286,81100
sample,shm,1287,66200
sample,shm,1288,77100
sample,shm,1289,69600
sample,shm,1290,70200
sample,shm,1291,92700
sample,shm,1292,84500
sample,shm,1293,66800
sample,shm,1294,70500
sample,shm,1295,56500
sample,shm,1296,56000
sample,shm,1297,64000
sample,shm,1298,77500
sample,shm,1299,102500
sample,shm,1300,79700
sample,shm,1301,79100
sample,shm,1302,57300
sample,shm,1303,65200
sample,shm,1304,77700
sample,shm,1305,79700
sample,shm,1306,230300
sample,shm,1307,96100
sample,shm,1308,93300
sample,shm,1309,89400
sample,shm,1310,74500
sample,shm,1311,122100
sample,shm,1312,78400
sample,shm,1313,76800
sample,shm,1314,76700
sample,shm,1315,84600
sample,shm,1316,101300
sample,shm,1317,96800
sample,shm,1318,79400
sample,shm,1319,140000
sample,shm,1320,85800
sample,shm,1321,92500
sample,shm,1322,93200
sample,shm,1323,117100
sample,shm,1324,101300
sample,shm,1325,144300
sample,shm,1326,62700
sample,shm,1327,86700
sample,shm,1328,90800
sample,shm,1329,80100
sample,shm,1330,69200
sample,shm,1331,93700
sample,shm,1332,73800
sample,shm,1333,103200
sample,shm,1334,73700
sample,shm,1335,76400
sample,shm,1336,81000
sample,shm,1337,74600
sample,shm,1338,68200
sample,shm,1339,75400
sample,shm,1340,60800
sample,shm,1341,84500
sample,shm,1342,78600
sample,shm,1343,76600
sample,shm,1344,82000
sample,shm,1345,74600
sample,shm,1346,71100
sample,shm,1347,85900
sample,shm,1348,72700
sample,shm,1349,88200
sample,shm,1350,62800
sample,shm,1351,79500
sample,shm,1352,68400
sample,shm,1353,62800
sample,shm,1354,76100
sample,shm,1355,58600
sample,shm,1356,68400
sample,shm,1357,59700
sample,shm,1358,54600
sample,shm,1359,61100
sample,shm,1360,74900
sample,shm,1361,62000
sample,shm,1362,85500
sample,shm,1363,67700
sample,shm,1364,66700
sample,shm,1365,101000
sample,shm,1366,72700
sample,shm,1367,69000
sample,shm,1368,61300
sample,shm,1369,60100
sample,shm,1370,88200
sample,shm,1371,78600
sample,shm,1372,64000
sample,shm,1373,91000
sample,shm,1374,74400
sample,shm,1375,80400
sample,shm,1376,95800
sample,shm,1377,115800
sample,shm,1378,94400
sample,shm,1379,105100
sample,shm,1380,132400
sample,shm,1381,65900
sample,shm,1382,57900
sample,shm,1383,76900
sample,shm,1384,75600
sample,shm,1385,54200
sample,shm,1386,64900
sample,shm,1387,56300
sample,shm,1388,52600
sample,shm,1389,57900
sample,shm,1390,73000
sample,shm,1391,126300
sample,shm,1392,72600
sample,shm,1393,72300
sample,shm,1394,68600
sample,shm,1395,59700
sample,shm,1396,55600
sample,shm,1397,75300
sample,shm,1398,74200
sample,shm,1399,71900
sample,shm,1400,67900
sample,shm,1401,64000
sample,shm,1402,79100
sample,shm,1403,58100
sample,shm,1404,71600
sample,shm,1405,71000
sample,shm,1406,64800
sample,shm,1407,71900
sample,shm,1408,67200
sample,shm,1409,73400
sample,shm,1410,60900
sample,shm,1411,56600
sample,shm,1412,68100
sample,shm,1413,68500
sample,shm,1414,70600
sample,shm,1415,81100
sample,shm,1416,77700
sample,shm,1417,78600
sample,shm,1418,98900
sample,shm,1419,91900
sample,shm,1420,79700
sample,shm,1421,97200
sample,shm,1422,80400
sample,shm,1423,132700
sample,shm,1424,82600
sample,shm,1425,77300
sample,shm,1426,62800
sample,shm,1427,71500
sample,shm,1428,93100
sample,shm,1429,67000
sample,shm,1430,65200
sample,shm,1431,64500
sample,shm,1432,68700
sample,shm,1433,62000
sample,shm,1434,57500
sample,shm,1435,51200
sample,shm,1436,74200
sample,shm,1437,65200
sample,shm,1438,62700
sample,shm,1439,61400
sample,shm,1440,66200
sample,shm,1441,62900
sample,shm,1442,64100
sample,shm,1443,64800
sample,shm,1444,63400
sample,shm,1445,63800
sample,shm,1446,59400
sample,shm,1447,64500
sample,shm,1448,64100
sample,shm,1449,63700
sample,shm,1450,65800
sample,shm,1451,63300
sample,shm,1452,63400
sample,shm,1453,64800
sample,shm,1454,63200
sample,shm,1455,63600
sample,shm,1456,63700
sample,shm,1457,64100
sample,shm,1458,63900
sample,shm,1459,63100
sample,shm,1460,67600
sample,shm,1461,68400
sample,shm,1462,62200
sample,shm,1463,82700
sample,shm,1464,78700
sample,shm,1465,66300
sample,shm,1466,59400
sample,shm,1467,52900
sample,shm,1468,51900
sample,shm,1469,68500
sample,shm,1470,67200
sample,shm,1471,64900
sample,shm,1472,66600
sample,shm,1473,103600
sample,shm,1474,83400
sample,shm,1475,101300
sample,shm,1476,87000
sample,shm,1477,76300
sample,shm,1478,82400
sample,shm,1479,92200
sample,shm,1480,126000
sample,shm,1481,94100
sample,shm,1482,86700
sample,shm,1483,71800
sample,shm,1484,60800
sample,shm,1485,82200
sample,shm,1486,100500
sample,shm,1487,93400
sample,shm,1488,89100
sample,shm,1489,77100
sample,shm,1490,91400
sample,shm,1491,95100
sample,shm,1492,72700
sample,shm,1493,67200
sample,shm,1494,82700
sample,shm,1495,79900
sample,shm,1496,103700
sample,shm,1497,68900
sample,shm,1498,91800
sample,shm,1499,104300
sample,shm,1500,109000
sample,shm,1501,86000
sample,shm,1502,116600
sample,shm,1503,76400
sample,shm,1504,79400
sample,shm,1505,90800
sample,shm,1506,70900
sample,shm,1507,74000
sample,shm,1508,70100
sample,shm,1509,69100
sample,shm,1510,71600
sample,shm,1511,66000
sample,shm,1512,77400
sample,shm,1513,68500
sample,shm,1514,67600
sample,shm,1515,80500
sample,shm,1516,76900
sample,shm,1517,65800
sample,shm,1518,60300
sample,shm,1519,56800
sample,shm,1520,78500
sample,shm,1521,135000
sample,shm,1522,75800
sample,shm,1523,67200
sample,shm,1524,99700
sample,shm,1525,73900
sample,shm,1526,68500
sample,shm,1527,88500
sample,shm,1528,76500
sample,shm,1529,76800
sample,shm,1530,76800
sample,shm,1531,73400
sample,shm,1532,71300
sample,shm,1533,71400
sample,shm,1534,78700
sample,shm,1535,75700
sample,shm,1536,84800
sample,shm,1537,72900
sample,shm,1538,78700
sample,shm,1539,70900
sample,shm,1540,66800
sample,shm,1541,82300
sample,shm,1542,79800
sample,shm,1543,74100
sample,shm,1544,81300
sample,shm,1545,76500
sample,shm,1546,200900
sample,shm,1547,112400
sample,shm,1548,77900
sample,shm,1549,103500
sample,shm,1550,83800
sample,shm,1551,100000
sample,shm,1552,80000
sample,shm,1553,91300
sample,shm,1554,93400
sample,shm,1555,74700
sample,shm,1556,66400
sample,shm,1557,64100
sample,shm,1558,64600
sample,shm,1559,68000
sample,shm,1560,66000
sample,shm,1561,66800
sample,shm,1562,65100
sample,shm,1563,65600
sample,shm,1564,65500
sample,shm,1565,65700
sample,shm,1566,64400
sample,shm,1567,65400
sample,shm,1568,65000
sample,shm,1569,65100
sample,shm,1570,67400
sample,shm,1571,70200
sample,shm,1572,65600
sample,shm,1573,54300
sample,shm,1574,52700
sample,shm,1575,69000
sample,shm,1576,75400
sample,shm,1577,56000
sample,shm,1578,52700
sample,shm,1579,69300
sample,shm,1580,72700
sample,shm,1581,63000
sample,shm,1582,85500
sample,shm,1583,72700
sample,shm,1584,69000
sample,shm,1585,60300
sample,shm,1586,69600
sample,shm,1587,60400
sample,shm,1588,54900
sample,shm,1589,65300
sample,shm,1590,55100
sample,shm,1591,76100
sample,shm,1592,68300
sample,shm,1593,88600
sample,shm,1594,67900
sample,shm,1595,74500
sample,shm,1596,78700
sample,shm,1597,65600
sample,shm,1598,56900
sample,shm,1599,69300
sample,shm,1600,57100
sample,shm,1601,57900
sample,shm,1602,69400
sample,shm,1603,77400
sample,shm,1604,73700
sample,shm,1605,67200
sample,shm,1606,66800
sample,shm,1607,64900
sample,shm,1608,62200
sample,shm,1609,57600
sample,shm,1610,66700
sample,shm,1611,94600
sample,shm,1612,116500
sample,shm,1613,93700
sample,shm,1614,86600
sample,shm,1615,88700
sample,shm,1616,75200
sample,shm,1617,85600
sample,shm,1618,76200
sample,shm,1619,66400
sample,shm,1620,71000
sample,shm,1621,102200
sample,shm,1622,65300
sample,shm,1623,79300
sample,shm,1624,86700
sample,shm,1625,88200
sample,shm,1626,70200
sample,shm,1627,71200
sample,shm,1628,69600
sample,shm,1629,66800
sample,shm,1630,70400
sample,shm,1631,95200
sample,shm,1632,79700
sample,shm,1633,72500
sample,shm,1634,104700
sample,shm,1635,97200
sample,shm,1636,250100
sample,shm,1637,86000
sample,shm,1638,79700
sample,shm,1639,118500
sample,shm,1640,104500
sample,shm,1641,73000
sample,shm,1642,102700
sample,shm,1643,73300
sample,shm,1644,77800
sample,shm,1645,70300
sample,shm,1646,68000
sample,shm,1647,67400
sample,shm,1648,63000
sample,shm,1649,69400
sample,shm,1650,78600
sample,shm,1651,83100
sample,shm,1652,84000
sample,shm,1653,79800
sample,shm,1654,76700
sample,shm,1655,104700
sample,shm,1656,101600
sample,shm,1657,87800
sample,shm,1658,77000
sample,shm,1659,85000
sample,shm,1660,98100
sample,shm,1661,97500
sample,shm,1662,102300
sample,shm,1663,72200
sample,shm,1664,54600
sample,shm,1665,71700
sample,shm,1666,92000
sample,shm,1667,87400
sample,shm,1668,66500
sample,shm,1669,68400
sample,shm,1670,74500
sample,shm,1671,93500
sample,shm,1672,72200
sample,shm,1673,86700
sample,shm,1674,70400
sample,shm,1675,74100
sample,shm,1676,71700
sample,shm,1677,58200
sample,shm,1678,55900
sample,shm,1679,56000
sample,shm,1680,55500
sample,shm,1681,55700
sample,shm,1682,54400
sample,shm,1683,54300
sample,shm,1684,69900
sample,shm,1685,63300
sample,shm,1686,56000
sample,shm,1687,80600
sample,shm,1688,76800
sample,shm,1689,72900
sample,shm,1690,73400
sample,shm,1691,75100
sample,shm,1692,73200
sample,shm,1693,76600
sample,shm,1694,71200
sample,shm,1695,102300
sample,shm,1696,58000
sample,shm,1697,72600
sample,shm,1698,75700
sample,shm,1699,73700
sample,shm,1700,86100
sample,shm,1701,84200
sample,shm,1702,66800
sample,shm,1703,60500
sample,shm,1704,56000
sample,shm,1705,56500
sample,shm,1706,63300
sample,shm,1707,56700
sample,shm,1708,56000
sample,shm,1709,58700
sample,shm,1710,56200
sample,shm,1711,56000
sample,shm,1712,54900
sample,shm,1713,55700
sample,shm,1714,120700
sample,shm,1715,100800
sample,shm,1716,63900
sample,shm,1717,57100
sample,shm,1718,81800
sample,shm,1719,60900
sample,shm,1720,56100
sample,shm,1721,55700
sample,shm,1722,55000
sample,shm,1723,54100
sample,shm,1724,55300
sample,shm,1725,54400
sample,shm,1726,54800
sample,shm,1727,54600
sample,shm,1728,54100
sample,shm,1729,54500
sample,shm,1730,55300
sample,shm,1731,82600
sample,shm,1732,73500
sample,shm,1733,57400
sample,shm,1734,55300
sample,shm,1735,55400
sample,shm,1736,55200
sample,shm,1737,55400
sample,shm,1738,94800
sample,shm,1739,80300
sample,shm,1740,79600
sample,shm,1741,95200
sample,shm,1742,78200
sample,shm,1743,85100
sample,shm,1744,106000
sample,shm,1745,79800
sample,shm,1746,95800
sample,shm,1747,77100
sample,shm,1748,81200
sample,shm,1749,83900
sample,shm,1750,75900
sample,shm,1751,158900
sample,shm,1752,82700
sample,shm,1753,73300
sample,shm,1754,82400
sample,shm,1755,74000
sample,shm,1756,81300
sample,shm,1757,75400
sample,shm,1758,80400
sample,shm,1759,89700
sample,shm,1760,118200
sample,shm,1761,76800
sample,shm,1762,66500
sample,shm,1763,78400
sample,shm,1764,69500
sample,shm,1765,79300
sample,shm,1766,106700
sample,shm,1767,101800
sample,shm,1768,73200
sample,shm,1769,92900
sample,shm,1770,100700
sample,shm,1771,84600
sample,shm,1772,84100
sample,shm,1773,64600
sample,shm,1774,74200
sample,shm,1775,76500
sample,shm,1776,67800
sample,shm,1777,67300
sample,shm,1778,64100
sample,shm,1779,57000
sample,shm,1780,59800
sample,shm,1781,57600
sample,shm,1782,64600
sample,shm,1783,60300
sample,shm,1784,55600
sample,shm,1785,54200
sample,shm,1786,69000
sample,shm,1787,69400
sample,shm,1788,56900
sample,shm,1789,55900
sample,shm,1790,59600
sample,shm,1791,60800
sample,shm,1792,68000
sample,shm,1793,77400
sample,shm,1794,63100
sample,shm,1795,47700
sample,shm,1796,53100
sample,shm,1797,63900
sample,shm,1798,59400
sample,shm,1799,83700
sample,shm,1800,73100
sample,shm,1801,82400
sample,shm,1802,72400
sample,shm,1803,65400
sample,shm,1804,59100
sample,shm,1805,62400
sample,shm,1806,52500
sample,shm,1807,83500
sample,shm,1808,64400
sample,shm,1809,58800
sample,shm,1810,84900
sample,shm,1811,105400
sample,shm,1812,77100
sample,shm,1813,92400
sample,shm,1814,155700
sample,shm,1815,94400
sample,shm,1816,82300
sample,shm,1817,72600
sample,shm,1818,91100
sample,shm,1819,85900
sample,shm,1820,107000
sample,shm,1821,164900
sample,shm,1822,160100
sample,shm,1823,76400
sample,shm,1824,89400
sample,shm,1825,90100
sample,shm,1826,86700
sample,shm,1827,86200
sample,shm,1828,125200
sample,shm,1829,63700
sample,shm,1830,94300
sample,shm,1831,75600
sample,shm,1832,86800
sample,shm,1833,71700
sample,shm,1834,82600
sample,shm,1835,74200
sample,shm,1836,80100
sample,shm,1837,85700
sample,shm,1838,74700
sample,shm,1839,77100
sample,shm,1840,69400
sample,shm,1841,80100
sample,shm,1842,99800
sample,shm,1843,84900
sample,shm,1844,80900
sample,shm,1845,165800
sample,shm,1846,108400
sample,shm,1847,88900
sample,shm,1848,68000
sample,shm,1849,82200
sample,shm,1850,77900
sample,shm,1851,72900
sample,shm,1852,76700
sample,shm,1853,72100
sample,shm,1854,69700
sample,shm,1855,74000
sample,shm,1856,95500
sample,shm,1857,71900
sample,shm,1858,72900
sample,shm,1859,68700
sample,shm,1860,73600
sample,shm,1861,76200
sample,shm,1862,66600
sample,shm,1863,80500
sample,shm,1864,80400
sample,shm,1865,88500
sample,shm,1866,72800
sample,shm,1867,98500
sample,shm,1868,84600
sample,shm,1869,75200
sample,shm,1870,135600
sample,shm,1871,102600
sample,shm,1872,89100
sample,shm,1873,84000
sample,shm,1874,85000
sample,shm,1875,70800
sample,shm,1876,96400
sample,shm,1877,90600
sample,shm,1878,73300
sample,shm,1879,77000
sample,shm,1880,79800
sample,shm,1881,96100
sample,shm,1882,74400
sample,shm,1883,80700
sample,shm,1884,72700
sample,shm,1885,115100
sample,shm,1886,81400
sample,shm,1887,89000
sample,shm,1888,82800
sample,shm,1889,82100
sample,shm,1890,66400
sample,shm,1891,64400
sample,shm,1892,94600
sample,shm,1893,80700
sample,shm,1894,70400
sample,shm,1895,73800
sample,shm,1896,79600
sample,shm,1897,72800
sample,shm,1898,93900
sample,shm,1899,77100
sample,shm,1900,72900
sample,shm,1901,72600
sample,shm,1902,68500
sample,shm,1903,84100
sample,shm,1904,85500
sample,shm,1905,90900
sample,shm,1906,84100
sample,shm,1907,69600
sample,shm,1908,106000
sample,shm,1909,103000
sample,shm,1910,84400
sample,shm,1911,79800
sample,shm,1912,108300
sample,shm,1913,81200
sample,shm,1914,76100
sample,shm,1915,97400
sample,shm,1916,63600
sample,shm,1917,82300
sample,shm,1918,85300
sample,shm,1919,112100
sample,shm,1920,120500
sample,shm,1921,80400
sample,shm,1922,93100
sample,shm,1923,59300
sample,shm,1924,123400
sample,shm,1925,111100
sample,shm,1926,258900
sample,shm,1927,88500
sample,shm,1928,397100
sample,shm,1929,151800
sample,shm,1930,160400
sample,shm,1931,174900
sample,shm,1932,109200
sample,shm,1933,78900
sample,shm,1934,91100
sample,shm,1935,126100
sample,shm,1936,75700
sample,shm,1937,87900
sample,shm,1938,83700
sample,shm,1939,85600
sample,shm,1940,95800
sample,shm,1941,158200
sample,shm,1942,121700
sample,shm,1943,92800
sample,shm,1944,81500
sample,shm,1945,82000
sample,shm,1946,81000
sample,shm,1947,77300
sample,shm,1948,84300
sample,shm,1949,103100
sample,shm,1950,94600
sample,shm,1951,126600
sample,shm,1952,107800
sample,shm,1953,82900
sample,shm,1954,108900
sample,shm,1955,90200
sample,shm,1956,83200
sample,shm,1957,82700
sample,shm,1958,82300
sample,shm,1959,83400
sample,shm,1960,82200
sample,shm,1961,81800
sample,shm,1962,81700
sample,shm,1963,83400
sample,shm,1964,90000
sample,shm,1965,85200
sample,shm,1966,83600
sample,shm,1967,85800
sample,shm,1968,85200
sample,shm,1969,86000
sample,shm,1970,83600
sample,shm,1971,84600
sample,shm,1972,87100
sample,shm,1973,82500
sample,shm,1974,84300
sample,shm,1975,87300
sample,shm,1976,76200
sample,shm,1977,77200
sample,shm,1978,77200
sample,shm,1979,79100
sample,shm,1980,79200
sample,shm,1981,81400
sample,shm,1982,83300
sample,shm,1983,79500
sample,shm,1984,82400
sample,shm,1985,80100
sample,shm,1986,80700
sample,shm,1987,78400
sample,shm,1988,79500
sample,shm,1989,79400
sample,shm,1990,76700
sample,shm,1991,73500
sample,shm,1992,92600
sample,shm,1993,122300
sample,shm,1994,211500
sample,shm,1995,115900
sample,shm,1996,73000
sample,shm,1997,80500
sample,shm,1998,78600
sample,shm,1999,81700
sample,shm,2000,101100
sample,shm,2001,70000
sample,shm,2002,89200
sample,shm,2003,77700
sample,shm,2004,99600
sample,shm,2005,80300
sample,shm,2006,57200
sample,shm,2007,59400
sample,shm,2008,62400
sample,shm,2009,59000
sample,shm,2010,71200
sample,shm,2011,73500
sample,shm,2012,75900
sample,shm,2013,71600
sample,shm,2014,110900
sample,shm,2015,149400
sample,shm,2016,122900
sample,shm,2017,85300
sample,shm,2018,82800
sample,shm,2019,82800
sample,shm,2020,82500
sample,shm,2021,76300
sample,shm,2022,61700
sample,shm,2023,61600
sample,shm,2024,58600
sample,shm,2025,109400
sample,shm,2026,84600
sample,shm,2027,91600
sample,shm,2028,92500
sample,shm,2029,79000
sample,shm,2030,80300
sample,shm,2031,110600
sample,shm,2032,95200
sample,shm,2033,113600
sample,shm,2034,126100
sample,shm,2035,127600
sample,shm,2036,79500
sample,shm,2037,90400
sample,shm,2038,79900
sample,shm,2039,92800
sample,shm,2040,81500
sample,shm,2041,84000
sample,shm,2042,84000
sample,shm,2043,84800
sample,shm,2044,83100
sample,shm,2045,84900
sample,shm,2046,78800
sample,shm,2047,86000
sample,shm,2048,78200
sample,shm,2049,84200
sample,shm,2050,93000
sample,shm,2051,81200
sample,shm,2052,81800
sample,shm,2053,86600
sample,shm,2054,117700
sample,shm,2055,92600
sample,shm,2056,77600
sample,shm,2057,78200
sample,shm,2058,80600
sample,shm,2059,80600
sample,shm,2060,80500
sample,shm,2061,82700
sample,shm,2062,81000
sample,shm,2063,80000
sample,shm,2064,82200
sample,shm,2065,83400
sample,shm,2066,86500
sample,shm,2067,80600
sample,shm,2068,82500
sample,shm,2069,79500
sample,shm,2070,81200
sample,shm,2071,85000
sample,shm,2072,74900
sample,shm,2073,161700
sample,shm,2074,90600
sample,shm,2075,75200
sample,shm,2076,68100
sample,shm,2077,83500
sample,shm,2078,82000
sample,shm,2079,77300
sample,shm,2080,123000
sample,shm,2081,100800
sample,shm,2082,88300
sample,shm,2083,75200
sample,shm,2084,85400
sample,shm,2085,80600
sample,shm,2086,180200
sample,shm,2087,176800
sample,shm,2088,95800
sample,shm,2089,82400
sample,shm,2090,89900
sample,shm,2091,85300
sample,shm,2092,79400
sample,shm,2093,81700
sample,shm,2094,72500
sample,shm,2095,85700
sample,shm,2096,114800
sample,shm,2097,84600
sample,shm,2098,88400
sample,shm,2099,78500
sample,shm,2100,178400
sample,shm,2101,110200
sample,shm,2102,96600
sample,shm,2103,92900
sample,shm,2104,116300
sample,shm,2105,80900
sample,shm,2106,84300
sample,shm,2107,102800
sample,shm,2108,72600
sample,shm,2109,63100
sample,shm,2110,61000
sample,shm,2111,75000
sample,shm,2112,58100
sample,shm,2113,79100
sample,shm,2114,87900
sample,shm,2115,87100
sample,shm,2116,78800
sample,shm,2117,68600
sample,shm,2118,67700
sample,shm,2119,72600
sample,shm,2120,69000
sample,shm,2121,67700
sample,shm,2122,68900
sample,shm,2123,60100
sample,shm,2124,53000
sample,shm,2125,53500
sample,shm,2126,52800
sample,shm,2127,52600
sample,shm,2128,62200
sample,shm,2129,52900
sample,shm,2130,53100
sample,shm,2131,69300
sample,shm,2132,105900
sample,shm,2133,76000
sample,shm,2134,71200
sample,shm,2135,76400
sample,shm,2136,52700
sample,shm,2137,70600
sample,shm,2138,55800
sample,shm,2139,53400
sample,shm,2140,59300
sample,shm,2141,53300
sample,shm,2142,60400
sample,shm,2143,79700
sample,shm,2144,92700
sample,shm,2145,83800
sample,shm,2146,77300
sample,shm,2147,72300
sample,shm,2148,94400
sample,shm,2149,73900
sample,shm,2150,86800
sample,shm,2151,59500
sample,shm,2152,59700
sample,shm,2153,100600
sample,shm,2154,65600
sample,shm,2155,66700
sample,shm,2156,61600
sample,shm,2157,63700
sample,shm,2158,64200
sample,shm,2159,59900
sample,shm,2160,57900
sample,shm,2161,68500
sample,shm,2162,67900
sample,shm,2163,63800
sample,shm,2164,74100
sample,shm,2165,84300
sample,shm,2166,63400
sample,shm,2167,96200
sample,shm,2168,59400
sample,shm,2169,64700
sample,shm,2170,54200
sample,shm,2171,73000
sample,shm,2172,67400
sample,shm,2173,60700
sample,shm,2174,58100
sample,shm,2175,63000
sample,shm,2176,57000
sample,shm,2177,64100
sample,shm,2178,57200
sample,shm,2179,62700
sample,shm,2180,57300
sample,shm,2181,62600
sample,shm,2182,57000
sample,shm,2183,61600
sample,shm,2184,57300
sample,shm,2185,60800
sample,shm,2186,56900
sample,shm,2187,66300
sample,shm,2188,67400
sample,shm,2189,56800
sample,shm,2190,62900
sample,shm,2191,56700
sample,shm,2192,62000
sample,shm,2193,70300
sample,shm,2194,56900
sample,shm,2195,59300
sample,shm,2196,58100
sample,shm,2197,62100
sample,shm,2198,58000
sample,shm,2199,61800
sample,shm,2200,56500
sample,shm,2201,61900
sample,shm,2202,57400
sample,shm,2203,59300
sample,shm,2204,57900
sample,shm,2205,61400
sample,shm,2206,57200
sample,shm,2207,61800
sample,shm,2208,59900
sample,shm,2209,61200
sample,shm,2210,57900
sample,shm,2211,62700
sample,shm,2212,70600
sample,shm,2213,57300
sample,shm,2214,62000
sample,shm,2215,53600
sample,shm,2216,72400
sample,shm,2217,71300
sample,shm,2218,67800
sample,shm,2219,58600
sample,shm,2220,59000
sample,shm,2221,62700
sample,shm,2222,62800
sample,shm,2223,57800
sample,shm,2224,62500
sample,shm,2225,57800
sample,shm,2226,61900
sample,shm,2227,68900
sample,shm,2228,58200
sample,shm,2229,56600
sample,shm,2230,58500
sample,shm,2231,63900
sample,shm,2232,58600
sample,shm,2233,69600
sample,shm,2234,59300
sample,shm,2235,63000
sample,shm,2236,59000
sample,shm,2237,62800
sample,shm,2238,68500
sample,shm,2239,57500
sample,shm,2240,55000
sample,shm,2241,59000
sample,shm,2242,70700
sample,shm,2243,67300
sample,shm,2244,66500
sample,shm,2245,67900
sample,shm,2246,67300
sample,shm,2247,113200
sample,shm,2248,82600
sample,shm,2249,84900
sample,shm,2250,71500
sample,shm,2251,64900
sample,shm,2252,61700
sample,shm,2253,84200
sample,shm,2254,81000
sample,shm,2255,77000
sample,shm,2256,62400
sample,shm,2257,79100
sample,shm,2258,105300
sample,shm,2259,67000
sample,shm,2260,83400
sample,shm,2261,87000
sample,shm,2262,75800
sample,shm,2263,251600
sample,shm,2264,136900
sample,shm,2265,102700
sample,shm,2266,90100
sample,shm,2267,229600
sample,shm,2268,320100
sample,shm,2269,231700
sample,shm,2270,306100
sample,shm,2271,187100
sample,shm,2272,151000
sample,shm,2273,90100
sample,shm,2274,78700
sample,shm,2275,96700
sample,shm,2276,93200
sample,shm,2277,87300
sample,shm,2278,70600
sample,shm,2279,70400
sample,shm,2280,70000
sample,shm,2281,67200
sample,shm,2282,89100
sample,shm,2283,75400
sample,shm,2284,84300
sample,shm,2285,56500
sample,shm,2286,70600
sample,shm,2287,67800
sample,shm,2288,75500
sample,shm,2289,66200
sample,shm,2290,51400
sample,shm,2291,73700
sample,shm,2292,57100
sample,shm,2293,67500
sample,shm,2294,65800
sample,shm,2295,63400
sample,shm,2296,59600
sample,shm,2297,75500
sample,shm,2298,60500
sample,shm,2299,54100
sample,shm,2300,52100
sample,shm,2301,51100
sample,shm,2302,66900
sample,shm,2303,74100
sample,shm,2304,53300
sample,shm,2305,51300
sample,shm,2306,68100
sample,shm,2307,69800
sample,shm,2308,53700
sample,shm,2309,63000
sample,shm,2310,59000
sample,shm,2311,67800
sample,shm,2312,69800
sample,shm,2313,60300
sample,shm,2314,61100
sample,shm,2315,58100
sample,shm,2316,52600
sample,shm,2317,73400
sample,shm,2318,54700
sample,shm,2319,52200
sample,shm,2320,50500
sample,shm,2321,54600
sample,shm,2322,57400
sample,shm,2323,62900
sample,shm,2324,47500
sample,shm,2325,51500
sample,shm,2326,68000
sample,shm,2327,65800
sample,shm,2328,58400
sample,shm,2329,47500
sample,shm,2330,54200
sample,shm,2331,52100
sample,shm,2332,62300
sample,shm,2333,50300
sample,shm,2334,47100
sample,shm,2335,60100
sample,shm,2336,56300
sample,shm,2337,47800
sample,shm,2338,60300
sample,shm,2339,53200
sample,shm,2340,67100
sample,shm,2341,64800
sample,shm,2342,52500
sample,shm,2343,59800
sample,shm,2344,47800
sample,shm,2345,52600
sample,shm,2346,46500
sample,shm,2347,63200
sample,shm,2348,72300
sample,shm,2349,52800
sample,shm,2350,56700
sample,shm,2351,48500
sample,shm,2352,57500
sample,shm,2353,45600
sample,shm,2354,58200
sample,shm,2355,52400
sample,shm,2356,71300
sample,shm,2357,66300
sample,shm,2358,61100
sample,shm,2359,56800
sample,shm,2360,51300
sample,shm,2361,54100
sample,shm,2362,53300
sample,shm,2363,71000
sample,shm,2364,49300
sample,shm,2365,69600
sample,shm,2366,55200
sample,shm,2367,58500
sample,shm,2368,52000
sample,shm,2369,74000
sample,shm,2370,52900
sample,shm,2371,64500
sample,shm,2372,54700
sample,shm,2373,61200
sample,shm,2374,53100
sample,shm,2375,71500
sample,shm,2376,60300
sample,shm,2377,56700
sample,shm,2378,61700
sample,shm,2379,55700
sample,shm,2380,53700
sample,shm,2381,60200
sample,shm,2382,63700
sample,shm,2383,64200
sample,shm,2384,57400
sample,shm,2385,52900
sample,shm,2386,58400
sample,shm,2387,59400
sample,shm,2388,55000
sample,shm,2389,72800
sample,shm,2390,61600
sample,shm,2391,53300
sample,shm,2392,56800
sample,shm,2393,47100
sample,shm,2394,55600
sample,shm,2395,54700
sample,shm,2396,56400
sample,shm,2397,54100
sample,shm,2398,58300
sample,shm,2399,70400
sample,shm,2400,54300
sample,shm,2401,61700
sample,shm,2402,57200
sample,shm,2403,47500
sample,shm,2404,55100
sample,shm,2405,66500
sample,shm,2406,52400
sample,shm,2407,61600
sample,shm,2408,59700
sample,shm,2409,61300
sample,shm,2410,55600
sample,shm,2411,47100
sample,shm,2412,54900
sample,shm,2413,72100
sample,shm,2414,131900
sample,shm,2415,62700
sample,shm,2416,60800
sample,shm,2417,65300
sample,shm,2418,61000
sample,shm,2419,56400
sample,shm,2420,73400
sample,shm,2421,65900
sample,shm,2422,60600
sample,shm,2423,58300
sample,shm,2424,75900
sample,shm,2425,65500
sample,shm,2426,66300
sample,shm,2427,56800
sample,shm,2428,49600
sample,shm,2429,51600
sample,shm,2430,69600
sample,shm,2431,64100
sample,shm,2432,71900
sample,shm,2433,133700
sample,shm,2434,133800
sample,shm,2435,78900
sample,shm,2436,55900
sample,shm,2437,53800
sample,shm,2438,52700
sample,shm,2439,53000
sample,shm,2440,52200
sample,shm,2441,52700
sample,shm,2442,52100
sample,shm,2443,52700
sample,shm,2444,52800
sample,shm,2445,60400
sample,shm,2446,52800
sample,shm,2447,69300
sample,shm,2448,93200
sample,shm,2449,89200
sample,shm,2450,172300
sample,shm,2451,99700
sample,shm,2452,94000
sample,shm,2453,102500
sample,shm,2454,71100
sample,shm,2455,78100
sample,shm,2456,96700
sample,shm,2457,70300
sample,shm,2458,60000
sample,shm,2459,69800
sample,shm,2460,59400
sample,shm,2461,47100
sample,shm,2462,52100
sample,shm,2463,59700
sample,shm,2464,63000
sample,shm,2465,48800
sample,shm,2466,49800
sample,shm,2467,62500
sample,shm,2468,71400
sample,shm,2469,62500
sample,shm,2470,75800
sample,shm,2471,62900
sample,shm,2472,66700
sample,shm,2473,57500
sample,shm,2474,49900
sample,shm,2475,54300
sample,shm,2476,51500
sample,shm,2477,51900
sample,shm,2478,54400
sample,shm,2479,68300
sample,shm,2480,76800
sample,shm,2481,54300
sample,shm,2482,50700
sample,shm,2483,67500
sample,shm,2484,69700
sample,shm,2485,68400
sample,shm,2486,60000
sample,shm,2487,57100
sample,shm,2488,51900
sample,shm,2489,49300
sample,shm,2490,51700
sample,shm,2491,66100
sample,shm,2492,64400
sample,shm,2493,52800
sample,shm,2494,61600
sample,shm,2495,51900
sample,shm,2496,51300
sample,shm,2497,50800
sample,shm,2498,50200
sample,shm,2499,51200
sample,shm,2500,54700
sample,shm,2501,51500
sample,shm,2502,51000
sample,shm,2503,51100
sample,shm,2504,68600
sample,shm,2505,64900
sample,shm,2506,63700
sample,shm,2507,63600
sample,shm,2508,62800
sample,shm,2509,63000
sample,shm,2510,62800
sample,shm,2511,61100
sample,shm,2512,69200
sample,shm,2513,66000
sample,shm,2514,70000
sample,shm,2515,58600
sample,shm,2516,56100
sample,shm,2517,58000
sample,shm,2518,61900
sample,shm,2519,61100
sample,shm,2520,78600
sample,shm,2521,67200
sample,shm,2522,74000
sample,shm,2523,80400
sample,shm,2524,73400
sample,shm,2525,71900
sample,shm,2526,61100
sample,shm,2527,53600
sample,shm,2528,54400
sample,shm,2529,66100
sample,shm,2530,65200
sample,shm,2531,63900
sample,shm,2532,73000
sample,shm,2533,55600
sample,shm,2534,62600
sample,shm,2535,63900
sample,shm,2536,65200
sample,shm,2537,53500
sample,shm,2538,52500
sample,shm,2539,51700
sample,shm,2540,51600
sample,shm,2541,51000
sample,shm,2542,67600
sample,shm,2543,61500
sample,shm,2544,69500
sample,shm,2545,66500
sample,shm,2546,71300
sample,shm,2547,57500
sample,shm,2548,52700
sample,shm,2549,48600
sample,shm,2550,55300
sample,shm,2551,50500
sample,shm,2552,57200
sample,shm,2553,55700
sample,shm,2554,53500
sample,shm,2555,53000
sample,shm,2556,53200
sample,shm,2557,53500
sample,shm,2558,53200
sample,shm,2559,52500
sample,shm,2560,68300
sample,shm,2561,103900
sample,shm,2562,93000
sample,shm,2563,70400
sample,shm,2564,73000
sample,shm,2565,83900
sample,shm,2566,84200
sample,shm,2567,78000
sample,shm,2568,79100
sample,shm,2569,77700
sample,shm,2570,71200
sample,shm,2571,87800
sample,shm,2572,72000
sample,shm,2573,87800
sample,shm,2574,88500
sample,shm,2575,63200
sample,shm,2576,72100
sample,shm,2577,64400
sample,shm,2578,60900
sample,shm,2579,60400
sample,shm,2580,52000
sample,shm,2581,67200
sample,shm,2582,75400
sample,shm,2583,55300
sample,shm,2584,51000
sample,shm,2585,67100
sample,shm,2586,74700
sample,shm,2587,59200
sample,shm,2588,58000
sample,shm,2589,54300
sample,shm,2590,115600
sample,shm,2591,60500
sample,shm,2592,61900
sample,shm,2593,77500
sample,shm,2594,84900
sample,shm,2595,108100
sample,shm,2596,73900
sample,shm,2597,59200
sample,shm,2598,58700
sample,shm,2599,97300
sample,shm,2600,125600
sample,shm,2601,88700
sample,shm,2602,85400
sample,shm,2603,75700
sample,shm,2604,83400
sample,shm,2605,73600
sample,shm,2606,95800
sample,shm,2607,74100
sample,shm,2608,84900
sample,shm,2609,64900
sample,shm,2610,62200
sample,shm,2611,64500
sample,shm,2612,58000
sample,shm,2613,64100
sample,shm,2614,73300
sample,shm,2615,73800
sample,shm,2616,68600
sample,shm,2617,62900
sample,shm,2618,66600
sample,shm,2619,72200
sample,shm,2620,77100
sample,shm,2621,114900
sample,shm,2622,101800
sample,shm,2623,140200
sample,shm,2624,77400
sample,shm,2625,88500
sample,shm,2626,111900
sample,shm,2627,70700
sample,shm,2628,64900
sample,shm,2629,84100
sample,shm,2630,87200
sample,shm,2631,120200
sample,shm,2632,61100
sample,shm,2633,56200
sample,shm,2634,57500
sample,shm,2635,64300
sample,shm,2636,56100
sample,shm,2637,48900
sample,shm,2638,170200
sample,shm,2639,105700
sample,shm,2640,106300
sample,shm,2641,101600
sample,shm,2642,68500
sample,shm,2643,71500
sample,shm,2644,75000
sample,shm,2645,60000
sample,shm,2646,77900
sample,shm,2647,57700
sample,shm,2648,95000
sample,shm,2649,74400
sample,shm,2650,90800
sample,shm,2651,93800
sample,shm,2652,70100
sample,shm,2653,72800
sample,shm,2654,70500
sample,shm,2655,73200
sample,shm,2656,77600
sample,shm,2657,74300
sample,shm,2658,56600
sample,shm,2659,69900
sample,shm,2660,61000
sample,shm,2661,62800
sample,shm,2662,66400
sample,shm,2663,55000
sample,shm,2664,105200
sample,shm,2665,87700
sample,shm,2666,80500
sample,shm,2667,75500
sample,shm,2668,56300
sample,shm,2669,53900
sample,shm,2670,57600
sample,shm,2671,60000
sample,shm,2672,57600
sample,shm,2673,84300
sample,shm,2674,79700
sample,shm,2675,78500
sample,shm,2676,73700
sample,shm,2677,62500
sample,shm,2678,64400
sample,shm,2679,83100
sample,shm,2680,81500
sample,shm,2681,67500
sample,shm,2682,54000
sample,shm,2683,61200
sample,shm,2684,87200
sample,shm,2685,56600
sample,shm,2686,69800
sample,shm,2687,83000
sample,shm,2688,88700
sample,shm,2689,63300
sample,shm,2690,59100
sample,shm,2691,46900
sample,shm,2692,47100
sample,shm,2693,44500
sample,shm,2694,43800
sample,shm,2695,43500
sample,shm,2696,43800
sample,shm,2697,43800
sample,shm,2698,44600
sample,shm,2699,47000
sample,shm,2700,43600
sample,shm,2701,44100
sample,shm,2702,50400
sample,shm,2703,44500
sample,shm,2704,44000
sample,shm,2705,43600
sample,shm,2706,43700
sample,shm,2707,43400
sample,shm,2708,43700
sample,shm,2709,43700
sample,shm,2710,44400
sample,shm,2711,44400
sample,shm,2712,43800
sample,shm,2713,43800
sample,shm,2714,44200
sample,shm,2715,52900
sample,shm,2716,54000
sample,shm,2717,67000
sample,shm,2718,57600
sample,shm,2719,60000
sample,shm,2720,79700
sample,shm,2721,59500
sample,shm,2722,55700
sample,shm,2723,53700
sample,shm,2724,52800
sample,shm,2725,71100
sample,shm,2726,97000
sample,shm,2727,81400
sample,shm,2728,73100
sample,shm,2729,71000
sample,shm,2730,67300
sample,shm,2731,61800
sample,shm,2732,68300
sample,shm,2733,68200
sample,shm,2734,75000
sample,shm,2735,73600
sample,shm,2736,75300
sample,shm,2737,81900
sample,shm,2738,78800
sample,shm,2739,71000
sample,shm,2740,67400
sample,shm,2741,61700
sample,shm,2742,60700
sample,shm,2743,80100
sample,shm,2744,51600
sample,shm,2745,60300
sample,shm,2746,53800
sample,shm,2747,53100
sample,shm,2748,85400
sample,shm,2749,87000
sample,shm,2750,79400
sample,shm,2751,73000
sample,shm,2752,55300
sample,shm,2753,44900
sample,shm,2754,43600
sample,shm,2755,43500
sample,shm,2756,43200
sample,shm,2757,123500
sample,shm,2758,45900
sample,shm,2759,43900
sample,shm,2760,43500
sample,shm,2761,43000
sample,shm,2762,43200
sample,shm,2763,52400
sample,shm,2764,47300
sample,shm,2765,43700
sample,shm,2766,43500
sample,shm,2767,45200
sample,shm,2768,43300
sample,shm,2769,43000
sample,shm,2770,42800
sample,shm,2771,42900
sample,shm,2772,50400
sample,shm,2773,69000
sample,shm,2774,68200
sample,shm,2775,61000
sample,shm,2776,52800
sample,shm,2777,51600
sample,shm,2778,66600
sample,shm,2779,70300
sample,shm,2780,84200
sample,shm,2781,79300
sample,shm,2782,73300
sample,shm,2783,68000
sample,shm,2784,60500
sample,shm,2785,55200
sample,shm,2786,51600
sample,shm,2787,54200
sample,shm,2788,62100
sample,shm,2789,89000
sample,shm,2790,52500
sample,shm,2791,50300
sample,shm,2792,76100
sample,shm,2793,72900
sample,shm,2794,65400
sample,shm,2795,53600
sample,shm,2796,48100
sample,shm,2797,55900
sample,shm,2798,67500
sample,shm,2799,69600
sample,shm,2800,69300
sample,shm,2801,62500
sample,shm,2802,70100
sample,shm,2803,213100
sample,shm,2804,64900
sample,shm,2805,61000
sample,shm,2806,70200
sample,shm,2807,81700
sample,shm,2808,68700
sample,shm,2809,88800
sample,shm,2810,86300
sample,shm,2811,138400
sample,shm,2812,121800
sample,shm,2813,77700
sample,shm,2814,103200
sample,shm,2815,84300
sample,shm,2816,87700
sample,shm,2817,450000
sample,shm,2818,114300
sample,shm,2819,79700
sample,shm,2820,91100
sample,shm,2821,114800
sample,shm,2822,85800
sample,shm,2823,86800
sample,shm,2824,76600
sample,shm,2825,68900
sample,shm,2826,68700
sample,shm,2827,77800
sample,shm,2828,110200
sample,shm,2829,76100
sample,shm,2830,70800
sample,shm,2831,99800
sample,shm,2832,72200
sample,shm,2833,198900
sample,shm,2834,78400
sample,shm,2835,78400
sample,shm,2836,78900
sample,shm,2837,71600
sample,shm,2838,202300
sample,shm,2839,112200
sample,shm,2840,74900
sample,shm,2841,70400
sample,shm,2842,140400
sample,shm,2843,75500
sample,shm,2844,113800
sample,shm,2845,137100
sample,shm,2846,82700
sample,shm,2847,57700
sample,shm,2848,95600
sample,shm,2849,62900
sample,shm,2850,95800
sample,shm,2851,155800
sample,shm,2852,80200
sample,shm,2853,58600
sample,shm,2854,103200
sample,shm,2855,105200
sample,shm,2856,88700
sample,shm,2857,76100
sample,shm,2858,69100
sample,shm,2859,77600
sample,shm,2860,80600
sample,shm,2861,117500
sample,shm,2862,88500
sample,shm,2863,88600
sample,shm,2864,87900
sample,shm,2865,79400
sample,shm,2866,86100
sample,shm,2867,80100
sample,shm,2868,66900
sample,shm,2869,117400
sample,shm,2870,125800
sample,shm,2871,117700
sample,shm,2872,94800
sample,shm,2873,78600
sample,shm,2874,87900
sample,shm,2875,90800
sample,shm,2876,79600
sample,shm,2877,82300
sample,shm,2878,79300
sample,shm,2879,68800
sample,shm,2880,49100
sample,shm,2881,45800
sample,shm,2882,43400
sample,shm,2883,70700
sample,shm,2884,63400
sample,shm,2885,53300
sample,shm,2886,52300
sample,shm,2887,51100
sample,shm,2888,51500
sample,shm,2889,58800
sample,shm,2890,54100
sample,shm,2891,52600
sample,shm,2892,60200
sample,shm,2893,55600
sample,shm,2894,51500
sample,shm,2895,84000
sample,shm,2896,72600
sample,shm,2897,71200
sample,shm,2898,77100
sample,shm,2899,61200
sample,shm,2900,55600
sample,shm,2901,58200
sample,shm,2902,72900
sample,shm,2903,67400
sample,shm,2904,80400
sample,shm,2905,78800
sample,shm,2906,68300
sample,shm,2907,56500
sample,shm,2908,70600
sample,shm,2909,80200
sample,shm,2910,120400
sample,shm,2911,88000
sample,shm,2912,89500
sample,shm,2913,72800
sample,shm,2914,62600
sample,shm,2915,55400
sample,shm,2916,48500
sample,shm,2917,60700
sample,shm,2918,67400
sample,shm,2919,77900
sample,shm,2920,81000
sample,shm,2921,75300
sample,shm,2922,81200
sample,shm,2923,55000
sample,shm,2924,70100
sample,shm,2925,76400
sample,shm,2926,77300
sample,shm,2927,90300
sample,shm,2928,80900
sample,shm,2929,67700
sample,shm,2930,76900
sample,shm,2931,104600
sample,shm,2932,74700
sample,shm,2933,64500
sample,shm,2934,120800
sample,shm,2935,86100
sample,shm,2936,76000
sample,shm,2937,76900
sample,shm,2938,65300
sample,shm,2939,56700
sample,shm,2940,61600
sample,shm,2941,73500
sample,shm,2942,79800
sample,shm,2943,95100
sample,shm,2944,87700
sample,shm,2945,70700
sample,shm,2946,62700
sample,shm,2947,70400
sample,shm,2948,58600
sample,shm,2949,75500
sample,shm,2950,82200
sample,shm,2951,78300
sample,shm,2952,82400
sample,shm,2953,53300
sample,shm,2954,55700
sample,shm,2955,64000
sample,shm,2956,92200
sample,shm,2957,83600
sample,shm,2958,82100
sample,shm,2959,67800
sample,shm,2960,94700
sample,shm,2961,87400
sample,shm,2962,79500
sample,shm,2963,79200
sample,shm,2964,58000
sample,shm,2965,61100
sample,shm,2966,71600
sample,shm,2967,67600
sample,shm,2968,99100
sample,shm,2969,73600
sample,shm,2970,74300
sample,shm,2971,78500
sample,shm,2972,71900
sample,shm,2973,93100
sample,shm,2974,88500
sample,shm,2975,69100
sample,shm,2976,72700
sample,shm,2977,55200
sample,shm,2978,60500
sample,shm,2979,74900
sample,shm,2980,99600
sample,shm,2981,87100
sample,shm,2982,105600
sample,shm,2983,173200
sample,shm,2984,77600
sample,shm,2985,105300
sample,shm,2986,110900
sample,shm,2987,61100
sample,shm,2988,72600
sample,shm,2989,83800
sample,shm,2990,99100
sample,shm,2991,91900
sample,shm,2992,68500
sample,shm,2993,126500
sample,shm,2994,147800
sample,shm,2995,81500
sample,shm,2996,77800
sample,shm,2997,136700
sample,shm,2998,128000
sample,shm,2999,52600
sample,shm,3000,49000
sample,shm,3001,49700
sample,shm,3002,73100
sample,shm,3003,66300
sample,shm,3004,62300
sample,shm,3005,60600
sample,shm,3006,81800
sample,shm,3007,95300
sample,shm,3008,115500
sample,shm,3009,75800
sample,shm,3010,75500
sample,shm,3011,87000
sample,shm,3012,103300
sample,shm,3013,81100
sample,shm,3014,79400
sample,shm,3015,78500
sample,shm,3016,78200
sample,shm,3017,81000
sample,shm,3018,78500
sample,shm,3019,79300
sample,shm,3020,79600
sample,shm,3021,79400
sample,shm,3022,78500
sample,shm,3023,79300
sample,shm,3024,77800
sample,shm,3025,78700
sample,shm,3026,79500
sample,shm,3027,80800
sample,shm,3028,92500
sample,shm,3029,80900
sample,shm,3030,78800
sample,shm,3031,87100
sample,shm,3032,79100
sample,shm,3033,80300
sample,shm,3034,78300
sample,shm,3035,79600
sample,shm,3036,80400
sample,shm,3037,87200
sample,shm,3038,83600
sample,shm,3039,81700
sample,shm,3040,85900
sample,shm,3041,81200
sample,shm,3042,76400
sample,shm,3043,60300
sample,shm,3044,59000
sample,shm,3045,59200
sample,shm,3046,58100
sample,shm,3047,59100
sample,shm,3048,58500
sample,shm,3049,59100
sample,shm,3050,93900
sample,shm,3051,53600
sample,shm,3052,49900
sample,shm,3053,50200
sample,shm,3054,51500
sample,shm,3055,49500
sample,shm,3056,49200
sample,shm,3057,48800
sample,shm,3058,49100
sample,shm,3059,48700
sample,shm,3060,49000
sample,shm,3061,49000
sample,shm,3062,48600
sample,shm,3063,47200
sample,shm,3064,47200
sample,shm,3065,48600
sample,shm,3066,67400
sample,shm,3067,83000
sample,shm,3068,81100
sample,shm,3069,70100
sample,shm,3070,51000
sample,shm,3071,51200
sample,shm,3072,49700
sample,shm,3073,50700
sample,shm,3074,54100
sample,shm,3075,48900
sample,shm,3076,49300
sample,shm,3077,47700
sample,shm,3078,50700
sample,shm,3079,64300
sample,shm,3080,76800
sample,shm,3081,75200
sample,shm,3082,77100
sample,shm,3083,76000
sample,shm,3084,78300
sample,shm,3085,75400
sample,shm,3086,78100
sample,shm,3087,78300
sample,shm,3088,77100
sample,shm,3089,99400
sample,shm,3090,81700
sample,shm,3091,74900
sample,shm,3092,77400
sample,shm,3093,76000
sample,shm,3094,83100
sample,shm,3095,77600
sample,shm,3096,76400
sample,shm,3097,82500
sample,shm,3098,77000
sample,shm,3099,78900
sample,shm,3100,78000
sample,shm,3101,88000
sample,shm,3102,76400
sample,shm,3103,77700
sample,shm,3104,156400
sample,shm,3105,57400
sample,shm,3106,65300
sample,shm,3107,88000
sample,shm,3108,90900
sample,shm,3109,85100
sample,shm,3110,83100
sample,shm,3111,82600
sample,shm,3112,87700
sample,shm,3113,83600
sample,shm,3114,86000
sample,shm,3115,214600
sample,shm,3116,158900
sample,shm,3117,158600
sample,shm,3118,88100
sample,shm,3119,78600
sample,shm,3120,76400
sample,shm,3121,79800
sample,shm,3122,79100
sample,shm,3123,79600
sample,shm,3124,78500
sample,shm,3125,77200
sample,shm,3126,86300
sample,shm,3127,70300
sample,shm,3128,68300
sample,shm,3129,85100
sample,shm,3130,84500
sample,shm,3131,83800
sample,shm,3132,72400
sample,shm,3133,57500
sample,shm,3134,54900
sample,shm,3135,50100
sample,shm,3136,51400
sample,shm,3137,52100
sample,shm,3138,50900
sample,shm,3139,47700
sample,shm,3140,54600
sample,shm,3141,51200
sample,shm,3142,201800
sample,shm,3143,110200
sample,shm,3144,54900
sample,shm,3145,47100
sample,shm,3146,48600
sample,shm,3147,74900
sample,shm,3148,86000
sample,shm,3149,83100
sample,shm,3150,83800
sample,shm,3151,80100
sample,shm,3152,219100
sample,shm,3153,79600
sample,shm,3154,85200
sample,shm,3155,65100
sample,shm,3156,52100
sample,shm,3157,63500
sample,shm,3158,54600
sample,shm,3159,50200
sample,shm,3160,50300
sample,shm,3161,46900
sample,shm,3162,47000
sample,shm,3163,100100
sample,shm,3164,62300
sample,shm,3165,52500
sample,shm,3166,50400
sample,shm,3167,51200
sample,shm,3168,51300
sample,shm,3169,53300
sample,shm,3170,57100
sample,shm,3171,59200
sample,shm,3172,61800
sample,shm,3173,60000
sample,shm,3174,59800
sample,shm,3175,63200
sample,shm,3176,63500
sample,shm,3177,108800
sample,shm,3178,58500
sample,shm,3179,50700
sample,shm,3180,52200
sample,shm,3181,50400
sample,shm,3182,51800
sample,shm,3183,49700
sample,shm,3184,58900
sample,shm,3185,63800
sample,shm,3186,92500
sample,shm,3187,119400
sample,shm,3188,254100
sample,shm,3189,84000
sample,shm,3190,75000
sample,shm,3191,94100
sample,shm,3192,125500
sample,shm,3193,79400
sample,shm,3194,76800
sample,shm,3195,75700
sample,shm,3196,79100
sample,shm,3197,76400
sample,shm,3198,76700
sample,shm,3199,78100
sample,shm,3200,74700
sample,shm,3201,86000
sample,shm,3202,75900
sample,shm,3203,75700
sample,shm,3204,75100
sample,shm,3205,75100
sample,shm,3206,75800
sample,shm,3207,76900
sample,shm,3208,75400
sample,shm,3209,74900
sample,shm,3210,76300
sample,shm,3211,84500
sample,shm,3212,78400
sample,shm,3213,76100
sample,shm,3214,74500
sample,shm,3215,76700
sample,shm,3216,77000
sample,shm,3217,76700
sample,shm,3218,77400
sample,shm,3219,74200
sample,shm,3220,75600
sample,shm,3221,86400
sample,shm,3222,82500
sample,shm,3223,83200
sample,shm,3224,77800
sample,shm,3225,80900
sample,shm,3226,106200
sample,shm,3227,75700
sample,shm,3228,78200
sample,shm,3229,75300
sample,shm,3230,76900
sample,shm,3231,76600
sample,shm,3232,76900
sample,shm,3233,77000
sample,shm,3234,74600
sample,shm,3235,74900
sample,shm,3236,74700
sample,shm,3237,74600
sample,shm,3238,75900
sample,shm,3239,76700
sample,shm,3240,75900
sample,shm,3241,87000
sample,shm,3242,78500
sample,shm,3243,76200
sample,shm,3244,113200
sample,shm,3245,85800
sample,shm,3246,108100
sample,shm,3247,89900
sample,shm,3248,82200
sample,shm,3249,68600
sample,shm,3250,78000
sample,shm,3251,72700
sample,shm,3252,69900
sample,shm,3253,85600
sample,shm,3254,74000
sample,shm,3255,74500
sample,shm,3256,161500
sample,shm,3257,85600
sample,shm,3258,86200
sample,shm,3259,97400
sample,shm,3260,85500
sample,shm,3261,86500
sample,shm,3262,89200
sample,shm,3263,86400
sample,shm,3264,87000
sample,shm,3265,93100
sample,shm,3266,264600
sample,shm,3267,84600
sample,shm,3268,80800
sample,shm,3269,106700
sample,shm,3270,72800
sample,shm,3271,88200
sample,shm,3272,62300
sample,shm,3273,67000
sample,shm,3274,95200
sample,shm,3275,71500
sample,shm,3276,83800
sample,shm,3277,224200
sample,shm,3278,83400
sample,shm,3279,77400
sample,shm,3280,83500
sample,shm,3281,73100
sample,shm,3282,69600
sample,shm,3283,550300
sample,shm,3284,507600
sample,shm,3285,80400
sample,shm,3286,66600
sample,shm,3287,114000
sample,shm,3288,79700
sample,shm,3289,109300
sample,shm,3290,141200
sample,shm,3291,157000
sample,shm,3292,85400
sample,shm,3293,94600
sample,shm,3294,100500
sample,shm,3295,65700
sample,shm,3296,72300
sample,shm,3297,82900
sample,shm,3298,77800
sample,shm,3299,74600
sample,shm,3300,126800
sample,shm,3301,95300
sample,shm,3302,71700
sample,shm,3303,65500
sample,shm,3304,63600
sample,shm,3305,65300
sample,shm,3306,65300
sample,shm,3307,87400
sample,shm,3308,76300
sample,shm,3309,78600
sample,shm,3310,114600
sample,shm,3311,120800
sample,shm,3312,77300
sample,shm,3313,91600
sample,shm,3314,83500
sample,shm,3315,63400
sample,shm,3316,84300
sample,shm,3317,97400
sample,shm,3318,244100
sample,shm,3319,143900
sample,shm,3320,228200
sample,shm,3321,90800
sample,shm,3322,75800
sample,shm,3323,80700
sample,shm,3324,74000
sample,shm,3325,82900
sample,shm,3326,82200
sample,shm,3327,83800
sample,shm,3328,78900
sample,shm,3329,80100
sample,shm,3330,90600
sample,shm,3331,72400
sample,shm,3332,72600
sample,shm,3333,69700
sample,shm,3334,66400
sample,shm,3335,100800
sample,shm,3336,56600
sample,shm,3337,52000
sample,shm,3338,53300
sample,shm,3339,99300
sample,shm,3340,62000
sample,shm,3341,49600
sample,shm,3342,63000
sample,shm,3343,92300
sample,shm,3344,74300
sample,shm,3345,87300
sample,shm,3346,88500
sample,shm,3347,88400
sample,shm,3348,87500
sample,shm,3349,90400
sample,shm,3350,78300
sample,shm,3351,78900
sample,shm,3352,90900
sample,shm,3353,84900
sample,shm,3354,80400
sample,shm,3355,79700
sample,shm,3356,80700
sample,shm,3357,80800
sample,shm,3358,97000
sample,shm,3359,76400
sample,shm,3360,78500
sample,shm,3361,84800
sample,shm,3362,82800
sample,shm,3363,80800
sample,shm,3364,82300
sample,shm,3365,83100
sample,shm,3366,82400
sample,shm,3367,81600
sample,shm,3368,82400
sample,shm,3369,95300
sample,shm,3370,82500
sample,shm,3371,83400
sample,shm,3372,86000
sample,shm,3373,94500
sample,shm,3374,87200
sample,shm,3375,97200
sample,shm,3376,92600
sample,shm,3377,73600
sample,shm,3378,113800
sample,shm,3379,85000
sample,shm,3380,72300
sample,shm,3381,93200
sample,shm,3382,96000
sample,shm,3383,117800
sample,shm,3384,79400
sample,shm,3385,62800
sample,shm,3386,68000
sample,shm,3387,72400
sample,shm,3388,73000
sample,shm,3389,74800
sample,shm,3390,87200
sample,shm,3391,71300
sample,shm,3392,72100
sample,shm,3393,97700
sample,shm,3394,91500
sample,shm,3395,85800
sample,shm,3396,86800
sample,shm,3397,88100
sample,shm,3398,70300
sample,shm,3399,56700
sample,shm,3400,53400
sample,shm,3401,63700
sample,shm,3402,79000
sample,shm,3403,54800
sample,shm,3404,54300
sample,shm,3405,52300
sample,shm,3406,88500
sample,shm,3407,80600
sample,shm,3408,62900
sample,shm,3409,62700
sample,shm,3410,62100
sample,shm,3411,62100
sample,shm,3412,64900
sample,shm,3413,68000
sample,shm,3414,62400
sample,shm,3415,137400
sample,shm,3416,150000
sample,shm,3417,84000
sample,shm,3418,55300
sample,shm,3419,51900
sample,shm,3420,53100
sample,shm,3421,66900
sample,shm,3422,69400
sample,shm,3423,69300
sample,shm,3424,61100
sample,shm,3425,67000
sample,shm,3426,55200
sample,shm,3427,54200
sample,shm,3428,56400
sample,shm,3429,71200
sample,shm,3430,57000
sample,shm,3431,68700
sample,shm,3432,79000
sample,shm,3433,85500
sample,shm,3434,68300
sample,shm,3435,59400
sample,shm,3436,54800
sample,shm,3437,54500
sample,shm,3438,79900
sample,shm,3439,71000
sample,shm,3440,82100
sample,shm,3441,68600
sample,shm,3442,55100
sample,shm,3443,77800
sample,shm,3444,56000
sample,shm,3445,87100
sample,shm,3446,80000
sample,shm,3447,54900
sample,shm,3448,64800
sample,shm,3449,77800
sample,shm,3450,63900
sample,shm,3451,74100
sample,shm,3452,159800
sample,shm,3453,68100
sample,shm,3454,163200
sample,shm,3455,68400
sample,shm,3456,93800
sample,shm,3457,88300
sample,shm,3458,86600
sample,shm,3459,84700
sample,shm,3460,82400
sample,shm,3461,86300
sample,shm,3462,62400
sample,shm,3463,49600
sample,shm,3464,52200
sample,shm,3465,55500
sample,shm,3466,86800
sample,shm,3467,92700
sample,shm,3468,65200
sample,shm,3469,162300
sample,shm,3470,127200
sample,shm,3471,392900
sample,shm,3472,198100
sample,shm,3473,98100
sample,shm,3474,97600
sample,shm,3475,82800
sample,shm,3476,114000
sample,shm,3477,189900
sample,shm,3478,289800
sample,shm,3479,162500
sample,shm,3480,176900
sample,shm,3481,144300
sample,shm,3482,149300
sample,shm,3483,93200
sample,shm,3484,117400
sample,shm,3485,90800
sample,shm,3486,82700
sample,shm,3487,327100
sample,shm,3488,178600
sample,shm,3489,93700
sample,shm,3490,69300
sample,shm,3491,91700
sample,shm,3492,109300
sample,shm,3493,60800
sample,shm,3494,83000
sample,shm,3495,94800
sample,shm,3496,72600
sample,shm,3497,71700
sample,shm,3498,108300
sample,shm,3499,99000
sample,shm,3500,82200
sample,shm,3501,77600
sample,shm,3502,68900
sample,shm,3503,78700
sample,shm,3504,103100
sample,shm,3505,67600
sample,shm,3506,60900
sample,shm,3507,71800
sample,shm,3508,69900
sample,shm,3509,75000
sample,shm,3510,78200
sample,shm,3511,70700
sample,shm,3512,84000
sample,shm,3513,242400
sample,shm,3514,85200
sample,shm,3515,64800
sample,shm,3516,62900
sample,shm,3517,61200
sample,shm,3518,69700
sample,shm,3519,57400
sample,shm,3520,58600
sample,shm,3521,60500
sample,shm,3522,106600
sample,shm,3523,93700
sample,shm,3524,58500
sample,shm,3525,58100
sample,shm,3526,53300
sample,shm,3527,102400
sample,shm,3528,368300
sample,shm,3529,110500
sample,shm,3530,148900
sample,shm,3531,136100
sample,shm,3532,92900
sample,shm,3533,78000
sample,shm,3534,74100
sample,shm,3535,71800
sample,shm,3536,71100
sample,shm,3537,89400
sample,shm,3538,73900
sample,shm,3539,71500
sample,shm,3540,70200
sample,shm,3541,70700
sample,shm,3542,94000
sample,shm,3543,85100
sample,shm,3544,90000
sample,shm,3545,76000
sample,shm,3546,75900
sample,shm,3547,75100
sample,shm,3548,80100
sample,shm,3549,75400
sample,shm,3550,70600
sample,shm,3551,88000
sample,shm,3552,109700
sample,shm,3553,86100
sample,shm,3554,72600
sample,shm,3555,80300
sample,shm,3556,70900
sample,shm,3557,73700
sample,shm,3558,69200
sample,shm,3559,68500
sample,shm,3560,77900
sample,shm,3561,72800
sample,shm,3562,74400
sample,shm,3563,100400
sample,shm,3564,81200
sample,shm,3565,61700
sample,shm,3566,82900
sample,shm,3567,76600
sample,shm,3568,81900
sample,shm,3569,84400
sample,shm,3570,83700
sample,shm,3571,74600
sample,shm,3572,102600
sample,shm,3573,81900
sample,shm,3574,76000
sample,shm,3575,84600
sample,shm,3576,126500
sample,shm,3577,97200
sample,shm,3578,616100
sample,shm,3579,149600
sample,shm,3580,119300
sample,shm,3581,104600
sample,shm,3582,105400
sample,shm,3583,85500
sample,shm,3584,90600
sample,shm,3585,83500
sample,shm,3586,94400
sample,shm,3587,75300
sample,shm,3588,215300
sample,shm,3589,99000
sample,shm,3590,112000
sample,shm,3591,79100
sample,shm,3592,76700
sample,shm,3593,92600
sample,shm,3594,69800
sample,shm,3595,108700
sample,shm,3596,126700
sample,shm,3597,95700
sample,shm,3598,114700
sample,shm,3599,117800
sample,shm,3600,145100
sample,shm,3601,83000
sample,shm,3602,66200
sample,shm,3603,64500
sample,shm,3604,295700
sample,shm,3605,88100
sample,shm,3606,66500
sample,shm,3607,58300
sample,shm,3608,221100
sample,shm,3609,78900
sample,shm,3610,84600
sample,shm,3611,62500
sample,shm,3612,114300
sample,shm,3613,70700
sample,shm,3614,152400
sample,shm,3615,211300
sample,shm,3616,76900
sample,shm,3617,66200
sample,shm,3618,60900
sample,shm,3619,54300
sample,shm,3620,76400
sample,shm,3621,160500
sample,shm,3622,58600
sample,shm,3623,55700
sample,shm,3624,55300
sample,shm,3625,53900
sample,shm,3626,98800
sample,shm,3627,95500
sample,shm,3628,95800
sample,shm,3629,157000
sample,shm,3630,103000
sample,shm,3631,77200
sample,shm,3632,72200
sample,shm,3633,59400
sample,shm,3634,71300
sample,shm,3635,103900
sample,shm,3636,74400
sample,shm,3637,71100
sample,shm,3638,74200
sample,shm,3639,310600
sample,shm,3640,69100
sample,shm,3641,58200
sample,shm,3642,58200
sample,shm,3643,58200
sample,shm,3644,56600
sample,shm,3645,60500
sample,shm,3646,60200
sample,shm,3647,59100
sample,shm,3648,171800
sample,shm,3649,65800
sample,shm,3650,63500
sample,shm,3651,85000
sample,shm,3652,66000
sample,shm,3653,103600
sample,shm,3654,95000
sample,shm,3655,71000
sample,shm,3656,79400
sample,shm,3657,79700
sample,shm,3658,108300
sample,shm,3659,98700
sample,shm,3660,74600
sample,shm,3661,54800
sample,shm,3662,109800
sample,shm,3663,72000
sample,shm,3664,63000
sample,shm,3665,60800
sample,shm,3666,61100
sample,shm,3667,63800
sample,shm,3668,79700
sample,shm,3669,58500
sample,shm,3670,56800
sample,shm,3671,154000
sample,shm,3672,89900
sample,shm,3673,85800
sample,shm,3674,99900
sample,shm,3675,216800
sample,shm,3676,69400
sample,shm,3677,63200
sample,shm,3678,63700
sample,shm,3679,81000
sample,shm,3680,139100
sample,shm,3681,157300
sample,shm,3682,106000
sample,shm,3683,269400
sample,shm,3684,101600
sample,shm,3685,105700
sample,shm,3686,86700
sample,shm,3687,88600
sample,shm,3688,95200
sample,shm,3689,98900
sample,shm,3690,88600
sample,shm,3691,86800
sample,shm,3692,88000
sample,shm,3693,93300
sample,shm,3694,112700
sample,shm,3695,99000
sample,shm,3696,99700
sample,shm,3697,93000
sample,shm,3698,81900
sample,shm,3699,109500
sample,shm,3700,75800
sample,shm,3701,95500
sample,shm,3702,84800
sample,shm,3703,80000
sample,shm,3704,75300
sample,shm,3705,76300
sample,shm,3706,88300
sample,shm,3707,101300
sample,shm,3708,99800
sample,shm,3709,121200
sample,shm,3710,86600
sample,shm,3711,74500
sample,shm,3712,93800
sample,shm,3713,120700
sample,shm,3714,99600
sample,shm,3715,95500
sample,shm,3716,123700
sample,shm,3717,89300
sample,shm,3718,91300
sample,shm,3719,100900
sample,shm,3720,130600
sample,shm,3721,77200
sample,shm,3722,94200
sample,shm,3723,81000
sample,shm,3724,72000
sample,shm,3725,87900
sample,shm,3726,73000
sample,shm,3727,83300
sample,shm,3728,74900
sample,shm,3729,84700
sample,shm,3730,103600
sample,shm,3731,100000
sample,shm,3732,82600
sample,shm,3733,170100
sample,shm,3734,98900
sample,shm,3735,92500
sample,shm,3736,76100
sample,shm,3737,89900
sample,shm,3738,132200
sample,shm,3739,87400
sample,shm,3740,80200
sample,shm,3741,89200
sample,shm,3742,85500
sample,shm,3743,81800
sample,shm,3744,102300
sample,shm,3745,120800
sample,shm,3746,83400
sample,shm,3747,109600
sample,shm,3748,84300
sample,shm,3749,80000
sample,shm,3750,78600
sample,shm,3751,82800
sample,shm,3752,74700
sample,shm,3753,58900
sample,shm,3754,56100
sample,shm,3755,56300
sample,shm,3756,55600
sample,shm,3757,59400
sample,shm,3758,74700
sample,shm,3759,77800
sample,shm,3760,75400
sample,shm,3761,57200
sample,shm,3762,55500
sample,shm,3763,56100
sample,shm,3764,55500
sample,shm,3765,111300
sample,shm,3766,74900
sample,shm,3767,71900
sample,shm,3768,60700
sample,shm,3769,56200
sample,shm,3770,84900
sample,shm,3771,72100
sample,shm,3772,83100
sample,shm,3773,78600
sample,shm,3774,99200
sample,shm,3775,71300
sample,shm,3776,69300
sample,shm,3777,68100
sample,shm,3778,67500
sample,shm,3779,112200
sample,shm,3780,87900
sample,shm,3781,81000
sample,shm,3782,92400
sample,shm,3783,138500
sample,shm,3784,83400
sample,shm,3785,88800
sample,shm,3786,86100
sample,shm,3787,81100
sample,shm,3788,72100
sample,shm,3789,91100
sample,shm,3790,99200
sample,shm,3791,86600
sample,shm,3792,81500
sample,shm,3793,73000
sample,shm,3794,79300
sample,shm,3795,75500
sample,shm,3796,71900
sample,shm,3797,70900
sample,shm,3798,71000
sample,shm,3799,70600
sample,shm,3800,70400
sample,shm,3801,70700
sample,shm,3802,72400
sample,shm,3803,70900
sample,shm,3804,73300
sample,shm,3805,71900
sample,shm,3806,80100
sample,shm,3807,85200
sample,shm,3808,77400
sample,shm,3809,74700
sample,shm,3810,75200
sample,shm,3811,72300
sample,shm,3812,74100
sample,shm,3813,98200
sample,shm,3814,85100
sample,shm,3815,112200
sample,shm,3816,91800
sample,shm,3817,78300
sample,shm,3818,76900
sample,shm,3819,93100
sample,shm,3820,93400
sample,shm,3821,85900
sample,shm,3822,97900
sample,shm,3823,77400
sample,shm,3824,76100
sample,shm,3825,60800
sample,shm,3826,76800
sample,shm,3827,63700
sample,shm,3828,75600
sample,shm,3829,52900
sample,shm,3830,50800
sample,shm,3831,55300
sample,shm,3832,54300
sample,shm,3833,56500
sample,shm,3834,57800
sample,shm,3835,62700
sample,shm,3836,67900
sample,shm,3837,73700
sample,shm,3838,65200
sample,shm,3839,72500
sample,shm,3840,59500
sample,shm,3841,53400
sample,shm,3842,171100
sample,shm,3843,60100
sample,shm,3844,78400
sample,shm,3845,60400
sample,shm,3846,57700
sample,shm,3847,66500
sample,shm,3848,75600
sample,shm,3849,73600
sample,shm,3850,83100
sample,shm,3851,80400
sample,shm,3852,63400
sample,shm,3853,64600
sample,shm,3854,79500
sample,shm,3855,80600
sample,shm,3856,107400
sample,shm,3857,112600
sample,shm,3858,77300
sample,shm,3859,87700
sample,shm,3860,82900
sample,shm,3861,79000
sample,shm,3862,59700
sample,shm,3863,127400
sample,shm,3864,77900
sample,shm,3865,85200
sample,shm,3866,76500
sample,shm,3867,114100
sample,shm,3868,85000
sample,shm,3869,75200
sample,shm,3870,89700
sample,shm,3871,87700
sample,shm,3872,84600
sample,shm,3873,82200
sample,shm,3874,85700
sample,shm,3875,88400
sample,shm,3876,100500
sample,shm,3877,96200
sample,shm,3878,82700
sample,shm,3879,79700
sample,shm,3880,81800
sample,shm,3881,80400
sample,shm,3882,72200
sample,shm,3883,92500
sample,shm,3884,84500
sample,shm,3885,82400
sample,shm,3886,83600
sample,shm,3887,80300
sample,shm,3888,83800
sample,shm,3889,81200
sample,shm,3890,79600
sample,shm,3891,80200
sample,shm,3892,89500
sample,shm,3893,86400
sample,shm,3894,70300
sample,shm,3895,77500
sample,shm,3896,84700
sample,shm,3897,106200
sample,shm,3898,83400
sample,shm,3899,65900
sample,shm,3900,89000
sample,shm,3901,86300
sample,shm,3902,134100
sample,shm,3903,91700
sample,shm,3904,85000
sample,shm,3905,82400
sample,shm,3906,219600
sample,shm,3907,113500
sample,shm,3908,226900
sample,shm,3909,80500
sample,shm,3910,75900
sample,shm,3911,77800
sample,shm,3912,87600
sample,shm,3913,80700
sample,shm,3914,91800
sample,shm,3915,99700
sample,shm,3916,86300
sample,shm,3917,87200
sample,shm,3918,76100
sample,shm,3919,71600
sample,shm,3920,73400
sample,shm,3921,74700
sample,shm,3922,97300
sample,shm,3923,86000
sample,shm,3924,89700
sample,shm,3925,85700
sample,shm,3926,83100
sample,shm,3927,99300
sample,shm,3928,82600
sample,shm,3929,119300
sample,shm,3930,88900
sample,shm,3931,74600
sample,shm,3932,72900
sample,shm,3933,92000
sample,shm,3934,79200
sample,shm,3935,92900
sample,shm,3936,181500
sample,shm,3937,73600
sample,shm,3938,130700
sample,shm,3939,1319600
sample,shm,3940,94700
sample,shm,3941,68600
sample,shm,3942,61200
sample,shm,3943,60300
sample,shm,3944,60700
sample,shm,3945,72300
sample,shm,3946,62300
sample,shm,3947,60800
sample,shm,3948,62200
sample,shm,3949,72400
sample,shm,3950,89800
sample,shm,3951,54500
sample,shm,3952,59700
sample,shm,3953,91300
sample,shm,3954,75900
sample,shm,3955,62100
sample,shm,3956,62200
sample,shm,3957,143200
sample,shm,3958,63400
sample,shm,3959,77100
sample,shm,3960,108100
sample,shm,3961,84800
sample,shm,3962,69000
sample,shm,3963,63900
sample,shm,3964,65600
sample,shm,3965,66600
sample,shm,3966,60400
sample,shm,3967,75500
sample,shm,3968,72400
sample,shm,3969,109500
sample,shm,3970,88400
sample,shm,3971,91100
sample,shm,3972,85100
sample,shm,3973,78000
sample,shm,3974,67700
sample,shm,3975,76500
sample,shm,3976,99800
sample,shm,3977,75700
sample,shm,3978,67500
sample,shm,3979,73900
sample,shm,3980,86100
sample,shm,3981,57900
sample,shm,3982,56200
sample,shm,3983,55200
sample,shm,3984,59700
sample,shm,3985,59100
sample,shm,3986,79200
sample,shm,3987,59100
sample,shm,3988,55700
sample,shm,3989,59100
sample,shm,3990,62700
sample,shm,3991,55500
sample,shm,3992,57900
sample,shm,3993,56600
sample,shm,3994,55400
sample,shm,3995,55300
sample,shm,3996,64900
sample,shm,3997,74000
sample,shm,3998,56400
sample,shm,3999,71500
sample,shm,4000,70300
sample,shm,4001,106700
sample,shm,4002,79800
sample,shm,4003,77700
sample,shm,4004,78400
sample,shm,4005,76400
sample,shm,4006,76800
sample,shm,4007,57400
sample,shm,4008,64500
sample,shm,4009,57600
sample,shm,4010,55700
sample,shm,4011,56100
sample,shm,4012,76800
sample,shm,4013,72700
sample,shm,4014,55700
sample,shm,4015,112900
sample,shm,4016,86300
sample,shm,4017,80500
sample,shm,4018,89400
sample,shm,4019,80800
sample,shm,4020,76000
sample,shm,4021,73800
sample,shm,4022,76400
sample,shm,4023,74000
sample,shm,4024,76400
sample,shm,4025,76300
sample,shm,4026,75400
sample,shm,4027,79500
sample,shm,4028,72400
sample,shm,4029,96000
sample,shm,4030,87300
sample,shm,4031,78700
sample,shm,4032,76200
sample,shm,4033,74000
sample,shm,4034,78600
sample,shm,4035,75500
sample,shm,4036,72500
sample,shm,4037,71400
sample,shm,4038,70800
sample,shm,4039,58600
sample,shm,4040,56300
sample,shm,4041,55600
sample,shm,4042,55700
sample,shm,4043,55600
sample,shm,4044,56100
sample,shm,4045,72800
sample,shm,4046,87400
sample,shm,4047,80300
sample,shm,4048,87500
sample,shm,4049,78500
sample,shm,4050,77800
sample,shm,4051,77800
sample,shm,4052,74900
sample,shm,4053,75500
sample,shm,4054,74300
sample,shm,4055,73600
sample,shm,4056,123500
sample,shm,4057,81900
sample,shm,4058,75500
sample,shm,4059,79500
sample,shm,4060,74000
sample,shm,4061,80800
sample,shm,4062,74600
sample,shm,4063,79900
sample,shm,4064,79500
sample,shm,4065,80700
sample,shm,4066,79300
sample,shm,4067,83200
sample,shm,4068,74400
sample,shm,4069,71100
sample,shm,4070,83700
sample,shm,4071,74700
sample,shm,4072,72500
sample,shm,4073,71600
sample,shm,4074,72600
sample,shm,4075,73800
sample,shm,4076,73500
sample,shm,4077,71600
sample,shm,4078,72900
sample,shm,4079,73000
sample,shm,4080,73600
sample,shm,4081,73100
sample,shm,4082,73000
sample,shm,4083,71100
sample,shm,4084,70200
sample,shm,4085,91200
sample,shm,4086,133000
sample,shm,4087,110700
sample,shm,4088,81300
sample,shm,4089,234300
sample,shm,4090,69000
sample,shm,4091,100500
sample,shm,4092,90000
sample,shm,4093,88400
sample,shm,4094,90500
sample,shm,4095,74300
sample,shm,4096,71800
sample,shm,4097,79100
sample,shm,4098,78900
sample,shm,4099,78400
sample,shm,4100,83900
sample,shm,4101,138500
sample,shm,4102,91700
sample,shm,4103,72200
sample,shm,4104,81500
sample,shm,4105,103400
sample,shm,4106,83300
sample,shm,4107,87800
sample,shm,4108,76400
sample,shm,4109,75900
sample,shm,4110,68800
sample,shm,4111,63000
sample,shm,4112,80900
sample,shm,4113,74300
sample,shm,4114,96200
sample,shm,4115,83700
sample,shm,4116,159800
sample,shm,4117,89200
sample,shm,4118,88300
sample,shm,4119,74900
sample,shm,4120,93600
sample,shm,4121,85200
sample,shm,4122,66400
sample,shm,4123,64300
sample,shm,4124,62100
sample,shm,4125,67000
sample,shm,4126,78300
sample,shm,4127,85700
sample,shm,4128,72200
sample,shm,4129,57000
sample,shm,4130,63400
sample,shm,4131,65900
sample,shm,4132,70600
sample,shm,4133,79900
sample,shm,4134,71500
sample,shm,4135,60700
sample,shm,4136,76500
sample,shm,4137,78100
sample,shm,4138,66300
sample,shm,4139,70800
sample,shm,4140,71300
sample,shm,4141,72400
sample,shm,4142,96900
sample,shm,4143,71500
sample,shm,4144,121500
sample,shm,4145,198200
sample,shm,4146,5580000
sample,shm,4147,162300
sample,shm,4148,97000
sample,shm,4149,82100
sample,shm,4150,89800
sample,shm,4151,83800
sample,shm,4152,59700
sample,shm,4153,58000
sample,shm,4154,62400
sample,shm,4155,67100
sample,shm,4156,68700
sample,shm,4157,53700
sample,shm,4158,52600
sample,shm,4159,65200
sample,shm,4160,108000
sample,shm,4161,84000
sample,shm,4162,88600
sample,shm,4163,69800
sample,shm,4164,68200
sample,shm,4165,56400
sample,shm,4166,66100
sample,shm,4167,84100
sample,shm,4168,60000
sample,shm,4169,95000
sample,shm,4170,74700
sample,shm,4171,108100
sample,shm,4172,95100
sample,shm,4173,190000
sample,shm,4174,94600
sample,shm,4175,75900
sample,shm,4176,83600
sample,shm,4177,58700
sample,shm,4178,53000
sample,shm,4179,51900
sample,shm,4180,58700
sample,shm,4181,64600
sample,shm,4182,2715500
sample,shm,4183,145500
sample,shm,4184,86000
sample,shm,4185,71700
sample,shm,4186,107200
sample,shm,4187,64400
sample,shm,4188,72900
sample,shm,4189,225500
sample,shm,4190,207200
sample,shm,4191,116000
sample,shm,4192,90900
sample,shm,4193,61400
sample,shm,4194,58600
sample,shm,4195,350200
sample,shm,4196,83400
sample,shm,4197,79000
sample,shm,4198,86700
sample,shm,4199,196700
sample,shm,4200,173900
sample,shm,4201,78600
sample,shm,4202,79400
sample,shm,4203,83100
sample,shm,4204,73000
sample,shm,4205,68200
sample,shm,4206,68900
sample,shm,4207,67800
sample,shm,4208,67300
sample,shm,4209,75600
sample,shm,4210,83800
sample,shm,4211,73900
sample,shm,4212,213200
sample,shm,4213,78000
sample,shm,4214,133400
sample,shm,4215,83500
sample,shm,4216,68300
sample,shm,4217,71400
sample,shm,4218,74200
sample,shm,4219,92300
sample,shm,4220,83600
sample,shm,4221,75600
sample,shm,4222,91300
sample,shm,4223,86100
sample,shm,4224,86900
sample,shm,4225,90700
sample,shm,4226,79600
sample,shm,4227,74900
sample,shm,4228,95500
sample,shm,4229,88200
sample,shm,4230,77500
sample,shm,4231,81500
sample,shm,4232,75100
sample,shm,4233,88900
sample,shm,4234,96200
sample,shm,4235,70400
sample,shm,4236,53800
sample,shm,4237,57200
sample,shm,4238,51200
sample,shm,4239,100300
sample,shm,4240,61500
sample,shm,4241,123100
sample,shm,4242,69000
sample,shm,4243,62600
sample,shm,4244,64100
sample,shm,4245,62900
sample,shm,4246,61800
sample,shm,4247,61400
sample,shm,4248,68800
sample,shm,4249,73500
sample,shm,4250,65500
sample,shm,4251,61800
sample,shm,4252,59700
sample,shm,4253,157400
sample,shm,4254,113500
sample,shm,4255,76000
sample,shm,4256,64400
sample,shm,4257,87600
sample,shm,4258,68500
sample,shm,4259,76100
sample,shm,4260,101100
sample,shm,4261,74900
sample,shm,4262,82800
sample,shm,4263,92700
sample,shm,4264,116600
sample,shm,4265,190400
sample,shm,4266,64600
sample,shm,4267,82200
sample,shm,4268,80300
sample,shm,4269,112200
sample,shm,4270,80700
sample,shm,4271,87000
sample,shm,4272,73900
sample,shm,4273,70900
sample,shm,4274,71400
sample,shm,4275,80500
sample,shm,4276,88500
sample,shm,4277,146800
sample,shm,4278,67600
sample,shm,4279,93500
sample,shm,4280,77000
sample,shm,4281,74700
sample,shm,4282,81400
sample,shm,4283,89900
sample,shm,4284,229500
sample,shm,4285,281100
sample,shm,4286,206600
sample,shm,4287,253200
sample,shm,4288,186000
sample,shm,4289,400800
sample,shm,4290,147300
sample,shm,4291,92100
sample,shm,4292,84400
sample,shm,4293,82300
sample,shm,4294,83700
sample,shm,4295,85600
sample,shm,4296,86700
sample,shm,4297,88400
sample,shm,4298,93100
sample,shm,4299,167100
sample,shm,4300,108400
sample,shm,4301,81000
sample,shm,4302,56400
sample,shm,4303,76600
sample,shm,4304,127800
sample,shm,4305,313100
sample,shm,4306,143100
sample,shm,4307,57300
sample,shm,4308,368600
sample,shm,4309,98900
sample,shm,4310,94100
sample,shm,4311,95800
sample,shm,4312,81000
sample,shm,4313,90900
sample,shm,4314,84200
sample,shm,4315,86600
sample,shm,4316,77500
sample,shm,4317,77500
sample,shm,4318,75700
sample,shm,4319,215900
sample,shm,4320,101200
sample,shm,4321,72900
sample,shm,4322,66400
sample,shm,4323,62500
sample,shm,4324,56500
sample,shm,4325,61300
sample,shm,4326,60700
sample,shm,4327,58600
sample,shm,4328,74300
sample,shm,4329,64700
sample,shm,4330,62600
sample,shm,4331,184100
sample,shm,4332,149100
sample,shm,4333,94700
sample,shm,4334,75100
sample,shm,4335,63300
sample,shm,4336,144100
sample,shm,4337,205700
sample,shm,4338,107700
sample,shm,4339,98900
sample,shm,4340,109800
sample,shm,4341,124000
sample,shm,4342,87800
sample,shm,4343,81200
sample,shm,4344,63700
sample,shm,4345,59300
sample,shm,4346,66800
sample,shm,4347,66900
sample,shm,4348,64100
sample,shm,4349,55000
sample,shm,4350,52000
sample,shm,4351,49300
sample,shm,4352,50800
sample,shm,4353,53600
sample,shm,4354,54600
sample,shm,4355,51300
sample,shm,4356,51500
sample,shm,4357,50100
sample,shm,4358,65800
sample,shm,4359,82200
sample,shm,4360,76500
sample,shm,4361,73800
sample,shm,4362,74700
sample,shm,4363,75200
sample,shm,4364,89300
sample,shm,4365,72600
sample,shm,4366,73000
sample,shm,4367,84600
sample,shm,4368,75900
sample,shm,4369,131400
sample,shm,4370,157700
sample,shm,4371,181200
sample,shm,4372,97600
sample,shm,4373,74000
sample,shm,4374,110600
sample,shm,4375,72100
sample,shm,4376,90600
sample,shm,4377,106500
sample,shm,4378,78000
sample,shm,4379,72900
sample,shm,4380,72200
sample,shm,4381,82500
sample,shm,4382,116200
sample,shm,4383,67300
sample,shm,4384,81500
sample,shm,4385,119200
sample,shm,4386,69000
sample,shm,4387,50400
sample,shm,4388,114600
sample,shm,4389,87600
sample,shm,4390,82400
sample,shm,4391,163600
sample,shm,4392,11303700
sample,shm,4393,760100
sample,shm,4394,171400
sample,shm,4395,75600
sample,shm,4396,74900
sample,shm,4397,96600
sample,shm,4398,81600
sample,shm,4399,80600
sample,shm,4400,72200
sample,shm,4401,68300
sample,shm,4402,163700
sample,shm,4403,123700
sample,shm,4404,87400
sample,shm,4405,179100
sample,shm,4406,191300
sample,shm,4407,177700
sample,shm,4408,409700
sample,shm,4409,157400
sample,shm,4410,259400
sample,shm,4411,177400
sample,shm,4412,145500
sample,shm,4413,123600
sample,shm,4414,161200
sample,shm,4415,176400
sample,shm,4416,156200
sample,shm,4417,116000
sample,shm,4418,111900
sample,shm,4419,95100
sample,shm,4420,76300
sample,shm,4421,531800
sample,shm,4422,88200
sample,shm,4423,151600
sample,shm,4424,104100
sample,shm,4425,94700
sample,shm,4426,74600
sample,shm,4427,94000
sample,shm,4428,78100
sample,shm,4429,75200
sample,shm,4430,77100
sample,shm,4431,74100
sample,shm,4432,77300
sample,shm,4433,81800
sample,shm,4434,72600
sample,shm,4435,72700
sample,shm,4436,72500
sample,shm,4437,92500
sample,shm,4438,89800
sample,shm,4439,111600
sample,shm,4440,79600
sample,shm,4441,79700
sample,shm,4442,60900
sample,shm,4443,59700
sample,shm,4444,120300
sample,shm,4445,60900
sample,shm,4446,58400
sample,shm,4447,418300
sample,shm,4448,103900
sample,shm,4449,77600
sample,shm,4450,76400
sample,shm,4451,76700
sample,shm,4452,76100
sample,shm,4453,114400
sample,shm,4454,80300
sample,shm,4455,70800
sample,shm,4456,71100
sample,shm,4457,77000
sample,shm,4458,91600
sample,shm,4459,79800
sample,shm,4460,112900
sample,shm,4461,107500
sample,shm,4462,172000
sample,shm,4463,88300
sample,shm,4464,52100
sample,shm,4465,47400
sample,shm,4466,86900
sample,shm,4467,95900
sample,shm,4468,59600
sample,shm,4469,57300
sample,shm,4470,97200
sample,shm,4471,74800
sample,shm,4472,65800
sample,shm,4473,72800
sample,shm,4474,66000
sample,shm,4475,117000
sample,shm,4476,88400
sample,shm,4477,67700
sample,shm,4478,88600
sample,shm,4479,69400
sample,shm,4480,63300
sample,shm,4481,49800
sample,shm,4482,47300
sample,shm,4483,90800
sample,shm,4484,77300
sample,shm,4485,94500
sample,shm,4486,83800
sample,shm,4487,90900
sample,shm,4488,78900
sample,shm,4489,73500
sample,shm,4490,98000
sample,shm,4491,81600
sample,shm,4492,87200
sample,shm,4493,82300
sample,shm,4494,79700
sample,shm,4495,74200
sample,shm,4496,73300
sample,shm,4497,70800
sample,shm,4498,74100
sample,shm,4499,81500
sample,shm,4500,75500
sample,shm,4501,83500
sample,shm,4502,92400
sample,shm,4503,79500
sample,shm,4504,83600
sample,shm,4505,69300
sample,shm,4506,84200
sample,shm,4507,83900
sample,shm,4508,79600
sample,shm,4509,80800
sample,shm,4510,98400
sample,shm,4511,83900
sample,shm,4512,77300
sample,shm,4513,63200
sample,shm,4514,73200
sample,shm,4515,83700
sample,shm,4516,204400
sample,shm,4517,89400
sample,shm,4518,97700
sample,shm,4519,96900
sample,shm,4520,137200
sample,shm,4521,119800
sample,shm,4522,129500
sample,shm,4523,79700
sample,shm,4524,72100
sample,shm,4525,76000
sample,shm,4526,102400
sample,shm,4527,81600
sample,shm,4528,79900
sample,shm,4529,70400
sample,shm,4530,82400
sample,shm,4531,75700
sample,shm,4532,61700
sample,shm,4533,79500
sample,shm,4534,76900
sample,shm,4535,78000
sample,shm,4536,68000
sample,shm,4537,64000
sample,shm,4538,86600
sample,shm,4539,76900
sample,shm,4540,77300
sample,shm,4541,96700
sample,shm,4542,72200
sample,shm,4543,140400
sample,shm,4544,74200
sample,shm,4545,78600
sample,shm,4546,83000
sample,shm,4547,84200
sample,shm,4548,94600
sample,shm,4549,79700
sample,shm,4550,2421800
sample,shm,4551,122800
sample,shm,4552,60000
sample,shm,4553,83400
sample,shm,4554,188600
sample,shm,4555,337500
sample,shm,4556,83600
sample,shm,4557,60200
sample,shm,4558,81900
sample,shm,4559,64100
sample,shm,4560,62800
sample,shm,4561,62600
sample,shm,4562,60300
sample,shm,4563,75300
sample,shm,4564,143100
sample,shm,4565,287000
sample,shm,4566,80500
sample,shm,4567,134900
sample,shm,4568,177500
sample,shm,4569,78600
sample,shm,4570,59200
sample,shm,4571,66700
sample,shm,4572,51000
sample,shm,4573,49400
sample,shm,4574,48900
sample,shm,4575,49400
sample,shm,4576,55900
sample,shm,4577,64900
sample,shm,4578,159200
sample,shm,4579,62900
sample,shm,4580,82600
sample,shm,4581,74100
sample,shm,4582,123100
sample,shm,4583,88600
sample,shm,4584,92000
sample,shm,4585,82000
sample,shm,4586,115600
sample,shm,4587,81300
sample,shm,4588,72100
sample,shm,4589,62000
sample,shm,4590,68700
sample,shm,4591,77900
sample,shm,4592,65500
sample,shm,4593,65200
sample,shm,4594,75800
sample,shm,4595,65200
sample,shm,4596,63400
sample,shm,4597,63400
sample,shm,4598,62500
sample,shm,4599,63600
sample,shm,4600,63600
sample,shm,4601,62300
sample,shm,4602,63100
sample,shm,4603,68300
sample,shm,4604,80800
sample,shm,4605,68200
sample,shm,4606,72700
sample,shm,4607,64700
sample,shm,4608,174900
sample,shm,4609,80500
sample,shm,4610,71800
sample,shm,4611,86700
sample,shm,4612,60200
sample,shm,4613,76100
sample,shm,4614,82100
sample,shm,4615,67200
sample,shm,4616,64700
sample,shm,4617,63500
sample,shm,4618,62800
sample,shm,4619,62500
sample,shm,4620,66200
sample,shm,4621,63900
sample,shm,4622,63200
sample,shm,4623,68800
sample,shm,4624,73100
sample,shm,4625,84000
sample,shm,4626,81600
sample,shm,4627,77000
sample,shm,4628,65300
sample,shm,4629,59300
sample,shm,4630,76400
sample,shm,4631,73400
sample,shm,4632,70700
sample,shm,4633,65200
sample,shm,4634,65400
sample,shm,4635,71900
sample,shm,4636,79600
sample,shm,4637,86700
sample,shm,4638,126900
sample,shm,4639,87100
sample,shm,4640,74000
sample,shm,4641,75800
sample,shm,4642,62600
sample,shm,4643,69400
sample,shm,4644,91500
sample,shm,4645,97100
sample,shm,4646,158500
sample,shm,4647,99300
sample,shm,4648,114900
sample,shm,4649,92300
sample,shm,4650,88600
sample,shm,4651,69100
sample,shm,4652,106500
sample,shm,4653,71700
sample,shm,4654,73000
sample,shm,4655,74500
sample,shm,4656,76800
sample,shm,4657,86900
sample,shm,4658,66100
sample,shm,4659,92300
sample,shm,4660,76000
sample,shm,4661,76000
sample,shm,4662,69500
sample,shm,4663,84200
sample,shm,4664,80800
sample,shm,4665,116000
sample,shm,4666,84100
sample,shm,4667,110500
sample,shm,4668,81100
sample,shm,4669,80200
sample,shm,4670,78100
sample,shm,4671,109900
sample,shm,4672,139200
sample,shm,4673,77300
sample,shm,4674,88100
sample,shm,4675,90000
sample,shm,4676,96700
sample,shm,4677,72900
sample,shm,4678,106100
sample,shm,4679,84700
sample,shm,4680,86400
sample,shm,4681,76500
sample,shm,4682,79300
sample,shm,4683,86400
sample,shm,4684,75900
sample,shm,4685,78400
sample,shm,4686,75800
sample,shm,4687,98100
sample,shm,4688,98500
sample,shm,4689,153700
sample,shm,4690,83900
sample,shm,4691,80800
sample,shm,4692,94000
sample,shm,4693,102300
sample,shm,4694,105000
sample,shm,4695,83000
sample,shm,4696,82000
sample,shm,4697,74000
sample,shm,4698,73900
sample,shm,4699,74200
sample,shm,4700,73400
sample,shm,4701,88600
sample,shm,4702,72100
sample,shm,4703,92400
sample,shm,4704,76600
sample,shm,4705,78600
sample,shm,4706,67900
sample,shm,4707,85500
sample,shm,4708,83600
sample,shm,4709,73400
sample,shm,4710,94000
sample,shm,4711,74900
sample,shm,4712,76000
sample,shm,4713,95000
sample,shm,4714,83900
sample,shm,4715,92300
sample,shm,4716,66800
sample,shm,4717,104800
sample,shm,4718,79400
sample,shm,4719,183900
sample,shm,4720,189900
sample,shm,4721,79000
sample,shm,4722,56600
sample,shm,4723,67100
sample,shm,4724,76700
sample,shm,4725,76100
sample,shm,4726,71300
sample,shm,4727,74600
sample,shm,4728,88300
sample,shm,4729,87700
sample,shm,4730,77200
sample,shm,4731,74700
sample,shm,4732,79000
sample,shm,4733,108000
sample,shm,4734,82600
sample,shm,4735,85800
sample,shm,4736,98800
sample,shm,4737,87600
sample,shm,4738,89300
sample,shm,4739,74300
sample,shm,4740,75400
sample,shm,4741,80300
sample,shm,4742,95400
sample,shm,4743,93700
sample,shm,4744,76800
sample,shm,4745,85300
sample,shm,4746,78800
sample,shm,4747,80300
sample,shm,4748,72600
sample,shm,4749,72900
sample,shm,4750,70600
sample,shm,4751,74200
sample,shm,4752,73000
sample,shm,4753,100000
sample,shm,4754,82900
sample,shm,4755,78400
sample,shm,4756,93200
sample,shm,4757,79800
sample,shm,4758,79100
sample,shm,4759,80400
sample,shm,4760,80200
sample,shm,4761,90700
sample,shm,4762,79300
sample,shm,4763,79700
sample,shm,4764,76000
sample,shm,4765,79900
sample,shm,4766,110800
sample,shm,4767,93800
sample,shm,4768,76500
sample,shm,4769,78600
sample,shm,4770,76000
sample,shm,4771,75500
sample,shm,4772,84300
sample,shm,4773,77000
sample,shm,4774,84800
sample,shm,4775,96800
sample,shm,4776,79500
sample,shm,4777,76900
sample,shm,4778,79300
sample,shm,4779,74400
sample,shm,4780,74700
sample,shm,4781,77600
sample,shm,4782,76100
sample,shm,4783,72300
sample,shm,4784,76200
sample,shm,4785,73900
sample,shm,4786,77100
sample,shm,4787,106300
sample,shm,4788,76800
sample,shm,4789,95800
sample,shm,4790,93500
sample,shm,4791,85200
sample,shm,4792,80900
sample,shm,4793,96000
sample,shm,4794,113600
sample,shm,4795,94700
sample,shm,4796,101700
sample,shm,4797,103400
sample,shm,4798,99600
sample,shm,4799,90300
sample,shm,4800,70100
sample,shm,4801,121000
sample,shm,4802,91500
sample,shm,4803,76600
sample,shm,4804,74300
sample,shm,4805,79400
sample,shm,4806,93900
sample,shm,4807,104700
sample,shm,4808,87600
sample,shm,4809,82200
sample,shm,4810,79100
sample,shm,4811,90500
sample,shm,4812,82500
sample,shm,4813,90000
sample,shm,4814,92800
sample,shm,4815,90600
sample,shm,4816,72900
sample,shm,4817,69300
sample,shm,4818,71600
sample,shm,4819,70800
sample,shm,4820,92900
sample,shm,4821,90000
sample,shm,4822,76000
sample,shm,4823,97000
sample,shm,4824,103300
sample,shm,4825,83200
sample,shm,4826,86700
sample,shm,4827,102900
sample,shm,4828,126500
sample,shm,4829,76500
sample,shm,4830,66100
sample,shm,4831,71400
sample,shm,4832,64100
sample,shm,4833,58700
sample,shm,4834,72100
sample,shm,4835,77100
sample,shm,4836,88500
sample,shm,4837,87900
sample,shm,4838,79800
sample,shm,4839,84300
sample,shm,4840,66400
sample,shm,4841,79000
sample,shm,4842,65500
sample,shm,4843,87800
sample,shm,4844,69800
sample,shm,4845,59400
sample,shm,4846,79800
sample,shm,4847,88900
sample,shm,4848,74400
sample,shm,4849,105300
sample,shm,4850,119800
sample,shm,4851,110700
sample,shm,4852,93400
sample,shm,4853,79400
sample,shm,4854,116600
sample,shm,4855,74100
sample,shm,4856,76600
sample,shm,4857,78200
sample,shm,4858,61600
sample,shm,4859,74000
sample,shm,4860,81900
sample,shm,4861,73000
sample,shm,4862,97200
sample,shm,4863,81400
sample,shm,4864,74400
sample,shm,4865,90600
sample,shm,4866,90700
sample,shm,4867,101800
sample,shm,4868,88700
sample,shm,4869,74800
sample,shm,4870,200300
sample,shm,4871,84000
sample,shm,4872,72200
sample,shm,4873,82300
sample,shm,4874,90800
sample,shm,4875,111300
sample,shm,4876,87500
sample,shm,4877,87700
sample,shm,4878,315600
sample,shm,4879,88600
sample,shm,4880,115300
sample,shm,4881,93300
sample,shm,4882,86700
sample,shm,4883,83000
sample,shm,4884,95800
sample,shm,4885,92600
sample,shm,4886,85300
sample,shm,4887,90500
sample,shm,4888,68300
sample,shm,4889,78200
sample,shm,4890,74300
sample,shm,4891,70600
sample,shm,4892,62100
sample,shm,4893,62300
sample,shm,4894,72300
sample,shm,4895,70000
sample,shm,4896,69100
sample,shm,4897,71200
sample,shm,4898,66500
sample,shm,4899,70400
sample,shm,4900,78700
sample,zmq,1,164000
sample,zmq,2,155700
sample,zmq,3,154600
sample,zmq,4,150700
sample,zmq,5,194100
sample,zmq,6,156600
sample,zmq,7,116000
sample,zmq,8,152500
sample,zmq,9,203300
sample,zmq,10,195700
sample,zmq,11,199900
sample,zmq,12,177000
sample,zmq,13,166800
sample,zmq,14,160600
sample,zmq,15,164700
sample,zmq,16,149000
sample,zmq,17,142400
sample,zmq,18,162300
sample,zmq,19,159700
sample,zmq,20,173100
sample,zmq,21,149900
sample,zmq,22,154400
sample,zmq,23,150300
sample,zmq,24,144700
sample,zmq,25,143900
sample,zmq,26,144400
sample,zmq,27,152200
sample,zmq,28,148000
sample,zmq,29,131400
sample,zmq,30,148000
sample,zmq,31,137300
sample,zmq,32,156300
sample,zmq,33,139900
sample,zmq,34,148800
sample,zmq,35,144800
sample,zmq,36,152800
sample,zmq,37,137300
sample,zmq,38,149400
sample,zmq,39,162800
sample,zmq,40,163600
sample,zmq,41,156100
sample,zmq,42,194500
sample,zmq,43,166300
sample,zmq,44,205000
sample,zmq,45,173000
sample,zmq,46,182700
sample,zmq,47,211900
sample,zmq,48,157600
sample,zmq,49,172300
sample,zmq,50,174600
sample,zmq,51,159900
sample,zmq,52,190300
sample,zmq,53,184400
sample,zmq,54,207600
sample,zmq,55,186100
sample,zmq,56,432800
sample,zmq,57,205700
sample,zmq,58,1856500
sample,zmq,59,221500
sample,zmq,60,160100
sample,zmq,61,200100
sample,zmq,62,159700
sample,zmq,63,221300
sample,zmq,64,172700
sample,zmq,65,142200
sample,zmq,66,228700
sample,zmq,67,173200
sample,zmq,68,168100
sample,zmq,69,197000
sample,zmq,70,156800
sample,zmq,71,146000
sample,zmq,72,144800
sample,zmq,73,157700
sample,zmq,74,149600
sample,zmq,75,160100
sample,zmq,76,148900
sample,zmq,77,147900
sample,zmq,78,156300
sample,zmq,79,165800
sample,zmq,80,151300
sample,zmq,81,166300
sample,zmq,82,205700
sample,zmq,83,176800
sample,zmq,84,200500
sample,zmq,85,162300
sample,zmq,86,165900
sample,zmq,87,142600
sample,zmq,88,153200
sample,zmq,89,152300
sample,zmq,90,149900
sample,zmq,91,144000
sample,zmq,92,141500
sample,zmq,93,150300
sample,zmq,94,143000
sample,zmq,95,132200
sample,zmq,96,144100
sample,zmq,97,137000
sample,zmq,98,139700
sample,zmq,99,146500
sample,zmq,100,138600
sample,zmq,101,148800
sample,zmq,102,155000
sample,zmq,103,151900
sample,zmq,104,154300
sample,zmq,105,176000
sample,zmq,106,157100
sample,zmq,107,157800
sample,zmq,108,152300
sample,zmq,109,149200
sample,zmq,110,159400
sample,zmq,111,155300
sample,zmq,112,167500
sample,zmq,113,156000
sample,zmq,114,129000
sample,zmq,115,164600
sample,zmq,116,159500
sample,zmq,117,176900
sample,zmq,118,149700
sample,zmq,119,132900
sample,zmq,120,168400
sample,zmq,121,116400
sample,zmq,122,399900
sample,zmq,123,202200
sample,zmq,124,176500
sample,zmq,125,154400
sample,zmq,126,158100
sample,zmq,127,136100
sample,zmq,128,158600
sample,zmq,129,177100
sample,zmq,130,232500
sample,zmq,131,194800
sample,zmq,132,179500
sample,zmq,133,223100
sample,zmq,134,170800
sample,zmq,135,184400
sample,zmq,136,160300
sample,zmq,137,163000
sample,zmq,138,148000
sample,zmq,139,156800
sample,zmq,140,166200
sample,zmq,141,167200
sample,zmq,142,193400
sample,zmq,143,166700
sample,zmq,144,140600
sample,zmq,145,149700
sample,zmq,146,154100
sample,zmq,147,173800
sample,zmq,148,154400
sample,zmq,149,182100
sample,zmq,150,168000
sample,zmq,151,151900
sample,zmq,152,193600
sample,zmq,153,169400
sample,zmq,154,169800
sample,zmq,155,188200
sample,zmq,156,138600
sample,zmq,157,148600
sample,zmq,158,160700
sample,zmq,159,169800
sample,zmq,160,158800
sample,zmq,161,178600
sample,zmq,162,157100
sample,zmq,163,162000
sample,zmq,164,160300
sample,zmq,165,167800
sample,zmq,166,179600
sample,zmq,167,160700
sample,zmq,168,155400
sample,zmq,169,160600
sample,zmq,170,152500
sample,zmq,171,177400
sample,zmq,172,153100
sample,zmq,173,153700
sample,zmq,174,175300
sample,zmq,175,156500
sample,zmq,176,154900
sample,zmq,177,174100
sample,zmq,178,157500
sample,zmq,179,151400
sample,zmq,180,174500
sample,zmq,181,171400
sample,zmq,182,183900
sample,zmq,183,178200
sample,zmq,184,168600
sample,zmq,185,216100
sample,zmq,186,161200
sample,zmq,187,197000
sample,zmq,188,253700
sample,zmq,189,199100
sample,zmq,190,229300
sample,zmq,191,163400
sample,zmq,192,148600
sample,zmq,193,172000
sample,zmq,194,147000
sample,zmq,195,167800
sample,zmq,196,153300
sample,zmq,197,200100
sample,zmq,198,184000
sample,zmq,199,234300
sample,zmq,200,178100
sample,zmq,201,250400
sample,zmq,202,176300
sample,zmq,203,150800
sample,zmq,204,150000
sample,zmq,205,145100
sample,zmq,206,157300
sample,zmq,207,160500
sample,zmq,208,177500
sample,zmq,209,202900
sample,zmq,210,194000
sample,zmq,211,171600
sample,zmq,212,175000
sample,zmq,213,166600
sample,zmq,214,152500
sample,zmq,215,173600
sample,zmq,216,159600
sample,zmq,217,160400
sample,zmq,218,273900
sample,zmq,219,160700
sample,zmq,220,217800
sample,zmq,221,314300
sample,zmq,222,185000
sample,zmq,223,157600
sample,zmq,224,177000
sample,zmq,225,191600
sample,zmq,226,154000
sample,zmq,227,161400
sample,zmq,228,172400
sample,zmq,229,164600
sample,zmq,230,155900
sample,zmq,231,178500
sample,zmq,232,209700
sample,zmq,233,233200
sample,zmq,234,195900
sample,zmq,235,184800
sample,zmq,236,155300
sample,zmq,237,156400
sample,zmq,238,155400
sample,zmq,239,158700
sample,zmq,240,173400
sample,zmq,241,151500
sample,zmq,242,139300
sample,zmq,243,160500
sample,zmq,244,163500
sample,zmq,245,161000
sample,zmq,246,149100
sample,zmq,247,167800
sample,zmq,248,179800
sample,zmq,249,178300
sample,zmq,250,162900
sample,zmq,251,184500
sample,zmq,252,169600
sample,zmq,253,164000
sample,zmq,254,202300
sample,zmq,255,171300
sample,zmq,256,159400
sample,zmq,257,225700
sample,zmq,258,208900
sample,zmq,259,161600
sample,zmq,260,151800
sample,zmq,261,171500
sample,zmq,262,144700
sample,zmq,263,156800
sample,zmq,264,156600
sample,zmq,265,146000
sample,zmq,266,160300
sample,zmq,267,152700
sample,zmq,268,171700
sample,zmq,269,132000
sample,zmq,270,166100
sample,zmq,271,176900
sample,zmq,272,172800
sample,zmq,273,181900
sample,zmq,274,256700
sample,zmq,275,233900
sample,zmq,276,195800
sample,zmq,277,259800
sample,zmq,278,164800
sample,zmq,279,190200
sample,zmq,280,177500
sample,zmq,281,161800
sample,zmq,282,193800
sample,zmq,283,157100
sample,zmq,284,185100
sample,zmq,285,156500
sample,zmq,286,167200
sample,zmq,287,134700
sample,zmq,288,163800
sample,zmq,289,169100
sample,zmq,290,177600
sample,zmq,291,205000
sample,zmq,292,191800
sample,zmq,293,188800
sample,zmq,294,172300
sample,zmq,295,157900
sample,zmq,296,186100
sample,zmq,297,172600
sample,zmq,298,155500
sample,zmq,299,162300
sample,zmq,300,131300
sample,zmq,301,146600
sample,zmq,302,202700
sample,zmq,303,155700
sample,zmq,304,153700
sample,zmq,305,186300
sample,zmq,306,159400
sample,zmq,307,176700
sample,zmq,308,169600
sample,zmq,309,181400
sample,zmq,310,191900
sample,zmq,311,178200
sample,zmq,312,166600
sample,zmq,313,191900
sample,zmq,314,187000
sample,zmq,315,175600
sample,zmq,316,161600
sample,zmq,317,150900
sample,zmq,318,175200
sample,zmq,319,182300
sample,zmq,320,200900
sample,zmq,321,178700
sample,zmq,322,153700
sample,zmq,323,157600
sample,zmq,324,160000
sample,zmq,325,146200
sample,zmq,326,151300
sample,zmq,327,156800
sample,zmq,328,204100
sample,zmq,329,194100
sample,zmq,330,177800
sample,zmq,331,184600
sample,zmq,332,202100
sample,zmq,333,171600
sample,zmq,334,152100
sample,zmq,335,148800
sample,zmq,336,169300
sample,zmq,337,149600
sample,zmq,338,145700
sample,zmq,339,141900
sample,zmq,340,141900
sample,zmq,341,202100
sample,zmq,342,163200
sample,zmq,343,148700
sample,zmq,344,150700
sample,zmq,345,158500
sample,zmq,346,158100
sample,zmq,347,143800
sample,zmq,348,152300
sample,zmq,349,198700
sample,zmq,350,132900
sample,zmq,351,292000
sample,zmq,352,164700
sample,zmq,353,118400
sample,zmq,354,125500
sample,zmq,355,133300
sample,zmq,356,132200
sample,zmq,357,125300
sample,zmq,358,139700
sample,zmq,359,123800
sample,zmq,360,132300
sample,zmq,361,126300
sample,zmq,362,135800
sample,zmq,363,122300
sample,zmq,364,138500
sample,zmq,365,150400
sample,zmq,366,129100
sample,zmq,367,135100
sample,zmq,368,126300
sample,zmq,369,189800
sample,zmq,370,129000
sample,zmq,371,118700
sample,zmq,372,127800
sample,zmq,373,172600
sample,zmq,374,140400
sample,zmq,375,166300
sample,zmq,376,143000
sample,zmq,377,160600
sample,zmq,378,185900
sample,zmq,379,157800
sample,zmq,380,146100
sample,zmq,381,175000
sample,zmq,382,165100
sample,zmq,383,154800
sample,zmq,384,157400
sample,zmq,385,166000
sample,zmq,386,211200
sample,zmq,387,193300
sample,zmq,388,185700
sample,zmq,389,191700
sample,zmq,390,163300
sample,zmq,391,209500
sample,zmq,392,196500
sample,zmq,393,158900
sample,zmq,394,173300
sample,zmq,395,171200
sample,zmq,396,171400
sample,zmq,397,134300
sample,zmq,398,163900
sample,zmq,399,178800
sample,zmq,400,217100
sample,zmq,401,174700
sample,zmq,402,182600
sample,zmq,403,174900
sample,zmq,404,154700
sample,zmq,405,150200
sample,zmq,406,151900
sample,zmq,407,159200
sample,zmq,408,170900
sample,zmq,409,190100
sample,zmq,410,150400
sample,zmq,411,396300
sample,zmq,412,399500
sample,zmq,413,1617600
sample,zmq,414,1046600
sample,zmq,415,254900
sample,zmq,416,220400
sample,zmq,417,270200
sample,zmq,418,624900
sample,zmq,419,209300
sample,zmq,420,183500
sample,zmq,421,168100
sample,zmq,422,160300
sample,zmq,423,141800
sample,zmq,424,151300
sample,zmq,425,205000
sample,zmq,426,205100
sample,zmq,427,178900
sample,zmq,428,168800
sample,zmq,429,198700
sample,zmq,430,169300
sample,zmq,431,152400
sample,zmq,432,209100
sample,zmq,433,192000
sample,zmq,434,165700
sample,zmq,435,180900
sample,zmq,436,173200
sample,zmq,437,161100
sample,zmq,438,183500
sample,zmq,439,142400
sample,zmq,440,169100
sample,zmq,441,152900
sample,zmq,442,172800
sample,zmq,443,165500
sample,zmq,444,144100
sample,zmq,445,142800
sample,zmq,446,188000
sample,zmq,447,165600
sample,zmq,448,149000
sample,zmq,449,135200
sample,zmq,450,140600
sample,zmq,451,186400
sample,zmq,452,178400
sample,zmq,453,197800
sample,zmq,454,201600
sample,zmq,455,149100
sample,zmq,456,144300
sample,zmq,457,153800
sample,zmq,458,164000
sample,zmq,459,180500
sample,zmq,460,150700
sample,zmq,461,140700
sample,zmq,462,137800
sample,zmq,463,208600
sample,zmq,464,171200
sample,zmq,465,133800
sample,zmq,466,149900
sample,zmq,467,159600
sample,zmq,468,140900
sample,zmq,469,134600
sample,zmq,470,128400
sample,zmq,471,125400
sample,zmq,472,126500
sample,zmq,473,132700
sample,zmq,474,129100
sample,zmq,475,121600
sample,zmq,476,125700
sample,zmq,477,126100
sample,zmq,478,129200
sample,zmq,479,146100
sample,zmq,480,124700
sample,zmq,481,119300
sample,zmq,482,120500
sample,zmq,483,128800
sample,zmq,484,129800
sample,zmq,485,127700
sample,zmq,486,132100
sample,zmq,487,136600
sample,zmq,488,143400
sample,zmq,489,141700
sample,zmq,490,199200
sample,zmq,491,236000
sample,zmq,492,225200
sample,zmq,493,214800
sample,zmq,494,198600
sample,zmq,495,228600
sample,zmq,496,192300
sample,zmq,497,168600
sample,zmq,498,214100
sample,zmq,499,179700
sample,zmq,500,160200
sample,zmq,501,227300
sample,zmq,502,145100
sample,zmq,503,187100
sample,zmq,504,187300
sample,zmq,505,163100
sample,zmq,506,170100
sample,zmq,507,148500
sample,zmq,508,162800
sample,zmq,509,164800
sample,zmq,510,169300
sample,zmq,511,154300
sample,zmq,512,168800
sample,zmq,513,202500
sample,zmq,514,213800
sample,zmq,515,144800
sample,zmq,516,173900
sample,zmq,517,180100
sample,zmq,518,144700
sample,zmq,519,182600
sample,zmq,520,167000
sample,zmq,521,183500
sample,zmq,522,149400
sample,zmq,523,159500
sample,zmq,524,172200
sample,zmq,525,136200
sample,zmq,526,159100
sample,zmq,527,179600
sample,zmq,528,165400
sample,zmq,529,151900
sample,zmq,530,131300
sample,zmq,531,167100
sample,zmq,532,145900
sample,zmq,533,149100
sample,zmq,534,168800
sample,zmq,535,173100
sample,zmq,536,147200
sample,zmq,537,163800
sample,zmq,538,151700
sample,zmq,539,108800
sample,zmq,540,139800
sample,zmq,541,181600
sample,zmq,542,146200
sample,zmq,543,141300
sample,zmq,544,152000
sample,zmq,545,175000
sample,zmq,546,172900
sample,zmq,547,206000
sample,zmq,548,225100
sample,zmq,549,173000
sample,zmq,550,181200
sample,zmq,551,157800
sample,zmq,552,148700
sample,zmq,553,165000
sample,zmq,554,149600
sample,zmq,555,185700
sample,zmq,556,173300
sample,zmq,557,152800
sample,zmq,558,170300
sample,zmq,559,169100
sample,zmq,560,185800
sample,zmq,561,182000
sample,zmq,562,150600
sample,zmq,563,170100
sample,zmq,564,158000
sample,zmq,565,146100
sample,zmq,566,146500
sample,zmq,567,165100
sample,zmq,568,143900
sample,zmq,569,174800
sample,zmq,570,222000
sample,zmq,571,159400
sample,zmq,572,137800
sample,zmq,573,174500
sample,zmq,574,179800
sample,zmq,575,167300
sample,zmq,576,150400
sample,zmq,577,149200
sample,zmq,578,150400
sample,zmq,579,146800
sample,zmq,580,146800
sample,zmq,581,175600
sample,zmq,582,148000
sample,zmq,583,139500
sample,zmq,584,147000
sample,zmq,585,144500
sample,zmq,586,146500
sample,zmq,587,147900
sample,zmq,588,162300
sample,zmq,589,146500
sample,zmq,590,139100
sample,zmq,591,110100
sample,zmq,592,149800
sample,zmq,593,178200
sample,zmq,594,168300
sample,zmq,595,136000
sample,zmq,596,153000
sample,zmq,597,118300
sample,zmq,598,114300
sample,zmq,599,139700
sample,zmq,600,125300
sample,zmq,601,121200
sample,zmq,602,119800
sample,zmq,603,265600
sample,zmq,604,167100
sample,zmq,605,157000
sample,zmq,606,151200
sample,zmq,607,143500
sample,zmq,608,173700
sample,zmq,609,178100
sample,zmq,610,166600
sample,zmq,611,167000
sample,zmq,612,176100
sample,zmq,613,110100
sample,zmq,614,173300
sample,zmq,615,175800
sample,zmq,616,174800
sample,zmq,617,194700
sample,zmq,618,162000
sample,zmq,619,147400
sample,zmq,620,209700
sample,zmq,621,218500
sample,zmq,622,193600
sample,zmq,623,187400
sample,zmq,624,165000
sample,zmq,625,165600
sample,zmq,626,149900
sample,zmq,627,184800
sample,zmq,628,185400
sample,zmq,629,144700
sample,zmq,630,170900
sample,zmq,631,168100
sample,zmq,632,154700
sample,zmq,633,169400
sample,zmq,634,151900
sample,zmq,635,132500
sample,zmq,636,150500
sample,zmq,637,161700
sample,zmq,638,166100
sample,zmq,639,168500
sample,zmq,640,178400
sample,zmq,641,136600
sample,zmq,642,157200
sample,zmq,643,140700
sample,zmq,644,178400
sample,zmq,645,176100
sample,zmq,646,172500
sample,zmq,647,350500
sample,zmq,648,172300
sample,zmq,649,139900
sample,zmq,650,167700
sample,zmq,651,140800
sample,zmq,652,223300
sample,zmq,653,180600
sample,zmq,654,267000
sample,zmq,655,266700
sample,zmq,656,150400
sample,zmq,657,193600
sample,zmq,658,196800
sample,zmq,659,165500
sample,zmq,660,188100
sample,zmq,661,184100
sample,zmq,662,196000
sample,zmq,663,172700
sample,zmq,664,153800
sample,zmq,665,175400
sample,zmq,666,180200
sample,zmq,667,161800
sample,zmq,668,149000
sample,zmq,669,147900
sample,zmq,670,159800
sample,zmq,671,134700
sample,zmq,672,522400
sample,zmq,673,208100
sample,zmq,674,246500
sample,zmq,675,311200
sample,zmq,676,369800
sample,zmq,677,516300
sample,zmq,678,335000
sample,zmq,679,159100
sample,zmq,680,561000
sample,zmq,681,166000
sample,zmq,682,139000
sample,zmq,683,134800
sample,zmq,684,203200
sample,zmq,685,154400
sample,zmq,686,174800
sample,zmq,687,115000
sample,zmq,688,134500
sample,zmq,689,147800
sample,zmq,690,147500
sample,zmq,691,143600
sample,zmq,692,164600
sample,zmq,693,131300
sample,zmq,694,151900
sample,zmq,695,152600
sample,zmq,696,152600
sample,zmq,697,134500
sample,zmq,698,144900
sample,zmq,699,143300
sample,zmq,700,169800
sample,zmq,701,181200
sample,zmq,702,233300
sample,zmq,703,180100
sample,zmq,704,168700
sample,zmq,705,162900
sample,zmq,706,147900
sample,zmq,707,125500
sample,zmq,708,173500
sample,zmq,709,145400
sample,zmq,710,142700
sample,zmq,711,127300
sample,zmq,712,138100
sample,zmq,713,127900
sample,zmq,714,137600
sample,zmq,715,125900
sample,zmq,716,121200
sample,zmq,717,130300
sample,zmq,718,126700
sample,zmq,719,120700
sample,zmq,720,125300
sample,zmq,721,140300
sample,zmq,722,240700
sample,zmq,723,292700
sample,zmq,724,153500
sample,zmq,725,127600
sample,zmq,726,127300
sample,zmq,727,129200
sample,zmq,728,171100
sample,zmq,729,374200
sample,zmq,730,259600
sample,zmq,731,171700
sample,zmq,732,136200
sample,zmq,733,126800
sample,zmq,734,123000
sample,zmq,735,127000
sample,zmq,736,127100
sample,zmq,737,139300
sample,zmq,738,155200
sample,zmq,739,183400
sample,zmq,740,152700
sample,zmq,741,157900
sample,zmq,742,145200
sample,zmq,743,150900
sample,zmq,744,130600
sample,zmq,745,137500
sample,zmq,746,139500
sample,zmq,747,131600
sample,zmq,748,134500
sample,zmq,749,144000
sample,zmq,750,144000
sample,zmq,751,147000
sample,zmq,752,151800
sample,zmq,753,108100
sample,zmq,754,160300
sample,zmq,755,173900
sample,zmq,756,173400
sample,zmq,757,185400
sample,zmq,758,164200
sample,zmq,759,171800
sample,zmq,760,162800
sample,zmq,761,160000
sample,zmq,762,215500
sample,zmq,763,177600
sample,zmq,764,160800
sample,zmq,765,155500
sample,zmq,766,146800
sample,zmq,767,166800
sample,zmq,768,193700
sample,zmq,769,155200
sample,zmq,770,139200
sample,zmq,771,157000
sample,zmq,772,179400
sample,zmq,773,197500
sample,zmq,774,204700
sample,zmq,775,170800
sample,zmq,776,133900
sample,zmq,777,147500
sample,zmq,778,140000
sample,zmq,779,135100
sample,zmq,780,137000
sample,zmq,781,160000
sample,zmq,782,142100
sample,zmq,783,137300
sample,zmq,784,135100
sample,zmq,785,147200
sample,zmq,786,141400
sample,zmq,787,147900
sample,zmq,788,137300
sample,zmq,789,112700
sample,zmq,790,155200
sample,zmq,791,261000
sample,zmq,792,165000
sample,zmq,793,108500
sample,zmq,794,173800
sample,zmq,795,135000
sample,zmq,796,143700
sample,zmq,797,139800
sample,zmq,798,155600
sample,zmq,799,188300
sample,zmq,800,146800
sample,zmq,801,150700
sample,zmq,802,118100
sample,zmq,803,163900
sample,zmq,804,136400
sample,zmq,805,138300
sample,zmq,806,381500
sample,zmq,807,247300
sample,zmq,808,213000
sample,zmq,809,166900
sample,zmq,810,153700
sample,zmq,811,144600
sample,zmq,812,140900
sample,zmq,813,191800
sample,zmq,814,144600
sample,zmq,815,128400
sample,zmq,816,126000
sample,zmq,817,145500
sample,zmq,818,141800
sample,zmq,819,147400
sample,zmq,820,158900
sample,zmq,821,139900
sample,zmq,822,143500
sample,zmq,823,140200
sample,zmq,824,143100
sample,zmq,825,141800
sample,zmq,826,133300
sample,zmq,827,140700
sample,zmq,828,149700
sample,zmq,829,141600
sample,zmq,830,137200
sample,zmq,831,151600
sample,zmq,832,175000
sample,zmq,833,211700
sample,zmq,834,119300
sample,zmq,835,1336000
sample,zmq,836,635200
sample,zmq,837,500900
sample,zmq,838,327600
sample,zmq,839,184100
sample,zmq,840,159000
sample,zmq,841,151900
sample,zmq,842,118300
sample,zmq,843,160100
sample,zmq,844,157800
sample,zmq,845,227300
sample,zmq,846,160700
sample,zmq,847,150700
sample,zmq,848,133100
sample,zmq,849,138900
sample,zmq,850,133400
sample,zmq,851,148400
sample,zmq,852,161000
sample,zmq,853,335000
sample,zmq,854,215600
sample,zmq,855,193500
sample,zmq,856,168700
sample,zmq,857,179300
sample,zmq,858,156900
sample,zmq,859,188700
sample,zmq,860,215400
sample,zmq,861,175500
sample,zmq,862,159100
sample,zmq,863,125000
sample,zmq,864,131500
sample,zmq,865,156300
sample,zmq,866,185800
sample,zmq,867,148600
sample,zmq,868,152200
sample,zmq,869,137900
sample,zmq,870,131800
sample,zmq,871,130500
sample,zmq,872,167500
sample,zmq,873,530600
sample,zmq,874,407000
sample,zmq,875,150400
sample,zmq,876,171300
sample,zmq,877,190400
sample,zmq,878,152300
sample,zmq,879,225300
sample,zmq,880,199300
sample,zmq,881,138400
sample,zmq,882,132200
sample,zmq,883,261200
sample,zmq,884,282700
sample,zmq,885,165000
sample,zmq,886,138200
sample,zmq,887,141200
sample,zmq,888,126900
sample,zmq,889,129800
sample,zmq,890,189900
sample,zmq,891,145000
sample,zmq,892,140900
sample,zmq,893,206800
sample,zmq,894,127000
sample,zmq,895,142700
sample,zmq,896,124000
sample,zmq,897,120500
sample,zmq,898,119800
sample,zmq,899,130900
sample,zmq,900,215700
sample,zmq,901,128500
sample,zmq,902,162900
sample,zmq,903,136500
sample,zmq,904,207500
sample,zmq,905,193800
sample,zmq,906,142000
sample,zmq,907,153300
sample,zmq,908,109700
sample,zmq,909,159900
sample,zmq,910,2634200
sample,zmq,911,307000
sample,zmq,912,149800
sample,zmq,913,133900
sample,zmq,914,137700
sample,zmq,915,134800
sample,zmq,916,196800
sample,zmq,917,162500
sample,zmq,918,140800
sample,zmq,919,136300
sample,zmq,920,154900
sample,zmq,921,138100
sample,zmq,922,163100
sample,zmq,923,169200
sample,zmq,924,174000
sample,zmq,925,178300
sample,zmq,926,244200
sample,zmq,927,174400
sample,zmq,928,316500
sample,zmq,929,156800
sample,zmq,930,217500
sample,zmq,931,151500
sample,zmq,932,138100
sample,zmq,933,161500
sample,zmq,934,137000
sample,zmq,935,143200
sample,zmq,936,170700
sample,zmq,937,137100
sample,zmq,938,130500
sample,zmq,939,131200
sample,zmq,940,145800
sample,zmq,941,143900
sample,zmq,942,137000
sample,zmq,943,149300
sample,zmq,944,141600
sample,zmq,945,125600
sample,zmq,946,123500
sample,zmq,947,130900
sample,zmq,948,123300
sample,zmq,949,126500
sample,zmq,950,126100
sample,zmq,951,125600
sample,zmq,952,127500
sample,zmq,953,130900
sample,zmq,954,135500
sample,zmq,955,141500
sample,zmq,956,132000
sample,zmq,957,131800
sample,zmq,958,129200
sample,zmq,959,271700
sample,zmq,960,273800
sample,zmq,961,509800
sample,zmq,962,851600
sample,zmq,963,757800
sample,zmq,964,246100
sample,zmq,965,396500
sample,zmq,966,186900
sample,zmq,967,182100
sample,zmq,968,186000
sample,zmq,969,163600
sample,zmq,970,171500
sample,zmq,971,150900
sample,zmq,972,141400
sample,zmq,973,144600
sample,zmq,974,144700
sample,zmq,975,165400
sample,zmq,976,146400
sample,zmq,977,189000
sample,zmq,978,138700
sample,zmq,979,136200
sample,zmq,980,132200
sample,zmq,981,156900
sample,zmq,982,169100
sample,zmq,983,149900
sample,zmq,984,148600
sample,zmq,985,140000
sample,zmq,986,153100
sample,zmq,987,150300
sample,zmq,988,141700
sample,zmq,989,190600
sample,zmq,990,145600
sample,zmq,991,154100
sample,zmq,992,160700
sample,zmq,993,169100
sample,zmq,994,302100
sample,zmq,995,200800
sample,zmq,996,173300
sample,zmq,997,191100
sample,zmq,998,222000
sample,zmq,999,179300
sample,zmq,1000,387500
sample,zmq,1001,232900
sample,zmq,1002,233700
sample,zmq,1003,251500
sample,zmq,1004,372000
sample,zmq,1005,173000
sample,zmq,1006,293000
sample,zmq,1007,194200
sample,zmq,1008,160100
sample,zmq,1009,236200
sample,zmq,1010,266600
sample,zmq,1011,181500
sample,zmq,1012,166500
sample,zmq,1013,157400
sample,zmq,1014,138500
sample,zmq,1015,185600
sample,zmq,1016,221800
sample,zmq,1017,205100
sample,zmq,1018,204800
sample,zmq,1019,184100
sample,zmq,1020,172400
sample,zmq,1021,148200
sample,zmq,1022,151300
sample,zmq,1023,178800
sample,zmq,1024,183300
sample,zmq,1025,185400
sample,zmq,1026,179200
sample,zmq,1027,167400
sample,zmq,1028,148800
sample,zmq,1029,146400
sample,zmq,1030,182100
sample,zmq,1031,144300
sample,zmq,1032,162800
sample,zmq,1033,133900
sample,zmq,1034,143400
sample,zmq,1035,167000
sample,zmq,1036,150800
sample,zmq,1037,150200
sample,zmq,1038,148000
sample,zmq,1039,139900
sample,zmq,1040,146900
sample,zmq,1041,133300
sample,zmq,1042,185800
sample,zmq,1043,147900
sample,zmq,1044,196200
sample,zmq,1045,150500
sample,zmq,1046,160000
sample,zmq,1047,152900
sample,zmq,1048,154300
sample,zmq,1049,147000
sample,zmq,1050,163200
sample,zmq,1051,153000
sample,zmq,1052,181100
sample,zmq,1053,160800
sample,zmq,1054,156900
sample,zmq,1055,146700
sample,zmq,1056,192300
sample,zmq,1057,143900
sample,zmq,1058,145900
sample,zmq,1059,148800
sample,zmq,1060,150300
sample,zmq,1061,187100
sample,zmq,1062,156500
sample,zmq,1063,142400
sample,zmq,1064,176600
sample,zmq,1065,155200
sample,zmq,1066,143000
sample,zmq,1067,155000
sample,zmq,1068,170700
sample,zmq,1069,443200
sample,zmq,1070,203200
sample,zmq,1071,234700
sample,zmq,1072,160600
sample,zmq,1073,168600
sample,zmq,1074,164200
sample,zmq,1075,154400
sample,zmq,1076,169900
sample,zmq,1077,160700
sample,zmq,1078,146100
sample,zmq,1079,145600
sample,zmq,1080,144700
sample,zmq,1081,161400
sample,zmq,1082,216600
sample,zmq,1083,255300
sample,zmq,1084,171700
sample,zmq,1085,144200
sample,zmq,1086,164400
sample,zmq,1087,170400
sample,zmq,1088,155200
sample,zmq,1089,142900
sample,zmq,1090,199100
sample,zmq,1091,156400
sample,zmq,1092,159200
sample,zmq,1093,173700
sample,zmq,1094,184900
sample,zmq,1095,156400
sample,zmq,1096,164900
sample,zmq,1097,157400
sample,zmq,1098,179700
sample,zmq,1099,142300
sample,zmq,1100,165200
sample,zmq,1101,146500
sample,zmq,1102,149900
sample,zmq,1103,159300
sample,zmq,1104,142300
sample,zmq,1105,160800
sample,zmq,1106,162800
sample,zmq,1107,154300
sample,zmq,1108,152000
sample,zmq,1109,150300
sample,zmq,1110,121800
sample,zmq,1111,145200
sample,zmq,1112,155600
sample,zmq,1113,146600
sample,zmq,1114,149200
sample,zmq,1115,146600
sample,zmq,1116,151100
sample,zmq,1117,147500
sample,zmq,1118,161800
sample,zmq,1119,154900
sample,zmq,1120,151100
sample,zmq,1121,147400
sample,zmq,1122,147900
sample,zmq,1123,149800
sample,zmq,1124,166900
sample,zmq,1125,160400
sample,zmq,1126,150400
sample,zmq,1127,157100
sample,zmq,1128,155600
sample,zmq,1129,176400
sample,zmq,1130,180900
sample,zmq,1131,162800
sample,zmq,1132,475900
sample,zmq,1133,189000
sample,zmq,1134,173800
sample,zmq,1135,173900
sample,zmq,1136,229800
sample,zmq,1137,290500
sample,zmq,1138,172400
sample,zmq,1139,165400
sample,zmq,1140,145500
sample,zmq,1141,152300
sample,zmq,1142,158900
sample,zmq,1143,175900
sample,zmq,1144,167500
sample,zmq,1145,157300
sample,zmq,1146,192700
sample,zmq,1147,185800
sample,zmq,1148,158200
sample,zmq,1149,204500
sample,zmq,1150,198300
sample,zmq,1151,153400
sample,zmq,1152,220900
sample,zmq,1153,189700
sample,zmq,1154,134200
sample,zmq,1155,182700
sample,zmq,1156,205200
sample,zmq,1157,157600
sample,zmq,1158,131300
sample,zmq,1159,161500
sample,zmq,1160,199700
sample,zmq,1161,177700
sample,zmq,1162,166900
sample,zmq,1163,152300
sample,zmq,1164,147900
sample,zmq,1165,152600
sample,zmq,1166,138700
sample,zmq,1167,139300
sample,zmq,1168,139300
sample,zmq,1169,147700
sample,zmq,1170,135500
sample,zmq,1171,135000
sample,zmq,1172,134100
sample,zmq,1173,145500
sample,zmq,1174,127300
sample,zmq,1175,123300
sample,zmq,1176,130600
sample,zmq,1177,150000
sample,zmq,1178,188400
sample,zmq,1179,193000
sample,zmq,1180,161700
sample,zmq,1181,140200
sample,zmq,1182,142100
sample,zmq,1183,136300
sample,zmq,1184,145100
sample,zmq,1185,139700
sample,zmq,1186,139800
sample,zmq,1187,228200
sample,zmq,1188,164600
sample,zmq,1189,301400
sample,zmq,1190,235500
sample,zmq,1191,176700
sample,zmq,1192,143800
sample,zmq,1193,178600
sample,zmq,1194,208300
sample,zmq,1195,188300
sample,zmq,1196,178500
sample,zmq,1197,163800
sample,zmq,1198,154200
sample,zmq,1199,144100
sample,zmq,1200,153300
sample,zmq,1201,176600
sample,zmq,1202,171100
sample,zmq,1203,156800
sample,zmq,1204,166600
sample,zmq,1205,168200
sample,zmq,1206,180400
sample,zmq,1207,161200
sample,zmq,1208,146400
sample,zmq,1209,134700
sample,zmq,1210,141200
sample,zmq,1211,159700
sample,zmq,1212,177900
sample,zmq,1213,182500
sample,zmq,1214,160900
sample,zmq,1215,150000
sample,zmq,1216,151400
sample,zmq,1217,153000
sample,zmq,1218,260900
sample,zmq,1219,173200
sample,zmq,1220,621700
sample,zmq,1221,198700
sample,zmq,1222,163300
sample,zmq,1223,168100
sample,zmq,1224,157200
sample,zmq,1225,185200
sample,zmq,1226,152900
sample,zmq,1227,158600
sample,zmq,1228,161200
sample,zmq,1229,145500
sample,zmq,1230,144300
sample,zmq,1231,139300
sample,zmq,1232,157300
sample,zmq,1233,163800
sample,zmq,1234,184300
sample,zmq,1235,139600
sample,zmq,1236,129800
sample,zmq,1237,134600
sample,zmq,1238,136500
sample,zmq,1239,152300
sample,zmq,1240,132800
sample,zmq,1241,125900
sample,zmq,1242,128800
sample,zmq,1243,133100
sample,zmq,1244,134600
sample,zmq,1245,193800
sample,zmq,1246,175800
sample,zmq,1247,144100
sample,zmq,1248,147500
sample,zmq,1249,161100
sample,zmq,1250,204100
sample,zmq,1251,156500
sample,zmq,1252,171100
sample,zmq,1253,142100
sample,zmq,1254,140700
sample,zmq,1255,142000
sample,zmq,1256,1586900
sample,zmq,1257,355800
sample,zmq,1258,172000
sample,zmq,1259,211400
sample,zmq,1260,211300
sample,zmq,1261,158700
sample,zmq,1262,159100
sample,zmq,1263,147700
sample,zmq,1264,151200
sample,zmq,1265,143300
sample,zmq,1266,129700
sample,zmq,1267,181700
sample,zmq,1268,147900
sample,zmq,1269,173700
sample,zmq,1270,182200
sample,zmq,1271,3727300
sample,zmq,1272,307400
sample,zmq,1273,263900
sample,zmq,1274,151600
sample,zmq,1275,157600
sample,zmq,1276,187700
sample,zmq,1277,154700
sample,zmq,1278,143600
sample,zmq,1279,124400
sample,zmq,1280,124900
sample,zmq,1281,122400
sample,zmq,1282,134500
sample,zmq,1283,139000
sample,zmq,1284,142400
sample,zmq,1285,128300
sample,zmq,1286,117300
sample,zmq,1287,116700
sample,zmq,1288,119900
sample,zmq,1289,118300
sample,zmq,1290,119400
sample,zmq,1291,115700
sample,zmq,1292,121300
sample,zmq,1293,129400
sample,zmq,1294,123600
sample,zmq,1295,136200
sample,zmq,1296,129800
sample,zmq,1297,120900
sample,zmq,1298,115600
sample,zmq,1299,112900
sample,zmq,1300,124000
sample,zmq,1301,119000
sample,zmq,1302,113300
sample,zmq,1303,119500
sample,zmq,1304,126900
sample,zmq,1305,120600
sample,zmq,1306,121600
sample,zmq,1307,96800
sample,zmq,1308,142700
sample,zmq,1309,134900
sample,zmq,1310,152500
sample,zmq,1311,178100
sample,zmq,1312,235000
sample,zmq,1313,156400
sample,zmq,1314,140900
sample,zmq,1315,203400
sample,zmq,1316,159300
sample,zmq,1317,147500
sample,zmq,1318,367600
sample,zmq,1319,277400
sample,zmq,1320,158600
sample,zmq,1321,174900
sample,zmq,1322,149600
sample,zmq,1323,167800
sample,zmq,1324,190700
sample,zmq,1325,152500
sample,zmq,1326,234400
sample,zmq,1327,166600
sample,zmq,1328,143900
sample,zmq,1329,153200
sample,zmq,1330,194100
sample,zmq,1331,163700
sample,zmq,1332,172800
sample,zmq,1333,219300
sample,zmq,1334,191400
sample,zmq,1335,164800
sample,zmq,1336,174900
sample,zmq,1337,156300
sample,zmq,1338,156100
sample,zmq,1339,153600
sample,zmq,1340,188600
sample,zmq,1341,150700
sample,zmq,1342,144400
sample,zmq,1343,177600
sample,zmq,1344,174900
sample,zmq,1345,149600
sample,zmq,1346,160600
sample,zmq,1347,171600
sample,zmq,1348,153800
sample,zmq,1349,180800
sample,zmq,1350,161900
sample,zmq,1351,149300
sample,zmq,1352,152500
sample,zmq,1353,137200
sample,zmq,1354,139000
sample,zmq,1355,157900
sample,zmq,1356,150800
sample,zmq,1357,175700
sample,zmq,1358,171000
sample,zmq,1359,137800
sample,zmq,1360,136500
sample,zmq,1361,152600
sample,zmq,1362,172300
sample,zmq,1363,170400
sample,zmq,1364,166200
sample,zmq,1365,163100
sample,zmq,1366,176700
sample,zmq,1367,156000
sample,zmq,1368,148800
sample,zmq,1369,135500
sample,zmq,1370,142400
sample,zmq,1371,136900
sample,zmq,1372,136400
sample,zmq,1373,138500
sample,zmq,1374,138000
sample,zmq,1375,136200
sample,zmq,1376,133300
sample,zmq,1377,138500
sample,zmq,1378,136700
sample,zmq,1379,139400
sample,zmq,1380,174100
sample,zmq,1381,171700
sample,zmq,1382,174600
sample,zmq,1383,158900
sample,zmq,1384,137300
sample,zmq,1385,169000
sample,zmq,1386,147000
sample,zmq,1387,139500
sample,zmq,1388,138900
sample,zmq,1389,146300
sample,zmq,1390,139600
sample,zmq,1391,137200
sample,zmq,1392,136500
sample,zmq,1393,143700
sample,zmq,1394,147900
sample,zmq,1395,154800
sample,zmq,1396,145000
sample,zmq,1397,159600
sample,zmq,1398,138000
sample,zmq,1399,141800
sample,zmq,1400,231900
sample,zmq,1401,146000
sample,zmq,1402,154200
sample,zmq,1403,201200
sample,zmq,1404,292600
sample,zmq,1405,203300
sample,zmq,1406,150100
sample,zmq,1407,137900
sample,zmq,1408,136300
sample,zmq,1409,130400
sample,zmq,1410,147100
sample,zmq,1411,147700
sample,zmq,1412,130900
sample,zmq,1413,133400
sample,zmq,1414,202300
sample,zmq,1415,195800
sample,zmq,1416,172700
sample,zmq,1417,174000
sample,zmq,1418,180000
sample,zmq,1419,159300
sample,zmq,1420,178800
sample,zmq,1421,156000
sample,zmq,1422,151300
sample,zmq,1423,149200
sample,zmq,1424,172400
sample,zmq,1425,162800
sample,zmq,1426,222300
sample,zmq,1427,188400
sample,zmq,1428,209100
sample,zmq,1429,180900
sample,zmq,1430,185700
sample,zmq,1431,164500
sample,zmq,1432,223100
sample,zmq,1433,180100
sample,zmq,1434,286900
sample,zmq,1435,172100
sample,zmq,1436,151400
sample,zmq,1437,146600
sample,zmq,1438,173600
sample,zmq,1439,190400
sample,zmq,1440,199200
sample,zmq,1441,156700
sample,zmq,1442,166800
sample,zmq,1443,172400
sample,zmq,1444,174000
sample,zmq,1445,178600
sample,zmq,1446,208800
sample,zmq,1447,158800
sample,zmq,1448,166400
sample,zmq,1449,164500
sample,zmq,1450,167300
sample,zmq,1451,162400
sample,zmq,1452,163700
sample,zmq,1453,196100
sample,zmq,1454,190900
sample,zmq,1455,148100
sample,zmq,1456,146700
sample,zmq,1457,128900
sample,zmq,1458,173100
sample,zmq,1459,172700
sample,zmq,1460,170400
sample,zmq,1461,186400
sample,zmq,1462,181500
sample,zmq,1463,173400
sample,zmq,1464,162500
sample,zmq,1465,173400
sample,zmq,1466,165900
sample,zmq,1467,163800
sample,zmq,1468,173400
sample,zmq,1469,152600
sample,zmq,1470,154300
sample,zmq,1471,163200
sample,zmq,1472,156500
sample,zmq,1473,149400
sample,zmq,1474,154300
sample,zmq,1475,142900
sample,zmq,1476,170700
sample,zmq,1477,173200
sample,zmq,1478,175800
sample,zmq,1479,534600
sample,zmq,1480,436800
sample,zmq,1481,300500
sample,zmq,1482,174800
sample,zmq,1483,268800
sample,zmq,1484,188100
sample,zmq,1485,200400
sample,zmq,1486,204200
sample,zmq,1487,180200
sample,zmq,1488,234600
sample,zmq,1489,185900
sample,zmq,1490,138000
sample,zmq,1491,134000
sample,zmq,1492,148700
sample,zmq,1493,174400
sample,zmq,1494,157300
sample,zmq,1495,140100
sample,zmq,1496,147900
sample,zmq,1497,107200
sample,zmq,1498,132300
sample,zmq,1499,134300
sample,zmq,1500,134700
sample,zmq,1501,146900
sample,zmq,1502,136100
sample,zmq,1503,138800
sample,zmq,1504,138700
sample,zmq,1505,138300
sample,zmq,1506,139200
sample,zmq,1507,150400
sample,zmq,1508,143600
sample,zmq,1509,141900
sample,zmq,1510,180000
sample,zmq,1511,150400
sample,zmq,1512,155900
sample,zmq,1513,159100
sample,zmq,1514,213100
sample,zmq,1515,166100
sample,zmq,1516,135900
sample,zmq,1517,150200
sample,zmq,1518,166200
sample,zmq,1519,170000
sample,zmq,1520,164900
sample,zmq,1521,153300
sample,zmq,1522,146800
sample,zmq,1523,163600
sample,zmq,1524,183600
sample,zmq,1525,171000
sample,zmq,1526,203800
sample,zmq,1527,180700
sample,zmq,1528,204300
sample,zmq,1529,207600
sample,zmq,1530,174300
sample,zmq,1531,168500
sample,zmq,1532,153100
sample,zmq,1533,191300
sample,zmq,1534,188000
sample,zmq,1535,168600
sample,zmq,1536,331600
sample,zmq,1537,169600
sample,zmq,1538,198300
sample,zmq,1539,210000
sample,zmq,1540,190300
sample,zmq,1541,153700
sample,zmq,1542,203200
sample,zmq,1543,160500
sample,zmq,1544,176200
sample,zmq,1545,171000
sample,zmq,1546,175200
sample,zmq,1547,170000
sample,zmq,1548,166200
sample,zmq,1549,174300
sample,zmq,1550,282700
sample,zmq,1551,176200
sample,zmq,1552,153100
sample,zmq,1553,244600
sample,zmq,1554,171200
sample,zmq,1555,148400
sample,zmq,1556,155300
sample,zmq,1557,144800
sample,zmq,1558,183800
sample,zmq,1559,146000
sample,zmq,1560,175500
sample,zmq,1561,148700
sample,zmq,1562,146200
sample,zmq,1563,140700
sample,zmq,1564,151300
sample,zmq,1565,152700
sample,zmq,1566,147600
sample,zmq,1567,150100
sample,zmq,1568,147100
sample,zmq,1569,143200
sample,zmq,1570,175900
sample,zmq,1571,163000
sample,zmq,1572,157300
sample,zmq,1573,147100
sample,zmq,1574,187000
sample,zmq,1575,170800
sample,zmq,1576,192700
sample,zmq,1577,169800
sample,zmq,1578,158300
sample,zmq,1579,198000
sample,zmq,1580,155500
sample,zmq,1581,152700
sample,zmq,1582,147100
sample,zmq,1583,166900
sample,zmq,1584,148800
sample,zmq,1585,142200
sample,zmq,1586,146000
sample,zmq,1587,165600
sample,zmq,1588,150600
sample,zmq,1589,144200
sample,zmq,1590,143300
sample,zmq,1591,150200
sample,zmq,1592,146100
sample,zmq,1593,153300
sample,zmq,1594,156500
sample,zmq,1595,152300
sample,zmq,1596,144800
sample,zmq,1597,150100
sample,zmq,1598,167300
sample,zmq,1599,185500
sample,zmq,1600,163600
sample,zmq,1601,200400
sample,zmq,1602,168200
sample,zmq,1603,165800
sample,zmq,1604,151200
sample,zmq,1605,163300
sample,zmq,1606,168300
sample,zmq,1607,146100
sample,zmq,1608,134200
sample,zmq,1609,144300
sample,zmq,1610,113800
sample,zmq,1611,205500
sample,zmq,1612,173800
sample,zmq,1613,256900
sample,zmq,1614,214200
sample,zmq,1615,204500
sample,zmq,1616,183000
sample,zmq,1617,152400
sample,zmq,1618,140200
sample,zmq,1619,143200
sample,zmq,1620,138200
sample,zmq,1621,145200
sample,zmq,1622,150800
sample,zmq,1623,135800
sample,zmq,1624,147300
sample,zmq,1625,142600
sample,zmq,1626,143100
sample,zmq,1627,142900
sample,zmq,1628,145400
sample,zmq,1629,148400
sample,zmq,1630,138000
sample,zmq,1631,152000
sample,zmq,1632,280000
sample,zmq,1633,409200
sample,zmq,1634,222000
sample,zmq,1635,156500
sample,zmq,1636,144000
sample,zmq,1637,145400
sample,zmq,1638,144300
sample,zmq,1639,141600
sample,zmq,1640,146800
sample,zmq,1641,151400
sample,zmq,1642,156600
sample,zmq,1643,155500
sample,zmq,1644,165300
sample,zmq,1645,163800
sample,zmq,1646,148300
sample,zmq,1647,147600
sample,zmq,1648,153200
sample,zmq,1649,159100
sample,zmq,1650,163400
sample,zmq,1651,163300
sample,zmq,1652,172800
sample,zmq,1653,172600
sample,zmq,1654,153200
sample,zmq,1655,149700
sample,zmq,1656,146000
sample,zmq,1657,162200
sample,zmq,1658,158600
sample,zmq,1659,155800
sample,zmq,1660,204900
sample,zmq,1661,149800
sample,zmq,1662,166900
sample,zmq,1663,149700
sample,zmq,1664,173200
sample,zmq,1665,169700
sample,zmq,1666,138700
sample,zmq,1667,140000
sample,zmq,1668,180900
sample,zmq,1669,197100
sample,zmq,1670,1100800
sample,zmq,1671,501900
sample,zmq,1672,376300
sample,zmq,1673,194300
sample,zmq,1674,158100
sample,zmq,1675,146000
sample,zmq,1676,144100
sample,zmq,1677,130300
sample,zmq,1678,139300
sample,zmq,1679,134400
sample,zmq,1680,209300
sample,zmq,1681,212800
sample,zmq,1682,162700
sample,zmq,1683,151900
sample,zmq,1684,121300
sample,zmq,1685,122700
sample,zmq,1686,137100
sample,zmq,1687,134600
sample,zmq,1688,240700
sample,zmq,1689,170800
sample,zmq,1690,155700
sample,zmq,1691,137400
sample,zmq,1692,129200
sample,zmq,1693,124800
sample,zmq,1694,142400
sample,zmq,1695,150700
sample,zmq,1696,191800
sample,zmq,1697,148600
sample,zmq,1698,192300
sample,zmq,1699,153400
sample,zmq,1700,143800
sample,zmq,1701,152700
sample,zmq,1702,204900
sample,zmq,1703,196400
sample,zmq,1704,173300
sample,zmq,1705,166400
sample,zmq,1706,287100
sample,zmq,1707,261600
sample,zmq,1708,278800
sample,zmq,1709,202600
sample,zmq,1710,180300
sample,zmq,1711,279300
sample,zmq,1712,198400
sample,zmq,1713,195400
sample,zmq,1714,209700
sample,zmq,1715,181400
sample,zmq,1716,362800
sample,zmq,1717,214900
sample,zmq,1718,184300
sample,zmq,1719,147000
sample,zmq,1720,288700
sample,zmq,1721,177800
sample,zmq,1722,230600
sample,zmq,1723,151800
sample,zmq,1724,152700
sample,zmq,1725,158700
sample,zmq,1726,206900
sample,zmq,1727,153600
sample,zmq,1728,146200
sample,zmq,1729,181900
sample,zmq,1730,329700
sample,zmq,1731,250700
sample,zmq,1732,170400
sample,zmq,1733,176500
sample,zmq,1734,175600
sample,zmq,1735,155400
sample,zmq,1736,139200
sample,zmq,1737,290600
sample,zmq,1738,186300
sample,zmq,1739,194100
sample,zmq,1740,189200
sample,zmq,1741,245600
sample,zmq,1742,168700
sample,zmq,1743,190100
sample,zmq,1744,175700
sample,zmq,1745,156900
sample,zmq,1746,220500
sample,zmq,1747,156100
sample,zmq,1748,145500
sample,zmq,1749,195000
sample,zmq,1750,181500
sample,zmq,1751,199400
sample,zmq,1752,187200
sample,zmq,1753,189100
sample,zmq,1754,198000
sample,zmq,1755,198000
sample,zmq,1756,245900
sample,zmq,1757,169200
sample,zmq,1758,161000
sample,zmq,1759,180800
sample,zmq,1760,156400
sample,zmq,1761,200800
sample,zmq,1762,217000
sample,zmq,1763,248700
sample,zmq,1764,192900
sample,zmq,1765,162600
sample,zmq,1766,165400
sample,zmq,1767,179100
sample,zmq,1768,357600
sample,zmq,1769,170200
sample,zmq,1770,141200
sample,zmq,1771,161500
sample,zmq,1772,135400
sample,zmq,1773,156700
sample,zmq,1774,156600
sample,zmq,1775,209200
sample,zmq,1776,157500
sample,zmq,1777,291600
sample,zmq,1778,153300
sample,zmq,1779,174500
sample,zmq,1780,155800
sample,zmq,1781,185800
sample,zmq,1782,169500
sample,zmq,1783,149700
sample,zmq,1784,223300
sample,zmq,1785,196000
sample,zmq,1786,252400
sample,zmq,1787,183100
sample,zmq,1788,295800
sample,zmq,1789,999400
sample,zmq,1790,870700
sample,zmq,1791,397100
sample,zmq,1792,807700
sample,zmq,1793,238000
sample,zmq,1794,188500
sample,zmq,1795,184300
sample,zmq,1796,227700
sample,zmq,1797,185200
sample,zmq,1798,282800
sample,zmq,1799,355900
sample,zmq,1800,153800
sample,zmq,1801,151600
sample,zmq,1802,157500
sample,zmq,1803,345000
sample,zmq,1804,346200
sample,zmq,1805,185800
sample,zmq,1806,143900
sample,zmq,1807,206100
sample,zmq,1808,269500
sample,zmq,1809,160200
sample,zmq,1810,588700
sample,zmq,1811,350700
sample,zmq,1812,216700
sample,zmq,1813,207400
sample,zmq,1814,215900
sample,zmq,1815,162600
sample,zmq,1816,202700
sample,zmq,1817,114700
sample,zmq,1818,149200
sample,zmq,1819,181800
sample,zmq,1820,170700
sample,zmq,1821,117900
sample,zmq,1822,151900
sample,zmq,1823,155300
sample,zmq,1824,148600
sample,zmq,1825,158100
sample,zmq,1826,190300
sample,zmq,1827,146300
sample,zmq,1828,149400
sample,zmq,1829,161500
sample,zmq,1830,148200
sample,zmq,1831,165000
sample,zmq,1832,202300
sample,zmq,1833,200800
sample,zmq,1834,183900
sample,zmq,1835,152100
sample,zmq,1836,184400
sample,zmq,1837,180500
sample,zmq,1838,197700
sample,zmq,1839,189000
sample,zmq,1840,156200
sample,zmq,1841,183100
sample,zmq,1842,176800
sample,zmq,1843,169800
sample,zmq,1844,167900
sample,zmq,1845,155300
sample,zmq,1846,154500
sample,zmq,1847,177200
sample,zmq,1848,162200
sample,zmq,1849,150300
sample,zmq,1850,155400
sample,zmq,1851,142700
sample,zmq,1852,145800
sample,zmq,1853,149300
sample,zmq,1854,159500
sample,zmq,1855,156600
sample,zmq,1856,180500
sample,zmq,1857,164600
sample,zmq,1858,224000
sample,zmq,1859,199100
sample,zmq,1860,177400
sample,zmq,1861,181900
sample,zmq,1862,153100
sample,zmq,1863,154700
sample,zmq,1864,149800
sample,zmq,1865,182400
sample,zmq,1866,182200
sample,zmq,1867,190700
sample,zmq,1868,159600
sample,zmq,1869,160200
sample,zmq,1870,208300
sample,zmq,1871,193200
sample,zmq,1872,175800
sample,zmq,1873,165600
sample,zmq,1874,153100
sample,zmq,1875,162100
sample,zmq,1876,165800
sample,zmq,1877,154300
sample,zmq,1878,153000
sample,zmq,1879,140300
sample,zmq,1880,160700
sample,zmq,1881,205300
sample,zmq,1882,225000
sample,zmq,1883,181100
sample,zmq,1884,175100
sample,zmq,1885,157900
sample,zmq,1886,191400
sample,zmq,1887,173000
sample,zmq,1888,195600
sample,zmq,1889,183600
sample,zmq,1890,150500
sample,zmq,1891,148700
sample,zmq,1892,144200
sample,zmq,1893,139800
sample,zmq,1894,160400
sample,zmq,1895,151900
sample,zmq,1896,141900
sample,zmq,1897,151200
sample,zmq,1898,136800
sample,zmq,1899,147600
sample,zmq,1900,241600
sample,zmq,1901,157900
sample,zmq,1902,140800
sample,zmq,1903,145400
sample,zmq,1904,139500
sample,zmq,1905,142200
sample,zmq,1906,165600
sample,zmq,1907,143700
sample,zmq,1908,138500
sample,zmq,1909,146300
sample,zmq,1910,159600
sample,zmq,1911,116600
sample,zmq,1912,208500
sample,zmq,1913,160500
sample,zmq,1914,140200
sample,zmq,1915,142600
sample,zmq,1916,148900
sample,zmq,1917,184200
sample,zmq,1918,198800
sample,zmq,1919,162600
sample,zmq,1920,171300
sample,zmq,1921,163600
sample,zmq,1922,154700
sample,zmq,1923,152000
sample,zmq,1924,153800
sample,zmq,1925,153700
sample,zmq,1926,162300
sample,zmq,1927,151700
sample,zmq,1928,151800
sample,zmq,1929,201800
sample,zmq,1930,189100
sample,zmq,1931,168600
sample,zmq,1932,161200
sample,zmq,1933,149000
sample,zmq,1934,147800
sample,zmq,1935,186200
sample,zmq,1936,160100
sample,zmq,1937,161400
sample,zmq,1938,165500
sample,zmq,1939,202300
sample,zmq,1940,193000
sample,zmq,1941,175500
sample,zmq,1942,174000
sample,zmq,1943,157700
sample,zmq,1944,155200
sample,zmq,1945,167400
sample,zmq,1946,178400
sample,zmq,1947,177900
sample,zmq,1948,159100
sample,zmq,1949,162400
sample,zmq,1950,169000
sample,zmq,1951,176100
sample,zmq,1952,157800
sample,zmq,1953,156500
sample,zmq,1954,146400
sample,zmq,1955,210800
sample,zmq,1956,161100
sample,zmq,1957,165500
sample,zmq,1958,170200
sample,zmq,1959,194400
sample,zmq,1960,232400
sample,zmq,1961,171000
sample,zmq,1962,274100
sample,zmq,1963,192100
sample,zmq,1964,279200
sample,zmq,1965,160200
sample,zmq,1966,153100
sample,zmq,1967,142900
sample,zmq,1968,190700
sample,zmq,1969,165800
sample,zmq,1970,148400
sample,zmq,1971,141200
sample,zmq,1972,141600
sample,zmq,1973,145800
sample,zmq,1974,142800
sample,zmq,1975,181300
sample,zmq,1976,194200
sample,zmq,1977,155100
sample,zmq,1978,162300
sample,zmq,1979,164000
sample,zmq,1980,171400
sample,zmq,1981,150200
sample,zmq,1982,157200
sample,zmq,1983,213200
sample,zmq,1984,170400
sample,zmq,1985,174500
sample,zmq,1986,175900
sample,zmq,1987,165500
sample,zmq,1988,123100
sample,zmq,1989,149200
sample,zmq,1990,146900
sample,zmq,1991,165700
sample,zmq,1992,155500
sample,zmq,1993,174300
sample,zmq,1994,174300
sample,zmq,1995,195500
sample,zmq,1996,173300
sample,zmq,1997,167600
sample,zmq,1998,191200
sample,zmq,1999,171400
sample,zmq,2000,169100
sample,zmq,2001,217500
sample,zmq,2002,175100
sample,zmq,2003,180000
sample,zmq,2004,162300
sample,zmq,2005,173800
sample,zmq,2006,159700
sample,zmq,2007,172200
sample,zmq,2008,125300
sample,zmq,2009,155800
sample,zmq,2010,179400
sample,zmq,2011,152500
sample,zmq,2012,167600
sample,zmq,2013,161900
sample,zmq,2014,180500
sample,zmq,2015,173200
sample,zmq,2016,157200
sample,zmq,2017,169400
sample,zmq,2018,175500
sample,zmq,2019,164900
sample,zmq,2020,156300
sample,zmq,2021,162000
sample,zmq,2022,171000
sample,zmq,2023,161200
sample,zmq,2024,175700
sample,zmq,2025,157400
sample,zmq,2026,160700
sample,zmq,2027,167800
sample,zmq,2028,165800
sample,zmq,2029,215100
sample,zmq,2030,183800
sample,zmq,2031,203800
sample,zmq,2032,167400
sample,zmq,2033,159400
sample,zmq,2034,149400
sample,zmq,2035,185400
sample,zmq,2036,187600
sample,zmq,2037,162600
sample,zmq,2038,825700
sample,zmq,2039,266000
sample,zmq,2040,524100
sample,zmq,2041,293700
sample,zmq,2042,206000
sample,zmq,2043,163500
sample,zmq,2044,251200
sample,zmq,2045,200400
sample,zmq,2046,262000
sample,zmq,2047,189900
sample,zmq,2048,156500
sample,zmq,2049,150800
sample,zmq,2050,197700
sample,zmq,2051,193700
sample,zmq,2052,200500
sample,zmq,2053,134200
sample,zmq,2054,168200
sample,zmq,2055,175600
sample,zmq,2056,210700
sample,zmq,2057,204500
sample,zmq,2058,158900
sample,zmq,2059,142300
sample,zmq,2060,150400
sample,zmq,2061,144600
sample,zmq,2062,144600
sample,zmq,2063,198600
sample,zmq,2064,138800
sample,zmq,2065,141400
sample,zmq,2066,132900
sample,zmq,2067,136500
sample,zmq,2068,12633600
sample,zmq,2069,387800
sample,zmq,2070,242400
sample,zmq,2071,223100
sample,zmq,2072,183700
sample,zmq,2073,152400
sample,zmq,2074,162900
sample,zmq,2075,179800
sample,zmq,2076,202400
sample,zmq,2077,373400
sample,zmq,2078,477900
sample,zmq,2079,723700
sample,zmq,2080,511600
sample,zmq,2081,705600
sample,zmq,2082,755200
sample,zmq,2083,284100
sample,zmq,2084,365900
sample,zmq,2085,273700
sample,zmq,2086,177000
sample,zmq,2087,152400
sample,zmq,2088,153900
sample,zmq,2089,141300
sample,zmq,2090,140200
sample,zmq,2091,201100
sample,zmq,2092,164100
sample,zmq,2093,183600
sample,zmq,2094,183100
sample,zmq,2095,146600
sample,zmq,2096,137000
sample,zmq,2097,185700
sample,zmq,2098,178300
sample,zmq,2099,175400
sample,zmq,2100,194600
sample,zmq,2101,222400
sample,zmq,2102,183300
sample,zmq,2103,211700
sample,zmq,2104,311600
sample,zmq,2105,201700
sample,zmq,2106,175700
sample,zmq,2107,183900
sample,zmq,2108,180900
sample,zmq,2109,144800
sample,zmq,2110,349800
sample,zmq,2111,247200
sample,zmq,2112,150200
sample,zmq,2113,141000
sample,zmq,2114,193100
sample,zmq,2115,199800
sample,zmq,2116,259200
sample,zmq,2117,283200
sample,zmq,2118,195800
sample,zmq,2119,165600
sample,zmq,2120,201700
sample,zmq,2121,212800
sample,zmq,2122,171700
sample,zmq,2123,190700
sample,zmq,2124,178700
sample,zmq,2125,153700
sample,zmq,2126,150000
sample,zmq,2127,196300
sample,zmq,2128,176400
sample,zmq,2129,159000
sample,zmq,2130,177100
sample,zmq,2131,188100
sample,zmq,2132,181800
sample,zmq,2133,167000
sample,zmq,2134,185400
sample,zmq,2135,183600
sample,zmq,2136,204900
sample,zmq,2137,187400
sample,zmq,2138,165100
sample,zmq,2139,171800
sample,zmq,2140,181700
sample,zmq,2141,189700
sample,zmq,2142,223900
sample,zmq,2143,174300
sample,zmq,2144,340200
sample,zmq,2145,208900
sample,zmq,2146,172400
sample,zmq,2147,244400
sample,zmq,2148,165300
sample,zmq,2149,170400
sample,zmq,2150,168800
sample,zmq,2151,198100
sample,zmq,2152,316300
sample,zmq,2153,182900
sample,zmq,2154,396800
sample,zmq,2155,192300
sample,zmq,2156,236500
sample,zmq,2157,226900
sample,zmq,2158,332100
sample,zmq,2159,173200
sample,zmq,2160,189200
sample,zmq,2161,170800
sample,zmq,2162,210500
sample,zmq,2163,164400
sample,zmq,2164,130100
sample,zmq,2165,237200
sample,zmq,2166,182100
sample,zmq,2167,191600
sample,zmq,2168,250400
sample,zmq,2169,214500
sample,zmq,2170,176400
sample,zmq,2171,172700
sample,zmq,2172,149900
sample,zmq,2173,149000
sample,zmq,2174,142600
sample,zmq,2175,135100
sample,zmq,2176,636200
sample,zmq,2177,325100
sample,zmq,2178,204600
sample,zmq,2179,183800
sample,zmq,2180,186700
sample,zmq,2181,213100
sample,zmq,2182,159800
sample,zmq,2183,156300
sample,zmq,2184,154400
sample,zmq,2185,153800
sample,zmq,2186,146000
sample,zmq,2187,150400
sample,zmq,2188,144200
sample,zmq,2189,191700
sample,zmq,2190,166000
sample,zmq,2191,162600
sample,zmq,2192,149500
sample,zmq,2193,141600
sample,zmq,2194,148300
sample,zmq,2195,127600
sample,zmq,2196,142700
sample,zmq,2197,141300
sample,zmq,2198,141200
sample,zmq,2199,127400
sample,zmq,2200,210200
sample,zmq,2201,184100
sample,zmq,2202,169000
sample,zmq,2203,186200
sample,zmq,2204,167900
sample,zmq,2205,182500
sample,zmq,2206,171900
sample,zmq,2207,157200
sample,zmq,2208,145900
sample,zmq,2209,154300
sample,zmq,2210,147700
sample,zmq,2211,192600
sample,zmq,2212,204800
sample,zmq,2213,164900
sample,zmq,2214,178800
sample,zmq,2215,308000
sample,zmq,2216,337000
sample,zmq,2217,217700
sample,zmq,2218,228700
sample,zmq,2219,233000
sample,zmq,2220,194000
sample,zmq,2221,194600
sample,zmq,2222,153500
sample,zmq,2223,287100
sample,zmq,2224,179200
sample,zmq,2225,164900
sample,zmq,2226,214800
sample,zmq,2227,184500
sample,zmq,2228,175700
sample,zmq,2229,152400
sample,zmq,2230,140500
sample,zmq,2231,187200
sample,zmq,2232,180800
sample,zmq,2233,165000
sample,zmq,2234,245000
sample,zmq,2235,181200
sample,zmq,2236,175200
sample,zmq,2237,171300
sample,zmq,2238,178200
sample,zmq,2239,167800
sample,zmq,2240,178300
sample,zmq,2241,200900
sample,zmq,2242,178200
sample,zmq,2243,290100
sample,zmq,2244,151100
sample,zmq,2245,521000
sample,zmq,2246,595600
sample,zmq,2247,294100
sample,zmq,2248,191300
sample,zmq,2249,206000
sample,zmq,2250,291400
sample,zmq,2251,159500
sample,zmq,2252,192100
sample,zmq,2253,147900
sample,zmq,2254,227300
sample,zmq,2255,163700
sample,zmq,2256,164200
sample,zmq,2257,167200
sample,zmq,2258,162400
sample,zmq,2259,323500
sample,zmq,2260,193900
sample,zmq,2261,158500
sample,zmq,2262,164000
sample,zmq,2263,186900
sample,zmq,2264,171600
sample,zmq,2265,153700
sample,zmq,2266,172800
sample,zmq,2267,165500
sample,zmq,2268,205500
sample,zmq,2269,205300
sample,zmq,2270,163700
sample,zmq,2271,176200
sample,zmq,2272,173500
sample,zmq,2273,220500
sample,zmq,2274,202600
sample,zmq,2275,169000
sample,zmq,2276,155500
sample,zmq,2277,186700
sample,zmq,2278,151800
sample,zmq,2279,145600
sample,zmq,2280,148200
sample,zmq,2281,138200
sample,zmq,2282,141300
sample,zmq,2283,140600
sample,zmq,2284,146700
sample,zmq,2285,184800
sample,zmq,2286,126500
sample,zmq,2287,163100
sample,zmq,2288,151000
sample,zmq,2289,140600
sample,zmq,2290,140500
sample,zmq,2291,147400
sample,zmq,2292,138700
sample,zmq,2293,144800
sample,zmq,2294,140100
sample,zmq,2295,176400
sample,zmq,2296,149800
sample,zmq,2297,194700
sample,zmq,2298,197000
sample,zmq,2299,160400
sample,zmq,2300,292400
sample,zmq,2301,210500
sample,zmq,2302,163000
sample,zmq,2303,164300
sample,zmq,2304,184600
sample,zmq,2305,198400
sample,zmq,2306,166200
sample,zmq,2307,187400
sample,zmq,2308,172100
sample,zmq,2309,163200
sample,zmq,2310,170800
sample,zmq,2311,285500
sample,zmq,2312,155200
sample,zmq,2313,187000
sample,zmq,2314,223400
sample,zmq,2315,1136900
sample,zmq,2316,227000
sample,zmq,2317,209800
sample,zmq,2318,191800
sample,zmq,2319,201700
sample,zmq,2320,209900
sample,zmq,2321,190500
sample,zmq,2322,185300
sample,zmq,2323,163500
sample,zmq,2324,168700
sample,zmq,2325,185600
sample,zmq,2326,197600
sample,zmq,2327,168900
sample,zmq,2328,178700
sample,zmq,2329,186200
sample,zmq,2330,166200
sample,zmq,2331,190300
sample,zmq,2332,154500
sample,zmq,2333,171600
sample,zmq,2334,186600
sample,zmq,2335,152600
sample,zmq,2336,188000
sample,zmq,2337,244600
sample,zmq,2338,176000
sample,zmq,2339,185100
sample,zmq,2340,199200
sample,zmq,2341,168100
sample,zmq,2342,181100
sample,zmq,2343,138100
sample,zmq,2344,165700
sample,zmq,2345,169300
sample,zmq,2346,169300
sample,zmq,2347,182800
sample,zmq,2348,181500
sample,zmq,2349,133300
sample,zmq,2350,191900
sample,zmq,2351,182100
sample,zmq,2352,169200
sample,zmq,2353,203600
sample,zmq,2354,167200
sample,zmq,2355,186300
sample,zmq,2356,183300
sample,zmq,2357,161700
sample,zmq,2358,230400
sample,zmq,2359,188900
sample,zmq,2360,262700
sample,zmq,2361,331100
sample,zmq,2362,323200
sample,zmq,2363,165600
sample,zmq,2364,163800
sample,zmq,2365,170600
sample,zmq,2366,148400
sample,zmq,2367,160900
sample,zmq,2368,147800
sample,zmq,2369,165400
sample,zmq,2370,1097600
sample,zmq,2371,751200
sample,zmq,2372,284500
sample,zmq,2373,292700
sample,zmq,2374,301200
sample,zmq,2375,206100
sample,zmq,2376,171700
sample,zmq,2377,163300
sample,zmq,2378,148100
sample,zmq,2379,185400
sample,zmq,2380,186800
sample,zmq,2381,156100
sample,zmq,2382,154200
sample,zmq,2383,160500
sample,zmq,2384,159900
sample,zmq,2385,158700
sample,zmq,2386,168400
sample,zmq,2387,189500
sample,zmq,2388,185500
sample,zmq,2389,167200
sample,zmq,2390,143500
sample,zmq,2391,145200
sample,zmq,2392,141800
sample,zmq,2393,145000
sample,zmq,2394,164500
sample,zmq,2395,152300
sample,zmq,2396,145700
sample,zmq,2397,143600
sample,zmq,2398,145600
sample,zmq,2399,153100
sample,zmq,2400,246900
sample,zmq,2401,173500
sample,zmq,2402,149700
sample,zmq,2403,157300
sample,zmq,2404,162600
sample,zmq,2405,154900
sample,zmq,2406,147400
sample,zmq,2407,162000
sample,zmq,2408,147800
sample,zmq,2409,149800
sample,zmq,2410,143300
sample,zmq,2411,147200
sample,zmq,2412,162100
sample,zmq,2413,161000
sample,zmq,2414,143600
sample,zmq,2415,164400
sample,zmq,2416,140900
sample,zmq,2417,140400
sample,zmq,2418,143300
sample,zmq,2419,146900
sample,zmq,2420,140800
sample,zmq,2421,138800
sample,zmq,2422,136500
sample,zmq,2423,115500
sample,zmq,2424,149800
sample,zmq,2425,150400
sample,zmq,2426,174300
sample,zmq,2427,156000
sample,zmq,2428,163400
sample,zmq,2429,490700
sample,zmq,2430,194300
sample,zmq,2431,159400
sample,zmq,2432,176000
sample,zmq,2433,486600
sample,zmq,2434,872500
sample,zmq,2435,420000
sample,zmq,2436,283900
sample,zmq,2437,175700
sample,zmq,2438,184500
sample,zmq,2439,186900
sample,zmq,2440,263900
sample,zmq,2441,207400
sample,zmq,2442,196700
sample,zmq,2443,149500
sample,zmq,2444,146000
sample,zmq,2445,136900
sample,zmq,2446,156100
sample,zmq,2447,221800
sample,zmq,2448,191400
sample,zmq,2449,235700
sample,zmq,2450,179100
sample,zmq,2451,208400
sample,zmq,2452,198300
sample,zmq,2453,156900
sample,zmq,2454,148500
sample,zmq,2455,181500
sample,zmq,2456,148200
sample,zmq,2457,142500
sample,zmq,2458,161600
sample,zmq,2459,149100
sample,zmq,2460,181500
sample,zmq,2461,205200
sample,zmq,2462,220700
sample,zmq,2463,210000
sample,zmq,2464,163800
sample,zmq,2465,162100
sample,zmq,2466,171400
sample,zmq,2467,150100
sample,zmq,2468,145100
sample,zmq,2469,154400
sample,zmq,2470,139500
sample,zmq,2471,166000
sample,zmq,2472,160100
sample,zmq,2473,157900
sample,zmq,2474,171700
sample,zmq,2475,157400
sample,zmq,2476,146000
sample,zmq,2477,148900
sample,zmq,2478,152900
sample,zmq,2479,145900
sample,zmq,2480,144800
sample,zmq,2481,156200
sample,zmq,2482,149500
sample,zmq,2483,172000
sample,zmq,2484,192800
sample,zmq,2485,161300
sample,zmq,2486,168000
sample,zmq,2487,165700
sample,zmq,2488,195200
sample,zmq,2489,170800
sample,zmq,2490,217100
sample,zmq,2491,246700
sample,zmq,2492,170800
sample,zmq,2493,167500
sample,zmq,2494,191200
sample,zmq,2495,164900
sample,zmq,2496,195400
sample,zmq,2497,187700
sample,zmq,2498,190900
sample,zmq,2499,160700
sample,zmq,2500,153900
sample,zmq,2501,161100
sample,zmq,2502,155800
sample,zmq,2503,154700
sample,zmq,2504,152000
sample,zmq,2505,154400
sample,zmq,2506,152800
sample,zmq,2507,171400
sample,zmq,2508,158200
sample,zmq,2509,170900
sample,zmq,2510,166100
sample,zmq,2511,185200
sample,zmq,2512,187700
sample,zmq,2513,164100
sample,zmq,2514,181200
sample,zmq,2515,174800
sample,zmq,2516,165000
sample,zmq,2517,163300
sample,zmq,2518,162900
sample,zmq,2519,260000
sample,zmq,2520,182900
sample,zmq,2521,165500
sample,zmq,2522,208200
sample,zmq,2523,195700
sample,zmq,2524,173300
sample,zmq,2525,165400
sample,zmq,2526,157700
sample,zmq,2527,167800
sample,zmq,2528,153100
sample,zmq,2529,176300
sample,zmq,2530,156200
sample,zmq,2531,167900
sample,zmq,2532,161700
sample,zmq,2533,164700
sample,zmq,2534,197900
sample,zmq,2535,183300
sample,zmq,2536,168700
sample,zmq,2537,166900
sample,zmq,2538,182100
sample,zmq,2539,176400
sample,zmq,2540,192000
sample,zmq,2541,191200
sample,zmq,2542,166200
sample,zmq,2543,220800
sample,zmq,2544,249600
sample,zmq,2545,198800
sample,zmq,2546,173200
sample,zmq,2547,171500
sample,zmq,2548,178400
sample,zmq,2549,165900
sample,zmq,2550,167300
sample,zmq,2551,117500
sample,zmq,2552,159800
sample,zmq,2553,165200
sample,zmq,2554,191500
sample,zmq,2555,164100
sample,zmq,2556,156700
sample,zmq,2557,153000
sample,zmq,2558,166500
sample,zmq,2559,430600
sample,zmq,2560,440300
sample,zmq,2561,595800
sample,zmq,2562,538800
sample,zmq,2563,1079100
sample,zmq,2564,355700
sample,zmq,2565,183100
sample,zmq,2566,157600
sample,zmq,2567,174700
sample,zmq,2568,203600
sample,zmq,2569,162500
sample,zmq,2570,188200
sample,zmq,2571,190800
sample,zmq,2572,215900
sample,zmq,2573,164200
sample,zmq,2574,168600
sample,zmq,2575,190500
sample,zmq,2576,180400
sample,zmq,2577,194200
sample,zmq,2578,181200
sample,zmq,2579,190700
sample,zmq,2580,167300
sample,zmq,2581,170200
sample,zmq,2582,164500
sample,zmq,2583,187500
sample,zmq,2584,193200
sample,zmq,2585,174700
sample,zmq,2586,186200
sample,zmq,2587,217400
sample,zmq,2588,580100
sample,zmq,2589,715800
sample,zmq,2590,319400
sample,zmq,2591,445100
sample,zmq,2592,299400
sample,zmq,2593,229800
sample,zmq,2594,319000
sample,zmq,2595,195900
sample,zmq,2596,176700
sample,zmq,2597,157200
sample,zmq,2598,201400
sample,zmq,2599,155900
sample,zmq,2600,144600
sample,zmq,2601,185100
sample,zmq,2602,266000
sample,zmq,2603,221500
sample,zmq,2604,184700
sample,zmq,2605,241200
sample,zmq,2606,180600
sample,zmq,2607,183700
sample,zmq,2608,141600
sample,zmq,2609,156200
sample,zmq,2610,146700
sample,zmq,2611,146800
sample,zmq,2612,151600
sample,zmq,2613,163400
sample,zmq,2614,142400
sample,zmq,2615,173600
sample,zmq,2616,200000
sample,zmq,2617,163200
sample,zmq,2618,181600
sample,zmq,2619,171100
sample,zmq,2620,174400
sample,zmq,2621,145600
sample,zmq,2622,153300
sample,zmq,2623,136500
sample,zmq,2624,145900
sample,zmq,2625,159100
sample,zmq,2626,209800
sample,zmq,2627,198800
sample,zmq,2628,173400
sample,zmq,2629,184000
sample,zmq,2630,181600
sample,zmq,2631,164500
sample,zmq,2632,153100
sample,zmq,2633,168800
sample,zmq,2634,147300
sample,zmq,2635,157400
sample,zmq,2636,157500
sample,zmq,2637,307400
sample,zmq,2638,172700
sample,zmq,2639,193900
sample,zmq,2640,165600
sample,zmq,2641,194700
sample,zmq,2642,205700
sample,zmq,2643,180200
sample,zmq,2644,165000
sample,zmq,2645,153900
sample,zmq,2646,229400
sample,zmq,2647,196200
sample,zmq,2648,178700
sample,zmq,2649,159900
sample,zmq,2650,168900
sample,zmq,2651,187500
sample,zmq,2652,173200
sample,zmq,2653,196100
sample,zmq,2654,163400
sample,zmq,2655,157400
sample,zmq,2656,166300
sample,zmq,2657,152300
sample,zmq,2658,154700
sample,zmq,2659,409300
sample,zmq,2660,194300
sample,zmq,2661,210000
sample,zmq,2662,154200
sample,zmq,2663,177600
sample,zmq,2664,155700
sample,zmq,2665,155600
sample,zmq,2666,123700
sample,zmq,2667,173700
sample,zmq,2668,177200
sample,zmq,2669,162400
sample,zmq,2670,153500
sample,zmq,2671,152800
sample,zmq,2672,166300
sample,zmq,2673,165300
sample,zmq,2674,183500
sample,zmq,2675,348800
sample,zmq,2676,284500
sample,zmq,2677,182100
sample,zmq,2678,313600
sample,zmq,2679,233800
sample,zmq,2680,163500
sample,zmq,2681,188800
sample,zmq,2682,342000
sample,zmq,2683,189500
sample,zmq,2684,219500
sample,zmq,2685,266300
sample,zmq,2686,278200
sample,zmq,2687,279300
sample,zmq,2688,205800
sample,zmq,2689,184100
sample,zmq,2690,171900
sample,zmq,2691,154600
sample,zmq,2692,145800
sample,zmq,2693,139900
sample,zmq,2694,138400
sample,zmq,2695,134300
sample,zmq,2696,169600
sample,zmq,2697,148700
sample,zmq,2698,164600
sample,zmq,2699,141300
sample,zmq,2700,143400
sample,zmq,2701,156900
sample,zmq,2702,172500
sample,zmq,2703,157600
sample,zmq,2704,236200
sample,zmq,2705,259200
sample,zmq,2706,145100
sample,zmq,2707,157100
sample,zmq,2708,254400
sample,zmq,2709,174000
sample,zmq,2710,496700
sample,zmq,2711,222900
sample,zmq,2712,175700
sample,zmq,2713,120900
sample,zmq,2714,135000
sample,zmq,2715,152300
sample,zmq,2716,200200
sample,zmq,2717,175400
sample,zmq,2718,179200
sample,zmq,2719,189600
sample,zmq,2720,157600
sample,zmq,2721,152100
sample,zmq,2722,164500
sample,zmq,2723,160600
sample,zmq,2724,176700
sample,zmq,2725,146600
sample,zmq,2726,178900
sample,zmq,2727,165400
sample,zmq,2728,157000
sample,zmq,2729,170200
sample,zmq,2730,193900
sample,zmq,2731,213400
sample,zmq,2732,274200
sample,zmq,2733,204600
sample,zmq,2734,175000
sample,zmq,2735,172100
sample,zmq,2736,184900
sample,zmq,2737,168400
sample,zmq,2738,195100
sample,zmq,2739,198200
sample,zmq,2740,162900
sample,zmq,2741,160900
sample,zmq,2742,163700
sample,zmq,2743,169400
sample,zmq,2744,154800
sample,zmq,2745,163400
sample,zmq,2746,174700
sample,zmq,2747,153800
sample,zmq,2748,211600
sample,zmq,2749,183000
sample,zmq,2750,172400
sample,zmq,2751,172700
sample,zmq,2752,156900
sample,zmq,2753,190900
sample,zmq,2754,188900
sample,zmq,2755,165800
sample,zmq,2756,164300
sample,zmq,2757,198100
sample,zmq,2758,160700
sample,zmq,2759,182200
sample,zmq,2760,190300
sample,zmq,2761,172700
sample,zmq,2762,170200
sample,zmq,2763,175700
sample,zmq,2764,179200
sample,zmq,2765,180200
sample,zmq,2766,129700
sample,zmq,2767,153200
sample,zmq,2768,166400
sample,zmq,2769,160000
sample,zmq,2770,176100
sample,zmq,2771,255700
sample,zmq,2772,194300
sample,zmq,2773,211700
sample,zmq,2774,315200
sample,zmq,2775,187400
sample,zmq,2776,224500
sample,zmq,2777,220200
sample,zmq,2778,208000
sample,zmq,2779,193400
sample,zmq,2780,201900
sample,zmq,2781,188000
sample,zmq,2782,204100
sample,zmq,2783,164800
sample,zmq,2784,154300
sample,zmq,2785,149500
sample,zmq,2786,163100
sample,zmq,2787,142100
sample,zmq,2788,194500
sample,zmq,2789,154400
sample,zmq,2790,167400
sample,zmq,2791,344800
sample,zmq,2792,174200
sample,zmq,2793,201300
sample,zmq,2794,169600
sample,zmq,2795,144000
sample,zmq,2796,151800
sample,zmq,2797,152000
sample,zmq,2798,137900
sample,zmq,2799,140200
sample,zmq,2800,141200
sample,zmq,2801,184000
sample,zmq,2802,197000
sample,zmq,2803,162900
sample,zmq,2804,169800
sample,zmq,2805,169200
sample,zmq,2806,146700
sample,zmq,2807,147000
sample,zmq,2808,156800
sample,zmq,2809,183700
sample,zmq,2810,221100
sample,zmq,2811,220800
sample,zmq,2812,282600
sample,zmq,2813,165300
sample,zmq,2814,149300
sample,zmq,2815,170800
sample,zmq,2816,161300
sample,zmq,2817,148800
sample,zmq,2818,146900
sample,zmq,2819,143000
sample,zmq,2820,152800
sample,zmq,2821,155200
sample,zmq,2822,196100
sample,zmq,2823,167300
sample,zmq,2824,194800
sample,zmq,2825,175100
sample,zmq,2826,179000
sample,zmq,2827,193400
sample,zmq,2828,176200
sample,zmq,2829,156400
sample,zmq,2830,146500
sample,zmq,2831,136300
sample,zmq,2832,140400
sample,zmq,2833,150700
sample,zmq,2834,144800
sample,zmq,2835,153700
sample,zmq,2836,211700
sample,zmq,2837,157100
sample,zmq,2838,153700
sample,zmq,2839,168800
sample,zmq,2840,174100
sample,zmq,2841,177300
sample,zmq,2842,174800
sample,zmq,2843,152600
sample,zmq,2844,144500
sample,zmq,2845,166000
sample,zmq,2846,209700
sample,zmq,2847,190600
sample,zmq,2848,142700
sample,zmq,2849,144400
sample,zmq,2850,189300
sample,zmq,2851,184700
sample,zmq,2852,267100
sample,zmq,2853,513000
sample,zmq,2854,202800
sample,zmq,2855,181300
sample,zmq,2856,174600
sample,zmq,2857,142300
sample,zmq,2858,143400
sample,zmq,2859,178700
sample,zmq,2860,143100
sample,zmq,2861,167300
sample,zmq,2862,146600
sample,zmq,2863,143900
sample,zmq,2864,141600
sample,zmq,2865,146100
sample,zmq,2866,147300
sample,zmq,2867,147500
sample,zmq,2868,174800
sample,zmq,2869,264000
sample,zmq,2870,178100
sample,zmq,2871,151200
sample,zmq,2872,182200
sample,zmq,2873,163100
sample,zmq,2874,146100
sample,zmq,2875,113100
sample,zmq,2876,191000
sample,zmq,2877,158700
sample,zmq,2878,150300
sample,zmq,2879,214900
sample,zmq,2880,145700
sample,zmq,2881,132100
sample,zmq,2882,120100
sample,zmq,2883,169700
sample,zmq,2884,136900
sample,zmq,2885,154800
sample,zmq,2886,331500
sample,zmq,2887,422500
sample,zmq,2888,881900
sample,zmq,2889,467300
sample,zmq,2890,458600
sample,zmq,2891,263400
sample,zmq,2892,222800
sample,zmq,2893,198500
sample,zmq,2894,201100
sample,zmq,2895,192900
sample,zmq,2896,254200
sample,zmq,2897,394000
sample,zmq,2898,184300
sample,zmq,2899,166300
sample,zmq,2900,271600
sample,zmq,2901,213000
sample,zmq,2902,178100
sample,zmq,2903,200300
sample,zmq,2904,342500
sample,zmq,2905,204100
sample,zmq,2906,96300
sample,zmq,2907,90600
sample,zmq,2908,87400
sample,zmq,2909,87400
sample,zmq,2910,86200
sample,zmq,2911,84900
sample,zmq,2912,87500
sample,zmq,2913,153000
sample,zmq,2914,160400
sample,zmq,2915,206500
sample,zmq,2916,252900
sample,zmq,2917,175800
sample,zmq,2918,159800
sample,zmq,2919,152500
sample,zmq,2920,138700
sample,zmq,2921,405500
sample,zmq,2922,182500
sample,zmq,2923,309400
sample,zmq,2924,205700
sample,zmq,2925,183300
sample,zmq,2926,181100
sample,zmq,2927,207000
sample,zmq,2928,149500
sample,zmq,2929,198600
sample,zmq,2930,250200
sample,zmq,2931,530300
sample,zmq,2932,253200
sample,zmq,2933,224400
sample,zmq,2934,251100
sample,zmq,2935,174400
sample,zmq,2936,173700
sample,zmq,2937,151400
sample,zmq,2938,149600
sample,zmq,2939,155400
sample,zmq,2940,153200
sample,zmq,2941,255100
sample,zmq,2942,197900
sample,zmq,2943,143100
sample,zmq,2944,193000
sample,zmq,2945,162500
sample,zmq,2946,174000
sample,zmq,2947,161800
sample,zmq,2948,189800
sample,zmq,2949,179600
sample,zmq,2950,165900
sample,zmq,2951,213600
sample,zmq,2952,203000
sample,zmq,2953,203100
sample,zmq,2954,154500
sample,zmq,2955,155600
sample,zmq,2956,183700
sample,zmq,2957,170700
sample,zmq,2958,203700
sample,zmq,2959,190100
sample,zmq,2960,195200
sample,zmq,2961,250200
sample,zmq,2962,201900
sample,zmq,2963,209900
sample,zmq,2964,290400
sample,zmq,2965,179100
sample,zmq,2966,195100
sample,zmq,2967,163600
sample,zmq,2968,166800
sample,zmq,2969,172800
sample,zmq,2970,157500
sample,zmq,2971,156300
sample,zmq,2972,160600
sample,zmq,2973,210700
sample,zmq,2974,192200
sample,zmq,2975,241500
sample,zmq,2976,166800
sample,zmq,2977,215400
sample,zmq,2978,170900
sample,zmq,2979,172300
sample,zmq,2980,183400
sample,zmq,2981,132500
sample,zmq,2982,170900
sample,zmq,2983,171800
sample,zmq,2984,171200
sample,zmq,2985,181600
sample,zmq,2986,194300
sample,zmq,2987,160000
sample,zmq,2988,135200
sample,zmq,2989,183500
sample,zmq,2990,193200
sample,zmq,2991,387900
sample,zmq,2992,244600
sample,zmq,2993,208400
sample,zmq,2994,218400
sample,zmq,2995,312200
sample,zmq,2996,225100
sample,zmq,2997,175200
sample,zmq,2998,164100
sample,zmq,2999,196400
sample,zmq,3000,184000
sample,zmq,3001,200800
sample,zmq,3002,174700
sample,zmq,3003,229500
sample,zmq,3004,197700
sample,zmq,3005,184700
sample,zmq,3006,189700
sample,zmq,3007,189900
sample,zmq,3008,199900
sample,zmq,3009,196500
sample,zmq,3010,220500
sample,zmq,3011,164800
sample,zmq,3012,195100
sample,zmq,3013,176600
sample,zmq,3014,158800
sample,zmq,3015,132200
sample,zmq,3016,176300
sample,zmq,3017,212800
sample,zmq,3018,185800
sample,zmq,3019,158200
sample,zmq,3020,154800
sample,zmq,3021,150900
sample,zmq,3022,150600
sample,zmq,3023,152500
sample,zmq,3024,180800
sample,zmq,3025,163800
sample,zmq,3026,167700
sample,zmq,3027,156800
sample,zmq,3028,207000
sample,zmq,3029,164900
sample,zmq,3030,159900
sample,zmq,3031,152300
sample,zmq,3032,192000
sample,zmq,3033,120000
sample,zmq,3034,197300
sample,zmq,3035,206300
sample,zmq,3036,233200
sample,zmq,3037,324100
sample,zmq,3038,176900
sample,zmq,3039,171800
sample,zmq,3040,164300
sample,zmq,3041,164900
sample,zmq,3042,228000
sample,zmq,3043,188500
sample,zmq,3044,167500
sample,zmq,3045,162100
sample,zmq,3046,172900
sample,zmq,3047,225600
sample,zmq,3048,197800
sample,zmq,3049,183000
sample,zmq,3050,190700
sample,zmq,3051,199800
sample,zmq,3052,244100
sample,zmq,3053,159100
sample,zmq,3054,197000
sample,zmq,3055,200900
sample,zmq,3056,197500
sample,zmq,3057,167100
sample,zmq,3058,174200
sample,zmq,3059,188800
sample,zmq,3060,184600
sample,zmq,3061,166800
sample,zmq,3062,162700
sample,zmq,3063,167600
sample,zmq,3064,154200
sample,zmq,3065,194800
sample,zmq,3066,201600
sample,zmq,3067,205200
sample,zmq,3068,182000
sample,zmq,3069,179400
sample,zmq,3070,199300
sample,zmq,3071,171400
sample,zmq,3072,202000
sample,zmq,3073,179800
sample,zmq,3074,249000
sample,zmq,3075,197300
sample,zmq,3076,349600
sample,zmq,3077,185000
sample,zmq,3078,157700
sample,zmq,3079,149300
sample,zmq,3080,151500
sample,zmq,3081,188300
sample,zmq,3082,166400
sample,zmq,3083,193600
sample,zmq,3084,174500
sample,zmq,3085,180200
sample,zmq,3086,166900
sample,zmq,3087,151500
sample,zmq,3088,159100
sample,zmq,3089,158800
sample,zmq,3090,160700
sample,zmq,3091,189900
sample,zmq,3092,179000
sample,zmq,3093,157400
sample,zmq,3094,205700
sample,zmq,3095,175800
sample,zmq,3096,193000
sample,zmq,3097,240000
sample,zmq,3098,131800
sample,zmq,3099,167700
sample,zmq,3100,156600
sample,zmq,3101,180200
sample,zmq,3102,157700
sample,zmq,3103,183100
sample,zmq,3104,217000
sample,zmq,3105,199400
sample,zmq,3106,193400
sample,zmq,3107,184300
sample,zmq,3108,184500
sample,zmq,3109,167600
sample,zmq,3110,217400
sample,zmq,3111,168300
sample,zmq,3112,186700
sample,zmq,3113,216700
sample,zmq,3114,180900
sample,zmq,3115,262700
sample,zmq,3116,189300
sample,zmq,3117,174500
sample,zmq,3118,165000
sample,zmq,3119,169000
sample,zmq,3120,164500
sample,zmq,3121,172400
sample,zmq,3122,149600
sample,zmq,3123,198700
sample,zmq,3124,309600
sample,zmq,3125,600400
sample,zmq,3126,184300
sample,zmq,3127,153600
sample,zmq,3128,135000
sample,zmq,3129,128800
sample,zmq,3130,189600
sample,zmq,3131,230000
sample,zmq,3132,506200
sample,zmq,3133,187500
sample,zmq,3134,258300
sample,zmq,3135,137800
sample,zmq,3136,167100
sample,zmq,3137,178500
sample,zmq,3138,150800
sample,zmq,3139,163600
sample,zmq,3140,178000
sample,zmq,3141,209200
sample,zmq,3142,156200
sample,zmq,3143,173700
sample,zmq,3144,216700
sample,zmq,3145,215200
sample,zmq,3146,198400
sample,zmq,3147,163300
sample,zmq,3148,171600
sample,zmq,3149,174000
sample,zmq,3150,155100
sample,zmq,3151,146700
sample,zmq,3152,172300
sample,zmq,3153,180700
sample,zmq,3154,129200
sample,zmq,3155,158100
sample,zmq,3156,155200
sample,zmq,3157,200200
sample,zmq,3158,186000
sample,zmq,3159,170000
sample,zmq,3160,172700
sample,zmq,3161,170200
sample,zmq,3162,164200
sample,zmq,3163,176000
sample,zmq,3164,165200
sample,zmq,3165,196000
sample,zmq,3166,151600
sample,zmq,3167,151900
sample,zmq,3168,158900
sample,zmq,3169,182200
sample,zmq,3170,155600
sample,zmq,3171,178700
sample,zmq,3172,166300
sample,zmq,3173,177500
sample,zmq,3174,178400
sample,zmq,3175,158200
sample,zmq,3176,174400
sample,zmq,3177,162400
sample,zmq,3178,196700
sample,zmq,3179,165200
sample,zmq,3180,148200
sample,zmq,3181,177400
sample,zmq,3182,159800
sample,zmq,3183,195800
sample,zmq,3184,166200
sample,zmq,3185,147200
sample,zmq,3186,169300
sample,zmq,3187,160200
sample,zmq,3188,210400
sample,zmq,3189,162600
sample,zmq,3190,191100
sample,zmq,3191,161600
sample,zmq,3192,148600
sample,zmq,3193,211800
sample,zmq,3194,195800
sample,zmq,3195,789400
sample,zmq,3196,386400
sample,zmq,3197,161600
sample,zmq,3198,203000
sample,zmq,3199,181800
sample,zmq,3200,164600
sample,zmq,3201,147100
sample,zmq,3202,147600
sample,zmq,3203,212000
sample,zmq,3204,182500
sample,zmq,3205,157000
sample,zmq,3206,174700
sample,zmq,3207,165000
sample,zmq,3208,168600
sample,zmq,3209,195300
sample,zmq,3210,185500
sample,zmq,3211,193900
sample,zmq,3212,169000
sample,zmq,3213,182100
sample,zmq,3214,170600
sample,zmq,3215,182200
sample,zmq,3216,177600
sample,zmq,3217,170300
sample,zmq,3218,168100
sample,zmq,3219,154600
sample,zmq,3220,152500
sample,zmq,3221,163500
sample,zmq,3222,174400
sample,zmq,3223,199200
sample,zmq,3224,201100
sample,zmq,3225,170800
sample,zmq,3226,161500
sample,zmq,3227,172100
sample,zmq,3228,134500
sample,zmq,3229,157700
sample,zmq,3230,229500
sample,zmq,3231,186800
sample,zmq,3232,185200
sample,zmq,3233,201800
sample,zmq,3234,204600
sample,zmq,3235,164300
sample,zmq,3236,174500
sample,zmq,3237,162900
sample,zmq,3238,406000
sample,zmq,3239,1119700
sample,zmq,3240,312700
sample,zmq,3241,207300
sample,zmq,3242,792800
sample,zmq,3243,176100
sample,zmq,3244,254800
sample,zmq,3245,182900
sample,zmq,3246,158700
sample,zmq,3247,238600
sample,zmq,3248,191100
sample,zmq,3249,161300
sample,zmq,3250,198400
sample,zmq,3251,182600
sample,zmq,3252,192900
sample,zmq,3253,154500
sample,zmq,3254,176100
sample,zmq,3255,155300
sample,zmq,3256,146700
sample,zmq,3257,165900
sample,zmq,3258,213100
sample,zmq,3259,160800
sample,zmq,3260,165800
sample,zmq,3261,195100
sample,zmq,3262,182600
sample,zmq,3263,184100
sample,zmq,3264,150400
sample,zmq,3265,211500
sample,zmq,3266,205400
sample,zmq,3267,176800
sample,zmq,3268,187200
sample,zmq,3269,177800
sample,zmq,3270,188400
sample,zmq,3271,172300
sample,zmq,3272,184400
sample,zmq,3273,169200
sample,zmq,3274,196000
sample,zmq,3275,170000
sample,zmq,3276,168700
sample,zmq,3277,215700
sample,zmq,3278,164000
sample,zmq,3279,176600
sample,zmq,3280,214000
sample,zmq,3281,182300
sample,zmq,3282,184300
sample,zmq,3283,190600
sample,zmq,3284,197500
sample,zmq,3285,183100
sample,zmq,3286,189700
sample,zmq,3287,167300
sample,zmq,3288,184300
sample,zmq,3289,163700
sample,zmq,3290,155100
sample,zmq,3291,155600
sample,zmq,3292,194400
sample,zmq,3293,161000
sample,zmq,3294,203800
sample,zmq,3295,174300
sample,zmq,3296,182600
sample,zmq,3297,200100
sample,zmq,3298,170400
sample,zmq,3299,211400
sample,zmq,3300,187300
sample,zmq,3301,192200
sample,zmq,3302,186100
sample,zmq,3303,205500
sample,zmq,3304,190700
sample,zmq,3305,166800
sample,zmq,3306,178500
sample,zmq,3307,194800
sample,zmq,3308,249900
sample,zmq,3309,206500
sample,zmq,3310,258300
sample,zmq,3311,302100
sample,zmq,3312,194400
sample,zmq,3313,166400
sample,zmq,3314,164300
sample,zmq,3315,196100
sample,zmq,3316,188300
sample,zmq,3317,170000
sample,zmq,3318,183200
sample,zmq,3319,182900
sample,zmq,3320,156200
sample,zmq,3321,156700
sample,zmq,3322,205300
sample,zmq,3323,187600
sample,zmq,3324,172800
sample,zmq,3325,154000
sample,zmq,3326,194800
sample,zmq,3327,159700
sample,zmq,3328,155000
sample,zmq,3329,154200
sample,zmq,3330,157700
sample,zmq,3331,213000
sample,zmq,3332,160500
sample,zmq,3333,163100
sample,zmq,3334,169000
sample,zmq,3335,218400
sample,zmq,3336,190200
sample,zmq,3337,178200
sample,zmq,3338,200200
sample,zmq,3339,175600
sample,zmq,3340,161900
sample,zmq,3341,190600
sample,zmq,3342,166100
sample,zmq,3343,163700
sample,zmq,3344,153700
sample,zmq,3345,168700
sample,zmq,3346,194300
sample,zmq,3347,150300
sample,zmq,3348,156600
sample,zmq,3349,152600
sample,zmq,3350,197200
sample,zmq,3351,150000
sample,zmq,3352,179000
sample,zmq,3353,139800
sample,zmq,3354,131800
sample,zmq,3355,156200
sample,zmq,3356,143900
sample,zmq,3357,131900
sample,zmq,3358,138000
sample,zmq,3359,136000
sample,zmq,3360,170000
sample,zmq,3361,141800
sample,zmq,3362,154000
sample,zmq,3363,164700
sample,zmq,3364,128000
sample,zmq,3365,129600
sample,zmq,3366,163400
sample,zmq,3367,159100
sample,zmq,3368,158900
sample,zmq,3369,147700
sample,zmq,3370,153400
sample,zmq,3371,155300
sample,zmq,3372,165900
sample,zmq,3373,149500
sample,zmq,3374,263800
sample,zmq,3375,252800
sample,zmq,3376,140700
sample,zmq,3377,172300
sample,zmq,3378,141800
sample,zmq,3379,188600
sample,zmq,3380,198500
sample,zmq,3381,168700
sample,zmq,3382,192100
sample,zmq,3383,159500
sample,zmq,3384,188300
sample,zmq,3385,169900
sample,zmq,3386,261900
sample,zmq,3387,209800
sample,zmq,3388,194600
sample,zmq,3389,186600
sample,zmq,3390,149300
sample,zmq,3391,158900
sample,zmq,3392,128400
sample,zmq,3393,178800
sample,zmq,3394,159700
sample,zmq,3395,169200
sample,zmq,3396,157800
sample,zmq,3397,144900
sample,zmq,3398,228200
sample,zmq,3399,131300
sample,zmq,3400,172300
sample,zmq,3401,149400
sample,zmq,3402,155900
sample,zmq,3403,143700
sample,zmq,3404,184400
sample,zmq,3405,160700
sample,zmq,3406,143700
sample,zmq,3407,180400
sample,zmq,3408,168000
sample,zmq,3409,180900
sample,zmq,3410,143100
sample,zmq,3411,124200
sample,zmq,3412,121100
sample,zmq,3413,122300
sample,zmq,3414,152500
sample,zmq,3415,148800
sample,zmq,3416,176500
sample,zmq,3417,212300
sample,zmq,3418,186500
sample,zmq,3419,227400
sample,zmq,3420,180500
sample,zmq,3421,205200
sample,zmq,3422,178400
sample,zmq,3423,213000
sample,zmq,3424,157500
sample,zmq,3425,135600
sample,zmq,3426,131300
sample,zmq,3427,133200
sample,zmq,3428,136600
sample,zmq,3429,169600
sample,zmq,3430,200600
sample,zmq,3431,180800
sample,zmq,3432,206700
sample,zmq,3433,182600
sample,zmq,3434,150300
sample,zmq,3435,182300
sample,zmq,3436,152700
sample,zmq,3437,177100
sample,zmq,3438,166500
sample,zmq,3439,174200
sample,zmq,3440,169800
sample,zmq,3441,155100
sample,zmq,3442,169800
sample,zmq,3443,188100
sample,zmq,3444,227900
sample,zmq,3445,188000
sample,zmq,3446,221200
sample,zmq,3447,359000
sample,zmq,3448,167500
sample,zmq,3449,164000
sample,zmq,3450,177700
sample,zmq,3451,156300
sample,zmq,3452,141100
sample,zmq,3453,173400
sample,zmq,3454,141500
sample,zmq,3455,187600
sample,zmq,3456,177500
sample,zmq,3457,184100
sample,zmq,3458,147000
sample,zmq,3459,544400
sample,zmq,3460,469900
sample,zmq,3461,188100
sample,zmq,3462,408600
sample,zmq,3463,176700
sample,zmq,3464,201300
sample,zmq,3465,191000
sample,zmq,3466,181200
sample,zmq,3467,145600
sample,zmq,3468,171000
sample,zmq,3469,164500
sample,zmq,3470,168700
sample,zmq,3471,130600
sample,zmq,3472,167300
sample,zmq,3473,152300
sample,zmq,3474,186400
sample,zmq,3475,155900
sample,zmq,3476,136200
sample,zmq,3477,129200
sample,zmq,3478,139000
sample,zmq,3479,142000
sample,zmq,3480,157200
sample,zmq,3481,162700
sample,zmq,3482,137300
sample,zmq,3483,143900
sample,zmq,3484,180600
sample,zmq,3485,166000
sample,zmq,3486,161200
sample,zmq,3487,157000
sample,zmq,3488,110200
sample,zmq,3489,143800
sample,zmq,3490,135000
sample,zmq,3491,134500
sample,zmq,3492,115800
sample,zmq,3493,160300
sample,zmq,3494,270700
sample,zmq,3495,171800
sample,zmq,3496,191500
sample,zmq,3497,160300
sample,zmq,3498,165900
sample,zmq,3499,169500
sample,zmq,3500,145500
sample,zmq,3501,161900
sample,zmq,3502,135000
sample,zmq,3503,348900
sample,zmq,3504,371100
sample,zmq,3505,168000
sample,zmq,3506,269300
sample,zmq,3507,155400
sample,zmq,3508,100900
sample,zmq,3509,156800
sample,zmq,3510,224700
sample,zmq,3511,286400
sample,zmq,3512,1187700
sample,zmq,3513,233200
sample,zmq,3514,307000
sample,zmq,3515,160800
sample,zmq,3516,525700
sample,zmq,3517,160000
sample,zmq,3518,169400
sample,zmq,3519,249600
sample,zmq,3520,173600
sample,zmq,3521,173000
sample,zmq,3522,354300
sample,zmq,3523,190800
sample,zmq,3524,495400
sample,zmq,3525,199500
sample,zmq,3526,697100
sample,zmq,3527,1254800
sample,zmq,3528,269200
sample,zmq,3529,199100
sample,zmq,3530,146100
sample,zmq,3531,1409900
sample,zmq,3532,263100
sample,zmq,3533,165000
sample,zmq,3534,192500
sample,zmq,3535,183000
sample,zmq,3536,209700
sample,zmq,3537,174200
sample,zmq,3538,161000
sample,zmq,3539,150800
sample,zmq,3540,172500
sample,zmq,3541,148500
sample,zmq,3542,174800
sample,zmq,3543,191700
sample,zmq,3544,195900
sample,zmq,3545,191900
sample,zmq,3546,158200
sample,zmq,3547,177000
sample,zmq,3548,183400
sample,zmq,3549,186200
sample,zmq,3550,185400
sample,zmq,3551,165600
sample,zmq,3552,195300
sample,zmq,3553,168400
sample,zmq,3554,183700
sample,zmq,3555,153700
sample,zmq,3556,211200
sample,zmq,3557,178200
sample,zmq,3558,291300
sample,zmq,3559,197900
sample,zmq,3560,154100
sample,zmq,3561,157800
sample,zmq,3562,140400
sample,zmq,3563,116100
sample,zmq,3564,153000
sample,zmq,3565,145000
sample,zmq,3566,136500
sample,zmq,3567,130800
sample,zmq,3568,150200
sample,zmq,3569,105800
sample,zmq,3570,150700
sample,zmq,3571,162500
sample,zmq,3572,164100
sample,zmq,3573,142400
sample,zmq,3574,160200
sample,zmq,3575,143900
sample,zmq,3576,127100
sample,zmq,3577,147300
sample,zmq,3578,140100
sample,zmq,3579,180500
sample,zmq,3580,153400
sample,zmq,3581,685500
sample,zmq,3582,1366800
sample,zmq,3583,260600
sample,zmq,3584,386200
sample,zmq,3585,396600
sample,zmq,3586,2039500
sample,zmq,3587,462400
sample,zmq,3588,352600
sample,zmq,3589,266300
sample,zmq,3590,181800
sample,zmq,3591,165100
sample,zmq,3592,156200
sample,zmq,3593,173800
sample,zmq,3594,223700
sample,zmq,3595,163000
sample,zmq,3596,190000
sample,zmq,3597,176800
sample,zmq,3598,211800
sample,zmq,3599,200100
sample,zmq,3600,191000
sample,zmq,3601,245300
sample,zmq,3602,185600
sample,zmq,3603,182100
sample,zmq,3604,231600
sample,zmq,3605,224600
sample,zmq,3606,148300
sample,zmq,3607,149800
sample,zmq,3608,156400
sample,zmq,3609,154900
sample,zmq,3610,175500
sample,zmq,3611,173500
sample,zmq,3612,171100
sample,zmq,3613,169400
sample,zmq,3614,159300
sample,zmq,3615,161200
sample,zmq,3616,166500
sample,zmq,3617,148300
sample,zmq,3618,172500
sample,zmq,3619,143400
sample,zmq,3620,144500
sample,zmq,3621,186100
sample,zmq,3622,208500
sample,zmq,3623,200200
sample,zmq,3624,182600
sample,zmq,3625,176200
sample,zmq,3626,177500
sample,zmq,3627,148800
sample,zmq,3628,99300
sample,zmq,3629,166300
sample,zmq,3630,187700
sample,zmq,3631,178400
sample,zmq,3632,167600
sample,zmq,3633,165900
sample,zmq,3634,298600
sample,zmq,3635,204200
sample,zmq,3636,212800
sample,zmq,3637,151800
sample,zmq,3638,149800
sample,zmq,3639,144300
sample,zmq,3640,218700
sample,zmq,3641,242100
sample,zmq,3642,181100
sample,zmq,3643,155300
sample,zmq,3644,216400
sample,zmq,3645,310200
sample,zmq,3646,355200
sample,zmq,3647,410400
sample,zmq,3648,156300
sample,zmq,3649,151200
sample,zmq,3650,138100
sample,zmq,3651,140500
sample,zmq,3652,187300
sample,zmq,3653,157800
sample,zmq,3654,148400
sample,zmq,3655,140500
sample,zmq,3656,132700
sample,zmq,3657,140800
sample,zmq,3658,146900
sample,zmq,3659,140100
sample,zmq,3660,145000
sample,zmq,3661,138600
sample,zmq,3662,148500
sample,zmq,3663,161200
sample,zmq,3664,118900
sample,zmq,3665,138600
sample,zmq,3666,105700
sample,zmq,3667,126600
sample,zmq,3668,136200
sample,zmq,3669,175100
sample,zmq,3670,254900
sample,zmq,3671,232700
sample,zmq,3672,197800
sample,zmq,3673,160400
sample,zmq,3674,147800
sample,zmq,3675,168500
sample,zmq,3676,172400
sample,zmq,3677,185100
sample,zmq,3678,152100
sample,zmq,3679,173000
sample,zmq,3680,151200
sample,zmq,3681,125700
sample,zmq,3682,185200
sample,zmq,3683,177300
sample,zmq,3684,157600
sample,zmq,3685,150300
sample,zmq,3686,174400
sample,zmq,3687,156700
sample,zmq,3688,168100
sample,zmq,3689,180100
sample,zmq,3690,166100
sample,zmq,3691,158200
sample,zmq,3692,189000
sample,zmq,3693,206300
sample,zmq,3694,184200
sample,zmq,3695,166500
sample,zmq,3696,174000
sample,zmq,3697,152400
sample,zmq,3698,158800
sample,zmq,3699,143300
sample,zmq,3700,147300
sample,zmq,3701,145200
sample,zmq,3702,160700
sample,zmq,3703,144200
sample,zmq,3704,151700
sample,zmq,3705,138500
sample,zmq,3706,139900
sample,zmq,3707,156100
sample,zmq,3708,143200
sample,zmq,3709,161600
sample,zmq,3710,140500
sample,zmq,3711,150900
sample,zmq,3712,344100
sample,zmq,3713,186100
sample,zmq,3714,175400
sample,zmq,3715,626000
sample,zmq,3716,259000
sample,zmq,3717,151800
sample,zmq,3718,147300
sample,zmq,3719,134600
sample,zmq,3720,205200
sample,zmq,3721,2380800
sample,zmq,3722,273200
sample,zmq,3723,180600
sample,zmq,3724,142000
sample,zmq,3725,166800
sample,zmq,3726,160300
sample,zmq,3727,178800
sample,zmq,3728,167000
sample,zmq,3729,150000
sample,zmq,3730,149000
sample,zmq,3731,156600
sample,zmq,3732,187900
sample,zmq,3733,199200
sample,zmq,3734,181100
sample,zmq,3735,195400
sample,zmq,3736,260100
sample,zmq,3737,130500
sample,zmq,3738,162000
sample,zmq,3739,167900
sample,zmq,3740,144300
sample,zmq,3741,167100
sample,zmq,3742,240200
sample,zmq,3743,252400
sample,zmq,3744,258700
sample,zmq,3745,262900
sample,zmq,3746,909100
sample,zmq,3747,811800
sample,zmq,3748,232400
sample,zmq,3749,215900
sample,zmq,3750,165100
sample,zmq,3751,166800
sample,zmq,3752,144800
sample,zmq,3753,167800
sample,zmq,3754,176000
sample,zmq,3755,174800
sample,zmq,3756,161700
sample,zmq,3757,142500
sample,zmq,3758,164100
sample,zmq,3759,145100
sample,zmq,3760,172200
sample,zmq,3761,148000
sample,zmq,3762,179300
sample,zmq,3763,249600
sample,zmq,3764,183100
sample,zmq,3765,159800
sample,zmq,3766,139200
sample,zmq,3767,1326300
sample,zmq,3768,279800
sample,zmq,3769,255500
sample,zmq,3770,222600
sample,zmq,3771,203800
sample,zmq,3772,189500
sample,zmq,3773,168400
sample,zmq,3774,148000
sample,zmq,3775,186500
sample,zmq,3776,155800
sample,zmq,3777,164500
sample,zmq,3778,202300
sample,zmq,3779,155800
sample,zmq,3780,160400
sample,zmq,3781,183800
sample,zmq,3782,200500
sample,zmq,3783,234400
sample,zmq,3784,203500
sample,zmq,3785,130600
sample,zmq,3786,154700
sample,zmq,3787,170500
sample,zmq,3788,176900
sample,zmq,3789,188600
sample,zmq,3790,213400
sample,zmq,3791,258500
sample,zmq,3792,287400
sample,zmq,3793,236400
sample,zmq,3794,165200
sample,zmq,3795,139300
sample,zmq,3796,226500
sample,zmq,3797,348100
sample,zmq,3798,196100
sample,zmq,3799,177300
sample,zmq,3800,215600
sample,zmq,3801,206900
sample,zmq,3802,174000
sample,zmq,3803,191100
sample,zmq,3804,156800
sample,zmq,3805,182100
sample,zmq,3806,184300
sample,zmq,3807,187100
sample,zmq,3808,182400
sample,zmq,3809,180400
sample,zmq,3810,179600
sample,zmq,3811,186200
sample,zmq,3812,174900
sample,zmq,3813,149100
sample,zmq,3814,143000
sample,zmq,3815,135500
sample,zmq,3816,149000
sample,zmq,3817,99600
sample,zmq,3818,199700
sample,zmq,3819,166500
sample,zmq,3820,183800
sample,zmq,3821,184800
sample,zmq,3822,167800
sample,zmq,3823,156800
sample,zmq,3824,194200
sample,zmq,3825,108000
sample,zmq,3826,162400
sample,zmq,3827,325800
sample,zmq,3828,207500
sample,zmq,3829,193000
sample,zmq,3830,224200
sample,zmq,3831,308500
sample,zmq,3832,183100
sample,zmq,3833,169500
sample,zmq,3834,213900
sample,zmq,3835,183600
sample,zmq,3836,169800
sample,zmq,3837,165500
sample,zmq,3838,178300
sample,zmq,3839,162300
sample,zmq,3840,130200
sample,zmq,3841,392700
sample,zmq,3842,188600
sample,zmq,3843,183200
sample,zmq,3844,187500
sample,zmq,3845,164300
sample,zmq,3846,192300
sample,zmq,3847,108000
sample,zmq,3848,205600
sample,zmq,3849,170200
sample,zmq,3850,192100
sample,zmq,3851,199900
sample,zmq,3852,181600
sample,zmq,3853,149900
sample,zmq,3854,156400
sample,zmq,3855,132500
sample,zmq,3856,188500
sample,zmq,3857,201800
sample,zmq,3858,214600
sample,zmq,3859,166300
sample,zmq,3860,174800
sample,zmq,3861,210200
sample,zmq,3862,177700
sample,zmq,3863,293200
sample,zmq,3864,162500
sample,zmq,3865,182800
sample,zmq,3866,156800
sample,zmq,3867,126200
sample,zmq,3868,163500
sample,zmq,3869,157700
sample,zmq,3870,157600
sample,zmq,3871,171100
sample,zmq,3872,295300
sample,zmq,3873,174500
sample,zmq,3874,168200
sample,zmq,3875,137800
sample,zmq,3876,147900
sample,zmq,3877,144800
sample,zmq,3878,138400
sample,zmq,3879,154300
sample,zmq,3880,139500
sample,zmq,3881,102500
sample,zmq,3882,133400
sample,zmq,3883,140000
sample,zmq,3884,154000
sample,zmq,3885,182200
sample,zmq,3886,193600
sample,zmq,3887,204600
sample,zmq,3888,186300
sample,zmq,3889,183700
sample,zmq,3890,204300
sample,zmq,3891,159400
sample,zmq,3892,172400
sample,zmq,3893,140200
sample,zmq,3894,144800
sample,zmq,3895,159500
sample,zmq,3896,146500
sample,zmq,3897,167000
sample,zmq,3898,199000
sample,zmq,3899,177100
sample,zmq,3900,231100
sample,zmq,3901,332700
sample,zmq,3902,182800
sample,zmq,3903,175500
sample,zmq,3904,223800
sample,zmq,3905,193300
sample,zmq,3906,191100
sample,zmq,3907,149200
sample,zmq,3908,183800
sample,zmq,3909,159200
sample,zmq,3910,144800
sample,zmq,3911,263300
sample,zmq,3912,194400
sample,zmq,3913,189800
sample,zmq,3914,189800
sample,zmq,3915,193300
sample,zmq,3916,174500
sample,zmq,3917,165800
sample,zmq,3918,173100
sample,zmq,3919,163400
sample,zmq,3920,175100
sample,zmq,3921,178700
sample,zmq,3922,166300
sample,zmq,3923,157900
sample,zmq,3924,135000
sample,zmq,3925,140000
sample,zmq,3926,133200
sample,zmq,3927,144500
sample,zmq,3928,213500
sample,zmq,3929,172900
sample,zmq,3930,147900
sample,zmq,3931,225000
sample,zmq,3932,219300
sample,zmq,3933,162000
sample,zmq,3934,176900
sample,zmq,3935,188400
sample,zmq,3936,164500
sample,zmq,3937,164600
sample,zmq,3938,227200
sample,zmq,3939,191100
sample,zmq,3940,224700
sample,zmq,3941,228400
sample,zmq,3942,373900
sample,zmq,3943,188800
sample,zmq,3944,167600
sample,zmq,3945,156600
sample,zmq,3946,209900
sample,zmq,3947,164700
sample,zmq,3948,195600
sample,zmq,3949,161100
sample,zmq,3950,180900
sample,zmq,3951,166000
sample,zmq,3952,218600
sample,zmq,3953,263200
sample,zmq,3954,322700
sample,zmq,3955,170200
sample,zmq,3956,195000
sample,zmq,3957,164700
sample,zmq,3958,155600
sample,zmq,3959,140500
sample,zmq,3960,171600
sample,zmq,3961,160300
sample,zmq,3962,181200
sample,zmq,3963,174700
sample,zmq,3964,199100
sample,zmq,3965,179400
sample,zmq,3966,192400
sample,zmq,3967,161700
sample,zmq,3968,168500
sample,zmq,3969,181700
sample,zmq,3970,160400
sample,zmq,3971,167500
sample,zmq,3972,183000
sample,zmq,3973,276200
sample,zmq,3974,424700
sample,zmq,3975,218500
sample,zmq,3976,191900
sample,zmq,3977,189600
sample,zmq,3978,150500
sample,zmq,3979,165500
sample,zmq,3980,244200
sample,zmq,3981,183400
sample,zmq,3982,227500
sample,zmq,3983,152000
sample,zmq,3984,265900
sample,zmq,3985,177500
sample,zmq,3986,155200
sample,zmq,3987,151500
sample,zmq,3988,151900
sample,zmq,3989,163300
sample,zmq,3990,186600
sample,zmq,3991,167700
sample,zmq,3992,210200
sample,zmq,3993,181500
sample,zmq,3994,157900
sample,zmq,3995,216700
sample,zmq,3996,180800
sample,zmq,3997,168400
sample,zmq,3998,146600
sample,zmq,3999,160600
sample,zmq,4000,171200
sample,zmq,4001,167500
sample,zmq,4002,231300
sample,zmq,4003,191300
sample,zmq,4004,239200
sample,zmq,4005,231300
sample,zmq,4006,189500
sample,zmq,4007,191100
sample,zmq,4008,189600
sample,zmq,4009,180300
sample,zmq,4010,196600
sample,zmq,4011,180000
sample,zmq,4012,154600
sample,zmq,4013,197200
sample,zmq,4014,181200
sample,zmq,4015,193100
sample,zmq,4016,182500
sample,zmq,4017,170000
sample,zmq,4018,148000
sample,zmq,4019,167200
sample,zmq,4020,171000
sample,zmq,4021,152800
sample,zmq,4022,157900
sample,zmq,4023,162100
sample,zmq,4024,155000
sample,zmq,4025,174600
sample,zmq,4026,181100
sample,zmq,4027,161600
sample,zmq,4028,168000
sample,zmq,4029,162800
sample,zmq,4030,192500
sample,zmq,4031,184800
sample,zmq,4032,188600
sample,zmq,4033,176200
sample,zmq,4034,194100
sample,zmq,4035,185100
sample,zmq,4036,183500
sample,zmq,4037,184000
sample,zmq,4038,178400
sample,zmq,4039,158300
sample,zmq,4040,153400
sample,zmq,4041,146900
sample,zmq,4042,139800
sample,zmq,4043,355500
sample,zmq,4044,1631400
sample,zmq,4045,299600
sample,zmq,4046,201000
sample,zmq,4047,177300
sample,zmq,4048,181000
sample,zmq,4049,207800
sample,zmq,4050,199400
sample,zmq,4051,163400
sample,zmq,4052,171200
sample,zmq,4053,142600
sample,zmq,4054,143500
sample,zmq,4055,147800
sample,zmq,4056,200800
sample,zmq,4057,176000
sample,zmq,4058,134100
sample,zmq,4059,163900
sample,zmq,4060,148800
sample,zmq,4061,229500
sample,zmq,4062,172700
sample,zmq,4063,130000
sample,zmq,4064,186100
sample,zmq,4065,216300
sample,zmq,4066,253400
sample,zmq,4067,438600
sample,zmq,4068,878900
sample,zmq,4069,580200
sample,zmq,4070,228800
sample,zmq,4071,139800
sample,zmq,4072,394200
sample,zmq,4073,377300
sample,zmq,4074,229900
sample,zmq,4075,424400
sample,zmq,4076,168700
sample,zmq,4077,167100
sample,zmq,4078,151400
sample,zmq,4079,126100
sample,zmq,4080,203900
sample,zmq,4081,197100
sample,zmq,4082,157900
sample,zmq,4083,163300
sample,zmq,4084,179400
sample,zmq,4085,203200
sample,zmq,4086,187200
sample,zmq,4087,174800
sample,zmq,4088,110800
sample,zmq,4089,141600
sample,zmq,4090,140700
sample,zmq,4091,170900
sample,zmq,4092,155200
sample,zmq,4093,157200
sample,zmq,4094,169500
sample,zmq,4095,142600
sample,zmq,4096,175700
sample,zmq,4097,274300
sample,zmq,4098,182000
sample,zmq,4099,331600
sample,zmq,4100,173700
sample,zmq,4101,197500
sample,zmq,4102,682600
sample,zmq,4103,224300
sample,zmq,4104,205000
sample,zmq,4105,172800
sample,zmq,4106,187100
sample,zmq,4107,187200
sample,zmq,4108,216200
sample,zmq,4109,187300
sample,zmq,4110,155700
sample,zmq,4111,156500
sample,zmq,4112,154800
sample,zmq,4113,140400
sample,zmq,4114,165700
sample,zmq,4115,138800
sample,zmq,4116,173600
sample,zmq,4117,186800
sample,zmq,4118,127700
sample,zmq,4119,170800
sample,zmq,4120,160700
sample,zmq,4121,226800
sample,zmq,4122,177500
sample,zmq,4123,195500
sample,zmq,4124,171700
sample,zmq,4125,193100
sample,zmq,4126,193200
sample,zmq,4127,180800
sample,zmq,4128,150700
sample,zmq,4129,182000
sample,zmq,4130,213600
sample,zmq,4131,167500
sample,zmq,4132,371400
sample,zmq,4133,222200
sample,zmq,4134,187400
sample,zmq,4135,163500
sample,zmq,4136,205800
sample,zmq,4137,164200
sample,zmq,4138,178900
sample,zmq,4139,186400
sample,zmq,4140,150300
sample,zmq,4141,157800
sample,zmq,4142,164500
sample,zmq,4143,148900
sample,zmq,4144,169800
sample,zmq,4145,203500
sample,zmq,4146,159600
sample,zmq,4147,185200
sample,zmq,4148,174100
sample,zmq,4149,153200
sample,zmq,4150,148900
sample,zmq,4151,139200
sample,zmq,4152,345700
sample,zmq,4153,204200
sample,zmq,4154,200500
sample,zmq,4155,175800
sample,zmq,4156,156600
sample,zmq,4157,183700
sample,zmq,4158,204200
sample,zmq,4159,172000
sample,zmq,4160,174800
sample,zmq,4161,156000
sample,zmq,4162,205600
sample,zmq,4163,174400
sample,zmq,4164,286900
sample,zmq,4165,365800
sample,zmq,4166,515100
sample,zmq,4167,185800
sample,zmq,4168,194800
sample,zmq,4169,154800
sample,zmq,4170,152600
sample,zmq,4171,165300
sample,zmq,4172,177800
sample,zmq,4173,219700
sample,zmq,4174,181200
sample,zmq,4175,190500
sample,zmq,4176,166500
sample,zmq,4177,172400
sample,zmq,4178,180800
sample,zmq,4179,169000
sample,zmq,4180,168900
sample,zmq,4181,170000
sample,zmq,4182,151800
sample,zmq,4183,184300
sample,zmq,4184,164700
sample,zmq,4185,159600
sample,zmq,4186,152100
sample,zmq,4187,172700
sample,zmq,4188,184700
sample,zmq,4189,144400
sample,zmq,4190,184500
sample,zmq,4191,185200
sample,zmq,4192,172500
sample,zmq,4193,149000
sample,zmq,4194,197000
sample,zmq,4195,310000
sample,zmq,4196,182300
sample,zmq,4197,193800
sample,zmq,4198,228800
sample,zmq,4199,166200
sample,zmq,4200,173900
sample,zmq,4201,152700
sample,zmq,4202,179800
sample,zmq,4203,182400
sample,zmq,4204,170000
sample,zmq,4205,169900
sample,zmq,4206,167600
sample,zmq,4207,166100
sample,zmq,4208,163500
sample,zmq,4209,163600
sample,zmq,4210,193400
sample,zmq,4211,171400
sample,zmq,4212,153200
sample,zmq,4213,152600
sample,zmq,4214,183100
sample,zmq,4215,175500
sample,zmq,4216,181100
sample,zmq,4217,162700
sample,zmq,4218,187000
sample,zmq,4219,149500
sample,zmq,4220,185100
sample,zmq,4221,169100
sample,zmq,4222,147500
sample,zmq,4223,146100
sample,zmq,4224,163100
sample,zmq,4225,194100
sample,zmq,4226,191600
sample,zmq,4227,169800
sample,zmq,4228,165800
sample,zmq,4229,184300
sample,zmq,4230,201300
sample,zmq,4231,157500
sample,zmq,4232,164100
sample,zmq,4233,184300
sample,zmq,4234,200700
sample,zmq,4235,182300
sample,zmq,4236,137600
sample,zmq,4237,150600
sample,zmq,4238,279600
sample,zmq,4239,214400
sample,zmq,4240,173500
sample,zmq,4241,177600
sample,zmq,4242,155500
sample,zmq,4243,170200
sample,zmq,4244,157000
sample,zmq,4245,173500
sample,zmq,4246,174700
sample,zmq,4247,153100
sample,zmq,4248,149800
sample,zmq,4249,147700
sample,zmq,4250,189500
sample,zmq,4251,178200
sample,zmq,4252,143000
sample,zmq,4253,153000
sample,zmq,4254,163700
sample,zmq,4255,199700
sample,zmq,4256,176700
sample,zmq,4257,199100
sample,zmq,4258,175300
sample,zmq,4259,168300
sample,zmq,4260,191300
sample,zmq,4261,188300
sample,zmq,4262,170700
sample,zmq,4263,164700
sample,zmq,4264,174100
sample,zmq,4265,167500
sample,zmq,4266,178700
sample,zmq,4267,172200
sample,zmq,4268,206600
sample,zmq,4269,354900
sample,zmq,4270,183400
sample,zmq,4271,179600
sample,zmq,4272,189100
sample,zmq,4273,189900
sample,zmq,4274,169600
sample,zmq,4275,165200
sample,zmq,4276,179300
sample,zmq,4277,178600
sample,zmq,4278,150400
sample,zmq,4279,169100
sample,zmq,4280,211200
sample,zmq,4281,158600
sample,zmq,4282,195500
sample,zmq,4283,145300
sample,zmq,4284,146500
sample,zmq,4285,169500
sample,zmq,4286,150700
sample,zmq,4287,180200
sample,zmq,4288,171900
sample,zmq,4289,172500
sample,zmq,4290,162300
sample,zmq,4291,177100
sample,zmq,4292,184100
sample,zmq,4293,158900
sample,zmq,4294,152800
sample,zmq,4295,199700
sample,zmq,4296,212900
sample,zmq,4297,192700
sample,zmq,4298,183500
sample,zmq,4299,170000
sample,zmq,4300,175000
sample,zmq,4301,120500
sample,zmq,4302,152900
sample,zmq,4303,170700
sample,zmq,4304,160000
sample,zmq,4305,162300
sample,zmq,4306,153100
sample,zmq,4307,137800
sample,zmq,4308,169200
sample,zmq,4309,224700
sample,zmq,4310,362300
sample,zmq,4311,175000
sample,zmq,4312,202700
sample,zmq,4313,357900
sample,zmq,4314,143900
sample,zmq,4315,143100
sample,zmq,4316,178400
sample,zmq,4317,138800
sample,zmq,4318,152600
sample,zmq,4319,144600
sample,zmq,4320,250900
sample,zmq,4321,226500
sample,zmq,4322,229200
sample,zmq,4323,166500
sample,zmq,4324,164000
sample,zmq,4325,193800
sample,zmq,4326,225000
sample,zmq,4327,170300
sample,zmq,4328,151400
sample,zmq,4329,153200
sample,zmq,4330,173400
sample,zmq,4331,178300
sample,zmq,4332,214800
sample,zmq,4333,190300
sample,zmq,4334,168200
sample,zmq,4335,180900
sample,zmq,4336,185300
sample,zmq,4337,177900
sample,zmq,4338,161300
sample,zmq,4339,166900
sample,zmq,4340,157500
sample,zmq,4341,164200
sample,zmq,4342,157600
sample,zmq,4343,227900
sample,zmq,4344,199800
sample,zmq,4345,220000
sample,zmq,4346,294900
sample,zmq,4347,166500
sample,zmq,4348,154200
sample,zmq,4349,155800
sample,zmq,4350,156800
sample,zmq,4351,175000
sample,zmq,4352,158200
sample,zmq,4353,160400
sample,zmq,4354,164900
sample,zmq,4355,192600
sample,zmq,4356,146100
sample,zmq,4357,162600
sample,zmq,4358,161000
sample,zmq,4359,197100
sample,zmq,4360,242600
sample,zmq,4361,230900
sample,zmq,4362,200900
sample,zmq,4363,169800
sample,zmq,4364,164700
sample,zmq,4365,185100
sample,zmq,4366,173000
sample,zmq,4367,157500
sample,zmq,4368,216900
sample,zmq,4369,193900
sample,zmq,4370,156200
sample,zmq,4371,178000
sample,zmq,4372,173800
sample,zmq,4373,151700
sample,zmq,4374,222000
sample,zmq,4375,218900
sample,zmq,4376,196600
sample,zmq,4377,155600
sample,zmq,4378,150200
sample,zmq,4379,173400
sample,zmq,4380,226600
sample,zmq,4381,341800
sample,zmq,4382,204500
sample,zmq,4383,209100
sample,zmq,4384,176100
sample,zmq,4385,162400
sample,zmq,4386,148200
sample,zmq,4387,174500
sample,zmq,4388,178100
sample,zmq,4389,161900
sample,zmq,4390,176100
sample,zmq,4391,167500
sample,zmq,4392,146800
sample,zmq,4393,140500
sample,zmq,4394,139200
sample,zmq,4395,137500
sample,zmq,4396,134700
sample,zmq,4397,136300
sample,zmq,4398,141600
sample,zmq,4399,141100
sample,zmq,4400,227900
sample,zmq,4401,235000
sample,zmq,4402,149900
sample,zmq,4403,154900
sample,zmq,4404,161000
sample,zmq,4405,165900
sample,zmq,4406,153100
sample,zmq,4407,150300
sample,zmq,4408,147200
sample,zmq,4409,137000
sample,zmq,4410,161800
sample,zmq,4411,142900
sample,zmq,4412,193500
sample,zmq,4413,147200
sample,zmq,4414,172500
sample,zmq,4415,200500
sample,zmq,4416,182700
sample,zmq,4417,247000
sample,zmq,4418,179100
sample,zmq,4419,206800
sample,zmq,4420,139600
sample,zmq,4421,161400
sample,zmq,4422,150800
sample,zmq,4423,148800
sample,zmq,4424,129400
sample,zmq,4425,158700
sample,zmq,4426,136400
sample,zmq,4427,153000
sample,zmq,4428,129500
sample,zmq,4429,148700
sample,zmq,4430,146700
sample,zmq,4431,161200
sample,zmq,4432,238800
sample,zmq,4433,156400
sample,zmq,4434,167500
sample,zmq,4435,147700
sample,zmq,4436,171500
sample,zmq,4437,130400
sample,zmq,4438,139300
sample,zmq,4439,314200
sample,zmq,4440,159900
sample,zmq,4441,210400
sample,zmq,4442,169200
sample,zmq,4443,157000
sample,zmq,4444,189000
sample,zmq,4445,122900
sample,zmq,4446,129800
sample,zmq,4447,159400
sample,zmq,4448,132500
sample,zmq,4449,242600
sample,zmq,4450,164800
sample,zmq,4451,194700
sample,zmq,4452,163000
sample,zmq,4453,132400
sample,zmq,4454,129800
sample,zmq,4455,131500
sample,zmq,4456,127700
sample,zmq,4457,105100
sample,zmq,4458,127600
sample,zmq,4459,386800
sample,zmq,4460,360700
sample,zmq,4461,166200
sample,zmq,4462,151600
sample,zmq,4463,193100
sample,zmq,4464,327600
sample,zmq,4465,467000
sample,zmq,4466,912600
sample,zmq,4467,634400
sample,zmq,4468,460600
sample,zmq,4469,339600
sample,zmq,4470,181900
sample,zmq,4471,196400
sample,zmq,4472,295400
sample,zmq,4473,216800
sample,zmq,4474,223100
sample,zmq,4475,294500
sample,zmq,4476,199200
sample,zmq,4477,229800
sample,zmq,4478,139100
sample,zmq,4479,174900
sample,zmq,4480,197200
sample,zmq,4481,162700
sample,zmq,4482,222000
sample,zmq,4483,168800
sample,zmq,4484,180600
sample,zmq,4485,169500
sample,zmq,4486,190900
sample,zmq,4487,182800
sample,zmq,4488,170300
sample,zmq,4489,199200
sample,zmq,4490,163100
sample,zmq,4491,176600
sample,zmq,4492,481100
sample,zmq,4493,186100
sample,zmq,4494,160100
sample,zmq,4495,186100
sample,zmq,4496,172100
sample,zmq,4497,176500
sample,zmq,4498,260100
sample,zmq,4499,167200
sample,zmq,4500,143000
sample,zmq,4501,151100
sample,zmq,4502,183000
sample,zmq,4503,305900
sample,zmq,4504,174300
sample,zmq,4505,145400
sample,zmq,4506,155700
sample,zmq,4507,164700
sample,zmq,4508,161400
sample,zmq,4509,612400
sample,zmq,4510,170300
sample,zmq,4511,148000
sample,zmq,4512,148900
sample,zmq,4513,132200
sample,zmq,4514,146400
sample,zmq,4515,193000
sample,zmq,4516,191800
sample,zmq,4517,162300
sample,zmq,4518,198900
sample,zmq,4519,143100
sample,zmq,4520,177500
sample,zmq,4521,182800
sample,zmq,4522,188700
sample,zmq,4523,169300
sample,zmq,4524,166800
sample,zmq,4525,205000
sample,zmq,4526,179500
sample,zmq,4527,183100
sample,zmq,4528,167400
sample,zmq,4529,167500
sample,zmq,4530,182400
sample,zmq,4531,156000
sample,zmq,4532,171300
sample,zmq,4533,163200
sample,zmq,4534,149900
sample,zmq,4535,205000
sample,zmq,4536,210100
sample,zmq,4537,211100
sample,zmq,4538,373300
sample,zmq,4539,191300
sample,zmq,4540,159300
sample,zmq,4541,206000
sample,zmq,4542,166000
sample,zmq,4543,169800
sample,zmq,4544,155400
sample,zmq,4545,203500
sample,zmq,4546,156300
sample,zmq,4547,174500
sample,zmq,4548,165100
sample,zmq,4549,196000
sample,zmq,4550,153100
sample,zmq,4551,141600
sample,zmq,4552,174700
sample,zmq,4553,169600
sample,zmq,4554,162500
sample,zmq,4555,194800
sample,zmq,4556,165500
sample,zmq,4557,151600
sample,zmq,4558,295900
sample,zmq,4559,167300
sample,zmq,4560,151700
sample,zmq,4561,148700
sample,zmq,4562,220200
sample,zmq,4563,146900
sample,zmq,4564,196900
sample,zmq,4565,159700
sample,zmq,4566,144700
sample,zmq,4567,182200
sample,zmq,4568,181700
sample,zmq,4569,170100
sample,zmq,4570,160300
sample,zmq,4571,175000
sample,zmq,4572,173400
sample,zmq,4573,170900
sample,zmq,4574,169100
sample,zmq,4575,183700
sample,zmq,4576,163300
sample,zmq,4577,197900
sample,zmq,4578,229800
sample,zmq,4579,231600
sample,zmq,4580,179100
sample,zmq,4581,292400
sample,zmq,4582,197700
sample,zmq,4583,183100
sample,zmq,4584,192000
sample,zmq,4585,183300
sample,zmq,4586,185800
sample,zmq,4587,156400
sample,zmq,4588,172700
sample,zmq,4589,162600
sample,zmq,4590,154600
sample,zmq,4591,182200
sample,zmq,4592,171200
sample,zmq,4593,171700
sample,zmq,4594,151800
sample,zmq,4595,172000
sample,zmq,4596,155700
sample,zmq,4597,170900
sample,zmq,4598,180100
sample,zmq,4599,178300
sample,zmq,4600,170400
sample,zmq,4601,159700
sample,zmq,4602,152100
sample,zmq,4603,168400
sample,zmq,4604,163200
sample,zmq,4605,134800
sample,zmq,4606,159900
sample,zmq,4607,165600
sample,zmq,4608,274900
sample,zmq,4609,335800
sample,zmq,4610,179500
sample,zmq,4611,187600
sample,zmq,4612,167300
sample,zmq,4613,166900
sample,zmq,4614,153200
sample,zmq,4615,191900
sample,zmq,4616,174400
sample,zmq,4617,165600
sample,zmq,4618,167800
sample,zmq,4619,162000
sample,zmq,4620,154500
sample,zmq,4621,150900
sample,zmq,4622,171100
sample,zmq,4623,175400
sample,zmq,4624,185400
sample,zmq,4625,183800
sample,zmq,4626,173500
sample,zmq,4627,174000
sample,zmq,4628,160300
sample,zmq,4629,141000
sample,zmq,4630,154600
sample,zmq,4631,178700
sample,zmq,4632,164600
sample,zmq,4633,151200
sample,zmq,4634,188700
sample,zmq,4635,239600
sample,zmq,4636,187500
sample,zmq,4637,167700
sample,zmq,4638,121900
sample,zmq,4639,192100
sample,zmq,4640,133100
sample,zmq,4641,195100
sample,zmq,4642,151500
sample,zmq,4643,191000
sample,zmq,4644,169700
sample,zmq,4645,168600
sample,zmq,4646,168500
sample,zmq,4647,720000
sample,zmq,4648,324800
sample,zmq,4649,250400
sample,zmq,4650,162200
sample,zmq,4651,173200
sample,zmq,4652,190600
sample,zmq,4653,179300
sample,zmq,4654,181600
sample,zmq,4655,169500
sample,zmq,4656,151000
sample,zmq,4657,164300
sample,zmq,4658,178800
sample,zmq,4659,187400
sample,zmq,4660,194000
sample,zmq,4661,219300
sample,zmq,4662,183100
sample,zmq,4663,174000
sample,zmq,4664,181000
sample,zmq,4665,169700
sample,zmq,4666,145700
sample,zmq,4667,164600
sample,zmq,4668,159600
sample,zmq,4669,186200
sample,zmq,4670,176300
sample,zmq,4671,183300
sample,zmq,4672,165500
sample,zmq,4673,180300
sample,zmq,4674,164800
sample,zmq,4675,166300
sample,zmq,4676,225800
sample,zmq,4677,208000
sample,zmq,4678,254400
sample,zmq,4679,201800
sample,zmq,4680,199000
sample,zmq,4681,174600
sample,zmq,4682,196000
sample,zmq,4683,193000
sample,zmq,4684,178000
sample,zmq,4685,162500
sample,zmq,4686,174600
sample,zmq,4687,163900
sample,zmq,4688,152400
sample,zmq,4689,113500
sample,zmq,4690,172700
sample,zmq,4691,175800
sample,zmq,4692,162300
sample,zmq,4693,197800
sample,zmq,4694,170800
sample,zmq,4695,224100
sample,zmq,4696,183100
sample,zmq,4697,163800
sample,zmq,4698,174000
sample,zmq,4699,167100
sample,zmq,4700,202100
sample,zmq,4701,184700
sample,zmq,4702,223400
sample,zmq,4703,185300
sample,zmq,4704,158000
sample,zmq,4705,160200
sample,zmq,4706,169200
sample,zmq,4707,151100
sample,zmq,4708,201300
sample,zmq,4709,188300
sample,zmq,4710,165900
sample,zmq,4711,160000
sample,zmq,4712,176600
sample,zmq,4713,187600
sample,zmq,4714,159100
sample,zmq,4715,149100
sample,zmq,4716,167900
sample,zmq,4717,186100
sample,zmq,4718,144600
sample,zmq,4719,160200
sample,zmq,4720,338000
sample,zmq,4721,193700
sample,zmq,4722,175600
sample,zmq,4723,146100
sample,zmq,4724,147100
sample,zmq,4725,178900
sample,zmq,4726,211200
sample,zmq,4727,161100
sample,zmq,4728,212200
sample,zmq,4729,172400
sample,zmq,4730,167900
sample,zmq,4731,195600
sample,zmq,4732,173300
sample,zmq,4733,173500
sample,zmq,4734,155600
sample,zmq,4735,155400
sample,zmq,4736,169500
sample,zmq,4737,147600
sample,zmq,4738,144900
sample,zmq,4739,154000
sample,zmq,4740,171000
sample,zmq,4741,198600
sample,zmq,4742,228200
sample,zmq,4743,159600
sample,zmq,4744,178100
sample,zmq,4745,161600
sample,zmq,4746,171600
sample,zmq,4747,191900
sample,zmq,4748,194900
sample,zmq,4749,194000
sample,zmq,4750,180700
sample,zmq,4751,173200
sample,zmq,4752,183300
sample,zmq,4753,173400
sample,zmq,4754,207400
sample,zmq,4755,306600
sample,zmq,4756,241700
sample,zmq,4757,170600
sample,zmq,4758,162600
sample,zmq,4759,126700
sample,zmq,4760,175200
sample,zmq,4761,192400
sample,zmq,4762,184800
sample,zmq,4763,163400
sample,zmq,4764,172100
sample,zmq,4765,210500
sample,zmq,4766,202800
sample,zmq,4767,171000
sample,zmq,4768,167300
sample,zmq,4769,167400
sample,zmq,4770,157900
sample,zmq,4771,165800
sample,zmq,4772,204800
sample,zmq,4773,217800
sample,zmq,4774,160400
sample,zmq,4775,163400
sample,zmq,4776,158600
sample,zmq,4777,176900
sample,zmq,4778,169100
sample,zmq,4779,157500
sample,zmq,4780,182100
sample,zmq,4781,225000
sample,zmq,4782,216900
sample,zmq,4783,176400
sample,zmq,4784,182900
sample,zmq,4785,158100
sample,zmq,4786,179700
sample,zmq,4787,152900
sample,zmq,4788,158300
sample,zmq,4789,184100
sample,zmq,4790,206600
sample,zmq,4791,648000
sample,zmq,4792,179000
sample,zmq,4793,132600
sample,zmq,4794,485200
sample,zmq,4795,199400
sample,zmq,4796,346600
sample,zmq,4797,179500
sample,zmq,4798,185500
sample,zmq,4799,352500
sample,zmq,4800,180800
sample,zmq,4801,158500
sample,zmq,4802,151200
sample,zmq,4803,143800
sample,zmq,4804,149400
sample,zmq,4805,170500
sample,zmq,4806,166400
sample,zmq,4807,227400
sample,zmq,4808,191500
sample,zmq,4809,178800
sample,zmq,4810,180400
sample,zmq,4811,174300
sample,zmq,4812,100900
sample,zmq,4813,116100
sample,zmq,4814,177300
sample,zmq,4815,165600
sample,zmq,4816,173500
sample,zmq,4817,192800
sample,zmq,4818,158500
sample,zmq,4819,200900
sample,zmq,4820,161300
sample,zmq,4821,164000
sample,zmq,4822,181000
sample,zmq,4823,177200
sample,zmq,4824,234700
sample,zmq,4825,166800
sample,zmq,4826,151600
sample,zmq,4827,161000
sample,zmq,4828,190500
sample,zmq,4829,214100
sample,zmq,4830,161300
sample,zmq,4831,171000
sample,zmq,4832,157900
sample,zmq,4833,140800
sample,zmq,4834,158600
sample,zmq,4835,176800
sample,zmq,4836,199400
sample,zmq,4837,170900
sample,zmq,4838,192300
sample,zmq,4839,183000
sample,zmq,4840,167300
sample,zmq,4841,184700
sample,zmq,4842,167700
sample,zmq,4843,175600
sample,zmq,4844,173500
sample,zmq,4845,152100
sample,zmq,4846,163700
sample,zmq,4847,177400
sample,zmq,4848,169800
sample,zmq,4849,167200
sample,zmq,4850,154700
sample,zmq,4851,153600
sample,zmq,4852,150400
sample,zmq,4853,123300
sample,zmq,4854,117400
sample,zmq,4855,171100
sample,zmq,4856,189800
sample,zmq,4857,174700
sample,zmq,4858,205700
sample,zmq,4859,171500
sample,zmq,4860,190500
sample,zmq,4861,163800
sample,zmq,4862,599700
sample,zmq,4863,276300
sample,zmq,4864,194500
sample,zmq,4865,191300
sample,zmq,4866,160200
sample,zmq,4867,192100
sample,zmq,4868,172900
sample,zmq,4869,167600
sample,zmq,4870,128300
sample,zmq,4871,147300
sample,zmq,4872,140600
sample,zmq,4873,176000
sample,zmq,4874,209600
sample,zmq,4875,146300
sample,zmq,4876,146800
sample,zmq,4877,150400
sample,zmq,4878,188500
sample,zmq,4879,171200
sample,zmq,4880,208000
sample,zmq,4881,153900
sample,zmq,4882,182200
sample,zmq,4883,162100
sample,zmq,4884,169200
sample,zmq,4885,128600
sample,zmq,4886,158700
sample,zmq,4887,180100
sample,zmq,4888,180500
sample,zmq,4889,153100
sample,zmq,4890,153000
sample,zmq,4891,171500
sample,zmq,4892,148500
sample,zmq,4893,190400
sample,zmq,4894,258500
sample,zmq,4895,516700
sample,zmq,4896,1467900
sample,zmq,4897,965800
sample,zmq,4898,369900
sample,zmq,4899,213500
sample,zmq,4900,396300

section,path,count,p50_ns,p95_ns,p99_ns,mean_ns
SUMMARY,shm,4900,76400,133705,242417,87657.29
SUMMARY,zmq,4900,168500,292020,634408,191937.41

COMPARE,zmq_p50_over_shm_p50,,2.2055,,,
