,market,trade,WINFUT,100000,1,,,,,,,,
,market,trade,WINFUT,100005,1,,,,,,,,
,market,trade,WINFUT,100010,1,,,,,,,,
,market,trade,WINFUT,100000,1,,,,,,,,
,market,trade,WINFUT,100005,1,,,,,,,,
,market,trade,WINFUT,100010,1,,,,,,,,
,market,trade,WINFUT,100000,1,,,,,,,,
,market,trade,WINFUT,100005,1,,,,,,,,
,market,trade,WINFUT,100010,1,,,,,,,,
,market,trade,WINFUT,100000,1,,,,,,,,
,market,trade,WINFUT,100005,1,,,,,,,,
,market,trade,WINFUT,100010,1,,,,,,,,
,market,trade,WINFUT,100000,1,,,,,,,,
,market,trade,WINFUT,100005,1,,,,,,,,
,market,trade,WINFUT,100010,1,,,,,,,,
,market,trade,WINFUT,100000,1,,,,,,,,
,market,trade,WINFUT,100005,1,,,,,,,,
,market,trade,WINFUT,100010,1,,,,,,,,
,market,trade,WINFUT,100000,1,,,,,,,,
,market,trade,WINFUT,100005,1,,,,,,,,
,market,trade,WINFUT,100010,1,,,,,,,,
,market,trade,WINFUT,100000,1,,,,,,,,
,market,trade,WINFUT,100005,1,,,,,,,,
,market,trade,WINFUT,100010,1,,,,,,,,
,market,trade,WINFUT,100000,1,,,,,,,,
,market,trade,WINFUT,100005,1,,,,,,,,
,market,trade,WINFUT,100010,1,,,,,,,,
,market,trade,WINFUT,100000,1,,,,,,,,
,market,trade,WINFUT,100005,1,,,,,,,,
,market,trade,WINFUT,100010,1,,,,,,,,
,market,trade,WINFUT,100000,1,,,,,,,,
,market,trade,WINFUT,100005,1,,,,,,,,
,market,trade,WINFUT,100010,1,,,,,,,,
,market,trade,WINFUT,100000,1,,,,,,,,
,market,trade,WINFUT,100005,1,,,,,,,,
,market,trade,WINFUT,100000,1,,,,,,,,
,market,trade,WINFUT,100000,1,,,,,,,,
,market,trade,WINFUT,100000,1,,,,,,,,
,market,trade,WINFUT,100000,1,,,,,,,,
,market,trade,WINFUT,100000,1,,,,,,,,
,market,trade,WINFUT,100000,1,,,,,,,,
,market,trade,WINFUT,100000,1,,,,,,,,
,market,trade,WINFUT,100000,1,,,,,,,,
,market,trade,WINFUT,100000,1,,,,,,,,
,market,trade,WINFUT,100000,1,,,,,,,,
,market,trade,WINFUT,100000,1,,,,,,,,
,market,trade,WINFUT,100000,1,,,,,,,,
,market,trade,WINFUT,100000,1,,,,,,,,
,market,trade,WINFUT,100000,1,,,,,,,,
,market,trade,WINFUT,100000,1,,,,,,,,
,market,trade,WINFUT,100000,1,,,,,,,,
,market,trade,WINFUT,100000,1,,,,,,,,
,market,trade,WINFUT,100000,1,,,,,,,,
,market,trade,WINFUT,100000,1,,,,,,,,
,market,trade,WINFUT,100000,1,,,,,,,,
,market,trade,WINFUT,100000,1,,,,,,,,
,market,trade,WINFUT,100000,1,,,,,,,,
,market,trade,WINFUT,100000,1,,,,,,,,
,market,trade,WINFUT,100000,1,,,,,,,,
,market,trade,WINFUT,100000,1,,,,,,,,
ts,topic,type,ticker,price,qty,agent,rule,label,buy_agent,sell_agent,previous_delta,current_delta,agent_name
,alert,test_alert,,,,,,,,,,,
,market,trade,WINFUT,100000,1,,,,,,,,
,market,trade,WINFUT,100005,1,,,,,,,,
,market,trade,WINFUT,100010,1,,,,,,,,
,market,trade,WINFUT,100000,1,,,,,,,,
,market,trade,WINFUT,100005,1,,,,,,,,
,market,trade,WINFUT,100010,1,,,,,,,,
,market,trade,WINFUT,100000,1,,,,,,,,
,market,trade,WINFUT,100005,1,,,,,,,,
,market,trade,WINFUT,100010,1,,,,,,,,
,market,trade,WINFUT,100000,1,,,,,,,,
,market,trade,WINFUT,100005,1,,,,,,,,
,market,trade,WINFUT,100010,1,,,,,,,,
,market,trade,WINFUT,100000,1,,,,,,,,
,market,trade,WINFUT,100005,1,,,,,,,,
,market,trade,WINFUT,100010,1,,,,,,,,
,market,trade,WINFUT,100000,1,,,,,,,,
,market,trade,WINFUT,100005,1,,,,,,,,
,market,trade,WINFUT,100010,1,,,,,,,,
,market,trade,WINFUT,100000,1,,,,,,,,
,market,trade,WINFUT,100005,1,,,,,,,,
,market,trade,WINFUT,100010,1,,,,,,,,
,market,trade,WINFUT,100000,1,,,,,,,,
,market,trade,WINFUT,100005,1,,,,,,,,
,market,trade,WINFUT,100010,1,,,,,,,,
,market,trade,WINFUT,100000,1,,,,,,,,
,market,trade,WINFUT,100005,1,,,,,,,,
,market,trade,WINFUT,100010,1,,,,,,,,
,market,trade,WINFUT,100000,1,,,,,,,,
,market,trade,WINFUT,100005,1,,,,,,,,
,market,trade,WINFUT,100010,1,,,,,,,,
,market,trade,WINFUT,100000,1,,,,,,,,
,market,trade,WINFUT,100005,1,,,,,,,,
,market,trade,WINFUT,100010,1,,,,,,,,
,market,trade,WINFUT,100000,1,,,,,,,,
,market,trade,WINFUT,100005,1,,,,,,,,
,market,trade,WINFUT,100000,1,,,,,,,,
,market,trade,WINFUT,100000,1,,,,,,,,
,market,trade,WINFUT,100000,1,,,,,,,,
,market,trade,WINFUT,100000,1,,,,,,,,
,market,trade,WINFUT,100000,1,,,,,,,,
,market,trade,WINFUT,100000,1,,,,,,,,
,market,trade,WINFUT,100000,1,,,,,,,,
,market,trade,WINFUT,100000,1,,,,,,,,
,market,trade,WINFUT,100000,1,,,,,,,,
,market,trade,WINFUT,100000,1,,,,,,,,
,market,trade,WINFUT,100000,1,,,,,,,,
,market,trade,WINFUT,100000,1,,,,,,,,
,market,trade,WINFUT,100000,1,,,,,,,,
,market,trade,WINFUT,100000,1,,,,,,,,
,market,trade,WINFUT,100000,1,,,,,,,,
,market,trade,WINFUT,100000,1,,,,,,,,
,market,trade,WINFUT,100000,1,,,,,,,,
,market,trade,WINFUT,100000,1,,,,,,,,
,market,trade,WINFUT,100000,1,,,,,,,,
,market,trade,WINFUT,100000,1,,,,,,,,
,market,trade,WINFUT,100000,1,,,,,,,,
,market,trade,WINFUT,100000,1,,,,,,,,
,market,trade,WINFUT,100000,1,,,,,,,,
,market,trade,WINFUT,100000,1,,,,,,,,
,market,trade,WINFUT,100000,1,,,,,,,,
,alert,test_alert,,,,,,,,,,,
,market,trade,WINFUT,100000,1,,,,,,,,
,market,trade,WINFUT,100005,1,,,,,,,,
,market,trade,WINFUT,100010,1,,,,,,,,
,market,trade,WINFUT,100000,1,,,,,,,,
,market,trade,WINFUT,100005,1,,,,,,,,
,market,trade,WINFUT,100010,1,,,,,,,,
,market,trade,WINFUT,100000,1,,,,,,,,
,market,trade,WINFUT,100005,1,,,,,,,,
,market,trade,WINFUT,100010,1,,,,,,,,
,market,trade,WINFUT,100000,1,,,,,,,,
,market,trade,WINFUT,100005,1,,,,,,,,
,market,trade,WINFUT,100010,1,,,,,,,,
,market,trade,WINFUT,100000,1,,,,,,,,
,market,trade,WINFUT,100005,1,,,,,,,,
,market,trade,WINFUT,100010,1,,,,,,,,
,market,trade,WINFUT,100000,1,,,,,,,,
,market,trade,WINFUT,100005,1,,,,,,,,
,market,trade,WINFUT,100010,1,,,,,,,,
,market,trade,WINFUT,100000,1,,,,,,,,
,market,trade,WINFUT,100005,1,,,,,,,,
,market,trade,WINFUT,100010,1,,,,,,,,
,market,trade,WINFUT,100000,1,,,,,,,,
,market,trade,WINFUT,100005,1,,,,,,,,
,market,trade,WINFUT,100010,1,,,,,,,,
,market,trade,WINFUT,100000,1,,,,,,,,
,market,trade,WINFUT,100005,1,,,,,,,,
,market,trade,WINFUT,100010,1,,,,,,,,
,market,trade,WINFUT,100000,1,,,,,,,,
,market,trade,WINFUT,100005,1,,,,,,,,
,market,trade,WINFUT,100010,1,,,,,,,,
,market,trade,WINFUT,100000,1,,,,,,,,
,market,trade,WINFUT,100005,1,,,,,,,,
,market,trade,WINFUT,100010,1,,,,,,,,
,market,trade,WINFUT,100000,1,,,,,,,,
,market,trade,WINFUT,100005,1,,,,,,,,
,market,trade,WINFUT,100000,1,,,,,,,,
,market,trade,WINFUT,100000,1,,,,,,,,
,market,trade,WINFUT,100000,1,,,,,,,,
,market,trade,WINFUT,100000,1,,,,,,,,
,market,trade,WINFUT,100000,1,,,,,,,,
,market,trade,WINFUT,100000,1,,,,,,,,
,market,trade,WINFUT,100000,1,,,,,,,,
,market,trade,WINFUT,100000,1,,,,,,,,
,market,trade,WINFUT,100000,1,,,,,,,,
,market,trade,WINFUT,100000,1,,,,,,,,
,market,trade,WINFUT,100000,1,,,,,,,,
,market,trade,WINFUT,100000,1,,,,,,,,
,market,trade,WINFUT,100000,1,,,,,,,,
,market,trade,WINFUT,100000,1,,,,,,,,
,market,trade,WINFUT,100000,1,,,,,,,,
,market,trade,WINFUT,100000,1,,,,,,,,
,market,trade,WINFUT,100000,1,,,,,,,,
,market,trade,WINFUT,100000,1,,,,,,,,
,market,trade,WINFUT,100000,1,,,,,,,,
,market,trade,WINFUT,100000,1,,,,,,,,
,market,trade,WINFUT,100000,1,,,,,,,,
,market,trade,WINFUT,100000,1,,,,,,,,
,market,trade,WINFUT,100000,1,,,,,,,,
,market,trade,WINFUT,100000,1,,,,,,,,
,market,trade,WINFUT,100000,1,,,,,,,,
,alert,test_alert,,,,,,,,,,,
,market,trade,WINFUT,100000,1,,,,,,,,
,market,trade,WINFUT,100005,1,,,,,,,,
,market,trade,WINFUT,100010,1,,,,,,,,
,market,trade,WINFUT,100000,1,,,,,,,,
,market,trade,WINFUT,100005,1,,,,,,,,
,market,trade,WINFUT,100010,1,,,,,,,,
,market,trade,WINFUT,100000,1,,,,,,,,
,market,trade,WINFUT,100005,1,,,,,,,,
,market,trade,WINFUT,100010,1,,,,,,,,
,market,trade,WINFUT,100000,1,,,,,,,,
,market,trade,WINFUT,100005,1,,,,,,,,
,market,trade,WINFUT,100010,1,,,,,,,,
,market,trade,WINFUT,100000,1,,,,,,,,
,market,trade,WINFUT,100005,1,,,,,,,,
,market,trade,WINFUT,100010,1,,,,,,,,
,market,trade,WINFUT,100000,1,,,,,,,,
,market,trade,WINFUT,100005,1,,,,,,,,
,market,trade,WINFUT,100010,1,,,,,,,,
,market,trade,WINFUT,100000,1,,,,,,,,
,market,trade,WINFUT,100005,1,,,,,,,,
,market,trade,WINFUT,100010,1,,,,,,,,
,market,trade,WINFUT,100000,1,,,,,,,,
,market,trade,WINFUT,100005,1,,,,,,,,
,market,trade,WINFUT,100010,1,,,,,,,,
,market,trade,WINFUT,100000,1,,,,,,,,
,market,trade,WINFUT,100005,1,,,,,,,,
,market,trade,WINFUT,100010,1,,,,,,,,
,market,trade,WINFUT,100000,1,,,,,,,,
,market,trade,WINFUT,100005,1,,,,,,,,
,market,trade,WINFUT,100010,1,,,,,,,,
,market,trade,WINFUT,100000,1,,,,,,,,
,market,trade,WINFUT,100005,1,,,,,,,,
,market,trade,WINFUT,100010,1,,,,,,,,
,market,trade,WINFUT,100000,1,,,,,,,,
,market,trade,WINFUT,100005,1,,,,,,,,
,market,trade,WINFUT,100000,1,,,,,,,,
,market,trade,WINFUT,100000,1,,,,,,,,
,market,trade,WINFUT,100000,1,,,,,,,,
,market,trade,WINFUT,100000,1,,,,,,,,
,market,trade,WINFUT,100000,1,,,,,,,,
,market,trade,WINFUT,100000,1,,,,,,,,
,market,trade,WINFUT,100000,1,,,,,,,,
,market,trade,WINFUT,100000,1,,,,,,,,
,market,trade,WINFUT,100000,1,,,,,,,,
,market,trade,WINFUT,100000,1,,,,,,,,
,market,trade,WINFUT,100000,1,,,,,,,,
,market,trade,WINFUT,100000,1,,,,,,,,
,market,trade,WINFUT,100000,1,,,,,,,,
,market,trade,WINFUT,100000,1,,,,,,,,
,market,trade,WINFUT,100000,1,,,,,,,,
,market,trade,WINFUT,100000,1,,,,,,,,
,market,trade,WINFUT,100000,1,,,,,,,,
,market,trade,WINFUT,100000,1,,,,,,,,
,market,trade,WINFUT,100000,1,,,,,,,,
,market,trade,WINFUT,100000,1,,,,,,,,
,market,trade,WINFUT,100000,1,,,,,,,,
,market,trade,WINFUT,100000,1,,,,,,,,
,market,trade,WINFUT,100000,1,,,,,,,,
,market,trade,WINFUT,100000,1,,,,,,,,
,market,trade,WINFUT,100000,1,,,,,,,,
,alert,test_alert,,,,,,,,,,,
,market,trade,WINFUT,100000,1,,,,,,,,
,market,trade,WINFUT,100005,1,,,,,,,,
,market,trade,WINFUT,100010,1,,,,,,,,
,market,trade,WINFUT,100000,1,,,,,,,,
,market,trade,WINFUT,100005,1,,,,,,,,
,market,trade,WINFUT,100010,1,,,,,,,,
,market,trade,WINFUT,100000,1,,,,,,,,
,market,trade,WINFUT,100005,1,,,,,,,,
,market,trade,WINFUT,100010,1,,,,,,,,
,market,trade,WINFUT,100000,1,,,,,,,,
,market,trade,WINFUT,100005,1,,,,,,,,
,market,trade,WINFUT,100010,1,,,,,,,,
,market,trade,WINFUT,100000,1,,,,,,,,
,market,trade,WINFUT,100005,1,,,,,,,,
,market,trade,WINFUT,100010,1,,,,,,,,
,market,trade,WINFUT,100000,1,,,,,,,,
,market,trade,WINFUT,100005,1,,,,,,,,
,market,trade,WINFUT,100010,1,,,,,,,,
,market,trade,WINFUT,100000,1,,,,,,,,
,market,trade,WINFUT,100005,1,,,,,,,,
,market,trade,WINFUT,100010,1,,,,,,,,
,market,trade,WINFUT,100000,1,,,,,,,,
,market,trade,WINFUT,100005,1,,,,,,,,
,market,trade,WINFUT,100010,1,,,,,,,,
,market,trade,WINFUT,100000,1,,,,,,,,
,market,trade,WINFUT,100005,1,,,,,,,,
,market,trade,WINFUT,100010,1,,,,,,,,
,market,trade,WINFUT,100000,1,,,,,,,,
,market,trade,WINFUT,100005,1,,,,,,,,
,market,trade,WINFUT,100010,1,,,,,,,,
,market,trade,WINFUT,100000,1,,,,,,,,
,market,trade,WINFUT,100005,1,,,,,,,,
,market,trade,WINFUT,100010,1,,,,,,,,
,market,trade,WINFUT,100000,1,,,,,,,,
,market,trade,WINFUT,100005,1,,,,,,,,
,market,trade,WINFUT,100000,1,,,,,,,,
,market,trade,WINFUT,100000,1,,,,,,,,
,market,trade,WINFUT,100000,1,,,,,,,,
,market,trade,WINFUT,100000,1,,,,,,,,
,market,trade,WINFUT,100000,1,,,,,,,,
,market,trade,WINFUT,100000,1,,,,,,,,
,market,trade,WINFUT,100000,1,,,,,,,,
,market,trade,WINFUT,100000,1,,,,,,,,
,market,trade,WINFUT,100000,1,,,,,,,,
,market,trade,WINFUT,100000,1,,,,,,,,
,market,trade,WINFUT,100000,1,,,,,,,,
,market,trade,WINFUT,100000,1,,,,,,,,
,market,trade,WINFUT,100000,1,,,,,,,,
,market,trade,WINFUT,100000,1,,,,,,,,
,market,trade,WINFUT,100000,1,,,,,,,,
,market,trade,WINFUT,100000,1,,,,,,,,
,market,trade,WINFUT,100000,1,,,,,,,,
,market,trade,WINFUT,100000,1,,,,,,,,
,market,trade,WINFUT,100000,1,,,,,,,,
,market,trade,WINFUT,100000,1,,,,,,,,
,market,trade,WINFUT,100000,1,,,,,,,,
,market,trade,WINFUT,100000,1,,,,,,,,
,market,trade,WINFUT,100000,1,,,,,,,,
,market,trade,WINFUT,100000,1,,,,,,,,
,market,trade,WINFUT,100000,1,,,,,,,,
,alert,test_alert,,,,,,,,,,,
2026-05-24T23:46:28.325Z,market,trade,TESTE,99846.34553983681,28,,,,GOLDM,BARCL,,,
2026-05-24T23:46:28.481Z,market,trade,TESTE,99842.68476809248,127,,,,CS,XP,,,
2026-05-24T23:46:28.635Z,market,flow_inversion,,,,,,,,,0,25,BTG
2026-05-24T23:46:28.635Z,market,trade,TESTE,99844.63430928775,25,,,,BTG,UBS,,,
2026-05-24T23:46:28.791Z,market,trade,TESTE,99851.24922953792,83,,,,CITI,CITI,,,
2026-05-24T23:46:28.946Z,market,trade,TESTE,99853.21578362133,179,,,,ITAU,XP,,,
2026-05-24T23:46:29.102Z,market,trade,TESTE,99856.60363520693,160,,,,CS,UBS,,,
2026-05-24T23:46:29.257Z,market,trade,TESTE,99847.08567502235,83,,,,CS,ITAU,,,
2026-05-24T23:46:29.414Z,market,trade,TESTE,99848.73495967868,56,,,,ITAU,JPM,,,
2026-05-24T23:46:29.570Z,market,flow_inversion,,,,,,,,,0,174,UBS
2026-05-24T23:46:29.570Z,market,trade,TESTE,99849.38075151153,174,,,,UBS,MS,,,
2026-05-24T23:46:29.725Z,market,trade,TESTE,99859.9974321242,183,,,,UBS,ITAU,,,
2026-05-24T23:46:29.882Z,market,trade,TESTE,99856.8516391732,137,,,,JPM,MS,,,
2026-05-24T23:46:30.039Z,market,trade,TESTE,99856.60867918939,40,,,,GOLDM,CS,,,
2026-05-24T23:46:30.206Z,market,trade,TESTE,99851.97011817394,160,,,,CITI,CS,,,
2026-05-24T23:46:30.359Z,market,trade,TESTE,99843.46301255193,38,,,,CITI,MS,,,
2026-05-24T23:46:30.513Z,market,trade,TESTE,99849.75841441254,115,,,,GOLDM,BARCL,,,
2026-05-24T23:46:30.668Z,market,trade,TESTE,99845.40496605873,200,,,,XP,GOLDM,,,
2026-05-24T23:46:30.825Z,market,trade,TESTE,99842.03781719653,131,,,,BTG,JPM,,,
2026-05-24T23:46:30.979Z,market,trade,TESTE,99844.52268452584,104,,,,UBS,CS,,,
2026-05-24T23:46:31.133Z,market,trade,TESTE,99829.90335212393,142,,,,BTG,CS,,,
2026-05-24T23:46:31.286Z,market,trade,TESTE,99844.38008505841,162,,,,ITAU,CS,,,
2026-05-24T23:46:31.441Z,market,trade,TESTE,99836.7180738303,32,,,,ITAU,CITI,,,
2026-05-24T23:46:31.596Z,market,trade,TESTE,99840.44617126977,42,,,,CITI,UBS,,,
2026-05-24T23:46:31.750Z,market,trade,TESTE,99846.58403059804,129,,,,GOLDM,BTG,,,
2026-05-24T23:46:31.906Z,market,trade,TESTE,99834.3843927827,176,,,,XP,MS,,,
2026-05-24T23:46:32.063Z,market,trade,TESTE,99839.29333028919,66,,,,CITI,UBS,,,
2026-05-24T23:46:32.218Z,market,trade,TESTE,99850.4446384085,70,,,,CITI,JPM,,,
2026-05-24T23:46:32.373Z,market,trade,TESTE,99852.58361034587,126,,,,CS,MS,,,
2026-05-24T23:46:32.532Z,market,trade,TESTE,99850.66971062757,52,,,,ITAU,BTG,,,
2026-05-24T23:46:32.686Z,market,trade,TESTE,99843.61362637556,192,,,,XP,CS,,,
2026-05-24T23:46:32.843Z,market,trade,TESTE,99853.82790116411,88,,,,CS,CITI,,,
2026-05-24T23:46:33.010Z,market,trade,TESTE,99845.48993468967,120,,,,CS,CS,,,
2026-05-24T23:46:33.167Z,market,trade,TESTE,99855.25295516592,200,,,,MS,CITI,,,
2026-05-24T23:46:33.325Z,market,trade,TESTE,99860.20089215432,50,,,,MS,GOLDM,,,
2026-05-24T23:46:33.483Z,market,trade,TESTE,99855.65269935003,51,,,,CITI,CITI,,,
2026-05-24T23:46:33.648Z,market,trade,TESTE,99854.01794218733,187,,,,XP,UBS,,,
2026-05-24T23:46:33.804Z,market,trade,TESTE,99857.16921315136,136,,,,BTG,CITI,,,
2026-05-24T23:46:33.962Z,market,trade,TESTE,99848.96484895491,120,,,,JPM,BARCL,,,
2026-05-24T23:46:34.115Z,market,trade,TESTE,99858.58157169953,133,,,,CITI,JPM,,,
2026-05-24T23:46:34.269Z,market,trade,TESTE,99861.07308875523,197,,,,GOLDM,XP,,,
2026-05-24T23:46:34.424Z,market,trade,TESTE,99853.31217242342,143,,,,CITI,ITAU,,,
2026-05-24T23:46:34.578Z,market,trade,TESTE,99864.95881788239,108,,,,XP,XP,,,
2026-05-24T23:46:34.732Z,market,trade,TESTE,99867.66555669042,87,,,,JPM,UBS,,,
2026-05-24T23:46:34.886Z,market,trade,TESTE,99861.2129991525,75,,,,BARCL,BTG,,,
2026-05-24T23:46:35.041Z,market,trade,TESTE,99874.17443383618,178,,,,GOLDM,CS,,,
2026-05-24T23:46:35.196Z,market,trade,TESTE,99864.81907648509,48,,,,BARCL,UBS,,,
2026-05-24T23:46:35.350Z,market,trade,TESTE,99870.60915393523,120,,,,JPM,BARCL,,,
2026-05-24T23:46:35.509Z,market,trade,TESTE,99861.56307016323,44,,,,UBS,UBS,,,
2026-05-24T23:46:35.668Z,market,trade,TESTE,99870.77782239659,178,,,,ITAU,BTG,,,
2026-05-24T23:46:35.823Z,market,trade,TESTE,99863.0644408317,182,,,,UBS,ITAU,,,
2026-05-24T23:46:35.987Z,market,trade,TESTE,99874.01156063739,178,,,,JPM,ITAU,,,
2026-05-24T23:46:36.154Z,market,trade,TESTE,99870.93423049482,170,,,,BTG,JPM,,,
2026-05-24T23:46:36.307Z,market,trade,TESTE,99866.28544019649,131,,,,GOLDM,MS,,,
2026-05-24T23:46:36.460Z,market,trade,TESTE,99861.358016894,147,,,,JPM,CITI,,,
2026-05-24T23:46:36.614Z,market,trade,TESTE,99853.5593069458,142,,,,UBS,BTG,,,
2026-05-24T23:46:36.769Z,market,trade,TESTE,99868.06051390115,176,,,,UBS,ITAU,,,
2026-05-24T23:46:36.924Z,market,trade,TESTE,99857.2852373867,169,,,,XP,ITAU,,,
2026-05-24T23:46:37.077Z,market,trade,TESTE,99866.67131720818,179,,,,BARCL,UBS,,,
2026-05-24T23:46:37.234Z,market,trade,TESTE,99856.98543095414,115,,,,BTG,BTG,,,
2026-05-24T23:46:37.389Z,market,trade,TESTE,99866.04671589957,117,,,,MS,BARCL,,,
2026-05-24T23:46:37.544Z,market,trade,TESTE,99855.38778529783,177,,,,ITAU,BTG,,,
2026-05-24T23:46:37.699Z,market,trade,TESTE,99853.62296354631,125,,,,JPM,BARCL,,,
2026-05-24T23:46:37.865Z,market,trade,TESTE,99861.19081014798,132,,,,CITI,UBS,,,
2026-05-24T23:46:38.031Z,market,trade,TESTE,99853.47956016706,119,,,,ITAU,BARCL,,,
2026-05-24T23:46:38.194Z,market,trade,TESTE,99858.15634870353,194,,,,CITI,CITI,,,
2026-05-24T23:46:38.350Z,market,trade,TESTE,99854.98308481964,90,,,,JPM,UBS,,,
2026-05-24T23:46:38.508Z,market,trade,TESTE,99867.11943295826,156,,,,BARCL,ITAU,,,
2026-05-24T23:46:38.660Z,market,trade,TESTE,99856.74623651043,106,,,,GOLDM,GOLDM,,,
2026-05-24T23:46:38.815Z,market,trade,TESTE,99867.1104822174,48,,,,UBS,JPM,,,
2026-05-24T23:46:38.980Z,market,trade,TESTE,99857.49251047501,89,,,,ITAU,GOLDM,,,
2026-05-24T23:46:39.136Z,market,trade,TESTE,99856.20168218827,173,,,,GOLDM,CITI,,,
2026-05-24T23:46:39.290Z,market,trade,TESTE,99860.96211608918,65,,,,JPM,JPM,,,
2026-05-24T23:46:39.446Z,market,trade,TESTE,99860.91386184526,38,,,,CITI,CS,,,
2026-05-24T23:46:39.598Z,market,trade,TESTE,99868.54247166721,13,,,,JPM,JPM,,,
2026-05-24T23:46:39.753Z,market,trade,TESTE,99863.07327406362,35,,,,ITAU,BTG,,,
2026-05-24T23:46:39.910Z,market,trade,TESTE,99864.70488954404,93,,,,ITAU,CS,,,
2026-05-24T23:46:40.065Z,market,trade,TESTE,99879.32780084446,26,,,,CITI,XP,,,
2026-05-24T23:46:40.220Z,market,trade,TESTE,99868.41344035546,186,,,,ITAU,BARCL,,,
2026-05-24T23:46:40.374Z,market,trade,TESTE,99866.09325446334,137,,,,ITAU,CITI,,,
2026-05-24T23:46:40.528Z,market,trade,TESTE,99878.4338451903,58,,,,XP,XP,,,
2026-05-24T23:46:40.685Z,market,trade,TESTE,99878.6597355291,102,,,,CITI,BARCL,,,
2026-05-24T23:46:40.841Z,market,trade,TESTE,99868.60418772601,36,,,,CS,JPM,,,
2026-05-24T23:46:40.996Z,market,trade,TESTE,99865.99272722725,188,,,,MS,CITI,,,
2026-05-24T23:46:41.149Z,market,trade,TESTE,99879.70147941027,9,,,,MS,MS,,,
2026-05-24T23:46:41.304Z,market,trade,TESTE,99869.86627313143,15,,,,CS,JPM,,,
2026-05-24T23:46:41.458Z,market,trade,TESTE,99867.3209673925,71,,,,UBS,GOLDM,,,
2026-05-24T23:46:41.613Z,market,trade,TESTE,99877.4521780508,181,,,,GOLDM,JPM,,,
2026-05-24T23:46:41.768Z,market,trade,TESTE,99871.0887067112,140,,,,BTG,GOLDM,,,
2026-05-24T23:46:41.923Z,market,trade,TESTE,99867.22331097179,132,,,,CITI,ITAU,,,
2026-05-24T23:46:42.078Z,market,trade,TESTE,99872.76631588882,177,,,,ITAU,CS,,,
2026-05-24T23:46:42.234Z,market,trade,TESTE,99873.05970769127,167,,,,CITI,CS,,,
2026-05-24T23:46:42.391Z,market,trade,TESTE,99861.73475187455,67,,,,BTG,UBS,,,
2026-05-24T23:46:42.548Z,market,trade,TESTE,99874.8915670722,63,,,,XP,CITI,,,
2026-05-24T23:46:42.702Z,market,trade,TESTE,99873.31727190841,61,,,,UBS,BTG,,,
2026-05-24T23:46:42.857Z,market,trade,TESTE,99863.91333771753,144,,,,UBS,BTG,,,
2026-05-24T23:46:43.012Z,market,trade,TESTE,99877.95588616758,26,,,,BARCL,GOLDM,,,
2026-05-24T23:46:43.169Z,market,trade,TESTE,99877.98943535711,86,,,,ITAU,MS,,,
2026-05-24T23:46:43.322Z,market,trade,TESTE,99881.35316331033,30,,,,GOLDM,BTG,,,
2026-05-24T23:46:43.476Z,market,trade,TESTE,99872.47983513329,22,,,,XP,MS,,,
2026-05-24T23:46:43.631Z,market,trade,TESTE,99882.43804119946,95,,,,XP,BARCL,,,
2026-05-24T23:46:43.784Z,market,trade,TESTE,99880.78561836379,200,,,,CS,UBS,,,
2026-05-24T23:46:43.940Z,market,trade,TESTE,99867.74297064096,80,,,,GOLDM,MS,,,
2026-05-24T23:46:44.095Z,market,trade,TESTE,99882.24598930645,89,,,,CS,GOLDM,,,
2026-05-24T23:46:44.250Z,market,trade,TESTE,99880.98704607961,162,,,,BTG,XP,,,
2026-05-24T23:46:44.404Z,market,trade,TESTE,99873.49982676207,92,,,,BARCL,BTG,,,
2026-05-24T23:46:44.559Z,market,trade,TESTE,99870.46570777969,191,,,,CITI,CITI,,,
2026-05-24T23:46:44.717Z,market,trade,TESTE,99874.8817138078,155,,,,CS,UBS,,,
2026-05-24T23:46:44.871Z,market,trade,TESTE,99886.87986007592,98,,,,BTG,BTG,,,
2026-05-24T23:46:45.025Z,market,trade,TESTE,99873.27994739114,181,,,,BTG,MS,,,
2026-05-24T23:46:45.182Z,market,trade,TESTE,99870.73622075455,87,,,,GOLDM,JPM,,,
2026-05-24T23:46:45.335Z,market,trade,TESTE,99867.78990499729,193,,,,JPM,BTG,,,
2026-05-24T23:46:45.491Z,market,trade,TESTE,99866.46240252792,74,,,,GOLDM,BARCL,,,
2026-05-24T23:46:45.647Z,market,trade,TESTE,99872.64864635142,74,,,,XP,CS,,,
2026-05-24T23:46:45.801Z,market,trade,TESTE,99872.71624410315,122,,,,MS,CITI,,,
2026-05-24T23:46:45.957Z,market,trade,TESTE,99863.20068170357,75,,,,UBS,ITAU,,,
2026-05-24T23:46:46.120Z,market,trade,TESTE,99859.17786208443,91,,,,JPM,GOLDM,,,
2026-05-24T23:46:46.286Z,market,trade,TESTE,99870.12582890449,85,,,,GOLDM,BTG,,,
2026-05-24T23:46:46.457Z,market,trade,TESTE,99872.59528380472,59,,,,GOLDM,MS,,,
2026-05-24T23:46:46.623Z,market,trade,TESTE,99863.22637105874,136,,,,ITAU,UBS,,,
2026-05-24T23:46:46.778Z,market,trade,TESTE,99864.91160827907,160,,,,UBS,BARCL,,,
2026-05-24T23:46:46.933Z,market,trade,TESTE,99867.34970864079,44,,,,MS,GOLDM,,,
2026-05-24T23:46:47.089Z,market,trade,TESTE,99872.09414000252,117,,,,ITAU,BTG,,,
2026-05-24T23:46:47.245Z,market,trade,TESTE,99883.23779120114,104,,,,BTG,CS,,,
2026-05-24T23:46:47.402Z,market,trade,TESTE,99872.44821450824,158,,,,MS,CS,,,
2026-05-24T23:46:47.556Z,market,trade,TESTE,99872.96734193193,9,,,,MS,BTG,,,
2026-05-24T23:46:47.714Z,market,trade,TESTE,99873.88193858386,120,,,,ITAU,XP,,,
2026-05-24T23:46:47.871Z,market,trade,TESTE,99876.7725300982,111,,,,BARCL,ITAU,,,
2026-05-24T23:46:48.025Z,market,trade,TESTE,99889.06303431056,155,,,,UBS,CITI,,,
2026-05-24T23:46:48.181Z,market,trade,TESTE,99876.70417375697,88,,,,BARCL,GOLDM,,,
2026-05-24T23:46:48.344Z,market,trade,TESTE,99888.45463509134,79,,,,XP,BARCL,,,
2026-05-24T23:46:48.499Z,market,trade,TESTE,99873.91128782844,139,,,,ITAU,XP,,,
2026-05-24T23:46:48.654Z,market,trade,TESTE,99871.81272070938,79,,,,BTG,ITAU,,,
2026-05-24T23:46:48.808Z,market,trade,TESTE,99878.32487831614,112,,,,JPM,CITI,,,
2026-05-24T23:46:48.961Z,market,trade,TESTE,99870.90890837685,145,,,,GOLDM,CS,,,
2026-05-24T23:46:49.115Z,market,trade,TESTE,99875.21620364292,22,,,,GOLDM,BTG,,,
2026-05-24T23:46:49.271Z,market,trade,TESTE,99888.77277655371,37,,,,MS,CS,,,
2026-05-24T23:46:49.427Z,market,trade,TESTE,99879.70203345672,30,,,,CITI,JPM,,,
2026-05-24T23:46:49.580Z,market,trade,TESTE,99886.92163526425,199,,,,BTG,MS,,,
2026-05-24T23:46:49.734Z,market,trade,TESTE,99882.55305866023,192,,,,BARCL,BARCL,,,
2026-05-24T23:46:49.888Z,market,trade,TESTE,99878.74961678754,107,,,,CS,XP,,,
2026-05-24T23:46:50.042Z,market,trade,TESTE,99871.09533031326,157,,,,CS,UBS,,,
2026-05-24T23:46:50.197Z,market,trade,TESTE,99882.62047726304,14,,,,UBS,CS,,,
2026-05-24T23:46:50.353Z,market,trade,TESTE,99886.95186007407,14,,,,XP,UBS,,,
2026-05-24T23:46:50.508Z,market,trade,TESTE,99879.42087155508,14,,,,CITI,JPM,,,
2026-05-24T23:46:50.663Z,market,trade,TESTE,99892.21572985564,134,,,,CS,UBS,,,
2026-05-24T23:46:50.819Z,market,trade,TESTE,99894.15071159,134,,,,JPM,MS,,,
2026-05-24T23:46:50.974Z,market,trade,TESTE,99891.03867895385,123,,,,XP,ITAU,,,
2026-05-24T23:46:51.128Z,market,trade,TESTE,99881.07129569739,25,,,,BTG,MS,,,
2026-05-24T23:46:51.282Z,market,trade,TESTE,99890.08933480301,197,,,,CITI,JPM,,,
2026-05-24T23:46:51.437Z,market,trade,TESTE,99884.96303360655,166,,,,XP,ITAU,,,
2026-05-24T23:46:51.599Z,market,trade,TESTE,99894.29597223441,151,,,,UBS,UBS,,,
2026-05-24T23:46:51.765Z,market,trade,TESTE,99890.90354180358,13,,,,UBS,BTG,,,
2026-05-24T23:46:51.920Z,market,trade,TESTE,99886.40339612967,171,,,,UBS,XP,,,
2026-05-24T23:46:52.076Z,market,trade,TESTE,99882.90066634156,73,,,,GOLDM,GOLDM,,,
2026-05-24T23:46:52.233Z,market,trade,TESTE,99867.93440970388,85,,,,CITI,ITAU,,,
2026-05-24T23:46:52.402Z,market,trade,TESTE,99868.78186806472,102,,,,GOLDM,CITI,,,
2026-05-24T23:46:52.562Z,market,trade,TESTE,99874.83127276132,34,,,,JPM,UBS,,,
2026-05-24T23:46:52.727Z,market,trade,TESTE,99866.39649029158,172,,,,GOLDM,CS,,,
2026-05-24T23:46:52.880Z,market,trade,TESTE,99865.82272636432,160,,,,XP,ITAU,,,
2026-05-24T23:46:53.035Z,market,trade,TESTE,99871.35997080363,64,,,,JPM,ITAU,,,
2026-05-24T23:46:53.189Z,market,trade,TESTE,99863.31535238658,44,,,,CS,CS,,,
2026-05-24T23:46:53.342Z,market,trade,TESTE,99873.48257894562,153,,,,GOLDM,XP,,,
2026-05-24T23:46:53.496Z,market,trade,TESTE,99877.14224236466,78,,,,MS,CS,,,
2026-05-24T23:46:53.650Z,market,trade,TESTE,99865.78500861216,165,,,,XP,CITI,,,
2026-05-24T23:46:53.806Z,market,trade,TESTE,99869.82739875611,175,,,,CS,CS,,,
2026-05-24T23:46:53.959Z,market,trade,TESTE,99877.44649982298,110,,,,GOLDM,CS,,,
2026-05-24T23:46:54.113Z,market,trade,TESTE,99881.29246161555,152,,,,CS,BTG,,,
2026-05-24T23:46:54.269Z,market,trade,TESTE,99867.57270704613,135,,,,JPM,MS,,,
2026-05-24T23:46:54.424Z,market,trade,TESTE,99872.44854120686,172,,,,XP,JPM,,,
2026-05-24T23:46:54.582Z,market,trade,TESTE,99875.6611834666,170,,,,BTG,GOLDM,,,
2026-05-24T23:46:54.748Z,market,trade,TESTE,99881.65450402355,47,,,,JPM,CITI,,,
2026-05-24T23:46:54.904Z,market,trade,TESTE,99874.18724498047,72,,,,JPM,CITI,,,
2026-05-24T23:46:55.057Z,market,trade,TESTE,99879.97579573761,108,,,,GOLDM,BARCL,,,
2026-05-24T23:46:55.211Z,market,trade,TESTE,99871.0541553366,106,,,,BTG,BTG,,,
2026-05-24T23:46:55.365Z,market,trade,TESTE,99870.51640454312,33,,,,CS,MS,,,
2026-05-24T23:46:55.518Z,market,trade,TESTE,99874.20126323038,139,,,,CS,JPM,,,
2026-05-24T23:46:55.674Z,market,trade,TESTE,99882.47458608687,90,,,,BARCL,XP,,,
2026-05-24T23:46:55.829Z,market,trade,TESTE,99872.6386888527,22,,,,CITI,CS,,,
2026-05-24T23:46:55.981Z,market,trade,TESTE,99869.77490522394,74,,,,XP,UBS,,,
2026-05-24T23:46:56.137Z,market,trade,TESTE,99871.71094669045,184,,,,CS,BTG,,,
2026-05-24T23:46:56.290Z,market,trade,TESTE,99884.73821304139,77,,,,GOLDM,BARCL,,,
2026-05-24T23:46:56.449Z,market,trade,TESTE,99889.50404901811,193,,,,CITI,CS,,,
2026-05-24T23:46:56.615Z,market,trade,TESTE,99886.27080648506,45,,,,BARCL,CS,,,
2026-05-24T23:46:56.769Z,market,trade,TESTE,99881.7748537974,170,,,,CITI,BTG,,,
2026-05-24T23:46:56.929Z,market,trade,TESTE,99877.10135044745,83,,,,JPM,XP,,,
2026-05-24T23:46:57.095Z,market,trade,TESTE,99874.7734439593,55,,,,ITAU,BARCL,,,
2026-05-24T23:46:57.246Z,market,trade,TESTE,99872.74760207179,163,,,,MS,CS,,,
2026-05-24T23:46:57.400Z,market,trade,TESTE,99868.2165632975,161,,,,BARCL,CITI,,,
2026-05-24T23:46:57.554Z,market,trade,TESTE,99871.13699903926,31,,,,MS,GOLDM,,,
2026-05-24T23:46:57.707Z,market,trade,TESTE,99872.6263337706,92,,,,UBS,BTG,,,
2026-05-24T23:46:57.862Z,market,trade,TESTE,99865.3327801963,193,,,,XP,XP,,,
2026-05-24T23:46:58.016Z,market,trade,TESTE,99868.72965605895,170,,,,CITI,GOLDM,,,
2026-05-24T23:46:58.171Z,market,trade,TESTE,99873.7441025298,79,,,,XP,XP,,,
2026-05-24T23:46:58.326Z,market,trade,TESTE,99869.90847382517,131,,,,UBS,ITAU,,,
2026-05-24T23:46:58.480Z,market,trade,TESTE,99862.11018141401,146,,,,GOLDM,JPM,,,
2026-05-24T23:46:58.635Z,market,trade,TESTE,99864.38705562713,151,,,,XP,JPM,,,
2026-05-24T23:46:58.790Z,market,trade,TESTE,99874.5698633992,36,,,,CS,XP,,,
2026-05-24T23:46:58.943Z,market,trade,TESTE,99875.59471304124,174,,,,BARCL,GOLDM,,,
2026-05-24T23:46:59.098Z,market,trade,TESTE,99862.29235864263,39,,,,BTG,CITI,,,
2026-05-24T23:46:59.254Z,market,trade,TESTE,99862.79847071634,180,,,,CS,JPM,,,
2026-05-24T23:46:59.406Z,market,trade,TESTE,99868.93345145442,194,,,,BTG,ITAU,,,
2026-05-24T23:46:59.561Z,market,trade,TESTE,99855.20857907494,149,,,,MS,UBS,,,
2026-05-24T23:46:59.717Z,market,trade,TESTE,99856.6649760207,47,,,,BARCL,BARCL,,,
2026-05-24T23:46:59.872Z,market,trade,TESTE,99865.14412649037,146,,,,JPM,MS,,,
2026-05-24T23:47:00.032Z,market,trade,TESTE,99865.277931554,20,,,,UBS,CITI,,,
2026-05-24T23:47:00.198Z,market,trade,TESTE,99862.60370248802,200,,,,JPM,GOLDM,,,
2026-05-24T23:47:00.355Z,market,trade,TESTE,99854.94403491667,120,,,,CS,CITI,,,
2026-05-24T23:47:00.511Z,market,trade,TESTE,99850.2943247299,89,,,,BTG,GOLDM,,,
2026-05-24T23:47:00.664Z,market,trade,TESTE,99855.15903324883,70,,,,BTG,BTG,,,
2026-05-24T23:47:00.819Z,market,trade,TESTE,99858.55698364586,167,,,,BARCL,XP,,,
2026-05-24T23:47:00.975Z,market,trade,TESTE,99862.30464486258,11,,,,JPM,ITAU,,,
2026-05-24T23:47:01.127Z,market,trade,TESTE,99867.18465598172,40,,,,GOLDM,BARCL,,,
2026-05-24T23:47:01.280Z,market,trade,TESTE,99864.08019639437,38,,,,BARCL,MS,,,
2026-05-24T23:47:01.436Z,market,trade,TESTE,99877.48650999628,156,,,,MS,UBS,,,
2026-05-24T23:47:01.590Z,market,trade,TESTE,99867.56828678747,84,,,,CITI,BARCL,,,
2026-05-24T23:47:01.744Z,market,trade,TESTE,99868.1116708222,119,,,,BTG,XP,,,
2026-05-24T23:47:01.901Z,market,trade,TESTE,99881.19375843131,189,,,,ITAU,JPM,,,
2026-05-24T23:47:02.057Z,market,trade,TESTE,99869.35589415541,33,,,,UBS,GOLDM,,,
2026-05-24T23:47:02.218Z,market,trade,TESTE,99873.3569543671,128,,,,BTG,MS,,,
2026-05-24T23:47:02.379Z,market,trade,TESTE,99885.71671291125,191,,,,CS,ITAU,,,
2026-05-24T23:47:02.532Z,market,trade,TESTE,99879.80501104417,135,,,,UBS,BARCL,,,
2026-05-24T23:47:02.684Z,market,trade,TESTE,99876.57812356185,186,,,,CS,BARCL,,,
2026-05-24T23:47:02.837Z,market,trade,TESTE,99874.59569639842,90,,,,JPM,BARCL,,,
2026-05-24T23:47:02.994Z,market,trade,TESTE,99882.53771391054,33,,,,MS,BTG,,,
2026-05-24T23:47:03.150Z,market,trade,TESTE,99873.21753640038,44,,,,ITAU,CS,,,
2026-05-24T23:47:03.305Z,market,trade,TESTE,99879.86546251945,43,,,,GOLDM,XP,,,
2026-05-24T23:47:03.458Z,market,trade,TESTE,99872.50235210129,180,,,,MS,BARCL,,,
2026-05-24T23:47:03.619Z,market,trade,TESTE,99874.28967783332,77,,,,CITI,ITAU,,,
2026-05-24T23:47:03.774Z,market,trade,TESTE,99875.16859808259,101,,,,JPM,JPM,,,
2026-05-24T23:47:03.929Z,market,trade,TESTE,99890.14819233019,66,,,,ITAU,UBS,,,
2026-05-24T23:47:04.088Z,market,trade,TESTE,99888.54235879618,125,,,,GOLDM,GOLDM,,,
2026-05-24T23:47:04.240Z,market,trade,TESTE,99884.39958270227,61,,,,XP,MS,,,
2026-05-24T23:47:04.401Z,market,trade,TESTE,99876.01654909678,66,,,,BTG,ITAU,,,
2026-05-24T23:47:04.557Z,market,trade,TESTE,99888.24580918462,49,,,,MS,MS,,,
2026-05-24T23:47:04.711Z,market,trade,TESTE,99891.74547209892,129,,,,UBS,BTG,,,
2026-05-24T23:47:04.865Z,market,trade,TESTE,99888.59956096191,105,,,,GOLDM,BTG,,,
2026-05-24T23:47:05.020Z,market,trade,TESTE,99886.96912756562,108,,,,UBS,UBS,,,
2026-05-24T23:47:05.188Z,market,trade,TESTE,99887.35376891766,179,,,,GOLDM,MS,,,
2026-05-24T23:47:05.346Z,market,trade,TESTE,99890.47697655794,136,,,,JPM,CS,,,
2026-05-24T23:47:05.502Z,market,trade,TESTE,99890.22705752222,83,,,,CITI,MS,,,
2026-05-24T23:47:05.658Z,market,trade,TESTE,99891.02051938689,76,,,,BTG,CITI,,,
2026-05-24T23:47:05.811Z,market,trade,TESTE,99891.04125591578,33,,,,BTG,UBS,,,
2026-05-24T23:47:05.966Z,market,trade,TESTE,99888.17555417772,60,,,,UBS,CITI,,,
2026-05-24T23:47:06.124Z,market,trade,TESTE,99878.81761791473,194,,,,ITAU,BTG,,,
2026-05-24T23:47:06.281Z,market,trade,TESTE,99875.82864683944,25,,,,UBS,CITI,,,
2026-05-24T23:47:06.433Z,market,trade,TESTE,99873.5605296227,20,,,,GOLDM,BARCL,,,
2026-05-24T23:47:06.587Z,market,trade,TESTE,99879.1769023482,81,,,,CITI,MS,,,
2026-05-24T23:47:06.741Z,market,trade,TESTE,99865.85943944451,105,,,,CITI,CS,,,
2026-05-24T23:47:06.896Z,market,trade,TESTE,99862.28485723803,127,,,,MS,JPM,,,
2026-05-24T23:47:07.050Z,market,trade,TESTE,99866.1074946583,199,,,,BTG,CITI,,,
2026-05-24T23:47:07.206Z,market,trade,TESTE,99873.26370474862,169,,,,CITI,MS,,,
2026-05-24T23:47:07.362Z,market,trade,TESTE,99876.9177620691,120,,,,BARCL,ITAU,,,
2026-05-24T23:47:07.522Z,market,trade,TESTE,99865.69210893713,186,,,,UBS,JPM,,,
2026-05-24T23:47:07.677Z,market,trade,TESTE,99867.19778244266,78,,,,GOLDM,BARCL,,,
2026-05-24T23:47:07.831Z,market,trade,TESTE,99863.32338872124,190,,,,BARCL,BTG,,,
2026-05-24T23:47:07.987Z,market,trade,TESTE,99860.54033077095,137,,,,BARCL,CITI,,,
2026-05-24T23:47:08.140Z,market,trade,TESTE,99865.48428534428,106,,,,BTG,CS,,,
2026-05-24T23:47:08.295Z,market,trade,TESTE,99875.20984781538,63,,,,XP,MS,,,
2026-05-24T23:47:08.450Z,market,trade,TESTE,99876.43735060742,167,,,,ITAU,XP,,,
2026-05-24T23:47:08.604Z,market,trade,TESTE,99861.74333797475,142,,,,BARCL,BTG,,,
2026-05-24T23:47:08.757Z,market,trade,TESTE,99857.88001779013,175,,,,BTG,JPM,,,
2026-05-24T23:47:08.910Z,market,trade,TESTE,99867.76629892435,139,,,,UBS,GOLDM,,,
2026-05-24T23:47:09.066Z,market,trade,TESTE,99852.80175670487,20,,,,MS,MS,,,
2026-05-24T23:47:09.220Z,market,trade,TESTE,99854.35630394903,73,,,,XP,XP,,,
2026-05-24T23:47:09.376Z,market,trade,TESTE,99858.57363947753,102,,,,CITI,XP,,,
2026-05-24T23:47:09.532Z,market,trade,TESTE,99857.08533344345,169,,,,MS,ITAU,,,
2026-05-24T23:47:09.690Z,market,trade,TESTE,99869.40692051381,79,,,,ITAU,XP,,,
2026-05-24T23:47:09.843Z,market,trade,TESTE,99872.24548604939,62,,,,BARCL,JPM,,,
2026-05-24T23:47:09.999Z,market,trade,TESTE,99869.88681793731,65,,,,BARCL,JPM,,,
2026-05-24T23:47:10.152Z,market,trade,TESTE,99859.31597263567,197,,,,XP,JPM,,,
2026-05-24T23:47:10.306Z,market,trade,TESTE,99873.33432112754,75,,,,MS,JPM,,,
2026-05-24T23:47:10.461Z,market,trade,TESTE,99871.9014296468,120,,,,MS,BTG,,,
2026-05-24T23:47:10.615Z,market,trade,TESTE,99862.26593140044,81,,,,JPM,BARCL,,,
2026-05-24T23:47:10.770Z,market,trade,TESTE,99869.65831515503,180,,,,UBS,ITAU,,,
2026-05-24T23:47:10.924Z,market,trade,TESTE,99858.97826849301,61,,,,XP,XP,,,
2026-05-24T23:47:11.078Z,market,trade,TESTE,99866.6277085667,79,,,,CS,ITAU,,,
2026-05-24T23:47:11.235Z,market,trade,TESTE,99869.1633816212,152,,,,GOLDM,ITAU,,,
2026-05-24T23:47:11.391Z,market,trade,TESTE,99868.29441453073,67,,,,ITAU,BARCL,,,
2026-05-24T23:47:11.544Z,market,trade,TESTE,99872.0219075701,129,,,,CS,CS,,,
2026-05-24T23:47:11.700Z,market,trade,TESTE,99863.8057807068,12,,,,BTG,CS,,,
2026-05-24T23:47:11.853Z,market,trade,TESTE,99870.7897284507,90,,,,ITAU,CS,,,
2026-05-24T23:47:12.006Z,market,trade,TESTE,99856.99231940015,10,,,,CITI,ITAU,,,
2026-05-24T23:47:12.161Z,market,trade,TESTE,99868.6724073475,162,,,,CS,XP,,,
2026-05-24T23:47:12.315Z,market,trade,TESTE,99859.26688732879,21,,,,BTG,MS,,,
2026-05-24T23:47:12.472Z,market,trade,TESTE,99870.764743875,176,,,,GOLDM,GOLDM,,,
2026-05-24T23:47:12.643Z,market,trade,TESTE,99874.36771952808,100,,,,GOLDM,CS,,,
2026-05-24T23:47:12.807Z,market,trade,TESTE,99861.8623778856,6,,,,JPM,ITAU,,,
2026-05-24T23:47:12.964Z,market,trade,TESTE,99863.0176666635,160,,,,JPM,BTG,,,
2026-05-24T23:47:13.129Z,market,trade,TESTE,99875.04507103044,189,,,,CITI,MS,,,
2026-05-24T23:47:13.284Z,market,trade,TESTE,99861.25820565017,195,,,,GOLDM,BARCL,,,
2026-05-24T23:47:13.437Z,market,trade,TESTE,99866.47452138201,122,,,,XP,CITI,,,
2026-05-24T23:47:13.590Z,market,trade,TESTE,99871.35505664619,131,,,,XP,BTG,,,
2026-05-24T23:47:13.742Z,market,trade,TESTE,99867.88928484138,56,,,,XP,JPM,,,
2026-05-24T23:47:13.897Z,market,trade,TESTE,99863.73324792183,197,,,,BARCL,BARCL,,,
2026-05-24T23:47:14.051Z,market,trade,TESTE,99858.40221743005,14,,,,JPM,ITAU,,,
2026-05-24T23:47:14.206Z,market,trade,TESTE,99862.54274670879,29,,,,BTG,GOLDM,,,
2026-05-24T23:47:14.362Z,market,trade,TESTE,99865.76538940951,194,,,,BARCL,MS,,,
2026-05-24T23:47:14.517Z,market,trade,TESTE,99862.24146882242,14,,,,ITAU,BARCL,,,
2026-05-24T23:47:14.671Z,market,trade,TESTE,99858.20657074903,37,,,,MS,XP,,,
2026-05-24T23:47:14.827Z,market,trade,TESTE,99863.1462686112,75,,,,JPM,XP,,,
2026-05-24T23:47:14.984Z,market,trade,TESTE,99861.31988347459,117,,,,MS,GOLDM,,,
2026-05-24T23:47:15.135Z,market,trade,TESTE,99863.13492316412,40,,,,CITI,CITI,,,
2026-05-24T23:47:15.289Z,market,trade,TESTE,99868.99034561285,59,,,,JPM,ITAU,,,
2026-05-24T23:47:15.443Z,market,trade,TESTE,99857.34150576303,178,,,,MS,UBS,,,
2026-05-24T23:47:15.601Z,market,trade,TESTE,99865.0117456578,157,,,,CITI,CITI,,,
2026-05-24T23:47:15.754Z,market,trade,TESTE,99854.86833489386,64,,,,MS,UBS,,,
2026-05-24T23:47:15.908Z,market,trade,TESTE,99860.28590694036,170,,,,CS,JPM,,,
2026-05-24T23:47:16.063Z,market,trade,TESTE,99854.53167767529,109,,,,JPM,MS,,,
2026-05-24T23:47:16.219Z,market,trade,TESTE,99862.45596822556,79,,,,JPM,ITAU,,,
2026-05-24T23:47:16.373Z,market,trade,TESTE,99854.99744187576,9,,,,JPM,BARCL,,,
2026-05-24T23:47:16.529Z,market,trade,TESTE,99859.39026706306,64,,,,XP,MS,,,
2026-05-24T23:47:16.683Z,market,trade,TESTE,99863.3127959375,175,,,,XP,MS,,,
2026-05-24T23:47:16.835Z,market,trade,TESTE,99872.53441884079,123,,,,CS,BARCL,,,
2026-05-24T23:47:16.989Z,market,trade,TESTE,99862.51188499102,22,,,,GOLDM,JPM,,,
2026-05-24T23:47:17.153Z,market,trade,TESTE,99859.00845630029,143,,,,JPM,JPM,,,
2026-05-24T23:47:17.308Z,market,trade,TESTE,99858.97109031129,113,,,,XP,BTG,,,
2026-05-24T23:47:17.469Z,market,trade,TESTE,99861.29954652127,34,,,,ITAU,UBS,,,
2026-05-24T23:47:17.623Z,market,trade,TESTE,99872.40625820542,113,,,,JPM,BTG,,,
2026-05-24T23:47:17.778Z,market,trade,TESTE,99869.046273375,121,,,,GOLDM,MS,,,
2026-05-24T23:47:17.933Z,market,trade,TESTE,99866.38387247633,187,,,,CITI,BARCL,,,
2026-05-24T23:47:18.088Z,market,trade,TESTE,99853.04895087966,82,,,,BTG,MS,,,
2026-05-24T23:47:18.242Z,market,trade,TESTE,99850.15556466008,130,,,,MS,XP,,,
2026-05-24T23:47:18.398Z,market,trade,TESTE,99860.11212649738,110,,,,MS,BARCL,,,
2026-05-24T23:47:18.554Z,market,trade,TESTE,99855.24978774764,14,,,,GOLDM,ITAU,,,
2026-05-24T23:47:18.709Z,market,trade,TESTE,99845.7776450802,28,,,,CS,BARCL,,,
2026-05-24T23:47:18.863Z,market,trade,TESTE,99854.29616115573,35,,,,CITI,XP,,,
2026-05-24T23:47:19.022Z,market,trade,TESTE,99857.1186756456,182,,,,BTG,XP,,,
2026-05-24T23:47:19.175Z,market,trade,TESTE,99852.42369367092,158,,,,XP,CS,,,
2026-05-24T23:47:19.329Z,market,trade,TESTE,99843.7543461534,131,,,,UBS,CS,,,
2026-05-24T23:47:19.485Z,market,trade,TESTE,99840.92526618681,70,,,,GOLDM,MS,,,
2026-05-24T23:47:19.642Z,market,trade,TESTE,99841.54100916306,186,,,,ITAU,BARCL,,,
2026-05-24T23:47:19.796Z,market,trade,TESTE,99842.19710012036,97,,,,UBS,BTG,,,
2026-05-24T23:47:19.951Z,market,trade,TESTE,99854.25212271739,151,,,,JPM,XP,,,
2026-05-24T23:47:20.105Z,market,trade,TESTE,99843.06173847437,14,,,,CS,ITAU,,,
2026-05-24T23:47:20.261Z,market,trade,TESTE,99838.88970323026,106,,,,MS,JPM,,,
2026-05-24T23:47:20.416Z,market,trade,TESTE,99843.96722464872,151,,,,XP,BTG,,,
2026-05-24T23:47:20.574Z,market,trade,TESTE,99837.97003441992,24,,,,UBS,CS,,,
2026-05-24T23:47:20.728Z,market,trade,TESTE,99842.88643677608,104,,,,BTG,JPM,,,
2026-05-24T23:47:20.884Z,market,trade,TESTE,99838.18658689685,173,,,,ITAU,UBS,,,
2026-05-24T23:47:21.046Z,market,trade,TESTE,99848.52392570057,170,,,,CS,UBS,,,
2026-05-24T23:47:21.204Z,market,trade,TESTE,99837.17373660994,11,,,,UBS,BARCL,,,
2026-05-24T23:47:21.359Z,market,trade,TESTE,99844.72228204427,34,,,,GOLDM,BTG,,,
2026-05-24T23:47:21.514Z,market,trade,TESTE,99839.5274662493,92,,,,UBS,CITI,,,
2026-05-24T23:47:21.667Z,market,trade,TESTE,99836.3479030592,33,,,,JPM,GOLDM,,,
2026-05-24T23:47:21.822Z,market,trade,TESTE,99834.49440283467,158,,,,BTG,BTG,,,
2026-05-24T23:47:21.974Z,market,trade,TESTE,99835.07893524933,72,,,,ITAU,JPM,,,
2026-05-24T23:47:22.131Z,market,trade,TESTE,99840.43832417544,65,,,,BARCL,BTG,,,
2026-05-24T23:47:22.286Z,market,trade,TESTE,99835.68416618131,138,,,,XP,BARCL,,,
2026-05-24T23:47:22.439Z,market,trade,TESTE,99820.75693086843,12,,,,MS,BARCL,,,
2026-05-24T23:47:22.596Z,market,trade,TESTE,99834.77102417909,37,,,,CITI,MS,,,
2026-05-24T23:47:22.751Z,market,trade,TESTE,99835.06085142415,70,,,,BARCL,MS,,,
2026-05-24T23:47:22.909Z,market,trade,TESTE,99837.34686312907,162,,,,UBS,ITAU,,,
2026-05-24T23:47:23.060Z,market,trade,TESTE,99829.40957110976,46,,,,UBS,ITAU,,,
2026-05-24T23:47:23.217Z,market,trade,TESTE,99826.75947784219,182,,,,BTG,CS,,,
2026-05-24T23:47:23.373Z,market,trade,TESTE,99840.29596389322,189,,,,XP,UBS,,,
2026-05-24T23:47:23.528Z,market,trade,TESTE,99845.04253341367,41,,,,BTG,GOLDM,,,
2026-05-24T23:47:23.680Z,market,trade,TESTE,99842.16823857783,177,,,,BARCL,CITI,,,
2026-05-24T23:47:23.834Z,market,trade,TESTE,99846.87770447994,186,,,,GOLDM,CITI,,,
2026-05-24T23:47:23.991Z,market,trade,TESTE,99838.42475666742,94,,,,MS,MS,,,
2026-05-24T23:47:24.147Z,market,trade,TESTE,99851.24947037973,148,,,,MS,UBS,,,
2026-05-24T23:47:24.300Z,market,trade,TESTE,99852.30542495818,95,,,,BTG,CITI,,,
2026-05-24T23:47:24.454Z,market,trade,TESTE,99853.02479730702,143,,,,JPM,MS,,,
2026-05-24T23:47:24.609Z,market,trade,TESTE,99844.71248412908,15,,,,UBS,GOLDM,,,
2026-05-24T23:47:24.766Z,market,trade,TESTE,99859.18003788707,12,,,,ITAU,MS,,,
2026-05-24T23:47:24.928Z,market,trade,TESTE,99848.4488636979,53,,,,GOLDM,UBS,,,
2026-05-24T23:47:25.082Z,market,trade,TESTE,99857.09259917012,193,,,,ITAU,JPM,,,
2026-05-24T23:47:25.236Z,market,trade,TESTE,99842.52757443878,124,,,,UBS,BARCL,,,
2026-05-24T23:47:25.388Z,market,trade,TESTE,99854.22712601187,83,,,,BARCL,BTG,,,
2026-05-24T23:47:25.543Z,market,trade,TESTE,99847.83949007768,197,,,,JPM,UBS,,,
2026-05-24T23:47:25.698Z,market,trade,TESTE,99861.17275567156,127,,,,XP,GOLDM,,,
2026-05-24T23:47:25.853Z,market,trade,TESTE,99847.46213167618,183,,,,ITAU,XP,,,
2026-05-24T23:47:26.010Z,market,trade,TESTE,99856.12338590439,27,,,,CITI,MS,,,
2026-05-24T23:47:26.169Z,market,trade,TESTE,99843.84949739148,178,,,,GOLDM,BARCL,,,
2026-05-24T23:47:26.322Z,market,trade,TESTE,99844.33436931187,8,,,,JPM,CS,,,
2026-05-24T23:47:26.476Z,market,trade,TESTE,99853.26518614824,192,,,,JPM,ITAU,,,
2026-05-24T23:47:26.631Z,market,trade,TESTE,99838.78556692858,124,,,,ITAU,XP,,,
2026-05-24T23:47:26.788Z,market,trade,TESTE,99836.01082520121,182,,,,MS,BTG,,,
2026-05-24T23:47:26.955Z,market,trade,TESTE,99844.29048154442,171,,,,GOLDM,ITAU,,,
2026-05-24T23:47:27.109Z,market,trade,TESTE,99836.13222681584,13,,,,GOLDM,MS,,,
2026-05-24T23:47:27.263Z,market,trade,TESTE,99843.78412947815,155,,,,CITI,BTG,,,
2026-05-24T23:47:27.418Z,market,trade,TESTE,99845.79355221623,33,,,,XP,UBS,,,
2026-05-24T23:47:27.574Z,market,trade,TESTE,99846.17874070011,78,,,,GOLDM,UBS,,,
2026-05-24T23:47:27.730Z,market,trade,TESTE,99844.69958570298,131,,,,MS,BARCL,,,
2026-05-24T23:47:27.886Z,market,trade,TESTE,99834.55131263776,11,,,,BTG,CS,,,
2026-05-24T23:47:28.040Z,market,trade,TESTE,99840.81493489894,51,,,,XP,UBS,,,
2026-05-24T23:47:28.196Z,market,trade,TESTE,99836.39240286227,52,,,,CITI,UBS,,,
2026-05-24T23:47:28.350Z,market,trade,TESTE,99827.90611351663,128,,,,JPM,JPM,,,
2026-05-24T23:47:28.508Z,market,trade,TESTE,99830.16438667242,132,,,,ITAU,UBS,,,
2026-05-24T23:47:28.663Z,market,trade,TESTE,99842.02147887977,103,,,,BTG,ITAU,,,
2026-05-24T23:47:28.818Z,market,trade,TESTE,99846.88574930168,161,,,,XP,CS,,,
2026-05-24T23:47:28.973Z,market,trade,TESTE,99845.19331250718,24,,,,XP,GOLDM,,,
2026-05-24T23:47:29.138Z,market,trade,TESTE,99831.00780573676,24,,,,BTG,CS,,,
2026-05-24T23:47:29.293Z,market,trade,TESTE,99840.24265728654,68,,,,XP,XP,,,
2026-05-24T23:47:29.447Z,market,trade,TESTE,99842.89404012624,52,,,,CS,CS,,,
2026-05-24T23:47:29.603Z,market,trade,TESTE,99836.27421186953,30,,,,XP,ITAU,,,
2026-05-24T23:47:29.763Z,market,trade,TESTE,99843.58213646314,141,,,,CS,MS,,,
2026-05-24T23:47:29.920Z,market,trade,TESTE,99830.82901635402,149,,,,CITI,CITI,,,
2026-05-24T23:47:30.074Z,market,trade,TESTE,99843.97229566971,134,,,,UBS,MS,,,
2026-05-24T23:47:30.233Z,market,trade,TESTE,99835.199277301,115,,,,UBS,BTG,,,
2026-05-24T23:47:30.387Z,market,trade,TESTE,99843.8633219796,86,,,,BARCL,UBS,,,
2026-05-24T23:47:30.539Z,market,trade,TESTE,99846.52351878058,162,,,,BTG,GOLDM,,,
2026-05-24T23:47:30.693Z,market,trade,TESTE,99844.42374222183,42,,,,JPM,MS,,,
2026-05-24T23:47:30.848Z,market,trade,TESTE,99835.76824033332,71,,,,ITAU,MS,,,
2026-05-24T23:47:31.002Z,market,trade,TESTE,99833.34160870474,117,,,,CS,XP,,,
2026-05-24T23:47:31.158Z,market,trade,TESTE,99831.54092666923,131,,,,CS,CS,,,
2026-05-24T23:47:31.323Z,market,trade,TESTE,99836.01182970805,122,,,,GOLDM,BARCL,,,
2026-05-24T23:47:31.486Z,market,trade,TESTE,99834.8880015013,78,,,,BTG,UBS,,,
2026-05-24T23:47:31.652Z,market,trade,TESTE,99833.10103238198,30,,,,MS,UBS,,,
2026-05-24T23:47:31.813Z,market,trade,TESTE,99834.0426445586,157,,,,BTG,UBS,,,
2026-05-24T23:47:31.966Z,market,trade,TESTE,99836.07448330855,191,,,,ITAU,JPM,,,
2026-05-24T23:47:32.121Z,market,trade,TESTE,99847.51564804431,181,,,,UBS,ITAU,,,
2026-05-24T23:47:32.274Z,market,trade,TESTE,99835.98349760023,74,,,,JPM,BTG,,,
2026-05-24T23:47:32.428Z,market,trade,TESTE,99843.3308237773,113,,,,CITI,CS,,,
2026-05-24T23:47:32.583Z,market,trade,TESTE,99830.41861493254,117,,,,CS,JPM,,,
2026-05-24T23:47:32.738Z,market,trade,TESTE,99839.91002375695,91,,,,JPM,CITI,,,
2026-05-24T23:47:32.895Z,market,trade,TESTE,99826.36142086158,137,,,,MS,GOLDM,,,
2026-05-24T23:47:33.050Z,market,trade,TESTE,99831.73634284295,117,,,,BTG,MS,,,
2026-05-24T23:47:33.205Z,market,trade,TESTE,99817.98151641071,102,,,,CITI,MS,,,
2026-05-24T23:47:33.359Z,market,trade,TESTE,99829.26475772804,48,,,,MS,BARCL,,,
2026-05-24T23:47:33.517Z,market,trade,TESTE,99824.63816295721,48,,,,ITAU,BTG,,,
2026-05-24T23:47:33.673Z,market,trade,TESTE,99814.02613576897,51,,,,UBS,CS,,,
2026-05-24T23:47:33.825Z,market,trade,TESTE,99817.86372440202,111,,,,GOLDM,BARCL,,,
2026-05-24T23:47:33.980Z,market,trade,TESTE,99826.29163156655,129,,,,CS,JPM,,,
2026-05-24T23:47:34.132Z,market,trade,TESTE,99830.47417862552,67,,,,JPM,BARCL,,,
2026-05-24T23:47:34.288Z,market,trade,TESTE,99818.93669531602,158,,,,ITAU,BTG,,,
2026-05-24T23:47:34.442Z,market,trade,TESTE,99814.82509485187,55,,,,JPM,XP,,,
2026-05-24T23:47:34.597Z,market,trade,TESTE,99825.75718041703,159,,,,ITAU,BTG,,,
2026-05-24T23:47:34.753Z,market,trade,TESTE,99823.45149682951,35,,,,JPM,BTG,,,
2026-05-24T23:47:34.907Z,market,trade,TESTE,99823.47562633386,87,,,,XP,BARCL,,,
2026-05-24T23:47:35.060Z,market,trade,TESTE,99817.5716762168,55,,,,UBS,JPM,,,
2026-05-24T23:47:35.225Z,market,trade,TESTE,99824.36441707284,69,,,,BTG,UBS,,,
2026-05-24T23:47:35.384Z,market,trade,TESTE,99828.91069409244,153,,,,BTG,XP,,,
2026-05-24T23:47:35.545Z,market,trade,TESTE,99830.54641268685,182,,,,UBS,BTG,,,
2026-05-24T23:47:35.700Z,market,trade,TESTE,99835.16890510672,105,,,,CITI,MS,,,
2026-05-24T23:47:35.854Z,market,trade,TESTE,99825.38872492532,82,,,,JPM,UBS,,,
2026-05-24T23:47:36.011Z,market,trade,TESTE,99825.70442833765,134,,,,BARCL,XP,,,
2026-05-24T23:47:36.166Z,market,trade,TESTE,99834.1656075565,125,,,,CS,CS,,,
2026-05-24T23:47:36.322Z,market,trade,TESTE,99820.60894912243,52,,,,UBS,CS,,,
2026-05-24T23:47:36.481Z,market,trade,TESTE,99823.18697035956,47,,,,BARCL,JPM,,,
2026-05-24T23:47:36.645Z,market,trade,TESTE,99835.4833580124,106,,,,MS,ITAU,,,
2026-05-24T23:47:36.799Z,market,trade,TESTE,99835.46792616704,93,,,,BARCL,UBS,,,
2026-05-24T23:47:36.954Z,market,trade,TESTE,99822.26403318254,95,,,,BARCL,BTG,,,
2026-05-24T23:47:37.109Z,market,trade,TESTE,99834.52868759999,30,,,,BARCL,BTG,,,
2026-05-24T23:47:37.265Z,market,trade,TESTE,99828.89254241803,168,,,,JPM,ITAU,,,
2026-05-24T23:47:37.420Z,market,trade,TESTE,99833.42308550884,68,,,,MS,ITAU,,,
2026-05-24T23:47:37.574Z,market,trade,TESTE,99847.05157860453,16,,,,CS,BARCL,,,
2026-05-24T23:47:37.727Z,market,trade,TESTE,99849.82079366258,116,,,,BARCL,CS,,,
2026-05-24T23:47:37.882Z,market,trade,TESTE,99842.99569219144,166,,,,UBS,UBS,,,
2026-05-24T23:47:38.037Z,market,trade,TESTE,99841.50307851536,169,,,,BARCL,BARCL,,,
2026-05-24T23:47:38.193Z,market,trade,TESTE,99846.47373506048,125,,,,GOLDM,XP,,,
2026-05-24T23:47:38.349Z,market,trade,TESTE,99856.25998411932,157,,,,CS,CS,,,
2026-05-24T23:47:38.504Z,market,trade,TESTE,99849.9572564365,136,,,,BTG,MS,,,
2026-05-24T23:47:38.658Z,market,trade,TESTE,99852.8298843248,164,,,,XP,ITAU,,,
2026-05-24T23:47:38.812Z,market,trade,TESTE,99858.92370850181,103,,,,CITI,JPM,,,
2026-05-24T23:47:38.967Z,market,trade,TESTE,99848.75620094316,190,,,,ITAU,JPM,,,
2026-05-24T23:47:39.121Z,market,trade,TESTE,99846.35033239945,157,,,,UBS,CS,,,
2026-05-24T23:47:39.274Z,market,trade,TESTE,99853.94492704188,63,,,,XP,CS,,,
2026-05-24T23:47:39.427Z,market,trade,TESTE,99857.04765765356,63,,,,CS,CITI,,,
2026-05-24T23:47:39.580Z,market,trade,TESTE,99855.2504374698,158,,,,CS,MS,,,
2026-05-24T23:47:39.737Z,market,trade,TESTE,99847.2099741003,26,,,,CITI,GOLDM,,,
2026-05-24T23:47:39.891Z,market,trade,TESTE,99844.16203178605,96,,,,XP,MS,,,
2026-05-24T23:47:40.048Z,market,trade,TESTE,99847.38570260278,178,,,,GOLDM,UBS,,,
2026-05-24T23:47:40.204Z,market,trade,TESTE,99850.79676795607,142,,,,ITAU,BARCL,,,
2026-05-24T23:47:40.360Z,market,trade,TESTE,99858.82230707262,132,,,,CITI,GOLDM,,,
2026-05-24T23:47:40.515Z,market,trade,TESTE,99844.67983272063,55,,,,CS,UBS,,,
2026-05-24T23:47:40.668Z,market,trade,TESTE,99853.6063992824,85,,,,CITI,MS,,,
2026-05-24T23:47:40.821Z,market,trade,TESTE,99851.93627878498,195,,,,CS,BTG,,,
2026-05-24T23:47:40.976Z,market,trade,TESTE,99856.86984150694,192,,,,GOLDM,XP,,,
2026-05-24T23:47:41.132Z,market,trade,TESTE,99852.61432384714,153,,,,MS,GOLDM,,,
2026-05-24T23:47:41.289Z,market,trade,TESTE,99850.06596015352,5,,,,MS,JPM,,,
2026-05-24T23:47:41.440Z,market,trade,TESTE,99852.39491518393,127,,,,BARCL,CS,,,
2026-05-24T23:47:41.595Z,market,trade,TESTE,99842.33326081671,171,,,,CS,BARCL,,,
2026-05-24T23:47:41.750Z,market,trade,TESTE,99851.11370514553,36,,,,UBS,MS,,,
2026-05-24T23:47:41.906Z,market,trade,TESTE,99852.60462590895,163,,,,BTG,MS,,,
2026-05-24T23:47:42.061Z,market,trade,TESTE,99841.12818685953,106,,,,GOLDM,JPM,,,
2026-05-24T23:47:42.218Z,market,trade,TESTE,99855.76892262355,165,,,,CITI,UBS,,,
2026-05-24T23:47:42.374Z,market,trade,TESTE,99853.88685575934,108,,,,JPM,GOLDM,,,
2026-05-24T23:47:42.527Z,market,trade,TESTE,99840.84186479764,106,,,,JPM,CITI,,,
2026-05-24T23:47:42.682Z,market,trade,TESTE,99854.90287455256,107,,,,CITI,GOLDM,,,
2026-05-24T23:47:42.835Z,market,trade,TESTE,99856.87473576392,151,,,,CS,UBS,,,
2026-05-24T23:47:42.989Z,market,trade,TESTE,99854.93714798396,99,,,,MS,UBS,,,
2026-05-24T23:47:43.144Z,market,trade,TESTE,99858.0464123401,81,,,,CITI,CS,,,
2026-05-24T23:47:43.300Z,market,trade,TESTE,99851.98716162637,169,,,,JPM,ITAU,,,
2026-05-24T23:47:43.454Z,market,trade,TESTE,99849.30738972039,123,,,,ITAU,XP,,,
2026-05-24T23:47:43.607Z,market,trade,TESTE,99851.1560939932,200,,,,CITI,CITI,,,
2026-05-24T23:47:43.761Z,market,trade,TESTE,99856.77221478225,91,,,,CS,BTG,,,
2026-05-24T23:47:43.918Z,market,trade,TESTE,99857.20317465007,122,,,,UBS,XP,,,
2026-05-24T23:47:44.075Z,market,trade,TESTE,99842.57750357027,181,,,,CS,CS,,,
2026-05-24T23:47:44.230Z,market,trade,TESTE,99852.48805801482,97,,,,MS,ITAU,,,
2026-05-24T23:47:44.396Z,market,trade,TESTE,99840.70558346612,44,,,,CITI,JPM,,,
2026-05-24T23:47:44.552Z,market,trade,TESTE,99851.96076996828,65,,,,BTG,ITAU,,,
2026-05-24T23:47:44.705Z,market,trade,TESTE,99853.70503496681,168,,,,XP,BTG,,,
2026-05-24T23:47:44.874Z,market,trade,TESTE,99847.59198312445,67,,,,CITI,BARCL,,,
2026-05-24T23:47:45.039Z,market,trade,TESTE,99854.78296429786,131,,,,GOLDM,XP,,,
2026-05-24T23:47:45.195Z,market,trade,TESTE,99850.99781971765,125,,,,BTG,BARCL,,,
2026-05-24T23:47:45.351Z,market,trade,TESTE,99855.37627449262,119,,,,MS,UBS,,,
2026-05-24T23:47:45.506Z,market,trade,TESTE,99850.90348748004,88,,,,JPM,CITI,,,
2026-05-24T23:47:45.661Z,market,trade,TESTE,99839.11770785387,187,,,,CS,UBS,,,
2026-05-24T23:47:45.815Z,market,trade,TESTE,99849.30395989682,29,,,,CS,BTG,,,
2026-05-24T23:47:45.969Z,market,trade,TESTE,99841.52484525421,26,,,,CS,GOLDM,,,
2026-05-24T23:47:46.123Z,market,trade,TESTE,99839.13849175148,24,,,,CS,CITI,,,
2026-05-24T23:47:46.279Z,market,trade,TESTE,99853.5759625764,29,,,,CITI,UBS,,,
2026-05-24T23:47:46.444Z,market,trade,TESTE,99841.98883978238,193,,,,CS,ITAU,,,
2026-05-24T23:47:46.600Z,market,trade,TESTE,99849.44732554618,147,,,,UBS,BARCL,,,
2026-05-24T23:47:46.767Z,market,trade,TESTE,99837.3536913848,24,,,,CS,CS,,,
2026-05-24T23:47:46.921Z,market,trade,TESTE,99837.48243719437,41,,,,JPM,CITI,,,
2026-05-24T23:47:47.076Z,market,trade,TESTE,99847.72942412602,59,,,,MS,CITI,,,
2026-05-24T23:47:47.230Z,market,trade,TESTE,99845.86412459807,6,,,,BARCL,GOLDM,,,
2026-05-24T23:47:47.395Z,market,trade,TESTE,99832.64470112359,21,,,,UBS,ITAU,,,
2026-05-24T23:47:47.550Z,market,trade,TESTE,99833.27996428328,141,,,,XP,GOLDM,,,
2026-05-24T23:47:47.707Z,market,trade,TESTE,99847.19841844881,185,,,,BTG,MS,,,
2026-05-24T23:47:47.862Z,market,trade,TESTE,99838.99942069066,111,,,,CITI,CS,,,
2026-05-24T23:47:48.016Z,market,trade,TESTE,99838.29070058872,33,,,,BARCL,XP,,,
2026-05-24T23:47:48.172Z,market,trade,TESTE,99849.10543420601,90,,,,UBS,MS,,,
2026-05-24T23:47:48.327Z,market,trade,TESTE,99850.09808594426,161,,,,MS,BTG,,,
2026-05-24T23:47:48.483Z,market,trade,TESTE,99846.45726351095,50,,,,GOLDM,CS,,,
2026-05-24T23:47:48.638Z,market,trade,TESTE,99846.40708458073,137,,,,CS,ITAU,,,
2026-05-24T23:47:48.794Z,market,trade,TESTE,99834.91486052008,166,,,,UBS,BTG,,,
2026-05-24T23:47:48.950Z,market,trade,TESTE,99839.20916678719,68,,,,UBS,UBS,,,
2026-05-24T23:47:49.105Z,market,trade,TESTE,99844.78782459622,56,,,,UBS,BARCL,,,
2026-05-24T23:47:49.263Z,market,trade,TESTE,99838.40962208265,100,,,,XP,GOLDM,,,
2026-05-24T23:47:49.419Z,market,trade,TESTE,99841.73820391583,200,,,,CITI,UBS,,,
2026-05-24T23:47:49.579Z,market,trade,TESTE,99850.76005134657,89,,,,MS,ITAU,,,
2026-05-24T23:47:49.748Z,market,trade,TESTE,99847.8529493954,148,,,,MS,GOLDM,,,
2026-05-24T23:47:49.900Z,market,trade,TESTE,99836.7786621881,103,,,,BTG,BTG,,,
2026-05-24T23:47:50.056Z,market,trade,TESTE,99849.12104502981,135,,,,CS,BARCL,,,
2026-05-24T23:47:50.210Z,market,trade,TESTE,99853.90419117769,167,,,,CITI,CITI,,,
2026-05-24T23:47:50.366Z,market,trade,TESTE,99855.04754688662,137,,,,BTG,JPM,,,
2026-05-24T23:47:50.518Z,market,trade,TESTE,99842.65937291688,94,,,,GOLDM,ITAU,,,
2026-05-24T23:47:50.674Z,market,trade,TESTE,99845.84555242857,71,,,,XP,BARCL,,,
2026-05-24T23:47:50.828Z,market,trade,TESTE,99853.41666504221,115,,,,GOLDM,JPM,,,
2026-05-24T23:47:50.982Z,market,trade,TESTE,99848.90111756271,132,,,,MS,ITAU,,,
2026-05-24T23:47:51.147Z,market,trade,TESTE,99850.26087368555,40,,,,MS,XP,,,
2026-05-24T23:47:51.299Z,market,trade,TESTE,99835.78135681571,88,,,,XP,BTG,,,
2026-05-24T23:47:51.455Z,market,trade,TESTE,99836.67009231844,16,,,,MS,CITI,,,
2026-05-24T23:47:51.609Z,market,trade,TESTE,99841.51847272328,141,,,,UBS,XP,,,
2026-05-24T23:47:51.763Z,market,trade,TESTE,99841.24047419158,85,,,,BARCL,MS,,,
2026-05-24T23:47:51.919Z,market,trade,TESTE,99855.06871564024,37,,,,UBS,CS,,,
2026-05-24T23:47:52.074Z,market,trade,TESTE,99841.29680374145,89,,,,GOLDM,GOLDM,,,
2026-05-24T23:47:52.232Z,market,trade,TESTE,99839.8644195985,129,,,,JPM,XP,,,
2026-05-24T23:47:52.395Z,market,trade,TESTE,99846.30393458703,59,,,,XP,XP,,,
2026-05-24T23:47:52.552Z,market,trade,TESTE,99831.48414073673,111,,,,JPM,GOLDM,,,
2026-05-24T23:47:52.715Z,market,trade,TESTE,99836.19012804238,110,,,,CITI,BARCL,,,
2026-05-24T23:47:52.871Z,market,trade,TESTE,99838.46209530947,173,,,,BARCL,BTG,,,
2026-05-24T23:47:53.026Z,market,trade,TESTE,99849.69831776066,126,,,,JPM,UBS,,,
2026-05-24T23:47:53.177Z,market,trade,TESTE,99847.59912363552,166,,,,JPM,ITAU,,,
2026-05-24T23:47:53.332Z,market,trade,TESTE,99834.12910068438,37,,,,MS,XP,,,
2026-05-24T23:47:53.488Z,market,trade,TESTE,99833.3634506946,101,,,,GOLDM,CITI,,,
2026-05-24T23:47:53.642Z,market,trade,TESTE,99845.53946504736,165,,,,CITI,ITAU,,,
2026-05-24T23:47:53.798Z,market,trade,TESTE,99837.83979963532,16,,,,MS,MS,,,
2026-05-24T23:47:53.953Z,market,trade,TESTE,99837.37099156121,89,,,,GOLDM,MS,,,
2026-05-24T23:47:54.111Z,market,trade,TESTE,99839.89605350136,171,,,,UBS,ITAU,,,
2026-05-24T23:47:54.263Z,market,trade,TESTE,99852.36691294923,150,,,,ITAU,XP,,,
2026-05-24T23:47:54.415Z,market,trade,TESTE,99841.68526155667,174,,,,CS,JPM,,,
2026-05-24T23:47:54.571Z,market,trade,TESTE,99838.57513498681,17,,,,CS,UBS,,,
2026-05-24T23:47:54.726Z,market,trade,TESTE,99837.23334584224,189,,,,CS,UBS,,,
2026-05-24T23:47:54.880Z,market,trade,TESTE,99836.50109154792,24,,,,UBS,CS,,,
2026-05-24T23:47:55.040Z,market,trade,TESTE,99835.41626059648,22,,,,CS,JPM,,,
2026-05-24T23:47:55.197Z,market,trade,TESTE,99842.69524295609,59,,,,JPM,CITI,,,
2026-05-24T23:47:55.354Z,market,trade,TESTE,99838.02640312293,100,,,,BTG,JPM,,,
2026-05-24T23:47:55.509Z,market,trade,TESTE,99838.16624882206,131,,,,CITI,BTG,,,
2026-05-24T23:47:55.663Z,market,trade,TESTE,99832.177518439,189,,,,MS,ITAU,,,
2026-05-24T23:47:55.818Z,market,trade,TESTE,99832.54055352043,179,,,,ITAU,BTG,,,
2026-05-24T23:47:55.975Z,market,trade,TESTE,99836.92543071524,141,,,,UBS,CITI,,,
2026-05-24T23:47:56.132Z,market,trade,TESTE,99841.58732303731,44,,,,JPM,ITAU,,,
2026-05-24T23:47:56.288Z,market,trade,TESTE,99850.59569197967,6,,,,GOLDM,GOLDM,,,
2026-05-24T23:47:56.443Z,market,trade,TESTE,99855.25994281958,160,,,,GOLDM,BARCL,,,
2026-05-24T23:47:56.595Z,market,trade,TESTE,99850.6321448624,177,,,,BTG,GOLDM,,,
2026-05-24T23:47:56.752Z,market,trade,TESTE,99844.24299470449,15,,,,BARCL,BTG,,,
2026-05-24T23:47:56.907Z,market,trade,TESTE,99843.82414874136,29,,,,UBS,MS,,,
2026-05-24T23:47:57.062Z,market,trade,TESTE,99841.39258797273,146,,,,CITI,BTG,,,
2026-05-24T23:47:57.218Z,market,trade,TESTE,99854.42540731431,117,,,,ITAU,MS,,,
2026-05-24T23:47:57.372Z,market,trade,TESTE,99842.23278512606,45,,,,ITAU,BTG,,,
2026-05-24T23:47:57.530Z,market,trade,TESTE,99851.22691510913,36,,,,BTG,MS,,,
2026-05-24T23:47:57.683Z,market,trade,TESTE,99855.99808302644,43,,,,BTG,GOLDM,,,
2026-05-24T23:47:57.838Z,market,trade,TESTE,99857.87045497012,165,,,,CS,CITI,,,
2026-05-24T23:47:57.993Z,market,trade,TESTE,99861.6238656884,23,,,,CS,ITAU,,,
2026-05-24T23:47:58.151Z,market,trade,TESTE,99853.2300109,80,,,,BARCL,BTG,,,
2026-05-24T23:47:58.302Z,market,trade,TESTE,99853.31253055866,97,,,,MS,CITI,,,
2026-05-24T23:47:58.457Z,market,trade,TESTE,99857.78282885687,59,,,,ITAU,CITI,,,
2026-05-24T23:47:58.610Z,market,trade,TESTE,99855.18426174983,50,,,,CITI,CS,,,
2026-05-24T23:47:58.766Z,market,trade,TESTE,99866.18815972644,54,,,,JPM,CITI,,,
2026-05-24T23:47:58.920Z,market,trade,TESTE,99855.81971878523,102,,,,XP,ITAU,,,
2026-05-24T23:47:59.075Z,market,trade,TESTE,99866.7761248443,171,,,,UBS,JPM,,,
2026-05-24T23:47:59.231Z,market,trade,TESTE,99871.58538587752,72,,,,CS,CS,,,
2026-05-24T23:47:59.388Z,market,trade,TESTE,99864.56262623513,10,,,,ITAU,BARCL,,,
2026-05-24T23:47:59.543Z,market,trade,TESTE,99876.05877712395,186,,,,GOLDM,JPM,,,
2026-05-24T23:47:59.696Z,market,trade,TESTE,99867.79762915784,130,,,,JPM,UBS,,,
2026-05-24T23:47:59.852Z,market,trade,TESTE,99864.85448688139,170,,,,ITAU,XP,,,
2026-05-24T23:48:00.008Z,market,trade,TESTE,99861.44561860051,127,,,,ITAU,JPM,,,
2026-05-24T23:48:00.164Z,market,trade,TESTE,99859.06711229343,190,,,,GOLDM,BARCL,,,
2026-05-24T23:48:00.320Z,market,trade,TESTE,99865.89589749507,9,,,,JPM,GOLDM,,,
2026-05-24T23:48:00.476Z,market,trade,TESTE,99865.37190123112,185,,,,BARCL,JPM,,,
2026-05-24T23:48:00.631Z,market,trade,TESTE,99851.75486107536,140,,,,ITAU,BTG,,,
2026-05-24T23:48:00.789Z,market,trade,TESTE,99850.23460696985,25,,,,GOLDM,CITI,,,
2026-05-24T23:48:00.944Z,market,trade,TESTE,99864.6530659554,9,,,,BARCL,XP,,,
2026-05-24T23:48:01.099Z,market,trade,TESTE,99869.48005071365,25,,,,CITI,ITAU,,,
2026-05-24T23:48:01.255Z,market,trade,TESTE,99870.91256087978,69,,,,GOLDM,UBS,,,
2026-05-24T23:48:01.410Z,market,trade,TESTE,99867.58516542874,45,,,,ITAU,XP,,,
2026-05-24T23:48:01.565Z,market,trade,TESTE,99859.49874589541,72,,,,CS,CITI,,,
2026-05-24T23:48:01.722Z,market,trade,TESTE,99872.98632818679,99,,,,CITI,UBS,,,
2026-05-24T23:48:01.875Z,market,trade,TESTE,99870.56854280356,6,,,,JPM,GOLDM,,,
2026-05-24T23:48:02.029Z,market,trade,TESTE,99866.16404926745,50,,,,BTG,JPM,,,
2026-05-24T23:48:02.184Z,market,trade,TESTE,99870.40157936867,104,,,,BTG,ITAU,,,
2026-05-24T23:48:02.339Z,market,trade,TESTE,99873.16388721786,95,,,,MS,MS,,,
2026-05-24T23:48:02.495Z,market,trade,TESTE,99870.63803565492,22,,,,CS,JPM,,,
2026-05-24T23:48:02.652Z,market,trade,TESTE,99871.52286917478,155,,,,BTG,BTG,,,
2026-05-24T23:48:02.802Z,market,trade,TESTE,99863.20604309662,60,,,,XP,CITI,,,
2026-05-24T23:48:02.958Z,market,trade,TESTE,99870.51076813514,145,,,,UBS,XP,,,
2026-05-24T23:48:03.112Z,market,trade,TESTE,99864.22982981183,120,,,,GOLDM,CS,,,
2026-05-24T23:48:03.266Z,market,trade,TESTE,99876.38826707656,12,,,,BTG,XP,,,
2026-05-24T23:48:03.421Z,market,trade,TESTE,99878.24360439692,111,,,,BTG,CS,,,
2026-05-24T23:48:03.575Z,market,trade,TESTE,99870.52918503752,191,,,,CITI,XP,,,
2026-05-24T23:48:03.729Z,market,trade,TESTE,99867.69756593565,194,,,,BTG,MS,,,
2026-05-24T23:48:03.882Z,market,trade,TESTE,99877.93636978806,151,,,,CITI,MS,,,
2026-05-24T23:48:04.041Z,market,trade,TESTE,99879.09789272083,81,,,,BARCL,CS,,,
2026-05-24T23:48:04.193Z,market,trade,TESTE,99874.43774014298,104,,,,MS,XP,,,
2026-05-24T23:48:04.345Z,market,trade,TESTE,99870.75658372632,113,,,,MS,CS,,,
2026-05-24T23:48:04.500Z,market,trade,TESTE,99863.28954215093,181,,,,JPM,GOLDM,,,
2026-05-24T23:48:04.651Z,market,trade,TESTE,99868.90500628232,17,,,,BTG,BARCL,,,
2026-05-24T23:48:04.807Z,market,trade,TESTE,99872.75502344675,165,,,,ITAU,XP,,,
2026-05-24T23:48:04.966Z,market,trade,TESTE,99857.81467534645,130,,,,ITAU,MS,,,
2026-05-24T23:48:05.119Z,market,trade,TESTE,99868.25648759658,179,,,,XP,BTG,,,
2026-05-24T23:48:05.274Z,market,trade,TESTE,99858.35645666327,65,,,,UBS,ITAU,,,
2026-05-24T23:48:05.427Z,market,trade,TESTE,99862.59813681027,6,,,,BARCL,BTG,,,
2026-05-24T23:48:05.584Z,market,trade,TESTE,99866.29126939419,56,,,,JPM,BARCL,,,
2026-05-24T23:48:05.740Z,market,trade,TESTE,99864.02928083007,81,,,,ITAU,BARCL,,,
2026-05-24T23:48:05.897Z,market,trade,TESTE,99869.1809884893,140,,,,MS,CITI,,,
2026-05-24T23:48:06.051Z,market,trade,TESTE,99873.89018589786,31,,,,BARCL,UBS,,,
2026-05-24T23:48:06.206Z,market,trade,TESTE,99870.90280098915,20,,,,BTG,UBS,,,
2026-05-24T23:48:06.363Z,market,trade,TESTE,99855.9185868441,172,,,,CS,BTG,,,
2026-05-24T23:48:06.518Z,market,trade,TESTE,99857.63087576634,156,,,,XP,CITI,,,
2026-05-24T23:48:06.672Z,market,trade,TESTE,99871.28193696021,6,,,,MS,GOLDM,,,
2026-05-24T23:48:06.834Z,market,trade,TESTE,99875.91593517842,13,,,,XP,CITI,,,
2026-05-24T23:48:06.989Z,market,trade,TESTE,99871.32025251731,154,,,,XP,XP,,,
2026-05-24T23:48:07.143Z,market,trade,TESTE,99859.62913169009,198,,,,XP,CITI,,,
2026-05-24T23:48:07.298Z,market,trade,TESTE,99874.48491413747,88,,,,XP,GOLDM,,,
2026-05-24T23:48:07.456Z,market,trade,TESTE,99872.03940762751,127,,,,ITAU,GOLDM,,,
2026-05-24T23:48:07.616Z,market,trade,TESTE,99857.94138093991,133,,,,JPM,MS,,,
2026-05-24T23:48:07.769Z,market,trade,TESTE,99868.67013738462,94,,,,UBS,GOLDM,,,
2026-05-24T23:48:07.923Z,market,trade,TESTE,99866.57425621708,184,,,,GOLDM,BTG,,,
2026-05-24T23:48:08.076Z,market,trade,TESTE,99864.17217443386,73,,,,CS,JPM,,,
2026-05-24T23:48:08.231Z,market,trade,TESTE,99855.73951519918,148,,,,CS,JPM,,,
2026-05-24T23:48:08.386Z,market,trade,TESTE,99853.25158944189,116,,,,BARCL,CS,,,
2026-05-24T23:48:08.540Z,market,trade,TESTE,99856.78349636453,13,,,,MS,GOLDM,,,
2026-05-24T23:48:08.694Z,market,trade,TESTE,99863.72582094371,170,,,,GOLDM,CS,,,
2026-05-24T23:48:08.852Z,market,trade,TESTE,99861.0839453187,193,,,,CS,BTG,,,
2026-05-24T23:48:09.010Z,market,trade,TESTE,99848.34178436716,103,,,,CS,GOLDM,,,
2026-05-24T23:48:09.171Z,market,trade,TESTE,99844.65848297243,164,,,,BARCL,ITAU,,,
2026-05-24T23:48:09.341Z,market,trade,TESTE,99852.33116280926,28,,,,CS,XP,,,
2026-05-24T23:48:09.499Z,market,trade,TESTE,99846.21998140596,110,,,,MS,GOLDM,,,
2026-05-24T23:48:09.654Z,market,trade,TESTE,99843.17804956423,168,,,,BTG,ITAU,,,
2026-05-24T23:48:09.810Z,market,trade,TESTE,99846.10495167585,186,,,,JPM,UBS,,,
2026-05-24T23:48:09.965Z,market,trade,TESTE,99853.13777641392,18,,,,ITAU,GOLDM,,,
2026-05-24T23:48:10.120Z,market,trade,TESTE,99845.85407862796,110,,,,ITAU,CS,,,
2026-05-24T23:48:10.275Z,market,trade,TESTE,99844.78005069346,87,,,,ITAU,BTG,,,
2026-05-24T23:48:10.430Z,market,trade,TESTE,99856.8412876188,71,,,,BTG,CITI,,,
2026-05-24T23:48:10.589Z,market,trade,TESTE,99853.51814723671,76,,,,JPM,JPM,,,
2026-05-24T23:48:10.741Z,market,trade,TESTE,99854.30859893693,174,,,,XP,GOLDM,,,
2026-05-24T23:48:10.896Z,market,trade,TESTE,99848.91599996692,94,,,,BARCL,XP,,,
2026-05-24T23:48:11.054Z,market,trade,TESTE,99848.22670932222,104,,,,JPM,CITI,,,
2026-05-24T23:48:11.209Z,market,trade,TESTE,99856.25826754795,91,,,,UBS,BTG,,,
2026-05-24T23:48:11.363Z,market,trade,TESTE,99844.47556584833,141,,,,BARCL,ITAU,,,
2026-05-24T23:48:11.518Z,market,trade,TESTE,99846.51681768056,109,,,,MS,BARCL,,,
2026-05-24T23:48:11.675Z,market,trade,TESTE,99852.35739919737,157,,,,BARCL,MS,,,
2026-05-24T23:48:11.830Z,market,trade,TESTE,99851.42215446502,178,,,,CS,GOLDM,,,
2026-05-24T23:48:11.984Z,market,trade,TESTE,99846.84585035492,11,,,,JPM,JPM,,,
2026-05-24T23:48:12.140Z,market,trade,TESTE,99834.74601440168,153,,,,JPM,BARCL,,,
2026-05-24T23:48:12.293Z,market,trade,TESTE,99834.63637936424,121,,,,ITAU,MS,,,
2026-05-24T23:48:12.453Z,market,trade,TESTE,99847.45717571225,166,,,,XP,GOLDM,,,
2026-05-24T23:48:12.607Z,market,trade,TESTE,99849.48179058821,162,,,,GOLDM,CS,,,
2026-05-24T23:48:12.762Z,market,trade,TESTE,99841.89563842995,14,,,,MS,XP,,,
2026-05-24T23:48:12.917Z,market,trade,TESTE,99854.70407072149,126,,,,CITI,CITI,,,
2026-05-24T23:48:13.073Z,market,trade,TESTE,99856.99423608911,194,,,,JPM,JPM,,,
2026-05-24T23:48:13.228Z,market,trade,TESTE,99857.94597235601,198,,,,XP,BTG,,,
2026-05-24T23:48:13.384Z,market,trade,TESTE,99862.55572011904,87,,,,BARCL,BTG,,,
2026-05-24T23:48:13.539Z,market,trade,TESTE,99866.7079285715,97,,,,UBS,BARCL,,,
2026-05-24T23:48:13.694Z,market,trade,TESTE,99856.19638454812,112,,,,MS,CS,,,
2026-05-24T23:48:13.849Z,market,trade,TESTE,99852.26570644625,140,,,,CITI,UBS,,,
2026-05-24T23:48:14.004Z,market,trade,TESTE,99850.41639787394,23,,,,BARCL,UBS,,,
2026-05-24T23:48:14.158Z,market,trade,TESTE,99848.14676734449,154,,,,CITI,CITI,,,
2026-05-24T23:48:14.316Z,market,trade,TESTE,99857.67270989809,176,,,,CITI,JPM,,,
2026-05-24T23:48:14.471Z,market,trade,TESTE,99859.26481370124,182,,,,GOLDM,BARCL,,,
2026-05-24T23:48:14.627Z,market,trade,TESTE,99845.22858862736,82,,,,ITAU,MS,,,
2026-05-24T23:48:14.793Z,market,trade,TESTE,99847.09569475257,33,,,,JPM,BARCL,,,
2026-05-24T23:48:14.953Z,market,trade,TESTE,99852.7939034308,196,,,,BTG,XP,,,
2026-05-24T23:48:15.107Z,market,trade,TESTE,99843.8650542742,50,,,,BTG,BARCL,,,
2026-05-24T23:48:15.265Z,market,trade,TESTE,99840.94288051952,141,,,,ITAU,ITAU,,,
2026-05-24T23:48:15.420Z,market,trade,TESTE,99838.20808712245,173,,,,ITAU,ITAU,,,
2026-05-24T23:48:15.575Z,market,trade,TESTE,99839.71591082925,173,,,,ITAU,CITI,,,
2026-05-24T23:48:15.730Z,market,trade,TESTE,99850.79397978693,57,,,,ITAU,CITI,,,
2026-05-24T23:48:15.885Z,market,trade,TESTE,99854.01316052488,158,,,,ITAU,JPM,,,
2026-05-24T23:48:16.040Z,market,trade,TESTE,99854.33108959155,16,,,,BTG,JPM,,,
2026-05-24T23:48:16.194Z,market,trade,TESTE,99852.22550947672,169,,,,BARCL,CITI,,,
2026-05-24T23:48:16.349Z,market,trade,TESTE,99838.6420689737,163,,,,GOLDM,JPM,,,
2026-05-24T23:48:16.507Z,market,trade,TESTE,99845.35346007548,31,,,,BTG,MS,,,
2026-05-24T23:48:16.685Z,market,trade,TESTE,99832.8383780065,109,,,,BTG,UBS,,,
2026-05-24T23:48:16.850Z,market,trade,TESTE,99845.91559359548,11,,,,UBS,JPM,,,
2026-05-24T23:48:17.004Z,market,trade,TESTE,99833.841477083,61,,,,BTG,CITI,,,
2026-05-24T23:48:17.157Z,market,trade,TESTE,99842.05448372346,116,,,,CITI,GOLDM,,,
2026-05-24T23:48:17.312Z,market,trade,TESTE,99836.86613420691,20,,,,UBS,BTG,,,
2026-05-24T23:48:17.465Z,market,trade,TESTE,99846.88023856668,19,,,,BTG,XP,,,
2026-05-24T23:48:17.620Z,market,trade,TESTE,99835.16207328759,105,,,,ITAU,ITAU,,,
2026-05-24T23:48:17.774Z,market,trade,TESTE,99848.7139831503,53,,,,BARCL,CS,,,
2026-05-24T23:48:17.939Z,market,trade,TESTE,99835.08413628873,80,,,,CS,BTG,,,
2026-05-24T23:48:18.094Z,market,trade,TESTE,99840.22448262604,64,,,,CS,JPM,,,
2026-05-24T23:48:18.246Z,market,trade,TESTE,99835.28932599469,104,,,,CS,GOLDM,,,
2026-05-24T23:48:18.402Z,market,trade,TESTE,99837.71331911598,157,,,,GOLDM,JPM,,,
2026-05-24T23:48:18.556Z,market,trade,TESTE,99828.69880138084,191,,,,BARCL,BTG,,,
2026-05-24T23:48:18.713Z,market,trade,TESTE,99825.53827365345,128,,,,BARCL,GOLDM,,,
2026-05-24T23:48:18.869Z,market,trade,TESTE,99833.30547671489,179,,,,UBS,GOLDM,,,
2026-05-24T23:48:19.028Z,market,trade,TESTE,99822.2610742066,176,,,,JPM,BARCL,,,
2026-05-24T23:48:19.183Z,market,trade,TESTE,99828.7222302634,36,,,,BTG,BTG,,,
2026-05-24T23:48:19.338Z,market,trade,TESTE,99818.30286450729,119,,,,XP,CITI,,,
2026-05-24T23:48:19.493Z,market,trade,TESTE,99820.42396661866,154,,,,UBS,UBS,,,
2026-05-24T23:48:19.649Z,market,trade,TESTE,99821.70432457987,20,,,,CS,CITI,,,
2026-05-24T23:48:19.805Z,market,trade,TESTE,99817.92439342951,199,,,,CITI,CITI,,,
2026-05-24T23:48:19.960Z,market,trade,TESTE,99826.29160711367,9,,,,BARCL,CITI,,,
2026-05-24T23:48:20.115Z,market,trade,TESTE,99824.14574141984,53,,,,ITAU,BTG,,,
2026-05-24T23:48:20.271Z,market,trade,TESTE,99824.23295433186,11,,,,CS,CITI,,,
2026-05-24T23:48:20.425Z,market,trade,TESTE,99822.11202268377,33,,,,BARCL,XP,,,
2026-05-24T23:48:20.580Z,market,trade,TESTE,99820.53593708285,86,,,,UBS,GOLDM,,,
2026-05-24T23:48:20.741Z,market,trade,TESTE,99807.74940624999,153,,,,CS,CITI,,,
2026-05-24T23:48:20.896Z,market,trade,TESTE,99820.81770543767,12,,,,BARCL,UBS,,,
2026-05-24T23:48:21.049Z,market,trade,TESTE,99813.59300706255,22,,,,UBS,CS,,,
2026-05-24T23:48:21.204Z,market,trade,TESTE,99808.85528633668,54,,,,XP,UBS,,,
2026-05-24T23:48:21.358Z,market,trade,TESTE,99812.98335088594,48,,,,JPM,GOLDM,,,
2026-05-24T23:48:21.512Z,market,trade,TESTE,99824.27609650172,66,,,,MS,CS,,,
2026-05-24T23:48:21.669Z,market,trade,TESTE,99828.03685417533,78,,,,JPM,CS,,,
2026-05-24T23:48:21.824Z,market,trade,TESTE,99832.70622313474,61,,,,GOLDM,JPM,,,
2026-05-24T23:48:21.979Z,market,trade,TESTE,99819.4466230708,186,,,,BARCL,BTG,,,
2026-05-24T23:48:22.132Z,market,trade,TESTE,99821.87928417888,197,,,,UBS,CITI,,,
2026-05-24T23:48:22.289Z,market,trade,TESTE,99829.3973822827,163,,,,UBS,BTG,,,
2026-05-24T23:48:22.448Z,market,trade,TESTE,99820.105093682,109,,,,ITAU,ITAU,,,
2026-05-24T23:48:22.602Z,market,trade,TESTE,99815.25442743965,95,,,,BTG,BTG,,,
2026-05-24T23:48:22.760Z,market,trade,TESTE,99813.54317764204,133,,,,XP,GOLDM,,,
2026-05-24T23:48:22.914Z,market,trade,TESTE,99817.32792309017,109,,,,MS,JPM,,,
2026-05-24T23:48:23.068Z,market,trade,TESTE,99814.7581694164,127,,,,CITI,CITI,,,
2026-05-24T23:48:23.224Z,market,trade,TESTE,99829.38878199451,162,,,,BTG,CITI,,,
2026-05-24T23:48:23.378Z,market,trade,TESTE,99820.48304135208,40,,,,BTG,GOLDM,,,
2026-05-24T23:48:23.533Z,market,trade,TESTE,99826.98138429387,51,,,,CITI,BARCL,,,
2026-05-24T23:48:23.690Z,market,trade,TESTE,99819.98041005594,166,,,,CITI,BARCL,,,
2026-05-24T23:48:23.846Z,market,trade,TESTE,99827.07553110462,176,,,,ITAU,BTG,,,
2026-05-24T23:48:23.998Z,market,trade,TESTE,99819.08876411816,166,,,,UBS,BTG,,,
2026-05-24T23:48:24.153Z,market,trade,TESTE,99821.15910920745,26,,,,ITAU,MS,,,
2026-05-24T23:48:24.319Z,market,trade,TESTE,99833.6429229772,6,,,,GOLDM,XP,,,
2026-05-24T23:48:24.479Z,market,trade,TESTE,99820.17054850342,193,,,,GOLDM,JPM,,,
2026-05-24T23:48:24.646Z,market,trade,TESTE,99815.82743732902,59,,,,GOLDM,MS,,,
2026-05-24T23:48:24.819Z,market,trade,TESTE,99816.93927619359,192,,,,MS,UBS,,,
2026-05-24T23:48:24.980Z,market,trade,TESTE,99820.45680950159,39,,,,BTG,UBS,,,
2026-05-24T23:48:25.138Z,market,trade,TESTE,99819.56706424747,36,,,,CITI,JPM,,,
2026-05-24T23:48:25.302Z,market,trade,TESTE,99829.18771202021,22,,,,GOLDM,BTG,,,
2026-05-24T23:48:25.455Z,market,trade,TESTE,99831.00759501562,15,,,,CS,UBS,,,
2026-05-24T23:48:25.609Z,market,trade,TESTE,99825.79718334989,171,,,,JPM,GOLDM,,,
2026-05-24T23:48:25.763Z,market,trade,TESTE,99831.57345082988,109,,,,BARCL,BTG,,,
2026-05-24T23:48:25.918Z,market,trade,TESTE,99834.33560152697,166,,,,UBS,BARCL,,,
2026-05-24T23:48:26.073Z,market,trade,TESTE,99836.71228547556,196,,,,ITAU,JPM,,,
2026-05-24T23:48:26.227Z,market,trade,TESTE,99837.80670319403,176,,,,GOLDM,GOLDM,,,
2026-05-24T23:48:26.381Z,market,trade,TESTE,99826.74067740676,10,,,,MS,BTG,,,
2026-05-24T23:48:26.536Z,market,trade,TESTE,99838.85486614307,81,,,,BARCL,BARCL,,,
2026-05-24T23:48:26.689Z,market,trade,TESTE,99824.0674278436,59,,,,MS,BARCL,,,
2026-05-24T23:48:26.843Z,market,trade,TESTE,99825.09382835274,169,,,,XP,MS,,,
2026-05-24T23:48:27.008Z,market,trade,TESTE,99836.33594407096,101,,,,UBS,UBS,,,
2026-05-24T23:48:27.170Z,market,trade,TESTE,99833.44463427688,90,,,,JPM,UBS,,,
2026-05-24T23:48:27.324Z,market,trade,TESTE,99826.76245049428,154,,,,CITI,CITI,,,
2026-05-24T23:48:27.479Z,market,trade,TESTE,99836.68634709921,142,,,,JPM,UBS,,,
2026-05-24T23:48:27.632Z,market,trade,TESTE,99823.18633467013,55,,,,UBS,CS,,,
2026-05-24T23:48:27.788Z,market,trade,TESTE,99827.49620592958,117,,,,GOLDM,BARCL,,,
2026-05-24T23:48:27.942Z,market,trade,TESTE,99841.44911938351,35,,,,CS,CITI,,,
2026-05-24T23:48:28.095Z,market,trade,TESTE,99827.17291135775,102,,,,BARCL,CITI,,,
2026-05-24T23:48:28.250Z,market,trade,TESTE,99822.35867013088,95,,,,ITAU,BTG,,,
2026-05-24T23:48:28.407Z,market,trade,TESTE,99825.22732286005,54,,,,JPM,MS,,,
2026-05-24T23:48:28.562Z,market,trade,TESTE,99832.81299717637,66,,,,GOLDM,CITI,,,
2026-05-24T23:48:28.716Z,market,trade,TESTE,99819.50392087319,99,,,,MS,CS,,,
2026-05-24T23:48:28.872Z,market,trade,TESTE,99822.86385559986,157,,,,CITI,CS,,,
2026-05-24T23:48:29.026Z,market,trade,TESTE,99831.77905699046,165,,,,BARCL,JPM,,,
2026-05-24T23:48:29.182Z,market,trade,TESTE,99826.86885666125,177,,,,GOLDM,ITAU,,,
2026-05-24T23:48:29.335Z,market,trade,TESTE,99820.29320997877,32,,,,BTG,BTG,,,
2026-05-24T23:48:29.490Z,market,trade,TESTE,99823.01080452872,152,,,,JPM,BARCL,,,
2026-05-24T23:48:29.644Z,market,trade,TESTE,99830.76429401049,131,,,,BARCL,BARCL,,,
2026-05-24T23:48:29.800Z,market,trade,TESTE,99828.96014272174,139,,,,MS,ITAU,,,
2026-05-24T23:48:29.956Z,market,trade,TESTE,99816.18645719484,108,,,,JPM,ITAU,,,
2026-05-24T23:48:30.112Z,market,trade,TESTE,99829.01588412894,75,,,,CS,UBS,,,
2026-05-24T23:48:30.268Z,market,trade,TESTE,99833.40091931065,58,,,,BARCL,BARCL,,,
2026-05-24T23:48:30.433Z,market,trade,TESTE,99820.64228469438,155,,,,GOLDM,CITI,,,
2026-05-24T23:48:30.589Z,market,trade,TESTE,99827.47745037054,17,,,,MS,XP,,,
2026-05-24T23:48:30.744Z,market,trade,TESTE,99823.85123476344,56,,,,GOLDM,XP,,,
2026-05-24T23:48:30.900Z,market,trade,TESTE,99825.98496494166,11,,,,MS,GOLDM,,,
2026-05-24T23:48:31.055Z,market,trade,TESTE,99822.00627755071,135,,,,JPM,JPM,,,
2026-05-24T23:48:31.209Z,market,trade,TESTE,99814.2954913425,170,,,,CS,JPM,,,
2026-05-24T23:48:31.364Z,market,trade,TESTE,99818.82347311688,66,,,,XP,ITAU,,,
2026-05-24T23:48:31.517Z,market,trade,TESTE,99817.88039864921,23,,,,BTG,XP,,,
2026-05-24T23:48:31.675Z,market,trade,TESTE,99821.24340330185,149,,,,BARCL,BTG,,,
2026-05-24T23:48:31.834Z,market,trade,TESTE,99834.24757322301,50,,,,GOLDM,CS,,,
2026-05-24T23:48:31.994Z,market,trade,TESTE,99826.41008286233,118,,,,GOLDM,CITI,,,
2026-05-24T23:48:32.149Z,market,trade,TESTE,99838.89407614636,167,,,,UBS,UBS,,,
2026-05-24T23:48:32.306Z,market,trade,TESTE,99836.24129842712,133,,,,CS,UBS,,,
2026-05-24T23:48:32.460Z,market,trade,TESTE,99824.5514860677,15,,,,BTG,MS,,,
2026-05-24T23:48:32.617Z,market,trade,TESTE,99826.06173041844,40,,,,BTG,ITAU,,,
2026-05-24T23:48:32.771Z,market,trade,TESTE,99821.81578481263,20,,,,XP,XP,,,
2026-05-24T23:48:32.927Z,market,trade,TESTE,99831.53116367954,23,,,,UBS,XP,,,
2026-05-24T23:48:33.082Z,market,trade,TESTE,99818.50937454171,123,,,,JPM,GOLDM,,,
2026-05-24T23:48:33.243Z,market,trade,TESTE,99817.32024550572,185,,,,JPM,XP,,,
2026-05-24T23:48:33.401Z,market,trade,TESTE,99818.14548576399,183,,,,XP,GOLDM,,,
2026-05-24T23:48:33.559Z,market,trade,TESTE,99818.44007904129,51,,,,JPM,MS,,,
2026-05-24T23:48:33.711Z,market,trade,TESTE,99814.07889171313,172,,,,XP,MS,,,
2026-05-24T23:48:33.866Z,market,trade,TESTE,99825.57479081614,103,,,,UBS,CS,,,
2026-05-24T23:48:34.018Z,market,trade,TESTE,99830.2707735152,45,,,,MS,UBS,,,
2026-05-24T23:48:34.172Z,market,trade,TESTE,99828.03633184655,32,,,,BTG,CS,,,
2026-05-24T23:48:34.326Z,market,trade,TESTE,99831.20366677664,83,,,,UBS,UBS,,,
2026-05-24T23:48:34.480Z,market,trade,TESTE,99827.11867568013,130,,,,BARCL,CS,,,
2026-05-24T23:48:34.635Z,market,trade,TESTE,99813.99795941904,31,,,,ITAU,BARCL,,,
2026-05-24T23:48:34.790Z,market,trade,TESTE,99828.0268377257,19,,,,XP,UBS,,,
2026-05-24T23:48:34.945Z,market,trade,TESTE,99815.40991419357,103,,,,JPM,JPM,,,
2026-05-24T23:48:35.097Z,market,trade,TESTE,99821.67944367482,158,,,,CS,MS,,,
2026-05-24T23:48:35.263Z,market,trade,TESTE,99817.52780125011,10,,,,CS,UBS,,,
2026-05-24T23:48:35.418Z,market,trade,TESTE,99816.63590701536,191,,,,CS,UBS,,,
2026-05-24T23:48:35.573Z,market,trade,TESTE,99812.6596624646,17,,,,BARCL,MS,,,
2026-05-24T23:48:35.727Z,market,trade,TESTE,99813.1263073792,159,,,,XP,CS,,,
2026-05-24T23:48:35.881Z,market,trade,TESTE,99809.68208644724,90,,,,XP,JPM,,,
2026-05-24T23:48:36.036Z,market,trade,TESTE,99807.35274250114,103,,,,MS,JPM,,,
2026-05-24T23:48:36.192Z,market,trade,TESTE,99793.61841063862,12,,,,ITAU,XP,,,
2026-05-24T23:48:36.345Z,market,trade,TESTE,99806.99747761736,179,,,,MS,ITAU,,,
2026-05-24T23:48:36.501Z,market,trade,TESTE,99795.38596148971,178,,,,UBS,XP,,,
2026-05-24T23:48:36.656Z,market,trade,TESTE,99794.66877771221,165,,,,CITI,MS,,,
2026-05-24T23:48:36.808Z,market,trade,TESTE,99803.81655555103,107,,,,CITI,CS,,,
2026-05-24T23:48:36.962Z,market,trade,TESTE,99796.94143387246,79,,,,BTG,CITI,,,
2026-05-24T23:48:37.117Z,market,trade,TESTE,99791.99918475578,177,,,,GOLDM,MS,,,
2026-05-24T23:48:37.273Z,market,trade,TESTE,99800.96830561508,6,,,,ITAU,BTG,,,
2026-05-24T23:48:37.426Z,market,trade,TESTE,99805.3190236542,142,,,,BTG,JPM,,,
2026-05-24T23:48:37.579Z,market,trade,TESTE,99805.50876783769,175,,,,UBS,BARCL,,,
2026-05-24T23:48:37.733Z,market,trade,TESTE,99800.06718729848,161,,,,MS,BTG,,,
2026-05-24T23:48:37.887Z,market,trade,TESTE,99811.6188542194,5,,,,UBS,CITI,,,
2026-05-24T23:48:38.041Z,market,trade,TESTE,99814.64335587944,179,,,,CS,JPM,,,
2026-05-24T23:48:38.197Z,market,trade,TESTE,99800.29726419337,142,,,,UBS,ITAU,,,
2026-05-24T23:48:38.351Z,market,trade,TESTE,99800.93151068833,166,,,,UBS,CS,,,
2026-05-24T23:48:38.504Z,market,trade,TESTE,99812.0391150467,175,,,,CITI,GOLDM,,,
2026-05-24T23:48:38.659Z,market,trade,TESTE,99810.23128781351,90,,,,BTG,GOLDM,,,
2026-05-24T23:48:38.812Z,market,trade,TESTE,99806.72582527797,178,,,,MS,CITI,,,
2026-05-24T23:48:38.967Z,market,trade,TESTE,99796.09601123937,121,,,,JPM,BARCL,,,
2026-05-24T23:48:39.131Z,market,trade,TESTE,99806.58771369254,165,,,,BARCL,ITAU,,,
2026-05-24T23:48:39.285Z,market,trade,TESTE,99804.3611291871,117,,,,XP,JPM,,,
2026-05-24T23:48:39.440Z,market,trade,TESTE,99790.80298416587,174,,,,CITI,BTG,,,
2026-05-24T23:48:39.595Z,market,trade,TESTE,99802.03653046458,149,,,,ITAU,MS,,,
2026-05-24T23:48:39.759Z,market,trade,TESTE,99789.34792416591,155,,,,JPM,JPM,,,
2026-05-24T23:48:39.914Z,market,trade,TESTE,99792.77932945674,116,,,,GOLDM,GOLDM,,,
2026-05-24T23:48:40.080Z,market,trade,TESTE,99789.76315866137,132,,,,UBS,CS,,,
2026-05-24T23:48:40.237Z,market,trade,TESTE,99794.00156591053,109,,,,XP,XP,,,
2026-05-24T23:48:40.391Z,market,trade,TESTE,99799.10930938426,166,,,,CS,MS,,,
2026-05-24T23:48:40.545Z,market,trade,TESTE,99803.83068617249,34,,,,BARCL,XP,,,
2026-05-24T23:48:40.700Z,market,trade,TESTE,99804.53399898786,177,,,,BTG,BARCL,,,
2026-05-24T23:48:40.855Z,market,trade,TESTE,99791.74884257972,159,,,,CS,UBS,,,
2026-05-24T23:48:41.010Z,market,trade,TESTE,99797.71839580548,95,,,,BTG,CITI,,,
2026-05-24T23:48:41.162Z,market,trade,TESTE,99788.37154774947,75,,,,JPM,XP,,,
2026-05-24T23:48:41.316Z,market,trade,TESTE,99790.38086580986,16,,,,GOLDM,BTG,,,
2026-05-24T23:48:41.472Z,market,trade,TESTE,99797.67690210098,77,,,,BARCL,JPM,,,
2026-05-24T23:48:41.628Z,market,trade,TESTE,99802.2711233296,45,,,,BTG,CS,,,
2026-05-24T23:48:41.785Z,market,trade,TESTE,99804.59707499431,184,,,,XP,CS,,,
2026-05-24T23:48:41.938Z,market,trade,TESTE,99804.70361596107,42,,,,CITI,JPM,,,
2026-05-24T23:48:42.099Z,market,trade,TESTE,99807.58449341619,30,,,,BARCL,JPM,,,
2026-05-24T23:48:42.265Z,market,trade,TESTE,99809.17635448127,97,,,,ITAU,UBS,,,
2026-05-24T23:48:42.419Z,market,trade,TESTE,99811.59178089024,134,,,,GOLDM,XP,,,
2026-05-24T23:48:42.576Z,market,trade,TESTE,99802.44128754422,144,,,,BARCL,JPM,,,
2026-05-24T23:48:42.731Z,market,trade,TESTE,99816.75662442489,198,,,,CS,UBS,,,
2026-05-24T23:48:42.886Z,market,trade,TESTE,99809.77385257851,199,,,,UBS,XP,,,
2026-05-24T23:48:43.042Z,market,trade,TESTE,99812.58572600511,127,,,,XP,MS,,,
2026-05-24T23:48:43.196Z,market,trade,TESTE,99814.04634376643,172,,,,CS,XP,,,
2026-05-24T23:48:43.359Z,market,trade,TESTE,99817.63528062505,190,,,,UBS,MS,,,
2026-05-24T23:48:43.525Z,market,trade,TESTE,99820.63694053676,124,,,,BTG,GOLDM,,,
2026-05-24T23:48:43.680Z,market,trade,TESTE,99821.37329547078,138,,,,XP,CITI,,,
2026-05-24T23:48:43.837Z,market,trade,TESTE,99823.77203426979,188,,,,BTG,XP,,,
2026-05-24T23:48:43.990Z,market,trade,TESTE,99824.14385287084,64,,,,BARCL,ITAU,,,
2026-05-24T23:48:44.143Z,market,trade,TESTE,99830.58343157964,183,,,,CITI,ITAU,,,
2026-05-24T23:48:44.299Z,market,trade,TESTE,99820.99647826127,5,,,,CS,UBS,,,
2026-05-24T23:48:44.453Z,market,trade,TESTE,99820.42590800687,56,,,,CITI,BARCL,,,
2026-05-24T23:48:44.608Z,market,trade,TESTE,99820.64501354005,178,,,,BTG,CS,,,
2026-05-24T23:48:44.762Z,market,trade,TESTE,99835.5942259815,65,,,,JPM,BARCL,,,
2026-05-24T23:48:44.915Z,market,trade,TESTE,99826.70050910859,111,,,,MS,UBS,,,
2026-05-24T23:48:45.072Z,market,trade,TESTE,99822.60215420599,143,,,,GOLDM,UBS,,,
2026-05-24T23:48:45.225Z,market,trade,TESTE,99834.28770139562,86,,,,ITAU,BARCL,,,
2026-05-24T23:48:45.377Z,market,trade,TESTE,99823.1084016275,112,,,,UBS,CS,,,
2026-05-24T23:48:45.532Z,market,trade,TESTE,99832.85376309266,99,,,,ITAU,BTG,,,
2026-05-24T23:48:45.690Z,market,trade,TESTE,99835.18010710915,97,,,,GOLDM,CS,,,
2026-05-24T23:48:45.842Z,market,trade,TESTE,99822.27163422886,125,,,,JPM,BTG,,,
2026-05-24T23:48:45.998Z,market,trade,TESTE,99825.28109785539,67,,,,CITI,CS,,,
2026-05-24T23:48:46.151Z,market,trade,TESTE,99825.4402099912,52,,,,MS,CS,,,
2026-05-24T23:48:46.304Z,market,trade,TESTE,99831.65432945821,184,,,,CITI,GOLDM,,,
2026-05-24T23:48:46.459Z,market,trade,TESTE,99835.59099999789,39,,,,GOLDM,CS,,,
2026-05-24T23:48:46.615Z,market,trade,TESTE,99827.4673487007,196,,,,CS,XP,,,
2026-05-24T23:48:46.769Z,market,trade,TESTE,99835.12552210866,64,,,,XP,ITAU,,,
2026-05-24T23:48:46.925Z,market,trade,TESTE,99828.364031948,154,,,,BARCL,BTG,,,
2026-05-24T23:48:47.081Z,market,trade,TESTE,99836.04175941009,176,,,,JPM,BTG,,,
2026-05-24T23:48:47.235Z,market,trade,TESTE,99838.36163423496,98,,,,BARCL,BARCL,,,
2026-05-24T23:48:47.391Z,market,trade,TESTE,99826.15657147297,180,,,,BARCL,MS,,,
2026-05-24T23:48:47.549Z,market,trade,TESTE,99830.43461837083,84,,,,GOLDM,ITAU,,,
2026-05-24T23:48:47.702Z,market,trade,TESTE,99839.54910700381,130,,,,GOLDM,GOLDM,,,
2026-05-24T23:48:47.858Z,market,trade,TESTE,99841.89680747337,38,,,,ITAU,BTG,,,
2026-05-24T23:48:48.011Z,market,trade,TESTE,99827.34002533217,30,,,,XP,XP,,,
2026-05-24T23:48:48.167Z,market,trade,TESTE,99836.58466196428,182,,,,XP,CITI,,,
2026-05-24T23:48:48.329Z,market,trade,TESTE,99832.15281922175,142,,,,ITAU,CITI,,,
2026-05-24T23:48:48.484Z,market,trade,TESTE,99828.07969328453,119,,,,GOLDM,CITI,,,
2026-05-24T23:48:48.639Z,market,trade,TESTE,99827.81269054158,131,,,,BARCL,CS,,,
2026-05-24T23:48:48.794Z,market,trade,TESTE,99817.95057926775,159,,,,XP,CS,,,
2026-05-24T23:48:48.953Z,market,trade,TESTE,99816.60993769906,110,,,,GOLDM,CITI,,,
2026-05-24T23:48:49.109Z,market,trade,TESTE,99816.28959892769,19,,,,XP,CITI,,,
2026-05-24T23:48:49.262Z,market,trade,TESTE,99831.25279090375,73,,,,UBS,BARCL,,,
2026-05-24T23:48:49.416Z,market,trade,TESTE,99824.36948022521,112,,,,CITI,CITI,,,
2026-05-24T23:48:49.571Z,market,trade,TESTE,99837.39038010425,156,,,,CS,XP,,,
2026-05-24T23:48:49.724Z,market,trade,TESTE,99825.05903084516,17,,,,ITAU,CITI,,,
2026-05-24T23:48:49.880Z,market,trade,TESTE,99838.1266384734,81,,,,UBS,JPM,,,
2026-05-24T23:48:50.035Z,market,trade,TESTE,99841.96640953596,176,,,,GOLDM,UBS,,,
2026-05-24T23:48:50.190Z,market,trade,TESTE,99827.84869441984,146,,,,ITAU,BARCL,,,
2026-05-24T23:48:50.344Z,market,trade,TESTE,99840.40156996812,125,,,,UBS,CS,,,
2026-05-24T23:48:50.499Z,market,trade,TESTE,99832.4608641145,84,,,,UBS,XP,,,
2026-05-24T23:48:50.656Z,market,trade,TESTE,99842.77157177696,175,,,,XP,GOLDM,,,
2026-05-24T23:48:50.812Z,market,trade,TESTE,99840.8445767246,169,,,,GOLDM,BTG,,,
2026-05-24T23:48:50.969Z,market,trade,TESTE,99826.33499939546,84,,,,CITI,ITAU,,,
2026-05-24T23:48:51.124Z,market,trade,TESTE,99838.39983297947,155,,,,BTG,UBS,,,
2026-05-24T23:48:51.278Z,market,trade,TESTE,99825.33151310163,91,,,,GOLDM,CITI,,,
2026-05-24T23:48:51.434Z,market,trade,TESTE,99824.2679136082,179,,,,JPM,MS,,,
2026-05-24T23:48:51.590Z,market,trade,TESTE,99822.77593417576,148,,,,CS,MS,,,
2026-05-24T23:48:51.744Z,market,trade,TESTE,99834.80208411792,129,,,,BARCL,BTG,,,
2026-05-24T23:48:51.899Z,market,trade,TESTE,99832.12622695394,8,,,,GOLDM,GOLDM,,,
2026-05-24T23:48:52.053Z,market,trade,TESTE,99836.42087606329,29,,,,UBS,BARCL,,,
2026-05-24T23:48:52.208Z,market,trade,TESTE,99833.30017540103,73,,,,MS,CS,,,
2026-05-24T23:48:52.363Z,market,trade,TESTE,99826.64868699189,82,,,,MS,BARCL,,,
2026-05-24T23:48:52.519Z,market,trade,TESTE,99837.6533159458,168,,,,XP,UBS,,,
2026-05-24T23:48:52.674Z,market,trade,TESTE,99836.66934512193,129,,,,BARCL,ITAU,,,
2026-05-24T23:48:52.829Z,market,trade,TESTE,99838.09914005687,30,,,,JPM,MS,,,
2026-05-24T23:48:52.984Z,market,trade,TESTE,99823.33696274445,11,,,,BARCL,XP,,,
2026-05-24T23:48:53.139Z,market,trade,TESTE,99838.00251623588,121,,,,XP,ITAU,,,
2026-05-24T23:48:53.293Z,market,trade,TESTE,99833.01798390651,119,,,,UBS,BTG,,,
2026-05-24T23:48:53.447Z,market,trade,TESTE,99828.03339042107,146,,,,BTG,BTG,,,
2026-05-24T23:48:53.602Z,market,trade,TESTE,99828.76819692453,197,,,,BTG,MS,,,
2026-05-24T23:48:53.756Z,market,trade,TESTE,99833.51399402895,33,,,,JPM,CITI,,,
2026-05-24T23:48:53.912Z,market,trade,TESTE,99819.76556577973,186,,,,BARCL,BARCL,,,
2026-05-24T23:48:54.070Z,market,trade,TESTE,99822.77260903551,72,,,,XP,BARCL,,,
2026-05-24T23:48:54.224Z,market,trade,TESTE,99829.01315754841,117,,,,MS,MS,,,
2026-05-24T23:48:54.379Z,market,trade,TESTE,99822.35834225836,41,,,,BTG,BARCL,,,
2026-05-24T23:48:54.536Z,market,trade,TESTE,99831.35424535706,195,,,,BTG,BARCL,,,
2026-05-24T23:48:54.691Z,market,trade,TESTE,99826.9271162949,101,,,,UBS,BTG,,,
2026-05-24T23:48:54.846Z,market,trade,TESTE,99823.65904832706,185,,,,XP,BARCL,,,
2026-05-24T23:48:55.002Z,market,trade,TESTE,99811.53556036261,168,,,,CS,CS,,,
2026-05-24T23:48:55.161Z,market,trade,TESTE,99807.02540406348,41,,,,UBS,UBS,,,
2026-05-24T23:48:55.314Z,market,trade,TESTE,99814.02679095096,110,,,,CITI,GOLDM,,,
2026-05-24T23:48:55.468Z,market,trade,TESTE,99800.98877837938,97,,,,ITAU,UBS,,,
2026-05-24T23:48:55.624Z,market,trade,TESTE,99813.24159360082,198,,,,MS,BARCL,,,
2026-05-24T23:48:55.790Z,market,trade,TESTE,99814.74278865934,67,,,,XP,BARCL,,,
2026-05-24T23:48:55.944Z,market,trade,TESTE,99813.01016077399,58,,,,BTG,BARCL,,,
2026-05-24T23:48:56.098Z,market,trade,TESTE,99798.10916639343,177,,,,CITI,GOLDM,,,
2026-05-24T23:48:56.255Z,market,trade,TESTE,99800.26194511153,74,,,,BTG,JPM,,,
2026-05-24T23:48:56.410Z,market,trade,TESTE,99807.87117605026,28,,,,BTG,UBS,,,
2026-05-24T23:48:56.566Z,market,trade,TESTE,99803.10977010097,95,,,,BARCL,JPM,,,
2026-05-24T23:48:56.720Z,market,trade,TESTE,99801.32626039586,123,,,,CITI,JPM,,,
2026-05-24T23:48:56.875Z,market,trade,TESTE,99799.39853736066,28,,,,BARCL,JPM,,,
2026-05-24T23:48:57.029Z,market,trade,TESTE,99792.19842682741,161,,,,JPM,JPM,,,
2026-05-24T23:48:57.185Z,market,trade,TESTE,99799.516986083,168,,,,MS,CS,,,
2026-05-24T23:48:57.340Z,market,trade,TESTE,99804.42092414293,86,,,,XP,UBS,,,
2026-05-24T23:48:57.496Z,market,trade,TESTE,99802.10129743662,159,,,,BTG,UBS,,,
2026-05-24T23:48:57.651Z,market,trade,TESTE,99805.37887488592,35,,,,BARCL,BARCL,,,
2026-05-24T23:48:57.806Z,market,trade,TESTE,99803.50034116376,157,,,,CS,GOLDM,,,
2026-05-24T23:48:57.956Z,market,trade,TESTE,99807.54348054505,146,,,,ITAU,ITAU,,,
2026-05-24T23:48:58.113Z,market,trade,TESTE,99812.1007486858,181,,,,XP,GOLDM,,,
2026-05-24T23:48:58.270Z,market,trade,TESTE,99805.63873309341,60,,,,UBS,ITAU,,,
2026-05-24T23:48:58.423Z,market,trade,TESTE,99802.8731335113,80,,,,MS,BARCL,,,
2026-05-24T23:48:58.576Z,market,trade,TESTE,99801.29603225761,199,,,,ITAU,UBS,,,
2026-05-24T23:48:58.732Z,market,trade,TESTE,99816.25105260452,71,,,,BARCL,MS,,,
2026-05-24T23:48:58.890Z,market,trade,TESTE,99815.3740101041,97,,,,GOLDM,MS,,,
2026-05-24T23:48:59.041Z,market,trade,TESTE,99816.37847574153,140,,,,CS,GOLDM,,,
2026-05-24T23:48:59.197Z,market,trade,TESTE,99804.17920301262,49,,,,XP,GOLDM,,,
2026-05-24T23:48:59.352Z,market,trade,TESTE,99800.0960193958,100,,,,JPM,MS,,,
2026-05-24T23:48:59.508Z,market,trade,TESTE,99808.95687840122,23,,,,JPM,JPM,,,
2026-05-24T23:48:59.663Z,market,trade,TESTE,99808.69161189595,27,,,,JPM,CS,,,
2026-05-24T23:48:59.819Z,market,trade,TESTE,99805.53207639774,70,,,,ITAU,GOLDM,,,
2026-05-24T23:48:59.974Z,market,trade,TESTE,99803.73842480274,100,,,,BTG,ITAU,,,
2026-05-24T23:49:00.130Z,market,trade,TESTE,99795.25419400923,76,,,,JPM,GOLDM,,,
2026-05-24T23:49:00.284Z,market,trade,TESTE,99801.48386887329,27,,,,MS,GOLDM,,,
2026-05-24T23:49:00.438Z,market,trade,TESTE,99792.40834759823,120,,,,UBS,CITI,,,
2026-05-24T23:49:00.593Z,market,trade,TESTE,99799.50382275015,198,,,,CITI,UBS,,,
2026-05-24T23:49:00.746Z,market,trade,TESTE,99801.1130479067,183,,,,MS,XP,,,
2026-05-24T23:49:00.901Z,market,trade,TESTE,99792.50345715997,97,,,,CITI,XP,,,
2026-05-24T23:49:01.056Z,market,trade,TESTE,99790.1249651104,43,,,,JPM,CS,,,
2026-05-24T23:49:01.212Z,market,trade,TESTE,99801.7818430547,41,,,,XP,BARCL,,,
2026-05-24T23:49:01.365Z,market,trade,TESTE,99797.32243853962,6,,,,XP,GOLDM,,,
2026-05-24T23:49:01.518Z,market,trade,TESTE,99782.95723667667,180,,,,BARCL,CITI,,,
2026-05-24T23:49:01.673Z,market,trade,TESTE,99787.4800814318,97,,,,JPM,UBS,,,
2026-05-24T23:49:01.834Z,market,trade,TESTE,99798.71211259079,108,,,,GOLDM,UBS,,,
2026-05-24T23:49:01.987Z,market,trade,TESTE,99787.24502579322,37,,,,GOLDM,BTG,,,
2026-05-24T23:49:02.143Z,market,trade,TESTE,99792.30284433853,61,,,,MS,CS,,,
2026-05-24T23:49:02.296Z,market,trade,TESTE,99791.56805609132,8,,,,GOLDM,BARCL,,,
2026-05-24T23:49:02.452Z,market,trade,TESTE,99796.12196717584,28,,,,CS,UBS,,,
2026-05-24T23:49:02.607Z,market,trade,TESTE,99786.65786646068,98,,,,BTG,CITI,,,
2026-05-24T23:49:02.761Z,market,trade,TESTE,99789.21979796399,39,,,,XP,XP,,,
2026-05-24T23:49:02.916Z,market,trade,TESTE,99800.80031719463,145,,,,UBS,BARCL,,,
2026-05-24T23:49:03.071Z,market,trade,TESTE,99803.5111594291,168,,,,BARCL,CS,,,
2026-05-24T23:49:03.226Z,market,trade,TESTE,99799.6977529864,93,,,,BARCL,XP,,,
2026-05-24T23:49:03.381Z,market,trade,TESTE,99789.65484816369,88,,,,MS,BARCL,,,
2026-05-24T23:49:03.538Z,market,trade,TESTE,99799.8823584201,111,,,,XP,CS,,,
2026-05-24T23:49:03.692Z,market,trade,TESTE,99788.75841664866,180,,,,JPM,XP,,,
2026-05-24T23:49:03.846Z,market,trade,TESTE,99802.94255930606,12,,,,MS,CS,,,
2026-05-24T23:49:04.000Z,market,trade,TESTE,99801.8623901016,177,,,,CS,JPM,,,
2026-05-24T23:49:04.158Z,market,trade,TESTE,99803.56355770979,61,,,,CITI,CITI,,,
2026-05-24T23:49:04.314Z,market,trade,TESTE,99804.16109122,63,,,,XP,XP,,,
2026-05-24T23:49:04.471Z,market,trade,TESTE,99789.2478560795,94,,,,XP,BTG,,,
2026-05-24T23:49:04.626Z,market,trade,TESTE,99791.05353876755,136,,,,CITI,ITAU,,,
2026-05-24T23:49:04.782Z,market,trade,TESTE,99794.68423168993,87,,,,BTG,GOLDM,,,
2026-05-24T23:49:04.940Z,market,trade,TESTE,99801.7200084292,48,,,,XP,CITI,,,
2026-05-24T23:49:05.094Z,market,trade,TESTE,99788.37527700057,142,,,,MS,JPM,,,
2026-05-24T23:49:05.249Z,market,trade,TESTE,99785.67091815293,150,,,,ITAU,UBS,,,
2026-05-24T23:49:05.409Z,market,trade,TESTE,99799.90902006115,152,,,,CS,ITAU,,,
2026-05-24T23:49:05.574Z,market,trade,TESTE,99791.6751587034,90,,,,UBS,UBS,,,
2026-05-24T23:49:05.725Z,market,trade,TESTE,99805.7710190992,190,,,,BARCL,BTG,,,
2026-05-24T23:49:05.879Z,market,trade,TESTE,99794.58921102261,47,,,,UBS,XP,,,
2026-05-24T23:49:06.037Z,market,trade,TESTE,99806.81559542922,125,,,,XP,GOLDM,,,
2026-05-24T23:49:06.192Z,market,trade,TESTE,99791.97788447686,18,,,,ITAU,BTG,,,
2026-05-24T23:49:06.346Z,market,trade,TESTE,99804.33839522289,128,,,,CS,CITI,,,
2026-05-24T23:49:06.501Z,market,trade,TESTE,99805.84037187963,192,,,,CS,BARCL,,,
2026-05-24T23:49:06.656Z,market,trade,TESTE,99796.18641463168,54,,,,ITAU,ITAU,,,
2026-05-24T23:49:06.812Z,market,trade,TESTE,99806.07063760479,15,,,,ITAU,UBS,,,
2026-05-24T23:49:06.964Z,market,trade,TESTE,99796.83448733708,149,,,,GOLDM,UBS,,,
2026-05-24T23:49:07.120Z,market,trade,TESTE,99807.18026436299,59,,,,UBS,ITAU,,,
2026-05-24T23:49:07.273Z,market,trade,TESTE,99808.33967232937,102,,,,MS,MS,,,
2026-05-24T23:49:07.428Z,market,trade,TESTE,99807.58808419565,114,,,,ITAU,BTG,,,
2026-05-24T23:49:07.582Z,market,trade,TESTE,99798.74903946505,167,,,,CS,MS,,,
2026-05-24T23:49:07.735Z,market,trade,TESTE,99794.14865101915,187,,,,JPM,JPM,,,
2026-05-24T23:49:07.906Z,market,trade,TESTE,99806.52072275682,96,,,,BARCL,XP,,,
2026-05-24T23:49:08.071Z,market,trade,TESTE,99794.98256511304,10,,,,GOLDM,ITAU,,,
2026-05-24T23:49:08.227Z,market,trade,TESTE,99791.82671525683,91,,,,CITI,UBS,,,
2026-05-24T23:49:08.380Z,market,trade,TESTE,99795.88158162423,85,,,,ITAU,UBS,,,
2026-05-24T23:49:08.534Z,market,trade,TESTE,99805.52325888834,74,,,,JPM,GOLDM,,,
2026-05-24T23:49:08.696Z,market,trade,TESTE,99803.15196104071,54,,,,JPM,BARCL,,,
2026-05-24T23:49:08.850Z,market,trade,TESTE,99799.3838197568,47,,,,CS,GOLDM,,,
2026-05-24T23:49:09.005Z,market,trade,TESTE,99802.87633962398,79,,,,CS,BARCL,,,
2026-05-24T23:49:09.158Z,market,trade,TESTE,99793.10285726174,167,,,,MS,BARCL,,,
2026-05-24T23:49:09.312Z,market,trade,TESTE,99801.40476919957,190,,,,UBS,ITAU,,,
2026-05-24T23:49:09.469Z,market,trade,TESTE,99800.4538691848,18,,,,XP,CS,,,
2026-05-24T23:49:09.623Z,market,trade,TESTE,99786.55629094443,24,,,,BTG,UBS,,,
2026-05-24T23:49:09.779Z,market,trade,TESTE,99781.6954639059,25,,,,UBS,JPM,,,
2026-05-24T23:49:09.931Z,market,trade,TESTE,99790.76831312316,189,,,,BTG,ITAU,,,
2026-05-24T23:49:10.091Z,market,trade,TESTE,99790.2889468159,117,,,,CITI,JPM,,,
2026-05-24T23:49:10.257Z,market,trade,TESTE,99794.8077494176,112,,,,JPM,XP,,,
2026-05-24T23:49:10.411Z,market,trade,TESTE,99790.96089446197,114,,,,CITI,BARCL,,,
2026-05-24T23:49:10.564Z,market,trade,TESTE,99791.77651564377,46,,,,BARCL,ITAU,,,
2026-05-24T23:49:10.718Z,market,trade,TESTE,99786.08951855697,152,,,,BTG,BARCL,,,
2026-05-24T23:49:10.873Z,market,trade,TESTE,99781.47393948205,97,,,,UBS,ITAU,,,
2026-05-24T23:49:11.027Z,market,trade,TESTE,99785.40287072185,200,,,,CITI,GOLDM,,,
2026-05-24T23:49:11.183Z,market,trade,TESTE,99783.2167654078,92,,,,MS,XP,,,
2026-05-24T23:49:11.340Z,market,trade,TESTE,99790.85498000735,137,,,,GOLDM,JPM,,,
2026-05-24T23:49:11.493Z,market,trade,TESTE,99776.5490751601,120,,,,CITI,UBS,,,
2026-05-24T23:49:11.648Z,market,trade,TESTE,99774.54423963802,120,,,,MS,CITI,,,
2026-05-24T23:49:11.802Z,market,trade,TESTE,99786.36378939635,48,,,,CITI,UBS,,,
2026-05-24T23:49:11.957Z,market,trade,TESTE,99780.30316014941,82,,,,BARCL,CS,,,
2026-05-24T23:49:12.120Z,market,trade,TESTE,99778.31377168842,19,,,,BARCL,BTG,,,
2026-05-24T23:49:12.274Z,market,trade,TESTE,99779.55280594385,36,,,,CS,BTG,,,
2026-05-24T23:49:12.429Z,market,trade,TESTE,99779.63943301931,198,,,,CITI,UBS,,,
2026-05-24T23:49:12.583Z,market,trade,TESTE,99787.56543500295,80,,,,ITAU,JPM,,,
2026-05-24T23:49:12.739Z,market,trade,TESTE,99787.44728182406,13,,,,ITAU,MS,,,
2026-05-24T23:49:12.896Z,market,trade,TESTE,99781.41954805057,98,,,,CITI,XP,,,
2026-05-24T23:49:13.051Z,market,trade,TESTE,99793.81232250053,105,,,,MS,XP,,,
2026-05-24T23:49:13.208Z,market,trade,TESTE,99787.48205402249,43,,,,BTG,ITAU,,,
2026-05-24T23:49:13.364Z,market,trade,TESTE,99790.07553788515,171,,,,BTG,JPM,,,
2026-05-24T23:49:13.529Z,market,trade,TESTE,99786.6242464743,77,,,,JPM,CITI,,,
2026-05-24T23:49:13.683Z,market,trade,TESTE,99786.06780949036,12,,,,UBS,UBS,,,
2026-05-24T23:49:13.839Z,market,trade,TESTE,99799.47997093807,81,,,,XP,UBS,,,
2026-05-24T23:49:13.994Z,market,trade,TESTE,99797.88729579032,65,,,,JPM,UBS,,,
2026-05-24T23:49:14.149Z,market,trade,TESTE,99788.18896635048,187,,,,CS,UBS,,,
2026-05-24T23:49:14.304Z,market,trade,TESTE,99785.2203939638,6,,,,CS,ITAU,,,
2026-05-24T23:49:14.456Z,market,trade,TESTE,99791.61895260554,141,,,,CITI,XP,,,
2026-05-24T23:49:14.610Z,market,trade,TESTE,99795.9913904493,45,,,,MS,CITI,,,
2026-05-24T23:49:14.765Z,market,trade,TESTE,99800.65152468641,48,,,,UBS,GOLDM,,,
2026-05-24T23:49:14.922Z,market,trade,TESTE,99794.32325824338,84,,,,JPM,BARCL,,,
2026-05-24T23:49:15.075Z,market,trade,TESTE,99796.73409421535,91,,,,BARCL,JPM,,,
2026-05-24T23:49:15.231Z,market,trade,TESTE,99804.24137882891,125,,,,CS,CS,,,
2026-05-24T23:49:15.389Z,market,trade,TESTE,99809.02430303858,99,,,,CITI,BARCL,,,
2026-05-24T23:49:15.543Z,market,trade,TESTE,99795.29802875636,196,,,,UBS,GOLDM,,,
2026-05-24T23:49:15.699Z,market,trade,TESTE,99790.52476847293,62,,,,CITI,CS,,,
2026-05-24T23:49:15.855Z,market,trade,TESTE,99786.21334637789,23,,,,BARCL,MS,,,
2026-05-24T23:49:16.009Z,market,trade,TESTE,99783.35556555858,135,,,,XP,GOLDM,,,
2026-05-24T23:49:16.164Z,market,trade,TESTE,99779.56810726649,178,,,,BTG,BARCL,,,
2026-05-24T23:49:16.319Z,market,trade,TESTE,99787.88533362938,179,,,,MS,CITI,,,
2026-05-24T23:49:16.474Z,market,trade,TESTE,99782.08867000636,105,,,,CS,JPM,,,
2026-05-24T23:49:16.633Z,market,trade,TESTE,99791.79814063743,151,,,,JPM,CS,,,
2026-05-24T23:49:16.789Z,market,trade,TESTE,99789.31656279045,94,,,,CITI,GOLDM,,,
2026-05-24T23:49:16.942Z,market,trade,TESTE,99788.60276403045,64,,,,GOLDM,BTG,,,
2026-05-24T23:49:17.098Z,market,trade,TESTE,99778.83237725025,43,,,,ITAU,UBS,,,
2026-05-24T23:49:17.251Z,market,trade,TESTE,99778.4314278123,37,,,,ITAU,MS,,,
2026-05-24T23:49:17.406Z,market,trade,TESTE,99792.40007939062,116,,,,ITAU,BTG,,,
2026-05-24T23:49:17.562Z,market,trade,TESTE,99777.44833775352,46,,,,JPM,CITI,,,
2026-05-24T23:49:17.717Z,market,trade,TESTE,99787.76131030844,192,,,,JPM,XP,,,
2026-05-24T23:49:17.873Z,market,trade,TESTE,99785.55447698134,82,,,,XP,XP,,,
2026-05-24T23:49:18.026Z,market,trade,TESTE,99789.56386715067,79,,,,BTG,BARCL,,,
2026-05-24T23:49:18.182Z,market,trade,TESTE,99775.4764074549,30,,,,GOLDM,BARCL,,,
2026-05-24T23:49:18.341Z,market,trade,TESTE,99775.35024675955,84,,,,UBS,CITI,,,
2026-05-24T23:49:18.493Z,market,trade,TESTE,99775.70162113191,85,,,,MS,MS,,,
2026-05-24T23:49:18.649Z,market,trade,TESTE,99777.32513103363,33,,,,CITI,XP,,,
2026-05-24T23:49:18.803Z,market,trade,TESTE,99783.69557058488,158,,,,CITI,XP,,,
2026-05-24T23:49:18.957Z,market,trade,TESTE,99786.02377200278,156,,,,ITAU,MS,,,
2026-05-24T23:49:19.110Z,market,trade,TESTE,99784.33752445206,121,,,,BARCL,CITI,,,
2026-05-24T23:49:19.263Z,market,trade,TESTE,99772.6792925513,169,,,,UBS,MS,,,
2026-05-24T23:49:19.417Z,market,trade,TESTE,99783.22270682534,31,,,,BTG,ITAU,,,
2026-05-24T23:49:19.570Z,market,trade,TESTE,99771.00222372377,80,,,,MS,CITI,,,
2026-05-24T23:49:19.726Z,market,trade,TESTE,99785.77771147883,22,,,,CITI,BARCL,,,
2026-05-24T23:49:19.885Z,market,trade,TESTE,99785.70275410153,142,,,,MS,XP,,,
2026-05-24T23:49:20.040Z,market,trade,TESTE,99787.2895136288,50,,,,XP,MS,,,
2026-05-24T23:49:20.193Z,market,trade,TESTE,99778.17720176639,77,,,,JPM,CS,,,
2026-05-24T23:49:20.348Z,market,trade,TESTE,99773.72882539898,135,,,,BARCL,CITI,,,
2026-05-24T23:49:20.505Z,market,trade,TESTE,99782.13076984437,198,,,,MS,ITAU,,,
2026-05-24T23:49:20.659Z,market,trade,TESTE,99782.28350567321,96,,,,JPM,BARCL,,,
2026-05-24T23:49:20.815Z,market,trade,TESTE,99787.19568189386,80,,,,CITI,BTG,,,
2026-05-24T23:49:20.972Z,market,trade,TESTE,99790.02509071617,53,,,,BTG,ITAU,,,
2026-05-24T23:49:21.127Z,market,trade,TESTE,99794.85854701037,190,,,,JPM,CITI,,,
2026-05-24T23:49:21.283Z,market,trade,TESTE,99797.45716396051,46,,,,BARCL,CITI,,,
2026-05-24T23:49:21.436Z,market,trade,TESTE,99784.11001144387,127,,,,CITI,BARCL,,,
2026-05-24T23:49:21.591Z,market,trade,TESTE,99797.13568327622,56,,,,ITAU,BTG,,,
2026-05-24T23:49:21.746Z,market,trade,TESTE,99801.05483922418,30,,,,CITI,BARCL,,,
2026-05-24T23:49:21.915Z,market,trade,TESTE,99793.50596448084,189,,,,XP,BTG,,,
2026-05-24T23:49:22.069Z,market,trade,TESTE,99789.40977671955,191,,,,XP,XP,,,
2026-05-24T23:49:22.224Z,market,trade,TESTE,99795.66275825464,173,,,,CS,CITI,,,
2026-05-24T23:49:22.383Z,market,trade,TESTE,99782.74172022763,150,,,,MS,CS,,,
2026-05-24T23:49:22.540Z,market,trade,TESTE,99794.78243647225,24,,,,MS,XP,,,
2026-05-24T23:49:22.693Z,market,trade,TESTE,99788.24880720493,49,,,,JPM,CS,,,
2026-05-24T23:49:22.849Z,market,trade,TESTE,99789.00368510283,69,,,,ITAU,CITI,,,
2026-05-24T23:49:23.007Z,market,trade,TESTE,99786.72019117603,174,,,,ITAU,XP,,,
2026-05-24T23:49:23.161Z,market,trade,TESTE,99784.67893262989,89,,,,CITI,ITAU,,,
2026-05-24T23:49:23.317Z,market,trade,TESTE,99787.55960275844,113,,,,MS,XP,,,
2026-05-24T23:49:23.473Z,market,trade,TESTE,99795.01719098989,98,,,,ITAU,MS,,,
2026-05-24T23:49:23.627Z,market,trade,TESTE,99787.08998068444,158,,,,CS,GOLDM,,,
2026-05-24T23:49:23.783Z,market,trade,TESTE,99795.70128810391,123,,,,GOLDM,CS,,,
2026-05-24T23:49:23.939Z,market,trade,TESTE,99784.00681249844,86,,,,BTG,CS,,,
2026-05-24T23:49:24.093Z,market,trade,TESTE,99794.10400665506,189,,,,CITI,GOLDM,,,
2026-05-24T23:49:24.248Z,market,trade,TESTE,99793.39472055943,42,,,,XP,XP,,,
2026-05-24T23:49:24.402Z,market,trade,TESTE,99788.84531188624,200,,,,ITAU,BTG,,,
2026-05-24T23:49:24.558Z,market,trade,TESTE,99788.83253449234,55,,,,CITI,JPM,,,
2026-05-24T23:49:24.713Z,market,trade,TESTE,99781.8545603384,15,,,,CITI,BARCL,,,
2026-05-24T23:49:24.869Z,market,trade,TESTE,99795.36262827266,114,,,,ITAU,UBS,,,
2026-05-24T23:49:25.024Z,market,trade,TESTE,99790.60261433359,131,,,,UBS,BARCL,,,
2026-05-24T23:49:25.178Z,market,trade,TESTE,99789.47420568948,18,,,,ITAU,UBS,,,
2026-05-24T23:49:25.335Z,market,trade,TESTE,99777.08144696338,92,,,,CITI,BTG,,,
2026-05-24T23:49:25.491Z,market,trade,TESTE,99791.37230497661,192,,,,MS,CS,,,
2026-05-24T23:49:25.648Z,market,trade,TESTE,99782.65983003755,49,,,,UBS,XP,,,
2026-05-24T23:49:25.813Z,market,trade,TESTE,99793.28776104859,16,,,,UBS,BARCL,,,
2026-05-24T23:49:25.973Z,market,trade,TESTE,99790.86893976218,75,,,,BARCL,BARCL,,,
2026-05-24T23:49:26.126Z,market,trade,TESTE,99779.29315995985,6,,,,ITAU,BTG,,,
2026-05-24T23:49:26.280Z,market,trade,TESTE,99783.97399696006,67,,,,GOLDM,UBS,,,
2026-05-24T23:49:26.435Z,market,trade,TESTE,99789.87215737716,178,,,,GOLDM,GOLDM,,,
2026-05-24T23:49:26.590Z,market,trade,TESTE,99780.00155303554,23,,,,BTG,BARCL,,,
2026-05-24T23:49:26.745Z,market,trade,TESTE,99786.21357834793,123,,,,ITAU,GOLDM,,,
2026-05-24T23:49:26.900Z,market,trade,TESTE,99773.05010544157,44,,,,ITAU,UBS,,,
2026-05-24T23:49:27.054Z,market,trade,TESTE,99773.10093798013,86,,,,CS,BTG,,,
2026-05-24T23:49:27.210Z,market,trade,TESTE,99777.37380585905,146,,,,GOLDM,BARCL,,,
2026-05-24T23:49:27.364Z,market,trade,TESTE,99774.20766887665,5,,,,CS,ITAU,,,
2026-05-24T23:49:27.518Z,market,trade,TESTE,99777.14600707676,51,,,,BARCL,BARCL,,,
2026-05-24T23:49:27.673Z,market,trade,TESTE,99773.38200226663,140,,,,BARCL,MS,,,
2026-05-24T23:49:27.828Z,market,trade,TESTE,99782.29054682999,200,,,,BARCL,JPM,,,
2026-05-24T23:49:27.983Z,market,trade,TESTE,99779.10359757053,166,,,,CS,CITI,,,
2026-05-24T23:49:28.138Z,market,trade,TESTE,99775.2123842579,174,,,,BTG,CS,,,
2026-05-24T23:49:28.304Z,market,trade,TESTE,99775.1697728884,114,,,,CS,XP,,,
2026-05-24T23:49:28.459Z,market,trade,TESTE,99775.51771560294,103,,,,JPM,XP,,,
2026-05-24T23:49:28.614Z,market,trade,TESTE,99775.61090043592,187,,,,ITAU,XP,,,
2026-05-24T23:49:28.770Z,market,trade,TESTE,99779.52454859059,86,,,,BTG,XP,,,
2026-05-24T23:49:28.927Z,market,trade,TESTE,99770.9346561923,84,,,,CITI,CS,,,
2026-05-24T23:49:29.080Z,market,trade,TESTE,99774.58835290119,153,,,,ITAU,CITI,,,
2026-05-24T23:49:29.236Z,market,trade,TESTE,99775.64347011423,57,,,,MS,GOLDM,,,
2026-05-24T23:49:29.391Z,market,trade,TESTE,99773.11762212502,101,,,,UBS,XP,,,
2026-05-24T23:49:29.545Z,market,trade,TESTE,99777.05474942888,148,,,,BTG,JPM,,,
2026-05-24T23:49:29.700Z,market,trade,TESTE,99777.98963331226,126,,,,MS,CITI,,,
2026-05-24T23:49:29.856Z,market,trade,TESTE,99790.7499152896,24,,,,GOLDM,BARCL,,,
2026-05-24T23:49:30.007Z,market,trade,TESTE,99785.88022587201,140,,,,CS,GOLDM,,,
2026-05-24T23:49:30.160Z,market,trade,TESTE,99772.7540735674,37,,,,GOLDM,BTG,,,
2026-05-24T23:49:30.314Z,market,trade,TESTE,99785.03188609282,194,,,,JPM,BARCL,,,
2026-05-24T23:49:30.477Z,market,trade,TESTE,99787.93424148088,8,,,,JPM,XP,,,
2026-05-24T23:49:30.632Z,market,trade,TESTE,99777.3896109401,128,,,,BARCL,BARCL,,,
2026-05-24T23:49:30.787Z,market,trade,TESTE,99792.02371560848,117,,,,ITAU,CS,,,
2026-05-24T23:49:30.943Z,market,trade,TESTE,99778.46958475167,65,,,,GOLDM,XP,,,
2026-05-24T23:49:31.098Z,market,trade,TESTE,99790.87637664855,117,,,,MS,BTG,,,
2026-05-24T23:49:31.253Z,market,trade,TESTE,99792.1395871108,194,,,,MS,BTG,,,
2026-05-24T23:49:31.410Z,market,trade,TESTE,99788.1087419227,188,,,,CITI,JPM,,,
2026-05-24T23:49:31.565Z,market,trade,TESTE,99786.06683077085,148,,,,ITAU,CITI,,,
2026-05-24T23:49:31.727Z,market,trade,TESTE,99789.46940315257,64,,,,GOLDM,BTG,,,
2026-05-24T23:49:31.882Z,market,trade,TESTE,99781.09686354545,56,,,,ITAU,ITAU,,,
2026-05-24T23:49:32.035Z,market,trade,TESTE,99788.09635321688,22,,,,MS,UBS,,,
2026-05-24T23:49:32.191Z,market,trade,TESTE,99782.3847133542,10,,,,MS,JPM,,,
2026-05-24T23:49:32.345Z,market,trade,TESTE,99789.37091150525,14,,,,ITAU,XP,,,
2026-05-24T23:49:32.499Z,market,trade,TESTE,99787.3611685955,161,,,,CITI,BTG,,,
2026-05-24T23:49:32.655Z,market,trade,TESTE,99778.42853321691,58,,,,JPM,XP,,,
2026-05-24T23:49:32.808Z,market,trade,TESTE,99782.31856048551,20,,,,JPM,GOLDM,,,
2026-05-24T23:49:32.964Z,market,trade,TESTE,99795.31828842907,74,,,,BTG,CS,,,
2026-05-24T23:49:33.122Z,market,trade,TESTE,99797.47498866337,59,,,,CITI,XP,,,
2026-05-24T23:49:33.291Z,market,trade,TESTE,99795.5333449875,182,,,,MS,XP,,,
2026-05-24T23:49:33.453Z,market,trade,TESTE,99796.21953379399,129,,,,BTG,BTG,,,
2026-05-24T23:49:33.617Z,market,trade,TESTE,99787.01693908473,52,,,,ITAU,CITI,,,
2026-05-24T23:49:33.772Z,market,trade,TESTE,99789.43185452394,69,,,,UBS,BARCL,,,
2026-05-24T23:49:33.926Z,market,trade,TESTE,99793.9231748552,107,,,,GOLDM,UBS,,,
2026-05-24T23:49:34.081Z,market,trade,TESTE,99790.74390676965,79,,,,JPM,GOLDM,,,
2026-05-24T23:49:34.236Z,market,trade,TESTE,99797.0928848734,168,,,,BARCL,XP,,,
2026-05-24T23:49:34.391Z,market,trade,TESTE,99796.89670447934,117,,,,MS,UBS,,,
2026-05-24T23:49:34.546Z,market,trade,TESTE,99792.34405328207,183,,,,MS,BTG,,,
2026-05-24T23:49:34.701Z,market,trade,TESTE,99785.39767209894,116,,,,BTG,CS,,,
2026-05-24T23:49:34.857Z,market,trade,TESTE,99794.47281018118,147,,,,CS,CITI,,,
2026-05-24T23:49:35.016Z,market,trade,TESTE,99782.72710260523,141,,,,CS,JPM,,,
2026-05-24T23:49:35.182Z,market,trade,TESTE,99785.17636500834,133,,,,CS,MS,,,
2026-05-24T23:49:35.337Z,market,trade,TESTE,99789.27404951969,140,,,,ITAU,XP,,,
2026-05-24T23:49:35.491Z,market,trade,TESTE,99793.16405493332,184,,,,JPM,CITI,,,
2026-05-24T23:49:35.646Z,market,trade,TESTE,99789.49328551978,16,,,,MS,ITAU,,,
2026-05-24T23:49:35.801Z,market,trade,TESTE,99793.94088343934,191,,,,GOLDM,GOLDM,,,
2026-05-24T23:49:35.956Z,market,trade,TESTE,99795.54632769413,103,,,,BARCL,BTG,,,
2026-05-24T23:49:36.111Z,market,trade,TESTE,99798.78185477944,158,,,,JPM,CITI,,,
2026-05-24T23:49:36.267Z,market,trade,TESTE,99807.20490265977,152,,,,ITAU,BTG,,,
2026-05-24T23:49:36.421Z,market,trade,TESTE,99793.5864926255,76,,,,GOLDM,CITI,,,
2026-05-24T23:49:36.575Z,market,trade,TESTE,99793.44498852255,182,,,,XP,UBS,,,
2026-05-24T23:49:36.732Z,market,trade,TESTE,99796.95246247717,32,,,,ITAU,JPM,,,
2026-05-24T23:49:36.883Z,market,trade,TESTE,99804.46575884144,37,,,,ITAU,JPM,,,
2026-05-24T23:49:37.038Z,market,trade,TESTE,99808.47528800284,71,,,,XP,JPM,,,
2026-05-24T23:49:37.192Z,market,trade,TESTE,99809.65942109052,110,,,,GOLDM,BTG,,,
2026-05-24T23:49:37.348Z,market,trade,TESTE,99809.9866313876,165,,,,ITAU,ITAU,,,
2026-05-24T23:49:37.504Z,market,trade,TESTE,99809.95081568879,90,,,,BARCL,JPM,,,
2026-05-24T23:49:37.658Z,market,trade,TESTE,99804.28971384025,76,,,,GOLDM,BTG,,,
2026-05-24T23:49:37.815Z,market,trade,TESTE,99808.15369476985,67,,,,CITI,MS,,,
2026-05-24T23:49:37.971Z,market,trade,TESTE,99815.8301755759,168,,,,GOLDM,BTG,,,
2026-05-24T23:49:38.126Z,market,trade,TESTE,99804.88996119393,168,,,,MS,XP,,,
2026-05-24T23:49:38.278Z,market,trade,TESTE,99805.3499254515,113,,,,ITAU,MS,,,
2026-05-24T23:49:38.434Z,market,trade,TESTE,99801.5237699272,149,,,,BARCL,MS,,,
2026-05-24T23:49:38.592Z,market,trade,TESTE,99814.34256190866,170,,,,MS,UBS,,,
2026-05-24T23:49:38.746Z,market,trade,TESTE,99808.6781212988,102,,,,UBS,MS,,,
2026-05-24T23:49:38.899Z,market,trade,TESTE,99816.90469640594,178,,,,JPM,UBS,,,
2026-05-24T23:49:39.051Z,market,trade,TESTE,99820.25980775619,97,,,,UBS,CS,,,
2026-05-24T23:49:39.204Z,market,trade,TESTE,99823.35789801052,49,,,,BTG,BARCL,,,
2026-05-24T23:49:39.358Z,market,trade,TESTE,99821.08486121253,194,,,,BTG,JPM,,,
2026-05-24T23:49:39.511Z,market,trade,TESTE,99821.22566205313,15,,,,BARCL,JPM,,,
2026-05-24T23:49:39.667Z,market,trade,TESTE,99817.82377866542,132,,,,XP,JPM,,,
2026-05-24T23:49:39.822Z,market,trade,TESTE,99810.0024634975,109,,,,CS,UBS,,,
2026-05-24T23:49:39.978Z,market,trade,TESTE,99815.9350035792,38,,,,MS,BARCL,,,
2026-05-24T23:49:40.132Z,market,trade,TESTE,99819.57483710044,186,,,,GOLDM,MS,,,
2026-05-24T23:49:40.290Z,market,trade,TESTE,99809.72430081475,174,,,,XP,ITAU,,,
2026-05-24T23:49:40.441Z,market,trade,TESTE,99809.52964829425,29,,,,BTG,ITAU,,,
2026-05-24T23:49:40.598Z,market,trade,TESTE,99810.76342052483,125,,,,XP,BTG,,,
2026-05-24T23:49:40.761Z,market,trade,TESTE,99815.86011710567,57,,,,UBS,CS,,,
2026-05-24T23:49:40.921Z,market,trade,TESTE,99815.54667360595,53,,,,BTG,CITI,,,
2026-05-24T23:49:41.075Z,market,trade,TESTE,99818.01846933787,91,,,,CS,ITAU,,,
2026-05-24T23:49:41.229Z,market,trade,TESTE,99810.16203615502,103,,,,CS,ITAU,,,
2026-05-24T23:49:41.383Z,market,trade,TESTE,99819.15821606203,14,,,,MS,JPM,,,
2026-05-24T23:49:41.537Z,market,trade,TESTE,99811.19382496906,189,,,,CITI,XP,,,
2026-05-24T23:49:41.690Z,market,trade,TESTE,99811.57117384828,110,,,,CITI,ITAU,,,
2026-05-24T23:49:41.846Z,market,trade,TESTE,99806.87146584011,56,,,,CS,JPM,,,
2026-05-24T23:49:42.000Z,market,trade,TESTE,99815.77587041778,79,,,,CITI,MS,,,
2026-05-24T23:49:42.154Z,market,trade,TESTE,99814.22761323892,75,,,,BTG,BARCL,,,
2026-05-24T23:49:42.309Z,market,trade,TESTE,99814.62704185715,140,,,,CS,UBS,,,
2026-05-24T23:49:42.463Z,market,trade,TESTE,99810.64283230896,15,,,,GOLDM,JPM,,,
2026-05-24T23:49:42.619Z,market,trade,TESTE,99800.40933492384,118,,,,BTG,CITI,,,
2026-05-24T23:49:42.774Z,market,trade,TESTE,99800.19408048113,89,,,,BARCL,BTG,,,
2026-05-24T23:49:42.928Z,market,trade,TESTE,99810.0906677981,180,,,,UBS,JPM,,,
2026-05-24T23:49:43.085Z,market,trade,TESTE,99799.9273144861,191,,,,MS,BARCL,,,
2026-05-24T23:49:43.239Z,market,trade,TESTE,99807.81452258192,139,,,,MS,BTG,,,
2026-05-24T23:49:43.394Z,market,trade,TESTE,99799.73728855884,42,,,,BARCL,MS,,,
2026-05-24T23:49:43.549Z,market,trade,TESTE,99804.79610925606,5,,,,CITI,CS,,,
2026-05-24T23:49:43.705Z,market,trade,TESTE,99799.15628617394,69,,,,BTG,MS,,,
2026-05-24T23:49:43.860Z,market,trade,TESTE,99813.24340733963,115,,,,JPM,GOLDM,,,
2026-05-24T23:49:44.015Z,market,trade,TESTE,99810.48809347967,37,,,,ITAU,MS,,,
2026-05-24T23:49:44.170Z,market,trade,TESTE,99796.65037447694,69,,,,CITI,MS,,,
2026-05-24T23:49:44.327Z,market,trade,TESTE,99808.91716934115,47,,,,BARCL,MS,,,
2026-05-24T23:49:44.482Z,market,trade,TESTE,99799.7839278516,190,,,,CS,CS,,,
2026-05-24T23:49:44.639Z,market,trade,TESTE,99803.22388762872,79,,,,MS,ITAU,,,
2026-05-24T23:49:44.791Z,market,trade,TESTE,99804.26789216763,91,,,,ITAU,UBS,,,
2026-05-24T23:49:44.947Z,market,trade,TESTE,99800.77820531063,129,,,,MS,XP,,,
2026-05-24T23:49:45.102Z,market,trade,TESTE,99797.46772180017,76,,,,JPM,ITAU,,,
2026-05-24T23:49:45.255Z,market,trade,TESTE,99793.28920411131,29,,,,ITAU,BTG,,,
2026-05-24T23:49:45.409Z,market,trade,TESTE,99797.51170909486,58,,,,CS,GOLDM,,,
2026-05-24T23:49:45.564Z,market,trade,TESTE,99794.60692674237,76,,,,UBS,GOLDM,,,
2026-05-24T23:49:45.719Z,market,trade,TESTE,99806.23393778897,168,,,,UBS,BTG,,,
2026-05-24T23:49:45.873Z,market,trade,TESTE,99808.89017728322,184,,,,XP,MS,,,
2026-05-24T23:49:46.026Z,market,trade,TESTE,99795.71975016186,146,,,,UBS,XP,,,
2026-05-24T23:49:46.181Z,market,trade,TESTE,99795.05340783308,151,,,,BARCL,BARCL,,,
2026-05-24T23:49:46.337Z,market,trade,TESTE,99791.63239355678,163,,,,CITI,ITAU,,,
2026-05-24T23:49:46.490Z,market,trade,TESTE,99787.0564565166,174,,,,MS,MS,,,
2026-05-24T23:49:46.646Z,market,trade,TESTE,99789.94584583872,24,,,,BTG,BTG,,,
2026-05-24T23:49:46.801Z,market,trade,TESTE,99798.08665563772,77,,,,JPM,CITI,,,
2026-05-24T23:49:46.955Z,market,trade,TESTE,99788.57062547687,162,,,,UBS,UBS,,,
2026-05-24T23:49:47.109Z,market,trade,TESTE,99800.64112810939,170,,,,UBS,BARCL,,,
2026-05-24T23:49:47.263Z,market,trade,TESTE,99798.09301194668,7,,,,UBS,BTG,,,
2026-05-24T23:49:47.419Z,market,trade,TESTE,99800.97915202483,110,,,,ITAU,CS,,,
2026-05-24T23:49:47.573Z,market,trade,TESTE,99795.31699620589,41,,,,GOLDM,GOLDM,,,
2026-05-24T23:49:47.727Z,market,trade,TESTE,99801.43331532572,42,,,,UBS,JPM,,,
2026-05-24T23:49:47.887Z,market,trade,TESTE,99792.86010542078,159,,,,BARCL,UBS,,,
2026-05-24T23:49:48.041Z,market,trade,TESTE,99807.4991207652,21,,,,XP,GOLDM,,,
2026-05-24T23:49:48.197Z,market,trade,TESTE,99810.74102700825,31,,,,JPM,JPM,,,
2026-05-24T23:49:48.351Z,market,trade,TESTE,99804.43626129132,120,,,,JPM,BARCL,,,
2026-05-24T23:49:48.506Z,market,trade,TESTE,99818.4283319086,146,,,,UBS,XP,,,
2026-05-24T23:49:48.660Z,market,trade,TESTE,99814.74269116521,113,,,,GOLDM,CITI,,,
2026-05-24T23:49:48.816Z,market,trade,TESTE,99818.724062707,141,,,,XP,UBS,,,
2026-05-24T23:49:48.972Z,market,trade,TESTE,99805.0510881348,57,,,,CS,GOLDM,,,
2026-05-24T23:49:49.127Z,market,trade,TESTE,99815.58665409952,45,,,,ITAU,ITAU,,,
2026-05-24T23:49:49.283Z,market,trade,TESTE,99813.48150035989,173,,,,MS,CS,,,
2026-05-24T23:49:49.440Z,market,trade,TESTE,99800.51238618894,143,,,,BTG,CS,,,
2026-05-24T23:49:49.595Z,market,trade,TESTE,99813.59809195143,185,,,,ITAU,BTG,,,
2026-05-24T23:49:49.749Z,market,trade,TESTE,99798.77536089018,86,,,,XP,CITI,,,
2026-05-24T23:49:49.905Z,market,trade,TESTE,99799.7043274325,26,,,,UBS,MS,,,
2026-05-24T23:49:50.060Z,market,trade,TESTE,99800.77183141946,93,,,,XP,GOLDM,,,
2026-05-24T23:49:50.214Z,market,trade,TESTE,99811.23981581652,166,,,,GOLDM,CS,,,
2026-05-24T23:49:50.370Z,market,trade,TESTE,99815.22495184913,34,,,,ITAU,CS,,,
,market,trade,WINFUT,100000,1,,,,,,,,
,market,trade,WINFUT,100005,1,,,,,,,,
,market,trade,WINFUT,100010,1,,,,,,,,
,market,trade,WINFUT,100000,1,,,,,,,,
,market,trade,WINFUT,100005,1,,,,,,,,
,market,trade,WINFUT,100010,1,,,,,,,,
,market,trade,WINFUT,100000,1,,,,,,,,
,market,trade,WINFUT,100005,1,,,,,,,,
,market,trade,WINFUT,100010,1,,,,,,,,
,market,trade,WINFUT,100000,1,,,,,,,,
,market,trade,WINFUT,100005,1,,,,,,,,
,market,trade,WINFUT,100010,1,,,,,,,,
,market,trade,WINFUT,100000,1,,,,,,,,
,market,trade,WINFUT,100005,1,,,,,,,,
,market,trade,WINFUT,100010,1,,,,,,,,
,market,trade,WINFUT,100000,1,,,,,,,,
,market,trade,WINFUT,100005,1,,,,,,,,
,market,trade,WINFUT,100010,1,,,,,,,,
,market,trade,WINFUT,100000,1,,,,,,,,
,market,trade,WINFUT,100005,1,,,,,,,,
,market,trade,WINFUT,100010,1,,,,,,,,
,market,trade,WINFUT,100000,1,,,,,,,,
,market,trade,WINFUT,100005,1,,,,,,,,
,market,trade,WINFUT,100010,1,,,,,,,,
,market,trade,WINFUT,100000,1,,,,,,,,
,market,trade,WINFUT,100005,1,,,,,,,,
,market,trade,WINFUT,100010,1,,,,,,,,
,market,trade,WINFUT,100000,1,,,,,,,,
,market,trade,WINFUT,100005,1,,,,,,,,
,market,trade,WINFUT,100010,1,,,,,,,,
,market,trade,WINFUT,100000,1,,,,,,,,
,market,trade,WINFUT,100005,1,,,,,,,,
,market,trade,WINFUT,100010,1,,,,,,,,
,market,trade,WINFUT,100000,1,,,,,,,,
,market,trade,WINFUT,100005,1,,,,,,,,
,market,trade,WINFUT,100000,1,,,,,,,,
,market,trade,WINFUT,100000,1,,,,,,,,
,market,trade,WINFUT,100000,1,,,,,,,,
,market,trade,WINFUT,100000,1,,,,,,,,
,market,trade,WINFUT,100000,1,,,,,,,,
,market,trade,WINFUT,100000,1,,,,,,,,
,market,trade,WINFUT,100000,1,,,,,,,,
,market,trade,WINFUT,100000,1,,,,,,,,
,market,trade,WINFUT,100000,1,,,,,,,,
,market,trade,WINFUT,100000,1,,,,,,,,
,market,trade,WINFUT,100000,1,,,,,,,,
,market,trade,WINFUT,100000,1,,,,,,,,
,market,trade,WINFUT,100000,1,,,,,,,,
,market,trade,WINFUT,100000,1,,,,,,,,
,market,trade,WINFUT,100000,1,,,,,,,,
,market,trade,WINFUT,100000,1,,,,,,,,
,market,trade,WINFUT,100000,1,,,,,,,,
,market,trade,WINFUT,100000,1,,,,,,,,
,market,trade,WINFUT,100000,1,,,,,,,,
,market,trade,WINFUT,100000,1,,,,,,,,
,market,trade,WINFUT,100000,1,,,,,,,,
,market,trade,WINFUT,100000,1,,,,,,,,
,market,trade,WINFUT,100000,1,,,,,,,,
,market,trade,WINFUT,100000,1,,,,,,,,
,market,trade,WINFUT,100000,1,,,,,,,,
,alert,test_alert,,,,,,,,,,,
