section,path,seq,latency_ns
sample,shm,1,33500
sample,shm,2,35600
sample,shm,3,33200
sample,shm,4,145400
sample,shm,5,57300
sample,shm,6,34400
sample,shm,7,33200
sample,shm,8,33200
sample,shm,9,33500
sample,shm,10,33500
sample,shm,11,32900
sample,shm,12,33300
sample,shm,13,33200
sample,shm,14,33000
sample,shm,15,33400
sample,shm,16,32900
sample,shm,17,33100
sample,shm,18,33400
sample,shm,19,33100
sample,shm,20,33400
sample,shm,21,35600
sample,shm,22,33500
sample,shm,23,33300
sample,shm,24,36500
sample,shm,25,33900
sample,shm,26,34300
sample,shm,27,38000
sample,shm,28,33600
sample,shm,29,33700
sample,shm,30,33600
sample,shm,31,33900
sample,shm,32,33300
sample,shm,33,33200
sample,shm,34,33200
sample,shm,35,33500
sample,shm,36,35300
sample,shm,37,33500
sample,shm,38,33700
sample,shm,39,33800
sample,shm,40,33200
sample,shm,41,33500
sample,shm,42,33600
sample,shm,43,33600
sample,shm,44,33500
sample,shm,45,33600
sample,shm,46,33300
sample,shm,47,33500
sample,shm,48,33500
sample,shm,49,33700
sample,shm,50,160600
sample,shm,51,35700
sample,shm,52,33800
sample,shm,53,33900
sample,shm,54,33700
sample,shm,55,33700
sample,shm,56,33700
sample,shm,57,33500
sample,shm,58,33800
sample,shm,59,33300
sample,shm,60,33700
sample,shm,61,34000
sample,shm,62,33900
sample,shm,63,33800
sample,shm,64,33600
sample,shm,65,33600
sample,shm,66,34000
sample,shm,67,33800
sample,shm,68,34000
sample,shm,69,34100
sample,shm,70,151200
sample,shm,71,35300
sample,shm,72,34400
sample,shm,73,33900
sample,shm,74,33800
sample,shm,75,33800
sample,shm,76,33700
sample,shm,77,34200
sample,shm,78,34100
sample,shm,79,34300
sample,shm,80,34100
sample,shm,81,34300
sample,shm,82,34200
sample,shm,83,34700
sample,shm,84,34400
sample,shm,85,34500
sample,shm,86,34300
sample,shm,87,33900
sample,shm,88,34000
sample,shm,89,34400
sample,shm,90,154700
sample,shm,91,96200
sample,shm,92,59700
sample,shm,93,50700
sample,shm,94,35500
sample,shm,95,34100
sample,shm,96,34300
sample,shm,97,33600
sample,shm,98,35100
sample,shm,99,32900
sample,shm,100,33300
sample,shm,101,33100
sample,shm,102,32400
sample,shm,103,63300
sample,shm,104,67700
sample,shm,105,65400
sample,shm,106,60800
sample,shm,107,39800
sample,shm,108,38600
sample,shm,109,38100
sample,shm,110,37600
sample,shm,111,37300
sample,shm,112,37100
sample,shm,113,36900
sample,shm,114,36800
sample,shm,115,36900
sample,shm,116,37800
sample,shm,117,37100
sample,shm,118,36900
sample,shm,119,62200
sample,shm,120,79900
sample,shm,121,53700
sample,shm,122,37300
sample,shm,123,34400
sample,shm,124,35800
sample,shm,125,33800
sample,shm,126,33300
sample,shm,127,33800
sample,shm,128,33500
sample,shm,129,35300
sample,shm,130,36500
sample,shm,131,36500
sample,shm,132,37700
sample,shm,133,34000
sample,shm,134,73600
sample,shm,135,34000
sample,shm,136,33900
sample,shm,137,33000
sample,shm,138,36600
sample,shm,139,37000
sample,shm,140,33000
sample,shm,141,33000
sample,shm,142,34700
sample,shm,143,33000
sample,shm,144,42900
sample,shm,145,146900
sample,shm,146,40800
sample,shm,147,33900
sample,shm,148,36400
sample,shm,149,33500
sample,shm,150,33300
sample,shm,151,33100
sample,shm,152,34500
sample,shm,153,33100
sample,shm,154,32800
sample,shm,155,33000
sample,shm,156,32600
sample,shm,157,36500
sample,shm,158,34800
sample,shm,159,33200
sample,shm,160,32900
sample,shm,161,33100
sample,shm,162,32900
sample,shm,163,32900
sample,shm,164,32700
sample,shm,165,33100
sample,shm,166,33200
sample,shm,167,32900
sample,shm,168,32800
sample,shm,169,32800
sample,shm,170,32900
sample,shm,171,32800
sample,shm,172,32800
sample,shm,173,36100
sample,shm,174,33300
sample,shm,175,33000
sample,shm,176,32700
sample,shm,177,32800
sample,shm,178,32700
sample,shm,179,33100
sample,shm,180,31700
sample,shm,181,33200
sample,shm,182,33100
sample,shm,183,33100
sample,shm,184,32900
sample,shm,185,33000
sample,shm,186,33200
sample,shm,187,33200
sample,shm,188,33200
sample,shm,189,33000
sample,shm,190,33300
sample,shm,191,33300
sample,shm,192,33200
sample,shm,193,33000
sample,shm,194,32900
sample,shm,195,32900
sample,shm,196,33100
sample,shm,197,33000
sample,shm,198,33000
sample,shm,199,33100
sample,shm,200,33200
sample,shm,201,32700
sample,shm,202,33200
sample,shm,203,35800
sample,shm,204,34700
sample,shm,205,33200
sample,shm,206,33100
sample,shm,207,34500
sample,shm,208,33100
sample,shm,209,33100
sample,shm,210,33100
sample,shm,211,33100
sample,shm,212,33200
sample,shm,213,33200
sample,shm,214,33300
sample,shm,215,32700
sample,shm,216,32900
sample,shm,217,33100
sample,shm,218,32900
sample,shm,219,33500
sample,shm,220,33100
sample,shm,221,32900
sample,shm,222,33400
sample,shm,223,33000
sample,shm,224,33300
sample,shm,225,32900
sample,shm,226,32200
sample,shm,227,34800
sample,shm,228,33600
sample,shm,229,33600
sample,shm,230,33200
sample,shm,231,32800
sample,shm,232,33000
sample,shm,233,33100
sample,shm,234,32800
sample,shm,235,33200
sample,shm,236,33100
sample,shm,237,33000
sample,shm,238,33000
sample,shm,239,32900
sample,shm,240,33300
sample,shm,241,34800
sample,shm,242,33000
sample,shm,243,33000
sample,shm,244,32900
sample,shm,245,33000
sample,shm,246,33100
sample,shm,247,33400
sample,shm,248,32800
sample,shm,249,32800
sample,shm,250,35200
sample,shm,251,33300
sample,shm,252,33000
sample,shm,253,33200
sample,shm,254,32800
sample,shm,255,33000
sample,shm,256,32600
sample,shm,257,32900
sample,shm,258,33100
sample,shm,259,32900
sample,shm,260,34800
sample,shm,261,33200
sample,shm,262,32800
sample,shm,263,32800
sample,shm,264,33100
sample,shm,265,33100
sample,shm,266,33100
sample,shm,267,32900
sample,shm,268,33000
sample,shm,269,33000
sample,shm,270,33000
sample,shm,271,33300
sample,shm,272,33100
sample,shm,273,31800
sample,shm,274,34700
sample,shm,275,35400
sample,shm,276,33400
sample,shm,277,33100
sample,shm,278,32700
sample,shm,279,32900
sample,shm,280,33200
sample,shm,281,33500
sample,shm,282,33200
sample,shm,283,32600
sample,shm,284,32900
sample,shm,285,33200
sample,shm,286,33600
sample,shm,287,33100
sample,shm,288,33200
sample,shm,289,33100
sample,shm,290,33200
sample,shm,291,33100
sample,shm,292,32900
sample,shm,293,33100
sample,shm,294,33300
sample,shm,295,33100
sample,shm,296,32800
sample,shm,297,35100
sample,shm,298,33400
sample,shm,299,33600
sample,shm,300,33500
sample,shm,301,33100
sample,shm,302,32900
sample,shm,303,33300
sample,shm,304,33100
sample,shm,305,33100
sample,shm,306,32800
sample,shm,307,33500
sample,shm,308,33100
sample,shm,309,34900
sample,shm,310,33600
sample,shm,311,33300
sample,shm,312,33200
sample,shm,313,33500
sample,shm,314,33600
sample,shm,315,33400
sample,shm,316,33400
sample,shm,317,33400
sample,shm,318,33300
sample,shm,319,33400
sample,shm,320,35200
sample,shm,321,33600
sample,shm,322,34000
sample,shm,323,34000
sample,shm,324,33000
sample,shm,325,33400
sample,shm,326,33400
sample,shm,327,33400
sample,shm,328,33400
sample,shm,329,33100
sample,shm,330,33800
sample,shm,331,33400
sample,shm,332,33700
sample,shm,333,33600
sample,shm,334,34000
sample,shm,335,33600
sample,shm,336,33600
sample,shm,337,33600
sample,shm,338,33800
sample,shm,339,33800
sample,shm,340,33300
sample,shm,341,33900
sample,shm,342,33900
sample,shm,343,37300
sample,shm,344,34100
sample,shm,345,34500
sample,shm,346,33700
sample,shm,347,34300
sample,shm,348,33700
sample,shm,349,33900
sample,shm,350,33200
sample,shm,351,33800
sample,shm,352,33700
sample,shm,353,36200
sample,shm,354,34200
sample,shm,355,33900
sample,shm,356,34100
sample,shm,357,33900
sample,shm,358,33400
sample,shm,359,33900
sample,shm,360,34000
sample,shm,361,34000
sample,shm,362,34100
sample,shm,363,34100
sample,shm,364,33900
sample,shm,365,71400
sample,shm,366,37200
sample,shm,367,35000
sample,shm,368,34100
sample,shm,369,33600
sample,shm,370,34000
sample,shm,371,33800
sample,shm,372,34200
sample,shm,373,33800
sample,shm,374,33800
sample,shm,375,33700
sample,shm,376,33400
sample,shm,377,35400
sample,shm,378,33800
sample,shm,379,36000
sample,shm,380,34400
sample,shm,381,34000
sample,shm,382,33700
sample,shm,383,33900
sample,shm,384,33900
sample,shm,385,34000
sample,shm,386,34000
sample,shm,387,34000
sample,shm,388,37200
sample,shm,389,36000
sample,shm,390,40300
sample,shm,391,34200
sample,shm,392,34800
sample,shm,393,34100
sample,shm,394,34000
sample,shm,395,33900
sample,shm,396,34100
sample,shm,397,34100
sample,shm,398,33900
sample,shm,399,33900
sample,shm,400,33600
sample,shm,401,34200
sample,shm,402,33800
sample,shm,403,35800
sample,shm,404,34400
sample,shm,405,34200
sample,shm,406,33800
sample,shm,407,34800
sample,shm,408,34100
sample,shm,409,33700
sample,shm,410,34100
sample,shm,411,55000
sample,shm,412,71800
sample,shm,413,65700
sample,shm,414,102900
sample,shm,415,45900
sample,shm,416,35700
sample,shm,417,37600
sample,shm,418,33300
sample,shm,419,33500
sample,shm,420,33300
sample,shm,421,33100
sample,shm,422,33600
sample,shm,423,33200
sample,shm,424,32700
sample,shm,425,33300
sample,shm,426,33400
sample,shm,427,33400
sample,shm,428,32700
sample,shm,429,33000
sample,shm,430,32500
sample,shm,431,40900
sample,shm,432,82800
sample,shm,433,62400
sample,shm,434,43200
sample,shm,435,35100
sample,shm,436,34000
sample,shm,437,34000
sample,shm,438,33300
sample,shm,439,33300
sample,shm,440,33300
sample,shm,441,33100
sample,shm,442,33400
sample,shm,443,33000
sample,shm,444,61000
sample,shm,445,72800
sample,shm,446,66900
sample,shm,447,63300
sample,shm,448,49300
sample,shm,449,62400
sample,shm,450,82100
sample,shm,451,80800
sample,shm,452,75700
sample,shm,453,77500
sample,shm,454,111400
sample,shm,455,81700
sample,shm,456,67400
sample,shm,457,64800
sample,shm,458,67700
sample,shm,459,63700
sample,shm,460,40000
sample,shm,461,39100
sample,shm,462,38800
sample,shm,463,39500
sample,shm,464,61100
sample,shm,465,40200
sample,shm,466,39300
sample,shm,467,38200
sample,shm,468,37500
sample,shm,469,37700
sample,shm,470,37300
sample,shm,471,36900
sample,shm,472,40300
sample,shm,473,37300
sample,shm,474,37600
sample,shm,475,48500
sample,shm,476,38000
sample,shm,477,38300
sample,shm,478,37900
sample,shm,479,37900
sample,shm,480,48700
sample,shm,481,61100
sample,shm,482,40400
sample,shm,483,39600
sample,shm,484,38600
sample,shm,485,38800
sample,shm,486,33300
sample,shm,487,32900
sample,shm,488,33300
sample,shm,489,32800
sample,shm,490,32600
sample,shm,491,32500
sample,shm,492,32200
sample,shm,493,32600
sample,shm,494,32100
sample,shm,495,32800
sample,shm,496,32800
sample,shm,497,33100
sample,shm,498,32700
sample,shm,499,63600
sample,shm,500,35900
sample,shm,501,33600
sample,shm,502,33900
sample,shm,503,34200
sample,shm,504,34400
sample,shm,505,34900
sample,shm,506,35300
sample,shm,507,35500
sample,shm,508,37000
sample,shm,509,47300
sample,shm,510,56700
sample,shm,511,37600
sample,shm,512,46200
sample,shm,513,38400
sample,shm,514,37100
sample,shm,515,32900
sample,shm,516,33100
sample,shm,517,32700
sample,shm,518,33300
sample,shm,519,34400
sample,shm,520,34400
sample,shm,521,33100
sample,shm,522,32600
sample,shm,523,33500
sample,shm,524,33000
sample,shm,525,32900
sample,shm,526,34200
sample,shm,527,33100
sample,shm,528,33200
sample,shm,529,32800
sample,shm,530,46000
sample,shm,531,63400
sample,shm,532,34100
sample,shm,533,33000
sample,shm,534,32700
sample,shm,535,32600
sample,shm,536,32800
sample,shm,537,33000
sample,shm,538,32900
sample,shm,539,38000
sample,shm,540,33000
sample,shm,541,33500
sample,shm,542,33000
sample,shm,543,33100
sample,shm,544,32800
sample,shm,545,32400
sample,shm,546,32100
sample,shm,547,32400
sample,shm,548,34000
sample,shm,549,32600
sample,shm,550,32500
sample,shm,551,32500
sample,shm,552,32400
sample,shm,553,32600
sample,shm,554,32400
sample,shm,555,32900
sample,shm,556,32400
sample,shm,557,32700
sample,shm,558,32900
sample,shm,559,32900
sample,shm,560,32400
sample,shm,561,32200
sample,shm,562,32800
sample,shm,563,39800
sample,shm,564,32400
sample,shm,565,32900
sample,shm,566,32700
sample,shm,567,32500
sample,shm,568,33000
sample,shm,569,32900
sample,shm,570,32500
sample,shm,571,32700
sample,shm,572,32700
sample,shm,573,32600
sample,shm,574,32400
sample,shm,575,33000
sample,shm,576,32900
sample,shm,577,32500
sample,shm,578,33000
sample,shm,579,32500
sample,shm,580,32900
sample,shm,581,33900
sample,shm,582,34500
sample,shm,583,32800
sample,shm,584,33100
sample,shm,585,32700
sample,shm,586,43800
sample,shm,587,33500
sample,shm,588,33200
sample,shm,589,32800
sample,shm,590,33700
sample,shm,591,33100
sample,shm,592,68700
sample,shm,593,61900
sample,shm,594,61400
sample,shm,595,40300
sample,shm,596,39500
sample,shm,597,39400
sample,shm,598,38800
sample,shm,599,38800
sample,shm,600,38700
sample,shm,601,39700
sample,shm,602,66800
sample,shm,603,42200
sample,shm,604,35200
sample,shm,605,34200
sample,shm,606,40600
sample,shm,607,46000
sample,shm,608,46000
sample,shm,609,45900
sample,shm,610,45400
sample,shm,611,45700
sample,shm,612,45500
sample,shm,613,45800
sample,shm,614,45100
sample,shm,615,45400
sample,shm,616,50700
sample,shm,617,45000
sample,shm,618,33600
sample,shm,619,57200
sample,shm,620,33500
sample,shm,621,33900
sample,shm,622,33100
sample,shm,623,33800
sample,shm,624,33800
sample,shm,625,33600
sample,shm,626,33600
sample,shm,627,33400
sample,shm,628,33600
sample,shm,629,34000
sample,shm,630,55600
sample,shm,631,33500
sample,shm,632,33300
sample,shm,633,33300
sample,shm,634,33500
sample,shm,635,32900
sample,shm,636,33200
sample,shm,637,33200
sample,shm,638,33300
sample,shm,639,33500
sample,shm,640,33500
sample,shm,641,60500
sample,shm,642,33900
sample,shm,643,33100
sample,shm,644,32600
sample,shm,645,33600
sample,shm,646,33700
sample,shm,647,33600
sample,shm,648,33100
sample,shm,649,33400
sample,shm,650,35900
sample,shm,651,35300
sample,shm,652,33500
sample,shm,653,33800
sample,shm,654,33200
sample,shm,655,33400
sample,shm,656,33500
sample,shm,657,33700
sample,shm,658,33500
sample,shm,659,34000
sample,shm,660,33700
sample,shm,661,33600
sample,shm,662,33400
sample,shm,663,33400
sample,shm,664,46800
sample,shm,665,34300
sample,shm,666,33600
sample,shm,667,33500
sample,shm,668,33400
sample,shm,669,33200
sample,shm,670,33800
sample,shm,671,33800
sample,shm,672,33300
sample,shm,673,34500
sample,shm,674,37800
sample,shm,675,35000
sample,shm,676,33900
sample,shm,677,33700
sample,shm,678,33800
sample,shm,679,33500
sample,shm,680,33800
sample,shm,681,34000
sample,shm,682,34300
sample,shm,683,34000
sample,shm,684,33600
sample,shm,685,35200
sample,shm,686,59500
sample,shm,687,34000
sample,shm,688,33700
sample,shm,689,33700
sample,shm,690,33600
sample,shm,691,33800
sample,shm,692,33400
sample,shm,693,33800
sample,shm,694,33400
sample,shm,695,33800
sample,shm,696,33800
sample,shm,697,33900
sample,shm,698,33300
sample,shm,699,33600
sample,shm,700,33600
sample,shm,701,33500
sample,shm,702,33700
sample,shm,703,33700
sample,shm,704,33700
sample,shm,705,33800
sample,shm,706,33700
sample,shm,707,33700
sample,shm,708,34100
sample,shm,709,47000
sample,shm,710,34200
sample,shm,711,33800
sample,shm,712,33800
sample,shm,713,34000
sample,shm,714,33900
sample,shm,715,33800
sample,shm,716,34000
sample,shm,717,35800
sample,shm,718,33600
sample,shm,719,35700
sample,shm,720,33700
sample,shm,721,33600
sample,shm,722,33400
sample,shm,723,34000
sample,shm,724,33900
sample,shm,725,33600
sample,shm,726,33600
sample,shm,727,33700
sample,shm,728,34000
sample,shm,729,34500
sample,shm,730,34000
sample,shm,731,34000
sample,shm,732,128800
sample,shm,733,245600
sample,shm,734,166900
sample,shm,735,138400
sample,shm,736,214200
sample,shm,737,83600
sample,shm,738,44800
sample,shm,739,35800
sample,shm,740,34500
sample,shm,741,34600
sample,shm,742,33500
sample,shm,743,35000
sample,shm,744,34200
sample,shm,745,34500
sample,shm,746,34300
sample,shm,747,34500
sample,shm,748,34500
sample,shm,749,34200
sample,shm,750,34500
sample,shm,751,36500
sample,shm,752,46900
sample,shm,753,46300
sample,shm,754,37000
sample,shm,755,35400
sample,shm,756,35100
sample,shm,757,35800
sample,shm,758,46300
sample,shm,759,42400
sample,shm,760,34600
sample,shm,761,71700
sample,shm,762,70500
sample,shm,763,53500
sample,shm,764,36000
sample,shm,765,36300
sample,shm,766,36300
sample,shm,767,67300
sample,shm,768,39800
sample,shm,769,41600
sample,shm,770,38800
sample,shm,771,41500
sample,shm,772,44500
sample,shm,773,35900
sample,shm,774,85500
sample,shm,775,40400
sample,shm,776,40700
sample,shm,777,33700
sample,shm,778,33900
sample,shm,779,33700
sample,shm,780,33800
sample,shm,781,33700
sample,shm,782,33300
sample,shm,783,34200
sample,shm,784,34600
sample,shm,785,34200
sample,shm,786,35800
sample,shm,787,38100
sample,shm,788,34300
sample,shm,789,34700
sample,shm,790,35400
sample,shm,791,34800
sample,shm,792,33300
sample,shm,793,55100
sample,shm,794,36900
sample,shm,795,38400
sample,shm,796,53100
sample,shm,797,35700
sample,shm,798,34700
sample,shm,799,34600
sample,shm,800,34800
sample,shm,801,34400
sample,shm,802,36500
sample,shm,803,52800
sample,shm,804,36700
sample,shm,805,34300
sample,shm,806,35400
sample,shm,807,34800
sample,shm,808,34900
sample,shm,809,33500
sample,shm,810,34000
sample,shm,811,34400
sample,shm,812,34000
sample,shm,813,33800
sample,shm,814,35000
sample,shm,815,33900
sample,shm,816,80700
sample,shm,817,35600
sample,shm,818,35200
sample,shm,819,34000
sample,shm,820,33500
sample,shm,821,35700
sample,shm,822,33500
sample,shm,823,33700
sample,shm,824,34600
sample,shm,825,34100
sample,shm,826,51700
sample,shm,827,35400
sample,shm,828,34800
sample,shm,829,35400
sample,shm,830,35000
sample,shm,831,34400
sample,shm,832,34400
sample,shm,833,34400
sample,shm,834,33600
sample,shm,835,34000
sample,shm,836,34300
sample,shm,837,49200
sample,shm,838,50200
sample,shm,839,42100
sample,shm,840,35400
sample,shm,841,35700
sample,shm,842,34000
sample,shm,843,33800
sample,shm,844,33400
sample,shm,845,33700
sample,shm,846,33300
sample,shm,847,33600
sample,shm,848,34400
sample,shm,849,33400
sample,shm,850,33400
sample,shm,851,33500
sample,shm,852,33400
sample,shm,853,33400
sample,shm,854,33000
sample,shm,855,35200
sample,shm,856,33400
sample,shm,857,34300
sample,shm,858,51900
sample,shm,859,33800
sample,shm,860,33500
sample,shm,861,33400
sample,shm,862,38800
sample,shm,863,36200
sample,shm,864,36400
sample,shm,865,36100
sample,shm,866,36500
sample,shm,867,34400
sample,shm,868,34300
sample,shm,869,35500
sample,shm,870,34800
sample,shm,871,34900
sample,shm,872,35200
sample,shm,873,36400
sample,shm,874,34300
sample,shm,875,34600
sample,shm,876,35400
sample,shm,877,36300
sample,shm,878,33700
sample,shm,879,35900
sample,shm,880,35100
sample,shm,881,35200
sample,shm,882,34900
sample,shm,883,35400
sample,shm,884,79700
sample,shm,885,54900
sample,shm,886,37500
sample,shm,887,36400
sample,shm,888,33900
sample,shm,889,36500
sample,shm,890,35100
sample,shm,891,34600
sample,shm,892,35600
sample,shm,893,36200
sample,shm,894,36200
sample,shm,895,35600
sample,shm,896,36600
sample,shm,897,35800
sample,shm,898,35900
sample,shm,899,37700
sample,shm,900,36100
sample,shm,901,34700
sample,shm,902,35100
sample,shm,903,35100
sample,shm,904,67300
sample,shm,905,37100
sample,shm,906,36200
sample,shm,907,36400
sample,shm,908,37400
sample,shm,909,34800
sample,shm,910,35000
sample,shm,911,34800
sample,shm,912,36000
sample,shm,913,37800
sample,shm,914,39900
sample,shm,915,36500
sample,shm,916,43700
sample,shm,917,69800
sample,shm,918,40600
sample,shm,919,40500
sample,shm,920,52500
sample,shm,921,42100
sample,shm,922,55200
sample,shm,923,43400
sample,shm,924,48400
sample,shm,925,47500
sample,shm,926,40700
sample,shm,927,35900
sample,shm,928,48300
sample,shm,929,46800
sample,shm,930,59700
sample,shm,931,43200
sample,shm,932,36200
sample,shm,933,35500
sample,shm,934,42400
sample,shm,935,42100
sample,shm,936,35900
sample,shm,937,34400
sample,shm,938,34100
sample,shm,939,34600
sample,shm,940,52900
sample,shm,941,34100
sample,shm,942,34500
sample,shm,943,34800
sample,shm,944,34400
sample,shm,945,35100
sample,shm,946,36800
sample,shm,947,34300
sample,shm,948,34200
sample,shm,949,34900
sample,shm,950,38600
sample,shm,951,45100
sample,shm,952,42400
sample,shm,953,43700
sample,shm,954,47400
sample,shm,955,51700
sample,shm,956,43100
sample,shm,957,38700
sample,shm,958,72500
sample,shm,959,42100
sample,shm,960,34800
sample,shm,961,43500
sample,shm,962,47900
sample,shm,963,41200
sample,shm,964,34900
sample,shm,965,35200
sample,shm,966,35400
sample,shm,967,34400
sample,shm,968,34400
sample,shm,969,34000
sample,shm,970,32800
sample,shm,971,33000
sample,shm,972,32700
sample,shm,973,49700
sample,shm,974,38800
sample,shm,975,33500
sample,shm,976,33400
sample,shm,977,35600
sample,shm,978,33600
sample,shm,979,33200
sample,shm,980,38100
sample,shm,981,33700
sample,shm,982,34100
sample,shm,983,35300
sample,shm,984,34500
sample,shm,985,34600
sample,shm,986,33500
sample,shm,987,33900
sample,shm,988,36100
sample,shm,989,34900
sample,shm,990,34100
sample,shm,991,34100
sample,shm,992,36200
sample,shm,993,34300
sample,shm,994,33300
sample,shm,995,33200
sample,shm,996,33100
sample,shm,997,33400
sample,shm,998,33900
sample,shm,999,33100
sample,shm,1000,54500
sample,shm,1001,33000
sample,shm,1002,49300
sample,shm,1003,33800
sample,shm,1004,32600
sample,shm,1005,33000
sample,shm,1006,32900
sample,shm,1007,33300
sample,shm,1008,40500
sample,shm,1009,39700
sample,shm,1010,34800
sample,shm,1011,44300
sample,shm,1012,39700
sample,shm,1013,47600
sample,shm,1014,38500
sample,shm,1015,33600
sample,shm,1016,33200
sample,shm,1017,33000
sample,shm,1018,32700
sample,shm,1019,32800
sample,shm,1020,52600
sample,shm,1021,108200
sample,shm,1022,65900
sample,shm,1023,50400
sample,shm,1024,37700
sample,shm,1025,59400
sample,shm,1026,39100
sample,shm,1027,33900
sample,shm,1028,32900
sample,shm,1029,33000
sample,shm,1030,33400
sample,shm,1031,33000
sample,shm,1032,33300
sample,shm,1033,33100
sample,shm,1034,32900
sample,shm,1035,33300
sample,shm,1036,33600
sample,shm,1037,33400
sample,shm,1038,33000
sample,shm,1039,33900
sample,shm,1040,57700
sample,shm,1041,56000
sample,shm,1042,34500
sample,shm,1043,34000
sample,shm,1044,41400
sample,shm,1045,34400
sample,shm,1046,32900
sample,shm,1047,32800
sample,shm,1048,32300
sample,shm,1049,32900
sample,shm,1050,32500
sample,shm,1051,33200
sample,shm,1052,32400
sample,shm,1053,32300
sample,shm,1054,31900
sample,shm,1055,32200
sample,shm,1056,43200
sample,shm,1057,51000
sample,shm,1058,101300
sample,shm,1059,70500
sample,shm,1060,68800
sample,shm,1061,50100
sample,shm,1062,57600
sample,shm,1063,78800
sample,shm,1064,81300
sample,shm,1065,101600
sample,shm,1066,64900
sample,shm,1067,64100
sample,shm,1068,67300
sample,shm,1069,59900
sample,shm,1070,51800
sample,shm,1071,51300
sample,shm,1072,48000
sample,shm,1073,65600
sample,shm,1074,74200
sample,shm,1075,125900
sample,shm,1076,68800
sample,shm,1077,65800
sample,shm,1078,70900
sample,shm,1079,49800
sample,shm,1080,45600
sample,shm,1081,95200
sample,shm,1082,62800
sample,shm,1083,73300
sample,shm,1084,78100
sample,shm,1085,85200
sample,shm,1086,51800
sample,shm,1087,37700
sample,shm,1088,44800
sample,shm,1089,55800
sample,shm,1090,69700
sample,shm,1091,64700
sample,shm,1092,59300
sample,shm,1093,72000
sample,shm,1094,76300
sample,shm,1095,58300
sample,shm,1096,42500
sample,shm,1097,40800
sample,shm,1098,57500
sample,shm,1099,57000
sample,shm,1100,36600
sample,shm,1101,33900
sample,shm,1102,35800
sample,shm,1103,37700
sample,shm,1104,39000
sample,shm,1105,42200
sample,shm,1106,44500
sample,shm,1107,42900
sample,shm,1108,109000
sample,shm,1109,97500
sample,shm,1110,66100
sample,shm,1111,80500
sample,shm,1112,127800
sample,shm,1113,129600
sample,shm,1114,44300
sample,shm,1115,75300
sample,shm,1116,63800
sample,shm,1117,41000
sample,shm,1118,36900
sample,shm,1119,34300
sample,shm,1120,44300
sample,shm,1121,37200
sample,shm,1122,35600
sample,shm,1123,34300
sample,shm,1124,33900
sample,shm,1125,34400
sample,shm,1126,34800
sample,shm,1127,50300
sample,shm,1128,61000
sample,shm,1129,100000
sample,shm,1130,110000
sample,shm,1131,147200
sample,shm,1132,109200
sample,shm,1133,51300
sample,shm,1134,68700
sample,shm,1135,52000
sample,shm,1136,85700
sample,shm,1137,44500
sample,shm,1138,89500
sample,shm,1139,79200
sample,shm,1140,43900
sample,shm,1141,52800
sample,shm,1142,59400
sample,shm,1143,65100
sample,shm,1144,74900
sample,shm,1145,71700
sample,shm,1146,129000
sample,shm,1147,69200
sample,shm,1148,68200
sample,shm,1149,77800
sample,shm,1150,88200
sample,shm,1151,106500
sample,shm,1152,90000
sample,shm,1153,97000
sample,shm,1154,95600
sample,shm,1155,97100
sample,shm,1156,107000
sample,shm,1157,101100
sample,shm,1158,62900
sample,shm,1159,46100
sample,shm,1160,35400
sample,shm,1161,34400
sample,shm,1162,33300
sample,shm,1163,41200
sample,shm,1164,39500
sample,shm,1165,38100
sample,shm,1166,49500
sample,shm,1167,53700
sample,shm,1168,51100
sample,shm,1169,41200
sample,shm,1170,45700
sample,shm,1171,37200
sample,shm,1172,33500
sample,shm,1173,34900
sample,shm,1174,33500
sample,shm,1175,47900
sample,shm,1176,52600
sample,shm,1177,45900
sample,shm,1178,41000
sample,shm,1179,39900
sample,shm,1180,39200
sample,shm,1181,42800
sample,shm,1182,37900
sample,shm,1183,34600
sample,shm,1184,32800
sample,shm,1185,32900
sample,shm,1186,33800
sample,shm,1187,32900
sample,shm,1188,32800
sample,shm,1189,33100
sample,shm,1190,33100
sample,shm,1191,32800
sample,shm,1192,45900
sample,shm,1193,55000
sample,shm,1194,119300
sample,shm,1195,108800
sample,shm,1196,77200
sample,shm,1197,71300
sample,shm,1198,36200
sample,shm,1199,35400
sample,shm,1200,35000
sample,shm,1201,33200
sample,shm,1202,37300
sample,shm,1203,50800
sample,shm,1204,35900
sample,shm,1205,33700
sample,shm,1206,34000
sample,shm,1207,33100
sample,shm,1208,36100
sample,shm,1209,51900
sample,shm,1210,35700
sample,shm,1211,33200
sample,shm,1212,32900
sample,shm,1213,32600
sample,shm,1214,33000
sample,shm,1215,33100
sample,shm,1216,32800
sample,shm,1217,32900
sample,shm,1218,32700
sample,shm,1219,33100
sample,shm,1220,33200
sample,shm,1221,51500
sample,shm,1222,35900
sample,shm,1223,33200
sample,shm,1224,39500
sample,shm,1225,38900
sample,shm,1226,33900
sample,shm,1227,33100
sample,shm,1228,33200
sample,shm,1229,33000
sample,shm,1230,33200
sample,shm,1231,34700
sample,shm,1232,33400
sample,shm,1233,33200
sample,shm,1234,33200
sample,shm,1235,34300
sample,shm,1236,35300
sample,shm,1237,33300
sample,shm,1238,33400
sample,shm,1239,33500
sample,shm,1240,34800
sample,shm,1241,35300
sample,shm,1242,39600
sample,shm,1243,34700
sample,shm,1244,34700
sample,shm,1245,33000
sample,shm,1246,33500
sample,shm,1247,35600
sample,shm,1248,33100
sample,shm,1249,32900
sample,shm,1250,32900
sample,shm,1251,35700
sample,shm,1252,33500
sample,shm,1253,32800
sample,shm,1254,35400
sample,shm,1255,36800
sample,shm,1256,34300
sample,shm,1257,46600
sample,shm,1258,35100
sample,shm,1259,44200
sample,shm,1260,39000
sample,shm,1261,42700
sample,shm,1262,46000
sample,shm,1263,71200
sample,shm,1264,57000
sample,shm,1265,42600
sample,shm,1266,36200
sample,shm,1267,35000
sample,shm,1268,35100
sample,shm,1269,40000
sample,shm,1270,44600
sample,shm,1271,35300
sample,shm,1272,34200
sample,shm,1273,39000
sample,shm,1274,33400
sample,shm,1275,33500
sample,shm,1276,33300
sample,shm,1277,33100
sample,shm,1278,33600
sample,shm,1279,33700
sample,shm,1280,33000
sample,shm,1281,33500
sample,shm,1282,32600
sample,shm,1283,33700
sample,shm,1284,33000
sample,shm,1285,83800
sample,shm,1286,73100
sample,shm,1287,38000
sample,shm,1288,36200
sample,shm,1289,43900
sample,shm,1290,48200
sample,shm,1291,35500
sample,shm,1292,34100
sample,shm,1293,33600
sample,shm,1294,78600
sample,shm,1295,44900
sample,shm,1296,45100
sample,shm,1297,68100
sample,shm,1298,45900
sample,shm,1299,39400
sample,shm,1300,34500
sample,shm,1301,34700
sample,shm,1302,34800
sample,shm,1303,33900
sample,shm,1304,34600
sample,shm,1305,34500
sample,shm,1306,33700
sample,shm,1307,37000
sample,shm,1308,34200
sample,shm,1309,34000
sample,shm,1310,34100
sample,shm,1311,34500
sample,shm,1312,34700
sample,shm,1313,34500
sample,shm,1314,34900
sample,shm,1315,35100
sample,shm,1316,45500
sample,shm,1317,55400
sample,shm,1318,40700
sample,shm,1319,50600
sample,shm,1320,94800
sample,shm,1321,78900
sample,shm,1322,60800
sample,shm,1323,44800
sample,shm,1324,42200
sample,shm,1325,42500
sample,shm,1326,50200
sample,shm,1327,41200
sample,shm,1328,46300
sample,shm,1329,56100
sample,shm,1330,34700
sample,shm,1331,38400
sample,shm,1332,35900
sample,shm,1333,37400
sample,shm,1334,33400
sample,shm,1335,34000
sample,shm,1336,33900
sample,shm,1337,34200
sample,shm,1338,33800
sample,shm,1339,34100
sample,shm,1340,33800
sample,shm,1341,33700
sample,shm,1342,34100
sample,shm,1343,33700
sample,shm,1344,33200
sample,shm,1345,33400
sample,shm,1346,33800
sample,shm,1347,33500
sample,shm,1348,33200
sample,shm,1349,33500
sample,shm,1350,32900
sample,shm,1351,33200
sample,shm,1352,33300
sample,shm,1353,33400
sample,shm,1354,35000
sample,shm,1355,33300
sample,shm,1356,33000
sample,shm,1357,33000
sample,shm,1358,33200
sample,shm,1359,33100
sample,shm,1360,32800
sample,shm,1361,32600
sample,shm,1362,33400
sample,shm,1363,33300
sample,shm,1364,32900
sample,shm,1365,33000
sample,shm,1366,33300
sample,shm,1367,35000
sample,shm,1368,33500
sample,shm,1369,33200
sample,shm,1370,33100
sample,shm,1371,33400
sample,shm,1372,32500
sample,shm,1373,32900
sample,shm,1374,33100
sample,shm,1375,33000
sample,shm,1376,33400
sample,shm,1377,36100
sample,shm,1378,33700
sample,shm,1379,33600
sample,shm,1380,34400
sample,shm,1381,33600
sample,shm,1382,33000
sample,shm,1383,35800
sample,shm,1384,33200
sample,shm,1385,33000
sample,shm,1386,33300
sample,shm,1387,34000
sample,shm,1388,33500
sample,shm,1389,33000
sample,shm,1390,33200
sample,shm,1391,35300
sample,shm,1392,33200
sample,shm,1393,33400
sample,shm,1394,33400
sample,shm,1395,33200
sample,shm,1396,33600
sample,shm,1397,33700
sample,shm,1398,33500
sample,shm,1399,60800
sample,shm,1400,35400
sample,shm,1401,35500
sample,shm,1402,33200
sample,shm,1403,33200
sample,shm,1404,34000
sample,shm,1405,35400
sample,shm,1406,35100
sample,shm,1407,33800
sample,shm,1408,33700
sample,shm,1409,33200
sample,shm,1410,33400
sample,shm,1411,33500
sample,shm,1412,33600
sample,shm,1413,33700
sample,shm,1414,33600
sample,shm,1415,36000
sample,shm,1416,34000
sample,shm,1417,35800
sample,shm,1418,34100
sample,shm,1419,34400
sample,shm,1420,33900
sample,shm,1421,34000
sample,shm,1422,58500
sample,shm,1423,41600
sample,shm,1424,33700
sample,shm,1425,33700
sample,shm,1426,33500
sample,shm,1427,33400
sample,shm,1428,33700
sample,shm,1429,33500
sample,shm,1430,32900
sample,shm,1431,45100
sample,shm,1432,67400
sample,shm,1433,37700
sample,shm,1434,33600
sample,shm,1435,33300
sample,shm,1436,36100
sample,shm,1437,33500
sample,shm,1438,32900
sample,shm,1439,33000
sample,shm,1440,34600
sample,shm,1441,33100
sample,shm,1442,33300
sample,shm,1443,33900
sample,shm,1444,80100
sample,shm,1445,35600
sample,shm,1446,33800
sample,shm,1447,34000
sample,shm,1448,33400
sample,shm,1449,33200
sample,shm,1450,32900
sample,shm,1451,33000
sample,shm,1452,33000
sample,shm,1453,32900
sample,shm,1454,33000
sample,shm,1455,33200
sample,shm,1456,32900
sample,shm,1457,33100
sample,shm,1458,33100
sample,shm,1459,36700
sample,shm,1460,34700
sample,shm,1461,33100
sample,shm,1462,32900
sample,shm,1463,33200
sample,shm,1464,33000
sample,shm,1465,33100
sample,shm,1466,33200
sample,shm,1467,33100
sample,shm,1468,32900
sample,shm,1469,33100
sample,shm,1470,34200
sample,shm,1471,33200
sample,shm,1472,32600
sample,shm,1473,33000
sample,shm,1474,33200
sample,shm,1475,32900
sample,shm,1476,32900
sample,shm,1477,33300
sample,shm,1478,33400
sample,shm,1479,33200
sample,shm,1480,33100
sample,shm,1481,32900
sample,shm,1482,32800
sample,shm,1483,34800
sample,shm,1484,33100
sample,shm,1485,33100
sample,shm,1486,33000
sample,shm,1487,32900
sample,shm,1488,32900
sample,shm,1489,33100
sample,shm,1490,32900
sample,shm,1491,32800
sample,shm,1492,32800
sample,shm,1493,32700
sample,shm,1494,34200
sample,shm,1495,35100
sample,shm,1496,33400
sample,shm,1497,34000
sample,shm,1498,33900
sample,shm,1499,36900
sample,shm,1500,33600
sample,shm,1501,33200
sample,shm,1502,33400
sample,shm,1503,33700
sample,shm,1504,34700
sample,shm,1505,33300
sample,shm,1506,35400
sample,shm,1507,33600
sample,shm,1508,33400
sample,shm,1509,33200
sample,shm,1510,33200
sample,shm,1511,33300
sample,shm,1512,33300
sample,shm,1513,33100
sample,shm,1514,35200
sample,shm,1515,33100
sample,shm,1516,32700
sample,shm,1517,33200
sample,shm,1518,33200
sample,shm,1519,33200
sample,shm,1520,32900
sample,shm,1521,33200
sample,shm,1522,34500
sample,shm,1523,33200
sample,shm,1524,33100
sample,shm,1525,33600
sample,shm,1526,33200
sample,shm,1527,33400
sample,shm,1528,33100
sample,shm,1529,65800
sample,shm,1530,34200
sample,shm,1531,33400
sample,shm,1532,33300
sample,shm,1533,33200
sample,shm,1534,33400
sample,shm,1535,33300
sample,shm,1536,33000
sample,shm,1537,33300
sample,shm,1538,35700
sample,shm,1539,33400
sample,shm,1540,33200
sample,shm,1541,35600
sample,shm,1542,33300
sample,shm,1543,33900
sample,shm,1544,33400
sample,shm,1545,33500
sample,shm,1546,33700
sample,shm,1547,33500
sample,shm,1548,33800
sample,shm,1549,33500
sample,shm,1550,33600
sample,shm,1551,42900
sample,shm,1552,33600
sample,shm,1553,34100
sample,shm,1554,33600
sample,shm,1555,33600
sample,shm,1556,33800
sample,shm,1557,33700
sample,shm,1558,33700
sample,shm,1559,33700
sample,shm,1560,33900
sample,shm,1561,33600
sample,shm,1562,42800
sample,shm,1563,33600
sample,shm,1564,34200
sample,shm,1565,33800
sample,shm,1566,33700
sample,shm,1567,34000
sample,shm,1568,33500
sample,shm,1569,35800
sample,shm,1570,33400
sample,shm,1571,33600
sample,shm,1572,34800
sample,shm,1573,35900
sample,shm,1574,40400
sample,shm,1575,33500
sample,shm,1576,36500
sample,shm,1577,33600
sample,shm,1578,33500
sample,shm,1579,33800
sample,shm,1580,33600
sample,shm,1581,34100
sample,shm,1582,33900
sample,shm,1583,33600
sample,shm,1584,33600
sample,shm,1585,34100
sample,shm,1586,38500
sample,shm,1587,33600
sample,shm,1588,33700
sample,shm,1589,37000
sample,shm,1590,33800
sample,shm,1591,34100
sample,shm,1592,33300
sample,shm,1593,33600
sample,shm,1594,33600
sample,shm,1595,79500
sample,shm,1596,85700
sample,shm,1597,138000
sample,shm,1598,90800
sample,shm,1599,91000
sample,shm,1600,53900
sample,shm,1601,40300
sample,shm,1602,38300
sample,shm,1603,37600
sample,shm,1604,37200
sample,shm,1605,37700
sample,shm,1606,40400
sample,shm,1607,67500
sample,shm,1608,60800
sample,shm,1609,39900
sample,shm,1610,38800
sample,shm,1611,37400
sample,shm,1612,37500
sample,shm,1613,37300
sample,shm,1614,36900
sample,shm,1615,37200
sample,shm,1616,36900
sample,shm,1617,37100
sample,shm,1618,40100
sample,shm,1619,32800
sample,shm,1620,74100
sample,shm,1621,216600
sample,shm,1622,113200
sample,shm,1623,89000
sample,shm,1624,177200
sample,shm,1625,37600
sample,shm,1626,45400
sample,shm,1627,52600
sample,shm,1628,48000
sample,shm,1629,47200
sample,shm,1630,58100
sample,shm,1631,44100
sample,shm,1632,40300
sample,shm,1633,57600
sample,shm,1634,56900
sample,shm,1635,35800
sample,shm,1636,33900
sample,shm,1637,33100
sample,shm,1638,32900
sample,shm,1639,32300
sample,shm,1640,36600
sample,shm,1641,32700
sample,shm,1642,32800
sample,shm,1643,40100
sample,shm,1644,36000
sample,shm,1645,32800
sample,shm,1646,33200
sample,shm,1647,32900
sample,shm,1648,32700
sample,shm,1649,32700
sample,shm,1650,32500
sample,shm,1651,33500
sample,shm,1652,32700
sample,shm,1653,32400
sample,shm,1654,32400
sample,shm,1655,32700
sample,shm,1656,32500
sample,shm,1657,32200
sample,shm,1658,32700
sample,shm,1659,32900
sample,shm,1660,33000
sample,shm,1661,32800
sample,shm,1662,32600
sample,shm,1663,32500
sample,shm,1664,32700
sample,shm,1665,32900
sample,shm,1666,32700
sample,shm,1667,34400
sample,shm,1668,38000
sample,shm,1669,33000
sample,shm,1670,32500
sample,shm,1671,32400
sample,shm,1672,32600
sample,shm,1673,32800
sample,shm,1674,32600
sample,shm,1675,33700
sample,shm,1676,32400
sample,shm,1677,32400
sample,shm,1678,32500
sample,shm,1679,32700
sample,shm,1680,32600
sample,shm,1681,32600
sample,shm,1682,35100
sample,shm,1683,32600
sample,shm,1684,32600
sample,shm,1685,33200
sample,shm,1686,33000
sample,shm,1687,36500
sample,shm,1688,35000
sample,shm,1689,36300
sample,shm,1690,39100
sample,shm,1691,54500
sample,shm,1692,38700
sample,shm,1693,34100
sample,shm,1694,38400
sample,shm,1695,48900
sample,shm,1696,65500
sample,shm,1697,87900
sample,shm,1698,93500
sample,shm,1699,57400
sample,shm,1700,43500
sample,shm,1701,34200
sample,shm,1702,33500
sample,shm,1703,32800
sample,shm,1704,32800
sample,shm,1705,32800
sample,shm,1706,40400
sample,shm,1707,34400
sample,shm,1708,33700
sample,shm,1709,36800
sample,shm,1710,32300
sample,shm,1711,33100
sample,shm,1712,32700
sample,shm,1713,32800
sample,shm,1714,32700
sample,shm,1715,32700
sample,shm,1716,32600
sample,shm,1717,32600
sample,shm,1718,32900
sample,shm,1719,32300
sample,shm,1720,32900
sample,shm,1721,33500
sample,shm,1722,33000
sample,shm,1723,32700
sample,shm,1724,32700
sample,shm,1725,32900
sample,shm,1726,32500
sample,shm,1727,32800
sample,shm,1728,32400
sample,shm,1729,32900
sample,shm,1730,32600
sample,shm,1731,34000
sample,shm,1732,32800
sample,shm,1733,32800
sample,shm,1734,32600
sample,shm,1735,33000
sample,shm,1736,32600
sample,shm,1737,32700
sample,shm,1738,32600
sample,shm,1739,32600
sample,shm,1740,32700
sample,shm,1741,32800
sample,shm,1742,33100
sample,shm,1743,34300
sample,shm,1744,32600
sample,shm,1745,32800
sample,shm,1746,33000
sample,shm,1747,32400
sample,shm,1748,32900
sample,shm,1749,33000
sample,shm,1750,32700
sample,shm,1751,32100
sample,shm,1752,32500
sample,shm,1753,32600
sample,shm,1754,32600
sample,shm,1755,33900
sample,shm,1756,39500
sample,shm,1757,32800
sample,shm,1758,32400
sample,shm,1759,33000
sample,shm,1760,33000
sample,shm,1761,32900
sample,shm,1762,33600
sample,shm,1763,32700
sample,shm,1764,32700
sample,shm,1765,32900
sample,shm,1766,32800
sample,shm,1767,33000
sample,shm,1768,32600
sample,shm,1769,32900
sample,shm,1770,32700
sample,shm,1771,32600
sample,shm,1772,33000
sample,shm,1773,32400
sample,shm,1774,32500
sample,shm,1775,32400
sample,shm,1776,32600
sample,shm,1777,34400
sample,shm,1778,33500
sample,shm,1779,34300
sample,shm,1780,37400
sample,shm,1781,32800
sample,shm,1782,32800
sample,shm,1783,45900
sample,shm,1784,73100
sample,shm,1785,42300
sample,shm,1786,40400
sample,shm,1787,61600
sample,shm,1788,40300
sample,shm,1789,40700
sample,shm,1790,61500
sample,shm,1791,40100
sample,shm,1792,39800
sample,shm,1793,39000
sample,shm,1794,39700
sample,shm,1795,61400
sample,shm,1796,39900
sample,shm,1797,39900
sample,shm,1798,39100
sample,shm,1799,39000
sample,shm,1800,39100
sample,shm,1801,38900
sample,shm,1802,38900
sample,shm,1803,61200
sample,shm,1804,40500
sample,shm,1805,40600
sample,shm,1806,34900
sample,shm,1807,34900
sample,shm,1808,34100
sample,shm,1809,34300
sample,shm,1810,35100
sample,shm,1811,39400
sample,shm,1812,34200
sample,shm,1813,33800
sample,shm,1814,33900
sample,shm,1815,33600
sample,shm,1816,33600
sample,shm,1817,34100
sample,shm,1818,33900
sample,shm,1819,33800
sample,shm,1820,33800
sample,shm,1821,33900
sample,shm,1822,33600
sample,shm,1823,33800
sample,shm,1824,33700
sample,shm,1825,33700
sample,shm,1826,33900
sample,shm,1827,33900
sample,shm,1828,34100
sample,shm,1829,33600
sample,shm,1830,33500
sample,shm,1831,33700
sample,shm,1832,33500
sample,shm,1833,33900
sample,shm,1834,34400
sample,shm,1835,34700
sample,shm,1836,34500
sample,shm,1837,80700
sample,shm,1838,69600
sample,shm,1839,62600
sample,shm,1840,60400
sample,shm,1841,59800
sample,shm,1842,60000
sample,shm,1843,60000
sample,shm,1844,60600
sample,shm,1845,66500
sample,shm,1846,59700
sample,shm,1847,40700
sample,shm,1848,33600
sample,shm,1849,46200
sample,shm,1850,33500
sample,shm,1851,33300
sample,shm,1852,33100
sample,shm,1853,33200
sample,shm,1854,33300
sample,shm,1855,32900
sample,shm,1856,33200
sample,shm,1857,32900
sample,shm,1858,33200
sample,shm,1859,33100
sample,shm,1860,67000
sample,shm,1861,34200
sample,shm,1862,38600
sample,shm,1863,33300
sample,shm,1864,32500
sample,shm,1865,32200
sample,shm,1866,32200
sample,shm,1867,32700
sample,shm,1868,32700
sample,shm,1869,32500
sample,shm,1870,39500
sample,shm,1871,32900
sample,shm,1872,35400
sample,shm,1873,32200
sample,shm,1874,32100
sample,shm,1875,32400
sample,shm,1876,32200
sample,shm,1877,32800
sample,shm,1878,32200
sample,shm,1879,34300
sample,shm,1880,32400
sample,shm,1881,39400
sample,shm,1882,34800
sample,shm,1883,49400
sample,shm,1884,41800
sample,shm,1885,34900
sample,shm,1886,34000
sample,shm,1887,33800
sample,shm,1888,33600
sample,shm,1889,33700
sample,shm,1890,33500
sample,shm,1891,33300
sample,shm,1892,33100
sample,shm,1893,36500
sample,shm,1894,45400
sample,shm,1895,36200
sample,shm,1896,35900
sample,shm,1897,33300
sample,shm,1898,33400
sample,shm,1899,34000
sample,shm,1900,33100
sample,shm,1901,33100
sample,shm,1902,33100
sample,shm,1903,33000
sample,shm,1904,33700
sample,shm,1905,33200
sample,shm,1906,33100
sample,shm,1907,32900
sample,shm,1908,32800
sample,shm,1909,33100
sample,shm,1910,33000
sample,shm,1911,32700
sample,shm,1912,33100
sample,shm,1913,34800
sample,shm,1914,33300
sample,shm,1915,33800
sample,shm,1916,33400
sample,shm,1917,68700
sample,shm,1918,68600
sample,shm,1919,79000
sample,shm,1920,107300
sample,shm,1921,93700
sample,shm,1922,51500
sample,shm,1923,72100
sample,shm,1924,54900
sample,shm,1925,42500
sample,shm,1926,36100
sample,shm,1927,34800
sample,shm,1928,34400
sample,shm,1929,33500
sample,shm,1930,33800
sample,shm,1931,33800
sample,shm,1932,57600
sample,shm,1933,67900
sample,shm,1934,46000
sample,shm,1935,35100
sample,shm,1936,36500
sample,shm,1937,58100
sample,shm,1938,34100
sample,shm,1939,33400
sample,shm,1940,33300
sample,shm,1941,47900
sample,shm,1942,69700
sample,shm,1943,98600
sample,shm,1944,85600
sample,shm,1945,54600
sample,shm,1946,51900
sample,shm,1947,39700
sample,shm,1948,50400
sample,shm,1949,55700
sample,shm,1950,82400
sample,shm,1951,45600
sample,shm,1952,44600
sample,shm,1953,41500
sample,shm,1954,56500
sample,shm,1955,117600
sample,shm,1956,85800
sample,shm,1957,38700
sample,shm,1958,34100
sample,shm,1959,35200
sample,shm,1960,33700
sample,shm,1961,33000
sample,shm,1962,32900
sample,shm,1963,33200
sample,shm,1964,33300
sample,shm,1965,33400
sample,shm,1966,46800
sample,shm,1967,39300
sample,shm,1968,39300
sample,shm,1969,39800
sample,shm,1970,38300
sample,shm,1971,70200
sample,shm,1972,63600
sample,shm,1973,79100
sample,shm,1974,50300
sample,shm,1975,40200
sample,shm,1976,34900
sample,shm,1977,33000
sample,shm,1978,32800
sample,shm,1979,32300
sample,shm,1980,65400
sample,shm,1981,43600
sample,shm,1982,44500
sample,shm,1983,34100
sample,shm,1984,59500
sample,shm,1985,33900
sample,shm,1986,32800
sample,shm,1987,32600
sample,shm,1988,33000
sample,shm,1989,115700
sample,shm,1990,63200
sample,shm,1991,58200
sample,shm,1992,33700
sample,shm,1993,33300
sample,shm,1994,33200
sample,shm,1995,33300
sample,shm,1996,35700
sample,shm,1997,34800
sample,shm,1998,33500
sample,shm,1999,33200
sample,shm,2000,32900
sample,shm,2001,32600
sample,shm,2002,32700
sample,shm,2003,32600
sample,shm,2004,33800
sample,shm,2005,34500
sample,shm,2006,34000
sample,shm,2007,34300
sample,shm,2008,34000
sample,shm,2009,34100
sample,shm,2010,33700
sample,shm,2011,37100
sample,shm,2012,34000
sample,shm,2013,33400
sample,shm,2014,33100
sample,shm,2015,33200
sample,shm,2016,35800
sample,shm,2017,33000
sample,shm,2018,33400
sample,shm,2019,35700
sample,shm,2020,33400
sample,shm,2021,33200
sample,shm,2022,34700
sample,shm,2023,34100
sample,shm,2024,33400
sample,shm,2025,32900
sample,shm,2026,33500
sample,shm,2027,32900
sample,shm,2028,33200
sample,shm,2029,33100
sample,shm,2030,33100
sample,shm,2031,33300
sample,shm,2032,32900
sample,shm,2033,33200
sample,shm,2034,59600
sample,shm,2035,34700
sample,shm,2036,60500
sample,shm,2037,33400
sample,shm,2038,32800
sample,shm,2039,32900
sample,shm,2040,32900
sample,shm,2041,32700
sample,shm,2042,32600
sample,shm,2043,32600
sample,shm,2044,33000
sample,shm,2045,32600
sample,shm,2046,33100
sample,shm,2047,32800
sample,shm,2048,32900
sample,shm,2049,32900
sample,shm,2050,34000
sample,shm,2051,32600
sample,shm,2052,33200
sample,shm,2053,38100
sample,shm,2054,33500
sample,shm,2055,33100
sample,shm,2056,33300
sample,shm,2057,33100
sample,shm,2058,32900
sample,shm,2059,32800
sample,shm,2060,33000
sample,shm,2061,33000
sample,shm,2062,32800
sample,shm,2063,32800
sample,shm,2064,38700
sample,shm,2065,36800
sample,shm,2066,33100
sample,shm,2067,33000
sample,shm,2068,33100
sample,shm,2069,32600
sample,shm,2070,33800
sample,shm,2071,33300
sample,shm,2072,32800
sample,shm,2073,32700
sample,shm,2074,32900
sample,shm,2075,45300
sample,shm,2076,54000
sample,shm,2077,33100
sample,shm,2078,32700
sample,shm,2079,33000
sample,shm,2080,32800
sample,shm,2081,32800
sample,shm,2082,32900
sample,shm,2083,32900
sample,shm,2084,35200
sample,shm,2085,33000
sample,shm,2086,33000
sample,shm,2087,33100
sample,shm,2088,33100
sample,shm,2089,33100
sample,shm,2090,32900
sample,shm,2091,32600
sample,shm,2092,33000
sample,shm,2093,32800
sample,shm,2094,33200
sample,shm,2095,33000
sample,shm,2096,33200
sample,shm,2097,44900
sample,shm,2098,33100
sample,shm,2099,33000
sample,shm,2100,32600
sample,shm,2101,32900
sample,shm,2102,32500
sample,shm,2103,32800
sample,shm,2104,32900
sample,shm,2105,32900
sample,shm,2106,33200
sample,shm,2107,33100
sample,shm,2108,42500
sample,shm,2109,33200
sample,shm,2110,33400
sample,shm,2111,33100
sample,shm,2112,33000
sample,shm,2113,33000
sample,shm,2114,33000
sample,shm,2115,33300
sample,shm,2116,32900
sample,shm,2117,32800
sample,shm,2118,34700
sample,shm,2119,35200
sample,shm,2120,34000
sample,shm,2121,33600
sample,shm,2122,32800
sample,shm,2123,33000
sample,shm,2124,32800
sample,shm,2125,33000
sample,shm,2126,32700
sample,shm,2127,32800
sample,shm,2128,32900
sample,shm,2129,32700
sample,shm,2130,32900
sample,shm,2131,33500
sample,shm,2132,32800
sample,shm,2133,32500
sample,shm,2134,33000
sample,shm,2135,32600
sample,shm,2136,32700
sample,shm,2137,32900
sample,shm,2138,33000
sample,shm,2139,32700
sample,shm,2140,32800
sample,shm,2141,32800
sample,shm,2142,54400
sample,shm,2143,33100
sample,shm,2144,32800
sample,shm,2145,33100
sample,shm,2146,32900
sample,shm,2147,32700
sample,shm,2148,32900
sample,shm,2149,32700
sample,shm,2150,32700
sample,shm,2151,32900
sample,shm,2152,34400
sample,shm,2153,56500
sample,shm,2154,32700
sample,shm,2155,33000
sample,shm,2156,32600
sample,shm,2157,33200
sample,shm,2158,32500
sample,shm,2159,32800
sample,shm,2160,32700
sample,shm,2161,32800
sample,shm,2162,33600
sample,shm,2163,32900
sample,shm,2164,52100
sample,shm,2165,53900
sample,shm,2166,32900
sample,shm,2167,34200
sample,shm,2168,31900
sample,shm,2169,32300
sample,shm,2170,32400
sample,shm,2171,32300
sample,shm,2172,32800
sample,shm,2173,32500
sample,shm,2174,32500
sample,shm,2175,32000
sample,shm,2176,32500
sample,shm,2177,32900
sample,shm,2178,32500
sample,shm,2179,32400
sample,shm,2180,32500
sample,shm,2181,32500
sample,shm,2182,32200
sample,shm,2183,32300
sample,shm,2184,32200
sample,shm,2185,32100
sample,shm,2186,35800
sample,shm,2187,33700
sample,shm,2188,32300
sample,shm,2189,32300
sample,shm,2190,32900
sample,shm,2191,32300
sample,shm,2192,32200
sample,shm,2193,32300
sample,shm,2194,32300
sample,shm,2195,32200
sample,shm,2196,32400
sample,shm,2197,32500
sample,shm,2198,33000
sample,shm,2199,32000
sample,shm,2200,32500
sample,shm,2201,32700
sample,shm,2202,31800
sample,shm,2203,32400
sample,shm,2204,32200
sample,shm,2205,32000
sample,shm,2206,33000
sample,shm,2207,32500
sample,shm,2208,32400
sample,shm,2209,32200
sample,shm,2210,52900
sample,shm,2211,51900
sample,shm,2212,32700
sample,shm,2213,32700
sample,shm,2214,32500
sample,shm,2215,32400
sample,shm,2216,32300
sample,shm,2217,32700
sample,shm,2218,32400
sample,shm,2219,32400
sample,shm,2220,32200
sample,shm,2221,33900
sample,shm,2222,34700
sample,shm,2223,32400
sample,shm,2224,32500
sample,shm,2225,32600
sample,shm,2226,32200
sample,shm,2227,32300
sample,shm,2228,32500
sample,shm,2229,32400
sample,shm,2230,32500
sample,shm,2231,32500
sample,shm,2232,44100
sample,shm,2233,57800
sample,shm,2234,265800
sample,shm,2235,111700
sample,shm,2236,97500
sample,shm,2237,73900
sample,shm,2238,43200
sample,shm,2239,32600
sample,shm,2240,32300
sample,shm,2241,32200
sample,shm,2242,32200
sample,shm,2243,32400
sample,shm,2244,32200
sample,shm,2245,31900
sample,shm,2246,32000
sample,shm,2247,85200
sample,shm,2248,42000
sample,shm,2249,43000
sample,shm,2250,44700
sample,shm,2251,40200
sample,shm,2252,41100
sample,shm,2253,40600
sample,shm,2254,61200
sample,shm,2255,93000
sample,shm,2256,94300
sample,shm,2257,74000
sample,shm,2258,63100
sample,shm,2259,51500
sample,shm,2260,37000
sample,shm,2261,34300
sample,shm,2262,33700
sample,shm,2263,33800
sample,shm,2264,40500
sample,shm,2265,39000
sample,shm,2266,34300
sample,shm,2267,43600
sample,shm,2268,39900
sample,shm,2269,34600
sample,shm,2270,33700
sample,shm,2271,33600
sample,shm,2272,106200
sample,shm,2273,58500
sample,shm,2274,35100
sample,shm,2275,33200
sample,shm,2276,32600
sample,shm,2277,32400
sample,shm,2278,32200
sample,shm,2279,32100
sample,shm,2280,32000
sample,shm,2281,32200
sample,shm,2282,32000
sample,shm,2283,32300
sample,shm,2284,32000
sample,shm,2285,32000
sample,shm,2286,32100
sample,shm,2287,32200
sample,shm,2288,32000
sample,shm,2289,35200
sample,shm,2290,32300
sample,shm,2291,31900
sample,shm,2292,36100
sample,shm,2293,68300
sample,shm,2294,33500
sample,shm,2295,32700
sample,shm,2296,33000
sample,shm,2297,33000
sample,shm,2298,32900
sample,shm,2299,33200
sample,shm,2300,33000
sample,shm,2301,32800
sample,shm,2302,33000
sample,shm,2303,33100
sample,shm,2304,33000
sample,shm,2305,32800
sample,shm,2306,33100
sample,shm,2307,33200
sample,shm,2308,33000
sample,shm,2309,33000
sample,shm,2310,32800
sample,shm,2311,33300
sample,shm,2312,33200
sample,shm,2313,32800
sample,shm,2314,33100
sample,shm,2315,32900
sample,shm,2316,33000
sample,shm,2317,32800
sample,shm,2318,32900
sample,shm,2319,33000
sample,shm,2320,33100
sample,shm,2321,33400
sample,shm,2322,32900
sample,shm,2323,36000
sample,shm,2324,81700
sample,shm,2325,40200
sample,shm,2326,37000
sample,shm,2327,34300
sample,shm,2328,35200
sample,shm,2329,38500
sample,shm,2330,50400
sample,shm,2331,84500
sample,shm,2332,203200
sample,shm,2333,56700
sample,shm,2334,36000
sample,shm,2335,34600
sample,shm,2336,32700
sample,shm,2337,33200
sample,shm,2338,33200
sample,shm,2339,32400
sample,shm,2340,32700
sample,shm,2341,33000
sample,shm,2342,33400
sample,shm,2343,33000
sample,shm,2344,33000
sample,shm,2345,33000
sample,shm,2346,32500
sample,shm,2347,32800
sample,shm,2348,32500
sample,shm,2349,32400
sample,shm,2350,32900
sample,shm,2351,32400
sample,shm,2352,32800
sample,shm,2353,32500
sample,shm,2354,32500
sample,shm,2355,32800
sample,shm,2356,32700
sample,shm,2357,36500
sample,shm,2358,32900
sample,shm,2359,32800
sample,shm,2360,32700
sample,shm,2361,32500
sample,shm,2362,32700
sample,shm,2363,32700
sample,shm,2364,33100
sample,shm,2365,32500
sample,shm,2366,32600
sample,shm,2367,32700
sample,shm,2368,32300
sample,shm,2369,33300
sample,shm,2370,32500
sample,shm,2371,32500
sample,shm,2372,32800
sample,shm,2373,32500
sample,shm,2374,32600
sample,shm,2375,32600
sample,shm,2376,32300
sample,shm,2377,32600
sample,shm,2378,32300
sample,shm,2379,32500
sample,shm,2380,32500
sample,shm,2381,32400
sample,shm,2382,32700
sample,shm,2383,32800
sample,shm,2384,32700
sample,shm,2385,32400
sample,shm,2386,32800
sample,shm,2387,33100
sample,shm,2388,32700
sample,shm,2389,32600
sample,shm,2390,33000
sample,shm,2391,34500
sample,shm,2392,32800
sample,shm,2393,32700
sample,shm,2394,32600
sample,shm,2395,33100
sample,shm,2396,33100
sample,shm,2397,33200
sample,shm,2398,33500
sample,shm,2399,33300
sample,shm,2400,32700
sample,shm,2401,33300
sample,shm,2402,33000
sample,shm,2403,32900
sample,shm,2404,33000
sample,shm,2405,33500
sample,shm,2406,32600
sample,shm,2407,32600
sample,shm,2408,32700
sample,shm,2409,32700
sample,shm,2410,32700
sample,shm,2411,35200
sample,shm,2412,32800
sample,shm,2413,33000
sample,shm,2414,32700
sample,shm,2415,32900
sample,shm,2416,32900
sample,shm,2417,32400
sample,shm,2418,32600
sample,shm,2419,32500
sample,shm,2420,32900
sample,shm,2421,32700
sample,shm,2422,32700
sample,shm,2423,32800
sample,shm,2424,32400
sample,shm,2425,34100
sample,shm,2426,32700
sample,shm,2427,32700
sample,shm,2428,32700
sample,shm,2429,32900
sample,shm,2430,32800
sample,shm,2431,32600
sample,shm,2432,32900
sample,shm,2433,32800
sample,shm,2434,35200
sample,shm,2435,32800
sample,shm,2436,33000
sample,shm,2437,32900
sample,shm,2438,33400
sample,shm,2439,33200
sample,shm,2440,33200
sample,shm,2441,33400
sample,shm,2442,33300
sample,shm,2443,32900
sample,shm,2444,32900
sample,shm,2445,33200
sample,shm,2446,33100
sample,shm,2447,32900
sample,shm,2448,33000
sample,shm,2449,32900
sample,shm,2450,33200
sample,shm,2451,32900
sample,shm,2452,32900
sample,shm,2453,33100
sample,shm,2454,33000
sample,shm,2455,32900
sample,shm,2456,33300
sample,shm,2457,33300
sample,shm,2458,33100
sample,shm,2459,33000
sample,shm,2460,34300
sample,shm,2461,33300
sample,shm,2462,33900
sample,shm,2463,33000
sample,shm,2464,33200
sample,shm,2465,33400
sample,shm,2466,33300
sample,shm,2467,33200
sample,shm,2468,32900
sample,shm,2469,34200
sample,shm,2470,33800
sample,shm,2471,33600
sample,shm,2472,33700
sample,shm,2473,49200
sample,shm,2474,87200
sample,shm,2475,65800
sample,shm,2476,50600
sample,shm,2477,41700
sample,shm,2478,40700
sample,shm,2479,48500
sample,shm,2480,42100
sample,shm,2481,34700
sample,shm,2482,33700
sample,shm,2483,33400
sample,shm,2484,33200
sample,shm,2485,140400
sample,shm,2486,103500
sample,shm,2487,212500
sample,shm,2488,71100
sample,shm,2489,292800
sample,shm,2490,119300
sample,shm,2491,88000
sample,shm,2492,59100
sample,shm,2493,42900
sample,shm,2494,43500
sample,shm,2495,64900
sample,shm,2496,71700
sample,shm,2497,44600
sample,shm,2498,34300
sample,shm,2499,33600
sample,shm,2500,33200
sample,shm,2501,42700
sample,shm,2502,72900
sample,shm,2503,61300
sample,shm,2504,58700
sample,shm,2505,46500
sample,shm,2506,38900
sample,shm,2507,38000
sample,shm,2508,55200
sample,shm,2509,50100
sample,shm,2510,74600
sample,shm,2511,48800
sample,shm,2512,45000
sample,shm,2513,38500
sample,shm,2514,38600
sample,shm,2515,51200
sample,shm,2516,72000
sample,shm,2517,56300
sample,shm,2518,47100
sample,shm,2519,40800
sample,shm,2520,40300
sample,shm,2521,84100
sample,shm,2522,139900
sample,shm,2523,59900
sample,shm,2524,84300
sample,shm,2525,112500
sample,shm,2526,71500
sample,shm,2527,73300
sample,shm,2528,70300
sample,shm,2529,66600
sample,shm,2530,58000
sample,shm,2531,79600
sample,shm,2532,69300
sample,shm,2533,51700
sample,shm,2534,50200
sample,shm,2535,130300
sample,shm,2536,90500
sample,shm,2537,144200
sample,shm,2538,69800
sample,shm,2539,64500
sample,shm,2540,45900
sample,shm,2541,48600
sample,shm,2542,85800
sample,shm,2543,97000
sample,shm,2544,95300
sample,shm,2545,94600
sample,shm,2546,111700
sample,shm,2547,57100
sample,shm,2548,115500
sample,shm,2549,92100
sample,shm,2550,53000
sample,shm,2551,41100
sample,shm,2552,60500
sample,shm,2553,50900
sample,shm,2554,41200
sample,shm,2555,157200
sample,shm,2556,78900
sample,shm,2557,177700
sample,shm,2558,198400
sample,shm,2559,113200
sample,shm,2560,96400
sample,shm,2561,44200
sample,shm,2562,90100
sample,shm,2563,40600
sample,shm,2564,90200
sample,shm,2565,62400
sample,shm,2566,54100
sample,shm,2567,69700
sample,shm,2568,84600
sample,shm,2569,84800
sample,shm,2570,63900
sample,shm,2571,67500
sample,shm,2572,58800
sample,shm,2573,78700
sample,shm,2574,58900
sample,shm,2575,103800
sample,shm,2576,127500
sample,shm,2577,93800
sample,shm,2578,90500
sample,shm,2579,107000
sample,shm,2580,97600
sample,shm,2581,104900
sample,shm,2582,105900
sample,shm,2583,69600
sample,shm,2584,55600
sample,shm,2585,63000
sample,shm,2586,52500
sample,shm,2587,47900
sample,shm,2588,105100
sample,shm,2589,58300
sample,shm,2590,105700
sample,shm,2591,83900
sample,shm,2592,57000
sample,shm,2593,44100
sample,shm,2594,41400
sample,shm,2595,56800
sample,shm,2596,56400
sample,shm,2597,52700
sample,shm,2598,60300
sample,shm,2599,48500
sample,shm,2600,82300
sample,shm,2601,65700
sample,shm,2602,64800
sample,shm,2603,195800
sample,shm,2604,65000
sample,shm,2605,85600
sample,shm,2606,75900
sample,shm,2607,79700
sample,shm,2608,1207400
sample,shm,2609,100800
sample,shm,2610,63900
sample,shm,2611,51900
sample,shm,2612,84800
sample,shm,2613,58000
sample,shm,2614,53900
sample,shm,2615,64800
sample,shm,2616,56500
sample,shm,2617,57100
sample,shm,2618,53400
sample,shm,2619,49300
sample,shm,2620,48100
sample,shm,2621,49600
sample,shm,2622,49000
sample,shm,2623,48700
sample,shm,2624,47800
sample,shm,2625,46300
sample,shm,2626,54300
sample,shm,2627,46300
sample,shm,2628,84100
sample,shm,2629,50100
sample,shm,2630,46000
sample,shm,2631,36500
sample,shm,2632,41300
sample,shm,2633,36000
sample,shm,2634,39600
sample,shm,2635,42500
sample,shm,2636,42600
sample,shm,2637,37400
sample,shm,2638,35500
sample,shm,2639,42000
sample,shm,2640,49700
sample,shm,2641,46300
sample,shm,2642,39100
sample,shm,2643,41100
sample,shm,2644,51600
sample,shm,2645,88300
sample,shm,2646,81400
sample,shm,2647,72300
sample,shm,2648,74100
sample,shm,2649,65900
sample,shm,2650,47200
sample,shm,2651,631400
sample,shm,2652,142200
sample,shm,2653,148000
sample,shm,2654,77100
sample,shm,2655,125000
sample,shm,2656,104700
sample,shm,2657,60500
sample,shm,2658,45400
sample,shm,2659,36300
sample,shm,2660,34100
sample,shm,2661,33500
sample,shm,2662,33600
sample,shm,2663,33000
sample,shm,2664,35800
sample,shm,2665,32700
sample,shm,2666,155300
sample,shm,2667,92400
sample,shm,2668,67300
sample,shm,2669,71400
sample,shm,2670,67700
sample,shm,2671,83200
sample,shm,2672,98800
sample,shm,2673,100700
sample,shm,2674,112100
sample,shm,2675,98000
sample,shm,2676,90600
sample,shm,2677,89800
sample,shm,2678,94000
sample,shm,2679,106000
sample,shm,2680,97100
sample,shm,2681,88600
sample,shm,2682,104300
sample,shm,2683,93200
sample,shm,2684,94600
sample,shm,2685,94100
sample,shm,2686,101400
sample,shm,2687,85800
sample,shm,2688,274000
sample,shm,2689,68400
sample,shm,2690,71300
sample,shm,2691,68300
sample,shm,2692,64100
sample,shm,2693,55300
sample,shm,2694,60000
sample,shm,2695,74000
sample,shm,2696,92500
sample,shm,2697,97900
sample,shm,2698,102700
sample,shm,2699,105400
sample,shm,2700,94400
sample,shm,2701,65300
sample,shm,2702,64700
sample,shm,2703,59000
sample,shm,2704,113800
sample,shm,2705,64100
sample,shm,2706,63500
sample,shm,2707,41200
sample,shm,2708,39000
sample,shm,2709,38400
sample,shm,2710,38300
sample,shm,2711,38300
sample,shm,2712,38400
sample,shm,2713,37400
sample,shm,2714,38900
sample,shm,2715,37900
sample,shm,2716,37900
sample,shm,2717,37800
sample,shm,2718,37400
sample,shm,2719,42500
sample,shm,2720,66300
sample,shm,2721,71000
sample,shm,2722,54100
sample,shm,2723,62400
sample,shm,2724,63800
sample,shm,2725,54300
sample,shm,2726,41300
sample,shm,2727,43400
sample,shm,2728,34800
sample,shm,2729,33200
sample,shm,2730,33500
sample,shm,2731,33400
sample,shm,2732,36500
sample,shm,2733,36000
sample,shm,2734,33500
sample,shm,2735,33900
sample,shm,2736,33300
sample,shm,2737,32800
sample,shm,2738,33000
sample,shm,2739,36200
sample,shm,2740,36200
sample,shm,2741,33600
sample,shm,2742,34000
sample,shm,2743,33600
sample,shm,2744,33300
sample,shm,2745,34700
sample,shm,2746,33700
sample,shm,2747,34000
sample,shm,2748,32900
sample,shm,2749,34400
sample,shm,2750,34100
sample,shm,2751,33200
sample,shm,2752,34100
sample,shm,2753,34100
sample,shm,2754,33200
sample,shm,2755,34100
sample,shm,2756,33600
sample,shm,2757,34800
sample,shm,2758,33300
sample,shm,2759,34300
sample,shm,2760,32500
sample,shm,2761,34400
sample,shm,2762,36200
sample,shm,2763,34200
sample,shm,2764,36500
sample,shm,2765,35100
sample,shm,2766,33600
sample,shm,2767,35400
sample,shm,2768,33300
sample,shm,2769,34100
sample,shm,2770,33400
sample,shm,2771,32400
sample,shm,2772,32400
sample,shm,2773,32900
sample,shm,2774,32400
sample,shm,2775,32400
sample,shm,2776,32200
sample,shm,2777,32500
sample,shm,2778,32400
sample,shm,2779,32800
sample,shm,2780,33000
sample,shm,2781,32500
sample,shm,2782,33100
sample,shm,2783,32600
sample,shm,2784,32400
sample,shm,2785,35500
sample,shm,2786,84600
sample,shm,2787,58700
sample,shm,2788,53500
sample,shm,2789,50600
sample,shm,2790,53400
sample,shm,2791,53900
sample,shm,2792,53300
sample,shm,2793,51700
sample,shm,2794,40400
sample,shm,2795,38700
sample,shm,2796,38800
sample,shm,2797,39200
sample,shm,2798,37700
sample,shm,2799,38500
sample,shm,2800,38700
sample,shm,2801,45300
sample,shm,2802,41300
sample,shm,2803,71600
sample,shm,2804,56100
sample,shm,2805,56700
sample,shm,2806,54000
sample,shm,2807,53600
sample,shm,2808,59200
sample,shm,2809,42200
sample,shm,2810,34700
sample,shm,2811,33400
sample,shm,2812,33700
sample,shm,2813,38200
sample,shm,2814,38100
sample,shm,2815,33200
sample,shm,2816,33100
sample,shm,2817,32800
sample,shm,2818,34000
sample,shm,2819,32800
sample,shm,2820,33800
sample,shm,2821,48700
sample,shm,2822,63300
sample,shm,2823,40500
sample,shm,2824,38800
sample,shm,2825,38100
sample,shm,2826,38000
sample,shm,2827,37900
sample,shm,2828,38900
sample,shm,2829,37700
sample,shm,2830,48300
sample,shm,2831,69700
sample,shm,2832,73500
sample,shm,2833,42000
sample,shm,2834,36300
sample,shm,2835,36800
sample,shm,2836,47000
sample,shm,2837,70800
sample,shm,2838,45400
sample,shm,2839,41300
sample,shm,2840,35200
sample,shm,2841,68300
sample,shm,2842,39400
sample,shm,2843,62800
sample,shm,2844,49900
sample,shm,2845,101400
sample,shm,2846,47200
sample,shm,2847,35800
sample,shm,2848,53200
sample,shm,2849,42300
sample,shm,2850,36900
sample,shm,2851,38500
sample,shm,2852,82200
sample,shm,2853,37800
sample,shm,2854,34900
sample,shm,2855,34900
sample,shm,2856,34400
sample,shm,2857,34000
sample,shm,2858,33600
sample,shm,2859,33900
sample,shm,2860,34300
sample,shm,2861,34000
sample,shm,2862,33400
sample,shm,2863,34100
sample,shm,2864,34100
sample,shm,2865,69700
sample,shm,2866,64800
sample,shm,2867,46000
sample,shm,2868,62500
sample,shm,2869,51300
sample,shm,2870,37300
sample,shm,2871,51100
sample,shm,2872,68500
sample,shm,2873,48000
sample,shm,2874,44600
sample,shm,2875,35600
sample,shm,2876,34400
sample,shm,2877,36500
sample,shm,2878,65800
sample,shm,2879,35300
sample,shm,2880,42800
sample,shm,2881,40200
sample,shm,2882,43100
sample,shm,2883,79200
sample,shm,2884,41500
sample,shm,2885,34700
sample,shm,2886,44400
sample,shm,2887,46800
sample,shm,2888,36400
sample,shm,2889,34800
sample,shm,2890,36500
sample,shm,2891,34300
sample,shm,2892,39300
sample,shm,2893,34200
sample,shm,2894,34100
sample,shm,2895,33900
sample,shm,2896,35700
sample,shm,2897,37600
sample,shm,2898,33900
sample,shm,2899,34600
sample,shm,2900,34000
sample,shm,2901,33700
sample,shm,2902,33900
sample,shm,2903,38800
sample,shm,2904,33800
sample,shm,2905,33400
sample,shm,2906,56400
sample,shm,2907,52800
sample,shm,2908,37700
sample,shm,2909,35400
sample,shm,2910,35200
sample,shm,2911,35000
sample,shm,2912,34600
sample,shm,2913,35000
sample,shm,2914,35100
sample,shm,2915,35500
sample,shm,2916,35700
sample,shm,2917,35600
sample,shm,2918,34700
sample,shm,2919,34700
sample,shm,2920,35400
sample,shm,2921,34600
sample,shm,2922,34900
sample,shm,2923,34400
sample,shm,2924,34600
sample,shm,2925,34500
sample,shm,2926,35300
sample,shm,2927,34900
sample,shm,2928,34700
sample,shm,2929,35200
sample,shm,2930,35500
sample,shm,2931,35500
sample,shm,2932,35200
sample,shm,2933,35200
sample,shm,2934,35400
sample,shm,2935,35000
sample,shm,2936,66200
sample,shm,2937,57500
sample,shm,2938,46300
sample,shm,2939,37200
sample,shm,2940,36700
sample,shm,2941,36100
sample,shm,2942,36700
sample,shm,2943,46200
sample,shm,2944,62400
sample,shm,2945,235800
sample,shm,2946,201000
sample,shm,2947,86000
sample,shm,2948,69000
sample,shm,2949,92800
sample,shm,2950,163600
sample,shm,2951,126500
sample,shm,2952,92700
sample,shm,2953,56600
sample,shm,2954,49600
sample,shm,2955,40100
sample,shm,2956,40100
sample,shm,2957,39600
sample,shm,2958,62100
sample,shm,2959,57800
sample,shm,2960,53300
sample,shm,2961,57900
sample,shm,2962,43700
sample,shm,2963,40600
sample,shm,2964,40400
sample,shm,2965,39700
sample,shm,2966,40000
sample,shm,2967,66700
sample,shm,2968,52100
sample,shm,2969,43400
sample,shm,2970,50700
sample,shm,2971,42300
sample,shm,2972,59600
sample,shm,2973,49800
sample,shm,2974,49400
sample,shm,2975,87900
sample,shm,2976,106100
sample,shm,2977,60300
sample,shm,2978,68900
sample,shm,2979,105000
sample,shm,2980,77300
sample,shm,2981,64300
sample,shm,2982,63200
sample,shm,2983,53300
sample,shm,2984,55100
sample,shm,2985,53200
sample,shm,2986,52700
sample,shm,2987,55000
sample,shm,2988,53500
sample,shm,2989,55000
sample,shm,2990,52700
sample,shm,2991,52700
sample,shm,2992,53400
sample,shm,2993,51600
sample,shm,2994,52200
sample,shm,2995,53800
sample,shm,2996,53400
sample,shm,2997,90600
sample,shm,2998,65800
sample,shm,2999,74800
sample,shm,3000,67000
sample,shm,3001,65200
sample,shm,3002,59900
sample,shm,3003,59600
sample,shm,3004,58500
sample,shm,3005,56900
sample,shm,3006,60800
sample,shm,3007,56100
sample,shm,3008,56800
sample,shm,3009,58300
sample,shm,3010,57800
sample,shm,3011,58600
sample,shm,3012,55000
sample,shm,3013,58300
sample,shm,3014,58800
sample,shm,3015,78000
sample,shm,3016,58500
sample,shm,3017,37700
sample,shm,3018,35700
sample,shm,3019,75500
sample,shm,3020,54500
sample,shm,3021,37000
sample,shm,3022,41000
sample,shm,3023,40000
sample,shm,3024,70400
sample,shm,3025,45700
sample,shm,3026,36500
sample,shm,3027,35300
sample,shm,3028,35800
sample,shm,3029,35200
sample,shm,3030,33900
sample,shm,3031,34500
sample,shm,3032,36800
sample,shm,3033,33900
sample,shm,3034,34100
sample,shm,3035,34200
sample,shm,3036,33500
sample,shm,3037,33900
sample,shm,3038,46800
sample,shm,3039,35400
sample,shm,3040,37600
sample,shm,3041,34700
sample,shm,3042,34000
sample,shm,3043,34600
sample,shm,3044,34000
sample,shm,3045,34100
sample,shm,3046,33700
sample,shm,3047,34100
sample,shm,3048,34000
sample,shm,3049,34100
sample,shm,3050,33800
sample,shm,3051,34200
sample,shm,3052,34300
sample,shm,3053,34600
sample,shm,3054,35900
sample,shm,3055,34500
sample,shm,3056,34300
sample,shm,3057,34700
sample,shm,3058,34400
sample,shm,3059,34500
sample,shm,3060,42800
sample,shm,3061,35000
sample,shm,3062,34300
sample,shm,3063,34000
sample,shm,3064,34800
sample,shm,3065,41700
sample,shm,3066,36300
sample,shm,3067,34600
sample,shm,3068,34800
sample,shm,3069,34600
sample,shm,3070,34400
sample,shm,3071,34500
sample,shm,3072,34200
sample,shm,3073,34800
sample,shm,3074,36000
sample,shm,3075,35500
sample,shm,3076,37500
sample,shm,3077,34200
sample,shm,3078,34600
sample,shm,3079,34600
sample,shm,3080,34600
sample,shm,3081,34500
sample,shm,3082,45600
sample,shm,3083,37200
sample,shm,3084,34600
sample,shm,3085,34400
sample,shm,3086,36200
sample,shm,3087,35800
sample,shm,3088,34600
sample,shm,3089,34900
sample,shm,3090,34900
sample,shm,3091,35000
sample,shm,3092,34500
sample,shm,3093,35100
sample,shm,3094,35600
sample,shm,3095,34500
sample,shm,3096,83600
sample,shm,3097,75200
sample,shm,3098,49200
sample,shm,3099,63800
sample,shm,3100,85500
sample,shm,3101,77000
sample,shm,3102,70400
sample,shm,3103,81200
sample,shm,3104,101000
sample,shm,3105,68300
sample,shm,3106,50100
sample,shm,3107,46300
sample,shm,3108,56200
sample,shm,3109,64300
sample,shm,3110,54300
sample,shm,3111,50700
sample,shm,3112,50600
sample,shm,3113,45200
sample,shm,3114,43100
sample,shm,3115,37900
sample,shm,3116,35100
sample,shm,3117,34900
sample,shm,3118,34500
sample,shm,3119,34400
sample,shm,3120,34000
sample,shm,3121,34600
sample,shm,3122,34800
sample,shm,3123,38800
sample,shm,3124,38600
sample,shm,3125,40800
sample,shm,3126,40400
sample,shm,3127,35000
sample,shm,3128,34300
sample,shm,3129,33900
sample,shm,3130,34200
sample,shm,3131,34700
sample,shm,3132,35100
sample,shm,3133,43900
sample,shm,3134,35400
sample,shm,3135,34900
sample,shm,3136,34600
sample,shm,3137,34800
sample,shm,3138,34400
sample,shm,3139,34800
sample,shm,3140,34600
sample,shm,3141,34800
sample,shm,3142,43900
sample,shm,3143,37400
sample,shm,3144,41000
sample,shm,3145,34500
sample,shm,3146,34600
sample,shm,3147,35200
sample,shm,3148,34800
sample,shm,3149,35400
sample,shm,3150,35500
sample,shm,3151,35400
sample,shm,3152,35100
sample,shm,3153,34100
sample,shm,3154,54600
sample,shm,3155,41000
sample,shm,3156,64500
sample,shm,3157,62000
sample,shm,3158,67700
sample,shm,3159,59200
sample,shm,3160,61300
sample,shm,3161,68000
sample,shm,3162,92300
sample,shm,3163,56200
sample,shm,3164,90300
sample,shm,3165,52000
sample,shm,3166,61100
sample,shm,3167,74400
sample,shm,3168,86700
sample,shm,3169,69400
sample,shm,3170,75300
sample,shm,3171,42500
sample,shm,3172,50200
sample,shm,3173,82700
sample,shm,3174,53100
sample,shm,3175,80300
sample,shm,3176,69700
sample,shm,3177,55300
sample,shm,3178,82400
sample,shm,3179,81500
sample,shm,3180,75900
sample,shm,3181,76600
sample,shm,3182,91800
sample,shm,3183,730500
sample,shm,3184,201100
sample,shm,3185,95300
sample,shm,3186,280200
sample,shm,3187,100200
sample,shm,3188,95100
sample,shm,3189,153700
sample,shm,3190,69700
sample,shm,3191,105000
sample,shm,3192,75200
sample,shm,3193,96700
sample,shm,3194,106900
sample,shm,3195,95300
sample,shm,3196,95000
sample,shm,3197,99600
sample,shm,3198,56600
sample,shm,3199,47800
sample,shm,3200,64900
sample,shm,3201,40700
sample,shm,3202,39900
sample,shm,3203,38900
sample,shm,3204,46000
sample,shm,3205,62300
sample,shm,3206,40700
sample,shm,3207,55300
sample,shm,3208,43600
sample,shm,3209,43200
sample,shm,3210,33800
sample,shm,3211,37700
sample,shm,3212,34100
sample,shm,3213,33500
sample,shm,3214,33700
sample,shm,3215,33500
sample,shm,3216,33500
sample,shm,3217,33200
sample,shm,3218,33300
sample,shm,3219,33400
sample,shm,3220,51800
sample,shm,3221,36300
sample,shm,3222,38400
sample,shm,3223,34200
sample,shm,3224,33700
sample,shm,3225,33800
sample,shm,3226,34000
sample,shm,3227,34100
sample,shm,3228,33900
sample,shm,3229,33900
sample,shm,3230,86600
sample,shm,3231,45700
sample,shm,3232,42900
sample,shm,3233,34900
sample,shm,3234,34100
sample,shm,3235,35400
sample,shm,3236,36900
sample,shm,3237,35900
sample,shm,3238,37300
sample,shm,3239,40900
sample,shm,3240,54600
sample,shm,3241,77600
sample,shm,3242,70600
sample,shm,3243,125500
sample,shm,3244,39600
sample,shm,3245,39300
sample,shm,3246,34800
sample,shm,3247,34200
sample,shm,3248,34000
sample,shm,3249,33900
sample,shm,3250,33900
sample,shm,3251,33900
sample,shm,3252,33900
sample,shm,3253,34600
sample,shm,3254,33800
sample,shm,3255,33800
sample,shm,3256,34300
sample,shm,3257,34300
sample,shm,3258,36100
sample,shm,3259,38900
sample,shm,3260,35100
sample,shm,3261,35100
sample,shm,3262,34500
sample,shm,3263,34300
sample,shm,3264,35500
sample,shm,3265,34400
sample,shm,3266,34500
sample,shm,3267,34000
sample,shm,3268,35000
sample,shm,3269,33400
sample,shm,3270,33400
sample,shm,3271,33600
sample,shm,3272,33700
sample,shm,3273,35900
sample,shm,3274,34500
sample,shm,3275,34500
sample,shm,3276,33600
sample,shm,3277,33800
sample,shm,3278,35000
sample,shm,3279,37300
sample,shm,3280,33700
sample,shm,3281,58600
sample,shm,3282,38900
sample,shm,3283,62800
sample,shm,3284,44700
sample,shm,3285,44400
sample,shm,3286,36000
sample,shm,3287,35800
sample,shm,3288,36000
sample,shm,3289,35100
sample,shm,3290,34500
sample,shm,3291,38000
sample,shm,3292,34000
sample,shm,3293,33800
sample,shm,3294,33600
sample,shm,3295,33700
sample,shm,3296,34800
sample,shm,3297,35200
sample,shm,3298,46100
sample,shm,3299,43700
sample,shm,3300,64200
sample,shm,3301,44800
sample,shm,3302,53600
sample,shm,3303,63900
sample,shm,3304,70300
sample,shm,3305,51700
sample,shm,3306,55400
sample,shm,3307,50100
sample,shm,3308,84000
sample,shm,3309,71400
sample,shm,3310,57900
sample,shm,3311,51200
sample,shm,3312,56400
sample,shm,3313,48000
sample,shm,3314,62300
sample,shm,3315,101600
sample,shm,3316,64800
sample,shm,3317,86700
sample,shm,3318,86700
sample,shm,3319,172600
sample,shm,3320,131600
sample,shm,3321,77900
sample,shm,3322,78500
sample,shm,3323,68100
sample,shm,3324,89500
sample,shm,3325,82600
sample,shm,3326,82200
sample,shm,3327,98500
sample,shm,3328,71600
sample,shm,3329,81500
sample,shm,3330,106600
sample,shm,3331,64000
sample,shm,3332,47900
sample,shm,3333,56700
sample,shm,3334,54200
sample,shm,3335,41100
sample,shm,3336,41700
sample,shm,3337,37500
sample,shm,3338,37100
sample,shm,3339,36600
sample,shm,3340,38000
sample,shm,3341,35900
sample,shm,3342,36600
sample,shm,3343,37800
sample,shm,3344,36800
sample,shm,3345,37800
sample,shm,3346,59100
sample,shm,3347,52400
sample,shm,3348,44000
sample,shm,3349,49600
sample,shm,3350,38600
sample,shm,3351,39700
sample,shm,3352,36200
sample,shm,3353,57700
sample,shm,3354,46700
sample,shm,3355,41200
sample,shm,3356,37000
sample,shm,3357,36200
sample,shm,3358,36800
sample,shm,3359,37500
sample,shm,3360,36600
sample,shm,3361,36300
sample,shm,3362,36000
sample,shm,3363,36300
sample,shm,3364,37900
sample,shm,3365,36500
sample,shm,3366,87600
sample,shm,3367,52300
sample,shm,3368,71500
sample,shm,3369,44800
sample,shm,3370,43700
sample,shm,3371,40200
sample,shm,3372,41000
sample,shm,3373,41400
sample,shm,3374,39900
sample,shm,3375,47000
sample,shm,3376,76200
sample,shm,3377,42600
sample,shm,3378,41100
sample,shm,3379,40400
sample,shm,3380,126700
sample,shm,3381,96700
sample,shm,3382,78900
sample,shm,3383,57200
sample,shm,3384,66300
sample,shm,3385,42500
sample,shm,3386,41700
sample,shm,3387,40300
sample,shm,3388,40700
sample,shm,3389,40000
sample,shm,3390,40500
sample,shm,3391,39700
sample,shm,3392,35900
sample,shm,3393,35000
sample,shm,3394,35200
sample,shm,3395,34700
sample,shm,3396,52900
sample,shm,3397,40600
sample,shm,3398,38300
sample,shm,3399,84000
sample,shm,3400,38000
sample,shm,3401,35700
sample,shm,3402,35500
sample,shm,3403,35600
sample,shm,3404,42900
sample,shm,3405,35700
sample,shm,3406,34800
sample,shm,3407,35700
sample,shm,3408,36300
sample,shm,3409,38200
sample,shm,3410,36100
sample,shm,3411,80200
sample,shm,3412,37100
sample,shm,3413,35000
sample,shm,3414,35100
sample,shm,3415,43400
sample,shm,3416,35300
sample,shm,3417,35200
sample,shm,3418,35000
sample,shm,3419,34800
sample,shm,3420,45500
sample,shm,3421,46900
sample,shm,3422,43300
sample,shm,3423,36200
sample,shm,3424,35500
sample,shm,3425,82100
sample,shm,3426,65000
sample,shm,3427,67000
sample,shm,3428,61400
sample,shm,3429,41800
sample,shm,3430,47700
sample,shm,3431,67800
sample,shm,3432,78100
sample,shm,3433,61600
sample,shm,3434,63300
sample,shm,3435,52300
sample,shm,3436,60600
sample,shm,3437,57700
sample,shm,3438,64900
sample,shm,3439,66700
sample,shm,3440,57200
sample,shm,3441,62100
sample,shm,3442,56200
sample,shm,3443,62200
sample,shm,3444,74300
sample,shm,3445,135100
sample,shm,3446,69800
sample,shm,3447,41900
sample,shm,3448,36600
sample,shm,3449,55600
sample,shm,3450,36900
sample,shm,3451,43200
sample,shm,3452,42400
sample,shm,3453,54700
sample,shm,3454,42800
sample,shm,3455,40000
sample,shm,3456,36100
sample,shm,3457,35300
sample,shm,3458,48400
sample,shm,3459,41200
sample,shm,3460,36000
sample,shm,3461,66500
sample,shm,3462,54400
sample,shm,3463,47900
sample,shm,3464,55500
sample,shm,3465,82400
sample,shm,3466,77300
sample,shm,3467,74400
sample,shm,3468,49300
sample,shm,3469,61800
sample,shm,3470,58700
sample,shm,3471,59400
sample,shm,3472,68200
sample,shm,3473,45400
sample,shm,3474,46600
sample,shm,3475,51200
sample,shm,3476,129100
sample,shm,3477,103200
sample,shm,3478,78500
sample,shm,3479,56100
sample,shm,3480,52300
sample,shm,3481,41000
sample,shm,3482,41900
sample,shm,3483,37400
sample,shm,3484,40300
sample,shm,3485,35800
sample,shm,3486,35600
sample,shm,3487,35000
sample,shm,3488,53400
sample,shm,3489,68700
sample,shm,3490,36500
sample,shm,3491,34500
sample,shm,3492,34500
sample,shm,3493,34300
sample,shm,3494,34200
sample,shm,3495,34600
sample,shm,3496,34500
sample,shm,3497,43700
sample,shm,3498,36600
sample,shm,3499,34800
sample,shm,3500,34300
sample,shm,3501,34300
sample,shm,3502,34600
sample,shm,3503,40900
sample,shm,3504,35800
sample,shm,3505,37100
sample,shm,3506,35100
sample,shm,3507,54600
sample,shm,3508,86000
sample,shm,3509,40600
sample,shm,3510,35300
sample,shm,3511,35000
sample,shm,3512,34700
sample,shm,3513,35200
sample,shm,3514,35000
sample,shm,3515,36900
sample,shm,3516,44400
sample,shm,3517,82700
sample,shm,3518,40000
sample,shm,3519,34800
sample,shm,3520,34900
sample,shm,3521,34500
sample,shm,3522,34200
sample,shm,3523,35400
sample,shm,3524,34500
sample,shm,3525,34400
sample,shm,3526,34400
sample,shm,3527,34300
sample,shm,3528,36900
sample,shm,3529,34700
sample,shm,3530,36900
sample,shm,3531,34600
sample,shm,3532,34900
sample,shm,3533,36400
sample,shm,3534,36900
sample,shm,3535,49800
sample,shm,3536,74100
sample,shm,3537,39600
sample,shm,3538,36300
sample,shm,3539,36200
sample,shm,3540,35200
sample,shm,3541,35100
sample,shm,3542,35100
sample,shm,3543,35000
sample,shm,3544,34700
sample,shm,3545,35000
sample,shm,3546,34600
sample,shm,3547,34900
sample,shm,3548,37600
sample,shm,3549,36500
sample,shm,3550,34900
sample,shm,3551,34600
sample,shm,3552,36200
sample,shm,3553,35100
sample,shm,3554,35100
sample,shm,3555,37000
sample,shm,3556,35000
sample,shm,3557,34300
sample,shm,3558,40900
sample,shm,3559,53700
sample,shm,3560,47400
sample,shm,3561,39800
sample,shm,3562,38300
sample,shm,3563,81200
sample,shm,3564,41900
sample,shm,3565,38400
sample,shm,3566,35300
sample,shm,3567,38100
sample,shm,3568,35400
sample,shm,3569,35500
sample,shm,3570,35100
sample,shm,3571,35200
sample,shm,3572,35100
sample,shm,3573,35100
sample,shm,3574,35000
sample,shm,3575,35200
sample,shm,3576,37300
sample,shm,3577,35400
sample,shm,3578,35200
sample,shm,3579,35000
sample,shm,3580,35300
sample,shm,3581,35100
sample,shm,3582,35000
sample,shm,3583,35300
sample,shm,3584,35600
sample,shm,3585,35500
sample,shm,3586,37400
sample,shm,3587,35300
sample,shm,3588,34700
sample,shm,3589,35300
sample,shm,3590,35200
sample,shm,3591,35300
sample,shm,3592,36800
sample,shm,3593,35200
sample,shm,3594,35300
sample,shm,3595,35400
sample,shm,3596,35400
sample,shm,3597,42300
sample,shm,3598,38300
sample,shm,3599,36700
sample,shm,3600,62200
sample,shm,3601,46700
sample,shm,3602,37800
sample,shm,3603,36100
sample,shm,3604,41700
sample,shm,3605,36800
sample,shm,3606,36400
sample,shm,3607,35600
sample,shm,3608,38700
sample,shm,3609,35900
sample,shm,3610,36500
sample,shm,3611,36100
sample,shm,3612,36000
sample,shm,3613,35900
sample,shm,3614,35800
sample,shm,3615,35600
sample,shm,3616,41100
sample,shm,3617,37800
sample,shm,3618,57100
sample,shm,3619,50500
sample,shm,3620,52200
sample,shm,3621,38500
sample,shm,3622,36400
sample,shm,3623,35600
sample,shm,3624,35700
sample,shm,3625,58500
sample,shm,3626,40100
sample,shm,3627,36300
sample,shm,3628,36200
sample,shm,3629,35600
sample,shm,3630,35600
sample,shm,3631,36400
sample,shm,3632,47300
sample,shm,3633,45300
sample,shm,3634,48600
sample,shm,3635,73600
sample,shm,3636,104600
sample,shm,3637,97800
sample,shm,3638,79400
sample,shm,3639,55000
sample,shm,3640,57400
sample,shm,3641,64100
sample,shm,3642,56700
sample,shm,3643,63700
sample,shm,3644,51200
sample,shm,3645,107500
sample,shm,3646,85500
sample,shm,3647,84700
sample,shm,3648,52000
sample,shm,3649,41100
sample,shm,3650,47600
sample,shm,3651,43200
sample,shm,3652,41900
sample,shm,3653,47100
sample,shm,3654,43100
sample,shm,3655,42700
sample,shm,3656,36300
sample,shm,3657,35800
sample,shm,3658,35500
sample,shm,3659,35500
sample,shm,3660,48100
sample,shm,3661,39900
sample,shm,3662,35700
sample,shm,3663,35600
sample,shm,3664,54200
sample,shm,3665,37300
sample,shm,3666,35300
sample,shm,3667,41100
sample,shm,3668,42400
sample,shm,3669,36300
sample,shm,3670,35600
sample,shm,3671,36500
sample,shm,3672,45600
sample,shm,3673,39100
sample,shm,3674,57800
sample,shm,3675,46400
sample,shm,3676,46800
sample,shm,3677,54600
sample,shm,3678,91300
sample,shm,3679,63200
sample,shm,3680,59900
sample,shm,3681,51900
sample,shm,3682,65700
sample,shm,3683,65100
sample,shm,3684,59700
sample,shm,3685,68400
sample,shm,3686,61700
sample,shm,3687,78200
sample,shm,3688,66300
sample,shm,3689,209900
sample,shm,3690,192400
sample,shm,3691,147000
sample,shm,3692,136500
sample,shm,3693,89700
sample,shm,3694,52600
sample,shm,3695,55800
sample,shm,3696,53300
sample,shm,3697,52200
sample,shm,3698,73100
sample,shm,3699,66800
sample,shm,3700,44800
sample,shm,3701,49200
sample,shm,3702,47100
sample,shm,3703,48600
sample,shm,3704,45600
sample,shm,3705,67800
sample,shm,3706,117900
sample,shm,3707,87600
sample,shm,3708,92800
sample,shm,3709,95300
sample,shm,3710,88200
sample,shm,3711,70600
sample,shm,3712,64300
sample,shm,3713,71300
sample,shm,3714,43700
sample,shm,3715,65300
sample,shm,3716,42100
sample,shm,3717,37300
sample,shm,3718,35700
sample,shm,3719,35100
sample,shm,3720,35100
sample,shm,3721,36300
sample,shm,3722,35900
sample,shm,3723,39300
sample,shm,3724,47400
sample,shm,3725,40300
sample,shm,3726,36900
sample,shm,3727,34900
sample,shm,3728,34900
sample,shm,3729,35300
sample,shm,3730,35300
sample,shm,3731,35200
sample,shm,3732,35000
sample,shm,3733,35200
sample,shm,3734,49300
sample,shm,3735,44800
sample,shm,3736,42900
sample,shm,3737,36500
sample,shm,3738,49500
sample,shm,3739,36800
sample,shm,3740,35100
sample,shm,3741,35500
sample,shm,3742,51300
sample,shm,3743,40900
sample,shm,3744,39200
sample,shm,3745,36200
sample,shm,3746,35700
sample,shm,3747,37000
sample,shm,3748,42600
sample,shm,3749,38600
sample,shm,3750,36900
sample,shm,3751,35000
sample,shm,3752,35100
sample,shm,3753,35200
sample,shm,3754,35200
sample,shm,3755,35200
sample,shm,3756,38900
sample,shm,3757,42400
sample,shm,3758,36500
sample,shm,3759,50800
sample,shm,3760,37900
sample,shm,3761,36400
sample,shm,3762,35000
sample,shm,3763,34900
sample,shm,3764,35000
sample,shm,3765,35500
sample,shm,3766,42300
sample,shm,3767,50800
sample,shm,3768,61400
sample,shm,3769,44900
sample,shm,3770,38400
sample,shm,3771,36100
sample,shm,3772,36000
sample,shm,3773,35900
sample,shm,3774,39100
sample,shm,3775,36600
sample,shm,3776,36000
sample,shm,3777,38100
sample,shm,3778,58600
sample,shm,3779,41600
sample,shm,3780,45500
sample,shm,3781,43000
sample,shm,3782,42300
sample,shm,3783,42300
sample,shm,3784,37100
sample,shm,3785,40400
sample,shm,3786,40100
sample,shm,3787,36400
sample,shm,3788,35700
sample,shm,3789,36000
sample,shm,3790,35700
sample,shm,3791,37600
sample,shm,3792,43200
sample,shm,3793,39300
sample,shm,3794,56700
sample,shm,3795,49800
sample,shm,3796,71200
sample,shm,3797,58500
sample,shm,3798,59100
sample,shm,3799,42700
sample,shm,3800,68000
sample,shm,3801,65200
sample,shm,3802,92800
sample,shm,3803,73600
sample,shm,3804,79500
sample,shm,3805,129900
sample,shm,3806,63400
sample,shm,3807,52900
sample,shm,3808,54500
sample,shm,3809,61100
sample,shm,3810,100400
sample,shm,3811,97700
sample,shm,3812,100400
sample,shm,3813,85500
sample,shm,3814,69500
sample,shm,3815,90700
sample,shm,3816,182800
sample,shm,3817,80000
sample,shm,3818,97900
sample,shm,3819,85600
sample,shm,3820,85300
sample,shm,3821,171700
sample,shm,3822,95800
sample,shm,3823,84100
sample,shm,3824,98100
sample,shm,3825,93600
sample,shm,3826,65300
sample,shm,3827,111800
sample,shm,3828,214700
sample,shm,3829,87500
sample,shm,3830,96400
sample,shm,3831,81800
sample,shm,3832,104900
sample,shm,3833,86000
sample,shm,3834,83300
sample,shm,3835,90600
sample,shm,3836,79600
sample,shm,3837,72000
sample,shm,3838,83000
sample,shm,3839,141700
sample,shm,3840,99300
sample,shm,3841,97000
sample,shm,3842,96000
sample,shm,3843,116200
sample,shm,3844,120200
sample,shm,3845,87000
sample,shm,3846,64300
sample,shm,3847,78900
sample,shm,3848,73400
sample,shm,3849,76600
sample,shm,3850,72000
sample,shm,3851,62200
sample,shm,3852,69900
sample,shm,3853,72200
sample,shm,3854,82900
sample,shm,3855,75700
sample,shm,3856,83800
sample,shm,3857,62400
sample,shm,3858,62700
sample,shm,3859,80100
sample,shm,3860,60300
sample,shm,3861,48100
sample,shm,3862,67600
sample,shm,3863,64100
sample,shm,3864,51100
sample,shm,3865,37900
sample,shm,3866,36300
sample,shm,3867,35000
sample,shm,3868,36800
sample,shm,3869,35600
sample,shm,3870,35500
sample,shm,3871,57500
sample,shm,3872,49400
sample,shm,3873,41700
sample,shm,3874,39200
sample,shm,3875,36800
sample,shm,3876,35300
sample,shm,3877,35500
sample,shm,3878,35200
sample,shm,3879,40300
sample,shm,3880,36600
sample,shm,3881,36300
sample,shm,3882,36400
sample,shm,3883,35200
sample,shm,3884,34900
sample,shm,3885,35500
sample,shm,3886,35200
sample,shm,3887,35000
sample,shm,3888,35000
sample,shm,3889,36700
sample,shm,3890,39600
sample,shm,3891,56900
sample,shm,3892,112600
sample,shm,3893,53700
sample,shm,3894,61700
sample,shm,3895,92800
sample,shm,3896,91000
sample,shm,3897,62600
sample,shm,3898,41600
sample,shm,3899,56100
sample,shm,3900,57400
sample,shm,3901,55700
sample,shm,3902,59400
sample,shm,3903,40700
sample,shm,3904,37500
sample,shm,3905,36700
sample,shm,3906,36500
sample,shm,3907,36400
sample,shm,3908,36200
sample,shm,3909,36100
sample,shm,3910,36100
sample,shm,3911,36400
sample,shm,3912,36600
sample,shm,3913,36400
sample,shm,3914,36000
sample,shm,3915,36100
sample,shm,3916,36200
sample,shm,3917,55800
sample,shm,3918,58000
sample,shm,3919,53000
sample,shm,3920,39800
sample,shm,3921,36800
sample,shm,3922,36900
sample,shm,3923,36400
sample,shm,3924,36500
sample,shm,3925,36200
sample,shm,3926,36200
sample,shm,3927,39500
sample,shm,3928,36500
sample,shm,3929,36000
sample,shm,3930,36600
sample,shm,3931,38100
sample,shm,3932,35800
sample,shm,3933,36200
sample,shm,3934,35700
sample,shm,3935,36100
sample,shm,3936,36100
sample,shm,3937,38700
sample,shm,3938,35900
sample,shm,3939,62300
sample,shm,3940,50400
sample,shm,3941,44500
sample,shm,3942,38500
sample,shm,3943,37600
sample,shm,3944,37300
sample,shm,3945,56500
sample,shm,3946,37900
sample,shm,3947,36700
sample,shm,3948,36600
sample,shm,3949,36800
sample,shm,3950,40900
sample,shm,3951,46400
sample,shm,3952,45200
sample,shm,3953,38200
sample,shm,3954,37300
sample,shm,3955,37100
sample,shm,3956,37300
sample,shm,3957,37200
sample,shm,3958,36800
sample,shm,3959,37000
sample,shm,3960,37100
sample,shm,3961,39800
sample,shm,3962,38000
sample,shm,3963,37300
sample,shm,3964,37100
sample,shm,3965,37400
sample,shm,3966,37100
sample,shm,3967,37100
sample,shm,3968,41600
sample,shm,3969,44100
sample,shm,3970,57100
sample,shm,3971,47500
sample,shm,3972,39200
sample,shm,3973,37800
sample,shm,3974,53700
sample,shm,3975,43100
sample,shm,3976,43900
sample,shm,3977,56400
sample,shm,3978,42800
sample,shm,3979,50400
sample,shm,3980,44900
sample,shm,3981,39100
sample,shm,3982,38800
sample,shm,3983,37200
sample,shm,3984,59400
sample,shm,3985,89500
sample,shm,3986,59900
sample,shm,3987,52300
sample,shm,3988,62000
sample,shm,3989,64400
sample,shm,3990,40700
sample,shm,3991,38900
sample,shm,3992,46500
sample,shm,3993,74900
sample,shm,3994,86200
sample,shm,3995,59100
sample,shm,3996,82900
sample,shm,3997,67800
sample,shm,3998,70800
sample,shm,3999,59600
sample,shm,4000,58300
sample,shm,4001,61100
sample,shm,4002,67600
sample,shm,4003,56900
sample,shm,4004,68700
sample,shm,4005,58000
sample,shm,4006,52800
sample,shm,4007,51200
sample,shm,4008,56200
sample,shm,4009,54200
sample,shm,4010,65200
sample,shm,4011,57400
sample,shm,4012,61200
sample,shm,4013,39700
sample,shm,4014,35900
sample,shm,4015,63700
sample,shm,4016,35100
sample,shm,4017,34500
sample,shm,4018,35000
sample,shm,4019,35000
sample,shm,4020,35500
sample,shm,4021,35300
sample,shm,4022,35100
sample,shm,4023,34800
sample,shm,4024,34600
sample,shm,4025,34500
sample,shm,4026,34500
sample,shm,4027,71000
sample,shm,4028,51500
sample,shm,4029,38800
sample,shm,4030,47100
sample,shm,4031,47300
sample,shm,4032,38500
sample,shm,4033,35000
sample,shm,4034,34600
sample,shm,4035,76200
sample,shm,4036,52200
sample,shm,4037,74400
sample,shm,4038,64900
sample,shm,4039,53700
sample,shm,4040,39700
sample,shm,4041,37200
sample,shm,4042,37100
sample,shm,4043,36400
sample,shm,4044,37600
sample,shm,4045,38100
sample,shm,4046,59100
sample,shm,4047,70500
sample,shm,4048,50200
sample,shm,4049,50300
sample,shm,4050,51100
sample,shm,4051,47300
sample,shm,4052,37900
sample,shm,4053,36500
sample,shm,4054,36100
sample,shm,4055,45900
sample,shm,4056,41800
sample,shm,4057,36800
sample,shm,4058,36500
sample,shm,4059,36400
sample,shm,4060,36600
sample,shm,4061,35600
sample,shm,4062,36000
sample,shm,4063,36000
sample,shm,4064,42900
sample,shm,4065,38500
sample,shm,4066,37100
sample,shm,4067,36100
sample,shm,4068,35400
sample,shm,4069,35500
sample,shm,4070,47400
sample,shm,4071,42300
sample,shm,4072,37000
sample,shm,4073,36400
sample,shm,4074,36600
sample,shm,4075,70500
sample,shm,4076,70200
sample,shm,4077,55300
sample,shm,4078,46200
sample,shm,4079,38200
sample,shm,4080,59300
sample,shm,4081,52000
sample,shm,4082,39700
sample,shm,4083,37500
sample,shm,4084,37500
sample,shm,4085,34600
sample,shm,4086,37200
sample,shm,4087,37800
sample,shm,4088,37400
sample,shm,4089,36900
sample,shm,4090,62900
sample,shm,4091,49600
sample,shm,4092,38100
sample,shm,4093,36600
sample,shm,4094,36000
sample,shm,4095,38700
sample,shm,4096,36000
sample,shm,4097,36000
sample,shm,4098,39100
sample,shm,4099,36500
sample,shm,4100,36300
sample,shm,4101,36400
sample,shm,4102,36600
sample,shm,4103,37300
sample,shm,4104,41500
sample,shm,4105,39000
sample,shm,4106,36900
sample,shm,4107,36300
sample,shm,4108,37100
sample,shm,4109,39400
sample,shm,4110,61000
sample,shm,4111,47200
sample,shm,4112,46100
sample,shm,4113,42700
sample,shm,4114,42600
sample,shm,4115,52300
sample,shm,4116,58200
sample,shm,4117,58900
sample,shm,4118,54300
sample,shm,4119,43000
sample,shm,4120,42500
sample,shm,4121,54800
sample,shm,4122,50400
sample,shm,4123,51600
sample,shm,4124,73300
sample,shm,4125,77400
sample,shm,4126,76300
sample,shm,4127,62400
sample,shm,4128,55200
sample,shm,4129,92700
sample,shm,4130,54100
sample,shm,4131,54900
sample,shm,4132,64900
sample,shm,4133,59600
sample,shm,4134,61000
sample,shm,4135,49000
sample,shm,4136,37200
sample,shm,4137,48100
sample,shm,4138,81900
sample,shm,4139,51800
sample,shm,4140,37500
sample,shm,4141,35800
sample,shm,4142,35600
sample,shm,4143,35000
sample,shm,4144,34600
sample,shm,4145,34700
sample,shm,4146,34800
sample,shm,4147,34500
sample,shm,4148,36600
sample,shm,4149,34800
sample,shm,4150,34800
sample,shm,4151,34900
sample,shm,4152,35100
sample,shm,4153,35000
sample,shm,4154,34800
sample,shm,4155,35000
sample,shm,4156,34900
sample,shm,4157,34900
sample,shm,4158,35200
sample,shm,4159,75600
sample,shm,4160,102500
sample,shm,4161,63300
sample,shm,4162,54600
sample,shm,4163,53100
sample,shm,4164,55800
sample,shm,4165,77500
sample,shm,4166,57100
sample,shm,4167,40600
sample,shm,4168,37800
sample,shm,4169,38800
sample,shm,4170,55300
sample,shm,4171,55500
sample,shm,4172,64300
sample,shm,4173,39600
sample,shm,4174,36400
sample,shm,4175,35500
sample,shm,4176,35400
sample,shm,4177,35400
sample,shm,4178,35200
sample,shm,4179,35300
sample,shm,4180,35000
sample,shm,4181,35100
sample,shm,4182,37500
sample,shm,4183,35700
sample,shm,4184,34900
sample,shm,4185,35500
sample,shm,4186,35200
sample,shm,4187,35200
sample,shm,4188,35400
sample,shm,4189,35300
sample,shm,4190,35000
sample,shm,4191,35100
sample,shm,4192,34700
sample,shm,4193,41700
sample,shm,4194,37300
sample,shm,4195,35300
sample,shm,4196,35000
sample,shm,4197,34900
sample,shm,4198,35000
sample,shm,4199,35200
sample,shm,4200,38000
sample,shm,4201,35300
sample,shm,4202,35900
sample,shm,4203,35200
sample,shm,4204,35300
sample,shm,4205,35300
sample,shm,4206,35500
sample,shm,4207,35400
sample,shm,4208,35500
sample,shm,4209,35400
sample,shm,4210,35200
sample,shm,4211,35400
sample,shm,4212,35900
sample,shm,4213,35800
sample,shm,4214,35600
sample,shm,4215,57400
sample,shm,4216,36900
sample,shm,4217,35400
sample,shm,4218,35600
sample,shm,4219,35400
sample,shm,4220,35200
sample,shm,4221,35300
sample,shm,4222,35600
sample,shm,4223,35100
sample,shm,4224,35500
sample,shm,4225,35600
sample,shm,4226,36000
sample,shm,4227,36000
sample,shm,4228,35100
sample,shm,4229,35700
sample,shm,4230,35400
sample,shm,4231,35800
sample,shm,4232,35700
sample,shm,4233,35600
sample,shm,4234,35900
sample,shm,4235,46100
sample,shm,4236,37500
sample,shm,4237,35900
sample,shm,4238,35700
sample,shm,4239,36000
sample,shm,4240,36300
sample,shm,4241,35900
sample,shm,4242,36100
sample,shm,4243,35900
sample,shm,4244,35900
sample,shm,4245,35800
sample,shm,4246,35600
sample,shm,4247,36000
sample,shm,4248,35600
sample,shm,4249,36000
sample,shm,4250,37900
sample,shm,4251,35600
sample,shm,4252,36000
sample,shm,4253,36000
sample,shm,4254,36900
sample,shm,4255,36000
sample,shm,4256,35900
sample,shm,4257,37300
sample,shm,4258,39000
sample,shm,4259,35800
sample,shm,4260,36100
sample,shm,4261,35600
sample,shm,4262,36200
sample,shm,4263,35800
sample,shm,4264,35800
sample,shm,4265,35400
sample,shm,4266,35900
sample,shm,4267,35600
sample,shm,4268,35600
sample,shm,4269,38100
sample,shm,4270,36500
sample,shm,4271,42100
sample,shm,4272,41300
sample,shm,4273,35700
sample,shm,4274,36100
sample,shm,4275,35800
sample,shm,4276,35500
sample,shm,4277,41800
sample,shm,4278,39900
sample,shm,4279,35400
sample,shm,4280,35900
sample,shm,4281,38600
sample,shm,4282,35900
sample,shm,4283,41500
sample,shm,4284,35800
sample,shm,4285,35800
sample,shm,4286,35700
sample,shm,4287,36000
sample,shm,4288,57500
sample,shm,4289,43900
sample,shm,4290,38100
sample,shm,4291,45200
sample,shm,4292,41000
sample,shm,4293,42900
sample,shm,4294,38400
sample,shm,4295,37000
sample,shm,4296,39600
sample,shm,4297,46700
sample,shm,4298,69600
sample,shm,4299,49500
sample,shm,4300,41600
sample,shm,4301,37700
sample,shm,4302,36900
sample,shm,4303,39200
sample,shm,4304,36200
sample,shm,4305,35900
sample,shm,4306,36200
sample,shm,4307,36400
sample,shm,4308,45000
sample,shm,4309,41900
sample,shm,4310,42300
sample,shm,4311,41700
sample,shm,4312,42300
sample,shm,4313,36300
sample,shm,4314,36600
sample,shm,4315,44700
sample,shm,4316,37300
sample,shm,4317,36600
sample,shm,4318,36200
sample,shm,4319,36000
sample,shm,4320,36200
sample,shm,4321,140300
sample,shm,4322,40200
sample,shm,4323,37500
sample,shm,4324,36700
sample,shm,4325,36700
sample,shm,4326,42400
sample,shm,4327,43700
sample,shm,4328,40700
sample,shm,4329,36700
sample,shm,4330,36200
sample,shm,4331,35900
sample,shm,4332,46700
sample,shm,4333,41000
sample,shm,4334,36800
sample,shm,4335,35900
sample,shm,4336,35900
sample,shm,4337,38700
sample,shm,4338,37000
sample,shm,4339,36600
sample,shm,4340,36300
sample,shm,4341,37800
sample,shm,4342,37800
sample,shm,4343,64400
sample,shm,4344,66000
sample,shm,4345,52100
sample,shm,4346,66500
sample,shm,4347,64800
sample,shm,4348,55500
sample,shm,4349,64500
sample,shm,4350,107300
sample,shm,4351,69400
sample,shm,4352,79100
sample,shm,4353,74800
sample,shm,4354,94400
sample,shm,4355,84000
sample,shm,4356,79300
sample,shm,4357,77600
sample,shm,4358,60300
sample,shm,4359,75800
sample,shm,4360,69000
sample,shm,4361,44000
sample,shm,4362,37100
sample,shm,4363,35500
sample,shm,4364,35900
sample,shm,4365,37800
sample,shm,4366,43000
sample,shm,4367,38200
sample,shm,4368,35900
sample,shm,4369,35600
sample,shm,4370,35400
sample,shm,4371,38300
sample,shm,4372,35400
sample,shm,4373,35200
sample,shm,4374,36000
sample,shm,4375,35500
sample,shm,4376,35000
sample,shm,4377,35200
sample,shm,4378,35200
sample,shm,4379,37700
sample,shm,4380,35500
sample,shm,4381,35200
sample,shm,4382,36200
sample,shm,4383,55900
sample,shm,4384,48700
sample,shm,4385,54700
sample,shm,4386,54600
sample,shm,4387,76400
sample,shm,4388,93400
sample,shm,4389,58500
sample,shm,4390,69800
sample,shm,4391,140100
sample,shm,4392,78400
sample,shm,4393,67700
sample,shm,4394,52800
sample,shm,4395,59500
sample,shm,4396,50700
sample,shm,4397,56700
sample,shm,4398,63600
sample,shm,4399,46800
sample,shm,4400,39100
sample,shm,4401,35700
sample,shm,4402,35900
sample,shm,4403,42500
sample,shm,4404,36100
sample,shm,4405,39000
sample,shm,4406,36000
sample,shm,4407,36100
sample,shm,4408,35400
sample,shm,4409,35500
sample,shm,4410,37400
sample,shm,4411,37800
sample,shm,4412,37700
sample,shm,4413,36000
sample,shm,4414,36200
sample,shm,4415,35800
sample,shm,4416,44700
sample,shm,4417,38800
sample,shm,4418,36200
sample,shm,4419,35700
sample,shm,4420,36400
sample,shm,4421,37400
sample,shm,4422,36300
sample,shm,4423,35800
sample,shm,4424,37000
sample,shm,4425,37200
sample,shm,4426,37200
sample,shm,4427,38200
sample,shm,4428,36400
sample,shm,4429,36400
sample,shm,4430,68100
sample,shm,4431,76600
sample,shm,4432,42600
sample,shm,4433,37300
sample,shm,4434,36600
sample,shm,4435,37400
sample,shm,4436,45300
sample,shm,4437,39500
sample,shm,4438,58600
sample,shm,4439,40900
sample,shm,4440,37000
sample,shm,4441,36600
sample,shm,4442,36100
sample,shm,4443,35800
sample,shm,4444,36400
sample,shm,4445,36300
sample,shm,4446,35900
sample,shm,4447,35900
sample,shm,4448,36000
sample,shm,4449,35400
sample,shm,4450,35400
sample,shm,4451,36600
sample,shm,4452,36500
sample,shm,4453,36100
sample,shm,4454,35700
sample,shm,4455,44000
sample,shm,4456,86700
sample,shm,4457,71400
sample,shm,4458,59100
sample,shm,4459,51500
sample,shm,4460,40100
sample,shm,4461,37900
sample,shm,4462,37000
sample,shm,4463,54500
sample,shm,4464,45300
sample,shm,4465,60400
sample,shm,4466,39700
sample,shm,4467,37100
sample,shm,4468,36400
sample,shm,4469,36400
sample,shm,4470,36300
sample,shm,4471,35500
sample,shm,4472,35900
sample,shm,4473,38100
sample,shm,4474,35700
sample,shm,4475,36000
sample,shm,4476,35700
sample,shm,4477,50100
sample,shm,4478,45800
sample,shm,4479,38400
sample,shm,4480,35900
sample,shm,4481,36100
sample,shm,4482,36600
sample,shm,4483,39100
sample,shm,4484,35700
sample,shm,4485,35500
sample,shm,4486,35800
sample,shm,4487,35700
sample,shm,4488,35800
sample,shm,4489,35600
sample,shm,4490,35500
sample,shm,4491,35300
sample,shm,4492,35800
sample,shm,4493,35400
sample,shm,4494,35700
sample,shm,4495,35600
sample,shm,4496,35700
sample,shm,4497,38300
sample,shm,4498,35300
sample,shm,4499,35800
sample,shm,4500,35500
sample,shm,4501,35300
sample,shm,4502,36100
sample,shm,4503,35500
sample,shm,4504,35600
sample,shm,4505,35300
sample,shm,4506,35400
sample,shm,4507,35400
sample,shm,4508,38000
sample,shm,4509,36000
sample,shm,4510,35800
sample,shm,4511,35900
sample,shm,4512,35900
sample,shm,4513,35500
sample,shm,4514,37700
sample,shm,4515,38600
sample,shm,4516,36000
sample,shm,4517,36000
sample,shm,4518,37400
sample,shm,4519,35900
sample,shm,4520,35500
sample,shm,4521,35700
sample,shm,4522,35700
sample,shm,4523,35700
sample,shm,4524,36200
sample,shm,4525,35900
sample,shm,4526,35700
sample,shm,4527,36900
sample,shm,4528,41700
sample,shm,4529,43800
sample,shm,4530,37500
sample,shm,4531,36800
sample,shm,4532,36300
sample,shm,4533,37400
sample,shm,4534,35700
sample,shm,4535,35900
sample,shm,4536,38100
sample,shm,4537,35900
sample,shm,4538,36300
sample,shm,4539,48500
sample,shm,4540,44900
sample,shm,4541,37900
sample,shm,4542,39300
sample,shm,4543,36500
sample,shm,4544,37100
sample,shm,4545,37100
sample,shm,4546,36600
sample,shm,4547,51300
sample,shm,4548,47800
sample,shm,4549,39100
sample,shm,4550,37200
sample,shm,4551,36800
sample,shm,4552,36500
sample,shm,4553,36800
sample,shm,4554,37800
sample,shm,4555,50500
sample,shm,4556,38300
sample,shm,4557,37900
sample,shm,4558,44500
sample,shm,4559,41800
sample,shm,4560,38000
sample,shm,4561,37400
sample,shm,4562,37000
sample,shm,4563,36900
sample,shm,4564,37100
sample,shm,4565,36700
sample,shm,4566,37000
sample,shm,4567,37100
sample,shm,4568,36800
sample,shm,4569,37000
sample,shm,4570,36900
sample,shm,4571,43800
sample,shm,4572,41500
sample,shm,4573,37300
sample,shm,4574,37300
sample,shm,4575,39900
sample,shm,4576,40500
sample,shm,4577,49400
sample,shm,4578,71700
sample,shm,4579,43000
sample,shm,4580,38200
sample,shm,4581,38700
sample,shm,4582,37200
sample,shm,4583,36500
sample,shm,4584,39700
sample,shm,4585,37800
sample,shm,4586,56800
sample,shm,4587,41600
sample,shm,4588,37200
sample,shm,4589,76700
sample,shm,4590,58600
sample,shm,4591,66700
sample,shm,4592,53200
sample,shm,4593,49300
sample,shm,4594,39400
sample,shm,4595,36400
sample,shm,4596,37300
sample,shm,4597,37300
sample,shm,4598,36900
sample,shm,4599,36400
sample,shm,4600,37700
sample,shm,4601,56100
sample,shm,4602,39100
sample,shm,4603,37000
sample,shm,4604,36400
sample,shm,4605,37100
sample,shm,4606,36500
sample,shm,4607,36200
sample,shm,4608,36400
sample,shm,4609,43900
sample,shm,4610,43500
sample,shm,4611,38100
sample,shm,4612,45900
sample,shm,4613,38800
sample,shm,4614,36400
sample,shm,4615,36800
sample,shm,4616,36400
sample,shm,4617,36600
sample,shm,4618,36000
sample,shm,4619,36100
sample,shm,4620,35900
sample,shm,4621,36200
sample,shm,4622,39100
sample,shm,4623,35900
sample,shm,4624,36400
sample,shm,4625,36600
sample,shm,4626,36200
sample,shm,4627,36100
sample,shm,4628,47400
sample,shm,4629,41600
sample,shm,4630,37300
sample,shm,4631,36500
sample,shm,4632,36800
sample,shm,4633,46300
sample,shm,4634,63100
sample,shm,4635,54600
sample,shm,4636,40700
sample,shm,4637,38000
sample,shm,4638,38200
sample,shm,4639,37900
sample,shm,4640,37400
sample,shm,4641,36900
sample,shm,4642,37400
sample,shm,4643,37400
sample,shm,4644,41600
sample,shm,4645,36800
sample,shm,4646,37400
sample,shm,4647,37000
sample,shm,4648,37300
sample,shm,4649,37200
sample,shm,4650,36700
sample,shm,4651,36400
sample,shm,4652,38900
sample,shm,4653,36700
sample,shm,4654,37400
sample,shm,4655,37400
sample,shm,4656,37300
sample,shm,4657,37000
sample,shm,4658,37600
sample,shm,4659,37000
sample,shm,4660,36700
sample,shm,4661,37800
sample,shm,4662,36600
sample,shm,4663,37300
sample,shm,4664,36900
sample,shm,4665,36700
sample,shm,4666,36800
sample,shm,4667,42500
sample,shm,4668,36500
sample,shm,4669,36900
sample,shm,4670,37300
sample,shm,4671,36800
sample,shm,4672,36700
sample,shm,4673,92100
sample,shm,4674,70400
sample,shm,4675,55400
sample,shm,4676,43200
sample,shm,4677,38400
sample,shm,4678,40900
sample,shm,4679,37100
sample,shm,4680,37100
sample,shm,4681,44900
sample,shm,4682,37500
sample,shm,4683,36700
sample,shm,4684,37800
sample,shm,4685,37800
sample,shm,4686,39700
sample,shm,4687,63600
sample,shm,4688,78800
sample,shm,4689,46000
sample,shm,4690,50100
sample,shm,4691,48200
sample,shm,4692,39000
sample,shm,4693,38900
sample,shm,4694,37500
sample,shm,4695,37100
sample,shm,4696,37200
sample,shm,4697,37000
sample,shm,4698,48100
sample,shm,4699,37900
sample,shm,4700,37500
sample,shm,4701,37300
sample,shm,4702,37800
sample,shm,4703,38600
sample,shm,4704,44500
sample,shm,4705,38100
sample,shm,4706,36900
sample,shm,4707,37300
sample,shm,4708,48600
sample,shm,4709,61800
sample,shm,4710,44700
sample,shm,4711,38500
sample,shm,4712,53700
sample,shm,4713,43900
sample,shm,4714,38900
sample,shm,4715,36800
sample,shm,4716,36900
sample,shm,4717,36700
sample,shm,4718,36300
sample,shm,4719,36300
sample,shm,4720,36200
sample,shm,4721,36700
sample,shm,4722,48300
sample,shm,4723,44400
sample,shm,4724,39000
sample,shm,4725,37800
sample,shm,4726,37700
sample,shm,4727,37900
sample,shm,4728,38000
sample,shm,4729,37500
sample,shm,4730,36900
sample,shm,4731,38500
sample,shm,4732,36900
sample,shm,4733,37200
sample,shm,4734,37400
sample,shm,4735,38700
sample,shm,4736,38100
sample,shm,4737,37200
sample,shm,4738,61100
sample,shm,4739,46800
sample,shm,4740,44200
sample,shm,4741,58000
sample,shm,4742,47200
sample,shm,4743,43200
sample,shm,4744,52600
sample,shm,4745,44500
sample,shm,4746,42400
sample,shm,4747,40100
sample,shm,4748,37000
sample,shm,4749,37000
sample,shm,4750,36900
sample,shm,4751,36800
sample,shm,4752,36600
sample,shm,4753,36700
sample,shm,4754,36900
sample,shm,4755,36400
sample,shm,4756,37100
sample,shm,4757,36800
sample,shm,4758,37500
sample,shm,4759,50100
sample,shm,4760,38700
sample,shm,4761,40100
sample,shm,4762,38000
sample,shm,4763,36000
sample,shm,4764,36200
sample,shm,4765,36200
sample,shm,4766,47300
sample,shm,4767,65600
sample,shm,4768,43000
sample,shm,4769,39400
sample,shm,4770,54700
sample,shm,4771,45900
sample,shm,4772,40700
sample,shm,4773,37500
sample,shm,4774,49000
sample,shm,4775,45700
sample,shm,4776,68400
sample,shm,4777,75400
sample,shm,4778,49600
sample,shm,4779,40100
sample,shm,4780,44400
sample,shm,4781,67400
sample,shm,4782,86200
sample,shm,4783,78800
sample,shm,4784,48000
sample,shm,4785,44600
sample,shm,4786,74000
sample,shm,4787,48400
sample,shm,4788,47300
sample,shm,4789,60900
sample,shm,4790,77800
sample,shm,4791,46700
sample,shm,4792,49300
sample,shm,4793,57800
sample,shm,4794,82200
sample,shm,4795,42200
sample,shm,4796,38100
sample,shm,4797,37000
sample,shm,4798,36800
sample,shm,4799,36200
sample,shm,4800,36300
sample,shm,4801,36300
sample,shm,4802,36000
sample,shm,4803,35900
sample,shm,4804,35700
sample,shm,4805,36500
sample,shm,4806,36200
sample,shm,4807,36800
sample,shm,4808,45100
sample,shm,4809,51100
sample,shm,4810,47500
sample,shm,4811,40300
sample,shm,4812,40000
sample,shm,4813,39700
sample,shm,4814,42200
sample,shm,4815,52200
sample,shm,4816,73700
sample,shm,4817,59300
sample,shm,4818,40300
sample,shm,4819,55500
sample,shm,4820,41000
sample,shm,4821,47700
sample,shm,4822,38800
sample,shm,4823,37200
sample,shm,4824,37700
sample,shm,4825,39700
sample,shm,4826,36300
sample,shm,4827,36200
sample,shm,4828,36200
sample,shm,4829,35900
sample,shm,4830,35900
sample,shm,4831,36200
sample,shm,4832,35800
sample,shm,4833,36100
sample,shm,4834,35700
sample,shm,4835,48300
sample,shm,4836,41900
sample,shm,4837,36700
sample,shm,4838,36000
sample,shm,4839,36300
sample,shm,4840,35700
sample,shm,4841,35500
sample,shm,4842,35600
sample,shm,4843,35800
sample,shm,4844,36000
sample,shm,4845,44300
sample,shm,4846,66100
sample,shm,4847,50600
sample,shm,4848,49300
sample,shm,4849,58100
sample,shm,4850,61400
sample,shm,4851,46400
sample,shm,4852,39700
sample,shm,4853,39000
sample,shm,4854,37800
sample,shm,4855,37600
sample,shm,4856,51400
sample,shm,4857,46600
sample,shm,4858,37700
sample,shm,4859,36900
sample,shm,4860,36400
sample,shm,4861,36000
sample,shm,4862,37900
sample,shm,4863,36700
sample,shm,4864,36100
sample,shm,4865,36100
sample,shm,4866,35900
sample,shm,4867,35900
sample,shm,4868,36200
sample,shm,4869,36000
sample,shm,4870,35900
sample,shm,4871,36000
sample,shm,4872,35900
sample,shm,4873,35900
sample,shm,4874,36600
sample,shm,4875,37000
sample,shm,4876,36800
sample,shm,4877,68700
sample,shm,4878,56000
sample,shm,4879,62200
sample,shm,4880,67800
sample,shm,4881,51800
sample,shm,4882,47000
sample,shm,4883,41100
sample,shm,4884,37200
sample,shm,4885,37800
sample,shm,4886,37100
sample,shm,4887,36200
sample,shm,4888,36900
sample,shm,4889,36000
sample,shm,4890,43100
sample,shm,4891,39400
sample,shm,4892,60400
sample,shm,4893,62300
sample,shm,4894,44300
sample,shm,4895,42100
sample,shm,4896,43600
sample,shm,4897,62600
sample,shm,4898,51100
sample,shm,4899,39200
sample,shm,4900,38900
sample,zmq,1,58600
sample,zmq,2,114900
sample,zmq,3,87700
sample,zmq,4,109100
sample,zmq,5,151000
sample,zmq,6,119800
sample,zmq,7,107400
sample,zmq,8,92600
sample,zmq,9,80900
sample,zmq,10,107500
sample,zmq,11,95800
sample,zmq,12,85700
sample,zmq,13,90400
sample,zmq,14,85200
sample,zmq,15,87300
sample,zmq,16,88700
sample,zmq,17,90800
sample,zmq,18,96600
sample,zmq,19,93200
sample,zmq,20,99500
sample,zmq,21,95800
sample,zmq,22,92200
sample,zmq,23,92400
sample,zmq,24,89600
sample,zmq,25,91200
sample,zmq,26,96100
sample,zmq,27,100000
sample,zmq,28,97300
sample,zmq,29,97100
sample,zmq,30,89800
sample,zmq,31,91400
sample,zmq,32,88000
sample,zmq,33,93800
sample,zmq,34,91100
sample,zmq,35,91000
sample,zmq,36,96200
sample,zmq,37,92700
sample,zmq,38,98900
sample,zmq,39,94200
sample,zmq,40,90000
sample,zmq,41,92100
sample,zmq,42,92200
sample,zmq,43,96400
sample,zmq,44,91900
sample,zmq,45,108500
sample,zmq,46,115100
sample,zmq,47,102200
sample,zmq,48,94800
sample,zmq,49,287100
sample,zmq,50,116000
sample,zmq,51,162600
sample,zmq,52,116600
sample,zmq,53,107800
sample,zmq,54,108900
sample,zmq,55,112300
sample,zmq,56,102700
sample,zmq,57,103100
sample,zmq,58,127000
sample,zmq,59,136500
sample,zmq,60,102600
sample,zmq,61,195600
sample,zmq,62,100200
sample,zmq,63,157700
sample,zmq,64,114900
sample,zmq,65,97900
sample,zmq,66,146400
sample,zmq,67,98600
sample,zmq,68,64600
sample,zmq,69,59700
sample,zmq,70,82200
sample,zmq,71,69500
sample,zmq,72,76300
sample,zmq,73,68100
sample,zmq,74,74200
sample,zmq,75,82900
sample,zmq,76,68300
sample,zmq,77,66600
sample,zmq,78,60300
sample,zmq,79,57300
sample,zmq,80,56300
sample,zmq,81,104100
sample,zmq,82,74000
sample,zmq,83,70700
sample,zmq,84,69500
sample,zmq,85,72400
sample,zmq,86,66000
sample,zmq,87,67500
sample,zmq,88,70200
sample,zmq,89,67400
sample,zmq,90,66100
sample,zmq,91,67400
sample,zmq,92,57600
sample,zmq,93,62000
sample,zmq,94,54400
sample,zmq,95,53100
sample,zmq,96,53000
sample,zmq,97,52700
sample,zmq,98,52500
sample,zmq,99,52700
sample,zmq,100,52400
sample,zmq,101,52700
sample,zmq,102,53000
sample,zmq,103,57800
sample,zmq,104,65200
sample,zmq,105,53000
sample,zmq,106,52800
sample,zmq,107,53000
sample,zmq,108,52800
sample,zmq,109,52600
sample,zmq,110,52600
sample,zmq,111,52800
sample,zmq,112,52600
sample,zmq,113,77000
sample,zmq,114,52600
sample,zmq,115,64400
sample,zmq,116,66900
sample,zmq,117,68500
sample,zmq,118,171100
sample,zmq,119,211100
sample,zmq,120,148900
sample,zmq,121,91500
sample,zmq,122,54500
sample,zmq,123,70300
sample,zmq,124,54600
sample,zmq,125,110900
sample,zmq,126,141000
sample,zmq,127,139300
sample,zmq,128,113100
sample,zmq,129,91800
sample,zmq,130,90900
sample,zmq,131,111300
sample,zmq,132,91200
sample,zmq,133,123100
sample,zmq,134,76200
sample,zmq,135,87200
sample,zmq,136,75200
sample,zmq,137,73300
sample,zmq,138,73300
sample,zmq,139,54300
sample,zmq,140,85000
sample,zmq,141,73400
sample,zmq,142,66700
sample,zmq,143,56600
sample,zmq,144,53800
sample,zmq,145,53800
sample,zmq,146,53600
sample,zmq,147,56600
sample,zmq,148,54900
sample,zmq,149,54000
sample,zmq,150,53000
sample,zmq,151,61800
sample,zmq,152,53000
sample,zmq,153,52400
sample,zmq,154,53200
sample,zmq,155,64000
sample,zmq,156,57800
sample,zmq,157,58200
sample,zmq,158,53400
sample,zmq,159,54100
sample,zmq,160,52800
sample,zmq,161,53300
sample,zmq,162,53100
sample,zmq,163,56300
sample,zmq,164,52800
sample,zmq,165,52400
sample,zmq,166,53400
sample,zmq,167,52600
sample,zmq,168,53500
sample,zmq,169,56500
sample,zmq,170,52600
sample,zmq,171,53200
sample,zmq,172,52400
sample,zmq,173,65300
sample,zmq,174,52800
sample,zmq,175,53200
sample,zmq,176,52700
sample,zmq,177,52800
sample,zmq,178,52500
sample,zmq,179,56300
sample,zmq,180,52700
sample,zmq,181,52800
sample,zmq,182,52500
sample,zmq,183,52600
sample,zmq,184,52800
sample,zmq,185,52700
sample,zmq,186,53400
sample,zmq,187,59300
sample,zmq,188,56400
sample,zmq,189,54300
sample,zmq,190,52900
sample,zmq,191,53100
sample,zmq,192,52900
sample,zmq,193,56800
sample,zmq,194,57000
sample,zmq,195,56000
sample,zmq,196,53600
sample,zmq,197,52800
sample,zmq,198,52600
sample,zmq,199,52700
sample,zmq,200,52300
sample,zmq,201,52700
sample,zmq,202,52500
sample,zmq,203,52700
sample,zmq,204,53500
sample,zmq,205,52400
sample,zmq,206,52600
sample,zmq,207,52500
sample,zmq,208,53400
sample,zmq,209,52600
sample,zmq,210,52400
sample,zmq,211,52600
sample,zmq,212,56000
sample,zmq,213,53000
sample,zmq,214,52800
sample,zmq,215,52900
sample,zmq,216,52600
sample,zmq,217,52800
sample,zmq,218,60500
sample,zmq,219,56500
sample,zmq,220,53200
sample,zmq,221,53600
sample,zmq,222,52700
sample,zmq,223,52600
sample,zmq,224,57500
sample,zmq,225,58000
sample,zmq,226,57700
sample,zmq,227,54000
sample,zmq,228,58600
sample,zmq,229,56600
sample,zmq,230,75200
sample,zmq,231,73800
sample,zmq,232,112200
sample,zmq,233,88100
sample,zmq,234,60800
sample,zmq,235,55300
sample,zmq,236,53700
sample,zmq,237,53100
sample,zmq,238,53200
sample,zmq,239,53100
sample,zmq,240,53000
sample,zmq,241,56900
sample,zmq,242,53000
sample,zmq,243,52900
sample,zmq,244,52800
sample,zmq,245,52800
sample,zmq,246,53400
sample,zmq,247,53300
sample,zmq,248,53100
sample,zmq,249,52400
sample,zmq,250,52500
sample,zmq,251,52800
sample,zmq,252,52600
sample,zmq,253,52500
sample,zmq,254,53100
sample,zmq,255,52900
sample,zmq,256,52600
sample,zmq,257,56500
sample,zmq,258,58800
sample,zmq,259,53500
sample,zmq,260,53500
sample,zmq,261,53300
sample,zmq,262,61900
sample,zmq,263,60000
sample,zmq,264,54500
sample,zmq,265,53100
sample,zmq,266,52600
sample,zmq,267,52800
sample,zmq,268,52500
sample,zmq,269,52400
sample,zmq,270,52600
sample,zmq,271,52400
sample,zmq,272,52700
sample,zmq,273,52500
sample,zmq,274,57300
sample,zmq,275,52900
sample,zmq,276,52900
sample,zmq,277,53200
sample,zmq,278,55600
sample,zmq,279,53200
sample,zmq,280,53000
sample,zmq,281,57400
sample,zmq,282,53200
sample,zmq,283,52700
sample,zmq,284,53400
sample,zmq,285,52400
sample,zmq,286,53000
sample,zmq,287,52700
sample,zmq,288,61500
sample,zmq,289,59300
sample,zmq,290,61500
sample,zmq,291,58300
sample,zmq,292,54500
sample,zmq,293,53200
sample,zmq,294,53200
sample,zmq,295,52800
sample,zmq,296,52500
sample,zmq,297,53100
sample,zmq,298,52500
sample,zmq,299,52400
sample,zmq,300,52700
sample,zmq,301,53100
sample,zmq,302,52500
sample,zmq,303,53200
sample,zmq,304,52500
sample,zmq,305,52400
sample,zmq,306,57200
sample,zmq,307,53400
sample,zmq,308,60400
sample,zmq,309,57000
sample,zmq,310,53300
sample,zmq,311,53000
sample,zmq,312,53000
sample,zmq,313,52500
sample,zmq,314,52400
sample,zmq,315,52400
sample,zmq,316,52400
sample,zmq,317,52400
sample,zmq,318,52900
sample,zmq,319,52300
sample,zmq,320,53200
sample,zmq,321,55300
sample,zmq,322,55800
sample,zmq,323,53900
sample,zmq,324,52800
sample,zmq,325,52700
sample,zmq,326,53000
sample,zmq,327,52300
sample,zmq,328,52700
sample,zmq,329,52400
sample,zmq,330,52400
sample,zmq,331,52200
sample,zmq,332,52400
sample,zmq,333,52300
sample,zmq,334,52300
sample,zmq,335,52200
sample,zmq,336,53300
sample,zmq,337,52400
sample,zmq,338,52600
sample,zmq,339,56600
sample,zmq,340,52900
sample,zmq,341,52900
sample,zmq,342,52100
sample,zmq,343,52400
sample,zmq,344,51900
sample,zmq,345,61400
sample,zmq,346,52600
sample,zmq,347,52600
sample,zmq,348,52400
sample,zmq,349,52100
sample,zmq,350,52500
sample,zmq,351,52100
sample,zmq,352,52300
sample,zmq,353,52100
sample,zmq,354,53100
sample,zmq,355,54900
sample,zmq,356,55000
sample,zmq,357,52400
sample,zmq,358,52900
sample,zmq,359,52000
sample,zmq,360,52100
sample,zmq,361,52100
sample,zmq,362,52100
sample,zmq,363,52300
sample,zmq,364,56000
sample,zmq,365,52000
sample,zmq,366,52200
sample,zmq,367,52000
sample,zmq,368,53000
sample,zmq,369,52100
sample,zmq,370,55000
sample,zmq,371,52600
sample,zmq,372,52700
sample,zmq,373,54900
sample,zmq,374,53500
sample,zmq,375,52200
sample,zmq,376,52300
sample,zmq,377,52100
sample,zmq,378,52200
sample,zmq,379,53800
sample,zmq,380,92200
sample,zmq,381,68400
sample,zmq,382,76600
sample,zmq,383,97900
sample,zmq,384,84000
sample,zmq,385,70800
sample,zmq,386,62300
sample,zmq,387,54400
sample,zmq,388,53500
sample,zmq,389,53300
sample,zmq,390,52800
sample,zmq,391,52500
sample,zmq,392,53300
sample,zmq,393,52900
sample,zmq,394,53400
sample,zmq,395,52600
sample,zmq,396,52300
sample,zmq,397,53000
sample,zmq,398,52100
sample,zmq,399,64900
sample,zmq,400,93500
sample,zmq,401,57800
sample,zmq,402,60900
sample,zmq,403,53800
sample,zmq,404,52500
sample,zmq,405,52700
sample,zmq,406,52900
sample,zmq,407,56000
sample,zmq,408,52400
sample,zmq,409,53000
sample,zmq,410,52500
sample,zmq,411,52400
sample,zmq,412,52500
sample,zmq,413,52300
sample,zmq,414,52800
sample,zmq,415,66400
sample,zmq,416,53900
sample,zmq,417,56900
sample,zmq,418,55700
sample,zmq,419,53400
sample,zmq,420,52500
sample,zmq,421,52500
sample,zmq,422,52600
sample,zmq,423,52600
sample,zmq,424,52200
sample,zmq,425,53200
sample,zmq,426,52100
sample,zmq,427,52100
sample,zmq,428,53100
sample,zmq,429,52400
sample,zmq,430,52300
sample,zmq,431,52600
sample,zmq,432,58200
sample,zmq,433,53400
sample,zmq,434,57000
sample,zmq,435,55600
sample,zmq,436,52700
sample,zmq,437,52800
sample,zmq,438,52600
sample,zmq,439,52300
sample,zmq,440,52300
sample,zmq,441,52500
sample,zmq,442,52300
sample,zmq,443,52100
sample,zmq,444,52600
sample,zmq,445,52600
sample,zmq,446,52200
sample,zmq,447,52300
sample,zmq,448,52500
sample,zmq,449,55000
sample,zmq,450,53700
sample,zmq,451,56700
sample,zmq,452,55400
sample,zmq,453,52100
sample,zmq,454,52500
sample,zmq,455,52400
sample,zmq,456,52900
sample,zmq,457,52100
sample,zmq,458,55700
sample,zmq,459,52800
sample,zmq,460,52200
sample,zmq,461,52200
sample,zmq,462,52600
sample,zmq,463,51800
sample,zmq,464,72100
sample,zmq,465,85600
sample,zmq,466,109600
sample,zmq,467,101500
sample,zmq,468,86500
sample,zmq,469,56700
sample,zmq,470,53800
sample,zmq,471,53200
sample,zmq,472,52900
sample,zmq,473,53200
sample,zmq,474,52600
sample,zmq,475,52300
sample,zmq,476,55400
sample,zmq,477,83100
sample,zmq,478,94600
sample,zmq,479,131700
sample,zmq,480,85200
sample,zmq,481,69800
sample,zmq,482,67100
sample,zmq,483,86000
sample,zmq,484,66100
sample,zmq,485,47800
sample,zmq,486,55100
sample,zmq,487,54600
sample,zmq,488,55300
sample,zmq,489,64300
sample,zmq,490,55400
sample,zmq,491,53800
sample,zmq,492,58500
sample,zmq,493,53600
sample,zmq,494,53600
sample,zmq,495,54400
sample,zmq,496,54700
sample,zmq,497,53500
sample,zmq,498,53200
sample,zmq,499,53400
sample,zmq,500,53200
sample,zmq,501,54000
sample,zmq,502,53300
sample,zmq,503,53600
sample,zmq,504,63800
sample,zmq,505,76000
sample,zmq,506,53800
sample,zmq,507,65300
sample,zmq,508,57900
sample,zmq,509,54300
sample,zmq,510,54600
sample,zmq,511,54000
sample,zmq,512,55300
sample,zmq,513,54700
sample,zmq,514,55400
sample,zmq,515,55100
sample,zmq,516,54500
sample,zmq,517,55300
sample,zmq,518,54700
sample,zmq,519,81800
sample,zmq,520,64400
sample,zmq,521,56300
sample,zmq,522,55000
sample,zmq,523,61800
sample,zmq,524,53300
sample,zmq,525,53000
sample,zmq,526,52800
sample,zmq,527,53700
sample,zmq,528,57100
sample,zmq,529,70200
sample,zmq,530,64200
sample,zmq,531,55300
sample,zmq,532,70800
sample,zmq,533,53600
sample,zmq,534,53300
sample,zmq,535,59700
sample,zmq,536,52500
sample,zmq,537,56200
sample,zmq,538,53300
sample,zmq,539,52700
sample,zmq,540,52600
sample,zmq,541,52300
sample,zmq,542,52400
sample,zmq,543,52300
sample,zmq,544,52600
sample,zmq,545,52600
sample,zmq,546,52100
sample,zmq,547,55300
sample,zmq,548,53000
sample,zmq,549,70800
sample,zmq,550,69700
sample,zmq,551,59700
sample,zmq,552,56100
sample,zmq,553,53300
sample,zmq,554,52600
sample,zmq,555,52500
sample,zmq,556,52500
sample,zmq,557,59900
sample,zmq,558,52600
sample,zmq,559,52400
sample,zmq,560,52200
sample,zmq,561,52300
sample,zmq,562,52400
sample,zmq,563,65400
sample,zmq,564,52700
sample,zmq,565,68500
sample,zmq,566,55800
sample,zmq,567,52800
sample,zmq,568,55100
sample,zmq,569,52800
sample,zmq,570,52100
sample,zmq,571,52100
sample,zmq,572,52700
sample,zmq,573,52200
sample,zmq,574,52200
sample,zmq,575,52300
sample,zmq,576,52600
sample,zmq,577,52400
sample,zmq,578,52400
sample,zmq,579,52000
sample,zmq,580,51600
sample,zmq,581,52800
sample,zmq,582,67800
sample,zmq,583,70300
sample,zmq,584,62100
sample,zmq,585,54900
sample,zmq,586,53300
sample,zmq,587,52500
sample,zmq,588,52500
sample,zmq,589,52200
sample,zmq,590,52100
sample,zmq,591,52300
sample,zmq,592,53600
sample,zmq,593,52200
sample,zmq,594,52700
sample,zmq,595,52400
sample,zmq,596,55600
sample,zmq,597,68400
sample,zmq,598,70500
sample,zmq,599,61500
sample,zmq,600,52900
sample,zmq,601,52900
sample,zmq,602,52600
sample,zmq,603,63600
sample,zmq,604,52800
sample,zmq,605,66900
sample,zmq,606,57800
sample,zmq,607,53100
sample,zmq,608,52100
sample,zmq,609,53400
sample,zmq,610,52500
sample,zmq,611,52500
sample,zmq,612,52200
sample,zmq,613,52200
sample,zmq,614,52000
sample,zmq,615,55500
sample,zmq,616,52500
sample,zmq,617,52400
sample,zmq,618,52300
sample,zmq,619,52300
sample,zmq,620,60500
sample,zmq,621,52600
sample,zmq,622,61300
sample,zmq,623,56100
sample,zmq,624,52300
sample,zmq,625,52300
sample,zmq,626,52700
sample,zmq,627,52200
sample,zmq,628,52600
sample,zmq,629,52400
sample,zmq,630,52300
sample,zmq,631,55500
sample,zmq,632,52700
sample,zmq,633,52300
sample,zmq,634,52500
sample,zmq,635,52200
sample,zmq,636,52200
sample,zmq,637,52100
sample,zmq,638,52000
sample,zmq,639,52700
sample,zmq,640,54900
sample,zmq,641,52700
sample,zmq,642,53100
sample,zmq,643,52600
sample,zmq,644,51900
sample,zmq,645,52200
sample,zmq,646,52200
sample,zmq,647,52300
sample,zmq,648,55200
sample,zmq,649,52500
sample,zmq,650,52100
sample,zmq,651,52200
sample,zmq,652,52000
sample,zmq,653,52300
sample,zmq,654,52100
sample,zmq,655,71100
sample,zmq,656,52500
sample,zmq,657,66800
sample,zmq,658,58600
sample,zmq,659,52400
sample,zmq,660,52400
sample,zmq,661,52200
sample,zmq,662,52900
sample,zmq,663,57900
sample,zmq,664,55200
sample,zmq,665,52500
sample,zmq,666,52300
sample,zmq,667,52300
sample,zmq,668,52800
sample,zmq,669,52200
sample,zmq,670,52200
sample,zmq,671,52200
sample,zmq,672,55200
sample,zmq,673,68900
sample,zmq,674,70500
sample,zmq,675,59900
sample,zmq,676,53500
sample,zmq,677,52800
sample,zmq,678,52500
sample,zmq,679,54900
sample,zmq,680,52400
sample,zmq,681,55600
sample,zmq,682,52300
sample,zmq,683,52600
sample,zmq,684,52700
sample,zmq,685,52300
sample,zmq,686,51700
sample,zmq,687,60500
sample,zmq,688,54200
sample,zmq,689,166800
sample,zmq,690,165700
sample,zmq,691,158800
sample,zmq,692,150400
sample,zmq,693,95700
sample,zmq,694,72400
sample,zmq,695,118800
sample,zmq,696,138700
sample,zmq,697,94000
sample,zmq,698,71700
sample,zmq,699,70100
sample,zmq,700,67000
sample,zmq,701,68400
sample,zmq,702,97400
sample,zmq,703,97300
sample,zmq,704,92400
sample,zmq,705,87800
sample,zmq,706,70500
sample,zmq,707,101700
sample,zmq,708,86000
sample,zmq,709,118900
sample,zmq,710,96500
sample,zmq,711,63200
sample,zmq,712,55100
sample,zmq,713,70200
sample,zmq,714,57500
sample,zmq,715,54400
sample,zmq,716,54100
sample,zmq,717,53800
sample,zmq,718,53000
sample,zmq,719,53300
sample,zmq,720,57500
sample,zmq,721,62100
sample,zmq,722,52600
sample,zmq,723,52900
sample,zmq,724,52900
sample,zmq,725,52700
sample,zmq,726,58600
sample,zmq,727,57000
sample,zmq,728,53100
sample,zmq,729,52700
sample,zmq,730,52700
sample,zmq,731,52700
sample,zmq,732,52400
sample,zmq,733,52700
sample,zmq,734,53800
sample,zmq,735,52900
sample,zmq,736,56600
sample,zmq,737,53200
sample,zmq,738,52400
sample,zmq,739,52800
sample,zmq,740,52600
sample,zmq,741,53700
sample,zmq,742,56600
sample,zmq,743,53200
sample,zmq,744,52700
sample,zmq,745,53500
sample,zmq,746,52300
sample,zmq,747,52500
sample,zmq,748,52600
sample,zmq,749,52700
sample,zmq,750,52800
sample,zmq,751,53000
sample,zmq,752,53500
sample,zmq,753,64400
sample,zmq,754,67600
sample,zmq,755,88900
sample,zmq,756,75100
sample,zmq,757,61500
sample,zmq,758,53100
sample,zmq,759,90900
sample,zmq,760,63000
sample,zmq,761,55500
sample,zmq,762,54100
sample,zmq,763,53400
sample,zmq,764,53400
sample,zmq,765,53300
sample,zmq,766,56200
sample,zmq,767,54000
sample,zmq,768,63100
sample,zmq,769,58400
sample,zmq,770,57000
sample,zmq,771,53700
sample,zmq,772,53500
sample,zmq,773,52600
sample,zmq,774,52900
sample,zmq,775,53100
sample,zmq,776,52800
sample,zmq,777,52700
sample,zmq,778,52600
sample,zmq,779,53200
sample,zmq,780,53200
sample,zmq,781,52800
sample,zmq,782,57500
sample,zmq,783,53600
sample,zmq,784,54400
sample,zmq,785,60200
sample,zmq,786,56900
sample,zmq,787,53700
sample,zmq,788,53700
sample,zmq,789,53100
sample,zmq,790,53400
sample,zmq,791,59700
sample,zmq,792,56800
sample,zmq,793,53100
sample,zmq,794,53000
sample,zmq,795,52800
sample,zmq,796,52700
sample,zmq,797,53000
sample,zmq,798,55800
sample,zmq,799,53900
sample,zmq,800,71300
sample,zmq,801,62800
sample,zmq,802,58200
sample,zmq,803,54000
sample,zmq,804,53300
sample,zmq,805,53000
sample,zmq,806,52700
sample,zmq,807,52700
sample,zmq,808,52700
sample,zmq,809,52700
sample,zmq,810,52600
sample,zmq,811,52800
sample,zmq,812,53200
sample,zmq,813,53200
sample,zmq,814,56500
sample,zmq,815,54300
sample,zmq,816,55700
sample,zmq,817,53500
sample,zmq,818,53600
sample,zmq,819,53800
sample,zmq,820,53000
sample,zmq,821,53500
sample,zmq,822,53000
sample,zmq,823,53100
sample,zmq,824,52800
sample,zmq,825,53100
sample,zmq,826,52400
sample,zmq,827,52700
sample,zmq,828,57300
sample,zmq,829,56300
sample,zmq,830,71400
sample,zmq,831,55300
sample,zmq,832,53600
sample,zmq,833,53700
sample,zmq,834,53800
sample,zmq,835,53400
sample,zmq,836,63200
sample,zmq,837,52600
sample,zmq,838,53000
sample,zmq,839,52700
sample,zmq,840,52700
sample,zmq,841,52900
sample,zmq,842,52500
sample,zmq,843,52600
sample,zmq,844,52500
sample,zmq,845,53500
sample,zmq,846,59100
sample,zmq,847,53500
sample,zmq,848,53200
sample,zmq,849,52400
sample,zmq,850,52600
sample,zmq,851,53400
sample,zmq,852,53600
sample,zmq,853,52500
sample,zmq,854,52400
sample,zmq,855,52500
sample,zmq,856,52400
sample,zmq,857,52300
sample,zmq,858,52800
sample,zmq,859,52400
sample,zmq,860,52900
sample,zmq,861,53300
sample,zmq,862,59900
sample,zmq,863,57500
sample,zmq,864,53300
sample,zmq,865,53200
sample,zmq,866,52900
sample,zmq,867,52600
sample,zmq,868,52600
sample,zmq,869,52400
sample,zmq,870,53000
sample,zmq,871,52800
sample,zmq,872,55100
sample,zmq,873,52800
sample,zmq,874,52400
sample,zmq,875,52500
sample,zmq,876,52900
sample,zmq,877,54000
sample,zmq,878,53200
sample,zmq,879,52700
sample,zmq,880,55200
sample,zmq,881,52600
sample,zmq,882,52300
sample,zmq,883,52700
sample,zmq,884,52300
sample,zmq,885,52600
sample,zmq,886,52600
sample,zmq,887,53300
sample,zmq,888,52400
sample,zmq,889,53500
sample,zmq,890,52600
sample,zmq,891,52400
sample,zmq,892,52600
sample,zmq,893,62200
sample,zmq,894,105200
sample,zmq,895,103500
sample,zmq,896,74200
sample,zmq,897,56700
sample,zmq,898,54600
sample,zmq,899,54500
sample,zmq,900,89600
sample,zmq,901,76800
sample,zmq,902,61400
sample,zmq,903,55000
sample,zmq,904,75400
sample,zmq,905,56400
sample,zmq,906,60000
sample,zmq,907,83400
sample,zmq,908,76100
sample,zmq,909,70900
sample,zmq,910,71800
sample,zmq,911,108100
sample,zmq,912,102300
sample,zmq,913,88500
sample,zmq,914,88600
sample,zmq,915,85000
sample,zmq,916,106800
sample,zmq,917,105800
sample,zmq,918,84000
sample,zmq,919,77800
sample,zmq,920,110800
sample,zmq,921,93400
sample,zmq,922,105000
sample,zmq,923,79000
sample,zmq,924,78400
sample,zmq,925,74800
sample,zmq,926,64500
sample,zmq,927,56100
sample,zmq,928,54700
sample,zmq,929,59000
sample,zmq,930,54800
sample,zmq,931,55900
sample,zmq,932,52900
sample,zmq,933,61400
sample,zmq,934,56500
sample,zmq,935,53800
sample,zmq,936,52400
sample,zmq,937,52700
sample,zmq,938,53000
sample,zmq,939,52300
sample,zmq,940,52300
sample,zmq,941,53000
sample,zmq,942,52400
sample,zmq,943,52900
sample,zmq,944,52200
sample,zmq,945,57600
sample,zmq,946,52500
sample,zmq,947,52600
sample,zmq,948,53000
sample,zmq,949,55000
sample,zmq,950,63600
sample,zmq,951,53500
sample,zmq,952,52600
sample,zmq,953,52500
sample,zmq,954,52800
sample,zmq,955,52500
sample,zmq,956,60300
sample,zmq,957,57800
sample,zmq,958,53400
sample,zmq,959,52800
sample,zmq,960,52600
sample,zmq,961,56100
sample,zmq,962,52700
sample,zmq,963,52800
sample,zmq,964,52500
sample,zmq,965,53400
sample,zmq,966,52100
sample,zmq,967,52900
sample,zmq,968,52500
sample,zmq,969,52800
sample,zmq,970,53100
sample,zmq,971,52200
sample,zmq,972,53500
sample,zmq,973,54800
sample,zmq,974,53200
sample,zmq,975,52700
sample,zmq,976,53000
sample,zmq,977,52500
sample,zmq,978,56600
sample,zmq,979,52700
sample,zmq,980,52600
sample,zmq,981,52300
sample,zmq,982,52300
sample,zmq,983,52200
sample,zmq,984,53700
sample,zmq,985,52400
sample,zmq,986,52400
sample,zmq,987,52000
sample,zmq,988,54600
sample,zmq,989,54700
sample,zmq,990,52400
sample,zmq,991,52400
sample,zmq,992,52200
sample,zmq,993,52600
sample,zmq,994,53000
sample,zmq,995,56400
sample,zmq,996,52500
sample,zmq,997,52700
sample,zmq,998,52600
sample,zmq,999,52200
sample,zmq,1000,52000
sample,zmq,1001,53000
sample,zmq,1002,52900
sample,zmq,1003,52900
sample,zmq,1004,52800
sample,zmq,1005,55000
sample,zmq,1006,53200
sample,zmq,1007,52600
sample,zmq,1008,52400
sample,zmq,1009,52900
sample,zmq,1010,52200
sample,zmq,1011,52900
sample,zmq,1012,55600
sample,zmq,1013,52700
sample,zmq,1014,52500
sample,zmq,1015,52200
sample,zmq,1016,52500
sample,zmq,1017,52300
sample,zmq,1018,52100
sample,zmq,1019,52400
sample,zmq,1020,52800
sample,zmq,1021,54400
sample,zmq,1022,52700
sample,zmq,1023,53100
sample,zmq,1024,52300
sample,zmq,1025,57200
sample,zmq,1026,52200
sample,zmq,1027,53100
sample,zmq,1028,52100
sample,zmq,1029,55900
sample,zmq,1030,53200
sample,zmq,1031,52900
sample,zmq,1032,52900
sample,zmq,1033,52300
sample,zmq,1034,52400
sample,zmq,1035,52000
sample,zmq,1036,54300
sample,zmq,1037,54200
sample,zmq,1038,53600
sample,zmq,1039,52600
sample,zmq,1040,52200
sample,zmq,1041,52400
sample,zmq,1042,52200
sample,zmq,1043,52600
sample,zmq,1044,52400
sample,zmq,1045,57400
sample,zmq,1046,67500
sample,zmq,1047,63300
sample,zmq,1048,58500
sample,zmq,1049,53400
sample,zmq,1050,52800
sample,zmq,1051,60100
sample,zmq,1052,56400
sample,zmq,1053,53000
sample,zmq,1054,53100
sample,zmq,1055,52500
sample,zmq,1056,52800
sample,zmq,1057,52100
sample,zmq,1058,51900
sample,zmq,1059,52400
sample,zmq,1060,52400
sample,zmq,1061,52500
sample,zmq,1062,56300
sample,zmq,1063,53700
sample,zmq,1064,52400
sample,zmq,1065,52900
sample,zmq,1066,56800
sample,zmq,1067,55000
sample,zmq,1068,52700
sample,zmq,1069,52600
sample,zmq,1070,52300
sample,zmq,1071,52600
sample,zmq,1072,52300
sample,zmq,1073,53300
sample,zmq,1074,52300
sample,zmq,1075,52400
sample,zmq,1076,52100
sample,zmq,1077,52300
sample,zmq,1078,52100
sample,zmq,1079,55700
sample,zmq,1080,52700
sample,zmq,1081,52500
sample,zmq,1082,53100
sample,zmq,1083,54900
sample,zmq,1084,52800
sample,zmq,1085,52600
sample,zmq,1086,52400
sample,zmq,1087,52600
sample,zmq,1088,52100
sample,zmq,1089,52400
sample,zmq,1090,52100
sample,zmq,1091,52400
sample,zmq,1092,52400
sample,zmq,1093,52900
sample,zmq,1094,52100
sample,zmq,1095,52200
sample,zmq,1096,55600
sample,zmq,1097,52800
sample,zmq,1098,53300
sample,zmq,1099,55500
sample,zmq,1100,53300
sample,zmq,1101,52900
sample,zmq,1102,53200
sample,zmq,1103,52700
sample,zmq,1104,52200
sample,zmq,1105,52200
sample,zmq,1106,52000
sample,zmq,1107,52300
sample,zmq,1108,52400
sample,zmq,1109,52400
sample,zmq,1110,53100
sample,zmq,1111,52400
sample,zmq,1112,52300
sample,zmq,1113,56300
sample,zmq,1114,61900
sample,zmq,1115,122200
sample,zmq,1116,74500
sample,zmq,1117,55100
sample,zmq,1118,54300
sample,zmq,1119,53000
sample,zmq,1120,52900
sample,zmq,1121,53100
sample,zmq,1122,52900
sample,zmq,1123,52700
sample,zmq,1124,53400
sample,zmq,1125,52700
sample,zmq,1126,52600
sample,zmq,1127,52500
sample,zmq,1128,56800
sample,zmq,1129,53200
sample,zmq,1130,52900
sample,zmq,1131,52500
sample,zmq,1132,52400
sample,zmq,1133,55800
sample,zmq,1134,78800
sample,zmq,1135,72100
sample,zmq,1136,78900
sample,zmq,1137,62200
sample,zmq,1138,69600
sample,zmq,1139,77900
sample,zmq,1140,76900
sample,zmq,1141,89600
sample,zmq,1142,82400
sample,zmq,1143,83500
sample,zmq,1144,86000
sample,zmq,1145,71000
sample,zmq,1146,56100
sample,zmq,1147,54600
sample,zmq,1148,151000
sample,zmq,1149,130300
sample,zmq,1150,53900
sample,zmq,1151,143700
sample,zmq,1152,162600
sample,zmq,1153,92500
sample,zmq,1154,64800
sample,zmq,1155,76300
sample,zmq,1156,74200
sample,zmq,1157,62400
sample,zmq,1158,55900
sample,zmq,1159,53800
sample,zmq,1160,53200
sample,zmq,1161,53700
sample,zmq,1162,52800
sample,zmq,1163,52900
sample,zmq,1164,53200
sample,zmq,1165,56600
sample,zmq,1166,52900
sample,zmq,1167,53500
sample,zmq,1168,73000
sample,zmq,1169,52400
sample,zmq,1170,52800
sample,zmq,1171,53200
sample,zmq,1172,52100
sample,zmq,1173,56900
sample,zmq,1174,52800
sample,zmq,1175,52400
sample,zmq,1176,52300
sample,zmq,1177,52400
sample,zmq,1178,51900
sample,zmq,1179,52800
sample,zmq,1180,52800
sample,zmq,1181,55600
sample,zmq,1182,52400
sample,zmq,1183,52300
sample,zmq,1184,52300
sample,zmq,1185,52300
sample,zmq,1186,52600
sample,zmq,1187,52100
sample,zmq,1188,52400
sample,zmq,1189,61200
sample,zmq,1190,52200
sample,zmq,1191,52600
sample,zmq,1192,52200
sample,zmq,1193,52200
sample,zmq,1194,52400
sample,zmq,1195,52800
sample,zmq,1196,53200
sample,zmq,1197,52700
sample,zmq,1198,55300
sample,zmq,1199,52600
sample,zmq,1200,52500
sample,zmq,1201,52300
sample,zmq,1202,52300
sample,zmq,1203,52500
sample,zmq,1204,52700
sample,zmq,1205,52900
sample,zmq,1206,52400
sample,zmq,1207,52300
sample,zmq,1208,52200
sample,zmq,1209,52300
sample,zmq,1210,52300
sample,zmq,1211,52300
sample,zmq,1212,53300
sample,zmq,1213,52300
sample,zmq,1214,52300
sample,zmq,1215,55400
sample,zmq,1216,52600
sample,zmq,1217,52200
sample,zmq,1218,52800
sample,zmq,1219,52600
sample,zmq,1220,53100
sample,zmq,1221,52500
sample,zmq,1222,52300
sample,zmq,1223,52300
sample,zmq,1224,52400
sample,zmq,1225,52600
sample,zmq,1226,52400
sample,zmq,1227,52700
sample,zmq,1228,53600
sample,zmq,1229,52900
sample,zmq,1230,55900
sample,zmq,1231,57100
sample,zmq,1232,76500
sample,zmq,1233,54600
sample,zmq,1234,69200
sample,zmq,1235,65100
sample,zmq,1236,58900
sample,zmq,1237,64900
sample,zmq,1238,74000
sample,zmq,1239,79500
sample,zmq,1240,59800
sample,zmq,1241,55500
sample,zmq,1242,54300
sample,zmq,1243,53400
sample,zmq,1244,52900
sample,zmq,1245,52700
sample,zmq,1246,56600
sample,zmq,1247,53000
sample,zmq,1248,53100
sample,zmq,1249,52700
sample,zmq,1250,52500
sample,zmq,1251,52900
sample,zmq,1252,52600
sample,zmq,1253,58900
sample,zmq,1254,52800
sample,zmq,1255,52600
sample,zmq,1256,53500
sample,zmq,1257,52400
sample,zmq,1258,52500
sample,zmq,1259,52400
sample,zmq,1260,53600
sample,zmq,1261,53500
sample,zmq,1262,52400
sample,zmq,1263,56000
sample,zmq,1264,52500
sample,zmq,1265,52500
sample,zmq,1266,53200
sample,zmq,1267,52600
sample,zmq,1268,52700
sample,zmq,1269,52600
sample,zmq,1270,52600
sample,zmq,1271,52400
sample,zmq,1272,53000
sample,zmq,1273,53200
sample,zmq,1274,52400
sample,zmq,1275,52600
sample,zmq,1276,53300
sample,zmq,1277,52400
sample,zmq,1278,52600
sample,zmq,1279,52900
sample,zmq,1280,56100
sample,zmq,1281,52900
sample,zmq,1282,52400
sample,zmq,1283,52700
sample,zmq,1284,52200
sample,zmq,1285,52500
sample,zmq,1286,53100
sample,zmq,1287,52400
sample,zmq,1288,53400
sample,zmq,1289,53000
sample,zmq,1290,52300
sample,zmq,1291,52800
sample,zmq,1292,52600
sample,zmq,1293,52600
sample,zmq,1294,53100
sample,zmq,1295,52900
sample,zmq,1296,53100
sample,zmq,1297,59500
sample,zmq,1298,53500
sample,zmq,1299,52800
sample,zmq,1300,52400
sample,zmq,1301,56500
sample,zmq,1302,53100
sample,zmq,1303,53800
sample,zmq,1304,53800
sample,zmq,1305,53200
sample,zmq,1306,52600
sample,zmq,1307,52500
sample,zmq,1308,52400
sample,zmq,1309,52500
sample,zmq,1310,52200
sample,zmq,1311,52800
sample,zmq,1312,54000
sample,zmq,1313,52500
sample,zmq,1314,55000
sample,zmq,1315,52500
sample,zmq,1316,53400
sample,zmq,1317,52700
sample,zmq,1318,52500
sample,zmq,1319,61900
sample,zmq,1320,52600
sample,zmq,1321,52500
sample,zmq,1322,52000
sample,zmq,1323,52500
sample,zmq,1324,52200
sample,zmq,1325,52100
sample,zmq,1326,52400
sample,zmq,1327,52500
sample,zmq,1328,52100
sample,zmq,1329,52400
sample,zmq,1330,52200
sample,zmq,1331,55300
sample,zmq,1332,52400
sample,zmq,1333,55900
sample,zmq,1334,52100
sample,zmq,1335,52200
sample,zmq,1336,55600
sample,zmq,1337,52300
sample,zmq,1338,52300
sample,zmq,1339,52100
sample,zmq,1340,51900
sample,zmq,1341,52200
sample,zmq,1342,52200
sample,zmq,1343,52400
sample,zmq,1344,52100
sample,zmq,1345,52200
sample,zmq,1346,52300
sample,zmq,1347,52000
sample,zmq,1348,58200
sample,zmq,1349,52700
sample,zmq,1350,52300
sample,zmq,1351,52600
sample,zmq,1352,54400
sample,zmq,1353,52500
sample,zmq,1354,52900
sample,zmq,1355,54900
sample,zmq,1356,52400
sample,zmq,1357,52400
sample,zmq,1358,52400
sample,zmq,1359,52500
sample,zmq,1360,51800
sample,zmq,1361,56500
sample,zmq,1362,51700
sample,zmq,1363,52300
sample,zmq,1364,52100
sample,zmq,1365,54600
sample,zmq,1366,52600
sample,zmq,1367,52400
sample,zmq,1368,52100
sample,zmq,1369,52000
sample,zmq,1370,54800
sample,zmq,1371,57600
sample,zmq,1372,92200
sample,zmq,1373,122000
sample,zmq,1374,89300
sample,zmq,1375,82600
sample,zmq,1376,75200
sample,zmq,1377,79700
sample,zmq,1378,82400
sample,zmq,1379,94800
sample,zmq,1380,72500
sample,zmq,1381,57300
sample,zmq,1382,54500
sample,zmq,1383,55900
sample,zmq,1384,54200
sample,zmq,1385,55100
sample,zmq,1386,55300
sample,zmq,1387,66600
sample,zmq,1388,117800
sample,zmq,1389,84100
sample,zmq,1390,80200
sample,zmq,1391,62300
sample,zmq,1392,55200
sample,zmq,1393,53400
sample,zmq,1394,53700
sample,zmq,1395,53100
sample,zmq,1396,57900
sample,zmq,1397,54600
sample,zmq,1398,53700
sample,zmq,1399,53600
sample,zmq,1400,87000
sample,zmq,1401,71800
sample,zmq,1402,60800
sample,zmq,1403,55400
sample,zmq,1404,55600
sample,zmq,1405,54500
sample,zmq,1406,75700
sample,zmq,1407,55800
sample,zmq,1408,55200
sample,zmq,1409,53700
sample,zmq,1410,54300
sample,zmq,1411,53500
sample,zmq,1412,53600
sample,zmq,1413,53900
sample,zmq,1414,54300
sample,zmq,1415,54100
sample,zmq,1416,54700
sample,zmq,1417,54600
sample,zmq,1418,54800
sample,zmq,1419,55700
sample,zmq,1420,56100
sample,zmq,1421,56000
sample,zmq,1422,59000
sample,zmq,1423,55300
sample,zmq,1424,55500
sample,zmq,1425,56000
sample,zmq,1426,54400
sample,zmq,1427,60700
sample,zmq,1428,55700
sample,zmq,1429,56000
sample,zmq,1430,54000
sample,zmq,1431,54300
sample,zmq,1432,56600
sample,zmq,1433,55200
sample,zmq,1434,55900
sample,zmq,1435,56600
sample,zmq,1436,55900
sample,zmq,1437,56300
sample,zmq,1438,82400
sample,zmq,1439,59200
sample,zmq,1440,54500
sample,zmq,1441,54700
sample,zmq,1442,63000
sample,zmq,1443,53700
sample,zmq,1444,53600
sample,zmq,1445,53800
sample,zmq,1446,53900
sample,zmq,1447,54600
sample,zmq,1448,53400
sample,zmq,1449,54300
sample,zmq,1450,52700
sample,zmq,1451,52900
sample,zmq,1452,52900
sample,zmq,1453,53100
sample,zmq,1454,55900
sample,zmq,1455,52700
sample,zmq,1456,53000
sample,zmq,1457,53000
sample,zmq,1458,52800
sample,zmq,1459,52700
sample,zmq,1460,52200
sample,zmq,1461,52600
sample,zmq,1462,52300
sample,zmq,1463,52600
sample,zmq,1464,53100
sample,zmq,1465,53100
sample,zmq,1466,52300
sample,zmq,1467,52800
sample,zmq,1468,52500
sample,zmq,1469,69600
sample,zmq,1470,52800
sample,zmq,1471,55200
sample,zmq,1472,52800
sample,zmq,1473,52700
sample,zmq,1474,52800
sample,zmq,1475,52400
sample,zmq,1476,52700
sample,zmq,1477,52400
sample,zmq,1478,52200
sample,zmq,1479,53100
sample,zmq,1480,52600
sample,zmq,1481,52600
sample,zmq,1482,52500
sample,zmq,1483,52400
sample,zmq,1484,54800
sample,zmq,1485,93400
sample,zmq,1486,62300
sample,zmq,1487,55200
sample,zmq,1488,52600
sample,zmq,1489,53000
sample,zmq,1490,52400
sample,zmq,1491,52400
sample,zmq,1492,52300
sample,zmq,1493,52700
sample,zmq,1494,46700
sample,zmq,1495,53100
sample,zmq,1496,52200
sample,zmq,1497,54200
sample,zmq,1498,52600
sample,zmq,1499,52800
sample,zmq,1500,52300
sample,zmq,1501,52400
sample,zmq,1502,53000
sample,zmq,1503,54800
sample,zmq,1504,53400
sample,zmq,1505,52400
sample,zmq,1506,52100
sample,zmq,1507,52600
sample,zmq,1508,52800
sample,zmq,1509,52500
sample,zmq,1510,53200
sample,zmq,1511,52300
sample,zmq,1512,52800
sample,zmq,1513,52300
sample,zmq,1514,52300
sample,zmq,1515,55100
sample,zmq,1516,52900
sample,zmq,1517,55300
sample,zmq,1518,52300
sample,zmq,1519,52600
sample,zmq,1520,55300
sample,zmq,1521,51800
sample,zmq,1522,52000
sample,zmq,1523,52300
sample,zmq,1524,51800
sample,zmq,1525,53000
sample,zmq,1526,52300
sample,zmq,1527,52300
sample,zmq,1528,52700
sample,zmq,1529,52400
sample,zmq,1530,52200
sample,zmq,1531,52000
sample,zmq,1532,65000
sample,zmq,1533,52500
sample,zmq,1534,54900
sample,zmq,1535,52500
sample,zmq,1536,52300
sample,zmq,1537,55100
sample,zmq,1538,52400
sample,zmq,1539,52200
sample,zmq,1540,52400
sample,zmq,1541,52300
sample,zmq,1542,52800
sample,zmq,1543,52500
sample,zmq,1544,53100
sample,zmq,1545,53000
sample,zmq,1546,88500
sample,zmq,1547,65600
sample,zmq,1548,67800
sample,zmq,1549,72800
sample,zmq,1550,58200
sample,zmq,1551,61000
sample,zmq,1552,57800
sample,zmq,1553,88100
sample,zmq,1554,57500
sample,zmq,1555,57100
sample,zmq,1556,52800
sample,zmq,1557,62200
sample,zmq,1558,53100
sample,zmq,1559,53000
sample,zmq,1560,52400
sample,zmq,1561,53100
sample,zmq,1562,60000
sample,zmq,1563,56900
sample,zmq,1564,52300
sample,zmq,1565,52200
sample,zmq,1566,63100
sample,zmq,1567,55200
sample,zmq,1568,52000
sample,zmq,1569,53200
sample,zmq,1570,52400
sample,zmq,1571,53000
sample,zmq,1572,52200
sample,zmq,1573,52500
sample,zmq,1574,52100
sample,zmq,1575,52100
sample,zmq,1576,52100
sample,zmq,1577,52100
sample,zmq,1578,63300
sample,zmq,1579,53900
sample,zmq,1580,105500
sample,zmq,1581,65600
sample,zmq,1582,83200
sample,zmq,1583,65700
sample,zmq,1584,64800
sample,zmq,1585,54600
sample,zmq,1586,52800
sample,zmq,1587,52700
sample,zmq,1588,53000
sample,zmq,1589,52300
sample,zmq,1590,52600
sample,zmq,1591,53400
sample,zmq,1592,52100
sample,zmq,1593,52700
sample,zmq,1594,87600
sample,zmq,1595,102700
sample,zmq,1596,140000
sample,zmq,1597,90400
sample,zmq,1598,88800
sample,zmq,1599,97300
sample,zmq,1600,97300
sample,zmq,1601,79700
sample,zmq,1602,100200
sample,zmq,1603,122600
sample,zmq,1604,160600
sample,zmq,1605,108700
sample,zmq,1606,132100
sample,zmq,1607,102100
sample,zmq,1608,73000
sample,zmq,1609,68000
sample,zmq,1610,71200
sample,zmq,1611,68700
sample,zmq,1612,63700
sample,zmq,1613,66200
sample,zmq,1614,52700
sample,zmq,1615,58800
sample,zmq,1616,66300
sample,zmq,1617,68300
sample,zmq,1618,68600
sample,zmq,1619,72300
sample,zmq,1620,49200
sample,zmq,1621,58600
sample,zmq,1622,59900
sample,zmq,1623,60400
sample,zmq,1624,93900
sample,zmq,1625,61700
sample,zmq,1626,55800
sample,zmq,1627,53800
sample,zmq,1628,53200
sample,zmq,1629,59100
sample,zmq,1630,58700
sample,zmq,1631,59000
sample,zmq,1632,73000
sample,zmq,1633,67600
sample,zmq,1634,66100
sample,zmq,1635,67900
sample,zmq,1636,65700
sample,zmq,1637,66200
sample,zmq,1638,70600
sample,zmq,1639,72500
sample,zmq,1640,60700
sample,zmq,1641,60600
sample,zmq,1642,56900
sample,zmq,1643,67400
sample,zmq,1644,67300
sample,zmq,1645,49900
sample,zmq,1646,60400
sample,zmq,1647,56100
sample,zmq,1648,53500
sample,zmq,1649,53000
sample,zmq,1650,56000
sample,zmq,1651,77900
sample,zmq,1652,104700
sample,zmq,1653,107500
sample,zmq,1654,80100
sample,zmq,1655,76400
sample,zmq,1656,74800
sample,zmq,1657,59300
sample,zmq,1658,71300
sample,zmq,1659,74200
sample,zmq,1660,68100
sample,zmq,1661,78500
sample,zmq,1662,72900
sample,zmq,1663,84800
sample,zmq,1664,71100
sample,zmq,1665,56300
sample,zmq,1666,53500
sample,zmq,1667,53300
sample,zmq,1668,53100
sample,zmq,1669,65600
sample,zmq,1670,68500
sample,zmq,1671,74900
sample,zmq,1672,68500
sample,zmq,1673,47500
sample,zmq,1674,65200
sample,zmq,1675,69500
sample,zmq,1676,80800
sample,zmq,1677,72500
sample,zmq,1678,82600
sample,zmq,1679,83600
sample,zmq,1680,101700
sample,zmq,1681,90800
sample,zmq,1682,86800
sample,zmq,1683,71500
sample,zmq,1684,82300
sample,zmq,1685,64300
sample,zmq,1686,55600
sample,zmq,1687,53900
sample,zmq,1688,53400
sample,zmq,1689,77800
sample,zmq,1690,74400
sample,zmq,1691,83100
sample,zmq,1692,80300
sample,zmq,1693,81600
sample,zmq,1694,76000
sample,zmq,1695,65600
sample,zmq,1696,74500
sample,zmq,1697,78200
sample,zmq,1698,67500
sample,zmq,1699,74000
sample,zmq,1700,67800
sample,zmq,1701,70900
sample,zmq,1702,77800
sample,zmq,1703,68200
sample,zmq,1704,55900
sample,zmq,1705,54400
sample,zmq,1706,53200
sample,zmq,1707,58800
sample,zmq,1708,65400
sample,zmq,1709,60300
sample,zmq,1710,76900
sample,zmq,1711,74100
sample,zmq,1712,59100
sample,zmq,1713,63400
sample,zmq,1714,67400
sample,zmq,1715,77700
sample,zmq,1716,73600
sample,zmq,1717,58700
sample,zmq,1718,58900
sample,zmq,1719,62400
sample,zmq,1720,66400
sample,zmq,1721,55500
sample,zmq,1722,61400
sample,zmq,1723,57000
sample,zmq,1724,74600
sample,zmq,1725,79800
sample,zmq,1726,55200
sample,zmq,1727,53600
sample,zmq,1728,79600
sample,zmq,1729,75800
sample,zmq,1730,75200
sample,zmq,1731,70000
sample,zmq,1732,70300
sample,zmq,1733,80100
sample,zmq,1734,70900
sample,zmq,1735,64900
sample,zmq,1736,86500
sample,zmq,1737,54200
sample,zmq,1738,60500
sample,zmq,1739,73400
sample,zmq,1740,54700
sample,zmq,1741,62300
sample,zmq,1742,84400
sample,zmq,1743,67400
sample,zmq,1744,55600
sample,zmq,1745,53600
sample,zmq,1746,53000
sample,zmq,1747,52400
sample,zmq,1748,57700
sample,zmq,1749,66200
sample,zmq,1750,50500
sample,zmq,1751,60100
sample,zmq,1752,84200
sample,zmq,1753,60700
sample,zmq,1754,64200
sample,zmq,1755,57100
sample,zmq,1756,62700
sample,zmq,1757,65800
sample,zmq,1758,77600
sample,zmq,1759,66600
sample,zmq,1760,77700
sample,zmq,1761,84800
sample,zmq,1762,71100
sample,zmq,1763,58700
sample,zmq,1764,57200
sample,zmq,1765,53600
sample,zmq,1766,52900
sample,zmq,1767,53200
sample,zmq,1768,55800
sample,zmq,1769,55100
sample,zmq,1770,56100
sample,zmq,1771,62900
sample,zmq,1772,68100
sample,zmq,1773,94000
sample,zmq,1774,102900
sample,zmq,1775,103100
sample,zmq,1776,96700
sample,zmq,1777,75600
sample,zmq,1778,72400
sample,zmq,1779,80200
sample,zmq,1780,77500
sample,zmq,1781,67200
sample,zmq,1782,51600
sample,zmq,1783,63500
sample,zmq,1784,58800
sample,zmq,1785,80300
sample,zmq,1786,69500
sample,zmq,1787,72700
sample,zmq,1788,72700
sample,zmq,1789,81400
sample,zmq,1790,71400
sample,zmq,1791,73500
sample,zmq,1792,56700
sample,zmq,1793,64200
sample,zmq,1794,86000
sample,zmq,1795,80600
sample,zmq,1796,75500
sample,zmq,1797,91300
sample,zmq,1798,87400
sample,zmq,1799,89700
sample,zmq,1800,89900
sample,zmq,1801,63900
sample,zmq,1802,56100
sample,zmq,1803,53600
sample,zmq,1804,78600
sample,zmq,1805,65900
sample,zmq,1806,66800
sample,zmq,1807,78000
sample,zmq,1808,66600
sample,zmq,1809,78100
sample,zmq,1810,70400
sample,zmq,1811,71500
sample,zmq,1812,82600
sample,zmq,1813,75500
sample,zmq,1814,58900
sample,zmq,1815,63300
sample,zmq,1816,54100
sample,zmq,1817,63200
sample,zmq,1818,62400
sample,zmq,1819,57100
sample,zmq,1820,66600
sample,zmq,1821,54100
sample,zmq,1822,53000
sample,zmq,1823,52700
sample,zmq,1824,57200
sample,zmq,1825,54100
sample,zmq,1826,58800
sample,zmq,1827,61400
sample,zmq,1828,71300
sample,zmq,1829,75800
sample,zmq,1830,54000
sample,zmq,1831,63400
sample,zmq,1832,78000
sample,zmq,1833,62500
sample,zmq,1834,60400
sample,zmq,1835,64500
sample,zmq,1836,57300
sample,zmq,1837,62100
sample,zmq,1838,72000
sample,zmq,1839,82200
sample,zmq,1840,74200
sample,zmq,1841,67100
sample,zmq,1842,69500
sample,zmq,1843,57400
sample,zmq,1844,62700
sample,zmq,1845,55100
sample,zmq,1846,58700
sample,zmq,1847,63600
sample,zmq,1848,59300
sample,zmq,1849,62300
sample,zmq,1850,65800
sample,zmq,1851,61700
sample,zmq,1852,62800
sample,zmq,1853,61700
sample,zmq,1854,58200
sample,zmq,1855,63500
sample,zmq,1856,62100
sample,zmq,1857,63400
sample,zmq,1858,87800
sample,zmq,1859,70600
sample,zmq,1860,65900
sample,zmq,1861,62100
sample,zmq,1862,64600
sample,zmq,1863,57300
sample,zmq,1864,55100
sample,zmq,1865,55600
sample,zmq,1866,54900
sample,zmq,1867,70200
sample,zmq,1868,72200
sample,zmq,1869,49200
sample,zmq,1870,66000
sample,zmq,1871,87100
sample,zmq,1872,68500
sample,zmq,1873,67400
sample,zmq,1874,68900
sample,zmq,1875,56900
sample,zmq,1876,60700
sample,zmq,1877,86800
sample,zmq,1878,70400
sample,zmq,1879,81300
sample,zmq,1880,70000
sample,zmq,1881,68200
sample,zmq,1882,84200
sample,zmq,1883,80100
sample,zmq,1884,56800
sample,zmq,1885,56200
sample,zmq,1886,55700
sample,zmq,1887,58700
sample,zmq,1888,57100
sample,zmq,1889,61000
sample,zmq,1890,64700
sample,zmq,1891,57900
sample,zmq,1892,61300
sample,zmq,1893,74700
sample,zmq,1894,57800
sample,zmq,1895,67900
sample,zmq,1896,49700
sample,zmq,1897,63300
sample,zmq,1898,92300
sample,zmq,1899,75000
sample,zmq,1900,104700
sample,zmq,1901,80400
sample,zmq,1902,71200
sample,zmq,1903,54700
sample,zmq,1904,65200
sample,zmq,1905,59600
sample,zmq,1906,57100
sample,zmq,1907,56400
sample,zmq,1908,59900
sample,zmq,1909,59200
sample,zmq,1910,76400
sample,zmq,1911,88200
sample,zmq,1912,69400
sample,zmq,1913,76000
sample,zmq,1914,72400
sample,zmq,1915,92200
sample,zmq,1916,73200
sample,zmq,1917,60600
sample,zmq,1918,63200
sample,zmq,1919,76300
sample,zmq,1920,62200
sample,zmq,1921,67100
sample,zmq,1922,89500
sample,zmq,1923,80900
sample,zmq,1924,61500
sample,zmq,1925,56600
sample,zmq,1926,55800
sample,zmq,1927,56600
sample,zmq,1928,71100
sample,zmq,1929,63100
sample,zmq,1930,91000
sample,zmq,1931,71800
sample,zmq,1932,70700
sample,zmq,1933,58500
sample,zmq,1934,79900
sample,zmq,1935,88900
sample,zmq,1936,80500
sample,zmq,1937,70800
sample,zmq,1938,76800
sample,zmq,1939,58200
sample,zmq,1940,67800
sample,zmq,1941,62100
sample,zmq,1942,65000
sample,zmq,1943,96800
sample,zmq,1944,63400
sample,zmq,1945,57600
sample,zmq,1946,56200
sample,zmq,1947,56200
sample,zmq,1948,59000
sample,zmq,1949,71700
sample,zmq,1950,86300
sample,zmq,1951,71100
sample,zmq,1952,60000
sample,zmq,1953,67100
sample,zmq,1954,60000
sample,zmq,1955,66400
sample,zmq,1956,71200
sample,zmq,1957,56500
sample,zmq,1958,93600
sample,zmq,1959,123100
sample,zmq,1960,104700
sample,zmq,1961,110900
sample,zmq,1962,109000
sample,zmq,1963,86500
sample,zmq,1964,83700
sample,zmq,1965,82100
sample,zmq,1966,82200
sample,zmq,1967,79000
sample,zmq,1968,86600
sample,zmq,1969,84100
sample,zmq,1970,88900
sample,zmq,1971,80700
sample,zmq,1972,74600
sample,zmq,1973,109000
sample,zmq,1974,106500
sample,zmq,1975,109500
sample,zmq,1976,81600
sample,zmq,1977,89500
sample,zmq,1978,89600
sample,zmq,1979,92100
sample,zmq,1980,80300
sample,zmq,1981,86300
sample,zmq,1982,85300
sample,zmq,1983,74800
sample,zmq,1984,72000
sample,zmq,1985,73500
sample,zmq,1986,117500
sample,zmq,1987,102400
sample,zmq,1988,82500
sample,zmq,1989,110300
sample,zmq,1990,133300
sample,zmq,1991,103400
sample,zmq,1992,125100
sample,zmq,1993,103100
sample,zmq,1994,199800
sample,zmq,1995,116700
sample,zmq,1996,102900
sample,zmq,1997,99600
sample,zmq,1998,99700
sample,zmq,1999,87100
sample,zmq,2000,93200
sample,zmq,2001,103100
sample,zmq,2002,89800
sample,zmq,2003,87900
sample,zmq,2004,90100
sample,zmq,2005,98100
sample,zmq,2006,85700
sample,zmq,2007,80300
sample,zmq,2008,98200
sample,zmq,2009,86700
sample,zmq,2010,131600
sample,zmq,2011,152400
sample,zmq,2012,147600
sample,zmq,2013,150000
sample,zmq,2014,168000
sample,zmq,2015,129200
sample,zmq,2016,107500
sample,zmq,2017,103500
sample,zmq,2018,106900
sample,zmq,2019,89700
sample,zmq,2020,101400
sample,zmq,2021,70700
sample,zmq,2022,87300
sample,zmq,2023,87300
sample,zmq,2024,159700
sample,zmq,2025,182300
sample,zmq,2026,163200
sample,zmq,2027,114100
sample,zmq,2028,110300
sample,zmq,2029,72100
sample,zmq,2030,73400
sample,zmq,2031,70700
sample,zmq,2032,92300
sample,zmq,2033,91100
sample,zmq,2034,119400
sample,zmq,2035,134700
sample,zmq,2036,132300
sample,zmq,2037,129900
sample,zmq,2038,121500
sample,zmq,2039,105700
sample,zmq,2040,120800
sample,zmq,2041,114400
sample,zmq,2042,104700
sample,zmq,2043,107800
sample,zmq,2044,141100
sample,zmq,2045,110900
sample,zmq,2046,127400
sample,zmq,2047,106600
sample,zmq,2048,100100
sample,zmq,2049,120400
sample,zmq,2050,146000
sample,zmq,2051,113600
sample,zmq,2052,138200
sample,zmq,2053,113200
sample,zmq,2054,110900
sample,zmq,2055,109700
sample,zmq,2056,116100
sample,zmq,2057,117900
sample,zmq,2058,104900
sample,zmq,2059,91900
sample,zmq,2060,98100
sample,zmq,2061,123700
sample,zmq,2062,133400
sample,zmq,2063,119200
sample,zmq,2064,134800
sample,zmq,2065,101500
sample,zmq,2066,96100
sample,zmq,2067,80300
sample,zmq,2068,116100
sample,zmq,2069,106000
sample,zmq,2070,147200
sample,zmq,2071,129300
sample,zmq,2072,131300
sample,zmq,2073,124800
sample,zmq,2074,102900
sample,zmq,2075,109100
sample,zmq,2076,108400
sample,zmq,2077,116900
sample,zmq,2078,120300
sample,zmq,2079,106500
sample,zmq,2080,118300
sample,zmq,2081,92500
sample,zmq,2082,99000
sample,zmq,2083,120300
sample,zmq,2084,129900
sample,zmq,2085,128900
sample,zmq,2086,105100
sample,zmq,2087,102500
sample,zmq,2088,124200
sample,zmq,2089,80400
sample,zmq,2090,69800
sample,zmq,2091,128600
sample,zmq,2092,121300
sample,zmq,2093,119600
sample,zmq,2094,127900
sample,zmq,2095,101300
sample,zmq,2096,79000
sample,zmq,2097,115600
sample,zmq,2098,100600
sample,zmq,2099,89200
sample,zmq,2100,101400
sample,zmq,2101,88000
sample,zmq,2102,83500
sample,zmq,2103,67600
sample,zmq,2104,70100
sample,zmq,2105,102300
sample,zmq,2106,85100
sample,zmq,2107,82700
sample,zmq,2108,77000
sample,zmq,2109,73400
sample,zmq,2110,88000
sample,zmq,2111,105300
sample,zmq,2112,60200
sample,zmq,2113,55800
sample,zmq,2114,123100
sample,zmq,2115,67900
sample,zmq,2116,52800
sample,zmq,2117,61800
sample,zmq,2118,64400
sample,zmq,2119,56800
sample,zmq,2120,55500
sample,zmq,2121,69900
sample,zmq,2122,79400
sample,zmq,2123,63500
sample,zmq,2124,62300
sample,zmq,2125,54500
sample,zmq,2126,57700
sample,zmq,2127,105700
sample,zmq,2128,71800
sample,zmq,2129,87100
sample,zmq,2130,59300
sample,zmq,2131,60200
sample,zmq,2132,114700
sample,zmq,2133,130900
sample,zmq,2134,150900
sample,zmq,2135,172300
sample,zmq,2136,175400
sample,zmq,2137,120500
sample,zmq,2138,87400
sample,zmq,2139,107200
sample,zmq,2140,125300
sample,zmq,2141,94400
sample,zmq,2142,66600
sample,zmq,2143,73400
sample,zmq,2144,133000
sample,zmq,2145,105900
sample,zmq,2146,73900
sample,zmq,2147,63700
sample,zmq,2148,63300
sample,zmq,2149,93700
sample,zmq,2150,89400
sample,zmq,2151,91300
sample,zmq,2152,81300
sample,zmq,2153,82700
sample,zmq,2154,72900
sample,zmq,2155,67900
sample,zmq,2156,72100
sample,zmq,2157,58100
sample,zmq,2158,88000
sample,zmq,2159,68200
sample,zmq,2160,62500
sample,zmq,2161,57400
sample,zmq,2162,57200
sample,zmq,2163,57200
sample,zmq,2164,56600
sample,zmq,2165,56800
sample,zmq,2166,57000
sample,zmq,2167,56200
sample,zmq,2168,56600
sample,zmq,2169,60200
sample,zmq,2170,57000
sample,zmq,2171,56400
sample,zmq,2172,59400
sample,zmq,2173,58300
sample,zmq,2174,59400
sample,zmq,2175,57400
sample,zmq,2176,57400
sample,zmq,2177,57200
sample,zmq,2178,56500
sample,zmq,2179,56500
sample,zmq,2180,57000
sample,zmq,2181,57200
sample,zmq,2182,56600
sample,zmq,2183,56800
sample,zmq,2184,65900
sample,zmq,2185,56900
sample,zmq,2186,56700
sample,zmq,2187,74600
sample,zmq,2188,63900
sample,zmq,2189,58400
sample,zmq,2190,57600
sample,zmq,2191,61400
sample,zmq,2192,70900
sample,zmq,2193,202100
sample,zmq,2194,157900
sample,zmq,2195,81200
sample,zmq,2196,66600
sample,zmq,2197,62400
sample,zmq,2198,59400
sample,zmq,2199,57900
sample,zmq,2200,57100
sample,zmq,2201,57700
sample,zmq,2202,57400
sample,zmq,2203,57600
sample,zmq,2204,57400
sample,zmq,2205,57800
sample,zmq,2206,56800
sample,zmq,2207,57900
sample,zmq,2208,58300
sample,zmq,2209,57300
sample,zmq,2210,63000
sample,zmq,2211,65100
sample,zmq,2212,58500
sample,zmq,2213,58400
sample,zmq,2214,59000
sample,zmq,2215,58000
sample,zmq,2216,57600
sample,zmq,2217,58300
sample,zmq,2218,58200
sample,zmq,2219,57500
sample,zmq,2220,57700
sample,zmq,2221,58600
sample,zmq,2222,58300
sample,zmq,2223,58100
sample,zmq,2224,57700
sample,zmq,2225,62200
sample,zmq,2226,63300
sample,zmq,2227,59100
sample,zmq,2228,57900
sample,zmq,2229,58500
sample,zmq,2230,58800
sample,zmq,2231,59000
sample,zmq,2232,58100
sample,zmq,2233,58000
sample,zmq,2234,58500
sample,zmq,2235,59100
sample,zmq,2236,63600
sample,zmq,2237,57900
sample,zmq,2238,57700
sample,zmq,2239,64400
sample,zmq,2240,160900
sample,zmq,2241,113700
sample,zmq,2242,76500
sample,zmq,2243,75400
sample,zmq,2244,60900
sample,zmq,2245,65300
sample,zmq,2246,58600
sample,zmq,2247,58500
sample,zmq,2248,58600
sample,zmq,2249,58700
sample,zmq,2250,63600
sample,zmq,2251,58500
sample,zmq,2252,63700
sample,zmq,2253,59300
sample,zmq,2254,66200
sample,zmq,2255,59800
sample,zmq,2256,58400
sample,zmq,2257,58400
sample,zmq,2258,64600
sample,zmq,2259,64000
sample,zmq,2260,58700
sample,zmq,2261,58100
sample,zmq,2262,58000
sample,zmq,2263,58300
sample,zmq,2264,58100
sample,zmq,2265,58000
sample,zmq,2266,57900
sample,zmq,2267,65000
sample,zmq,2268,68300
sample,zmq,2269,62700
sample,zmq,2270,58300
sample,zmq,2271,57900
sample,zmq,2272,63400
sample,zmq,2273,58400
sample,zmq,2274,57800
sample,zmq,2275,62100
sample,zmq,2276,57900
sample,zmq,2277,57700
sample,zmq,2278,58000
sample,zmq,2279,58300
sample,zmq,2280,59000
sample,zmq,2281,58300
sample,zmq,2282,71900
sample,zmq,2283,60200
sample,zmq,2284,58900
sample,zmq,2285,68600
sample,zmq,2286,91200
sample,zmq,2287,135900
sample,zmq,2288,81600
sample,zmq,2289,62200
sample,zmq,2290,58800
sample,zmq,2291,64900
sample,zmq,2292,58800
sample,zmq,2293,93200
sample,zmq,2294,157900
sample,zmq,2295,108700
sample,zmq,2296,111700
sample,zmq,2297,124500
sample,zmq,2298,101200
sample,zmq,2299,78000
sample,zmq,2300,81800
sample,zmq,2301,87300
sample,zmq,2302,107400
sample,zmq,2303,102700
sample,zmq,2304,135800
sample,zmq,2305,106800
sample,zmq,2306,85600
sample,zmq,2307,94200
sample,zmq,2308,87100
sample,zmq,2309,97800
sample,zmq,2310,183600
sample,zmq,2311,94100
sample,zmq,2312,72500
sample,zmq,2313,71100
sample,zmq,2314,73500
sample,zmq,2315,149700
sample,zmq,2316,83400
sample,zmq,2317,113100
sample,zmq,2318,113700
sample,zmq,2319,102800
sample,zmq,2320,86500
sample,zmq,2321,67900
sample,zmq,2322,97100
sample,zmq,2323,119300
sample,zmq,2324,79700
sample,zmq,2325,76100
sample,zmq,2326,92900
sample,zmq,2327,82700
sample,zmq,2328,60700
sample,zmq,2329,59900
sample,zmq,2330,70500
sample,zmq,2331,62900
sample,zmq,2332,93600
sample,zmq,2333,116000
sample,zmq,2334,101800
sample,zmq,2335,156800
sample,zmq,2336,100700
sample,zmq,2337,73000
sample,zmq,2338,60100
sample,zmq,2339,58300
sample,zmq,2340,57700
sample,zmq,2341,61100
sample,zmq,2342,57300
sample,zmq,2343,56700
sample,zmq,2344,56600
sample,zmq,2345,56900
sample,zmq,2346,56700
sample,zmq,2347,57500
sample,zmq,2348,56600
sample,zmq,2349,60600
sample,zmq,2350,58500
sample,zmq,2351,57100
sample,zmq,2352,56400
sample,zmq,2353,56700
sample,zmq,2354,61500
sample,zmq,2355,93900
sample,zmq,2356,93900
sample,zmq,2357,64600
sample,zmq,2358,73300
sample,zmq,2359,71100
sample,zmq,2360,74400
sample,zmq,2361,68800
sample,zmq,2362,58800
sample,zmq,2363,94400
sample,zmq,2364,65800
sample,zmq,2365,58700
sample,zmq,2366,60000
sample,zmq,2367,57300
sample,zmq,2368,56400
sample,zmq,2369,60700
sample,zmq,2370,57400
sample,zmq,2371,56500
sample,zmq,2372,56800
sample,zmq,2373,56400
sample,zmq,2374,56200
sample,zmq,2375,56500
sample,zmq,2376,56600
sample,zmq,2377,56700
sample,zmq,2378,56200
sample,zmq,2379,56400
sample,zmq,2380,56700
sample,zmq,2381,57400
sample,zmq,2382,59000
sample,zmq,2383,57000
sample,zmq,2384,57400
sample,zmq,2385,60400
sample,zmq,2386,56800
sample,zmq,2387,56600
sample,zmq,2388,57100
sample,zmq,2389,56800
sample,zmq,2390,56700
sample,zmq,2391,56800
sample,zmq,2392,56200
sample,zmq,2393,56500
sample,zmq,2394,56500
sample,zmq,2395,60400
sample,zmq,2396,57200
sample,zmq,2397,57200
sample,zmq,2398,57100
sample,zmq,2399,57300
sample,zmq,2400,100600
sample,zmq,2401,72400
sample,zmq,2402,58900
sample,zmq,2403,57500
sample,zmq,2404,56800
sample,zmq,2405,56600
sample,zmq,2406,57200
sample,zmq,2407,57600
sample,zmq,2408,57700
sample,zmq,2409,57800
sample,zmq,2410,58000
sample,zmq,2411,57800
sample,zmq,2412,57400
sample,zmq,2413,57600
sample,zmq,2414,57000
sample,zmq,2415,57500
sample,zmq,2416,64400
sample,zmq,2417,104200
sample,zmq,2418,110100
sample,zmq,2419,100300
sample,zmq,2420,69600
sample,zmq,2421,66000
sample,zmq,2422,58900
sample,zmq,2423,58700
sample,zmq,2424,58300
sample,zmq,2425,57800
sample,zmq,2426,57900
sample,zmq,2427,58100
sample,zmq,2428,71200
sample,zmq,2429,59900
sample,zmq,2430,85900
sample,zmq,2431,58000
sample,zmq,2432,58200
sample,zmq,2433,58400
sample,zmq,2434,57300
sample,zmq,2435,57700
sample,zmq,2436,58300
sample,zmq,2437,57600
sample,zmq,2438,70800
sample,zmq,2439,67800
sample,zmq,2440,59700
sample,zmq,2441,58100
sample,zmq,2442,60900
sample,zmq,2443,57200
sample,zmq,2444,56800
sample,zmq,2445,56800
sample,zmq,2446,56600
sample,zmq,2447,62500
sample,zmq,2448,57000
sample,zmq,2449,56700
sample,zmq,2450,56700
sample,zmq,2451,59600
sample,zmq,2452,57600
sample,zmq,2453,57700
sample,zmq,2454,56800
sample,zmq,2455,57100
sample,zmq,2456,56900
sample,zmq,2457,59900
sample,zmq,2458,57200
sample,zmq,2459,56900
sample,zmq,2460,57300
sample,zmq,2461,56900
sample,zmq,2462,58100
sample,zmq,2463,56900
sample,zmq,2464,57100
sample,zmq,2465,59600
sample,zmq,2466,57400
sample,zmq,2467,57600
sample,zmq,2468,70200
sample,zmq,2469,61400
sample,zmq,2470,67600
sample,zmq,2471,51100
sample,zmq,2472,87000
sample,zmq,2473,66800
sample,zmq,2474,60400
sample,zmq,2475,58700
sample,zmq,2476,58500
sample,zmq,2477,58700
sample,zmq,2478,60200
sample,zmq,2479,58200
sample,zmq,2480,58000
sample,zmq,2481,58500
sample,zmq,2482,58200
sample,zmq,2483,58100
sample,zmq,2484,67100
sample,zmq,2485,119200
sample,zmq,2486,108600
sample,zmq,2487,82500
sample,zmq,2488,85900
sample,zmq,2489,72800
sample,zmq,2490,59800
sample,zmq,2491,59300
sample,zmq,2492,59000
sample,zmq,2493,59300
sample,zmq,2494,58600
sample,zmq,2495,59600
sample,zmq,2496,59000
sample,zmq,2497,59500
sample,zmq,2498,87400
sample,zmq,2499,100900
sample,zmq,2500,114800
sample,zmq,2501,201200
sample,zmq,2502,70700
sample,zmq,2503,65000
sample,zmq,2504,67800
sample,zmq,2505,63300
sample,zmq,2506,68400
sample,zmq,2507,75700
sample,zmq,2508,64100
sample,zmq,2509,64600
sample,zmq,2510,57000
sample,zmq,2511,56300
sample,zmq,2512,56800
sample,zmq,2513,57200
sample,zmq,2514,56100
sample,zmq,2515,56700
sample,zmq,2516,56400
sample,zmq,2517,56500
sample,zmq,2518,56400
sample,zmq,2519,56500
sample,zmq,2520,56200
sample,zmq,2521,56400
sample,zmq,2522,56700
sample,zmq,2523,56200
sample,zmq,2524,56900
sample,zmq,2525,60900
sample,zmq,2526,56500
sample,zmq,2527,56300
sample,zmq,2528,57000
sample,zmq,2529,56000
sample,zmq,2530,56600
sample,zmq,2531,55900
sample,zmq,2532,56500
sample,zmq,2533,56200
sample,zmq,2534,56000
sample,zmq,2535,56500
sample,zmq,2536,56500
sample,zmq,2537,56300
sample,zmq,2538,56000
sample,zmq,2539,56500
sample,zmq,2540,58700
sample,zmq,2541,60500
sample,zmq,2542,56400
sample,zmq,2543,57000
sample,zmq,2544,56600
sample,zmq,2545,58900
sample,zmq,2546,61400
sample,zmq,2547,59600
sample,zmq,2548,57100
sample,zmq,2549,56700
sample,zmq,2550,56300
sample,zmq,2551,56800
sample,zmq,2552,56500
sample,zmq,2553,56300
sample,zmq,2554,58800
sample,zmq,2555,57300
sample,zmq,2556,60200
sample,zmq,2557,58000
sample,zmq,2558,57500
sample,zmq,2559,57000
sample,zmq,2560,56600
sample,zmq,2561,56900
sample,zmq,2562,56600
sample,zmq,2563,56900
sample,zmq,2564,57000
sample,zmq,2565,56700
sample,zmq,2566,56800
sample,zmq,2567,57000
sample,zmq,2568,59500
sample,zmq,2569,62600
sample,zmq,2570,56900
sample,zmq,2571,60900
sample,zmq,2572,57300
sample,zmq,2573,57500
sample,zmq,2574,57600
sample,zmq,2575,64000
sample,zmq,2576,57300
sample,zmq,2577,57200
sample,zmq,2578,57100
sample,zmq,2579,64300
sample,zmq,2580,74100
sample,zmq,2581,62900
sample,zmq,2582,60600
sample,zmq,2583,57600
sample,zmq,2584,57900
sample,zmq,2585,58500
sample,zmq,2586,61400
sample,zmq,2587,58200
sample,zmq,2588,91000
sample,zmq,2589,83600
sample,zmq,2590,69500
sample,zmq,2591,70400
sample,zmq,2592,71600
sample,zmq,2593,60500
sample,zmq,2594,58100
sample,zmq,2595,60400
sample,zmq,2596,58200
sample,zmq,2597,58300
sample,zmq,2598,58200
sample,zmq,2599,59200
sample,zmq,2600,62400
sample,zmq,2601,58800
sample,zmq,2602,57900
sample,zmq,2603,58300
sample,zmq,2604,59700
sample,zmq,2605,58700
sample,zmq,2606,58600
sample,zmq,2607,59000
sample,zmq,2608,57600
sample,zmq,2609,61000
sample,zmq,2610,64400
sample,zmq,2611,58000
sample,zmq,2612,58700
sample,zmq,2613,115400
sample,zmq,2614,141400
sample,zmq,2615,121600
sample,zmq,2616,82700
sample,zmq,2617,87500
sample,zmq,2618,75900
sample,zmq,2619,74400
sample,zmq,2620,63900
sample,zmq,2621,92900
sample,zmq,2622,67800
sample,zmq,2623,47000
sample,zmq,2624,66300
sample,zmq,2625,76200
sample,zmq,2626,59100
sample,zmq,2627,58900
sample,zmq,2628,57500
sample,zmq,2629,69300
sample,zmq,2630,63200
sample,zmq,2631,67400
sample,zmq,2632,61700
sample,zmq,2633,58100
sample,zmq,2634,58200
sample,zmq,2635,57500
sample,zmq,2636,57800
sample,zmq,2637,57200
sample,zmq,2638,57000
sample,zmq,2639,57700
sample,zmq,2640,60400
sample,zmq,2641,57600
sample,zmq,2642,57400
sample,zmq,2643,57100
sample,zmq,2644,57100
sample,zmq,2645,57100
sample,zmq,2646,56700
sample,zmq,2647,57100
sample,zmq,2648,57000
sample,zmq,2649,57000
sample,zmq,2650,57000
sample,zmq,2651,57000
sample,zmq,2652,56800
sample,zmq,2653,58000
sample,zmq,2654,57400
sample,zmq,2655,57800
sample,zmq,2656,60600
sample,zmq,2657,57700
sample,zmq,2658,57400
sample,zmq,2659,58100
sample,zmq,2660,65800
sample,zmq,2661,57200
sample,zmq,2662,57700
sample,zmq,2663,58300
sample,zmq,2664,57200
sample,zmq,2665,58100
sample,zmq,2666,57300
sample,zmq,2667,57100
sample,zmq,2668,57800
sample,zmq,2669,58500
sample,zmq,2670,57900
sample,zmq,2671,61000
sample,zmq,2672,57900
sample,zmq,2673,58500
sample,zmq,2674,57800
sample,zmq,2675,57500
sample,zmq,2676,57300
sample,zmq,2677,57600
sample,zmq,2678,58500
sample,zmq,2679,57500
sample,zmq,2680,57500
sample,zmq,2681,58000
sample,zmq,2682,59600
sample,zmq,2683,58600
sample,zmq,2684,58500
sample,zmq,2685,57900
sample,zmq,2686,61100
sample,zmq,2687,58000
sample,zmq,2688,57900
sample,zmq,2689,58800
sample,zmq,2690,57900
sample,zmq,2691,58700
sample,zmq,2692,58200
sample,zmq,2693,58300
sample,zmq,2694,77600
sample,zmq,2695,58200
sample,zmq,2696,57800
sample,zmq,2697,57700
sample,zmq,2698,75500
sample,zmq,2699,102200
sample,zmq,2700,130200
sample,zmq,2701,129300
sample,zmq,2702,139100
sample,zmq,2703,118300
sample,zmq,2704,88700
sample,zmq,2705,105800
sample,zmq,2706,94700
sample,zmq,2707,76700
sample,zmq,2708,64500
sample,zmq,2709,101600
sample,zmq,2710,78400
sample,zmq,2711,61500
sample,zmq,2712,58400
sample,zmq,2713,57400
sample,zmq,2714,57800
sample,zmq,2715,57300
sample,zmq,2716,57800
sample,zmq,2717,57400
sample,zmq,2718,56800
sample,zmq,2719,56600
sample,zmq,2720,55900
sample,zmq,2721,56900
sample,zmq,2722,68100
sample,zmq,2723,56800
sample,zmq,2724,56600
sample,zmq,2725,56500
sample,zmq,2726,56200
sample,zmq,2727,56500
sample,zmq,2728,56500
sample,zmq,2729,56100
sample,zmq,2730,56200
sample,zmq,2731,59000
sample,zmq,2732,56300
sample,zmq,2733,56200
sample,zmq,2734,56400
sample,zmq,2735,56600
sample,zmq,2736,56600
sample,zmq,2737,56600
sample,zmq,2738,59400
sample,zmq,2739,57100
sample,zmq,2740,56500
sample,zmq,2741,56600
sample,zmq,2742,71400
sample,zmq,2743,80300
sample,zmq,2744,61700
sample,zmq,2745,61200
sample,zmq,2746,63300
sample,zmq,2747,70000
sample,zmq,2748,88500
sample,zmq,2749,172700
sample,zmq,2750,87900
sample,zmq,2751,77500
sample,zmq,2752,63500
sample,zmq,2753,57900
sample,zmq,2754,56700
sample,zmq,2755,57400
sample,zmq,2756,57200
sample,zmq,2757,56900
sample,zmq,2758,57200
sample,zmq,2759,56400
sample,zmq,2760,56900
sample,zmq,2761,56600
sample,zmq,2762,56000
sample,zmq,2763,56300
sample,zmq,2764,51200
sample,zmq,2765,73000
sample,zmq,2766,56700
sample,zmq,2767,56500
sample,zmq,2768,56000
sample,zmq,2769,57400
sample,zmq,2770,56200
sample,zmq,2771,57000
sample,zmq,2772,56500
sample,zmq,2773,56800
sample,zmq,2774,56000
sample,zmq,2775,56600
sample,zmq,2776,60400
sample,zmq,2777,57800
sample,zmq,2778,56900
sample,zmq,2779,57400
sample,zmq,2780,59100
sample,zmq,2781,57300
sample,zmq,2782,56000
sample,zmq,2783,59300
sample,zmq,2784,56800
sample,zmq,2785,57000
sample,zmq,2786,57800
sample,zmq,2787,56700
sample,zmq,2788,57700
sample,zmq,2789,55900
sample,zmq,2790,55900
sample,zmq,2791,57100
sample,zmq,2792,56000
sample,zmq,2793,56300
sample,zmq,2794,56300
sample,zmq,2795,87500
sample,zmq,2796,91700
sample,zmq,2797,87000
sample,zmq,2798,83900
sample,zmq,2799,62500
sample,zmq,2800,57400
sample,zmq,2801,87400
sample,zmq,2802,121300
sample,zmq,2803,61600
sample,zmq,2804,57400
sample,zmq,2805,57700
sample,zmq,2806,57100
sample,zmq,2807,57000
sample,zmq,2808,61600
sample,zmq,2809,58000
sample,zmq,2810,57000
sample,zmq,2811,58000
sample,zmq,2812,117200
sample,zmq,2813,109800
sample,zmq,2814,91900
sample,zmq,2815,89900
sample,zmq,2816,84600
sample,zmq,2817,66000
sample,zmq,2818,61800
sample,zmq,2819,59400
sample,zmq,2820,61800
sample,zmq,2821,59100
sample,zmq,2822,99100
sample,zmq,2823,69100
sample,zmq,2824,60900
sample,zmq,2825,67000
sample,zmq,2826,58800
sample,zmq,2827,58700
sample,zmq,2828,70000
sample,zmq,2829,58100
sample,zmq,2830,58600
sample,zmq,2831,67400
sample,zmq,2832,59700
sample,zmq,2833,59500
sample,zmq,2834,63400
sample,zmq,2835,58800
sample,zmq,2836,59000
sample,zmq,2837,58500
sample,zmq,2838,57800
sample,zmq,2839,58900
sample,zmq,2840,58200
sample,zmq,2841,58100
sample,zmq,2842,58700
sample,zmq,2843,59100
sample,zmq,2844,57900
sample,zmq,2845,66700
sample,zmq,2846,58200
sample,zmq,2847,57900
sample,zmq,2848,59000
sample,zmq,2849,62300
sample,zmq,2850,69600
sample,zmq,2851,59100
sample,zmq,2852,58200
sample,zmq,2853,63600
sample,zmq,2854,61100
sample,zmq,2855,59000
sample,zmq,2856,58300
sample,zmq,2857,58400
sample,zmq,2858,58100
sample,zmq,2859,64100
sample,zmq,2860,58200
sample,zmq,2861,58700
sample,zmq,2862,58800
sample,zmq,2863,58000
sample,zmq,2864,74600
sample,zmq,2865,57700
sample,zmq,2866,58100
sample,zmq,2867,58300
sample,zmq,2868,63200
sample,zmq,2869,58500
sample,zmq,2870,63200
sample,zmq,2871,57900
sample,zmq,2872,58400
sample,zmq,2873,63900
sample,zmq,2874,58100
sample,zmq,2875,58300
sample,zmq,2876,57800
sample,zmq,2877,58100
sample,zmq,2878,70200
sample,zmq,2879,62000
sample,zmq,2880,58900
sample,zmq,2881,61000
sample,zmq,2882,61100
sample,zmq,2883,57900
sample,zmq,2884,58300
sample,zmq,2885,57900
sample,zmq,2886,57700
sample,zmq,2887,63000
sample,zmq,2888,58100
sample,zmq,2889,58000
sample,zmq,2890,57900
sample,zmq,2891,63900
sample,zmq,2892,115500
sample,zmq,2893,108600
sample,zmq,2894,92900
sample,zmq,2895,80600
sample,zmq,2896,76900
sample,zmq,2897,77700
sample,zmq,2898,73200
sample,zmq,2899,78400
sample,zmq,2900,151700
sample,zmq,2901,100700
sample,zmq,2902,85300
sample,zmq,2903,84100
sample,zmq,2904,77400
sample,zmq,2905,86300
sample,zmq,2906,62300
sample,zmq,2907,60400
sample,zmq,2908,58600
sample,zmq,2909,58500
sample,zmq,2910,58600
sample,zmq,2911,58800
sample,zmq,2912,78400
sample,zmq,2913,110000
sample,zmq,2914,142100
sample,zmq,2915,144100
sample,zmq,2916,111400
sample,zmq,2917,112000
sample,zmq,2918,70800
sample,zmq,2919,65400
sample,zmq,2920,74400
sample,zmq,2921,97800
sample,zmq,2922,94900
sample,zmq,2923,85800
sample,zmq,2924,69200
sample,zmq,2925,92600
sample,zmq,2926,111700
sample,zmq,2927,85100
sample,zmq,2928,92200
sample,zmq,2929,71500
sample,zmq,2930,60900
sample,zmq,2931,59100
sample,zmq,2932,59200
sample,zmq,2933,58900
sample,zmq,2934,91800
sample,zmq,2935,62700
sample,zmq,2936,93000
sample,zmq,2937,78800
sample,zmq,2938,78800
sample,zmq,2939,62000
sample,zmq,2940,59100
sample,zmq,2941,58800
sample,zmq,2942,58600
sample,zmq,2943,58200
sample,zmq,2944,57700
sample,zmq,2945,58000
sample,zmq,2946,57900
sample,zmq,2947,58700
sample,zmq,2948,58200
sample,zmq,2949,57700
sample,zmq,2950,57700
sample,zmq,2951,58800
sample,zmq,2952,61700
sample,zmq,2953,58200
sample,zmq,2954,58100
sample,zmq,2955,112300
sample,zmq,2956,70500
sample,zmq,2957,79800
sample,zmq,2958,83000
sample,zmq,2959,67900
sample,zmq,2960,60100
sample,zmq,2961,58800
sample,zmq,2962,57800
sample,zmq,2963,57900
sample,zmq,2964,57800
sample,zmq,2965,61800
sample,zmq,2966,58500
sample,zmq,2967,58900
sample,zmq,2968,57600
sample,zmq,2969,57800
sample,zmq,2970,57900
sample,zmq,2971,58100
sample,zmq,2972,58200
sample,zmq,2973,58200
sample,zmq,2974,57700
sample,zmq,2975,58200
sample,zmq,2976,58300
sample,zmq,2977,82500
sample,zmq,2978,57800
sample,zmq,2979,57800
sample,zmq,2980,61400
sample,zmq,2981,58200
sample,zmq,2982,57900
sample,zmq,2983,57900
sample,zmq,2984,57800
sample,zmq,2985,58300
sample,zmq,2986,57800
sample,zmq,2987,58400
sample,zmq,2988,58300
sample,zmq,2989,62800
sample,zmq,2990,58400
sample,zmq,2991,58400
sample,zmq,2992,57700
sample,zmq,2993,58100
sample,zmq,2994,58000
sample,zmq,2995,61200
sample,zmq,2996,58100
sample,zmq,2997,58000
sample,zmq,2998,58200
sample,zmq,2999,58600
sample,zmq,3000,58700
sample,zmq,3001,58500
sample,zmq,3002,68800
sample,zmq,3003,59200
sample,zmq,3004,58700
sample,zmq,3005,58500
sample,zmq,3006,60400
sample,zmq,3007,59400
sample,zmq,3008,59000
sample,zmq,3009,59000
sample,zmq,3010,62200
sample,zmq,3011,59200
sample,zmq,3012,61600
sample,zmq,3013,59200
sample,zmq,3014,59100
sample,zmq,3015,59500
sample,zmq,3016,59200
sample,zmq,3017,59700
sample,zmq,3018,59300
sample,zmq,3019,59500
sample,zmq,3020,59000
sample,zmq,3021,59700
sample,zmq,3022,59100
sample,zmq,3023,59900
sample,zmq,3024,59600
sample,zmq,3025,62100
sample,zmq,3026,76700
sample,zmq,3027,77600
sample,zmq,3028,107100
sample,zmq,3029,70800
sample,zmq,3030,90500
sample,zmq,3031,78900
sample,zmq,3032,63700
sample,zmq,3033,61400
sample,zmq,3034,60900
sample,zmq,3035,60800
sample,zmq,3036,60300
sample,zmq,3037,64600
sample,zmq,3038,67100
sample,zmq,3039,74000
sample,zmq,3040,60100
sample,zmq,3041,65900
sample,zmq,3042,59800
sample,zmq,3043,65600
sample,zmq,3044,60300
sample,zmq,3045,60500
sample,zmq,3046,59900
sample,zmq,3047,65800
sample,zmq,3048,65500
sample,zmq,3049,60200
sample,zmq,3050,60400
sample,zmq,3051,63500
sample,zmq,3052,67200
sample,zmq,3053,60200
sample,zmq,3054,59700
sample,zmq,3055,59700
sample,zmq,3056,64500
sample,zmq,3057,66100
sample,zmq,3058,59600
sample,zmq,3059,65500
sample,zmq,3060,59500
sample,zmq,3061,60000
sample,zmq,3062,60200
sample,zmq,3063,74200
sample,zmq,3064,92300
sample,zmq,3065,89000
sample,zmq,3066,64200
sample,zmq,3067,61800
sample,zmq,3068,66200
sample,zmq,3069,60100
sample,zmq,3070,60700
sample,zmq,3071,78800
sample,zmq,3072,136600
sample,zmq,3073,155600
sample,zmq,3074,139300
sample,zmq,3075,326100
sample,zmq,3076,97500
sample,zmq,3077,79900
sample,zmq,3078,552800
sample,zmq,3079,94000
sample,zmq,3080,73200
sample,zmq,3081,62500
sample,zmq,3082,59700
sample,zmq,3083,58800
sample,zmq,3084,107000
sample,zmq,3085,113600
sample,zmq,3086,91900
sample,zmq,3087,99300
sample,zmq,3088,139300
sample,zmq,3089,119800
sample,zmq,3090,94300
sample,zmq,3091,64600
sample,zmq,3092,64800
sample,zmq,3093,90700
sample,zmq,3094,77000
sample,zmq,3095,65000
sample,zmq,3096,60400
sample,zmq,3097,68200
sample,zmq,3098,67300
sample,zmq,3099,59900
sample,zmq,3100,58600
sample,zmq,3101,62900
sample,zmq,3102,58500
sample,zmq,3103,58700
sample,zmq,3104,69900
sample,zmq,3105,103400
sample,zmq,3106,84500
sample,zmq,3107,63400
sample,zmq,3108,74100
sample,zmq,3109,101200
sample,zmq,3110,97400
sample,zmq,3111,62800
sample,zmq,3112,73900
sample,zmq,3113,90700
sample,zmq,3114,107000
sample,zmq,3115,95900
sample,zmq,3116,110400
sample,zmq,3117,108400
sample,zmq,3118,106200
sample,zmq,3119,145000
sample,zmq,3120,90200
sample,zmq,3121,76600
sample,zmq,3122,86100
sample,zmq,3123,67800
sample,zmq,3124,65900
sample,zmq,3125,99200
sample,zmq,3126,173900
sample,zmq,3127,138900
sample,zmq,3128,77500
sample,zmq,3129,65300
sample,zmq,3130,60000
sample,zmq,3131,58500
sample,zmq,3132,62600
sample,zmq,3133,58100
sample,zmq,3134,58500
sample,zmq,3135,58600
sample,zmq,3136,58800
sample,zmq,3137,57700
sample,zmq,3138,58700
sample,zmq,3139,57800
sample,zmq,3140,60000
sample,zmq,3141,58600
sample,zmq,3142,59200
sample,zmq,3143,72300
sample,zmq,3144,111600
sample,zmq,3145,90600
sample,zmq,3146,67700
sample,zmq,3147,93400
sample,zmq,3148,88900
sample,zmq,3149,84600
sample,zmq,3150,59400
sample,zmq,3151,83800
sample,zmq,3152,68200
sample,zmq,3153,93600
sample,zmq,3154,107900
sample,zmq,3155,94800
sample,zmq,3156,91900
sample,zmq,3157,89300
sample,zmq,3158,62500
sample,zmq,3159,60100
sample,zmq,3160,59000
sample,zmq,3161,58800
sample,zmq,3162,58800
sample,zmq,3163,58700
sample,zmq,3164,59000
sample,zmq,3165,58100
sample,zmq,3166,61700
sample,zmq,3167,58500
sample,zmq,3168,59400
sample,zmq,3169,67200
sample,zmq,3170,71500
sample,zmq,3171,90800
sample,zmq,3172,75900
sample,zmq,3173,75200
sample,zmq,3174,64700
sample,zmq,3175,89700
sample,zmq,3176,79900
sample,zmq,3177,62700
sample,zmq,3178,60500
sample,zmq,3179,60600
sample,zmq,3180,59500
sample,zmq,3181,59900
sample,zmq,3182,59500
sample,zmq,3183,63000
sample,zmq,3184,59600
sample,zmq,3185,59700
sample,zmq,3186,59300
sample,zmq,3187,59700
sample,zmq,3188,59200
sample,zmq,3189,58800
sample,zmq,3190,59400
sample,zmq,3191,61600
sample,zmq,3192,59600
sample,zmq,3193,60800
sample,zmq,3194,59600
sample,zmq,3195,59500
sample,zmq,3196,70800
sample,zmq,3197,60200
sample,zmq,3198,63600
sample,zmq,3199,60400
sample,zmq,3200,73200
sample,zmq,3201,106800
sample,zmq,3202,69400
sample,zmq,3203,81600
sample,zmq,3204,99800
sample,zmq,3205,91000
sample,zmq,3206,74700
sample,zmq,3207,66400
sample,zmq,3208,70200
sample,zmq,3209,93800
sample,zmq,3210,93200
sample,zmq,3211,93100
sample,zmq,3212,160900
sample,zmq,3213,142800
sample,zmq,3214,102200
sample,zmq,3215,102100
sample,zmq,3216,77700
sample,zmq,3217,72400
sample,zmq,3218,94400
sample,zmq,3219,101600
sample,zmq,3220,68500
sample,zmq,3221,96600
sample,zmq,3222,87100
sample,zmq,3223,62800
sample,zmq,3224,76100
sample,zmq,3225,112300
sample,zmq,3226,91200
sample,zmq,3227,99600
sample,zmq,3228,94500
sample,zmq,3229,96600
sample,zmq,3230,89500
sample,zmq,3231,86500
sample,zmq,3232,79600
sample,zmq,3233,68600
sample,zmq,3234,61000
sample,zmq,3235,59300
sample,zmq,3236,58900
sample,zmq,3237,58300
sample,zmq,3238,57900
sample,zmq,3239,58100
sample,zmq,3240,58200
sample,zmq,3241,62200
sample,zmq,3242,58200
sample,zmq,3243,58500
sample,zmq,3244,57900
sample,zmq,3245,58200
sample,zmq,3246,62000
sample,zmq,3247,59500
sample,zmq,3248,58100
sample,zmq,3249,58900
sample,zmq,3250,71400
sample,zmq,3251,94300
sample,zmq,3252,83400
sample,zmq,3253,62300
sample,zmq,3254,59700
sample,zmq,3255,62800
sample,zmq,3256,59100
sample,zmq,3257,71100
sample,zmq,3258,88400
sample,zmq,3259,95500
sample,zmq,3260,73900
sample,zmq,3261,106100
sample,zmq,3262,87000
sample,zmq,3263,65200
sample,zmq,3264,52500
sample,zmq,3265,100700
sample,zmq,3266,100800
sample,zmq,3267,110200
sample,zmq,3268,85800
sample,zmq,3269,111000
sample,zmq,3270,113300
sample,zmq,3271,123900
sample,zmq,3272,178700
sample,zmq,3273,114400
sample,zmq,3274,151300
sample,zmq,3275,104200
sample,zmq,3276,101600
sample,zmq,3277,69900
sample,zmq,3278,67300
sample,zmq,3279,60900
sample,zmq,3280,59200
sample,zmq,3281,59000
sample,zmq,3282,59200
sample,zmq,3283,58400
sample,zmq,3284,58200
sample,zmq,3285,57800
sample,zmq,3286,87400
sample,zmq,3287,59000
sample,zmq,3288,73800
sample,zmq,3289,74700
sample,zmq,3290,71300
sample,zmq,3291,63400
sample,zmq,3292,63000
sample,zmq,3293,59800
sample,zmq,3294,58300
sample,zmq,3295,58400
sample,zmq,3296,58100
sample,zmq,3297,57800
sample,zmq,3298,58400
sample,zmq,3299,58200
sample,zmq,3300,61800
sample,zmq,3301,77700
sample,zmq,3302,81500
sample,zmq,3303,76400
sample,zmq,3304,62100
sample,zmq,3305,59000
sample,zmq,3306,61200
sample,zmq,3307,58900
sample,zmq,3308,58500
sample,zmq,3309,58600
sample,zmq,3310,58500
sample,zmq,3311,58400
sample,zmq,3312,58400
sample,zmq,3313,59200
sample,zmq,3314,69400
sample,zmq,3315,65500
sample,zmq,3316,59000
sample,zmq,3317,73200
sample,zmq,3318,61000
sample,zmq,3319,59300
sample,zmq,3320,61600
sample,zmq,3321,59500
sample,zmq,3322,59300
sample,zmq,3323,59400
sample,zmq,3324,58300
sample,zmq,3325,58600
sample,zmq,3326,58700
sample,zmq,3327,75400
sample,zmq,3328,101800
sample,zmq,3329,65900
sample,zmq,3330,94000
sample,zmq,3331,78400
sample,zmq,3332,81300
sample,zmq,3333,68500
sample,zmq,3334,88800
sample,zmq,3335,91300
sample,zmq,3336,91500
sample,zmq,3337,105700
sample,zmq,3338,97700
sample,zmq,3339,99200
sample,zmq,3340,86400
sample,zmq,3341,96500
sample,zmq,3342,76000
sample,zmq,3343,63700
sample,zmq,3344,63400
sample,zmq,3345,60300
sample,zmq,3346,60200
sample,zmq,3347,60600
sample,zmq,3348,61200
sample,zmq,3349,60000
sample,zmq,3350,60600
sample,zmq,3351,59600
sample,zmq,3352,63600
sample,zmq,3353,59900
sample,zmq,3354,63200
sample,zmq,3355,60200
sample,zmq,3356,59800
sample,zmq,3357,59500
sample,zmq,3358,60000
sample,zmq,3359,60700
sample,zmq,3360,68900
sample,zmq,3361,71200
sample,zmq,3362,85600
sample,zmq,3363,93600
sample,zmq,3364,81200
sample,zmq,3365,85000
sample,zmq,3366,53000
sample,zmq,3367,69000
sample,zmq,3368,97900
sample,zmq,3369,103800
sample,zmq,3370,84600
sample,zmq,3371,255000
sample,zmq,3372,328800
sample,zmq,3373,548500
sample,zmq,3374,176500
sample,zmq,3375,226300
sample,zmq,3376,99700
sample,zmq,3377,97800
sample,zmq,3378,89100
sample,zmq,3379,73500
sample,zmq,3380,63800
sample,zmq,3381,60100
sample,zmq,3382,82200
sample,zmq,3383,79700
sample,zmq,3384,62800
sample,zmq,3385,70900
sample,zmq,3386,69500
sample,zmq,3387,60800
sample,zmq,3388,82400
sample,zmq,3389,76800
sample,zmq,3390,62200
sample,zmq,3391,59300
sample,zmq,3392,70700
sample,zmq,3393,58900
sample,zmq,3394,58200
sample,zmq,3395,59400
sample,zmq,3396,59200
sample,zmq,3397,58400
sample,zmq,3398,58200
sample,zmq,3399,58400
sample,zmq,3400,98500
sample,zmq,3401,59400
sample,zmq,3402,58600
sample,zmq,3403,65700
sample,zmq,3404,58600
sample,zmq,3405,58700
sample,zmq,3406,60600
sample,zmq,3407,58500
sample,zmq,3408,58800
sample,zmq,3409,59300
sample,zmq,3410,58100
sample,zmq,3411,59500
sample,zmq,3412,59100
sample,zmq,3413,63900
sample,zmq,3414,100800
sample,zmq,3415,77400
sample,zmq,3416,92400
sample,zmq,3417,84600
sample,zmq,3418,69700
sample,zmq,3419,88400
sample,zmq,3420,87100
sample,zmq,3421,89600
sample,zmq,3422,98100
sample,zmq,3423,75000
sample,zmq,3424,82900
sample,zmq,3425,81900
sample,zmq,3426,102800
sample,zmq,3427,145600
sample,zmq,3428,272100
sample,zmq,3429,115300
sample,zmq,3430,139800
sample,zmq,3431,113500
sample,zmq,3432,164300
sample,zmq,3433,106500
sample,zmq,3434,117800
sample,zmq,3435,108100
sample,zmq,3436,86300
sample,zmq,3437,70900
sample,zmq,3438,61700
sample,zmq,3439,59800
sample,zmq,3440,59500
sample,zmq,3441,59300
sample,zmq,3442,76000
sample,zmq,3443,66400
sample,zmq,3444,63700
sample,zmq,3445,69600
sample,zmq,3446,63500
sample,zmq,3447,71900
sample,zmq,3448,69400
sample,zmq,3449,105400
sample,zmq,3450,94700
sample,zmq,3451,80500
sample,zmq,3452,95200
sample,zmq,3453,90400
sample,zmq,3454,90200
sample,zmq,3455,71000
sample,zmq,3456,80100
sample,zmq,3457,108200
sample,zmq,3458,106200
sample,zmq,3459,157900
sample,zmq,3460,111600
sample,zmq,3461,80600
sample,zmq,3462,73900
sample,zmq,3463,89900
sample,zmq,3464,151800
sample,zmq,3465,175100
sample,zmq,3466,72400
sample,zmq,3467,62300
sample,zmq,3468,59600
sample,zmq,3469,58600
sample,zmq,3470,58400
sample,zmq,3471,58200
sample,zmq,3472,58700
sample,zmq,3473,59200
sample,zmq,3474,57900
sample,zmq,3475,88900
sample,zmq,3476,97500
sample,zmq,3477,83800
sample,zmq,3478,65300
sample,zmq,3479,59900
sample,zmq,3480,58800
sample,zmq,3481,58800
sample,zmq,3482,58500
sample,zmq,3483,58400
sample,zmq,3484,58800
sample,zmq,3485,58300
sample,zmq,3486,57800
sample,zmq,3487,80800
sample,zmq,3488,76200
sample,zmq,3489,79400
sample,zmq,3490,79500
sample,zmq,3491,98400
sample,zmq,3492,85800
sample,zmq,3493,62200
sample,zmq,3494,50100
sample,zmq,3495,64700
sample,zmq,3496,73200
sample,zmq,3497,70300
sample,zmq,3498,100100
sample,zmq,3499,94100
sample,zmq,3500,78200
sample,zmq,3501,94300
sample,zmq,3502,87600
sample,zmq,3503,79900
sample,zmq,3504,61900
sample,zmq,3505,59800
sample,zmq,3506,59100
sample,zmq,3507,59200
sample,zmq,3508,73000
sample,zmq,3509,79900
sample,zmq,3510,75300
sample,zmq,3511,135600
sample,zmq,3512,148500
sample,zmq,3513,118400
sample,zmq,3514,82900
sample,zmq,3515,61300
sample,zmq,3516,58900
sample,zmq,3517,58400
sample,zmq,3518,58200
sample,zmq,3519,57800
sample,zmq,3520,58000
sample,zmq,3521,81600
sample,zmq,3522,116200
sample,zmq,3523,61900
sample,zmq,3524,60400
sample,zmq,3525,125600
sample,zmq,3526,98200
sample,zmq,3527,86300
sample,zmq,3528,90700
sample,zmq,3529,80700
sample,zmq,3530,83400
sample,zmq,3531,120500
sample,zmq,3532,66200
sample,zmq,3533,89600
sample,zmq,3534,79800
sample,zmq,3535,80300
sample,zmq,3536,90800
sample,zmq,3537,102200
sample,zmq,3538,94400
sample,zmq,3539,110200
sample,zmq,3540,98900
sample,zmq,3541,101000
sample,zmq,3542,83700
sample,zmq,3543,67700
sample,zmq,3544,67700
sample,zmq,3545,96200
sample,zmq,3546,81400
sample,zmq,3547,61900
sample,zmq,3548,84400
sample,zmq,3549,80900
sample,zmq,3550,83300
sample,zmq,3551,90700
sample,zmq,3552,78400
sample,zmq,3553,88100
sample,zmq,3554,78200
sample,zmq,3555,70900
sample,zmq,3556,62000
sample,zmq,3557,60200
sample,zmq,3558,74900
sample,zmq,3559,82800
sample,zmq,3560,75800
sample,zmq,3561,62200
sample,zmq,3562,67100
sample,zmq,3563,101800
sample,zmq,3564,76900
sample,zmq,3565,68300
sample,zmq,3566,61400
sample,zmq,3567,61400
sample,zmq,3568,60200
sample,zmq,3569,72400
sample,zmq,3570,83200
sample,zmq,3571,76400
sample,zmq,3572,91400
sample,zmq,3573,92000
sample,zmq,3574,80000
sample,zmq,3575,84200
sample,zmq,3576,98700
sample,zmq,3577,89500
sample,zmq,3578,90000
sample,zmq,3579,146100
sample,zmq,3580,107100
sample,zmq,3581,114100
sample,zmq,3582,92100
sample,zmq,3583,88300
sample,zmq,3584,66000
sample,zmq,3585,66600
sample,zmq,3586,62500
sample,zmq,3587,82100
sample,zmq,3588,89600
sample,zmq,3589,103100
sample,zmq,3590,96600
sample,zmq,3591,138700
sample,zmq,3592,116700
sample,zmq,3593,89700
sample,zmq,3594,69200
sample,zmq,3595,71900
sample,zmq,3596,92300
sample,zmq,3597,107700
sample,zmq,3598,89200
sample,zmq,3599,84000
sample,zmq,3600,93900
sample,zmq,3601,80600
sample,zmq,3602,110400
sample,zmq,3603,116000
sample,zmq,3604,105000
sample,zmq,3605,88600
sample,zmq,3606,90000
sample,zmq,3607,96600
sample,zmq,3608,88300
sample,zmq,3609,77100
sample,zmq,3610,68900
sample,zmq,3611,95300
sample,zmq,3612,83500
sample,zmq,3613,93400
sample,zmq,3614,93200
sample,zmq,3615,86600
sample,zmq,3616,63600
sample,zmq,3617,60900
sample,zmq,3618,60600
sample,zmq,3619,60100
sample,zmq,3620,59700
sample,zmq,3621,60700
sample,zmq,3622,60100
sample,zmq,3623,60100
sample,zmq,3624,59800
sample,zmq,3625,74200
sample,zmq,3626,85400
sample,zmq,3627,99300
sample,zmq,3628,94100
sample,zmq,3629,87100
sample,zmq,3630,78800
sample,zmq,3631,93400
sample,zmq,3632,93100
sample,zmq,3633,102400
sample,zmq,3634,85200
sample,zmq,3635,92400
sample,zmq,3636,97800
sample,zmq,3637,81100
sample,zmq,3638,93200
sample,zmq,3639,85600
sample,zmq,3640,86100
sample,zmq,3641,71300
sample,zmq,3642,61400
sample,zmq,3643,89000
sample,zmq,3644,93700
sample,zmq,3645,101000
sample,zmq,3646,98900
sample,zmq,3647,83800
sample,zmq,3648,120700
sample,zmq,3649,118200
sample,zmq,3650,123600
sample,zmq,3651,109100
sample,zmq,3652,88500
sample,zmq,3653,111200
sample,zmq,3654,85900
sample,zmq,3655,102400
sample,zmq,3656,92400
sample,zmq,3657,93700
sample,zmq,3658,85500
sample,zmq,3659,79500
sample,zmq,3660,75400
sample,zmq,3661,90500
sample,zmq,3662,105400
sample,zmq,3663,76000
sample,zmq,3664,91900
sample,zmq,3665,101200
sample,zmq,3666,84900
sample,zmq,3667,85700
sample,zmq,3668,96000
sample,zmq,3669,122100
sample,zmq,3670,87400
sample,zmq,3671,82300
sample,zmq,3672,76600
sample,zmq,3673,63600
sample,zmq,3674,61600
sample,zmq,3675,61100
sample,zmq,3676,64500
sample,zmq,3677,60500
sample,zmq,3678,59900
sample,zmq,3679,60200
sample,zmq,3680,72600
sample,zmq,3681,89300
sample,zmq,3682,75700
sample,zmq,3683,80000
sample,zmq,3684,90100
sample,zmq,3685,75900
sample,zmq,3686,89100
sample,zmq,3687,82000
sample,zmq,3688,93500
sample,zmq,3689,111200
sample,zmq,3690,95500
sample,zmq,3691,106900
sample,zmq,3692,87000
sample,zmq,3693,87200
sample,zmq,3694,74100
sample,zmq,3695,73200
sample,zmq,3696,62400
sample,zmq,3697,61700
sample,zmq,3698,60700
sample,zmq,3699,64100
sample,zmq,3700,61200
sample,zmq,3701,72400
sample,zmq,3702,91500
sample,zmq,3703,89800
sample,zmq,3704,90800
sample,zmq,3705,89800
sample,zmq,3706,90900
sample,zmq,3707,78800
sample,zmq,3708,102300
sample,zmq,3709,87500
sample,zmq,3710,91500
sample,zmq,3711,95000
sample,zmq,3712,84800
sample,zmq,3713,70400
sample,zmq,3714,66200
sample,zmq,3715,61500
sample,zmq,3716,60900
sample,zmq,3717,60300
sample,zmq,3718,60600
sample,zmq,3719,60300
sample,zmq,3720,59700
sample,zmq,3721,98200
sample,zmq,3722,79400
sample,zmq,3723,90000
sample,zmq,3724,74500
sample,zmq,3725,86900
sample,zmq,3726,90500
sample,zmq,3727,75400
sample,zmq,3728,90100
sample,zmq,3729,81100
sample,zmq,3730,74000
sample,zmq,3731,83200
sample,zmq,3732,73200
sample,zmq,3733,87200
sample,zmq,3734,67800
sample,zmq,3735,91000
sample,zmq,3736,77800
sample,zmq,3737,98800
sample,zmq,3738,154900
sample,zmq,3739,271100
sample,zmq,3740,369500
sample,zmq,3741,145100
sample,zmq,3742,108200
sample,zmq,3743,181900
sample,zmq,3744,130700
sample,zmq,3745,123800
sample,zmq,3746,137100
sample,zmq,3747,132400
sample,zmq,3748,104500
sample,zmq,3749,132900
sample,zmq,3750,126900
sample,zmq,3751,114900
sample,zmq,3752,112300
sample,zmq,3753,110300
sample,zmq,3754,113400
sample,zmq,3755,98900
sample,zmq,3756,100200
sample,zmq,3757,97900
sample,zmq,3758,81100
sample,zmq,3759,68600
sample,zmq,3760,94700
sample,zmq,3761,92000
sample,zmq,3762,77900
sample,zmq,3763,80000
sample,zmq,3764,94500
sample,zmq,3765,95300
sample,zmq,3766,169300
sample,zmq,3767,198600
sample,zmq,3768,125000
sample,zmq,3769,104700
sample,zmq,3770,83500
sample,zmq,3771,64000
sample,zmq,3772,80600
sample,zmq,3773,74800
sample,zmq,3774,86400
sample,zmq,3775,71300
sample,zmq,3776,97900
sample,zmq,3777,87900
sample,zmq,3778,78100
sample,zmq,3779,94200
sample,zmq,3780,85900
sample,zmq,3781,92300
sample,zmq,3782,95600
sample,zmq,3783,111300
sample,zmq,3784,124700
sample,zmq,3785,119100
sample,zmq,3786,87700
sample,zmq,3787,70800
sample,zmq,3788,77300
sample,zmq,3789,108300
sample,zmq,3790,95100
sample,zmq,3791,92700
sample,zmq,3792,105900
sample,zmq,3793,99200
sample,zmq,3794,82400
sample,zmq,3795,74400
sample,zmq,3796,85700
sample,zmq,3797,83000
sample,zmq,3798,95500
sample,zmq,3799,88500
sample,zmq,3800,90300
sample,zmq,3801,101900
sample,zmq,3802,96300
sample,zmq,3803,117200
sample,zmq,3804,125300
sample,zmq,3805,102600
sample,zmq,3806,92000
sample,zmq,3807,93500
sample,zmq,3808,95000
sample,zmq,3809,87900
sample,zmq,3810,79200
sample,zmq,3811,93100
sample,zmq,3812,100000
sample,zmq,3813,84100
sample,zmq,3814,90300
sample,zmq,3815,61600
sample,zmq,3816,96300
sample,zmq,3817,106500
sample,zmq,3818,100900
sample,zmq,3819,102000
sample,zmq,3820,90500
sample,zmq,3821,99400
sample,zmq,3822,91200
sample,zmq,3823,87500
sample,zmq,3824,92100
sample,zmq,3825,79500
sample,zmq,3826,81200
sample,zmq,3827,110000
sample,zmq,3828,92100
sample,zmq,3829,76700
sample,zmq,3830,78500
sample,zmq,3831,96800
sample,zmq,3832,77300
sample,zmq,3833,81400
sample,zmq,3834,80800
sample,zmq,3835,90700
sample,zmq,3836,70700
sample,zmq,3837,105400
sample,zmq,3838,84700
sample,zmq,3839,94800
sample,zmq,3840,104000
sample,zmq,3841,83900
sample,zmq,3842,117500
sample,zmq,3843,97700
sample,zmq,3844,88200
sample,zmq,3845,81300
sample,zmq,3846,64000
sample,zmq,3847,61700
sample,zmq,3848,60500
sample,zmq,3849,60400
sample,zmq,3850,60400
sample,zmq,3851,61600
sample,zmq,3852,63000
sample,zmq,3853,65800
sample,zmq,3854,111400
sample,zmq,3855,91800
sample,zmq,3856,76100
sample,zmq,3857,103900
sample,zmq,3858,100800
sample,zmq,3859,89400
sample,zmq,3860,92200
sample,zmq,3861,95800
sample,zmq,3862,105500
sample,zmq,3863,86100
sample,zmq,3864,99600
sample,zmq,3865,85200
sample,zmq,3866,68500
sample,zmq,3867,63300
sample,zmq,3868,61400
sample,zmq,3869,60700
sample,zmq,3870,60800
sample,zmq,3871,60600
sample,zmq,3872,60400
sample,zmq,3873,74800
sample,zmq,3874,91800
sample,zmq,3875,101600
sample,zmq,3876,107300
sample,zmq,3877,119800
sample,zmq,3878,183400
sample,zmq,3879,135100
sample,zmq,3880,99200
sample,zmq,3881,108500
sample,zmq,3882,90800
sample,zmq,3883,108100
sample,zmq,3884,95000
sample,zmq,3885,95900
sample,zmq,3886,107900
sample,zmq,3887,180900
sample,zmq,3888,119500
sample,zmq,3889,146900
sample,zmq,3890,155300
sample,zmq,3891,100800
sample,zmq,3892,99900
sample,zmq,3893,87600
sample,zmq,3894,98800
sample,zmq,3895,87100
sample,zmq,3896,100300
sample,zmq,3897,90300
sample,zmq,3898,96300
sample,zmq,3899,94700
sample,zmq,3900,139600
sample,zmq,3901,100100
sample,zmq,3902,89900
sample,zmq,3903,93100
sample,zmq,3904,90200
sample,zmq,3905,71600
sample,zmq,3906,79900
sample,zmq,3907,93700
sample,zmq,3908,79100
sample,zmq,3909,113700
sample,zmq,3910,90200
sample,zmq,3911,102200
sample,zmq,3912,87000
sample,zmq,3913,77000
sample,zmq,3914,84600
sample,zmq,3915,105600
sample,zmq,3916,84400
sample,zmq,3917,84900
sample,zmq,3918,88600
sample,zmq,3919,123900
sample,zmq,3920,118900
sample,zmq,3921,108200
sample,zmq,3922,109700
sample,zmq,3923,91100
sample,zmq,3924,94900
sample,zmq,3925,74300
sample,zmq,3926,70400
sample,zmq,3927,64500
sample,zmq,3928,63100
sample,zmq,3929,66700
sample,zmq,3930,63800
sample,zmq,3931,63500
sample,zmq,3932,62300
sample,zmq,3933,62500
sample,zmq,3934,62500
sample,zmq,3935,61900
sample,zmq,3936,61700
sample,zmq,3937,62600
sample,zmq,3938,61700
sample,zmq,3939,62300
sample,zmq,3940,64300
sample,zmq,3941,61900
sample,zmq,3942,61600
sample,zmq,3943,65600
sample,zmq,3944,62400
sample,zmq,3945,62800
sample,zmq,3946,62500
sample,zmq,3947,62100
sample,zmq,3948,62900
sample,zmq,3949,62500
sample,zmq,3950,62500
sample,zmq,3951,62300
sample,zmq,3952,62600
sample,zmq,3953,62100
sample,zmq,3954,62600
sample,zmq,3955,63000
sample,zmq,3956,62500
sample,zmq,3957,70000
sample,zmq,3958,66600
sample,zmq,3959,63100
sample,zmq,3960,62600
sample,zmq,3961,63500
sample,zmq,3962,62800
sample,zmq,3963,64100
sample,zmq,3964,62900
sample,zmq,3965,63200
sample,zmq,3966,63100
sample,zmq,3967,63500
sample,zmq,3968,63100
sample,zmq,3969,63000
sample,zmq,3970,64600
sample,zmq,3971,66900
sample,zmq,3972,63700
sample,zmq,3973,64300
sample,zmq,3974,63600
sample,zmq,3975,62900
sample,zmq,3976,62800
sample,zmq,3977,63700
sample,zmq,3978,62900
sample,zmq,3979,63100
sample,zmq,3980,84700
sample,zmq,3981,63100
sample,zmq,3982,62800
sample,zmq,3983,62700
sample,zmq,3984,65200
sample,zmq,3985,76200
sample,zmq,3986,62900
sample,zmq,3987,63000
sample,zmq,3988,66900
sample,zmq,3989,63200
sample,zmq,3990,63300
sample,zmq,3991,68700
sample,zmq,3992,62300
sample,zmq,3993,64200
sample,zmq,3994,63000
sample,zmq,3995,68200
sample,zmq,3996,63300
sample,zmq,3997,63300
sample,zmq,3998,62800
sample,zmq,3999,70200
sample,zmq,4000,65900
sample,zmq,4001,63000
sample,zmq,4002,63000
sample,zmq,4003,63800
sample,zmq,4004,62700
sample,zmq,4005,63000
sample,zmq,4006,63600
sample,zmq,4007,68200
sample,zmq,4008,62900
sample,zmq,4009,63600
sample,zmq,4010,74500
sample,zmq,4011,63200
sample,zmq,4012,63000
sample,zmq,4013,66800
sample,zmq,4014,68600
sample,zmq,4015,63100
sample,zmq,4016,62700
sample,zmq,4017,62700
sample,zmq,4018,62600
sample,zmq,4019,69000
sample,zmq,4020,62900
sample,zmq,4021,63000
sample,zmq,4022,62700
sample,zmq,4023,68100
sample,zmq,4024,62900
sample,zmq,4025,68700
sample,zmq,4026,68400
sample,zmq,4027,67200
sample,zmq,4028,63200
sample,zmq,4029,69000
sample,zmq,4030,63000
sample,zmq,4031,62800
sample,zmq,4032,63200
sample,zmq,4033,68400
sample,zmq,4034,64400
sample,zmq,4035,63000
sample,zmq,4036,63000
sample,zmq,4037,63000
sample,zmq,4038,67800
sample,zmq,4039,68600
sample,zmq,4040,62500
sample,zmq,4041,66700
sample,zmq,4042,69000
sample,zmq,4043,63200
sample,zmq,4044,72500
sample,zmq,4045,68300
sample,zmq,4046,62900
sample,zmq,4047,62900
sample,zmq,4048,68600
sample,zmq,4049,62900
sample,zmq,4050,69300
sample,zmq,4051,62900
sample,zmq,4052,68400
sample,zmq,4053,86100
sample,zmq,4054,108100
sample,zmq,4055,125100
sample,zmq,4056,193900
sample,zmq,4057,115100
sample,zmq,4058,130000
sample,zmq,4059,106500
sample,zmq,4060,95600
sample,zmq,4061,110300
sample,zmq,4062,104000
sample,zmq,4063,83100
sample,zmq,4064,87900
sample,zmq,4065,89200
sample,zmq,4066,67200
sample,zmq,4067,63300
sample,zmq,4068,61800
sample,zmq,4069,61600
sample,zmq,4070,61300
sample,zmq,4071,60900
sample,zmq,4072,61200
sample,zmq,4073,61300
sample,zmq,4074,70300
sample,zmq,4075,68000
sample,zmq,4076,62100
sample,zmq,4077,61600
sample,zmq,4078,60900
sample,zmq,4079,61300
sample,zmq,4080,61200
sample,zmq,4081,60900
sample,zmq,4082,61700
sample,zmq,4083,61100
sample,zmq,4084,63300
sample,zmq,4085,61900
sample,zmq,4086,61000
sample,zmq,4087,61200
sample,zmq,4088,61100
sample,zmq,4089,64200
sample,zmq,4090,61400
sample,zmq,4091,61300
sample,zmq,4092,61300
sample,zmq,4093,61100
sample,zmq,4094,61000
sample,zmq,4095,76300
sample,zmq,4096,80100
sample,zmq,4097,151600
sample,zmq,4098,164700
sample,zmq,4099,293500
sample,zmq,4100,131600
sample,zmq,4101,79600
sample,zmq,4102,65300
sample,zmq,4103,63300
sample,zmq,4104,63000
sample,zmq,4105,62800
sample,zmq,4106,62600
sample,zmq,4107,61400
sample,zmq,4108,61600
sample,zmq,4109,66000
sample,zmq,4110,62000
sample,zmq,4111,64400
sample,zmq,4112,61900
sample,zmq,4113,61900
sample,zmq,4114,62500
sample,zmq,4115,61900
sample,zmq,4116,62100
sample,zmq,4117,61600
sample,zmq,4118,61800
sample,zmq,4119,62200
sample,zmq,4120,61500
sample,zmq,4121,62300
sample,zmq,4122,61900
sample,zmq,4123,64800
sample,zmq,4124,63900
sample,zmq,4125,62100
sample,zmq,4126,62000
sample,zmq,4127,61800
sample,zmq,4128,62300
sample,zmq,4129,62100
sample,zmq,4130,63900
sample,zmq,4131,62200
sample,zmq,4132,61500
sample,zmq,4133,62400
sample,zmq,4134,62900
sample,zmq,4135,68500
sample,zmq,4136,74300
sample,zmq,4137,94100
sample,zmq,4138,75300
sample,zmq,4139,72600
sample,zmq,4140,66600
sample,zmq,4141,63900
sample,zmq,4142,63500
sample,zmq,4143,63100
sample,zmq,4144,62500
sample,zmq,4145,63300
sample,zmq,4146,63200
sample,zmq,4147,62500
sample,zmq,4148,72800
sample,zmq,4149,65700
sample,zmq,4150,67200
sample,zmq,4151,63300
sample,zmq,4152,63200
sample,zmq,4153,62400
sample,zmq,4154,63100
sample,zmq,4155,63800
sample,zmq,4156,63000
sample,zmq,4157,62900
sample,zmq,4158,63600
sample,zmq,4159,62600
sample,zmq,4160,62700
sample,zmq,4161,63800
sample,zmq,4162,62700
sample,zmq,4163,62800
sample,zmq,4164,66500
sample,zmq,4165,68900
sample,zmq,4166,63200
sample,zmq,4167,68800
sample,zmq,4168,65600
sample,zmq,4169,65300
sample,zmq,4170,63400
sample,zmq,4171,68300
sample,zmq,4172,63100
sample,zmq,4173,62800
sample,zmq,4174,68200
sample,zmq,4175,62900
sample,zmq,4176,62500
sample,zmq,4177,67900
sample,zmq,4178,65900
sample,zmq,4179,62900
sample,zmq,4180,62300
sample,zmq,4181,62600
sample,zmq,4182,68300
sample,zmq,4183,67900
sample,zmq,4184,62500
sample,zmq,4185,63100
sample,zmq,4186,68000
sample,zmq,4187,66100
sample,zmq,4188,59500
sample,zmq,4189,58800
sample,zmq,4190,59000
sample,zmq,4191,59100
sample,zmq,4192,61900
sample,zmq,4193,60000
sample,zmq,4194,60000
sample,zmq,4195,58800
sample,zmq,4196,59400
sample,zmq,4197,59400
sample,zmq,4198,64500
sample,zmq,4199,59000
sample,zmq,4200,59100
sample,zmq,4201,58500
sample,zmq,4202,59100
sample,zmq,4203,63400
sample,zmq,4204,59400
sample,zmq,4205,59600
sample,zmq,4206,59300
sample,zmq,4207,61900
sample,zmq,4208,59400
sample,zmq,4209,59600
sample,zmq,4210,59900
sample,zmq,4211,58900
sample,zmq,4212,59100
sample,zmq,4213,58900
sample,zmq,4214,60300
sample,zmq,4215,59300
sample,zmq,4216,58600
sample,zmq,4217,59700
sample,zmq,4218,59900
sample,zmq,4219,59500
sample,zmq,4220,59500
sample,zmq,4221,61500
sample,zmq,4222,61900
sample,zmq,4223,60800
sample,zmq,4224,60200
sample,zmq,4225,59800
sample,zmq,4226,59700
sample,zmq,4227,59900
sample,zmq,4228,59300
sample,zmq,4229,79200
sample,zmq,4230,59500
sample,zmq,4231,59300
sample,zmq,4232,59100
sample,zmq,4233,59800
sample,zmq,4234,58900
sample,zmq,4235,59800
sample,zmq,4236,59600
sample,zmq,4237,63100
sample,zmq,4238,59900
sample,zmq,4239,59400
sample,zmq,4240,59300
sample,zmq,4241,59500
sample,zmq,4242,59200
sample,zmq,4243,59200
sample,zmq,4244,59600
sample,zmq,4245,59700
sample,zmq,4246,59400
sample,zmq,4247,60100
sample,zmq,4248,61200
sample,zmq,4249,85100
sample,zmq,4250,132100
sample,zmq,4251,108900
sample,zmq,4252,67700
sample,zmq,4253,62900
sample,zmq,4254,62000
sample,zmq,4255,65600
sample,zmq,4256,62100
sample,zmq,4257,61000
sample,zmq,4258,61400
sample,zmq,4259,63300
sample,zmq,4260,62200
sample,zmq,4261,61500
sample,zmq,4262,85300
sample,zmq,4263,72900
sample,zmq,4264,127800
sample,zmq,4265,120600
sample,zmq,4266,74100
sample,zmq,4267,67900
sample,zmq,4268,68300
sample,zmq,4269,74100
sample,zmq,4270,68000
sample,zmq,4271,77900
sample,zmq,4272,72500
sample,zmq,4273,67800
sample,zmq,4274,63100
sample,zmq,4275,66700
sample,zmq,4276,61900
sample,zmq,4277,61900
sample,zmq,4278,107700
sample,zmq,4279,120500
sample,zmq,4280,101900
sample,zmq,4281,105200
sample,zmq,4282,72600
sample,zmq,4283,63900
sample,zmq,4284,62800
sample,zmq,4285,62400
sample,zmq,4286,66100
sample,zmq,4287,62600
sample,zmq,4288,62200
sample,zmq,4289,62000
sample,zmq,4290,61500
sample,zmq,4291,62100
sample,zmq,4292,61300
sample,zmq,4293,65000
sample,zmq,4294,62100
sample,zmq,4295,66000
sample,zmq,4296,61900
sample,zmq,4297,61300
sample,zmq,4298,66700
sample,zmq,4299,61400
sample,zmq,4300,64800
sample,zmq,4301,61400
sample,zmq,4302,61500
sample,zmq,4303,72100
sample,zmq,4304,62400
sample,zmq,4305,61800
sample,zmq,4306,61400
sample,zmq,4307,62100
sample,zmq,4308,67200
sample,zmq,4309,61100
sample,zmq,4310,61000
sample,zmq,4311,67200
sample,zmq,4312,61300
sample,zmq,4313,66900
sample,zmq,4314,70700
sample,zmq,4315,62400
sample,zmq,4316,60900
sample,zmq,4317,61000
sample,zmq,4318,67000
sample,zmq,4319,61200
sample,zmq,4320,61300
sample,zmq,4321,66300
sample,zmq,4322,61500
sample,zmq,4323,66100
sample,zmq,4324,61000
sample,zmq,4325,61200
sample,zmq,4326,61000
sample,zmq,4327,65500
sample,zmq,4328,64900
sample,zmq,4329,66400
sample,zmq,4330,61100
sample,zmq,4331,67500
sample,zmq,4332,61300
sample,zmq,4333,61500
sample,zmq,4334,67300
sample,zmq,4335,61500
sample,zmq,4336,61000
sample,zmq,4337,60900
sample,zmq,4338,64600
sample,zmq,4339,67400
sample,zmq,4340,60700
sample,zmq,4341,61500
sample,zmq,4342,65000
sample,zmq,4343,61300
sample,zmq,4344,62000
sample,zmq,4345,61100
sample,zmq,4346,66500
sample,zmq,4347,67600
sample,zmq,4348,61000
sample,zmq,4349,60800
sample,zmq,4350,61300
sample,zmq,4351,67000
sample,zmq,4352,77000
sample,zmq,4353,66100
sample,zmq,4354,66400
sample,zmq,4355,61200
sample,zmq,4356,65000
sample,zmq,4357,67100
sample,zmq,4358,61900
sample,zmq,4359,62300
sample,zmq,4360,66700
sample,zmq,4361,63600
sample,zmq,4362,64700
sample,zmq,4363,61500
sample,zmq,4364,67200
sample,zmq,4365,61700
sample,zmq,4366,61600
sample,zmq,4367,61100
sample,zmq,4368,61700
sample,zmq,4369,62200
sample,zmq,4370,64400
sample,zmq,4371,61400
sample,zmq,4372,67400
sample,zmq,4373,71200
sample,zmq,4374,61000
sample,zmq,4375,62000
sample,zmq,4376,61200
sample,zmq,4377,66600
sample,zmq,4378,61200
sample,zmq,4379,66900
sample,zmq,4380,67400
sample,zmq,4381,61200
sample,zmq,4382,61100
sample,zmq,4383,61200
sample,zmq,4384,64400
sample,zmq,4385,62200
sample,zmq,4386,73600
sample,zmq,4387,61000
sample,zmq,4388,60400
sample,zmq,4389,62100
sample,zmq,4390,60000
sample,zmq,4391,60300
sample,zmq,4392,60100
sample,zmq,4393,60100
sample,zmq,4394,59300
sample,zmq,4395,59800
sample,zmq,4396,59700
sample,zmq,4397,59800
sample,zmq,4398,60000
sample,zmq,4399,66100
sample,zmq,4400,106300
sample,zmq,4401,60300
sample,zmq,4402,59300
sample,zmq,4403,59900
sample,zmq,4404,59100
sample,zmq,4405,59300
sample,zmq,4406,66200
sample,zmq,4407,82200
sample,zmq,4408,63700
sample,zmq,4409,60100
sample,zmq,4410,59300
sample,zmq,4411,65700
sample,zmq,4412,59600
sample,zmq,4413,58800
sample,zmq,4414,59600
sample,zmq,4415,59200
sample,zmq,4416,58600
sample,zmq,4417,59100
sample,zmq,4418,59200
sample,zmq,4419,58600
sample,zmq,4420,58800
sample,zmq,4421,59700
sample,zmq,4422,59300
sample,zmq,4423,59600
sample,zmq,4424,59000
sample,zmq,4425,59900
sample,zmq,4426,62700
sample,zmq,4427,59300
sample,zmq,4428,59000
sample,zmq,4429,59700
sample,zmq,4430,59000
sample,zmq,4431,59400
sample,zmq,4432,62000
sample,zmq,4433,59500
sample,zmq,4434,59000
sample,zmq,4435,59100
sample,zmq,4436,58900
sample,zmq,4437,59000
sample,zmq,4438,59200
sample,zmq,4439,59100
sample,zmq,4440,58800
sample,zmq,4441,63100
sample,zmq,4442,60300
sample,zmq,4443,59400
sample,zmq,4444,59700
sample,zmq,4445,59400
sample,zmq,4446,61600
sample,zmq,4447,60000
sample,zmq,4448,59500
sample,zmq,4449,59400
sample,zmq,4450,59500
sample,zmq,4451,60100
sample,zmq,4452,66400
sample,zmq,4453,68300
sample,zmq,4454,106800
sample,zmq,4455,114800
sample,zmq,4456,126400
sample,zmq,4457,147800
sample,zmq,4458,103700
sample,zmq,4459,101700
sample,zmq,4460,65900
sample,zmq,4461,78500
sample,zmq,4462,75900
sample,zmq,4463,80100
sample,zmq,4464,85700
sample,zmq,4465,105600
sample,zmq,4466,65100
sample,zmq,4467,60400
sample,zmq,4468,60300
sample,zmq,4469,59800
sample,zmq,4470,59600
sample,zmq,4471,60000
sample,zmq,4472,59800
sample,zmq,4473,59400
sample,zmq,4474,56000
sample,zmq,4475,153400
sample,zmq,4476,155100
sample,zmq,4477,157100
sample,zmq,4478,99600
sample,zmq,4479,74500
sample,zmq,4480,77500
sample,zmq,4481,66000
sample,zmq,4482,67400
sample,zmq,4483,73600
sample,zmq,4484,80200
sample,zmq,4485,73800
sample,zmq,4486,91100
sample,zmq,4487,94100
sample,zmq,4488,86600
sample,zmq,4489,87900
sample,zmq,4490,177900
sample,zmq,4491,130300
sample,zmq,4492,115800
sample,zmq,4493,75200
sample,zmq,4494,62500
sample,zmq,4495,61100
sample,zmq,4496,60500
sample,zmq,4497,60400
sample,zmq,4498,96900
sample,zmq,4499,89800
sample,zmq,4500,79600
sample,zmq,4501,73600
sample,zmq,4502,65700
sample,zmq,4503,61100
sample,zmq,4504,63800
sample,zmq,4505,59900
sample,zmq,4506,60000
sample,zmq,4507,60300
sample,zmq,4508,60400
sample,zmq,4509,59800
sample,zmq,4510,59400
sample,zmq,4511,59100
sample,zmq,4512,59800
sample,zmq,4513,62700
sample,zmq,4514,60300
sample,zmq,4515,59900
sample,zmq,4516,59200
sample,zmq,4517,59300
sample,zmq,4518,59700
sample,zmq,4519,63200
sample,zmq,4520,59900
sample,zmq,4521,59800
sample,zmq,4522,59500
sample,zmq,4523,59200
sample,zmq,4524,59600
sample,zmq,4525,59500
sample,zmq,4526,59400
sample,zmq,4527,65000
sample,zmq,4528,61100
sample,zmq,4529,60200
sample,zmq,4530,66000
sample,zmq,4531,60900
sample,zmq,4532,60000
sample,zmq,4533,59800
sample,zmq,4534,63500
sample,zmq,4535,59700
sample,zmq,4536,60600
sample,zmq,4537,59700
sample,zmq,4538,60300
sample,zmq,4539,59600
sample,zmq,4540,59700
sample,zmq,4541,90400
sample,zmq,4542,85300
sample,zmq,4543,74800
sample,zmq,4544,85700
sample,zmq,4545,73300
sample,zmq,4546,82300
sample,zmq,4547,121000
sample,zmq,4548,91100
sample,zmq,4549,76500
sample,zmq,4550,76800
sample,zmq,4551,66000
sample,zmq,4552,61300
sample,zmq,4553,61000
sample,zmq,4554,60500
sample,zmq,4555,60700
sample,zmq,4556,60700
sample,zmq,4557,60400
sample,zmq,4558,60500
sample,zmq,4559,60600
sample,zmq,4560,64900
sample,zmq,4561,60600
sample,zmq,4562,60300
sample,zmq,4563,60500
sample,zmq,4564,60900
sample,zmq,4565,61400
sample,zmq,4566,60600
sample,zmq,4567,60500
sample,zmq,4568,60500
sample,zmq,4569,61500
sample,zmq,4570,60500
sample,zmq,4571,60900
sample,zmq,4572,60700
sample,zmq,4573,60400
sample,zmq,4574,60500
sample,zmq,4575,64400
sample,zmq,4576,61700
sample,zmq,4577,61100
sample,zmq,4578,61700
sample,zmq,4579,60400
sample,zmq,4580,61800
sample,zmq,4581,60900
sample,zmq,4582,63500
sample,zmq,4583,63600
sample,zmq,4584,61300
sample,zmq,4585,60900
sample,zmq,4586,60900
sample,zmq,4587,61000
sample,zmq,4588,60700
sample,zmq,4589,65600
sample,zmq,4590,62300
sample,zmq,4591,61700
sample,zmq,4592,59900
sample,zmq,4593,62500
sample,zmq,4594,61200
sample,zmq,4595,66700
sample,zmq,4596,67000
sample,zmq,4597,60900
sample,zmq,4598,61600
sample,zmq,4599,61700
sample,zmq,4600,67100
sample,zmq,4601,67600
sample,zmq,4602,63700
sample,zmq,4603,64600
sample,zmq,4604,62100
sample,zmq,4605,67400
sample,zmq,4606,73300
sample,zmq,4607,61500
sample,zmq,4608,61600
sample,zmq,4609,60900
sample,zmq,4610,64500
sample,zmq,4611,61100
sample,zmq,4612,61400
sample,zmq,4613,61500
sample,zmq,4614,64700
sample,zmq,4615,61800
sample,zmq,4616,67100
sample,zmq,4617,67000
sample,zmq,4618,64000
sample,zmq,4619,71400
sample,zmq,4620,66700
sample,zmq,4621,67000
sample,zmq,4622,61300
sample,zmq,4623,67400
sample,zmq,4624,60800
sample,zmq,4625,61600
sample,zmq,4626,61500
sample,zmq,4627,61500
sample,zmq,4628,66900
sample,zmq,4629,61300
sample,zmq,4630,61100
sample,zmq,4631,66300
sample,zmq,4632,68000
sample,zmq,4633,88300
sample,zmq,4634,122900
sample,zmq,4635,124400
sample,zmq,4636,111400
sample,zmq,4637,98800
sample,zmq,4638,111500
sample,zmq,4639,100400
sample,zmq,4640,74700
sample,zmq,4641,64700
sample,zmq,4642,63100
sample,zmq,4643,73100
sample,zmq,4644,107300
sample,zmq,4645,68300
sample,zmq,4646,64600
sample,zmq,4647,63500
sample,zmq,4648,63100
sample,zmq,4649,110600
sample,zmq,4650,102900
sample,zmq,4651,97800
sample,zmq,4652,73500
sample,zmq,4653,67800
sample,zmq,4654,64400
sample,zmq,4655,64200
sample,zmq,4656,67400
sample,zmq,4657,75200
sample,zmq,4658,63200
sample,zmq,4659,75200
sample,zmq,4660,78800
sample,zmq,4661,66800
sample,zmq,4662,62400
sample,zmq,4663,61400
sample,zmq,4664,64900
sample,zmq,4665,61000
sample,zmq,4666,60300
sample,zmq,4667,73000
sample,zmq,4668,60400
sample,zmq,4669,60000
sample,zmq,4670,60200
sample,zmq,4671,60200
sample,zmq,4672,61100
sample,zmq,4673,60500
sample,zmq,4674,59900
sample,zmq,4675,59900
sample,zmq,4676,61800
sample,zmq,4677,60300
sample,zmq,4678,60400
sample,zmq,4679,64100
sample,zmq,4680,60100
sample,zmq,4681,60500
sample,zmq,4682,60400
sample,zmq,4683,60400
sample,zmq,4684,60100
sample,zmq,4685,60200
sample,zmq,4686,59900
sample,zmq,4687,60100
sample,zmq,4688,60400
sample,zmq,4689,62600
sample,zmq,4690,60500
sample,zmq,4691,60500
sample,zmq,4692,60500
sample,zmq,4693,60700
sample,zmq,4694,64800
sample,zmq,4695,69700
sample,zmq,4696,61000
sample,zmq,4697,60300
sample,zmq,4698,60600
sample,zmq,4699,61200
sample,zmq,4700,61500
sample,zmq,4701,61100
sample,zmq,4702,63100
sample,zmq,4703,62400
sample,zmq,4704,60800
sample,zmq,4705,61700
sample,zmq,4706,61100
sample,zmq,4707,60800
sample,zmq,4708,64800
sample,zmq,4709,63100
sample,zmq,4710,60900
sample,zmq,4711,61800
sample,zmq,4712,61500
sample,zmq,4713,60600
sample,zmq,4714,61400
sample,zmq,4715,61600
sample,zmq,4716,60600
sample,zmq,4717,62200
sample,zmq,4718,61200
sample,zmq,4719,62200
sample,zmq,4720,61600
sample,zmq,4721,61300
sample,zmq,4722,64100
sample,zmq,4723,61900
sample,zmq,4724,61500
sample,zmq,4725,61400
sample,zmq,4726,62200
sample,zmq,4727,62000
sample,zmq,4728,64700
sample,zmq,4729,69900
sample,zmq,4730,80600
sample,zmq,4731,62800
sample,zmq,4732,61600
sample,zmq,4733,62000
sample,zmq,4734,61000
sample,zmq,4735,67400
sample,zmq,4736,81800
sample,zmq,4737,93400
sample,zmq,4738,72300
sample,zmq,4739,62800
sample,zmq,4740,61300
sample,zmq,4741,62000
sample,zmq,4742,67400
sample,zmq,4743,62400
sample,zmq,4744,67200
sample,zmq,4745,67300
sample,zmq,4746,61300
sample,zmq,4747,62200
sample,zmq,4748,61900
sample,zmq,4749,65700
sample,zmq,4750,61800
sample,zmq,4751,61200
sample,zmq,4752,63100
sample,zmq,4753,61300
sample,zmq,4754,66300
sample,zmq,4755,61200
sample,zmq,4756,61400
sample,zmq,4757,61900
sample,zmq,4758,63600
sample,zmq,4759,62100
sample,zmq,4760,61100
sample,zmq,4761,61000
sample,zmq,4762,63800
sample,zmq,4763,64400
sample,zmq,4764,67800
sample,zmq,4765,61400
sample,zmq,4766,61100
sample,zmq,4767,61200
sample,zmq,4768,67100
sample,zmq,4769,60900
sample,zmq,4770,60800
sample,zmq,4771,61700
sample,zmq,4772,67200
sample,zmq,4773,64700
sample,zmq,4774,61600
sample,zmq,4775,61300
sample,zmq,4776,61600
sample,zmq,4777,65300
sample,zmq,4778,67900
sample,zmq,4779,61900
sample,zmq,4780,66800
sample,zmq,4781,89400
sample,zmq,4782,61100
sample,zmq,4783,61500
sample,zmq,4784,67100
sample,zmq,4785,60700
sample,zmq,4786,61200
sample,zmq,4787,60900
sample,zmq,4788,69100
sample,zmq,4789,61100
sample,zmq,4790,60900
sample,zmq,4791,64400
sample,zmq,4792,61100
sample,zmq,4793,61000
sample,zmq,4794,65700
sample,zmq,4795,65400
sample,zmq,4796,60900
sample,zmq,4797,66900
sample,zmq,4798,61300
sample,zmq,4799,61100
sample,zmq,4800,60800
sample,zmq,4801,67200
sample,zmq,4802,64800
sample,zmq,4803,61300
sample,zmq,4804,65300
sample,zmq,4805,64500
sample,zmq,4806,61000
sample,zmq,4807,66700
sample,zmq,4808,60800
sample,zmq,4809,60700
sample,zmq,4810,61000
sample,zmq,4811,61000
sample,zmq,4812,65800
sample,zmq,4813,61500
sample,zmq,4814,60800
sample,zmq,4815,60700
sample,zmq,4816,60900
sample,zmq,4817,70500
sample,zmq,4818,139400
sample,zmq,4819,131600
sample,zmq,4820,75700
sample,zmq,4821,91000
sample,zmq,4822,75800
sample,zmq,4823,64200
sample,zmq,4824,61400
sample,zmq,4825,60800
sample,zmq,4826,60600
sample,zmq,4827,60400
sample,zmq,4828,60600
sample,zmq,4829,60800
sample,zmq,4830,79200
sample,zmq,4831,80200
sample,zmq,4832,65700
sample,zmq,4833,61900
sample,zmq,4834,60800
sample,zmq,4835,60600
sample,zmq,4836,60400
sample,zmq,4837,60100
sample,zmq,4838,60400
sample,zmq,4839,60100
sample,zmq,4840,69200
sample,zmq,4841,104100
sample,zmq,4842,106300
sample,zmq,4843,120200
sample,zmq,4844,115000
sample,zmq,4845,144100
sample,zmq,4846,107900
sample,zmq,4847,89800
sample,zmq,4848,106900
sample,zmq,4849,115700
sample,zmq,4850,108700
sample,zmq,4851,98200
sample,zmq,4852,110600
sample,zmq,4853,169100
sample,zmq,4854,94400
sample,zmq,4855,100100
sample,zmq,4856,87200
sample,zmq,4857,64800
sample,zmq,4858,61900
sample,zmq,4859,64400
sample,zmq,4860,61300
sample,zmq,4861,74100
sample,zmq,4862,60200
sample,zmq,4863,60400
sample,zmq,4864,60000
sample,zmq,4865,59900
sample,zmq,4866,59900
sample,zmq,4867,60500
sample,zmq,4868,86000
sample,zmq,4869,64200
sample,zmq,4870,61300
sample,zmq,4871,97600
sample,zmq,4872,94600
sample,zmq,4873,71400
sample,zmq,4874,62800
sample,zmq,4875,61000
sample,zmq,4876,67500
sample,zmq,4877,81200
sample,zmq,4878,75300
sample,zmq,4879,149200
sample,zmq,4880,97300
sample,zmq,4881,96300
sample,zmq,4882,123500
sample,zmq,4883,93500
sample,zmq,4884,65900
sample,zmq,4885,64300
sample,zmq,4886,62700
sample,zmq,4887,65000
sample,zmq,4888,62500
sample,zmq,4889,67000
sample,zmq,4890,61800
sample,zmq,4891,61300
sample,zmq,4892,64600
sample,zmq,4893,64200
sample,zmq,4894,64100
sample,zmq,4895,62600
sample,zmq,4896,62400
sample,zmq,4897,67600
sample,zmq,4898,61800
sample,zmq,4899,60700
sample,zmq,4900,131700

section,path,count,p50_ns,p95_ns,p99_ns,mean_ns
SUMMARY,shm,4900,36000,84820,131635,44932.10
SUMMARY,zmq,4900,61000,113205,157900,69844.57

COMPARE,zmq_p50_over_shm_p50,,1.6944,,,
